_oci_row_id,treatment,outcome,propensity,outcome_prediction,effect_eligible,estimated_cate,lower_95,upper_95,true_ite_prob,method,seed,cohort,analysis_unit,mu0,mu1,aipw_score,estimated_cate_lower_95,estimated_cate_upper_95,estimated_cate_standard_error
5,1.0,1.0,0.6377114402121038,0.34254974755376194,True,-0.016393073269723838,-0.18584355820411624,0.15305741166466855,0.29544125881310984,matched_224,120042,fixed_180,,,,,,,
12,0.0,1.0,0.40864594703941975,0.30002689738786964,True,-0.014999920531327569,-0.12298191329032118,0.09298207222766602,-0.1020346687031714,matched_224,120042,fixed_180,,,,,,,
15,1.0,0.0,0.5202019068490832,0.11807387106554294,True,-0.061841716627931004,-0.16993970842887873,0.046256275173016684,-0.003080297422145953,matched_224,120042,fixed_180,,,,,,,
30,0.0,0.0,0.5746897562690604,0.24295906763714584,True,-0.044012609512357054,-0.22149658341957654,0.13347136439486237,-0.15824629257148742,matched_224,120042,fixed_180,,,,,,,
39,1.0,0.0,0.6048933776872666,0.3441516064005722,True,-0.05850795266632789,-0.1689704031767359,0.05195449784408011,-0.0787740414269622,matched_224,120042,fixed_180,,,,,,,
40,0.0,0.0,0.3543801765148926,0.35057432062020416,True,-0.041524468526331106,-0.1548567058902152,0.07180776883755297,0.060474988513839145,matched_224,120042,fixed_180,,,,,,,
43,1.0,0.0,0.7309350546172592,0.38618933830050256,True,-0.024898950124179614,-0.20231655541925142,0.15251865517089214,-0.19702180525731344,matched_224,120042,fixed_180,,,,,,,
45,0.0,0.0,0.2877857978025763,0.3689753372039217,True,-0.0629329777374483,-0.16024436893114646,0.03437841345624987,0.13139903885494988,matched_224,120042,fixed_180,,,,,,,
48,1.0,1.0,0.4640558918721573,0.5888245392655549,True,-0.044095934808064216,-0.16191167288577712,0.07371980326964866,-0.02351093248221392,matched_224,120042,fixed_180,,,,,,,
63,1.0,0.0,0.493740643635318,0.20164355626544486,True,-0.06118273527173839,-0.17960248184664546,0.057237011303168654,-0.08061850681857732,matched_224,120042,fixed_180,,,,,,,
67,1.0,1.0,0.4135078007326209,0.532633707078535,True,-0.09132873038288075,-0.17695221107640388,-0.005705249689357636,-0.4040936263411786,matched_224,120042,fixed_180,,,,,,,
69,0.0,0.0,0.46600337273861786,0.48630868982475617,True,-0.0508597501309228,-0.17782696350348914,0.0761074632416435,-0.2535047085663173,matched_224,120042,fixed_180,,,,,,,
72,1.0,0.0,0.5908011295185976,0.3649110295452353,True,-0.011218958062971178,-0.10790092184268563,0.08546300571674323,0.03393963416448598,matched_224,120042,fixed_180,,,,,,,
75,1.0,0.0,0.8971971121686327,0.590906090484836,True,-0.00954120918515669,-0.14203270919151087,0.12295029082119746,-0.21905044290968123,matched_224,120042,fixed_180,,,,,,,
93,0.0,1.0,0.23435593073816172,0.3708737195266814,True,-0.06679094541206736,-0.1609856029254792,0.027403712101344485,-0.24763340158643393,matched_224,120042,fixed_180,,,,,,,
115,0.0,0.0,0.417662784829503,0.3560754401295836,True,-0.042280749609787595,-0.1710246592436782,0.08646316002410301,-0.036066766855671034,matched_224,120042,fixed_180,,,,,,,
116,0.0,1.0,0.2300810466125331,0.24524587329350514,True,-0.06937582348878843,-0.20550386437803536,0.06675221740045847,-0.014342061446469406,matched_224,120042,fixed_180,,,,,,,
121,1.0,0.0,0.829551555662928,0.5644650903605791,True,-0.06595043180586656,-0.20357895950306493,0.07167809589133177,-0.578150415838105,matched_224,120042,fixed_180,,,,,,,
122,1.0,0.0,0.6628130336914178,0.16757719199669627,True,-0.06401237409395454,-0.16840957725923583,0.04038482907132675,-0.1662835077113541,matched_224,120042,fixed_180,,,,,,,
123,0.0,1.0,0.39744562120923743,0.39243083175848403,True,-0.06580333541425232,-0.14703460451250855,0.0154279336840039,0.03246765507545743,matched_224,120042,fixed_180,,,,,,,
126,0.0,0.0,0.2904388139791195,0.3909132072928165,True,-0.08760711410097811,-0.2478582806798405,0.07264405247788426,-0.3010231687743369,matched_224,120042,fixed_180,,,,,,,
130,0.0,0.0,0.26863216138852986,0.21849460988274513,True,-0.06350876821845979,-0.2218674352585277,0.09484989882160812,0.006309753656425152,matched_224,120042,fixed_180,,,,,,,
137,0.0,0.0,0.19104229057139868,0.136704195001431,True,-0.0754620797267,-0.15154015613406757,0.0006159966806675576,-0.035394603233024145,matched_224,120042,fixed_180,,,,,,,
145,1.0,0.0,0.4660143956373304,0.44212132263226617,True,-0.005471943051831662,-0.14779480549507593,0.13685091939141258,-0.33769143797714973,matched_224,120042,fixed_180,,,,,,,
151,0.0,1.0,0.5191771574449675,0.4662585530143542,True,0.005369546857910572,-0.1368737533541949,0.14761284707001604,-0.31487008056515453,matched_224,120042,fixed_180,,,,,,,
162,0.0,0.0,0.5856731783723788,0.5989655969474362,True,-0.04154219890287421,-0.23369471884697535,0.1506103210412269,-0.1770906937214045,matched_224,120042,fixed_180,,,,,,,
167,0.0,1.0,0.6272436550256896,0.707639467658466,True,-0.05495920387649795,-0.18757021404141264,0.07765180628841672,0.060419762402974864,matched_224,120042,fixed_180,,,,,,,
169,1.0,1.0,0.718421807752594,0.8744463758885973,True,-0.06478270192178907,-0.1474607548068319,0.01789535096325373,-0.059438745764093026,matched_224,120042,fixed_180,,,,,,,
180,1.0,1.0,0.8672668628184429,0.5657293381904667,True,-0.03589173518130823,-0.1569603268862934,0.08517685652367693,0.07214620573564456,matched_224,120042,fixed_180,,,,,,,
186,1.0,0.0,0.5911390146431826,0.5179879989770028,True,-0.05703427757776765,-0.1920800721450151,0.07801151698947976,-0.34838730337294177,matched_224,120042,fixed_180,,,,,,,
193,0.0,0.0,0.40023106047420476,0.1550758670471376,True,-0.04636705185172446,-0.1330952374797849,0.04036113377633596,-0.07790570380726344,matched_224,120042,fixed_180,,,,,,,
196,0.0,0.0,0.4779684453454312,0.4063942925546509,True,0.007204072115880504,-0.0992608669258195,0.11366901115758048,0.18500422317417548,matched_224,120042,fixed_180,,,,,,,
198,0.0,0.0,0.14587366590344183,0.3168318250125152,True,-0.07919012411530348,-0.15018004793092804,-0.008200200299678911,-0.09796041668062988,matched_224,120042,fixed_180,,,,,,,
205,1.0,1.0,0.889667935890094,0.4157414662695457,True,-0.052057421351377794,-0.14950643603186226,0.04539159332910664,0.10039000345163385,matched_224,120042,fixed_180,,,,,,,
208,1.0,1.0,0.37917397054309765,0.6227098092939151,True,-0.013686739499658174,-0.1290459992667697,0.10167252026745334,-0.38364186382161225,matched_224,120042,fixed_180,,,,,,,
211,0.0,0.0,0.231401125726331,0.22905857404779453,True,-0.0703390781630698,-0.16160356952481678,0.020925413198677162,0.039362356322426656,matched_224,120042,fixed_180,,,,,,,
229,0.0,0.0,0.35491053100236486,0.18642819332391197,True,-0.0735662619602723,-0.1562450300667914,0.009112506146246813,-0.0181111175885878,matched_224,120042,fixed_180,,,,,,,
237,0.0,1.0,0.3187585270756577,0.6861105920384603,True,-0.03651472696916551,-0.12880342262577832,0.05577396868744726,0.014677238537030401,matched_224,120042,fixed_180,,,,,,,
241,1.0,0.0,0.33880276994038705,0.4470269612145222,True,-0.053749137594360535,-0.15378053077862835,0.046282255589907284,-0.2359562924134932,matched_224,120042,fixed_180,,,,,,,
250,1.0,1.0,0.8428866494274864,0.703627059039757,True,-0.0701013422332415,-0.15670748025994646,0.016504795793463423,-0.14381661120733635,matched_224,120042,fixed_180,,,,,,,
254,0.0,1.0,0.20839292854203073,0.24099446092279211,True,-0.07847931350588302,-0.21345242394739897,0.05649379693563289,0.11029612787953566,matched_224,120042,fixed_180,,,,,,,
261,0.0,0.0,0.25783316789758004,0.1812073244799295,True,-0.0012700257448624206,-0.1322684170918138,0.12972836560208892,0.31285754382566056,matched_224,120042,fixed_180,,,,,,,
264,1.0,1.0,0.5133701154893368,0.5783417591739412,True,-0.07189947453648457,-0.24408346795987623,0.10028451888690706,0.10130985419071503,matched_224,120042,fixed_180,,,,,,,
265,0.0,0.0,0.4673440107611287,0.3563794093146026,True,-0.07026730504055323,-0.1839081868283288,0.04337357674722231,-0.19966649402570194,matched_224,120042,fixed_180,,,,,,,
270,0.0,0.0,0.34874073775724557,0.20171397701955088,True,-0.023536140341492123,-0.1144748449311103,0.06740256424812605,-0.05981133747776573,matched_224,120042,fixed_180,,,,,,,
271,1.0,0.0,0.8208015211662028,0.8654343342544495,True,-0.060802051721720825,-0.1599969051004003,0.038392801656958624,-0.027407061388611043,matched_224,120042,fixed_180,,,,,,,
277,1.0,1.0,0.8458274757149049,0.5796784555469318,True,0.02019536612061848,-0.14532708353066737,0.1857178157719043,0.19707323380293573,matched_224,120042,fixed_180,,,,,,,
282,0.0,0.0,0.4968539889905682,0.48950108386632263,True,-0.039301202728538626,-0.1458949171104753,0.06729251165339803,0.2904593735133494,matched_224,120042,fixed_180,,,,,,,
284,0.0,1.0,0.26169668314489575,0.48044735559495144,True,-0.04531282426361549,-0.16559264662942005,0.07496699810218904,0.18518688543613304,matched_224,120042,fixed_180,,,,,,,
288,1.0,0.0,0.7511605014707504,0.5824804714021297,True,-0.03877421574350471,-0.1916084346711795,0.11406000318417006,0.004640120746827181,matched_224,120042,fixed_180,,,,,,,
294,1.0,1.0,0.8164796270017057,0.49031264913350026,True,-0.052579893224286404,-0.19247781694136643,0.08731803049279357,-0.34951026332690505,matched_224,120042,fixed_180,,,,,,,
318,0.0,0.0,0.6636540076542939,0.5705544669325786,True,-0.0418104058656864,-0.12624300532738753,0.042622193596014706,-0.20199985734703257,matched_224,120042,fixed_180,,,,,,,
319,1.0,1.0,0.8930296774091446,0.7555478412559756,True,-0.021601355733822748,-0.10577887038753625,0.06257615891989074,0.04278373950332526,matched_224,120042,fixed_180,,,,,,,
328,0.0,1.0,0.39432924248177276,0.18948303187203663,True,-0.04603044010554969,-0.12941713121995202,0.03735625100885261,0.10327243996857394,matched_224,120042,fixed_180,,,,,,,
334,0.0,0.0,0.32003853805723764,0.2875355167491368,True,-0.05088721493104744,-0.1354705666831035,0.0336961368210086,-0.1484375342195409,matched_224,120042,fixed_180,,,,,,,
339,0.0,1.0,0.6907306329755005,0.5644583916735121,True,-0.11244332833283505,-0.2124283436626181,-0.01245831300305203,-0.04096418254395162,matched_224,120042,fixed_180,,,,,,,
343,1.0,1.0,0.7122793784860058,0.5155210187085154,True,-0.055300997837386574,-0.1571208734344767,0.04651887775970353,-0.252500407706424,matched_224,120042,fixed_180,,,,,,,
346,0.0,0.0,0.4668878241550569,0.33951763988107997,True,-0.022551659614751765,-0.1427996945310297,0.09769637530152614,0.021257549177203516,matched_224,120042,fixed_180,,,,,,,
347,0.0,1.0,0.20263826870260368,0.2637419376444213,True,-0.05069243617700344,-0.12970957713203568,0.02832470477802878,0.0718545920669893,matched_224,120042,fixed_180,,,,,,,
349,0.0,1.0,0.7980010545149436,0.6771543356924604,True,-0.040313679077902086,-0.12550774526784986,0.04488038711204568,0.03268878550218324,matched_224,120042,fixed_180,,,,,,,
354,1.0,0.0,0.532805219686784,0.2924577715670299,True,-0.018173865045178036,-0.13414408156640711,0.09779635147605102,-0.14297135067526034,matched_224,120042,fixed_180,,,,,,,
357,1.0,1.0,0.6408274001124588,0.2999253159315922,True,-0.08393281118970022,-0.18395186638915234,0.01608624400975185,0.1013446835796018,matched_224,120042,fixed_180,,,,,,,
360,1.0,0.0,0.3477877504865826,0.3387807653978252,True,-0.019643718167853576,-0.16079224546260906,0.1215048091269019,-0.20995476861796994,matched_224,120042,fixed_180,,,,,,,
361,0.0,0.0,0.29661108176182654,0.23059339157774011,True,-0.04111739720602126,-0.20536996295050464,0.12313516853846207,-0.0406445885166562,matched_224,120042,fixed_180,,,,,,,
365,1.0,0.0,0.6049751553904226,0.2863717839207137,True,-0.09818150975393955,-0.20268252066052372,0.00631950115264461,-0.3344524588585174,matched_224,120042,fixed_180,,,,,,,
368,1.0,0.0,0.6849883638981021,0.32733973117530735,True,-0.046004586931440015,-0.19525763773940918,0.10324846387652911,-0.05427466854280549,matched_224,120042,fixed_180,,,,,,,
370,1.0,0.0,0.19790340240759838,0.10800260009836761,True,-0.050861322562802694,-0.14900526663809643,0.047282621512491005,-0.11224918810400103,matched_224,120042,fixed_180,,,,,,,
380,0.0,1.0,0.7471666727680591,0.4674264398886901,True,-0.07428795048486482,-0.17723240467130735,0.028656503701577685,-0.4595323870462047,matched_224,120042,fixed_180,,,,,,,
384,1.0,1.0,0.6900728481780237,0.5112597274821526,True,-0.05686991017147124,-0.22283958070108378,0.10909976035814126,0.0703099140074529,matched_224,120042,fixed_180,,,,,,,
392,1.0,1.0,0.7956043945971023,0.7308406047876336,True,-0.03683835345166714,-0.16317516775604957,0.08949846085271526,0.0859568948245617,matched_224,120042,fixed_180,,,,,,,
398,0.0,1.0,0.3206138626697417,0.45685223927714724,True,-0.058813388694992454,-0.17167524352263602,0.054048466132651095,-0.3498504475078327,matched_224,120042,fixed_180,,,,,,,
409,0.0,0.0,0.18337791691798333,0.4439000770292082,True,-0.028043678317423933,-0.13217933254607703,0.07609197591122914,0.14554265152238055,matched_224,120042,fixed_180,,,,,,,
422,1.0,1.0,0.4374280553015159,0.34871246199525907,True,-0.0073933596472384065,-0.1344509423246428,0.11966422303016595,0.04875396248008518,matched_224,120042,fixed_180,,,,,,,
424,1.0,0.0,0.6770097302582416,0.7052642761137701,True,-0.08355482848660226,-0.17500773517880078,0.007898078205596237,-0.411950972386599,matched_224,120042,fixed_180,,,,,,,
431,1.0,1.0,0.4372491262168222,0.6279412483546116,True,-0.06003202673435346,-0.21244788007766954,0.0923838266089626,-0.32665406706368566,matched_224,120042,fixed_180,,,,,,,
433,0.0,0.0,0.10525170726096475,0.10427304962006238,True,-0.05720048689966995,-0.1998992087049355,0.08549823490559555,-0.03402153155820689,matched_224,120042,fixed_180,,,,,,,
435,0.0,1.0,0.4409894527049854,0.6729711349557012,True,-0.04256945413129815,-0.17603881931336726,0.09089991105077094,-0.10742312894197681,matched_224,120042,fixed_180,,,,,,,
446,1.0,0.0,0.2790381570542702,0.16375999330593335,True,-0.06096353291048799,-0.22811650856525184,0.10618944274427582,-0.06432527410523083,matched_224,120042,fixed_180,,,,,,,
447,1.0,1.0,0.536835214889051,0.5503554221394807,True,-0.04857801194228433,-0.14166061995657506,0.04450459607200639,0.034144994760945346,matched_224,120042,fixed_180,,,,,,,
451,1.0,1.0,0.7690955084071955,0.6112206494377056,True,-0.053052903817596926,-0.14299084214525706,0.036885034510063204,-0.17663563846118313,matched_224,120042,fixed_180,,,,,,,
460,1.0,0.0,0.39094770965443404,0.27994469973743064,True,-0.014367888926228742,-0.2416601327547772,0.21292435490231965,-0.15089969081385596,matched_224,120042,fixed_180,,,,,,,
462,0.0,0.0,0.4757820881301206,0.3798226570352518,True,-0.01795526535370699,-0.19499044612536293,0.15907991541794894,-0.02877369342676961,matched_224,120042,fixed_180,,,,,,,
465,0.0,1.0,0.4312755600906261,0.6491876730428766,True,-0.038703136259107415,-0.18007199234874172,0.10266571983052684,-0.07352311822592295,matched_224,120042,fixed_180,,,,,,,
467,0.0,0.0,0.2562069965782711,0.26684038260745196,True,-0.08636041453023166,-0.2022302686931202,0.029509439632656842,0.18109530692018136,matched_224,120042,fixed_180,,,,,,,
468,1.0,0.0,0.44882293786932376,0.4590625162462623,True,-0.08479410852560683,-0.2285931560552048,0.05900493900399113,-0.36394341785118856,matched_224,120042,fixed_180,,,,,,,
474,0.0,0.0,0.4334979519869535,0.38280401600429703,True,-0.009371878381768832,-0.13202067627325084,0.11327691950971316,0.27024214191256124,matched_224,120042,fixed_180,,,,,,,
478,1.0,0.0,0.5739982744039367,0.2947270948162633,True,-0.06181638201924992,-0.15516880976714748,0.03153604572864762,-0.14113139488284232,matched_224,120042,fixed_180,,,,,,,
481,0.0,1.0,0.5087083360409932,0.40825501741027925,True,-0.05678745663707053,-0.18217030913975674,0.06859539586561567,0.24256774419822325,matched_224,120042,fixed_180,,,,,,,
486,1.0,1.0,0.7441202307802978,0.6148549412893181,True,-0.10318543105703785,-0.1889391494114322,-0.017431712702643543,-0.6892153014395378,matched_224,120042,fixed_180,,,,,,,
487,1.0,1.0,0.8467975192157075,0.5866738910251524,True,-0.040029296299434074,-0.15452197874535928,0.07446338614649112,-0.028156691615068175,matched_224,120042,fixed_180,,,,,,,
498,0.0,0.0,0.3020648921646804,0.1979830251548477,True,-0.09569636532993321,-0.19617335799189659,0.004780627332030135,-0.1062618189134249,matched_224,120042,fixed_180,,,,,,,
503,0.0,0.0,0.3446948747805175,0.2658055219729751,True,-0.04163040471843943,-0.13311512181145496,0.04985431237457606,-0.16728505428348134,matched_224,120042,fixed_180,,,,,,,
507,1.0,1.0,0.8311033999506614,0.7945564212316646,True,-0.10257906715263551,-0.29896583667917376,0.09380770237390271,-0.030854928811506976,matched_224,120042,fixed_180,,,,,,,
508,0.0,0.0,0.5229332692489086,0.2601699446166555,True,-0.08097774234699504,-0.16926779355290453,0.007312308858914429,-0.05620972089686527,matched_224,120042,fixed_180,,,,,,,
514,1.0,1.0,0.8270038617254091,0.6943390637417084,True,-0.05392668698500688,-0.14955518306362556,0.04170180909361178,-0.061478120138046544,matched_224,120042,fixed_180,,,,,,,
526,0.0,0.0,0.15782593929996835,0.13044474411998602,True,-0.07044075323978427,-0.14595327207777675,0.005071765598208197,0.020299231269924375,matched_224,120042,fixed_180,,,,,,,
528,1.0,1.0,0.6647472925894883,0.7352516088728809,True,0.0017222355489184035,-0.14802432244824276,0.15146879354607953,-0.3151680255715663,matched_224,120042,fixed_180,,,,,,,
532,1.0,0.0,0.5659465902283147,0.4305883970188177,True,-0.0680636902041171,-0.22825017271366627,0.09212279230543205,-0.5334643262344162,matched_224,120042,fixed_180,,,,,,,
534,0.0,1.0,0.6356185713393279,0.49570608184298615,True,-0.030121808591004835,-0.11546931382096179,0.0552256966389521,0.13543398492073888,matched_224,120042,fixed_180,,,,,,,
535,0.0,0.0,0.6385549390569282,0.3491581541021244,True,-0.03660129316300457,-0.1661012980749862,0.09289871174897704,0.03704061610492676,matched_224,120042,fixed_180,,,,,,,
538,1.0,0.0,0.7165422603028302,0.5565385298635452,True,-0.044921312182792696,-0.17671399943167607,0.08687137506609066,-0.06212851278558973,matched_224,120042,fixed_180,,,,,,,
539,0.0,1.0,0.3919352408994978,0.39807883890515544,True,-0.059373449118673455,-0.14426675014535734,0.025519851908010427,-0.11126006308263126,matched_224,120042,fixed_180,,,,,,,
546,0.0,0.0,0.30246911548946265,0.1674140399970113,True,-0.07499258361729809,-0.1795752524050087,0.029590085170412506,-0.06620608679353736,matched_224,120042,fixed_180,,,,,,,
549,1.0,0.0,0.737809295603759,0.4018100071172399,True,-0.05589301845743517,-0.13938478535238352,0.027598748437513164,-0.22605679180368443,matched_224,120042,fixed_180,,,,,,,
550,0.0,0.0,0.22968620364065134,0.12507868829739605,True,-0.056357578314386966,-0.19585820539137466,0.08314304876260066,-0.08381602753461014,matched_224,120042,fixed_180,,,,,,,
552,1.0,0.0,0.5131292585651384,0.19044531066663345,True,-0.06349984146593711,-0.14002971221773086,0.013030029285856629,0.08753892270289004,matched_224,120042,fixed_180,,,,,,,
559,1.0,0.0,0.6085123450001269,0.405681505096466,True,-0.08620995124353259,-0.21863132112157113,0.046211418634505924,-0.36576085048430995,matched_224,120042,fixed_180,,,,,,,
560,1.0,1.0,0.8655555287273489,0.6294406160354643,True,-0.04134892107296887,-0.15020803200729818,0.0675101898613604,-0.06469990771798673,matched_224,120042,fixed_180,,,,,,,
561,1.0,0.0,0.6004522932294956,0.25193874811218325,True,-0.07511165036592421,-0.1818416963193152,0.03161839558746678,-0.14847635272894044,matched_224,120042,fixed_180,,,,,,,
563,0.0,0.0,0.34977696900330585,0.3001244011940171,True,-0.07343405480325055,-0.1716658977204228,0.024797788113921665,0.08723419972137467,matched_224,120042,fixed_180,,,,,,,
568,1.0,1.0,0.8420165704415828,0.7241993149028411,True,-0.105216851985019,-0.1954085313722668,-0.015025172597771225,-0.11006768648138565,matched_224,120042,fixed_180,,,,,,,
569,0.0,1.0,0.6204165780663479,0.649966418468412,True,-0.05877758096802834,-0.20782926107286828,0.09027409913681156,-0.03506472883281053,matched_224,120042,fixed_180,,,,,,,
578,0.0,0.0,0.528449166106585,0.541129455632692,True,-0.06751858757079748,-0.196149663499489,0.06111248835789401,-0.1661069213092291,matched_224,120042,fixed_180,,,,,,,
584,1.0,0.0,0.4835230499831929,0.6086690571475216,True,-0.02625152390293253,-0.20974794735362018,0.15724489954775506,-0.18620539681394355,matched_224,120042,fixed_180,,,,,,,
588,1.0,1.0,0.6950874683394853,0.6067692377764136,True,-0.014421708764046342,-0.24393879609866756,0.21509537857057484,0.05151712594740754,matched_224,120042,fixed_180,,,,,,,
594,0.0,1.0,0.3845124638174599,0.20204826370818607,True,-0.06870472833029065,-0.2004366990510684,0.06302724239048707,-0.1845762402931477,matched_224,120042,fixed_180,,,,,,,
599,0.0,1.0,0.5139276407168637,0.3069862927665871,True,-0.05527273151095703,-0.20851171160035598,0.0979662485784419,-0.017020805613165407,matched_224,120042,fixed_180,,,,,,,
603,1.0,1.0,0.8760250372770755,0.7245136388321798,True,-0.0703634010134601,-0.15416864824062934,0.013441846213709127,-0.4064471216929251,matched_224,120042,fixed_180,,,,,,,
606,0.0,1.0,0.21922940776003394,0.3608687382193187,True,-0.0444305510895875,-0.12014926173520919,0.03128815955603417,-0.0810499975355446,matched_224,120042,fixed_180,,,,,,,
607,0.0,0.0,0.2306889141131686,0.41349980578355594,True,-0.01881007688763457,-0.12421346695072569,0.08659331317545652,-0.20262165996000597,matched_224,120042,fixed_180,,,,,,,
609,0.0,1.0,0.2303519206028594,0.1661800464978828,True,-0.022347540926859942,-0.10587986472945762,0.061184782875737705,-0.17815202596793825,matched_224,120042,fixed_180,,,,,,,
614,1.0,1.0,0.6467946600933504,0.454149402724382,True,-0.08125718230685208,-0.20680621359423781,0.04429184898053362,0.13800989485438941,matched_224,120042,fixed_180,,,,,,,
617,1.0,0.0,0.6802572666640975,0.691208308706228,True,-0.0641869323287944,-0.1862273903215748,0.057853525663985966,-0.32977963417948597,matched_224,120042,fixed_180,,,,,,,
621,1.0,1.0,0.627291255719527,0.643934722388693,True,-0.031057882163058673,-0.12374581098292271,0.06163004665680534,-0.10300534475910206,matched_224,120042,fixed_180,,,,,,,
626,1.0,0.0,0.474501537217078,0.16437460061425205,True,-0.06935139095074473,-0.21685532241617844,0.07815254051468894,-0.14734105843629364,matched_224,120042,fixed_180,,,,,,,
638,1.0,0.0,0.2748012559824055,0.1239220657092472,True,-0.05417629532663544,-0.14793994176093805,0.03958735110766716,-0.028967779075204383,matched_224,120042,fixed_180,,,,,,,
648,1.0,1.0,0.5446984576494674,0.4969151883647077,True,-0.034294712299668094,-0.159013764672455,0.09042434007311881,0.22657797391420198,matched_224,120042,fixed_180,,,,,,,
651,1.0,0.0,0.7414638822974168,0.20735604282143721,True,-0.043291949260431756,-0.18392189969687722,0.09733800117601368,0.14285091672279376,matched_224,120042,fixed_180,,,,,,,
656,0.0,0.0,0.28204662460451924,0.4366149382471533,True,-0.05391106446539273,-0.19385163808151346,0.08602950915072796,0.008071797181922913,matched_224,120042,fixed_180,,,,,,,
662,0.0,0.0,0.6929571721037661,0.5688028871898342,True,-0.013848641984252437,-0.13990719403659516,0.11220991006809027,0.12090442381375327,matched_224,120042,fixed_180,,,,,,,
663,1.0,1.0,0.6304851473044282,0.5835748670106308,True,-0.038426665841022487,-0.14630158465966847,0.06944825297762346,-0.0006267839972746714,matched_224,120042,fixed_180,,,,,,,
676,1.0,0.0,0.4599439184764482,0.29878782114157487,True,-0.07432261075491758,-0.2080008315897479,0.05935561007991269,0.288078314021742,matched_224,120042,fixed_180,,,,,,,
680,1.0,0.0,0.6829703748258147,0.11385594636738014,True,-0.061096312647118775,-0.234825559082241,0.11263293378800339,-0.21676132704337042,matched_224,120042,fixed_180,,,,,,,
684,0.0,0.0,0.5697406984360188,0.19983185070397666,True,-0.0855880957040135,-0.2472797798170055,0.07610358840897845,-0.09365228131014089,matched_224,120042,fixed_180,,,,,,,
689,1.0,1.0,0.8868225930045658,0.8706173422583725,True,-0.01842508978895213,-0.130016486560807,0.09316630698290272,0.028437736123359203,matched_224,120042,fixed_180,,,,,,,
707,1.0,0.0,0.3095601577041158,0.16574517487960455,True,-0.07117691708146902,-0.23214067140514277,0.08978683724220467,-0.18261274863827542,matched_224,120042,fixed_180,,,,,,,
708,0.0,0.0,0.38944180681518387,0.31109833854695346,True,-0.11595284713756185,-0.2348016537051017,0.0028959594299779595,-0.3033594815556778,matched_224,120042,fixed_180,,,,,,,
712,0.0,0.0,0.22671743720630477,0.39916050095370287,True,-0.02287215782975973,-0.13990255826556866,0.09415824260604916,0.20262182932038472,matched_224,120042,fixed_180,,,,,,,
713,0.0,1.0,0.4479973834356069,0.7899673126686212,True,-0.038274203035104426,-0.1211048657702575,0.04455645970004864,0.18351149860665072,matched_224,120042,fixed_180,,,,,,,
723,1.0,1.0,0.8791019779208326,0.6312407840166131,True,-0.0021770638131946626,-0.10548095611972741,0.10112682849333808,-0.013981278819158116,matched_224,120042,fixed_180,,,,,,,
735,1.0,1.0,0.7869431386479372,0.5368141960979033,True,-0.0004354549710743817,-0.07550733436621718,0.07463642442406841,0.2892291597635016,matched_224,120042,fixed_180,,,,,,,
739,0.0,1.0,0.16567925131260422,0.3625667250095327,True,-0.027323922836763062,-0.14573307427312304,0.0910852285995969,0.04653584065128688,matched_224,120042,fixed_180,,,,,,,
743,1.0,0.0,0.6338297786120288,0.6070901283292623,True,-0.055598125092099084,-0.14539821550319085,0.034201965318992646,-0.3588049137290085,matched_224,120042,fixed_180,,,,,,,
744,0.0,0.0,0.2696157041235064,0.15264458849958287,True,-0.03971619109050778,-0.19181029584629652,0.11237791366528094,0.00043827428651807554,matched_224,120042,fixed_180,,,,,,,
752,1.0,0.0,0.6647472925894883,0.7208329462562315,True,0.002508421023916129,-0.14591381455291222,0.15093065660074442,-0.048624029853681416,matched_224,120042,fixed_180,,,,,,,
760,1.0,1.0,0.7134555858731084,0.792566241366111,True,-0.11866363590648223,-0.20992070393493123,-0.027406567878033222,-0.1049719012824385,matched_224,120042,fixed_180,,,,,,,
773,1.0,1.0,0.8386940353384825,0.852870223315683,True,-0.006733876567628326,-0.17657341319948203,0.1631056600642253,-0.05078761983714952,matched_224,120042,fixed_180,,,,,,,
776,0.0,0.0,0.3345234242308092,0.20533773166060534,True,-0.0026704829419193664,-0.1635517543907618,0.158210788506923,0.11215936655437345,matched_224,120042,fixed_180,,,,,,,
779,0.0,0.0,0.3257453007133764,0.22754313436062862,True,-0.03255890273021048,-0.16308083944650598,0.097963033986085,0.2102850669914252,matched_224,120042,fixed_180,,,,,,,
781,1.0,1.0,0.6832939038423603,0.63754694937672,True,-0.06106474621261706,-0.14125544508672996,0.01912595266149584,0.031273744586730046,matched_224,120042,fixed_180,,,,,,,
782,1.0,0.0,0.7648701537663227,0.4641424883295498,True,-0.02316858779779697,-0.13963003759304424,0.0932928619974503,-0.27881971225762575,matched_224,120042,fixed_180,,,,,,,
783,0.0,0.0,0.12172989379204215,0.3168675055683017,True,-0.03873637072190786,-0.1262276301367435,0.04875488869292778,0.11768093960974968,matched_224,120042,fixed_180,,,,,,,
798,1.0,1.0,0.5742961575804171,0.7338549270059888,True,-0.08263766941162375,-0.26175808045775184,0.09648274163450431,-0.012829595656138837,matched_224,120042,fixed_180,,,,,,,
822,0.0,0.0,0.7417980053932205,0.6367950734915155,True,0.014847637015741398,-0.15789249307462744,0.1875877671061102,0.15687867128973654,matched_224,120042,fixed_180,,,,,,,
827,0.0,1.0,0.264977865904604,0.5063020143310597,True,-0.06960159560662459,-0.19549744881405118,0.05629425760080199,-0.47170840662307595,matched_224,120042,fixed_180,,,,,,,
839,0.0,0.0,0.4808888128545494,0.1562570180525887,True,-0.08213025199146837,-0.17120996500104485,0.0069494610181080885,-0.082870305049013,matched_224,120042,fixed_180,,,,,,,
845,1.0,1.0,0.7067711150558171,0.505484558588421,True,-0.03475387546337707,-0.14435913965493175,0.07485138872817759,-0.054967122143437575,matched_224,120042,fixed_180,,,,,,,
848,0.0,0.0,0.1666158023279128,0.2015602546752192,True,-0.03475695907106934,-0.21298557265967827,0.14347165451753952,0.0857810802170664,matched_224,120042,fixed_180,,,,,,,
859,1.0,1.0,0.6849906428774399,0.6769103292049636,True,-0.051258733871543505,-0.1683820430351728,0.06586457529208574,0.10091643251497262,matched_224,120042,fixed_180,,,,,,,
868,1.0,0.0,0.3082583807209731,0.1535068027524439,True,-0.08532798017792906,-0.1851677943888165,0.014511834032958373,-0.03768758335333155,matched_224,120042,fixed_180,,,,,,,
875,1.0,1.0,0.25333963387393715,0.20708796308982624,True,-0.012696600548324832,-0.11897979169539132,0.09358659059874162,0.2750351541256375,matched_224,120042,fixed_180,,,,,,,
892,0.0,0.0,0.6313698695873204,0.23382463068565157,True,-0.09342100986323491,-0.2036609922148593,0.016818972488389455,-0.4218944972490402,matched_224,120042,fixed_180,,,,,,,
893,0.0,1.0,0.45589257876268896,0.39302832109664,True,-0.08342758479265112,-0.16835068627441496,0.0014955166891126997,-0.13899119129057289,matched_224,120042,fixed_180,,,,,,,
898,1.0,1.0,0.49462645872228006,0.3547315126470555,True,-0.024626079161625018,-0.1226647002555027,0.07341254193225266,0.11489019733853345,matched_224,120042,fixed_180,,,,,,,
908,1.0,1.0,0.59795154629418,0.5465323047791424,True,-0.06802529443489572,-0.1693150075321427,0.03326441866235126,0.2700079153490359,matched_224,120042,fixed_180,,,,,,,
913,0.0,0.0,0.4590740424682504,0.15303561997525103,True,-0.007030003459037553,-0.12976107690312555,0.1157010699850504,0.5763362625455206,matched_224,120042,fixed_180,,,,,,,
915,1.0,1.0,0.8444617337210738,0.7902472579186703,True,-0.015238889379655762,-0.16539901434187382,0.13492123558256225,-0.10460704553612188,matched_224,120042,fixed_180,,,,,,,
924,0.0,1.0,0.11064807383603614,0.35875496457481376,True,-0.045197285542925396,-0.1565578950166193,0.06616332393076849,-0.03518580558050255,matched_224,120042,fixed_180,,,,,,,
929,1.0,0.0,0.6634216252210545,0.5571596280328351,True,-0.001193141311463098,-0.15940105552454353,0.1570147729016173,-0.2246108655442407,matched_224,120042,fixed_180,,,,,,,
934,0.0,0.0,0.17588820990102041,0.1479102128392838,True,-0.08100385140531996,-0.19480760536228992,0.032799902551649954,-0.17923562100166213,matched_224,120042,fixed_180,,,,,,,
955,1.0,1.0,0.7279935351733413,0.7193079523925068,True,-0.07702343947305311,-0.31032863875735733,0.15628175981125103,-0.4074361291328243,matched_224,120042,fixed_180,,,,,,,
960,1.0,1.0,0.516353381546526,0.48744897008899524,True,0.040967795406519014,-0.1318563470952174,0.21379193790825538,0.30302428580824725,matched_224,120042,fixed_180,,,,,,,
961,0.0,1.0,0.5952214322323915,0.2839526673389449,True,-0.03983045333706045,-0.16506320716088888,0.08540230048676795,-0.17386110854674186,matched_224,120042,fixed_180,,,,,,,
967,0.0,0.0,0.7111062328377343,0.6026371727046967,True,-0.035584907816604484,-0.15218229040223985,0.08101247476903087,0.11315424130412288,matched_224,120042,fixed_180,,,,,,,
976,0.0,0.0,0.22296580907529134,0.08518100874594803,True,-0.06745895430842669,-0.18304512401882525,0.048127215401971846,-0.10435438224184548,matched_224,120042,fixed_180,,,,,,,
977,1.0,0.0,0.8795089744048036,0.5493546289655924,True,-0.06088258269002004,-0.16296197253258748,0.041196807152547386,0.2172265382051104,matched_224,120042,fixed_180,,,,,,,
980,1.0,1.0,0.7845093011134376,0.5285083827381312,True,-0.04089710263783782,-0.24669186782971494,0.16489766255403926,-0.1328309937568829,matched_224,120042,fixed_180,,,,,,,
986,1.0,0.0,0.6842931095653495,0.4407593834478375,True,-0.06921308478928369,-0.200271064291292,0.06184489471272457,-0.21930664730454208,matched_224,120042,fixed_180,,,,,,,
987,0.0,0.0,0.4937146818591577,0.41011618555896223,True,-0.06870661161985626,-0.2124127133367379,0.07499949009702532,0.16537846499403014,matched_224,120042,fixed_180,,,,,,,
989,0.0,0.0,0.502114524477848,0.4557268144672463,True,-0.082877261954508,-0.17507710887485772,0.009322584965841707,-0.22553091570484401,matched_224,120042,fixed_180,,,,,,,
5,1.0,1.0,0.6377114402121038,0.34254974755376194,True,-0.007459149880559674,-0.16271001777514574,0.14779171801402635,0.29544125881310984,matched_8,120042,fixed_180,,,,,,,
12,0.0,1.0,0.40864594703941975,0.30002689738786964,True,-0.008457061279681917,-0.10843641201679827,0.0915222894574344,-0.1020346687031714,matched_8,120042,fixed_180,,,,,,,
15,1.0,0.0,0.5202019068490832,0.11807387106554294,True,-0.039282529876843796,-0.11841952986146859,0.03985447010778096,-0.003080297422145953,matched_8,120042,fixed_180,,,,,,,
30,0.0,0.0,0.5746897562690604,0.24295906763714584,True,-0.11424508194162795,-0.2692866824034194,0.04079651852016346,-0.15824629257148742,matched_8,120042,fixed_180,,,,,,,
39,1.0,0.0,0.6048933776872666,0.3441516064005722,True,-0.14328336530757213,-0.23254197221408018,-0.054024758401064105,-0.0787740414269622,matched_8,120042,fixed_180,,,,,,,
40,0.0,0.0,0.3543801765148926,0.35057432062020416,True,-0.045050717725183057,-0.18961924128645113,0.09951780583608498,0.060474988513839145,matched_8,120042,fixed_180,,,,,,,
43,1.0,0.0,0.7309350546172592,0.38618933830050256,True,-0.09860687174855544,-0.17848933658122787,-0.01872440691588302,-0.19702180525731344,matched_8,120042,fixed_180,,,,,,,
45,0.0,0.0,0.2877857978025763,0.3689753372039217,True,-0.005020349067084118,-0.12768109149683843,0.11764039336267017,0.13139903885494988,matched_8,120042,fixed_180,,,,,,,
48,1.0,1.0,0.4640558918721573,0.5888245392655549,True,0.03907248544962637,-0.06327222993582038,0.1414172008350731,-0.02351093248221392,matched_8,120042,fixed_180,,,,,,,
63,1.0,0.0,0.493740643635318,0.20164355626544486,True,-0.005708219334075924,-0.15080857727319433,0.13939213860504246,-0.08061850681857732,matched_8,120042,fixed_180,,,,,,,
67,1.0,1.0,0.4135078007326209,0.532633707078535,True,-0.19970649701259308,-0.326337720108972,-0.07307527391621416,-0.4040936263411786,matched_8,120042,fixed_180,,,,,,,
69,0.0,0.0,0.46600337273861786,0.48630868982475617,True,-0.09764815248643492,-0.2052761530131888,0.009979848040318928,-0.2535047085663173,matched_8,120042,fixed_180,,,,,,,
72,1.0,0.0,0.5908011295185976,0.3649110295452353,True,-0.09311221865321681,-0.16592663798055127,-0.020297799325882368,0.03393963416448598,matched_8,120042,fixed_180,,,,,,,
75,1.0,0.0,0.8971971121686327,0.590906090484836,True,-0.00925672411913396,-0.16529590239418235,0.1467824541559144,-0.21905044290968123,matched_8,120042,fixed_180,,,,,,,
93,0.0,1.0,0.23435593073816172,0.3708737195266814,True,-0.10208736597750734,-0.20749316899290376,0.003318437037889088,-0.24763340158643393,matched_8,120042,fixed_180,,,,,,,
115,0.0,0.0,0.417662784829503,0.3560754401295836,True,-0.021193492480978137,-0.1299516407040122,0.08756465574205588,-0.036066766855671034,matched_8,120042,fixed_180,,,,,,,
116,0.0,1.0,0.2300810466125331,0.24524587329350514,True,-0.19136190293876693,-0.28933389064117343,-0.09338991523636046,-0.014342061446469406,matched_8,120042,fixed_180,,,,,,,
121,1.0,0.0,0.829551555662928,0.5644650903605791,True,-0.17926103805905658,-0.263746753185233,-0.09477532293288016,-0.578150415838105,matched_8,120042,fixed_180,,,,,,,
122,1.0,0.0,0.6628130336914178,0.16757719199669627,True,-0.09895361135593986,-0.21216710981405776,0.014259887102178015,-0.1662835077113541,matched_8,120042,fixed_180,,,,,,,
123,0.0,1.0,0.39744562120923743,0.39243083175848403,True,0.06752765382747809,-0.18020617327737254,0.3152614809323287,0.03246765507545743,matched_8,120042,fixed_180,,,,,,,
126,0.0,0.0,0.2904388139791195,0.3909132072928165,True,-0.16427361010613922,-0.25977715645264926,-0.0687700637596292,-0.3010231687743369,matched_8,120042,fixed_180,,,,,,,
130,0.0,0.0,0.26863216138852986,0.21849460988274513,True,-0.05592655805969431,-0.13977018956415058,0.02791707344476193,0.006309753656425152,matched_8,120042,fixed_180,,,,,,,
137,0.0,0.0,0.19104229057139868,0.136704195001431,True,-0.11028069475105992,-0.25897619212541745,0.038414802623297606,-0.035394603233024145,matched_8,120042,fixed_180,,,,,,,
145,1.0,0.0,0.4660143956373304,0.44212132263226617,True,-0.022449004334378297,-0.21699544224881637,0.17209743358005972,-0.33769143797714973,matched_8,120042,fixed_180,,,,,,,
151,0.0,1.0,0.5191771574449675,0.4662585530143542,True,0.0814677520316613,-0.06923683752141747,0.23217234158474004,-0.31487008056515453,matched_8,120042,fixed_180,,,,,,,
162,0.0,0.0,0.5856731783723788,0.5989655969474362,True,-0.11524130870767327,-0.2108425586799989,-0.019640058735347646,-0.1770906937214045,matched_8,120042,fixed_180,,,,,,,
167,0.0,1.0,0.6272436550256896,0.707639467658466,True,-0.12152773188900498,-0.2555730741579839,0.012517610379973898,0.060419762402974864,matched_8,120042,fixed_180,,,,,,,
169,1.0,1.0,0.718421807752594,0.8744463758885973,True,-0.10205466328218214,-0.2029784052899654,-0.0011309212743988856,-0.059438745764093026,matched_8,120042,fixed_180,,,,,,,
180,1.0,1.0,0.8672668628184429,0.5657293381904667,True,-0.047204518174821686,-0.1398600782573457,0.045451041907702314,0.07214620573564456,matched_8,120042,fixed_180,,,,,,,
186,1.0,0.0,0.5911390146431826,0.5179879989770028,True,0.008446193116643266,-0.08553750814138773,0.10242989437467426,-0.34838730337294177,matched_8,120042,fixed_180,,,,,,,
193,0.0,0.0,0.40023106047420476,0.1550758670471376,True,-0.12642819425541926,-0.20666425234140356,-0.04619213616943496,-0.07790570380726344,matched_8,120042,fixed_180,,,,,,,
196,0.0,0.0,0.4779684453454312,0.4063942925546509,True,-0.02145951952218122,-0.10479395097066405,0.06187491192630157,0.18500422317417548,matched_8,120042,fixed_180,,,,,,,
198,0.0,0.0,0.14587366590344183,0.3168318250125152,True,-0.1298476108205398,-0.21901446213331904,-0.04068075950776058,-0.09796041668062988,matched_8,120042,fixed_180,,,,,,,
205,1.0,1.0,0.889667935890094,0.4157414662695457,True,-0.14173644710756292,-0.2844840315940004,0.0010111373788745381,0.10039000345163385,matched_8,120042,fixed_180,,,,,,,
208,1.0,1.0,0.37917397054309765,0.6227098092939151,True,-0.007187017242747189,-0.10628384438377983,0.09190980989828543,-0.38364186382161225,matched_8,120042,fixed_180,,,,,,,
211,0.0,0.0,0.231401125726331,0.22905857404779453,True,-0.07121375372929803,-0.20061606115006134,0.05818855369146525,0.039362356322426656,matched_8,120042,fixed_180,,,,,,,
229,0.0,0.0,0.35491053100236486,0.18642819332391197,True,-0.11334846411339128,-0.2258957357054936,-0.0008011925212889903,-0.0181111175885878,matched_8,120042,fixed_180,,,,,,,
237,0.0,1.0,0.3187585270756577,0.6861105920384603,True,-0.044242610854105885,-0.13354594316798535,0.04506072145977354,0.014677238537030401,matched_8,120042,fixed_180,,,,,,,
241,1.0,0.0,0.33880276994038705,0.4470269612145222,True,-0.041312100876000415,-0.21902208848111476,0.1363978867291139,-0.2359562924134932,matched_8,120042,fixed_180,,,,,,,
250,1.0,1.0,0.8428866494274864,0.703627059039757,True,-0.09848671695364933,-0.2491233088254399,0.052149874918141215,-0.14381661120733635,matched_8,120042,fixed_180,,,,,,,
254,0.0,1.0,0.20839292854203073,0.24099446092279211,True,-0.041312100876000415,-0.21902208848111476,0.1363978867291139,0.11029612787953566,matched_8,120042,fixed_180,,,,,,,
261,0.0,0.0,0.25783316789758004,0.1812073244799295,True,-0.02145951952218122,-0.10479395097066405,0.06187491192630157,0.31285754382566056,matched_8,120042,fixed_180,,,,,,,
264,1.0,1.0,0.5133701154893368,0.5783417591739412,True,-0.15263773475530545,-0.31982304516137683,0.014547575650765865,0.10130985419071503,matched_8,120042,fixed_180,,,,,,,
265,0.0,0.0,0.4673440107611287,0.3563794093146026,True,-0.17705171687536064,-0.2743169366179336,-0.07978649713278768,-0.19966649402570194,matched_8,120042,fixed_180,,,,,,,
270,0.0,0.0,0.34874073775724557,0.20171397701955088,True,-0.16337389142202122,-0.2414098528508648,-0.08533792999317764,-0.05981133747776573,matched_8,120042,fixed_180,,,,,,,
271,1.0,0.0,0.8208015211662028,0.8654343342544495,True,-0.17753231989549914,-0.30909760399609765,-0.045967035794900635,-0.027407061388611043,matched_8,120042,fixed_180,,,,,,,
277,1.0,1.0,0.8458274757149049,0.5796784555469318,True,0.015548344984683375,-0.16020920166425112,0.19130589163361783,0.19707323380293573,matched_8,120042,fixed_180,,,,,,,
282,0.0,0.0,0.4968539889905682,0.48950108386632263,True,-0.034720189806754904,-0.21037760094233404,0.14093722132882422,0.2904593735133494,matched_8,120042,fixed_180,,,,,,,
284,0.0,1.0,0.26169668314489575,0.48044735559495144,True,-0.10424760800310105,-0.21203799528202766,0.003542779275825539,0.18518688543613304,matched_8,120042,fixed_180,,,,,,,
288,1.0,0.0,0.7511605014707504,0.5824804714021297,True,-0.0074563444179034455,-0.19149962122087374,0.17658693238506684,0.004640120746827181,matched_8,120042,fixed_180,,,,,,,
294,1.0,1.0,0.8164796270017057,0.49031264913350026,True,-0.09167539799492548,-0.2076716151475737,0.024320819157722717,-0.34951026332690505,matched_8,120042,fixed_180,,,,,,,
318,0.0,0.0,0.6636540076542939,0.5705544669325786,True,0.04417370798142156,-0.10045741085448737,0.18880482681733046,-0.20199985734703257,matched_8,120042,fixed_180,,,,,,,
319,1.0,1.0,0.8930296774091446,0.7555478412559756,True,0.08584128734266247,-0.07905173212944477,0.2507343068147697,0.04278373950332526,matched_8,120042,fixed_180,,,,,,,
328,0.0,1.0,0.39432924248177276,0.18948303187203663,True,-0.06875238055303529,-0.23015878849876242,0.09265402739269182,0.10327243996857394,matched_8,120042,fixed_180,,,,,,,
334,0.0,0.0,0.32003853805723764,0.2875355167491368,True,-0.15315113870855684,-0.24998995047228792,-0.0563123269448258,-0.1484375342195409,matched_8,120042,fixed_180,,,,,,,
339,0.0,1.0,0.6907306329755005,0.5644583916735121,True,-0.09772776987248406,-0.1918256149297038,-0.0036299248152643626,-0.04096418254395162,matched_8,120042,fixed_180,,,,,,,
343,1.0,1.0,0.7122793784860058,0.5155210187085154,True,0.032985999024263093,-0.2187375467426504,0.2847095447911765,-0.252500407706424,matched_8,120042,fixed_180,,,,,,,
346,0.0,0.0,0.4668878241550569,0.33951763988107997,True,-0.11081657326588576,-0.2082932472544724,-0.01333989927729913,0.021257549177203516,matched_8,120042,fixed_180,,,,,,,
347,0.0,1.0,0.20263826870260368,0.2637419376444213,True,-0.11303144966535017,-0.23636062309550102,0.010297723764800648,0.0718545920669893,matched_8,120042,fixed_180,,,,,,,
349,0.0,1.0,0.7980010545149436,0.6771543356924604,True,-0.09783988747079117,-0.25301527832270665,0.05733550338112425,0.03268878550218324,matched_8,120042,fixed_180,,,,,,,
354,1.0,0.0,0.532805219686784,0.2924577715670299,True,-0.03049245600371626,-0.16811909585887386,0.10713418385144129,-0.14297135067526034,matched_8,120042,fixed_180,,,,,,,
357,1.0,1.0,0.6408274001124588,0.2999253159315922,True,-0.10731356899555722,-0.2663295097238735,0.051702371732759045,0.1013446835796018,matched_8,120042,fixed_180,,,,,,,
360,1.0,0.0,0.3477877504865826,0.3387807653978252,True,-0.03565947377214184,-0.20201647556699764,0.1306975280227139,-0.20995476861796994,matched_8,120042,fixed_180,,,,,,,
361,0.0,0.0,0.29661108176182654,0.23059339157774011,True,-0.026603559981401598,-0.19558485670566306,0.14237773674285983,-0.0406445885166562,matched_8,120042,fixed_180,,,,,,,
365,1.0,0.0,0.6049751553904226,0.2863717839207137,True,-0.1690182084005757,-0.2765469997052831,-0.06148941709586829,-0.3344524588585174,matched_8,120042,fixed_180,,,,,,,
368,1.0,0.0,0.6849883638981021,0.32733973117530735,True,-0.11149100776634754,-0.248669482415212,0.025687466882516885,-0.05427466854280549,matched_8,120042,fixed_180,,,,,,,
370,1.0,0.0,0.19790340240759838,0.10800260009836761,True,-0.09593557775348265,-0.20914898685111274,0.017277831344147426,-0.11224918810400103,matched_8,120042,fixed_180,,,,,,,
380,0.0,1.0,0.7471666727680591,0.4674264398886901,True,-0.12389866081870075,-0.22051420647053127,-0.027283115166870264,-0.4595323870462047,matched_8,120042,fixed_180,,,,,,,
384,1.0,1.0,0.6900728481780237,0.5112597274821526,True,-0.04628614981170569,-0.22762912587544554,0.13505682625203408,0.0703099140074529,matched_8,120042,fixed_180,,,,,,,
392,1.0,1.0,0.7956043945971023,0.7308406047876336,True,-0.03901540983570502,-0.1818121028517775,0.10378128318036743,0.0859568948245617,matched_8,120042,fixed_180,,,,,,,
398,0.0,1.0,0.3206138626697417,0.45685223927714724,True,-0.06929458815553949,-0.25084599399078644,0.11225681767970738,-0.3498504475078327,matched_8,120042,fixed_180,,,,,,,
409,0.0,0.0,0.18337791691798333,0.4439000770292082,True,-0.015099997436328394,-0.11975389009339686,0.08955389522074006,0.14554265152238055,matched_8,120042,fixed_180,,,,,,,
422,1.0,1.0,0.4374280553015159,0.34871246199525907,True,0.09586146924016935,-0.11077814782733662,0.30250108630767525,0.04875396248008518,matched_8,120042,fixed_180,,,,,,,
424,1.0,0.0,0.6770097302582416,0.7052642761137701,True,-0.11527332897888577,-0.1996533985092253,-0.030893259448546234,-0.411950972386599,matched_8,120042,fixed_180,,,,,,,
431,1.0,1.0,0.4372491262168222,0.6279412483546116,True,-0.06640673326288951,-0.22779564212680933,0.09498217560103028,-0.32665406706368566,matched_8,120042,fixed_180,,,,,,,
433,0.0,0.0,0.10525170726096475,0.10427304962006238,True,-0.05737512207386018,-0.16178042907017615,0.04703018492245577,-0.03402153155820689,matched_8,120042,fixed_180,,,,,,,
435,0.0,1.0,0.4409894527049854,0.6729711349557012,True,-0.09285744327324452,-0.20700172253389731,0.021286835987408242,-0.10742312894197681,matched_8,120042,fixed_180,,,,,,,
446,1.0,0.0,0.2790381570542702,0.16375999330593335,True,-0.044377734538403185,-0.30417236981669626,0.21541690073988987,-0.06432527410523083,matched_8,120042,fixed_180,,,,,,,
447,1.0,1.0,0.536835214889051,0.5503554221394807,True,-0.05704213564178894,-0.24811855308245417,0.13403428179887625,0.034144994760945346,matched_8,120042,fixed_180,,,,,,,
451,1.0,1.0,0.7690955084071955,0.6112206494377056,True,0.014120396299121997,-0.19950075932732658,0.22774155192557052,-0.17663563846118313,matched_8,120042,fixed_180,,,,,,,
460,1.0,0.0,0.39094770965443404,0.27994469973743064,True,0.004488065243421907,-0.13400623695468866,0.14298236744153245,-0.15089969081385596,matched_8,120042,fixed_180,,,,,,,
462,0.0,0.0,0.4757820881301206,0.3798226570352518,True,0.029605508614156235,-0.07751217716956652,0.13672319439787894,-0.02877369342676961,matched_8,120042,fixed_180,,,,,,,
465,0.0,1.0,0.4312755600906261,0.6491876730428766,True,-0.11334846411339128,-0.2258957357054936,-0.0008011925212889903,-0.07352311822592295,matched_8,120042,fixed_180,,,,,,,
467,0.0,0.0,0.2562069965782711,0.26684038260745196,True,-0.06096438314192604,-0.23251486351450812,0.11058609723065602,0.18109530692018136,matched_8,120042,fixed_180,,,,,,,
468,1.0,0.0,0.44882293786932376,0.4590625162462623,True,-0.11872505350550161,-0.21294445020759428,-0.02450565680340895,-0.36394341785118856,matched_8,120042,fixed_180,,,,,,,
474,0.0,0.0,0.4334979519869535,0.38280401600429703,True,0.04500091449528575,-0.09463212471234492,0.18463395370291638,0.27024214191256124,matched_8,120042,fixed_180,,,,,,,
478,1.0,0.0,0.5739982744039367,0.2947270948162633,True,-0.1109102344270236,-0.26594178663450374,0.04412131778045654,-0.14113139488284232,matched_8,120042,fixed_180,,,,,,,
481,0.0,1.0,0.5087083360409932,0.40825501741027925,True,-0.13897266677938314,-0.2371062823216219,-0.040839051237144416,0.24256774419822325,matched_8,120042,fixed_180,,,,,,,
486,1.0,1.0,0.7441202307802978,0.6148549412893181,True,-0.19613076657429454,-0.29706624907768137,-0.09519528407090776,-0.6892153014395378,matched_8,120042,fixed_180,,,,,,,
487,1.0,1.0,0.8467975192157075,0.5866738910251524,True,0.006253724674775998,-0.08879257603877484,0.10130002538832682,-0.028156691615068175,matched_8,120042,fixed_180,,,,,,,
498,0.0,0.0,0.3020648921646804,0.1979830251548477,True,-0.09834271988137823,-0.21185792279171134,0.015172483028954853,-0.1062618189134249,matched_8,120042,fixed_180,,,,,,,
503,0.0,0.0,0.3446948747805175,0.2658055219729751,True,0.012215502835750014,-0.20767378702189043,0.23210479269339043,-0.16728505428348134,matched_8,120042,fixed_180,,,,,,,
507,1.0,1.0,0.8311033999506614,0.7945564212316646,True,-0.031248468609211006,-0.24862409913208056,0.18612716191365847,-0.030854928811506976,matched_8,120042,fixed_180,,,,,,,
508,0.0,0.0,0.5229332692489086,0.2601699446166555,True,-0.12821288861770913,-0.2150613816069012,-0.04136439562851711,-0.05620972089686527,matched_8,120042,fixed_180,,,,,,,
514,1.0,1.0,0.8270038617254091,0.6943390637417084,True,-0.14876651266831165,-0.2505517470931692,-0.04698127824345416,-0.061478120138046544,matched_8,120042,fixed_180,,,,,,,
526,0.0,0.0,0.15782593929996835,0.13044474411998602,True,0.04248105638377834,-0.11211215638341504,0.19707426915097168,0.020299231269924375,matched_8,120042,fixed_180,,,,,,,
528,1.0,1.0,0.6647472925894883,0.7352516088728809,True,-0.023420984907662683,-0.2407480055240569,0.1939060357087315,-0.3151680255715663,matched_8,120042,fixed_180,,,,,,,
532,1.0,0.0,0.5659465902283147,0.4305883970188177,True,-0.10800986859906195,-0.23906850175357736,0.023048764555453433,-0.5334643262344162,matched_8,120042,fixed_180,,,,,,,
534,0.0,1.0,0.6356185713393279,0.49570608184298615,True,-0.022413988972521944,-0.12640953239820157,0.08158155445315768,0.13543398492073888,matched_8,120042,fixed_180,,,,,,,
535,0.0,0.0,0.6385549390569282,0.3491581541021244,True,-0.0981673534219381,-0.2041032854132369,0.007768578569360682,0.03704061610492676,matched_8,120042,fixed_180,,,,,,,
538,1.0,0.0,0.7165422603028302,0.5565385298635452,True,-0.029910275534664132,-0.11880460007881839,0.0589840490094901,-0.06212851278558973,matched_8,120042,fixed_180,,,,,,,
539,0.0,1.0,0.3919352408994978,0.39807883890515544,True,-0.1839868052890884,-0.2793390343590698,-0.08863457621910698,-0.11126006308263126,matched_8,120042,fixed_180,,,,,,,
546,0.0,0.0,0.30246911548946265,0.1674140399970113,True,-0.08180843792773324,-0.1836974061526729,0.02008053029720641,-0.06620608679353736,matched_8,120042,fixed_180,,,,,,,
549,1.0,0.0,0.737809295603759,0.4018100071172399,True,-0.047411390891395844,-0.13577809726420076,0.04095531548140907,-0.22605679180368443,matched_8,120042,fixed_180,,,,,,,
550,0.0,0.0,0.22968620364065134,0.12507868829739605,True,-0.1233275081395313,-0.2420039259951228,-0.0046510902839398405,-0.08381602753461014,matched_8,120042,fixed_180,,,,,,,
552,1.0,0.0,0.5131292585651384,0.19044531066663345,True,-0.17818157615848798,-0.2655710082950076,-0.09079214402196834,0.08753892270289004,matched_8,120042,fixed_180,,,,,,,
559,1.0,0.0,0.6085123450001269,0.405681505096466,True,-0.15263773475530545,-0.31982304516137683,0.014547575650765865,-0.36576085048430995,matched_8,120042,fixed_180,,,,,,,
560,1.0,1.0,0.8655555287273489,0.6294406160354643,True,-0.05944511261492021,-0.22880199458572908,0.10991176935588862,-0.06469990771798673,matched_8,120042,fixed_180,,,,,,,
561,1.0,0.0,0.6004522932294956,0.25193874811218325,True,-0.15263773475530545,-0.31982304516137683,0.014547575650765865,-0.14847635272894044,matched_8,120042,fixed_180,,,,,,,
563,0.0,0.0,0.34977696900330585,0.3001244011940171,True,-0.062194338545607734,-0.22875588088272275,0.10436720379150724,0.08723419972137467,matched_8,120042,fixed_180,,,,,,,
568,1.0,1.0,0.8420165704415828,0.7241993149028411,True,-0.1783090558997462,-0.30256088196758396,-0.05405722983190844,-0.11006768648138565,matched_8,120042,fixed_180,,,,,,,
569,0.0,1.0,0.6204165780663479,0.649966418468412,True,-0.054733978941360534,-0.1434331458479186,0.03396518796519753,-0.03506472883281053,matched_8,120042,fixed_180,,,,,,,
578,0.0,0.0,0.528449166106585,0.541129455632692,True,-0.07328788433295151,-0.15032608086634655,0.0037503122004435147,-0.1661069213092291,matched_8,120042,fixed_180,,,,,,,
584,1.0,0.0,0.4835230499831929,0.6086690571475216,True,-0.07721377462027465,-0.1629609686064008,0.00853341936585146,-0.18620539681394355,matched_8,120042,fixed_180,,,,,,,
588,1.0,1.0,0.6950874683394853,0.6067692377764136,True,-0.030091174022301635,-0.16668298455218367,0.10650063650758038,0.05151712594740754,matched_8,120042,fixed_180,,,,,,,
594,0.0,1.0,0.3845124638174599,0.20204826370818607,True,-0.07571577153588746,-0.21064116853763748,0.05920962546586253,-0.1845762402931477,matched_8,120042,fixed_180,,,,,,,
599,0.0,1.0,0.5139276407168637,0.3069862927665871,True,-0.041312100876000415,-0.21902208848111476,0.1363978867291139,-0.017020805613165407,matched_8,120042,fixed_180,,,,,,,
603,1.0,1.0,0.8760250372770755,0.7245136388321798,True,-0.17469605680032121,-0.3086131979657406,-0.04077891563490185,-0.4064471216929251,matched_8,120042,fixed_180,,,,,,,
606,0.0,1.0,0.21922940776003394,0.3608687382193187,True,-0.11334846411339128,-0.2258957357054936,-0.0008011925212889903,-0.0810499975355446,matched_8,120042,fixed_180,,,,,,,
607,0.0,0.0,0.2306889141131686,0.41349980578355594,True,-0.04262595663896956,-0.12724393754600327,0.041992024268064136,-0.20262165996000597,matched_8,120042,fixed_180,,,,,,,
609,0.0,1.0,0.2303519206028594,0.1661800464978828,True,-0.12995291236625592,-0.21238379643100647,-0.04752202830150537,-0.17815202596793825,matched_8,120042,fixed_180,,,,,,,
614,1.0,1.0,0.6467946600933504,0.454149402724382,True,-0.14870782755312525,-0.24178907208971406,-0.055626583016536474,0.13800989485438941,matched_8,120042,fixed_180,,,,,,,
617,1.0,0.0,0.6802572666640975,0.691208308706228,True,-0.1397049900120064,-0.23063118344632783,-0.04877879657768501,-0.32977963417948597,matched_8,120042,fixed_180,,,,,,,
621,1.0,1.0,0.627291255719527,0.643934722388693,True,-0.10674030778475442,-0.2651623192778646,0.05168170370835569,-0.10300534475910206,matched_8,120042,fixed_180,,,,,,,
626,1.0,0.0,0.474501537217078,0.16437460061425205,True,-0.11311717324529666,-0.2514653574181258,0.025231010927532466,-0.14734105843629364,matched_8,120042,fixed_180,,,,,,,
638,1.0,0.0,0.2748012559824055,0.1239220657092472,True,-0.12617360037754383,-0.23897265637469794,-0.01337454438038975,-0.028967779075204383,matched_8,120042,fixed_180,,,,,,,
648,1.0,1.0,0.5446984576494674,0.4969151883647077,True,-0.17000427009041583,-0.2839775914953479,-0.05603094868548379,0.22657797391420198,matched_8,120042,fixed_180,,,,,,,
651,1.0,0.0,0.7414638822974168,0.20735604282143721,True,-0.04757624244429735,-0.13263010571354567,0.037477620824950965,0.14285091672279376,matched_8,120042,fixed_180,,,,,,,
656,0.0,0.0,0.28204662460451924,0.4366149382471533,True,-0.06902606584063783,-0.21671077543436648,0.07865864375309076,0.008071797181922913,matched_8,120042,fixed_180,,,,,,,
662,0.0,0.0,0.6929571721037661,0.5688028871898342,True,0.07939400774200762,-0.07706523948278322,0.23585325496679843,0.12090442381375327,matched_8,120042,fixed_180,,,,,,,
663,1.0,1.0,0.6304851473044282,0.5835748670106308,True,-0.06707383785730321,-0.1844000695556256,0.05025239384101915,-0.0006267839972746714,matched_8,120042,fixed_180,,,,,,,
676,1.0,0.0,0.4599439184764482,0.29878782114157487,True,-0.10454621336140275,-0.22278773928257092,0.013695312559765402,0.288078314021742,matched_8,120042,fixed_180,,,,,,,
680,1.0,0.0,0.6829703748258147,0.11385594636738014,True,-0.05118913921591243,-0.17979461089575322,0.07741633246392834,-0.21676132704337042,matched_8,120042,fixed_180,,,,,,,
684,0.0,0.0,0.5697406984360188,0.19983185070397666,True,-0.060043439356046634,-0.2581571071989016,0.13807022848680828,-0.09365228131014089,matched_8,120042,fixed_180,,,,,,,
689,1.0,1.0,0.8868225930045658,0.8706173422583725,True,-0.06913392268699134,-0.14399402471231676,0.005726179338334053,0.028437736123359203,matched_8,120042,fixed_180,,,,,,,
707,1.0,0.0,0.3095601577041158,0.16574517487960455,True,-0.1384651257488992,-0.29199793278744657,0.015067681289648166,-0.18261274863827542,matched_8,120042,fixed_180,,,,,,,
708,0.0,0.0,0.38944180681518387,0.31109833854695346,True,-0.17537682280203695,-0.25996212984395006,-0.09079151576012383,-0.3033594815556778,matched_8,120042,fixed_180,,,,,,,
712,0.0,0.0,0.22671743720630477,0.39916050095370287,True,-0.016668358705826673,-0.12401195129803057,0.0906752338863772,0.20262182932038472,matched_8,120042,fixed_180,,,,,,,
713,0.0,1.0,0.4479973834356069,0.7899673126686212,True,0.013465418311850046,-0.1235802979828893,0.15051113460658938,0.18351149860665072,matched_8,120042,fixed_180,,,,,,,
723,1.0,1.0,0.8791019779208326,0.6312407840166131,True,-0.022768531940741927,-0.12217323407512298,0.07663617019363912,-0.013981278819158116,matched_8,120042,fixed_180,,,,,,,
735,1.0,1.0,0.7869431386479372,0.5368141960979033,True,0.018892550417259707,-0.14467764505211633,0.18246274588663572,0.2892291597635016,matched_8,120042,fixed_180,,,,,,,
739,0.0,1.0,0.16567925131260422,0.3625667250095327,True,0.055181527228615926,-0.17108414270285843,0.28144719716009026,0.04653584065128688,matched_8,120042,fixed_180,,,,,,,
743,1.0,0.0,0.6338297786120288,0.6070901283292623,True,-0.17732325561518947,-0.31929218758694256,-0.035354323643436436,-0.3588049137290085,matched_8,120042,fixed_180,,,,,,,
744,0.0,0.0,0.2696157041235064,0.15264458849958287,True,-0.012976618388529995,-0.26669677616510656,0.24074353938804655,0.00043827428651807554,matched_8,120042,fixed_180,,,,,,,
752,1.0,0.0,0.6647472925894883,0.7208329462562315,True,-0.023420984907662683,-0.2407480055240569,0.1939060357087315,-0.048624029853681416,matched_8,120042,fixed_180,,,,,,,
760,1.0,1.0,0.7134555858731084,0.792566241366111,True,-0.1947780790058406,-0.2826688840737325,-0.10688727393794877,-0.1049719012824385,matched_8,120042,fixed_180,,,,,,,
773,1.0,1.0,0.8386940353384825,0.852870223315683,True,0.002807289667986596,-0.08970094927349277,0.09531552860946595,-0.05078761983714952,matched_8,120042,fixed_180,,,,,,,
776,0.0,0.0,0.3345234242308092,0.20533773166060534,True,0.09527046514412535,-0.018202352486417314,0.20874328277466797,0.11215936655437345,matched_8,120042,fixed_180,,,,,,,
779,0.0,0.0,0.3257453007133764,0.22754313436062862,True,-0.031576932043473595,-0.17954625699015744,0.11639239290321021,0.2102850669914252,matched_8,120042,fixed_180,,,,,,,
781,1.0,1.0,0.6832939038423603,0.63754694937672,True,-0.02081338147818695,-0.12937273799077278,0.08774597503439886,0.031273744586730046,matched_8,120042,fixed_180,,,,,,,
782,1.0,0.0,0.7648701537663227,0.4641424883295498,True,-0.050461571431653016,-0.13844668503175067,0.037523542168444626,-0.27881971225762575,matched_8,120042,fixed_180,,,,,,,
783,0.0,0.0,0.12172989379204215,0.3168675055683017,True,0.07939400774200762,-0.07706523948278322,0.23585325496679843,0.11768093960974968,matched_8,120042,fixed_180,,,,,,,
798,1.0,1.0,0.5742961575804171,0.7338549270059888,True,-0.01773484858901131,-0.166779475148952,0.13130977797092935,-0.012829595656138837,matched_8,120042,fixed_180,,,,,,,
822,0.0,0.0,0.7417980053932205,0.6367950734915155,True,0.03530376396582857,-0.13136467893925602,0.20197220687091313,0.15687867128973654,matched_8,120042,fixed_180,,,,,,,
827,0.0,1.0,0.264977865904604,0.5063020143310597,True,-0.1611372884686215,-0.27840465719314184,-0.04386991974410116,-0.47170840662307595,matched_8,120042,fixed_180,,,,,,,
839,0.0,0.0,0.4808888128545494,0.1562570180525887,True,-0.10845908408309514,-0.23690087976688579,0.019982711600695466,-0.082870305049013,matched_8,120042,fixed_180,,,,,,,
845,1.0,1.0,0.7067711150558171,0.505484558588421,True,0.016223166623292033,-0.14141400486042985,0.1738603381070139,-0.054967122143437575,matched_8,120042,fixed_180,,,,,,,
848,0.0,0.0,0.1666158023279128,0.2015602546752192,True,-0.014040874236128183,-0.1089326554421229,0.08085090696986652,0.0857810802170664,matched_8,120042,fixed_180,,,,,,,
859,1.0,1.0,0.6849906428774399,0.6769103292049636,True,-0.04098348328932556,-0.14528201800084495,0.06331505142219382,0.10091643251497262,matched_8,120042,fixed_180,,,,,,,
868,1.0,0.0,0.3082583807209731,0.1535068027524439,True,-0.053431609210131834,-0.19590544138313642,0.08904222296287274,-0.03768758335333155,matched_8,120042,fixed_180,,,,,,,
875,1.0,1.0,0.25333963387393715,0.20708796308982624,True,0.0629719456824324,-0.07044208182220522,0.19638597318707002,0.2750351541256375,matched_8,120042,fixed_180,,,,,,,
892,0.0,0.0,0.6313698695873204,0.23382463068565157,True,-0.11330031524207937,-0.2811245735298554,0.05452394304569663,-0.4218944972490402,matched_8,120042,fixed_180,,,,,,,
893,0.0,1.0,0.45589257876268896,0.39302832109664,True,-0.13246762490147812,-0.28006143958657265,0.015126189783616378,-0.13899119129057289,matched_8,120042,fixed_180,,,,,,,
898,1.0,1.0,0.49462645872228006,0.3547315126470555,True,-0.10348749216438156,-0.19729408878147311,-0.009680895547290028,0.11489019733853345,matched_8,120042,fixed_180,,,,,,,
908,1.0,1.0,0.59795154629418,0.5465323047791424,True,-0.04204017540724078,-0.13059791069813365,0.046517559883652054,0.2700079153490359,matched_8,120042,fixed_180,,,,,,,
913,0.0,0.0,0.4590740424682504,0.15303561997525103,True,0.04801627533841534,-0.10688888103033414,0.2029214317071648,0.5763362625455206,matched_8,120042,fixed_180,,,,,,,
915,1.0,1.0,0.8444617337210738,0.7902472579186703,True,-0.003996745877086675,-0.10317532693835886,0.09518183518418549,-0.10460704553612188,matched_8,120042,fixed_180,,,,,,,
924,0.0,1.0,0.11064807383603614,0.35875496457481376,True,-0.12022153771200651,-0.2571369622684405,0.016693886844427477,-0.03518580558050255,matched_8,120042,fixed_180,,,,,,,
929,1.0,0.0,0.6634216252210545,0.5571596280328351,True,0.09198253698104007,-0.10057220824973868,0.2845372822118188,-0.2246108655442407,matched_8,120042,fixed_180,,,,,,,
934,0.0,0.0,0.17588820990102041,0.1479102128392838,True,-0.16366109797893652,-0.2961344316196634,-0.03118776433820966,-0.17923562100166213,matched_8,120042,fixed_180,,,,,,,
955,1.0,1.0,0.7279935351733413,0.7193079523925068,True,-0.11334846411339128,-0.2258957357054936,-0.0008011925212889903,-0.4074361291328243,matched_8,120042,fixed_180,,,,,,,
960,1.0,1.0,0.516353381546526,0.48744897008899524,True,0.027309253579777933,-0.09801954134583013,0.15263804850538595,0.30302428580824725,matched_8,120042,fixed_180,,,,,,,
961,0.0,1.0,0.5952214322323915,0.2839526673389449,True,-0.04070351397316775,-0.14106344588447828,0.05965641793814275,-0.17386110854674186,matched_8,120042,fixed_180,,,,,,,
967,0.0,0.0,0.7111062328377343,0.6026371727046967,True,-0.13246762490147812,-0.28006143958657265,0.015126189783616378,0.11315424130412288,matched_8,120042,fixed_180,,,,,,,
976,0.0,0.0,0.22296580907529134,0.08518100874594803,True,-0.19759755939353085,-0.2797547998015903,-0.11544031898547143,-0.10435438224184548,matched_8,120042,fixed_180,,,,,,,
977,1.0,0.0,0.8795089744048036,0.5493546289655924,True,-0.021315768218651936,-0.10963209422869985,0.06700055779139596,0.2172265382051104,matched_8,120042,fixed_180,,,,,,,
980,1.0,1.0,0.7845093011134376,0.5285083827381312,True,-0.17694045434963682,-0.2644114325102566,-0.08946947618901704,-0.1328309937568829,matched_8,120042,fixed_180,,,,,,,
986,1.0,0.0,0.6842931095653495,0.4407593834478375,True,-0.034720189806754904,-0.21037760094233404,0.14093722132882422,-0.21930664730454208,matched_8,120042,fixed_180,,,,,,,
987,0.0,0.0,0.4937146818591577,0.41011618555896223,True,-0.07224302571497491,-0.2299643531755589,0.08547830174560904,0.16537846499403014,matched_8,120042,fixed_180,,,,,,,
989,0.0,0.0,0.502114524477848,0.4557268144672463,True,0.020856899679769867,-0.20873233423284968,0.2504461335923894,-0.22553091570484401,matched_8,120042,fixed_180,,,,,,,
5,1.0,1.0,0.6377114402121038,0.34254974755376194,True,0.022219285544277684,-0.12373855225902014,0.16817712334757548,0.29544125881310984,matched_16,120042,fixed_180,,,,,,,
12,0.0,1.0,0.40864594703941975,0.30002689738786964,True,0.03817568773281988,-0.09081556268522237,0.1671669381508621,-0.1020346687031714,matched_16,120042,fixed_180,,,,,,,
15,1.0,0.0,0.5202019068490832,0.11807387106554294,True,-0.09063126264224752,-0.25482569143450484,0.07356316615000977,-0.003080297422145953,matched_16,120042,fixed_180,,,,,,,
30,0.0,0.0,0.5746897562690604,0.24295906763714584,True,-0.1183776518822367,-0.2350121585799517,-0.0017431451845217188,-0.15824629257148742,matched_16,120042,fixed_180,,,,,,,
39,1.0,0.0,0.6048933776872666,0.3441516064005722,True,-0.10378783833867511,-0.2394269358453371,0.03185125916798687,-0.0787740414269622,matched_16,120042,fixed_180,,,,,,,
40,0.0,0.0,0.3543801765148926,0.35057432062020416,True,-0.1084628365905069,-0.23318213399394672,0.016256460812932888,0.060474988513839145,matched_16,120042,fixed_180,,,,,,,
43,1.0,0.0,0.7309350546172592,0.38618933830050256,True,-0.07334862723618499,-0.2081849313928254,0.0614876769204554,-0.19702180525731344,matched_16,120042,fixed_180,,,,,,,
45,0.0,0.0,0.2877857978025763,0.3689753372039217,True,-0.110205819930532,-0.27004233892875107,0.04963069906768702,0.13139903885494988,matched_16,120042,fixed_180,,,,,,,
48,1.0,1.0,0.4640558918721573,0.5888245392655549,True,-0.08477502943858922,-0.24520300654723765,0.07565294767005915,-0.02351093248221392,matched_16,120042,fixed_180,,,,,,,
63,1.0,0.0,0.493740643635318,0.20164355626544486,True,-0.07050929836984755,-0.22227750339720015,0.08125890665750503,-0.08061850681857732,matched_16,120042,fixed_180,,,,,,,
67,1.0,1.0,0.4135078007326209,0.532633707078535,True,-0.18763450245229105,-0.32824225119788497,-0.04702675370669718,-0.4040936263411786,matched_16,120042,fixed_180,,,,,,,
69,0.0,0.0,0.46600337273861786,0.48630868982475617,True,-0.1270951821263289,-0.22814502394998434,-0.02604534030267347,-0.2535047085663173,matched_16,120042,fixed_180,,,,,,,
72,1.0,0.0,0.5908011295185976,0.3649110295452353,True,-0.06628053019901183,-0.20254809308408533,0.06998703268606164,0.03393963416448598,matched_16,120042,fixed_180,,,,,,,
75,1.0,0.0,0.8971971121686327,0.590906090484836,True,0.0019652680092744563,-0.10446330295738071,0.10839383897592961,-0.21905044290968123,matched_16,120042,fixed_180,,,,,,,
93,0.0,1.0,0.23435593073816172,0.3708737195266814,True,-0.09873134531905765,-0.22536543093550931,0.027902740297393994,-0.24763340158643393,matched_16,120042,fixed_180,,,,,,,
115,0.0,0.0,0.417662784829503,0.3560754401295836,True,-0.062980570655228,-0.24872289717203674,0.12276175586158072,-0.036066766855671034,matched_16,120042,fixed_180,,,,,,,
116,0.0,1.0,0.2300810466125331,0.24524587329350514,True,-0.16694702232134956,-0.2564049682794394,-0.0774890763632597,-0.014342061446469406,matched_16,120042,fixed_180,,,,,,,
121,1.0,0.0,0.829551555662928,0.5644650903605791,True,-0.122664918773027,-0.20648336184238086,-0.03884647570367315,-0.578150415838105,matched_16,120042,fixed_180,,,,,,,
122,1.0,0.0,0.6628130336914178,0.16757719199669627,True,-0.08024250116119737,-0.1803090091910452,0.01982400686865045,-0.1662835077113541,matched_16,120042,fixed_180,,,,,,,
123,0.0,1.0,0.39744562120923743,0.39243083175848403,True,0.026590407818462017,-0.1690413622906351,0.22222217792755905,0.03246765507545743,matched_16,120042,fixed_180,,,,,,,
126,0.0,0.0,0.2904388139791195,0.3909132072928165,True,-0.13682242521109475,-0.27410674284274406,0.00046189242055452717,-0.3010231687743369,matched_16,120042,fixed_180,,,,,,,
130,0.0,0.0,0.26863216138852986,0.21849460988274513,True,-0.04060508984140053,-0.14494246567101793,0.06373228598821683,0.006309753656425152,matched_16,120042,fixed_180,,,,,,,
137,0.0,0.0,0.19104229057139868,0.136704195001431,True,-0.0367630716686018,-0.16142300292360898,0.08789685958640533,-0.035394603233024145,matched_16,120042,fixed_180,,,,,,,
145,1.0,0.0,0.4660143956373304,0.44212132263226617,True,0.008833362396322743,-0.11267930841148044,0.1303460332041259,-0.33769143797714973,matched_16,120042,fixed_180,,,,,,,
151,0.0,1.0,0.5191771574449675,0.4662585530143542,True,0.06549616425434937,-0.09890169931676523,0.22989402782546395,-0.31487008056515453,matched_16,120042,fixed_180,,,,,,,
162,0.0,0.0,0.5856731783723788,0.5989655969474362,True,-0.07255139348339058,-0.28293607527624554,0.13783328830946429,-0.1770906937214045,matched_16,120042,fixed_180,,,,,,,
167,0.0,1.0,0.6272436550256896,0.707639467658466,True,-0.028931268147368325,-0.1450829552212453,0.08722041892650864,0.060419762402974864,matched_16,120042,fixed_180,,,,,,,
169,1.0,1.0,0.718421807752594,0.8744463758885973,True,-0.06684667881891261,-0.18516557837236264,0.0514722207345374,-0.059438745764093026,matched_16,120042,fixed_180,,,,,,,
180,1.0,1.0,0.8672668628184429,0.5657293381904667,True,-0.08376635353118121,-0.2663023614581664,0.09876965439580389,0.07214620573564456,matched_16,120042,fixed_180,,,,,,,
186,1.0,0.0,0.5911390146431826,0.5179879989770028,True,-0.04461276517344598,-0.23105142340205795,0.14182589305516596,-0.34838730337294177,matched_16,120042,fixed_180,,,,,,,
193,0.0,0.0,0.40023106047420476,0.1550758670471376,True,-0.13571734555797915,-0.24434583609116867,-0.02708885502478965,-0.07790570380726344,matched_16,120042,fixed_180,,,,,,,
196,0.0,0.0,0.4779684453454312,0.4063942925546509,True,0.04540572883734935,-0.06681099284250981,0.1576224505172085,0.18500422317417548,matched_16,120042,fixed_180,,,,,,,
198,0.0,0.0,0.14587366590344183,0.3168318250125152,True,-0.18781599588103629,-0.31276748747030814,-0.06286450429176443,-0.09796041668062988,matched_16,120042,fixed_180,,,,,,,
205,1.0,1.0,0.889667935890094,0.4157414662695457,True,-0.09296621723818048,-0.18171803067509235,-0.004214403801268626,0.10039000345163385,matched_16,120042,fixed_180,,,,,,,
208,1.0,1.0,0.37917397054309765,0.6227098092939151,True,0.03156775463575942,-0.15095232341859635,0.21408783269011517,-0.38364186382161225,matched_16,120042,fixed_180,,,,,,,
211,0.0,0.0,0.231401125726331,0.22905857404779453,True,-0.0029852037359049876,-0.2002848176474117,0.19431441017560167,0.039362356322426656,matched_16,120042,fixed_180,,,,,,,
229,0.0,0.0,0.35491053100236486,0.18642819332391197,True,-0.10170275503643027,-0.20439304857029983,0.0009875384974392526,-0.0181111175885878,matched_16,120042,fixed_180,,,,,,,
237,0.0,1.0,0.3187585270756577,0.6861105920384603,True,-0.026795679412194646,-0.11175884798269346,0.058167489158304164,0.014677238537030401,matched_16,120042,fixed_180,,,,,,,
241,1.0,0.0,0.33880276994038705,0.4470269612145222,True,-0.0910339260273877,-0.19071358650212833,0.008645734447352907,-0.2359562924134932,matched_16,120042,fixed_180,,,,,,,
250,1.0,1.0,0.8428866494274864,0.703627059039757,True,-0.1292706209871329,-0.21627489435241243,-0.04226634762185341,-0.14381661120733635,matched_16,120042,fixed_180,,,,,,,
254,0.0,1.0,0.20839292854203073,0.24099446092279211,True,-0.10632290171693244,-0.24638747623179436,0.03374167279792946,0.11029612787953566,matched_16,120042,fixed_180,,,,,,,
261,0.0,0.0,0.25783316789758004,0.1812073244799295,True,0.013083646982547329,-0.16008878322684125,0.18625607719193585,0.31285754382566056,matched_16,120042,fixed_180,,,,,,,
264,1.0,1.0,0.5133701154893368,0.5783417591739412,True,-0.07738863760221201,-0.21188949140638938,0.05711221620196533,0.10130985419071503,matched_16,120042,fixed_180,,,,,,,
265,0.0,0.0,0.4673440107611287,0.3563794093146026,True,-0.15980874208315568,-0.25963688049491596,-0.05998060367139542,-0.19966649402570194,matched_16,120042,fixed_180,,,,,,,
270,0.0,0.0,0.34874073775724557,0.20171397701955088,True,-0.12599179559791812,-0.2342603136947734,-0.017723277501062867,-0.05981133747776573,matched_16,120042,fixed_180,,,,,,,
271,1.0,0.0,0.8208015211662028,0.8654343342544495,True,-0.055551643265943355,-0.15100586468479146,0.03990257815290472,-0.027407061388611043,matched_16,120042,fixed_180,,,,,,,
277,1.0,1.0,0.8458274757149049,0.5796784555469318,True,0.022707810438849507,-0.11290552654239128,0.15832114742009026,0.19707323380293573,matched_16,120042,fixed_180,,,,,,,
282,0.0,0.0,0.4968539889905682,0.48950108386632263,True,-0.029156461105021757,-0.2046005425844494,0.14628762037440582,0.2904593735133494,matched_16,120042,fixed_180,,,,,,,
284,0.0,1.0,0.26169668314489575,0.48044735559495144,True,-0.022523756534977207,-0.1922644716726425,0.14721695860268805,0.18518688543613304,matched_16,120042,fixed_180,,,,,,,
288,1.0,0.0,0.7511605014707504,0.5824804714021297,True,-0.021925912555742624,-0.16279363020958382,0.11894180509809855,0.004640120746827181,matched_16,120042,fixed_180,,,,,,,
294,1.0,1.0,0.8164796270017057,0.49031264913350026,True,-0.026003057090050845,-0.15623843776056484,0.10423232358046311,-0.34951026332690505,matched_16,120042,fixed_180,,,,,,,
318,0.0,0.0,0.6636540076542939,0.5705544669325786,True,-0.053225796076483464,-0.23215019361480738,0.12569860146184042,-0.20199985734703257,matched_16,120042,fixed_180,,,,,,,
319,1.0,1.0,0.8930296774091446,0.7555478412559756,True,-0.0189165793353756,-0.17978805776860343,0.1419548990978522,0.04278373950332526,matched_16,120042,fixed_180,,,,,,,
328,0.0,1.0,0.39432924248177276,0.18948303187203663,True,0.008529004890779074,-0.08152233619660307,0.09858034597816119,0.10327243996857394,matched_16,120042,fixed_180,,,,,,,
334,0.0,0.0,0.32003853805723764,0.2875355167491368,True,-0.14631569438703385,-0.2597543371362886,-0.03287705163777911,-0.1484375342195409,matched_16,120042,fixed_180,,,,,,,
339,0.0,1.0,0.6907306329755005,0.5644583916735121,True,-0.08301690100465575,-0.20119452743222005,0.03516072542290853,-0.04096418254395162,matched_16,120042,fixed_180,,,,,,,
343,1.0,1.0,0.7122793784860058,0.5155210187085154,True,-0.07339979552369846,-0.2300144789142857,0.08321488786688874,-0.252500407706424,matched_16,120042,fixed_180,,,,,,,
346,0.0,0.0,0.4668878241550569,0.33951763988107997,True,-0.07133874121063348,-0.33192796840181266,0.1892504859805456,0.021257549177203516,matched_16,120042,fixed_180,,,,,,,
347,0.0,1.0,0.20263826870260368,0.2637419376444213,True,-0.11145470257691559,-0.2748120936126595,0.05190268845882831,0.0718545920669893,matched_16,120042,fixed_180,,,,,,,
349,0.0,1.0,0.7980010545149436,0.6771543356924604,True,-0.11919371641870757,-0.23640523371544064,-0.0019821991219745178,0.03268878550218324,matched_16,120042,fixed_180,,,,,,,
354,1.0,0.0,0.532805219686784,0.2924577715670299,True,0.008596668038070038,-0.09370681478665009,0.11090015086279013,-0.14297135067526034,matched_16,120042,fixed_180,,,,,,,
357,1.0,1.0,0.6408274001124588,0.2999253159315922,True,-0.10921209274527995,-0.2129957607628979,-0.005428424727662029,0.1013446835796018,matched_16,120042,fixed_180,,,,,,,
360,1.0,0.0,0.3477877504865826,0.3387807653978252,True,-0.006373493779384164,-0.16787881840145108,0.1551318308426827,-0.20995476861796994,matched_16,120042,fixed_180,,,,,,,
361,0.0,0.0,0.29661108176182654,0.23059339157774011,True,-0.03307316774703689,-0.11024824170295851,0.04410190620888471,-0.0406445885166562,matched_16,120042,fixed_180,,,,,,,
365,1.0,0.0,0.6049751553904226,0.2863717839207137,True,-0.1545676879339698,-0.2388175579433164,-0.0703178179246232,-0.3344524588585174,matched_16,120042,fixed_180,,,,,,,
368,1.0,0.0,0.6849883638981021,0.32733973117530735,True,-0.061281820259947224,-0.22456270016822197,0.1019990596483275,-0.05427466854280549,matched_16,120042,fixed_180,,,,,,,
370,1.0,0.0,0.19790340240759838,0.10800260009836761,True,-0.056576690673895653,-0.19477424780172986,0.08162086645393854,-0.11224918810400103,matched_16,120042,fixed_180,,,,,,,
380,0.0,1.0,0.7471666727680591,0.4674264398886901,True,-0.13009504530748395,-0.21794956866239587,-0.04224052195257205,-0.4595323870462047,matched_16,120042,fixed_180,,,,,,,
384,1.0,1.0,0.6900728481780237,0.5112597274821526,True,-0.026789227284248932,-0.24146268450697053,0.18788422993847262,0.0703099140074529,matched_16,120042,fixed_180,,,,,,,
392,1.0,1.0,0.7956043945971023,0.7308406047876336,True,-0.07650800502416474,-0.16199095705234207,0.008974947004012537,0.0859568948245617,matched_16,120042,fixed_180,,,,,,,
398,0.0,1.0,0.3206138626697417,0.45685223927714724,True,-0.059767364962899486,-0.19848688164914657,0.07895215172334759,-0.3498504475078327,matched_16,120042,fixed_180,,,,,,,
409,0.0,0.0,0.18337791691798333,0.4439000770292082,True,-0.03737677847914931,-0.14195799433932313,0.0672044373810245,0.14554265152238055,matched_16,120042,fixed_180,,,,,,,
422,1.0,1.0,0.4374280553015159,0.34871246199525907,True,0.08712539054302529,-0.029803225991622398,0.20405400707767296,0.04875396248008518,matched_16,120042,fixed_180,,,,,,,
424,1.0,0.0,0.6770097302582416,0.7052642761137701,True,-0.1541274152817998,-0.2380959193897225,-0.07015891117387713,-0.411950972386599,matched_16,120042,fixed_180,,,,,,,
431,1.0,1.0,0.4372491262168222,0.6279412483546116,True,-0.06576613062506524,-0.24032697494350969,0.10879471369337913,-0.32665406706368566,matched_16,120042,fixed_180,,,,,,,
433,0.0,0.0,0.10525170726096475,0.10427304962006238,True,-0.08183482688566497,-0.24673268052687358,0.0830630267555436,-0.03402153155820689,matched_16,120042,fixed_180,,,,,,,
435,0.0,1.0,0.4409894527049854,0.6729711349557012,True,-0.09186899867954705,-0.28226076739537237,0.09852277003627823,-0.10742312894197681,matched_16,120042,fixed_180,,,,,,,
446,1.0,0.0,0.2790381570542702,0.16375999330593335,True,-0.08840502774064823,-0.17300554367584486,-0.0038045118054516325,-0.06432527410523083,matched_16,120042,fixed_180,,,,,,,
447,1.0,1.0,0.536835214889051,0.5503554221394807,True,-0.043499552345006694,-0.18605164031564844,0.09905253562563504,0.034144994760945346,matched_16,120042,fixed_180,,,,,,,
451,1.0,1.0,0.7690955084071955,0.6112206494377056,True,-0.01925761850003003,-0.16182367630202005,0.12330843930195998,-0.17663563846118313,matched_16,120042,fixed_180,,,,,,,
460,1.0,0.0,0.39094770965443404,0.27994469973743064,True,0.015474676301076294,-0.1253705063279848,0.15631985893013736,-0.15089969081385596,matched_16,120042,fixed_180,,,,,,,
462,0.0,0.0,0.4757820881301206,0.3798226570352518,True,-0.0015702850155818904,-0.10339055922471506,0.10024998919355126,-0.02877369342676961,matched_16,120042,fixed_180,,,,,,,
465,0.0,1.0,0.4312755600906261,0.6491876730428766,True,-0.12309477387643065,-0.21326261535251895,-0.03292693240034236,-0.07352311822592295,matched_16,120042,fixed_180,,,,,,,
467,0.0,0.0,0.2562069965782711,0.26684038260745196,True,-0.09838503620906237,-0.22865712174914782,0.03188704933102306,0.18109530692018136,matched_16,120042,fixed_180,,,,,,,
468,1.0,0.0,0.44882293786932376,0.4590625162462623,True,-0.07351157125247385,-0.2575471183991255,0.11052397589417778,-0.36394341785118856,matched_16,120042,fixed_180,,,,,,,
474,0.0,0.0,0.4334979519869535,0.38280401600429703,True,0.027126798981560882,-0.09910979213572287,0.1533633900988446,0.27024214191256124,matched_16,120042,fixed_180,,,,,,,
478,1.0,0.0,0.5739982744039367,0.2947270948162633,True,-0.08706466533410252,-0.2371070106235863,0.06297767995538124,-0.14113139488284232,matched_16,120042,fixed_180,,,,,,,
481,0.0,1.0,0.5087083360409932,0.40825501741027925,True,-0.05508503775148115,-0.23468818297908375,0.12451810747612141,0.24256774419822325,matched_16,120042,fixed_180,,,,,,,
486,1.0,1.0,0.7441202307802978,0.6148549412893181,True,-0.21895700319756647,-0.309469637691331,-0.12844436870380194,-0.6892153014395378,matched_16,120042,fixed_180,,,,,,,
487,1.0,1.0,0.8467975192157075,0.5866738910251524,True,-0.029159631476258073,-0.194180665643589,0.1358614026910728,-0.028156691615068175,matched_16,120042,fixed_180,,,,,,,
498,0.0,0.0,0.3020648921646804,0.1979830251548477,True,-0.0796983929954251,-0.1898529714037531,0.030456185412902875,-0.1062618189134249,matched_16,120042,fixed_180,,,,,,,
503,0.0,0.0,0.3446948747805175,0.2658055219729751,True,-0.026016433938964655,-0.21275547033659886,0.16072260245866948,-0.16728505428348134,matched_16,120042,fixed_180,,,,,,,
507,1.0,1.0,0.8311033999506614,0.7945564212316646,True,-0.04626775110323786,-0.13542999271968245,0.04289449051320672,-0.030854928811506976,matched_16,120042,fixed_180,,,,,,,
508,0.0,0.0,0.5229332692489086,0.2601699446166555,True,-0.0662092812005417,-0.15865163619158631,0.02623307379050288,-0.05620972089686527,matched_16,120042,fixed_180,,,,,,,
514,1.0,1.0,0.8270038617254091,0.6943390637417084,True,-0.13035356709399354,-0.23013881424877938,-0.030568319939207722,-0.061478120138046544,matched_16,120042,fixed_180,,,,,,,
526,0.0,0.0,0.15782593929996835,0.13044474411998602,True,-0.03560296269995609,-0.16747979563773363,0.09627387023782144,0.020299231269924375,matched_16,120042,fixed_180,,,,,,,
528,1.0,1.0,0.6647472925894883,0.7352516088728809,True,-0.027141086355904585,-0.1247798352697563,0.0704976625579471,-0.3151680255715663,matched_16,120042,fixed_180,,,,,,,
532,1.0,0.0,0.5659465902283147,0.4305883970188177,True,-0.10093794643101077,-0.20421805941541538,0.0023421665533938235,-0.5334643262344162,matched_16,120042,fixed_180,,,,,,,
534,0.0,1.0,0.6356185713393279,0.49570608184298615,True,-0.004009331470172564,-0.09193231201183383,0.0839136490714887,0.13543398492073888,matched_16,120042,fixed_180,,,,,,,
535,0.0,0.0,0.6385549390569282,0.3491581541021244,True,-0.004024489098505019,-0.19315060836599138,0.18510163016898126,0.03704061610492676,matched_16,120042,fixed_180,,,,,,,
538,1.0,0.0,0.7165422603028302,0.5565385298635452,True,-0.043910348985107935,-0.16012263953276235,0.07230194156254643,-0.06212851278558973,matched_16,120042,fixed_180,,,,,,,
539,0.0,1.0,0.3919352408994978,0.39807883890515544,True,-0.10363626093923593,-0.2325961249117029,0.025323603033230987,-0.11126006308263126,matched_16,120042,fixed_180,,,,,,,
546,0.0,0.0,0.30246911548946265,0.1674140399970113,True,-0.08769155577437991,-0.16890215835733832,-0.006480953191421529,-0.06620608679353736,matched_16,120042,fixed_180,,,,,,,
549,1.0,0.0,0.737809295603759,0.4018100071172399,True,-0.10398116055967317,-0.2891884599927638,0.08122613887341744,-0.22605679180368443,matched_16,120042,fixed_180,,,,,,,
550,0.0,0.0,0.22968620364065134,0.12507868829739605,True,-0.1099739569817043,-0.20535120795063705,-0.014596706012771563,-0.08381602753461014,matched_16,120042,fixed_180,,,,,,,
552,1.0,0.0,0.5131292585651384,0.19044531066663345,True,-0.2011464241858223,-0.3737788053319181,-0.02851404303972649,0.08753892270289004,matched_16,120042,fixed_180,,,,,,,
559,1.0,0.0,0.6085123450001269,0.405681505096466,True,-0.1860793804305993,-0.280422305976075,-0.09173645488512365,-0.36576085048430995,matched_16,120042,fixed_180,,,,,,,
560,1.0,1.0,0.8655555287273489,0.6294406160354643,True,-0.09557228294609232,-0.23141041209415963,0.04026584620197496,-0.06469990771798673,matched_16,120042,fixed_180,,,,,,,
561,1.0,0.0,0.6004522932294956,0.25193874811218325,True,-0.06483935554197962,-0.22403191143393805,0.09435320034997877,-0.14847635272894044,matched_16,120042,fixed_180,,,,,,,
563,0.0,0.0,0.34977696900330585,0.3001244011940171,True,-0.06879952019863854,-0.18519216627272705,0.04759312587544996,0.08723419972137467,matched_16,120042,fixed_180,,,,,,,
568,1.0,1.0,0.8420165704415828,0.7241993149028411,True,-0.14909539814816564,-0.24741045936243095,-0.050780336933900355,-0.11006768648138565,matched_16,120042,fixed_180,,,,,,,
569,0.0,1.0,0.6204165780663479,0.649966418468412,True,-0.12006742992947603,-0.21690581938848205,-0.02322904047047003,-0.03506472883281053,matched_16,120042,fixed_180,,,,,,,
578,0.0,0.0,0.528449166106585,0.541129455632692,True,-0.06753576595303337,-0.15673601355104966,0.021664481644982872,-0.1661069213092291,matched_16,120042,fixed_180,,,,,,,
584,1.0,0.0,0.4835230499831929,0.6086690571475216,True,-0.03205434561151313,-0.16561048749028168,0.10150179626725539,-0.18620539681394355,matched_16,120042,fixed_180,,,,,,,
588,1.0,1.0,0.6950874683394853,0.6067692377764136,True,-0.012551721077466034,-0.1124054289482878,0.0873019867933557,0.05151712594740754,matched_16,120042,fixed_180,,,,,,,
594,0.0,1.0,0.3845124638174599,0.20204826370818607,True,-0.10390213481171975,-0.18580873885844396,-0.021995530764995594,-0.1845762402931477,matched_16,120042,fixed_180,,,,,,,
599,0.0,1.0,0.5139276407168637,0.3069862927665871,True,-0.08490832956501464,-0.1909370627517695,0.02112040362174021,-0.017020805613165407,matched_16,120042,fixed_180,,,,,,,
603,1.0,1.0,0.8760250372770755,0.7245136388321798,True,-0.1124270427824303,-0.21391996502649854,-0.010934120538362097,-0.4064471216929251,matched_16,120042,fixed_180,,,,,,,
606,0.0,1.0,0.21922940776003394,0.3608687382193187,True,-0.05861181887170709,-0.17082890772141876,0.05360526997800455,-0.0810499975355446,matched_16,120042,fixed_180,,,,,,,
607,0.0,0.0,0.2306889141131686,0.41349980578355594,True,-0.003089011085054748,-0.1585372978406687,0.15235927567055918,-0.20262165996000597,matched_16,120042,fixed_180,,,,,,,
609,0.0,1.0,0.2303519206028594,0.1661800464978828,True,-0.14906657881282587,-0.2540760547087705,-0.04405710291688128,-0.17815202596793825,matched_16,120042,fixed_180,,,,,,,
614,1.0,1.0,0.6467946600933504,0.454149402724382,True,-0.14152519898404825,-0.21393417676347573,-0.06911622120462078,0.13800989485438941,matched_16,120042,fixed_180,,,,,,,
617,1.0,0.0,0.6802572666640975,0.691208308706228,True,-0.11224128421931756,-0.21024328990572505,-0.014239278532910113,-0.32977963417948597,matched_16,120042,fixed_180,,,,,,,
621,1.0,1.0,0.627291255719527,0.643934722388693,True,-0.08524406794484124,-0.23269938289556738,0.062211247005884845,-0.10300534475910206,matched_16,120042,fixed_180,,,,,,,
626,1.0,0.0,0.474501537217078,0.16437460061425205,True,-0.11041086984310393,-0.22985936949798438,0.009037629811776499,-0.14734105843629364,matched_16,120042,fixed_180,,,,,,,
638,1.0,0.0,0.2748012559824055,0.1239220657092472,True,-0.12770622091494485,-0.22123783641653016,-0.034174605413359566,-0.028967779075204383,matched_16,120042,fixed_180,,,,,,,
648,1.0,1.0,0.5446984576494674,0.4969151883647077,True,-0.13183809070196326,-0.23854429387327647,-0.025131887530650043,0.22657797391420198,matched_16,120042,fixed_180,,,,,,,
651,1.0,0.0,0.7414638822974168,0.20735604282143721,True,-0.10768304076497416,-0.31980370825353743,0.10443762672358904,0.14285091672279376,matched_16,120042,fixed_180,,,,,,,
656,0.0,0.0,0.28204662460451924,0.4366149382471533,True,0.018628582008410177,-0.08015665613696472,0.11741382015378506,0.008071797181922913,matched_16,120042,fixed_180,,,,,,,
662,0.0,0.0,0.6929571721037661,0.5688028871898342,True,0.047066982709580756,-0.17175243065328918,0.2658863960724507,0.12090442381375327,matched_16,120042,fixed_180,,,,,,,
663,1.0,1.0,0.6304851473044282,0.5835748670106308,True,-0.043479085277339534,-0.1870846310686951,0.100126460514016,-0.0006267839972746714,matched_16,120042,fixed_180,,,,,,,
676,1.0,0.0,0.4599439184764482,0.29878782114157487,True,-0.08863585688490858,-0.30208851759349775,0.12481680382368052,0.288078314021742,matched_16,120042,fixed_180,,,,,,,
680,1.0,0.0,0.6829703748258147,0.11385594636738014,True,-0.04550588767216818,-0.13675192352077692,0.04574014817644054,-0.21676132704337042,matched_16,120042,fixed_180,,,,,,,
684,0.0,0.0,0.5697406984360188,0.19983185070397666,True,-0.05822771722578121,-0.15879974683766662,0.04234431238610417,-0.09365228131014089,matched_16,120042,fixed_180,,,,,,,
689,1.0,1.0,0.8868225930045658,0.8706173422583725,True,-0.0339651695946222,-0.1546106598318162,0.08668032064257179,0.028437736123359203,matched_16,120042,fixed_180,,,,,,,
707,1.0,0.0,0.3095601577041158,0.16574517487960455,True,-0.03606214921049155,-0.17840974820854377,0.10628544978756063,-0.18261274863827542,matched_16,120042,fixed_180,,,,,,,
708,0.0,0.0,0.38944180681518387,0.31109833854695346,True,-0.11545235079905049,-0.22550593415790282,-0.005398767440198168,-0.3033594815556778,matched_16,120042,fixed_180,,,,,,,
712,0.0,0.0,0.22671743720630477,0.39916050095370287,True,-0.022271076573524045,-0.14783434990858835,0.10329219676154024,0.20262182932038472,matched_16,120042,fixed_180,,,,,,,
713,0.0,1.0,0.4479973834356069,0.7899673126686212,True,-0.053075765889955835,-0.1740915068971278,0.06793997511721608,0.18351149860665072,matched_16,120042,fixed_180,,,,,,,
723,1.0,1.0,0.8791019779208326,0.6312407840166131,True,-0.0070089277673706886,-0.18852962093789036,0.17451176540314894,-0.013981278819158116,matched_16,120042,fixed_180,,,,,,,
735,1.0,1.0,0.7869431386479372,0.5368141960979033,True,0.028538824884060652,-0.0580680069472084,0.11514565671532968,0.2892291597635016,matched_16,120042,fixed_180,,,,,,,
739,0.0,1.0,0.16567925131260422,0.3625667250095327,True,0.01906098583500618,-0.09669250919108079,0.13481448086109313,0.04653584065128688,matched_16,120042,fixed_180,,,,,,,
743,1.0,0.0,0.6338297786120288,0.6070901283292623,True,-0.1551582378040961,-0.2742838863418886,-0.03603258926630365,-0.3588049137290085,matched_16,120042,fixed_180,,,,,,,
744,0.0,0.0,0.2696157041235064,0.15264458849958287,True,-7.877010677885933e-05,-0.12605412366176408,0.1258965834482063,0.00043827428651807554,matched_16,120042,fixed_180,,,,,,,
752,1.0,0.0,0.6647472925894883,0.7208329462562315,True,-0.027141086355904585,-0.1247798352697563,0.0704976625579471,-0.048624029853681416,matched_16,120042,fixed_180,,,,,,,
760,1.0,1.0,0.7134555858731084,0.792566241366111,True,-0.19637044984533725,-0.346764424917257,-0.04597647477341754,-0.1049719012824385,matched_16,120042,fixed_180,,,,,,,
773,1.0,1.0,0.8386940353384825,0.852870223315683,True,-0.030348435856549345,-0.16623665969206142,0.10553978797896271,-0.05078761983714952,matched_16,120042,fixed_180,,,,,,,
776,0.0,0.0,0.3345234242308092,0.20533773166060534,True,0.03889313392566327,-0.1395414433266053,0.2173277111779318,0.11215936655437345,matched_16,120042,fixed_180,,,,,,,
779,0.0,0.0,0.3257453007133764,0.22754313436062862,True,-0.06751071387149948,-0.2111175705319137,0.07609614278891472,0.2102850669914252,matched_16,120042,fixed_180,,,,,,,
781,1.0,1.0,0.6832939038423603,0.63754694937672,True,-0.10578049353530367,-0.318350064217489,0.1067890771468816,0.031273744586730046,matched_16,120042,fixed_180,,,,,,,
782,1.0,0.0,0.7648701537663227,0.4641424883295498,True,-0.010992811650545194,-0.17650609720973964,0.15452047390864923,-0.27881971225762575,matched_16,120042,fixed_180,,,,,,,
783,0.0,0.0,0.12172989379204215,0.3168675055683017,True,0.10772477033369492,-0.0712987096383249,0.28674825030571466,0.11768093960974968,matched_16,120042,fixed_180,,,,,,,
798,1.0,1.0,0.5742961575804171,0.7338549270059888,True,0.032491366806431984,-0.13738303091657628,0.20236576452944022,-0.012829595656138837,matched_16,120042,fixed_180,,,,,,,
822,0.0,0.0,0.7417980053932205,0.6367950734915155,True,0.10469849488520537,-0.15009605662678216,0.3594930463971929,0.15687867128973654,matched_16,120042,fixed_180,,,,,,,
827,0.0,1.0,0.264977865904604,0.5063020143310597,True,-0.13059648120602768,-0.21209383729698475,-0.04909912511507063,-0.47170840662307595,matched_16,120042,fixed_180,,,,,,,
839,0.0,0.0,0.4808888128545494,0.1562570180525887,True,-0.11275071998059019,-0.19283745980991507,-0.03266398015126536,-0.082870305049013,matched_16,120042,fixed_180,,,,,,,
845,1.0,1.0,0.7067711150558171,0.505484558588421,True,0.05371538699967382,-0.12879295598042473,0.2362237299797723,-0.054967122143437575,matched_16,120042,fixed_180,,,,,,,
848,0.0,0.0,0.1666158023279128,0.2015602546752192,True,-0.03549707061062631,-0.24072916927272614,0.16973502805147347,0.0857810802170664,matched_16,120042,fixed_180,,,,,,,
859,1.0,1.0,0.6849906428774399,0.6769103292049636,True,-0.06601720927387128,-0.2493431903544816,0.11730877180673902,0.10091643251497262,matched_16,120042,fixed_180,,,,,,,
868,1.0,0.0,0.3082583807209731,0.1535068027524439,True,-0.07696278587855328,-0.16578932105397176,0.011863749296865178,-0.03768758335333155,matched_16,120042,fixed_180,,,,,,,
875,1.0,1.0,0.25333963387393715,0.20708796308982624,True,0.04237951138540913,-0.13310689800395,0.21786592077476824,0.2750351541256375,matched_16,120042,fixed_180,,,,,,,
892,0.0,0.0,0.6313698695873204,0.23382463068565157,True,-0.041076822164640925,-0.21428931994013695,0.13213567561085504,-0.4218944972490402,matched_16,120042,fixed_180,,,,,,,
893,0.0,1.0,0.45589257876268896,0.39302832109664,True,-0.08969076184773504,-0.22857012838206553,0.04918860468659543,-0.13899119129057289,matched_16,120042,fixed_180,,,,,,,
898,1.0,1.0,0.49462645872228006,0.3547315126470555,True,-0.048871923121998825,-0.18799791152240852,0.09025406527841086,0.11489019733853345,matched_16,120042,fixed_180,,,,,,,
908,1.0,1.0,0.59795154629418,0.5465323047791424,True,-0.09326829110618014,-0.23253807579154978,0.04600149357918944,0.2700079153490359,matched_16,120042,fixed_180,,,,,,,
913,0.0,0.0,0.4590740424682504,0.15303561997525103,True,0.005477574057217563,-0.1730284881954815,0.1839836363099166,0.5763362625455206,matched_16,120042,fixed_180,,,,,,,
915,1.0,1.0,0.8444617337210738,0.7902472579186703,True,0.02558587807841475,-0.12024099451306722,0.1714127506698967,-0.10460704553612188,matched_16,120042,fixed_180,,,,,,,
924,0.0,1.0,0.11064807383603614,0.35875496457481376,True,-0.06005600512767198,-0.2617027525935046,0.1415907423381606,-0.03518580558050255,matched_16,120042,fixed_180,,,,,,,
929,1.0,0.0,0.6634216252210545,0.5571596280328351,True,0.04384354800403894,-0.04996955339348117,0.13765664940155903,-0.2246108655442407,matched_16,120042,fixed_180,,,,,,,
934,0.0,0.0,0.17588820990102041,0.1479102128392838,True,-0.17586096644960642,-0.257157894376537,-0.0945640385226758,-0.17923562100166213,matched_16,120042,fixed_180,,,,,,,
955,1.0,1.0,0.7279935351733413,0.7193079523925068,True,-0.12083722918117151,-0.22404278307179815,-0.01763167529054488,-0.4074361291328243,matched_16,120042,fixed_180,,,,,,,
960,1.0,1.0,0.516353381546526,0.48744897008899524,True,0.07349680043461172,-0.07194607863895806,0.21893967950818144,0.30302428580824725,matched_16,120042,fixed_180,,,,,,,
961,0.0,1.0,0.5952214322323915,0.2839526673389449,True,-0.00837825117955439,-0.226268061659326,0.20951155930021714,-0.17386110854674186,matched_16,120042,fixed_180,,,,,,,
967,0.0,0.0,0.7111062328377343,0.6026371727046967,True,-0.07485756651451596,-0.172962398679577,0.02324726565054505,0.11315424130412288,matched_16,120042,fixed_180,,,,,,,
976,0.0,0.0,0.22296580907529134,0.08518100874594803,True,-0.2015857077446182,-0.35626589670878706,-0.04690551878044941,-0.10435438224184548,matched_16,120042,fixed_180,,,,,,,
977,1.0,0.0,0.8795089744048036,0.5493546289655924,True,-0.0865106505201857,-0.310300532930327,0.13727923188995556,0.2172265382051104,matched_16,120042,fixed_180,,,,,,,
980,1.0,1.0,0.7845093011134376,0.5285083827381312,True,-0.10107503948493719,-0.2238717196482776,0.02172164067840318,-0.1328309937568829,matched_16,120042,fixed_180,,,,,,,
986,1.0,0.0,0.6842931095653495,0.4407593834478375,True,-0.09005331314504415,-0.17631022681734143,-0.003796399472746903,-0.21930664730454208,matched_16,120042,fixed_180,,,,,,,
987,0.0,0.0,0.4937146818591577,0.41011618555896223,True,-0.07160888837173489,-0.16027204525759878,0.017054268514128973,0.16537846499403014,matched_16,120042,fixed_180,,,,,,,
989,0.0,0.0,0.502114524477848,0.4557268144672463,True,0.0019533720895429487,-0.22082302588405453,0.22472977006314038,-0.22553091570484401,matched_16,120042,fixed_180,,,,,,,
5,1.0,1.0,0.6377114402121038,0.34254974755376194,True,-0.0016627239031733899,-0.10022607140703772,0.09690062360069093,0.29544125881310984,matched_224,1120042,fixed_180,,,,,,,
12,0.0,1.0,0.40864594703941975,0.30002689738786964,True,0.0002900335918035394,-0.1616104945846187,0.16219056176822577,-0.1020346687031714,matched_224,1120042,fixed_180,,,,,,,
15,1.0,0.0,0.5202019068490832,0.11807387106554294,True,-0.06328821577972246,-0.2319592663574168,0.10538283479797184,-0.003080297422145953,matched_224,1120042,fixed_180,,,,,,,
30,0.0,0.0,0.5746897562690604,0.24295906763714584,True,-0.02948677350838949,-0.18220716769237327,0.12323362067559426,-0.15824629257148742,matched_224,1120042,fixed_180,,,,,,,
39,1.0,0.0,0.6048933776872666,0.3441516064005722,True,-0.07825337754882082,-0.1644138595445144,0.007907104446872745,-0.0787740414269622,matched_224,1120042,fixed_180,,,,,,,
40,0.0,0.0,0.3543801765148926,0.35057432062020416,True,-0.05617755319889448,-0.2272860812700066,0.11493097487221762,0.060474988513839145,matched_224,1120042,fixed_180,,,,,,,
43,1.0,0.0,0.7309350546172592,0.38618933830050256,True,-0.03177716282812875,-0.12047513428790063,0.05692080863164311,-0.19702180525731344,matched_224,1120042,fixed_180,,,,,,,
45,0.0,0.0,0.2877857978025763,0.3689753372039217,True,-0.09537219627881877,-0.21628812492181126,0.02554373236417372,0.13139903885494988,matched_224,1120042,fixed_180,,,,,,,
48,1.0,1.0,0.4640558918721573,0.5888245392655549,True,-0.076517713329652,-0.25750031797540235,0.1044648913160983,-0.02351093248221392,matched_224,1120042,fixed_180,,,,,,,
63,1.0,0.0,0.493740643635318,0.20164355626544486,True,-0.0906715359435186,-0.17056299430409036,-0.010780077582946843,-0.08061850681857732,matched_224,1120042,fixed_180,,,,,,,
67,1.0,1.0,0.4135078007326209,0.532633707078535,True,-0.06818908653220622,-0.23238676850121226,0.09600859543679978,-0.4040936263411786,matched_224,1120042,fixed_180,,,,,,,
69,0.0,0.0,0.46600337273861786,0.48630868982475617,True,-0.04990052105494404,-0.1748461792928792,0.07504513718299112,-0.2535047085663173,matched_224,1120042,fixed_180,,,,,,,
72,1.0,0.0,0.5908011295185976,0.3649110295452353,True,-0.034039410529706694,-0.1628152581404727,0.0947364370810593,0.03393963416448598,matched_224,1120042,fixed_180,,,,,,,
75,1.0,0.0,0.8971971121686327,0.590906090484836,True,0.005715935122768962,-0.13025909566211222,0.1416909659076501,-0.21905044290968123,matched_224,1120042,fixed_180,,,,,,,
93,0.0,1.0,0.23435593073816172,0.3708737195266814,True,-0.053773306064850146,-0.14563632589160683,0.03808971376190652,-0.24763340158643393,matched_224,1120042,fixed_180,,,,,,,
115,0.0,0.0,0.417662784829503,0.3560754401295836,True,-0.06033661881254866,-0.1640221642901139,0.04334892666501655,-0.036066766855671034,matched_224,1120042,fixed_180,,,,,,,
116,0.0,1.0,0.2300810466125331,0.24524587329350514,True,-0.0919709306259846,-0.2197768904483477,0.03583502919637846,-0.014342061446469406,matched_224,1120042,fixed_180,,,,,,,
121,1.0,0.0,0.829551555662928,0.5644650903605791,True,-0.025983874965685938,-0.11854771577948825,0.06657996584811636,-0.578150415838105,matched_224,1120042,fixed_180,,,,,,,
122,1.0,0.0,0.6628130336914178,0.16757719199669627,True,-0.03310956513655454,-0.12174814238241123,0.055529012109302125,-0.1662835077113541,matched_224,1120042,fixed_180,,,,,,,
123,0.0,1.0,0.39744562120923743,0.39243083175848403,True,-0.018139421684471024,-0.10577263952757267,0.0694937961586306,0.03246765507545743,matched_224,1120042,fixed_180,,,,,,,
126,0.0,0.0,0.2904388139791195,0.3909132072928165,True,-0.054877750470694306,-0.17003510142607864,0.060279600484689985,-0.3010231687743369,matched_224,1120042,fixed_180,,,,,,,
130,0.0,0.0,0.26863216138852986,0.21849460988274513,True,-0.0289913308970379,-0.21021512652231128,0.15223246472823546,0.006309753656425152,matched_224,1120042,fixed_180,,,,,,,
137,0.0,0.0,0.19104229057139868,0.136704195001431,True,-0.02152887818318378,-0.11088531304089923,0.06782755667453165,-0.035394603233024145,matched_224,1120042,fixed_180,,,,,,,
145,1.0,0.0,0.4660143956373304,0.44212132263226617,True,-0.0007114323293864062,-0.12026551479047182,0.11884265013169898,-0.33769143797714973,matched_224,1120042,fixed_180,,,,,,,
151,0.0,1.0,0.5191771574449675,0.4662585530143542,True,0.0072907587924943874,-0.16809399084563928,0.18267550843062802,-0.31487008056515453,matched_224,1120042,fixed_180,,,,,,,
162,0.0,0.0,0.5856731783723788,0.5989655969474362,True,-0.04251333394955916,-0.1826901269497499,0.09766345905063151,-0.1770906937214045,matched_224,1120042,fixed_180,,,,,,,
167,0.0,1.0,0.6272436550256896,0.707639467658466,True,-0.03353580129696352,-0.20379555024015283,0.13672394764622578,0.060419762402974864,matched_224,1120042,fixed_180,,,,,,,
169,1.0,1.0,0.718421807752594,0.8744463758885973,True,-0.04733217511273657,-0.23113691030848765,0.13647256008301445,-0.059438745764093026,matched_224,1120042,fixed_180,,,,,,,
180,1.0,1.0,0.8672668628184429,0.5657293381904667,True,-0.07461588458661955,-0.21887756759593852,0.06964579842269938,0.07214620573564456,matched_224,1120042,fixed_180,,,,,,,
186,1.0,0.0,0.5911390146431826,0.5179879989770028,True,-0.05970587323763192,-0.1452412061403376,0.025829459665073717,-0.34838730337294177,matched_224,1120042,fixed_180,,,,,,,
193,0.0,0.0,0.40023106047420476,0.1550758670471376,True,-0.05671767076110141,-0.2190149314144673,0.10557958989226446,-0.07790570380726344,matched_224,1120042,fixed_180,,,,,,,
196,0.0,0.0,0.4779684453454312,0.4063942925546509,True,0.024046173606392017,-0.22344135564172402,0.271533702854508,0.18500422317417548,matched_224,1120042,fixed_180,,,,,,,
198,0.0,0.0,0.14587366590344183,0.3168318250125152,True,-0.06438326646208693,-0.13946998036274338,0.010703447438569505,-0.09796041668062988,matched_224,1120042,fixed_180,,,,,,,
205,1.0,1.0,0.889667935890094,0.4157414662695457,True,-0.0411389194445942,-0.21421189627214282,0.13193405738295438,0.10039000345163385,matched_224,1120042,fixed_180,,,,,,,
208,1.0,1.0,0.37917397054309765,0.6227098092939151,True,-0.030772309508030827,-0.22596363706627318,0.16441901805021145,-0.38364186382161225,matched_224,1120042,fixed_180,,,,,,,
211,0.0,0.0,0.231401125726331,0.22905857404779453,True,-0.028912293861839484,-0.16023490531642107,0.10241031759274206,0.039362356322426656,matched_224,1120042,fixed_180,,,,,,,
229,0.0,0.0,0.35491053100236486,0.18642819332391197,True,-0.04601345511260795,-0.15647148434087027,0.06444457411565432,-0.0181111175885878,matched_224,1120042,fixed_180,,,,,,,
237,0.0,1.0,0.3187585270756577,0.6861105920384603,True,-0.025123158666337946,-0.11732830173653115,0.06708198440385524,0.014677238537030401,matched_224,1120042,fixed_180,,,,,,,
241,1.0,0.0,0.33880276994038705,0.4470269612145222,True,-0.016190300611525058,-0.11030526299339952,0.07792466177034939,-0.2359562924134932,matched_224,1120042,fixed_180,,,,,,,
250,1.0,1.0,0.8428866494274864,0.703627059039757,True,-0.06458927870983144,-0.17825161581888466,0.04907305839922174,-0.14381661120733635,matched_224,1120042,fixed_180,,,,,,,
254,0.0,1.0,0.20839292854203073,0.24099446092279211,True,-0.05146548781312327,-0.20293196169541816,0.1000009860691716,0.11029612787953566,matched_224,1120042,fixed_180,,,,,,,
261,0.0,0.0,0.25783316789758004,0.1812073244799295,True,-0.010606413864057172,-0.11121472668489364,0.09000189895677928,0.31285754382566056,matched_224,1120042,fixed_180,,,,,,,
264,1.0,1.0,0.5133701154893368,0.5783417591739412,True,-0.04679639006846379,-0.14360855222248484,0.05001577208555722,0.10130985419071503,matched_224,1120042,fixed_180,,,,,,,
265,0.0,0.0,0.4673440107611287,0.3563794093146026,True,-0.08315988205017741,-0.1612835409457502,-0.005036223154604641,-0.19966649402570194,matched_224,1120042,fixed_180,,,,,,,
270,0.0,0.0,0.34874073775724557,0.20171397701955088,True,-0.0006565529862944392,-0.10776691189799663,0.10645380592540774,-0.05981133747776573,matched_224,1120042,fixed_180,,,,,,,
271,1.0,0.0,0.8208015211662028,0.8654343342544495,True,-0.018099543967282472,-0.1560063775736187,0.11980728963905374,-0.027407061388611043,matched_224,1120042,fixed_180,,,,,,,
277,1.0,1.0,0.8458274757149049,0.5796784555469318,True,0.010527087212677286,-0.12902912407573205,0.1500832985010866,0.19707323380293573,matched_224,1120042,fixed_180,,,,,,,
282,0.0,0.0,0.4968539889905682,0.48950108386632263,True,-0.02118764425177317,-0.13746249979825897,0.09508721129471259,0.2904593735133494,matched_224,1120042,fixed_180,,,,,,,
284,0.0,1.0,0.26169668314489575,0.48044735559495144,True,0.0021673127208225724,-0.207910655690964,0.2122452811326091,0.18518688543613304,matched_224,1120042,fixed_180,,,,,,,
288,1.0,0.0,0.7511605014707504,0.5824804714021297,True,-0.01937715510572003,-0.09622646597631102,0.057472155764870934,0.004640120746827181,matched_224,1120042,fixed_180,,,,,,,
294,1.0,1.0,0.8164796270017057,0.49031264913350026,True,-0.011768493115578932,-0.15913182579508148,0.1355948395639236,-0.34951026332690505,matched_224,1120042,fixed_180,,,,,,,
318,0.0,0.0,0.6636540076542939,0.5705544669325786,True,-0.053220161517400416,-0.195556692300113,0.08911636926531213,-0.20199985734703257,matched_224,1120042,fixed_180,,,,,,,
319,1.0,1.0,0.8930296774091446,0.7555478412559756,True,-0.06188987219848354,-0.17450808548876884,0.05072834109180172,0.04278373950332526,matched_224,1120042,fixed_180,,,,,,,
328,0.0,1.0,0.39432924248177276,0.18948303187203663,True,-0.011365946928146043,-0.10003220871803606,0.07730031486174394,0.10327243996857394,matched_224,1120042,fixed_180,,,,,,,
334,0.0,0.0,0.32003853805723764,0.2875355167491368,True,-0.07549110664773392,-0.1588075823251644,0.007825369029696522,-0.1484375342195409,matched_224,1120042,fixed_180,,,,,,,
339,0.0,1.0,0.6907306329755005,0.5644583916735121,True,-0.011604988178629266,-0.10947043207356977,0.08626045571631122,-0.04096418254395162,matched_224,1120042,fixed_180,,,,,,,
343,1.0,1.0,0.7122793784860058,0.5155210187085154,True,-0.020996502934636858,-0.15158285933040205,0.1095898534611283,-0.252500407706424,matched_224,1120042,fixed_180,,,,,,,
346,0.0,0.0,0.4668878241550569,0.33951763988107997,True,0.007768780811229809,-0.2092155740293286,0.22475313565178817,0.021257549177203516,matched_224,1120042,fixed_180,,,,,,,
347,0.0,1.0,0.20263826870260368,0.2637419376444213,True,-0.06841303255540118,-0.23681576260362575,0.09998969749282335,0.0718545920669893,matched_224,1120042,fixed_180,,,,,,,
349,0.0,1.0,0.7980010545149436,0.6771543356924604,True,-0.06068604836043325,-0.17284031832376748,0.05146822160290094,0.03268878550218324,matched_224,1120042,fixed_180,,,,,,,
354,1.0,0.0,0.532805219686784,0.2924577715670299,True,-0.029714342771350672,-0.12888566432440277,0.06945697878170139,-0.14297135067526034,matched_224,1120042,fixed_180,,,,,,,
357,1.0,1.0,0.6408274001124588,0.2999253159315922,True,-0.07566957454097242,-0.17891370954107721,0.02757456045913234,0.1013446835796018,matched_224,1120042,fixed_180,,,,,,,
360,1.0,0.0,0.3477877504865826,0.3387807653978252,True,-0.04315957036709205,-0.18225147846246603,0.09593233772828189,-0.20995476861796994,matched_224,1120042,fixed_180,,,,,,,
361,0.0,0.0,0.29661108176182654,0.23059339157774011,True,0.01871519872877679,-0.07195690290378023,0.10938730036133379,-0.0406445885166562,matched_224,1120042,fixed_180,,,,,,,
365,1.0,0.0,0.6049751553904226,0.2863717839207137,True,-0.07396712656381092,-0.24508124374632273,0.09714699061870084,-0.3344524588585174,matched_224,1120042,fixed_180,,,,,,,
368,1.0,0.0,0.6849883638981021,0.32733973117530735,True,-0.01837302937908221,-0.1624836924754024,0.12573763371723795,-0.05427466854280549,matched_224,1120042,fixed_180,,,,,,,
370,1.0,0.0,0.19790340240759838,0.10800260009836761,True,-0.03716328013492358,-0.18814653149801464,0.11381997122816741,-0.11224918810400103,matched_224,1120042,fixed_180,,,,,,,
380,0.0,1.0,0.7471666727680591,0.4674264398886901,True,-0.037381424945806076,-0.23806030202137535,0.16329745212976315,-0.4595323870462047,matched_224,1120042,fixed_180,,,,,,,
384,1.0,1.0,0.6900728481780237,0.5112597274821526,True,-0.00405370207561934,-0.0908726629254365,0.08276525877419781,0.0703099140074529,matched_224,1120042,fixed_180,,,,,,,
392,1.0,1.0,0.7956043945971023,0.7308406047876336,True,-0.06982360911595598,-0.1881414547157237,0.04849423648381172,0.0859568948245617,matched_224,1120042,fixed_180,,,,,,,
398,0.0,1.0,0.3206138626697417,0.45685223927714724,True,-0.06097945917550209,-0.1723053034403679,0.050346385089363684,-0.3498504475078327,matched_224,1120042,fixed_180,,,,,,,
409,0.0,0.0,0.18337791691798333,0.4439000770292082,True,-0.028064920237853647,-0.19368612860409812,0.1375562881283908,0.14554265152238055,matched_224,1120042,fixed_180,,,,,,,
422,1.0,1.0,0.4374280553015159,0.34871246199525907,True,0.0023963009789373913,-0.10804830896944201,0.11284091092731677,0.04875396248008518,matched_224,1120042,fixed_180,,,,,,,
424,1.0,0.0,0.6770097302582416,0.7052642761137701,True,-0.08343620663908366,-0.26548005900979954,0.09860764573163214,-0.411950972386599,matched_224,1120042,fixed_180,,,,,,,
431,1.0,1.0,0.4372491262168222,0.6279412483546116,True,-0.06019132975351499,-0.21178608987336922,0.09140343036633922,-0.32665406706368566,matched_224,1120042,fixed_180,,,,,,,
433,0.0,0.0,0.10525170726096475,0.10427304962006238,True,-0.07923299612949015,-0.24227557367810593,0.08380958141912558,-0.03402153155820689,matched_224,1120042,fixed_180,,,,,,,
435,0.0,1.0,0.4409894527049854,0.6729711349557012,True,-0.05266190003037971,-0.22569200940487139,0.12036820934411194,-0.10742312894197681,matched_224,1120042,fixed_180,,,,,,,
446,1.0,0.0,0.2790381570542702,0.16375999330593335,True,-0.05410004957519635,-0.1364990959241369,0.028298996773744152,-0.06432527410523083,matched_224,1120042,fixed_180,,,,,,,
447,1.0,1.0,0.536835214889051,0.5503554221394807,True,0.011078055429223724,-0.13676340470196502,0.15891951556041242,0.034144994760945346,matched_224,1120042,fixed_180,,,,,,,
451,1.0,1.0,0.7690955084071955,0.6112206494377056,True,-0.02312940078350892,-0.16585675817389725,0.11959795660687936,-0.17663563846118313,matched_224,1120042,fixed_180,,,,,,,
460,1.0,0.0,0.39094770965443404,0.27994469973743064,True,-0.032018181917583946,-0.15878210323298758,0.09474573939781965,-0.15089969081385596,matched_224,1120042,fixed_180,,,,,,,
462,0.0,0.0,0.4757820881301206,0.3798226570352518,True,0.012052107411580578,-0.08957548866192683,0.11367970348508796,-0.02877369342676961,matched_224,1120042,fixed_180,,,,,,,
465,0.0,1.0,0.4312755600906261,0.6491876730428766,True,-0.043270274439879866,-0.15090476561529642,0.06436421673553668,-0.07352311822592295,matched_224,1120042,fixed_180,,,,,,,
467,0.0,0.0,0.2562069965782711,0.26684038260745196,True,-0.06500218609845662,-0.1567878171716256,0.026783444974712328,0.18109530692018136,matched_224,1120042,fixed_180,,,,,,,
468,1.0,0.0,0.44882293786932376,0.4590625162462623,True,-0.025055066937307677,-0.18420126431027328,0.1340911304356579,-0.36394341785118856,matched_224,1120042,fixed_180,,,,,,,
474,0.0,0.0,0.4334979519869535,0.38280401600429703,True,-0.057092881296117115,-0.1960894845936556,0.08190372200142135,0.27024214191256124,matched_224,1120042,fixed_180,,,,,,,
478,1.0,0.0,0.5739982744039367,0.2947270948162633,True,-0.014317192285790366,-0.10909412619729494,0.08045974162571418,-0.14113139488284232,matched_224,1120042,fixed_180,,,,,,,
481,0.0,1.0,0.5087083360409932,0.40825501741027925,True,-0.033004740045013775,-0.15537947180150485,0.08936999171147728,0.24256774419822325,matched_224,1120042,fixed_180,,,,,,,
486,1.0,1.0,0.7441202307802978,0.6148549412893181,True,-0.07910267449621682,-0.18348490874730553,0.025279559754871866,-0.6892153014395378,matched_224,1120042,fixed_180,,,,,,,
487,1.0,1.0,0.8467975192157075,0.5866738910251524,True,-0.055045006543673475,-0.1809461864087154,0.07085617332136843,-0.028156691615068175,matched_224,1120042,fixed_180,,,,,,,
498,0.0,0.0,0.3020648921646804,0.1979830251548477,True,-0.1136868169772317,-0.22336095309413648,-0.004012680860326939,-0.1062618189134249,matched_224,1120042,fixed_180,,,,,,,
503,0.0,0.0,0.3446948747805175,0.2658055219729751,True,-0.04136198159738417,-0.11665936202403579,0.03393539882926743,-0.16728505428348134,matched_224,1120042,fixed_180,,,,,,,
507,1.0,1.0,0.8311033999506614,0.7945564212316646,True,-0.07409211954898662,-0.1420196941178552,-0.00616454498011805,-0.030854928811506976,matched_224,1120042,fixed_180,,,,,,,
508,0.0,0.0,0.5229332692489086,0.2601699446166555,True,-0.05572198988232991,-0.24202994934293828,0.13058596957827842,-0.05620972089686527,matched_224,1120042,fixed_180,,,,,,,
514,1.0,1.0,0.8270038617254091,0.6943390637417084,True,-0.05724838482366873,-0.17233845199952638,0.057841682352188895,-0.061478120138046544,matched_224,1120042,fixed_180,,,,,,,
526,0.0,0.0,0.15782593929996835,0.13044474411998602,True,-0.04111159468490709,-0.17634337745454753,0.09412018808473334,0.020299231269924375,matched_224,1120042,fixed_180,,,,,,,
528,1.0,1.0,0.6647472925894883,0.7352516088728809,True,0.005332091615989407,-0.18857209235107153,0.1992362755830503,-0.3151680255715663,matched_224,1120042,fixed_180,,,,,,,
532,1.0,0.0,0.5659465902283147,0.4305883970188177,True,-0.03802774862674969,-0.19178010504560494,0.11572460779210555,-0.5334643262344162,matched_224,1120042,fixed_180,,,,,,,
534,0.0,1.0,0.6356185713393279,0.49570608184298615,True,0.021638222979489287,-0.07977420343312341,0.12305064939210197,0.13543398492073888,matched_224,1120042,fixed_180,,,,,,,
535,0.0,0.0,0.6385549390569282,0.3491581541021244,True,-0.01994495327737203,-0.16422288101031793,0.12433297445557384,0.03704061610492676,matched_224,1120042,fixed_180,,,,,,,
538,1.0,0.0,0.7165422603028302,0.5565385298635452,True,-0.010398295266187746,-0.13824379482420354,0.11744720429182803,-0.06212851278558973,matched_224,1120042,fixed_180,,,,,,,
539,0.0,1.0,0.3919352408994978,0.39807883890515544,True,-0.056151781219732994,-0.13833437750836602,0.026030815068899996,-0.11126006308263126,matched_224,1120042,fixed_180,,,,,,,
546,0.0,0.0,0.30246911548946265,0.1674140399970113,True,-0.0777272032047571,-0.15555894212919247,0.00010453571967825037,-0.06620608679353736,matched_224,1120042,fixed_180,,,,,,,
549,1.0,0.0,0.737809295603759,0.4018100071172399,True,-0.06862107919115035,-0.23134685476734843,0.0941046963850477,-0.22605679180368443,matched_224,1120042,fixed_180,,,,,,,
550,0.0,0.0,0.22968620364065134,0.12507868829739605,True,-0.09859460208086288,-0.24991633131209323,0.05272712715036745,-0.08381602753461014,matched_224,1120042,fixed_180,,,,,,,
552,1.0,0.0,0.5131292585651384,0.19044531066663345,True,-0.08461927963338632,-0.21806531473821017,0.048826755471437486,0.08753892270289004,matched_224,1120042,fixed_180,,,,,,,
559,1.0,0.0,0.6085123450001269,0.405681505096466,True,-0.06256836711593798,-0.15787905109268185,0.032742316860805865,-0.36576085048430995,matched_224,1120042,fixed_180,,,,,,,
560,1.0,1.0,0.8655555287273489,0.6294406160354643,True,-0.056196765913879065,-0.25632158163871954,0.14392804981096138,-0.06469990771798673,matched_224,1120042,fixed_180,,,,,,,
561,1.0,0.0,0.6004522932294956,0.25193874811218325,True,-0.042344526882451494,-0.1339435820068133,0.04925452824191029,-0.14847635272894044,matched_224,1120042,fixed_180,,,,,,,
563,0.0,0.0,0.34977696900330585,0.3001244011940171,True,-0.05769851163728465,-0.1815898916673217,0.06619286839275237,0.08723419972137467,matched_224,1120042,fixed_180,,,,,,,
568,1.0,1.0,0.8420165704415828,0.7241993149028411,True,-0.07145436534727473,-0.17296964292874778,0.030060912234198295,-0.11006768648138565,matched_224,1120042,fixed_180,,,,,,,
569,0.0,1.0,0.6204165780663479,0.649966418468412,True,-0.11062136416611941,-0.2825508662075225,0.06130813787528365,-0.03506472883281053,matched_224,1120042,fixed_180,,,,,,,
578,0.0,0.0,0.528449166106585,0.541129455632692,True,-0.06338598269366166,-0.21999235116029328,0.09322038577296993,-0.1661069213092291,matched_224,1120042,fixed_180,,,,,,,
584,1.0,0.0,0.4835230499831929,0.6086690571475216,True,-0.028476795631729297,-0.1089750568811714,0.05202146561771279,-0.18620539681394355,matched_224,1120042,fixed_180,,,,,,,
588,1.0,1.0,0.6950874683394853,0.6067692377764136,True,-0.03534273564516771,-0.12026821787934208,0.04958274658900663,0.05151712594740754,matched_224,1120042,fixed_180,,,,,,,
594,0.0,1.0,0.3845124638174599,0.20204826370818607,True,-0.026320291106426755,-0.17829828864166994,0.1256577064288164,-0.1845762402931477,matched_224,1120042,fixed_180,,,,,,,
599,0.0,1.0,0.5139276407168637,0.3069862927665871,True,-0.03479772239053804,-0.20072455899303343,0.13112911421195728,-0.017020805613165407,matched_224,1120042,fixed_180,,,,,,,
603,1.0,1.0,0.8760250372770755,0.7245136388321798,True,-0.05042868322909868,-0.17095780805953864,0.07010044160134127,-0.4064471216929251,matched_224,1120042,fixed_180,,,,,,,
606,0.0,1.0,0.21922940776003394,0.3608687382193187,True,-0.03284729793599572,-0.1475818100022308,0.08188721413023932,-0.0810499975355446,matched_224,1120042,fixed_180,,,,,,,
607,0.0,0.0,0.2306889141131686,0.41349980578355594,True,-0.004015704536692427,-0.16132154440379473,0.15329013533040983,-0.20262165996000597,matched_224,1120042,fixed_180,,,,,,,
609,0.0,1.0,0.2303519206028594,0.1661800464978828,True,-0.060937369775985524,-0.1541848516265112,0.03231011207454012,-0.17815202596793825,matched_224,1120042,fixed_180,,,,,,,
614,1.0,1.0,0.6467946600933504,0.454149402724382,True,-0.07827507457041441,-0.2609437715795464,0.10439362243871755,0.13800989485438941,matched_224,1120042,fixed_180,,,,,,,
617,1.0,0.0,0.6802572666640975,0.691208308706228,True,-0.06724049489164408,-0.19947446327084684,0.06499347348755866,-0.32977963417948597,matched_224,1120042,fixed_180,,,,,,,
621,1.0,1.0,0.627291255719527,0.643934722388693,True,-0.033944114454232066,-0.1544278905537365,0.08653966164527235,-0.10300534475910206,matched_224,1120042,fixed_180,,,,,,,
626,1.0,0.0,0.474501537217078,0.16437460061425205,True,-0.010348482918720349,-0.1520674843300707,0.13137051849262996,-0.14734105843629364,matched_224,1120042,fixed_180,,,,,,,
638,1.0,0.0,0.2748012559824055,0.1239220657092472,True,-0.038118345727100954,-0.12838758999300523,0.0521508985388033,-0.028967779075204383,matched_224,1120042,fixed_180,,,,,,,
648,1.0,1.0,0.5446984576494674,0.4969151883647077,True,-0.025066777115107786,-0.10908395803293112,0.058950403802715545,0.22657797391420198,matched_224,1120042,fixed_180,,,,,,,
651,1.0,0.0,0.7414638822974168,0.20735604282143721,True,-0.05458772363553427,-0.15322270487385592,0.044047257602787354,0.14285091672279376,matched_224,1120042,fixed_180,,,,,,,
656,0.0,0.0,0.28204662460451924,0.4366149382471533,True,-0.046152522220937374,-0.1213849581880812,0.029079913746206422,0.008071797181922913,matched_224,1120042,fixed_180,,,,,,,
662,0.0,0.0,0.6929571721037661,0.5688028871898342,True,-0.010826968335787548,-0.1323247957269587,0.11067085905538358,0.12090442381375327,matched_224,1120042,fixed_180,,,,,,,
663,1.0,1.0,0.6304851473044282,0.5835748670106308,True,-0.02470767543495836,-0.1439201624573211,0.09450481158740434,-0.0006267839972746714,matched_224,1120042,fixed_180,,,,,,,
676,1.0,0.0,0.4599439184764482,0.29878782114157487,True,-0.09314453914394476,-0.2224539865733749,0.03616490828548534,0.288078314021742,matched_224,1120042,fixed_180,,,,,,,
680,1.0,0.0,0.6829703748258147,0.11385594636738014,True,-0.03123694049126399,-0.11584458096228528,0.05337069997975728,-0.21676132704337042,matched_224,1120042,fixed_180,,,,,,,
684,0.0,0.0,0.5697406984360188,0.19983185070397666,True,-0.02273900721623529,-0.20877953636737112,0.16330152193490052,-0.09365228131014089,matched_224,1120042,fixed_180,,,,,,,
689,1.0,1.0,0.8868225930045658,0.8706173422583725,True,-0.06233778265999161,-0.13924888929574197,0.01457332397575875,0.028437736123359203,matched_224,1120042,fixed_180,,,,,,,
707,1.0,0.0,0.3095601577041158,0.16574517487960455,True,-0.06308467933682861,-0.19341551476656982,0.06724615609291255,-0.18261274863827542,matched_224,1120042,fixed_180,,,,,,,
708,0.0,0.0,0.38944180681518387,0.31109833854695346,True,-0.0780894302943675,-0.19250050244205422,0.03632164185331918,-0.3033594815556778,matched_224,1120042,fixed_180,,,,,,,
712,0.0,0.0,0.22671743720630477,0.39916050095370287,True,-0.03863165241188677,-0.16018841719597077,0.08292511237219719,0.20262182932038472,matched_224,1120042,fixed_180,,,,,,,
713,0.0,1.0,0.4479973834356069,0.7899673126686212,True,-0.06551471685858368,-0.15381511285957133,0.022785679142403967,0.18351149860665072,matched_224,1120042,fixed_180,,,,,,,
723,1.0,1.0,0.8791019779208326,0.6312407840166131,True,0.019551995376796933,-0.13998077638236747,0.1790847671359613,-0.013981278819158116,matched_224,1120042,fixed_180,,,,,,,
735,1.0,1.0,0.7869431386479372,0.5368141960979033,True,-0.037046688090015774,-0.131963193481468,0.05786981730143643,0.2892291597635016,matched_224,1120042,fixed_180,,,,,,,
739,0.0,1.0,0.16567925131260422,0.3625667250095327,True,-0.07390105496875708,-0.16216220565560624,0.014360095718092061,0.04653584065128688,matched_224,1120042,fixed_180,,,,,,,
743,1.0,0.0,0.6338297786120288,0.6070901283292623,True,-0.07541133116285859,-0.15658732792280688,0.005764665597089713,-0.3588049137290085,matched_224,1120042,fixed_180,,,,,,,
744,0.0,0.0,0.2696157041235064,0.15264458849958287,True,-0.017792554727110915,-0.1637623801072518,0.12817727065302992,0.00043827428651807554,matched_224,1120042,fixed_180,,,,,,,
752,1.0,0.0,0.6647472925894883,0.7208329462562315,True,0.0038381284083257574,-0.17059115388052445,0.17826741069717594,-0.048624029853681416,matched_224,1120042,fixed_180,,,,,,,
760,1.0,1.0,0.7134555858731084,0.792566241366111,True,-0.09892999716662983,-0.2482314132870071,0.0503714189537474,-0.1049719012824385,matched_224,1120042,fixed_180,,,,,,,
773,1.0,1.0,0.8386940353384825,0.852870223315683,True,0.0027616215291906806,-0.15952663926148772,0.16504988231986906,-0.05078761983714952,matched_224,1120042,fixed_180,,,,,,,
776,0.0,0.0,0.3345234242308092,0.20533773166060534,True,0.023354597980371563,-0.15095119114526007,0.19766038710600317,0.11215936655437345,matched_224,1120042,fixed_180,,,,,,,
779,0.0,0.0,0.3257453007133764,0.22754313436062862,True,-0.05362455165055602,-0.12638768565403521,0.01913858235292315,0.2102850669914252,matched_224,1120042,fixed_180,,,,,,,
781,1.0,1.0,0.6832939038423603,0.63754694937672,True,-0.045520621882633866,-0.17951365683150014,0.08847241306623238,0.031273744586730046,matched_224,1120042,fixed_180,,,,,,,
782,1.0,0.0,0.7648701537663227,0.4641424883295498,True,-0.026607600369874588,-0.13562178481598386,0.08240658407623465,-0.27881971225762575,matched_224,1120042,fixed_180,,,,,,,
783,0.0,0.0,0.12172989379204215,0.3168675055683017,True,-0.031246646743960615,-0.1854447666988536,0.12295147321093232,0.11768093960974968,matched_224,1120042,fixed_180,,,,,,,
798,1.0,1.0,0.5742961575804171,0.7338549270059888,True,-0.05576984855180463,-0.2159758515554313,0.10443615445182204,-0.012829595656138837,matched_224,1120042,fixed_180,,,,,,,
822,0.0,0.0,0.7417980053932205,0.6367950734915155,True,0.035753338895246047,-0.05875201732541669,0.13025869511590876,0.15687867128973654,matched_224,1120042,fixed_180,,,,,,,
827,0.0,1.0,0.264977865904604,0.5063020143310597,True,-0.07826550218527277,-0.16698738553045595,0.010456381159910377,-0.47170840662307595,matched_224,1120042,fixed_180,,,,,,,
839,0.0,0.0,0.4808888128545494,0.1562570180525887,True,-0.04478769044039722,-0.1894645321702629,0.09988915128946846,-0.082870305049013,matched_224,1120042,fixed_180,,,,,,,
845,1.0,1.0,0.7067711150558171,0.505484558588421,True,-0.03398125203877577,-0.13107273802817584,0.06311023395062429,-0.054967122143437575,matched_224,1120042,fixed_180,,,,,,,
848,0.0,0.0,0.1666158023279128,0.2015602546752192,True,-0.07278818640926303,-0.27154771686712204,0.12597134404859595,0.0857810802170664,matched_224,1120042,fixed_180,,,,,,,
859,1.0,1.0,0.6849906428774399,0.6769103292049636,True,-0.08109953790683842,-0.24098631480438443,0.07878723899070754,0.10091643251497262,matched_224,1120042,fixed_180,,,,,,,
868,1.0,0.0,0.3082583807209731,0.1535068027524439,True,-0.06288916860071213,-0.1422220849928702,0.016443747791445945,-0.03768758335333155,matched_224,1120042,fixed_180,,,,,,,
875,1.0,1.0,0.25333963387393715,0.20708796308982624,True,-0.005180306494497939,-0.1023013610768374,0.09194074808784151,0.2750351541256375,matched_224,1120042,fixed_180,,,,,,,
892,0.0,0.0,0.6313698695873204,0.23382463068565157,True,-0.021047529641710205,-0.1594131943258891,0.11731813504246864,-0.4218944972490402,matched_224,1120042,fixed_180,,,,,,,
893,0.0,1.0,0.45589257876268896,0.39302832109664,True,-0.0630558944377948,-0.24463678699445845,0.11852499811886882,-0.13899119129057289,matched_224,1120042,fixed_180,,,,,,,
898,1.0,1.0,0.49462645872228006,0.3547315126470555,True,-0.04734590925977812,-0.13065266038480372,0.03596084186524748,0.11489019733853345,matched_224,1120042,fixed_180,,,,,,,
908,1.0,1.0,0.59795154629418,0.5465323047791424,True,-0.04610467123052924,-0.18708673502097664,0.09487739255991812,0.2700079153490359,matched_224,1120042,fixed_180,,,,,,,
913,0.0,0.0,0.4590740424682504,0.15303561997525103,True,0.0009465354814649302,-0.08606784544475009,0.08796091640767995,0.5763362625455206,matched_224,1120042,fixed_180,,,,,,,
915,1.0,1.0,0.8444617337210738,0.7902472579186703,True,-0.004307025598078167,-0.21072252628757687,0.20210847509142052,-0.10460704553612188,matched_224,1120042,fixed_180,,,,,,,
924,0.0,1.0,0.11064807383603614,0.35875496457481376,True,-0.04992072809924356,-0.12956841093777177,0.02972695473928464,-0.03518580558050255,matched_224,1120042,fixed_180,,,,,,,
929,1.0,0.0,0.6634216252210545,0.5571596280328351,True,-0.014300956409825441,-0.14271006466689973,0.11410815184724883,-0.2246108655442407,matched_224,1120042,fixed_180,,,,,,,
934,0.0,0.0,0.17588820990102041,0.1479102128392838,True,-0.0709825284444666,-0.20239687123686145,0.06043181434792823,-0.17923562100166213,matched_224,1120042,fixed_180,,,,,,,
955,1.0,1.0,0.7279935351733413,0.7193079523925068,True,-0.06630898164225717,-0.1578859087628921,0.025267945478377768,-0.4074361291328243,matched_224,1120042,fixed_180,,,,,,,
960,1.0,1.0,0.516353381546526,0.48744897008899524,True,0.0016934679351282202,-0.15659131878578184,0.15997825465603827,0.30302428580824725,matched_224,1120042,fixed_180,,,,,,,
961,0.0,1.0,0.5952214322323915,0.2839526673389449,True,-0.03342654104220724,-0.12737987880031476,0.06052679671590026,-0.17386110854674186,matched_224,1120042,fixed_180,,,,,,,
967,0.0,0.0,0.7111062328377343,0.6026371727046967,True,-0.007776102798495348,-0.18038418292401476,0.16483197732702398,0.11315424130412288,matched_224,1120042,fixed_180,,,,,,,
976,0.0,0.0,0.22296580907529134,0.08518100874594803,True,-0.06809037220397614,-0.18441995852017895,0.04823921411222666,-0.10435438224184548,matched_224,1120042,fixed_180,,,,,,,
977,1.0,0.0,0.8795089744048036,0.5493546289655924,True,-0.05188172621210543,-0.21463932081983955,0.11087586839562866,0.2172265382051104,matched_224,1120042,fixed_180,,,,,,,
980,1.0,1.0,0.7845093011134376,0.5285083827381312,True,-0.03270223797790614,-0.1428050338025913,0.077400557846779,-0.1328309937568829,matched_224,1120042,fixed_180,,,,,,,
986,1.0,0.0,0.6842931095653495,0.4407593834478375,True,-0.02961404934799693,-0.14959935595091045,0.09037125725491657,-0.21930664730454208,matched_224,1120042,fixed_180,,,,,,,
987,0.0,0.0,0.4937146818591577,0.41011618555896223,True,-0.012716010303717756,-0.1263248320770182,0.10089281146958265,0.16537846499403014,matched_224,1120042,fixed_180,,,,,,,
989,0.0,0.0,0.502114524477848,0.4557268144672463,True,-0.07257742600714938,-0.1907746272015896,0.04561977518729081,-0.22553091570484401,matched_224,1120042,fixed_180,,,,,,,
5,1.0,1.0,0.6377114402121038,0.34254974755376194,True,0.008044603925541979,-0.07771304380853278,0.09380225165961671,0.29544125881310984,matched_8,1120042,fixed_180,,,,,,,
12,0.0,1.0,0.40864594703941975,0.30002689738786964,True,-0.013956465283404945,-0.17456594493042157,0.14665301436361167,-0.1020346687031714,matched_8,1120042,fixed_180,,,,,,,
15,1.0,0.0,0.5202019068490832,0.11807387106554294,True,-0.04842305070114904,-0.1870226100001846,0.09017650859788652,-0.003080297422145953,matched_8,1120042,fixed_180,,,,,,,
30,0.0,0.0,0.5746897562690604,0.24295906763714584,True,-0.0906963761624718,-0.199685227910342,0.018292475585398357,-0.15824629257148742,matched_8,1120042,fixed_180,,,,,,,
39,1.0,0.0,0.6048933776872666,0.3441516064005722,True,-0.15991449014078624,-0.33722885416221166,0.017399873880639155,-0.0787740414269622,matched_8,1120042,fixed_180,,,,,,,
40,0.0,0.0,0.3543801765148926,0.35057432062020416,True,-0.0447967224118955,-0.14638809134901604,0.05679464652522502,0.060474988513839145,matched_8,1120042,fixed_180,,,,,,,
43,1.0,0.0,0.7309350546172592,0.38618933830050256,True,-0.12328349675862257,-0.20107852714167618,-0.045488466375569,-0.19702180525731344,matched_8,1120042,fixed_180,,,,,,,
45,0.0,0.0,0.2877857978025763,0.3689753372039217,True,0.037353462382395786,-0.13172014198786022,0.20642706675265177,0.13139903885494988,matched_8,1120042,fixed_180,,,,,,,
48,1.0,1.0,0.4640558918721573,0.5888245392655549,True,0.02075870965352826,-0.10080349122645288,0.14232091053350937,-0.02351093248221392,matched_8,1120042,fixed_180,,,,,,,
63,1.0,0.0,0.493740643635318,0.20164355626544486,True,-0.021041845512583802,-0.13362747460330024,0.09154378357813261,-0.08061850681857732,matched_8,1120042,fixed_180,,,,,,,
67,1.0,1.0,0.4135078007326209,0.532633707078535,True,-0.19873609384628368,-0.3545469322692104,-0.04292525542335701,-0.4040936263411786,matched_8,1120042,fixed_180,,,,,,,
69,0.0,0.0,0.46600337273861786,0.48630868982475617,True,-0.09722231721370757,-0.18784735093995525,-0.006597283487459929,-0.2535047085663173,matched_8,1120042,fixed_180,,,,,,,
72,1.0,0.0,0.5908011295185976,0.3649110295452353,True,-0.10557340575886116,-0.1764051188953038,-0.03474169262241854,0.03393963416448598,matched_8,1120042,fixed_180,,,,,,,
75,1.0,0.0,0.8971971121686327,0.590906090484836,True,0.008044603925541979,-0.07771304380853278,0.09380225165961671,-0.21905044290968123,matched_8,1120042,fixed_180,,,,,,,
93,0.0,1.0,0.23435593073816172,0.3708737195266814,True,-0.11914234692838242,-0.22712802889136105,-0.011156664965403823,-0.24763340158643393,matched_8,1120042,fixed_180,,,,,,,
115,0.0,0.0,0.417662784829503,0.3560754401295836,True,-0.02055368355029588,-0.14070202376385868,0.09959465666326689,-0.036066766855671034,matched_8,1120042,fixed_180,,,,,,,
116,0.0,1.0,0.2300810466125331,0.24524587329350514,True,-0.15856921288071815,-0.33831012629530693,0.021171700533870574,-0.014342061446469406,matched_8,1120042,fixed_180,,,,,,,
121,1.0,0.0,0.829551555662928,0.5644650903605791,True,-0.18484377326536008,-0.314340624241808,-0.05534692228891219,-0.578150415838105,matched_8,1120042,fixed_180,,,,,,,
122,1.0,0.0,0.6628130336914178,0.16757719199669627,True,-0.07279507596972774,-0.24216121939654506,0.09657106745708956,-0.1662835077113541,matched_8,1120042,fixed_180,,,,,,,
123,0.0,1.0,0.39744562120923743,0.39243083175848403,True,0.041513302179584585,-0.08841199000407708,0.1714385943632462,0.03246765507545743,matched_8,1120042,fixed_180,,,,,,,
126,0.0,0.0,0.2904388139791195,0.3909132072928165,True,-0.17237897271064387,-0.2480110124918785,-0.09674693292940925,-0.3010231687743369,matched_8,1120042,fixed_180,,,,,,,
130,0.0,0.0,0.26863216138852986,0.21849460988274513,True,-0.025366442540226724,-0.15688326620411688,0.10615038112366341,0.006309753656425152,matched_8,1120042,fixed_180,,,,,,,
137,0.0,0.0,0.19104229057139868,0.136704195001431,True,-0.12884298548771284,-0.28756775599433476,0.029881785018909063,-0.035394603233024145,matched_8,1120042,fixed_180,,,,,,,
145,1.0,0.0,0.4660143956373304,0.44212132263226617,True,-0.028370521945989213,-0.15808225627179204,0.10134121237981358,-0.33769143797714973,matched_8,1120042,fixed_180,,,,,,,
151,0.0,1.0,0.5191771574449675,0.4662585530143542,True,0.07720906409894061,-0.085092618575231,0.23951074677311218,-0.31487008056515453,matched_8,1120042,fixed_180,,,,,,,
162,0.0,0.0,0.5856731783723788,0.5989655969474362,True,-0.13118524876759313,-0.22255573664855854,-0.03981476088662776,-0.1770906937214045,matched_8,1120042,fixed_180,,,,,,,
167,0.0,1.0,0.6272436550256896,0.707639467658466,True,-0.10636462101272204,-0.3202448011110597,0.10751555908561558,0.060419762402974864,matched_8,1120042,fixed_180,,,,,,,
169,1.0,1.0,0.718421807752594,0.8744463758885973,True,-0.09768628031507247,-0.1830967873178381,-0.01227577331230685,-0.059438745764093026,matched_8,1120042,fixed_180,,,,,,,
180,1.0,1.0,0.8672668628184429,0.5657293381904667,True,-0.03250235177901336,-0.13791308251418957,0.07290837895616284,0.07214620573564456,matched_8,1120042,fixed_180,,,,,,,
186,1.0,0.0,0.5911390146431826,0.5179879989770028,True,0.03120315603061476,-0.09127094979206785,0.15367726185329733,-0.34838730337294177,matched_8,1120042,fixed_180,,,,,,,
193,0.0,0.0,0.40023106047420476,0.1550758670471376,True,-0.10614284923102352,-0.25148449241005877,0.03919879394801165,-0.07790570380726344,matched_8,1120042,fixed_180,,,,,,,
196,0.0,0.0,0.4779684453454312,0.4063942925546509,True,-0.035734974661046366,-0.15434951209785294,0.0828795627757602,0.18500422317417548,matched_8,1120042,fixed_180,,,,,,,
198,0.0,0.0,0.14587366590344183,0.3168318250125152,True,-0.10853516106717342,-0.31503380490412514,0.0979634827697782,-0.09796041668062988,matched_8,1120042,fixed_180,,,,,,,
205,1.0,1.0,0.889667935890094,0.4157414662695457,True,-0.12127118048244055,-0.26850309994328847,0.025960738978407324,0.10039000345163385,matched_8,1120042,fixed_180,,,,,,,
208,1.0,1.0,0.37917397054309765,0.6227098092939151,True,-0.010609841659548825,-0.17540867988164446,0.1541889965625468,-0.38364186382161225,matched_8,1120042,fixed_180,,,,,,,
211,0.0,0.0,0.231401125726331,0.22905857404779453,True,-0.03752511524054705,-0.1662361862283335,0.09118595574723937,0.039362356322426656,matched_8,1120042,fixed_180,,,,,,,
229,0.0,0.0,0.35491053100236486,0.18642819332391197,True,-0.11027151013547723,-0.19633720204364144,-0.024205818227313033,-0.0181111175885878,matched_8,1120042,fixed_180,,,,,,,
237,0.0,1.0,0.3187585270756577,0.6861105920384603,True,-0.050809678421902905,-0.15399694253438215,0.0523775856905763,0.014677238537030401,matched_8,1120042,fixed_180,,,,,,,
241,1.0,0.0,0.33880276994038705,0.4470269612145222,True,-0.04484132635498031,-0.1152817403297169,0.025599087619756267,-0.2359562924134932,matched_8,1120042,fixed_180,,,,,,,
250,1.0,1.0,0.8428866494274864,0.703627059039757,True,-0.051328782418899155,-0.15193874712057687,0.04928118228277854,-0.14381661120733635,matched_8,1120042,fixed_180,,,,,,,
254,0.0,1.0,0.20839292854203073,0.24099446092279211,True,-0.04484132635498031,-0.1152817403297169,0.025599087619756267,0.11029612787953566,matched_8,1120042,fixed_180,,,,,,,
261,0.0,0.0,0.25783316789758004,0.1812073244799295,True,-0.035734974661046366,-0.15434951209785294,0.0828795627757602,0.31285754382566056,matched_8,1120042,fixed_180,,,,,,,
264,1.0,1.0,0.5133701154893368,0.5783417591739412,True,-0.14066572477054437,-0.29498730799924067,0.013655858458151898,0.10130985419071503,matched_8,1120042,fixed_180,,,,,,,
265,0.0,0.0,0.4673440107611287,0.3563794093146026,True,-0.1611912231424176,-0.2500966927126641,-0.07228575357217111,-0.19966649402570194,matched_8,1120042,fixed_180,,,,,,,
270,0.0,0.0,0.34874073775724557,0.20171397701955088,True,-0.16734734153741057,-0.23517383187550073,-0.09952085119932041,-0.05981133747776573,matched_8,1120042,fixed_180,,,,,,,
271,1.0,0.0,0.8208015211662028,0.8654343342544495,True,-0.16729450723173264,-0.24797831165796164,-0.08661070280550366,-0.027407061388611043,matched_8,1120042,fixed_180,,,,,,,
277,1.0,1.0,0.8458274757149049,0.5796784555469318,True,0.017663698323348163,-0.17049039824553863,0.20581779489223492,0.19707323380293573,matched_8,1120042,fixed_180,,,,,,,
282,0.0,0.0,0.4968539889905682,0.48950108386632263,True,-0.03832945625542914,-0.12550125506532445,0.04884234255446613,0.2904593735133494,matched_8,1120042,fixed_180,,,,,,,
284,0.0,1.0,0.26169668314489575,0.48044735559495144,True,-0.10462650507333562,-0.19065214983052037,-0.018600860316150908,0.18518688543613304,matched_8,1120042,fixed_180,,,,,,,
288,1.0,0.0,0.7511605014707504,0.5824804714021297,True,-0.04365265425527237,-0.12298415704154753,0.03567884853100277,0.004640120746827181,matched_8,1120042,fixed_180,,,,,,,
294,1.0,1.0,0.8164796270017057,0.49031264913350026,True,-0.06665490086195357,-0.251680427376024,0.11837062565211677,-0.34951026332690505,matched_8,1120042,fixed_180,,,,,,,
318,0.0,0.0,0.6636540076542939,0.5705544669325786,True,0.0343082454071105,-0.14551910251865344,0.2141355933328744,-0.20199985734703257,matched_8,1120042,fixed_180,,,,,,,
319,1.0,1.0,0.8930296774091446,0.7555478412559756,True,0.03962229312133173,-0.08758612046534361,0.16683070670800704,0.04278373950332526,matched_8,1120042,fixed_180,,,,,,,
328,0.0,1.0,0.39432924248177276,0.18948303187203663,True,-0.03906615248162667,-0.19715185050544826,0.11901954554219488,0.10327243996857394,matched_8,1120042,fixed_180,,,,,,,
334,0.0,0.0,0.32003853805723764,0.2875355167491368,True,-0.15864908360432303,-0.2639127714469584,-0.05338539576168767,-0.1484375342195409,matched_8,1120042,fixed_180,,,,,,,
339,0.0,1.0,0.6907306329755005,0.5644583916735121,True,-0.1104346230161302,-0.17935047642356217,-0.04151876960869827,-0.04096418254395162,matched_8,1120042,fixed_180,,,,,,,
343,1.0,1.0,0.7122793784860058,0.5155210187085154,True,0.003129285686863256,-0.09292437456682598,0.09918294594055246,-0.252500407706424,matched_8,1120042,fixed_180,,,,,,,
346,0.0,0.0,0.4668878241550569,0.33951763988107997,True,-0.1300045004122751,-0.2098827580322648,-0.050126242792285405,0.021257549177203516,matched_8,1120042,fixed_180,,,,,,,
347,0.0,1.0,0.20263826870260368,0.2637419376444213,True,-0.12241082985730226,-0.2093815718713966,-0.035440087843207915,0.0718545920669893,matched_8,1120042,fixed_180,,,,,,,
349,0.0,1.0,0.7980010545149436,0.6771543356924604,True,-0.09751738187641415,-0.2471081653675832,0.05207340161475488,0.03268878550218324,matched_8,1120042,fixed_180,,,,,,,
354,1.0,0.0,0.532805219686784,0.2924577715670299,True,-0.05730149674823878,-0.1664783238019352,0.05187533030545762,-0.14297135067526034,matched_8,1120042,fixed_180,,,,,,,
357,1.0,1.0,0.6408274001124588,0.2999253159315922,True,-0.08693421149612857,-0.18399029092400213,0.010121867931744966,0.1013446835796018,matched_8,1120042,fixed_180,,,,,,,
360,1.0,0.0,0.3477877504865826,0.3387807653978252,True,-0.0625653312591603,-0.16741713133506264,0.042286468816742015,-0.20995476861796994,matched_8,1120042,fixed_180,,,,,,,
361,0.0,0.0,0.29661108176182654,0.23059339157774011,True,-0.06011092935618135,-0.1731186034147811,0.05289674470241839,-0.0406445885166562,matched_8,1120042,fixed_180,,,,,,,
365,1.0,0.0,0.6049751553904226,0.2863717839207137,True,-0.13210850471205335,-0.28066326278914827,0.016446253365041547,-0.3344524588585174,matched_8,1120042,fixed_180,,,,,,,
368,1.0,0.0,0.6849883638981021,0.32733973117530735,True,-0.10082610004522134,-0.23033042443666613,0.028678224346223427,-0.05427466854280549,matched_8,1120042,fixed_180,,,,,,,
370,1.0,0.0,0.19790340240759838,0.10800260009836761,True,-0.06712755740928428,-0.24149355968597283,0.10723844486740422,-0.11224918810400103,matched_8,1120042,fixed_180,,,,,,,
380,0.0,1.0,0.7471666727680591,0.4674264398886901,True,-0.12426594778655288,-0.21104079582230725,-0.03749109975079852,-0.4595323870462047,matched_8,1120042,fixed_180,,,,,,,
384,1.0,1.0,0.6900728481780237,0.5112597274821526,True,-0.047723522699965014,-0.11749985565865517,0.022052810258725138,0.0703099140074529,matched_8,1120042,fixed_180,,,,,,,
392,1.0,1.0,0.7956043945971023,0.7308406047876336,True,-0.03936620936125023,-0.16255994146158018,0.0838275227390797,0.0859568948245617,matched_8,1120042,fixed_180,,,,,,,
398,0.0,1.0,0.3206138626697417,0.45685223927714724,True,-0.07643552623121588,-0.16419150125710008,0.0113204487946683,-0.3498504475078327,matched_8,1120042,fixed_180,,,,,,,
409,0.0,0.0,0.18337791691798333,0.4439000770292082,True,-0.008452259587501858,-0.13247713153226529,0.11557261235726153,0.14554265152238055,matched_8,1120042,fixed_180,,,,,,,
422,1.0,1.0,0.4374280553015159,0.34871246199525907,True,0.0676318381836776,-0.1019505464528806,0.23721422282023577,0.04875396248008518,matched_8,1120042,fixed_180,,,,,,,
424,1.0,0.0,0.6770097302582416,0.7052642761137701,True,-0.09956551577579392,-0.32057975867314303,0.12144872712155513,-0.411950972386599,matched_8,1120042,fixed_180,,,,,,,
431,1.0,1.0,0.4372491262168222,0.6279412483546116,True,-0.09430698860724142,-0.2145383365836714,0.02592435936918855,-0.32665406706368566,matched_8,1120042,fixed_180,,,,,,,
433,0.0,0.0,0.10525170726096475,0.10427304962006238,True,-0.06870521810872517,-0.19733168913720384,0.05992125291975349,-0.03402153155820689,matched_8,1120042,fixed_180,,,,,,,
435,0.0,1.0,0.4409894527049854,0.6729711349557012,True,-0.09856280975061193,-0.17449815920178002,-0.022627460299443847,-0.10742312894197681,matched_8,1120042,fixed_180,,,,,,,
446,1.0,0.0,0.2790381570542702,0.16375999330593335,True,-0.04623448351164768,-0.22091549994723098,0.12844653292393554,-0.06432527410523083,matched_8,1120042,fixed_180,,,,,,,
447,1.0,1.0,0.536835214889051,0.5503554221394807,True,-0.07260538193708126,-0.19342289825973613,0.048212134385573605,0.034144994760945346,matched_8,1120042,fixed_180,,,,,,,
451,1.0,1.0,0.7690955084071955,0.6112206494377056,True,0.011589379145483981,-0.1685440859989782,0.1917228442899461,-0.17663563846118313,matched_8,1120042,fixed_180,,,,,,,
460,1.0,0.0,0.39094770965443404,0.27994469973743064,True,0.022173991423919678,-0.1143906282174317,0.158738611065271,-0.15089969081385596,matched_8,1120042,fixed_180,,,,,,,
462,0.0,0.0,0.4757820881301206,0.3798226570352518,True,0.04627214242146518,-0.11491787917290747,0.2074621640158378,-0.02877369342676961,matched_8,1120042,fixed_180,,,,,,,
465,0.0,1.0,0.4312755600906261,0.6491876730428766,True,-0.11027151013547723,-0.19633720204364144,-0.024205818227313033,-0.07352311822592295,matched_8,1120042,fixed_180,,,,,,,
467,0.0,0.0,0.2562069965782711,0.26684038260745196,True,-0.0159482557277637,-0.09882721159341014,0.0669307001378827,0.18109530692018136,matched_8,1120042,fixed_180,,,,,,,
468,1.0,0.0,0.44882293786932376,0.4590625162462623,True,-0.13423860874556334,-0.21228850685001688,-0.05618871064110981,-0.36394341785118856,matched_8,1120042,fixed_180,,,,,,,
474,0.0,0.0,0.4334979519869535,0.38280401600429703,True,-0.0008889086763556602,-0.10046695235549476,0.09868913500278341,0.27024214191256124,matched_8,1120042,fixed_180,,,,,,,
478,1.0,0.0,0.5739982744039367,0.2947270948162633,True,-0.08641841529242476,-0.18343466380055773,0.010597833215708174,-0.14113139488284232,matched_8,1120042,fixed_180,,,,,,,
481,0.0,1.0,0.5087083360409932,0.40825501741027925,True,-0.13979461410341493,-0.2074432008922502,-0.07214602731457964,0.24256774419822325,matched_8,1120042,fixed_180,,,,,,,
486,1.0,1.0,0.7441202307802978,0.6148549412893181,True,-0.19801276959759948,-0.35422523286444085,-0.04180030633075815,-0.6892153014395378,matched_8,1120042,fixed_180,,,,,,,
487,1.0,1.0,0.8467975192157075,0.5866738910251524,True,-0.013364698609473313,-0.15624849580411895,0.1295190985851723,-0.028156691615068175,matched_8,1120042,fixed_180,,,,,,,
498,0.0,0.0,0.3020648921646804,0.1979830251548477,True,-0.06796248515494671,-0.2406706871697384,0.10474571685984496,-0.1062618189134249,matched_8,1120042,fixed_180,,,,,,,
503,0.0,0.0,0.3446948747805175,0.2658055219729751,True,0.005638413498129726,-0.10009146593081912,0.11136829292707855,-0.16728505428348134,matched_8,1120042,fixed_180,,,,,,,
507,1.0,1.0,0.8311033999506614,0.7945564212316646,True,-0.06539820260676675,-0.13677469809003281,0.0059782928764993,-0.030854928811506976,matched_8,1120042,fixed_180,,,,,,,
508,0.0,0.0,0.5229332692489086,0.2601699446166555,True,-0.07942600204574915,-0.18712921131967833,0.02827720722818,-0.05620972089686527,matched_8,1120042,fixed_180,,,,,,,
514,1.0,1.0,0.8270038617254091,0.6943390637417084,True,-0.12796612814910224,-0.20863751973908354,-0.047294736559120976,-0.061478120138046544,matched_8,1120042,fixed_180,,,,,,,
526,0.0,0.0,0.15782593929996835,0.13044474411998602,True,0.034735201359067734,-0.1493821135203375,0.21885251623847296,0.020299231269924375,matched_8,1120042,fixed_180,,,,,,,
528,1.0,1.0,0.6647472925894883,0.7352516088728809,True,-0.009076996147999708,-0.12030655641347865,0.1021525641174792,-0.3151680255715663,matched_8,1120042,fixed_180,,,,,,,
532,1.0,0.0,0.5659465902283147,0.4305883970188177,True,-0.08076676380966921,-0.23318813569041996,0.07165460807108151,-0.5334643262344162,matched_8,1120042,fixed_180,,,,,,,
534,0.0,1.0,0.6356185713393279,0.49570608184298615,True,-0.014147482705853063,-0.11715919056319167,0.08886422515148552,0.13543398492073888,matched_8,1120042,fixed_180,,,,,,,
535,0.0,0.0,0.6385549390569282,0.3491581541021244,True,-0.07594491067151109,-0.2614515078457281,0.10956168650270591,0.03704061610492676,matched_8,1120042,fixed_180,,,,,,,
538,1.0,0.0,0.7165422603028302,0.5565385298635452,True,-0.019614172475427537,-0.13093309784799592,0.0917047528971408,-0.06212851278558973,matched_8,1120042,fixed_180,,,,,,,
539,0.0,1.0,0.3919352408994978,0.39807883890515544,True,-0.18808134180431735,-0.2627127419640023,-0.11344994164463239,-0.11126006308263126,matched_8,1120042,fixed_180,,,,,,,
546,0.0,0.0,0.30246911548946265,0.1674140399970113,True,-0.061961125981003534,-0.19271041605035885,0.06878816408835176,-0.06620608679353736,matched_8,1120042,fixed_180,,,,,,,
549,1.0,0.0,0.737809295603759,0.4018100071172399,True,-0.023263945914647532,-0.13850551865360425,0.09197762682430916,-0.22605679180368443,matched_8,1120042,fixed_180,,,,,,,
550,0.0,0.0,0.22968620364065134,0.12507868829739605,True,-0.10960200916365716,-0.22945680762378096,0.010252789296466613,-0.08381602753461014,matched_8,1120042,fixed_180,,,,,,,
552,1.0,0.0,0.5131292585651384,0.19044531066663345,True,-0.18412760633009,-0.3190946482628862,-0.049160564397293854,0.08753892270289004,matched_8,1120042,fixed_180,,,,,,,
559,1.0,0.0,0.6085123450001269,0.405681505096466,True,-0.14066572477054437,-0.29498730799924067,0.013655858458151898,-0.36576085048430995,matched_8,1120042,fixed_180,,,,,,,
560,1.0,1.0,0.8655555287273489,0.6294406160354643,True,-0.03191026495234877,-0.17034964678464282,0.10652911687994521,-0.06469990771798673,matched_8,1120042,fixed_180,,,,,,,
561,1.0,0.0,0.6004522932294956,0.25193874811218325,True,-0.14066572477054437,-0.29498730799924067,0.013655858458151898,-0.14847635272894044,matched_8,1120042,fixed_180,,,,,,,
563,0.0,0.0,0.34977696900330585,0.3001244011940171,True,-0.07843491819266157,-0.16794763073517233,0.011077794349849165,0.08723419972137467,matched_8,1120042,fixed_180,,,,,,,
568,1.0,1.0,0.8420165704415828,0.7241993149028411,True,-0.16796916230702402,-0.24634776425751603,-0.08959056035653203,-0.11006768648138565,matched_8,1120042,fixed_180,,,,,,,
569,0.0,1.0,0.6204165780663479,0.649966418468412,True,-0.021028100344256284,-0.2460749884196557,0.20401878773114307,-0.03506472883281053,matched_8,1120042,fixed_180,,,,,,,
578,0.0,0.0,0.528449166106585,0.541129455632692,True,-0.10613543608414895,-0.19331956448345594,-0.018951307684842003,-0.1661069213092291,matched_8,1120042,fixed_180,,,,,,,
584,1.0,0.0,0.4835230499831929,0.6086690571475216,True,-0.08555184460781684,-0.1739789407257184,0.002875251510084706,-0.18620539681394355,matched_8,1120042,fixed_180,,,,,,,
588,1.0,1.0,0.6950874683394853,0.6067692377764136,True,-0.007741344903288376,-0.1023211661986398,0.08683847639206303,0.05151712594740754,matched_8,1120042,fixed_180,,,,,,,
594,0.0,1.0,0.3845124638174599,0.20204826370818607,True,-0.06551060911417825,-0.16286071181432557,0.03183949358596905,-0.1845762402931477,matched_8,1120042,fixed_180,,,,,,,
599,0.0,1.0,0.5139276407168637,0.3069862927665871,True,-0.04484132635498031,-0.1152817403297169,0.025599087619756267,-0.017020805613165407,matched_8,1120042,fixed_180,,,,,,,
603,1.0,1.0,0.8760250372770755,0.7245136388321798,True,-0.16729450723173264,-0.24797831165796164,-0.08661070280550366,-0.4064471216929251,matched_8,1120042,fixed_180,,,,,,,
606,0.0,1.0,0.21922940776003394,0.3608687382193187,True,-0.11027151013547723,-0.19633720204364144,-0.024205818227313033,-0.0810499975355446,matched_8,1120042,fixed_180,,,,,,,
607,0.0,0.0,0.2306889141131686,0.41349980578355594,True,-0.057628469632935664,-0.15561032450424467,0.0403533852383733,-0.20262165996000597,matched_8,1120042,fixed_180,,,,,,,
609,0.0,1.0,0.2303519206028594,0.1661800464978828,True,-0.11291521150016522,-0.2958891876306703,0.07005876463033985,-0.17815202596793825,matched_8,1120042,fixed_180,,,,,,,
614,1.0,1.0,0.6467946600933504,0.454149402724382,True,-0.10622366303826165,-0.219333724494007,0.006886398417483661,0.13800989485438941,matched_8,1120042,fixed_180,,,,,,,
617,1.0,0.0,0.6802572666640975,0.691208308706228,True,-0.15010231871734922,-0.22151074982362995,-0.0786938876110685,-0.32977963417948597,matched_8,1120042,fixed_180,,,,,,,
621,1.0,1.0,0.627291255719527,0.643934722388693,True,-0.08693421149612857,-0.18399029092400213,0.010121867931744966,-0.10300534475910206,matched_8,1120042,fixed_180,,,,,,,
626,1.0,0.0,0.474501537217078,0.16437460061425205,True,-0.08666975789459747,-0.18298737018348762,0.009647854394292665,-0.14734105843629364,matched_8,1120042,fixed_180,,,,,,,
638,1.0,0.0,0.2748012559824055,0.1239220657092472,True,-0.11187051303555098,-0.2967945068927157,0.07305348082161367,-0.028967779075204383,matched_8,1120042,fixed_180,,,,,,,
648,1.0,1.0,0.5446984576494674,0.4969151883647077,True,-0.1512859373086155,-0.2421430237822004,-0.060428850835030634,0.22657797391420198,matched_8,1120042,fixed_180,,,,,,,
651,1.0,0.0,0.7414638822974168,0.20735604282143721,True,-0.0672396497707808,-0.16635648085310648,0.031877181311544864,0.14285091672279376,matched_8,1120042,fixed_180,,,,,,,
656,0.0,0.0,0.28204662460451924,0.4366149382471533,True,-0.06638367901957155,-0.19202381652022305,0.059256458481079896,0.008071797181922913,matched_8,1120042,fixed_180,,,,,,,
662,0.0,0.0,0.6929571721037661,0.5688028871898342,True,0.04787755926018992,-0.14705550808973133,0.24281062661011113,0.12090442381375327,matched_8,1120042,fixed_180,,,,,,,
663,1.0,1.0,0.6304851473044282,0.5835748670106308,True,-0.07133010556110947,-0.17307564592367553,0.030415434801456573,-0.0006267839972746714,matched_8,1120042,fixed_180,,,,,,,
676,1.0,0.0,0.4599439184764482,0.29878782114157487,True,-0.10324431680063131,-0.27685254695250766,0.07036391335124498,0.288078314021742,matched_8,1120042,fixed_180,,,,,,,
680,1.0,0.0,0.6829703748258147,0.11385594636738014,True,-0.04837512063310983,-0.16966614937344504,0.07291590810722534,-0.21676132704337042,matched_8,1120042,fixed_180,,,,,,,
684,0.0,0.0,0.5697406984360188,0.19983185070397666,True,-0.052894502192818424,-0.14198527715836456,0.036196272772727675,-0.09365228131014089,matched_8,1120042,fixed_180,,,,,,,
689,1.0,1.0,0.8868225930045658,0.8706173422583725,True,-0.10613543608414895,-0.19331956448345594,-0.018951307684842003,0.028437736123359203,matched_8,1120042,fixed_180,,,,,,,
707,1.0,0.0,0.3095601577041158,0.16574517487960455,True,-0.10435792170351946,-0.27343076047736103,0.06471491707032212,-0.18261274863827542,matched_8,1120042,fixed_180,,,,,,,
708,0.0,0.0,0.38944180681518387,0.31109833854695346,True,-0.16990028397315107,-0.2409653875505839,-0.09883518039571829,-0.3033594815556778,matched_8,1120042,fixed_180,,,,,,,
712,0.0,0.0,0.22671743720630477,0.39916050095370287,True,-0.002150495179543993,-0.10072442627506678,0.09642343591597878,0.20262182932038472,matched_8,1120042,fixed_180,,,,,,,
713,0.0,1.0,0.4479973834356069,0.7899673126686212,True,-0.0021993215360129265,-0.14311448712251051,0.1387158440504846,0.18351149860665072,matched_8,1120042,fixed_180,,,,,,,
723,1.0,1.0,0.8791019779208326,0.6312407840166131,True,-0.016613404826700314,-0.1225268995829776,0.08930008992957694,-0.013981278819158116,matched_8,1120042,fixed_180,,,,,,,
735,1.0,1.0,0.7869431386479372,0.5368141960979033,True,0.02681241573929469,-0.06411680450424773,0.11774163598283707,0.2892291597635016,matched_8,1120042,fixed_180,,,,,,,
739,0.0,1.0,0.16567925131260422,0.3625667250095327,True,0.037256914407999046,-0.15266445088597153,0.22717827970196958,0.04653584065128688,matched_8,1120042,fixed_180,,,,,,,
743,1.0,0.0,0.6338297786120288,0.6070901283292623,True,-0.15984774584851397,-0.2537868769554492,-0.06590861474157873,-0.3588049137290085,matched_8,1120042,fixed_180,,,,,,,
744,0.0,0.0,0.2696157041235064,0.15264458849958287,True,-0.026676219572060084,-0.20041984832499038,0.14706740918087013,0.00043827428651807554,matched_8,1120042,fixed_180,,,,,,,
752,1.0,0.0,0.6647472925894883,0.7208329462562315,True,-0.009076996147999708,-0.12030655641347865,0.1021525641174792,-0.048624029853681416,matched_8,1120042,fixed_180,,,,,,,
760,1.0,1.0,0.7134555858731084,0.792566241366111,True,-0.1903092684002974,-0.3465735976383766,-0.03404493916221829,-0.1049719012824385,matched_8,1120042,fixed_180,,,,,,,
773,1.0,1.0,0.8386940353384825,0.852870223315683,True,-0.011301431052120075,-0.1334872050616158,0.1108843429573756,-0.05078761983714952,matched_8,1120042,fixed_180,,,,,,,
776,0.0,0.0,0.3345234242308092,0.20533773166060534,True,0.09681448618057249,-0.10645917788812455,0.3000881502492695,0.11215936655437345,matched_8,1120042,fixed_180,,,,,,,
779,0.0,0.0,0.3257453007133764,0.22754313436062862,True,-0.019777481195312804,-0.11047936304479755,0.07092440065417192,0.2102850669914252,matched_8,1120042,fixed_180,,,,,,,
781,1.0,1.0,0.6832939038423603,0.63754694937672,True,-0.017246264553265223,-0.1425504712518949,0.10805794214536443,0.031273744586730046,matched_8,1120042,fixed_180,,,,,,,
782,1.0,0.0,0.7648701537663227,0.4641424883295498,True,-0.06342406587359704,-0.17090069368834732,0.04405256194115319,-0.27881971225762575,matched_8,1120042,fixed_180,,,,,,,
783,0.0,0.0,0.12172989379204215,0.3168675055683017,True,0.051616933357193674,-0.14533300026395807,0.24856686697834537,0.11768093960974968,matched_8,1120042,fixed_180,,,,,,,
798,1.0,1.0,0.5742961575804171,0.7338549270059888,True,-0.006621194743743683,-0.13519981766151215,0.12195742817402476,-0.012829595656138837,matched_8,1120042,fixed_180,,,,,,,
822,0.0,0.0,0.7417980053932205,0.6367950734915155,True,0.017770131011259127,-0.18296694973651545,0.21850721175903368,0.15687867128973654,matched_8,1120042,fixed_180,,,,,,,
827,0.0,1.0,0.264977865904604,0.5063020143310597,True,-0.15988381109753574,-0.2787811230506769,-0.040986499144394575,-0.47170840662307595,matched_8,1120042,fixed_180,,,,,,,
839,0.0,0.0,0.4808888128545494,0.1562570180525887,True,-0.0856772833065211,-0.18044380220277356,0.009089235589731334,-0.082870305049013,matched_8,1120042,fixed_180,,,,,,,
845,1.0,1.0,0.7067711150558171,0.505484558588421,True,0.03607459278913297,-0.0813214550106199,0.15347064058888582,-0.054967122143437575,matched_8,1120042,fixed_180,,,,,,,
848,0.0,0.0,0.1666158023279128,0.2015602546752192,True,-0.019487217278217683,-0.1918488850079888,0.15287445045155343,0.0857810802170664,matched_8,1120042,fixed_180,,,,,,,
859,1.0,1.0,0.6849906428774399,0.6769103292049636,True,-0.030495603257476224,-0.187059030231495,0.12606782371654252,0.10091643251497262,matched_8,1120042,fixed_180,,,,,,,
868,1.0,0.0,0.3082583807209731,0.1535068027524439,True,-0.059009037195157446,-0.1705554414336155,0.0525373670433006,-0.03768758335333155,matched_8,1120042,fixed_180,,,,,,,
875,1.0,1.0,0.25333963387393715,0.20708796308982624,True,0.022695592057331838,-0.12546010738960436,0.17085129150426803,0.2750351541256375,matched_8,1120042,fixed_180,,,,,,,
892,0.0,0.0,0.6313698695873204,0.23382463068565157,True,-0.12019805168037279,-0.22004477797165078,-0.020351325389094815,-0.4218944972490402,matched_8,1120042,fixed_180,,,,,,,
893,0.0,1.0,0.45589257876268896,0.39302832109664,True,-0.10822869265823426,-0.19071582116553237,-0.025741564150936147,-0.13899119129057289,matched_8,1120042,fixed_180,,,,,,,
898,1.0,1.0,0.49462645872228006,0.3547315126470555,True,-0.12250860254997807,-0.2160786962208402,-0.028938508879115976,0.11489019733853345,matched_8,1120042,fixed_180,,,,,,,
908,1.0,1.0,0.59795154629418,0.5465323047791424,True,-0.022401773500928302,-0.1445383138082969,0.09973476680644026,0.2700079153490359,matched_8,1120042,fixed_180,,,,,,,
913,0.0,0.0,0.4590740424682504,0.15303561997525103,True,0.03543560101299313,-0.11418440610445797,0.1850556081304442,0.5763362625455206,matched_8,1120042,fixed_180,,,,,,,
915,1.0,1.0,0.8444617337210738,0.7902472579186703,True,0.02065476491150115,-0.11754419091802837,0.15885372074103063,-0.10460704553612188,matched_8,1120042,fixed_180,,,,,,,
924,0.0,1.0,0.11064807383603614,0.35875496457481376,True,-0.13559563583755277,-0.22017440845183994,-0.051016863223265624,-0.03518580558050255,matched_8,1120042,fixed_180,,,,,,,
929,1.0,0.0,0.6634216252210545,0.5571596280328351,True,0.06293508211145077,-0.07044413674341077,0.19631430096631228,-0.2246108655442407,matched_8,1120042,fixed_180,,,,,,,
934,0.0,0.0,0.17588820990102041,0.1479102128392838,True,-0.1669794317644636,-0.2988410608453871,-0.03511780268354012,-0.17923562100166213,matched_8,1120042,fixed_180,,,,,,,
955,1.0,1.0,0.7279935351733413,0.7193079523925068,True,-0.11027151013547723,-0.19633720204364144,-0.024205818227313033,-0.4074361291328243,matched_8,1120042,fixed_180,,,,,,,
960,1.0,1.0,0.516353381546526,0.48744897008899524,True,0.04254767725937896,-0.13624642890247463,0.22134178342123254,0.30302428580824725,matched_8,1120042,fixed_180,,,,,,,
961,0.0,1.0,0.5952214322323915,0.2839526673389449,True,-0.040446586784348856,-0.14612677106835847,0.06523359749966075,-0.17386110854674186,matched_8,1120042,fixed_180,,,,,,,
967,0.0,0.0,0.7111062328377343,0.6026371727046967,True,-0.10822869265823426,-0.19071582116553237,-0.025741564150936147,0.11315424130412288,matched_8,1120042,fixed_180,,,,,,,
976,0.0,0.0,0.22296580907529134,0.08518100874594803,True,-0.1903092684002974,-0.3465735976383766,-0.03404493916221829,-0.10435438224184548,matched_8,1120042,fixed_180,,,,,,,
977,1.0,0.0,0.8795089744048036,0.5493546289655924,True,-0.020076339788467585,-0.24791860031962698,0.20776592074269176,0.2172265382051104,matched_8,1120042,fixed_180,,,,,,,
980,1.0,1.0,0.7845093011134376,0.5285083827381312,True,-0.14558663083817025,-0.3253164585217831,0.034143196845442536,-0.1328309937568829,matched_8,1120042,fixed_180,,,,,,,
986,1.0,0.0,0.6842931095653495,0.4407593834478375,True,-0.03832945625542914,-0.12550125506532445,0.04884234255446613,-0.21930664730454208,matched_8,1120042,fixed_180,,,,,,,
987,0.0,0.0,0.4937146818591577,0.41011618555896223,True,-0.03410472670290125,-0.13724305107435247,0.06903359766854995,0.16537846499403014,matched_8,1120042,fixed_180,,,,,,,
989,0.0,0.0,0.502114524477848,0.4557268144672463,True,0.013368738083171404,-0.15752281503639382,0.1842602912027366,-0.22553091570484401,matched_8,1120042,fixed_180,,,,,,,
5,1.0,1.0,0.6377114402121038,0.34254974755376194,True,0.046291242259889766,-0.056708917356207124,0.14929140187598663,0.29544125881310984,matched_16,1120042,fixed_180,,,,,,,
12,0.0,1.0,0.40864594703941975,0.30002689738786964,True,-0.0032484902637858488,-0.1792326135376569,0.17273563301008515,-0.1020346687031714,matched_16,1120042,fixed_180,,,,,,,
15,1.0,0.0,0.5202019068490832,0.11807387106554294,True,-0.06769028647576857,-0.18984476910149084,0.05446419614995367,-0.003080297422145953,matched_16,1120042,fixed_180,,,,,,,
30,0.0,0.0,0.5746897562690604,0.24295906763714584,True,-0.12648216422883113,-0.23337980775034278,-0.019584520707319517,-0.15824629257148742,matched_16,1120042,fixed_180,,,,,,,
39,1.0,0.0,0.6048933776872666,0.3441516064005722,True,-0.13238197464011411,-0.2362671917182735,-0.028496757561954744,-0.0787740414269622,matched_16,1120042,fixed_180,,,,,,,
40,0.0,0.0,0.3543801765148926,0.35057432062020416,True,-0.057092706968522686,-0.14103185546023672,0.026846441523191336,0.060474988513839145,matched_16,1120042,fixed_180,,,,,,,
43,1.0,0.0,0.7309350546172592,0.38618933830050256,True,-0.07522229079078557,-0.18884522484889643,0.03840064326732524,-0.19702180525731344,matched_16,1120042,fixed_180,,,,,,,
45,0.0,0.0,0.2877857978025763,0.3689753372039217,True,-0.0866414728237526,-0.2461637237582111,0.07288077811070585,0.13139903885494988,matched_16,1120042,fixed_180,,,,,,,
48,1.0,1.0,0.4640558918721573,0.5888245392655549,True,-0.07595360645550417,-0.19168282198705405,0.0397756090760457,-0.02351093248221392,matched_16,1120042,fixed_180,,,,,,,
63,1.0,0.0,0.493740643635318,0.20164355626544486,True,-0.045315373385759895,-0.1758067469972083,0.0851760002256885,-0.08061850681857732,matched_16,1120042,fixed_180,,,,,,,
67,1.0,1.0,0.4135078007326209,0.532633707078535,True,-0.19407419658147265,-0.2816061864518947,-0.10654220671105062,-0.4040936263411786,matched_16,1120042,fixed_180,,,,,,,
69,0.0,0.0,0.46600337273861786,0.48630868982475617,True,-0.12864497470603353,-0.35357028148378233,0.09628033207171524,-0.2535047085663173,matched_16,1120042,fixed_180,,,,,,,
72,1.0,0.0,0.5908011295185976,0.3649110295452353,True,-0.0531995401944299,-0.16117458594461712,0.054775505555757296,0.03393963416448598,matched_16,1120042,fixed_180,,,,,,,
75,1.0,0.0,0.8971971121686327,0.590906090484836,True,0.022550949183599334,-0.09429832313115964,0.1394002214983583,-0.21905044290968123,matched_16,1120042,fixed_180,,,,,,,
93,0.0,1.0,0.23435593073816172,0.3708737195266814,True,-0.14439187481676113,-0.26994427168087254,-0.018839477952649758,-0.24763340158643393,matched_16,1120042,fixed_180,,,,,,,
115,0.0,0.0,0.417662784829503,0.3560754401295836,True,-0.037865860890435935,-0.13168580862870816,0.055954086847836274,-0.036066766855671034,matched_16,1120042,fixed_180,,,,,,,
116,0.0,1.0,0.2300810466125331,0.24524587329350514,True,-0.12167726744561594,-0.20417546264552444,-0.03917907224570745,-0.014342061446469406,matched_16,1120042,fixed_180,,,,,,,
121,1.0,0.0,0.829551555662928,0.5644650903605791,True,-0.1436069300591374,-0.24989108770228324,-0.03732277241599162,-0.578150415838105,matched_16,1120042,fixed_180,,,,,,,
122,1.0,0.0,0.6628130336914178,0.16757719199669627,True,-0.11476593743431811,-0.2392321756730851,0.009700300804448864,-0.1662835077113541,matched_16,1120042,fixed_180,,,,,,,
123,0.0,1.0,0.39744562120923743,0.39243083175848403,True,0.031236651247750605,-0.09909212455527458,0.16156542705077576,0.03246765507545743,matched_16,1120042,fixed_180,,,,,,,
126,0.0,0.0,0.2904388139791195,0.3909132072928165,True,-0.1552732216552082,-0.23951215977919899,-0.07103428353121745,-0.3010231687743369,matched_16,1120042,fixed_180,,,,,,,
130,0.0,0.0,0.26863216138852986,0.21849460988274513,True,-0.036803298583169455,-0.13768370623766024,0.06407710907132129,0.006309753656425152,matched_16,1120042,fixed_180,,,,,,,
137,0.0,0.0,0.19104229057139868,0.136704195001431,True,-0.1057209084919588,-0.21045889451498975,-0.000982922468927866,-0.035394603233024145,matched_16,1120042,fixed_180,,,,,,,
145,1.0,0.0,0.4660143956373304,0.44212132263226617,True,-0.04205766191326524,-0.16492671957577504,0.08081139574924452,-0.33769143797714973,matched_16,1120042,fixed_180,,,,,,,
151,0.0,1.0,0.5191771574449675,0.4662585530143542,True,0.03616767465888015,-0.08958972809650217,0.16192507741426246,-0.31487008056515453,matched_16,1120042,fixed_180,,,,,,,
162,0.0,0.0,0.5856731783723788,0.5989655969474362,True,-0.11136145931702107,-0.2282940828518189,0.0055711642177767445,-0.1770906937214045,matched_16,1120042,fixed_180,,,,,,,
167,0.0,1.0,0.6272436550256896,0.707639467658466,True,-0.016090507999593395,-0.11955187658329497,0.08737086058410815,0.060419762402974864,matched_16,1120042,fixed_180,,,,,,,
169,1.0,1.0,0.718421807752594,0.8744463758885973,True,-0.09063326624624352,-0.23713764476048785,0.05587111226800079,-0.059438745764093026,matched_16,1120042,fixed_180,,,,,,,
180,1.0,1.0,0.8672668628184429,0.5657293381904667,True,-0.06925216678580538,-0.1725485368904848,0.034044203318874006,0.07214620573564456,matched_16,1120042,fixed_180,,,,,,,
186,1.0,0.0,0.5911390146431826,0.5179879989770028,True,-0.04730046536754085,-0.202509977686791,0.10790904695170928,-0.34838730337294177,matched_16,1120042,fixed_180,,,,,,,
193,0.0,0.0,0.40023106047420476,0.1550758670471376,True,-0.12628195431200673,-0.19966809763309573,-0.05289581099091775,-0.07790570380726344,matched_16,1120042,fixed_180,,,,,,,
196,0.0,0.0,0.4779684453454312,0.4063942925546509,True,0.02195577604720216,-0.15695921092740298,0.20087076302180729,0.18500422317417548,matched_16,1120042,fixed_180,,,,,,,
198,0.0,0.0,0.14587366590344183,0.3168318250125152,True,-0.14073228993297401,-0.22412051628309843,-0.057344063582849616,-0.09796041668062988,matched_16,1120042,fixed_180,,,,,,,
205,1.0,1.0,0.889667935890094,0.4157414662695457,True,-0.10120565999145513,-0.1670585530429507,-0.03535276693995959,0.10039000345163385,matched_16,1120042,fixed_180,,,,,,,
208,1.0,1.0,0.37917397054309765,0.6227098092939151,True,0.04459278909670427,-0.12095231266663048,0.210137890860039,-0.38364186382161225,matched_16,1120042,fixed_180,,,,,,,
211,0.0,0.0,0.231401125726331,0.22905857404779453,True,-0.022284554213805083,-0.1138889696676805,0.06931986124007032,0.039362356322426656,matched_16,1120042,fixed_180,,,,,,,
229,0.0,0.0,0.35491053100236486,0.18642819332391197,True,-0.1001734493477096,-0.2506630222605755,0.05031612356515629,-0.0181111175885878,matched_16,1120042,fixed_180,,,,,,,
237,0.0,1.0,0.3187585270756577,0.6861105920384603,True,-0.000708619750123083,-0.1451390200298284,0.14372178052958218,0.014677238537030401,matched_16,1120042,fixed_180,,,,,,,
241,1.0,0.0,0.33880276994038705,0.4470269612145222,True,-0.0965667131130236,-0.17927564520888983,-0.0138577810171574,-0.2359562924134932,matched_16,1120042,fixed_180,,,,,,,
250,1.0,1.0,0.8428866494274864,0.703627059039757,True,-0.12299950627652473,-0.22625629755697002,-0.01974271499607945,-0.14381661120733635,matched_16,1120042,fixed_180,,,,,,,
254,0.0,1.0,0.20839292854203073,0.24099446092279211,True,-0.08655284248217697,-0.163819249764956,-0.009286435199397994,0.11029612787953566,matched_16,1120042,fixed_180,,,,,,,
261,0.0,0.0,0.25783316789758004,0.1812073244799295,True,0.0320120404509448,-0.13537980022472437,0.19940388112661392,0.31285754382566056,matched_16,1120042,fixed_180,,,,,,,
264,1.0,1.0,0.5133701154893368,0.5783417591739412,True,-0.09026218491151314,-0.16485380744988218,-0.015670562373144112,0.10130985419071503,matched_16,1120042,fixed_180,,,,,,,
265,0.0,0.0,0.4673440107611287,0.3563794093146026,True,-0.13088780529939703,-0.2170062105890671,-0.044769400009727,-0.19966649402570194,matched_16,1120042,fixed_180,,,,,,,
270,0.0,0.0,0.34874073775724557,0.20171397701955088,True,-0.14394367225411997,-0.2254563528036048,-0.062430991704635175,-0.05981133747776573,matched_16,1120042,fixed_180,,,,,,,
271,1.0,0.0,0.8208015211662028,0.8654343342544495,True,-0.08994364102136267,-0.22356557246051595,0.043678290417790575,-0.027407061388611043,matched_16,1120042,fixed_180,,,,,,,
277,1.0,1.0,0.8458274757149049,0.5796784555469318,True,0.0077860724516386455,-0.09497902025245884,0.11055116515573613,0.19707323380293573,matched_16,1120042,fixed_180,,,,,,,
282,0.0,0.0,0.4968539889905682,0.48950108386632263,True,-0.011734625951706162,-0.1614600978227169,0.13799084591930455,0.2904593735133494,matched_16,1120042,fixed_180,,,,,,,
284,0.0,1.0,0.26169668314489575,0.48044735559495144,True,-0.045445458586112215,-0.1609947339799158,0.07010381680769134,0.18518688543613304,matched_16,1120042,fixed_180,,,,,,,
288,1.0,0.0,0.7511605014707504,0.5824804714021297,True,-0.020064619976330023,-0.13508664854871955,0.09495740859605947,0.004640120746827181,matched_16,1120042,fixed_180,,,,,,,
294,1.0,1.0,0.8164796270017057,0.49031264913350026,True,-0.03538527958381646,-0.16522313695923338,0.09445257779160043,-0.34951026332690505,matched_16,1120042,fixed_180,,,,,,,
318,0.0,0.0,0.6636540076542939,0.5705544669325786,True,-0.07308090041648689,-0.16092307236805614,0.014761271535082318,-0.20199985734703257,matched_16,1120042,fixed_180,,,,,,,
319,1.0,1.0,0.8930296774091446,0.7555478412559756,True,-0.02534937636738683,-0.16252677649916344,0.11182802376438977,0.04278373950332526,matched_16,1120042,fixed_180,,,,,,,
328,0.0,1.0,0.39432924248177276,0.18948303187203663,True,-0.015323115327224447,-0.14024379654166108,0.10959756588721217,0.10327243996857394,matched_16,1120042,fixed_180,,,,,,,
334,0.0,0.0,0.32003853805723764,0.2875355167491368,True,-0.14810689792888201,-0.26619588119269694,-0.030017914665067105,-0.1484375342195409,matched_16,1120042,fixed_180,,,,,,,
339,0.0,1.0,0.6907306329755005,0.5644583916735121,True,-0.10496531450737047,-0.23389080369367815,0.02396017467893717,-0.04096418254395162,matched_16,1120042,fixed_180,,,,,,,
343,1.0,1.0,0.7122793784860058,0.5155210187085154,True,-0.05297455467900983,-0.13596982975079785,0.030020720392778186,-0.252500407706424,matched_16,1120042,fixed_180,,,,,,,
346,0.0,0.0,0.4668878241550569,0.33951763988107997,True,-0.11205011698382973,-0.2343408617464173,0.01024062777875781,0.021257549177203516,matched_16,1120042,fixed_180,,,,,,,
347,0.0,1.0,0.20263826870260368,0.2637419376444213,True,-0.1197201272110682,-0.23580028861359892,-0.003639965808537496,0.0718545920669893,matched_16,1120042,fixed_180,,,,,,,
349,0.0,1.0,0.7980010545149436,0.6771543356924604,True,-0.09682397383344046,-0.17014768455073626,-0.0235002631161447,0.03268878550218324,matched_16,1120042,fixed_180,,,,,,,
354,1.0,0.0,0.532805219686784,0.2924577715670299,True,0.011481294006409062,-0.06870400681505076,0.09166659482786886,-0.14297135067526034,matched_16,1120042,fixed_180,,,,,,,
357,1.0,1.0,0.6408274001124588,0.2999253159315922,True,-0.0977608356004766,-0.26235879140875196,0.06683712020779872,0.1013446835796018,matched_16,1120042,fixed_180,,,,,,,
360,1.0,0.0,0.3477877504865826,0.3387807653978252,True,-0.06047778712986849,-0.22157439629762157,0.10061882203788458,-0.20995476861796994,matched_16,1120042,fixed_180,,,,,,,
361,0.0,0.0,0.29661108176182654,0.23059339157774011,True,-0.09739965670754237,-0.17756532373948947,-0.01723398967559528,-0.0406445885166562,matched_16,1120042,fixed_180,,,,,,,
365,1.0,0.0,0.6049751553904226,0.2863717839207137,True,-0.15492415529222883,-0.2718235718346741,-0.038024738749783626,-0.3344524588585174,matched_16,1120042,fixed_180,,,,,,,
368,1.0,0.0,0.6849883638981021,0.32733973117530735,True,-0.03313027622969201,-0.14991765611615704,0.08365710365677301,-0.05427466854280549,matched_16,1120042,fixed_180,,,,,,,
370,1.0,0.0,0.19790340240759838,0.10800260009836761,True,-0.07414005755770496,-0.2175955234241933,0.06931540830878334,-0.11224918810400103,matched_16,1120042,fixed_180,,,,,,,
380,0.0,1.0,0.7471666727680591,0.4674264398886901,True,-0.11886004766198525,-0.19908690116299294,-0.03863319416097759,-0.4595323870462047,matched_16,1120042,fixed_180,,,,,,,
384,1.0,1.0,0.6900728481780237,0.5112597274821526,True,0.012912260337932985,-0.10262212757478358,0.12844664825064953,0.0703099140074529,matched_16,1120042,fixed_180,,,,,,,
392,1.0,1.0,0.7956043945971023,0.7308406047876336,True,-0.10265979937028417,-0.1945945031081066,-0.010725095632461767,0.0859568948245617,matched_16,1120042,fixed_180,,,,,,,
398,0.0,1.0,0.3206138626697417,0.45685223927714724,True,-0.0022913755819876586,-0.12698038380194626,0.12239763263797092,-0.3498504475078327,matched_16,1120042,fixed_180,,,,,,,
409,0.0,0.0,0.18337791691798333,0.4439000770292082,True,-0.03286026801116631,-0.16764098592519686,0.1019204499028642,0.14554265152238055,matched_16,1120042,fixed_180,,,,,,,
422,1.0,1.0,0.4374280553015159,0.34871246199525907,True,0.0955515531324575,-0.10678627751689121,0.2978893837818062,0.04875396248008518,matched_16,1120042,fixed_180,,,,,,,
424,1.0,0.0,0.6770097302582416,0.7052642761137701,True,-0.15389728205697317,-0.27491155030610087,-0.03288301380784549,-0.411950972386599,matched_16,1120042,fixed_180,,,,,,,
431,1.0,1.0,0.4372491262168222,0.6279412483546116,True,-0.10506233390053407,-0.19843533526687265,-0.011689332534195504,-0.32665406706368566,matched_16,1120042,fixed_180,,,,,,,
433,0.0,0.0,0.10525170726096475,0.10427304962006238,True,-0.08504185777425982,-0.21971015086306672,0.04962643531454705,-0.03402153155820689,matched_16,1120042,fixed_180,,,,,,,
435,0.0,1.0,0.4409894527049854,0.6729711349557012,True,-0.07708213294273235,-0.22003818862075059,0.06587392273528585,-0.10742312894197681,matched_16,1120042,fixed_180,,,,,,,
446,1.0,0.0,0.2790381570542702,0.16375999330593335,True,-0.12565932322624354,-0.2229946293133438,-0.0283240171391433,-0.06432527410523083,matched_16,1120042,fixed_180,,,,,,,
447,1.0,1.0,0.536835214889051,0.5503554221394807,True,-0.08711169425013604,-0.1704121195783225,-0.0038112689219496065,0.034144994760945346,matched_16,1120042,fixed_180,,,,,,,
451,1.0,1.0,0.7690955084071955,0.6112206494377056,True,-0.05372456999834015,-0.18445997216154128,0.07701083216486093,-0.17663563846118313,matched_16,1120042,fixed_180,,,,,,,
460,1.0,0.0,0.39094770965443404,0.27994469973743064,True,0.04868496548608064,-0.05390942675778045,0.1512793577299417,-0.15089969081385596,matched_16,1120042,fixed_180,,,,,,,
462,0.0,0.0,0.4757820881301206,0.3798226570352518,True,0.006545176536643957,-0.11184569169048122,0.1249360447637691,-0.02877369342676961,matched_16,1120042,fixed_180,,,,,,,
465,0.0,1.0,0.4312755600906261,0.6491876730428766,True,-0.11991198634878,-0.22923371581948226,-0.010590256878077783,-0.07352311822592295,matched_16,1120042,fixed_180,,,,,,,
467,0.0,0.0,0.2562069965782711,0.26684038260745196,True,-0.07027363044465962,-0.1572030803411778,0.016655819451858553,0.18109530692018136,matched_16,1120042,fixed_180,,,,,,,
468,1.0,0.0,0.44882293786932376,0.4590625162462623,True,-0.0945711111059949,-0.24036247572551922,0.051220253513529365,-0.36394341785118856,matched_16,1120042,fixed_180,,,,,,,
474,0.0,0.0,0.4334979519869535,0.38280401600429703,True,0.04030549688124996,-0.11698737537949824,0.19759836914199813,0.27024214191256124,matched_16,1120042,fixed_180,,,,,,,
478,1.0,0.0,0.5739982744039367,0.2947270948162633,True,-0.07778229061264633,-0.18060512544950622,0.025040544224213535,-0.14113139488284232,matched_16,1120042,fixed_180,,,,,,,
481,0.0,1.0,0.5087083360409932,0.40825501741027925,True,-0.05972241334320767,-0.17860438994166183,0.05915956325524645,0.24256774419822325,matched_16,1120042,fixed_180,,,,,,,
486,1.0,1.0,0.7441202307802978,0.6148549412893181,True,-0.18148661714071615,-0.2552835769479117,-0.10768965733352061,-0.6892153014395378,matched_16,1120042,fixed_180,,,,,,,
487,1.0,1.0,0.8467975192157075,0.5866738910251524,True,0.010625991612070704,-0.12943381448396715,0.15068579770810853,-0.028156691615068175,matched_16,1120042,fixed_180,,,,,,,
498,0.0,0.0,0.3020648921646804,0.1979830251548477,True,-0.09802389042464926,-0.2285496012765302,0.032501820427231654,-0.1062618189134249,matched_16,1120042,fixed_180,,,,,,,
503,0.0,0.0,0.3446948747805175,0.2658055219729751,True,-0.0670443737196203,-0.1526198428969206,0.01853109545767999,-0.16728505428348134,matched_16,1120042,fixed_180,,,,,,,
507,1.0,1.0,0.8311033999506614,0.7945564212316646,True,-0.052479833936963365,-0.13241920895304246,0.02745954107911571,-0.030854928811506976,matched_16,1120042,fixed_180,,,,,,,
508,0.0,0.0,0.5229332692489086,0.2601699446166555,True,-0.09842267576491052,-0.21197753441966233,0.015132182889841236,-0.05620972089686527,matched_16,1120042,fixed_180,,,,,,,
514,1.0,1.0,0.8270038617254091,0.6943390637417084,True,-0.12889497267501165,-0.225404039844399,-0.03238590550562434,-0.061478120138046544,matched_16,1120042,fixed_180,,,,,,,
526,0.0,0.0,0.15782593929996835,0.13044474411998602,True,-0.04285293428585311,-0.13898136176205353,0.05327549319034728,0.020299231269924375,matched_16,1120042,fixed_180,,,,,,,
528,1.0,1.0,0.6647472925894883,0.7352516088728809,True,-0.03397326941284702,-0.25033276212247496,0.1823862232967809,-0.3151680255715663,matched_16,1120042,fixed_180,,,,,,,
532,1.0,0.0,0.5659465902283147,0.4305883970188177,True,-0.13550158807513485,-0.2156497476848545,-0.05535342846541523,-0.5334643262344162,matched_16,1120042,fixed_180,,,,,,,
534,0.0,1.0,0.6356185713393279,0.49570608184298615,True,0.047375933143300984,-0.07880896767059903,0.17356083395720098,0.13543398492073888,matched_16,1120042,fixed_180,,,,,,,
535,0.0,0.0,0.6385549390569282,0.3491581541021244,True,0.023421498802378187,-0.087872793518708,0.13471579112346435,0.03704061610492676,matched_16,1120042,fixed_180,,,,,,,
538,1.0,0.0,0.7165422603028302,0.5565385298635452,True,-0.05211692178063238,-0.19105190604583,0.08681806248456522,-0.06212851278558973,matched_16,1120042,fixed_180,,,,,,,
539,0.0,1.0,0.3919352408994978,0.39807883890515544,True,-0.12117508011657428,-0.21982631512677003,-0.02252384510637853,-0.11126006308263126,matched_16,1120042,fixed_180,,,,,,,
546,0.0,0.0,0.30246911548946265,0.1674140399970113,True,-0.10852582840111084,-0.25418271102781603,0.037131054225594304,-0.06620608679353736,matched_16,1120042,fixed_180,,,,,,,
549,1.0,0.0,0.737809295603759,0.4018100071172399,True,-0.07337721060251748,-0.18949855181570213,0.04274413061066715,-0.22605679180368443,matched_16,1120042,fixed_180,,,,,,,
550,0.0,0.0,0.22968620364065134,0.12507868829739605,True,-0.0686199891013463,-0.19826434923228442,0.06102437102959178,-0.08381602753461014,matched_16,1120042,fixed_180,,,,,,,
552,1.0,0.0,0.5131292585651384,0.19044531066663345,True,-0.18106815802251255,-0.26351274450944867,-0.09862357153557645,0.08753892270289004,matched_16,1120042,fixed_180,,,,,,,
559,1.0,0.0,0.6085123450001269,0.405681505096466,True,-0.1598250815058456,-0.2458242236302447,-0.07382593938144649,-0.36576085048430995,matched_16,1120042,fixed_180,,,,,,,
560,1.0,1.0,0.8655555287273489,0.6294406160354643,True,-0.11323298203304828,-0.23196143205311703,0.0054954679870204415,-0.06469990771798673,matched_16,1120042,fixed_180,,,,,,,
561,1.0,0.0,0.6004522932294956,0.25193874811218325,True,-0.059738167425341125,-0.14699561589431773,0.027519281043635456,-0.14847635272894044,matched_16,1120042,fixed_180,,,,,,,
563,0.0,0.0,0.34977696900330585,0.3001244011940171,True,-0.10983188183177937,-0.21045239910978064,-0.00921136455377812,0.08723419972137467,matched_16,1120042,fixed_180,,,,,,,
568,1.0,1.0,0.8420165704415828,0.7241993149028411,True,-0.13960558549515537,-0.2391570998859803,-0.04005407110433046,-0.11006768648138565,matched_16,1120042,fixed_180,,,,,,,
569,0.0,1.0,0.6204165780663479,0.649966418468412,True,-0.08968009919337637,-0.17695191325321297,-0.0024082851335398003,-0.03506472883281053,matched_16,1120042,fixed_180,,,,,,,
578,0.0,0.0,0.528449166106585,0.541129455632692,True,-0.09815561051864426,-0.18134236718815333,-0.014968853849135197,-0.1661069213092291,matched_16,1120042,fixed_180,,,,,,,
584,1.0,0.0,0.4835230499831929,0.6086690571475216,True,0.001877220558509276,-0.10657601499695028,0.11033045611396881,-0.18620539681394355,matched_16,1120042,fixed_180,,,,,,,
588,1.0,1.0,0.6950874683394853,0.6067692377764136,True,0.0025160136680787547,-0.15195075851041442,0.15698278584657188,0.05151712594740754,matched_16,1120042,fixed_180,,,,,,,
594,0.0,1.0,0.3845124638174599,0.20204826370818607,True,-0.12419736854892559,-0.20147699177466677,-0.04691774532318441,-0.1845762402931477,matched_16,1120042,fixed_180,,,,,,,
599,0.0,1.0,0.5139276407168637,0.3069862927665871,True,-0.04134724913416053,-0.11498997295426445,0.032295474685943376,-0.017020805613165407,matched_16,1120042,fixed_180,,,,,,,
603,1.0,1.0,0.8760250372770755,0.7245136388321798,True,-0.09192620762192483,-0.21181057121185753,0.027958155968007867,-0.4064471216929251,matched_16,1120042,fixed_180,,,,,,,
606,0.0,1.0,0.21922940776003394,0.3608687382193187,True,-0.0724155720048999,-0.16526694085424914,0.020435796844449336,-0.0810499975355446,matched_16,1120042,fixed_180,,,,,,,
607,0.0,0.0,0.2306889141131686,0.41349980578355594,True,0.010953128024301807,-0.12521965008503735,0.14712590613364096,-0.20262165996000597,matched_16,1120042,fixed_180,,,,,,,
609,0.0,1.0,0.2303519206028594,0.1661800464978828,True,-0.13535946228362977,-0.22082444433638462,-0.04989448023087495,-0.17815202596793825,matched_16,1120042,fixed_180,,,,,,,
614,1.0,1.0,0.6467946600933504,0.454149402724382,True,-0.14052203630547172,-0.29511480952512004,0.01407073691417654,0.13800989485438941,matched_16,1120042,fixed_180,,,,,,,
617,1.0,0.0,0.6802572666640975,0.691208308706228,True,-0.10522554054003178,-0.20679088092237863,-0.0036602001576849508,-0.32977963417948597,matched_16,1120042,fixed_180,,,,,,,
621,1.0,1.0,0.627291255719527,0.643934722388693,True,-0.10123581592354834,-0.2117469000418985,0.009275268194801775,-0.10300534475910206,matched_16,1120042,fixed_180,,,,,,,
626,1.0,0.0,0.474501537217078,0.16437460061425205,True,-0.12604891499450083,-0.20842290785139267,-0.043674922137608985,-0.14734105843629364,matched_16,1120042,fixed_180,,,,,,,
638,1.0,0.0,0.2748012559824055,0.1239220657092472,True,-0.12198795745488539,-0.23031994010020185,-0.013655974809568955,-0.028967779075204383,matched_16,1120042,fixed_180,,,,,,,
648,1.0,1.0,0.5446984576494674,0.4969151883647077,True,-0.13706198418067658,-0.20487044573745816,-0.06925352262389502,0.22657797391420198,matched_16,1120042,fixed_180,,,,,,,
651,1.0,0.0,0.7414638822974168,0.20735604282143721,True,-0.08522255407270765,-0.20001484985035645,0.02956974170494113,0.14285091672279376,matched_16,1120042,fixed_180,,,,,,,
656,0.0,0.0,0.28204662460451924,0.4366149382471533,True,-0.004804615925197093,-0.08669841767550211,0.0770891858251079,0.008071797181922913,matched_16,1120042,fixed_180,,,,,,,
662,0.0,0.0,0.6929571721037661,0.5688028871898342,True,0.04257366754452839,-0.15607429044846455,0.2412216255375213,0.12090442381375327,matched_16,1120042,fixed_180,,,,,,,
663,1.0,1.0,0.6304851473044282,0.5835748670106308,True,-0.057226790895366926,-0.22509128424260702,0.11063770245187313,-0.0006267839972746714,matched_16,1120042,fixed_180,,,,,,,
676,1.0,0.0,0.4599439184764482,0.29878782114157487,True,-0.1087059635575308,-0.22102635968324796,0.003614432568186318,0.288078314021742,matched_16,1120042,fixed_180,,,,,,,
680,1.0,0.0,0.6829703748258147,0.11385594636738014,True,-0.03493241408802814,-0.13390901158149518,0.06404418340543885,-0.21676132704337042,matched_16,1120042,fixed_180,,,,,,,
684,0.0,0.0,0.5697406984360188,0.19983185070397666,True,-0.09126263309913848,-0.2182188644130605,0.03569359821478349,-0.09365228131014089,matched_16,1120042,fixed_180,,,,,,,
689,1.0,1.0,0.8868225930045658,0.8706173422583725,True,-0.04410534712373326,-0.22644106216010731,0.13823036791264076,0.028437736123359203,matched_16,1120042,fixed_180,,,,,,,
707,1.0,0.0,0.3095601577041158,0.16574517487960455,True,-0.04116114213051205,-0.17819317685072916,0.09587089258970502,-0.18261274863827542,matched_16,1120042,fixed_180,,,,,,,
708,0.0,0.0,0.38944180681518387,0.31109833854695346,True,-0.11851202380892291,-0.21149784828311133,-0.025526199334734503,-0.3033594815556778,matched_16,1120042,fixed_180,,,,,,,
712,0.0,0.0,0.22671743720630477,0.39916050095370287,True,0.011561118171237707,-0.17466532198706272,0.1977875583295381,0.20262182932038472,matched_16,1120042,fixed_180,,,,,,,
713,0.0,1.0,0.4479973834356069,0.7899673126686212,True,-0.02514356739282669,-0.1700812395818545,0.11979410479620109,0.18351149860665072,matched_16,1120042,fixed_180,,,,,,,
723,1.0,1.0,0.8791019779208326,0.6312407840166131,True,0.012931629859579569,-0.15893228121699965,0.18479554093615874,-0.013981278819158116,matched_16,1120042,fixed_180,,,,,,,
735,1.0,1.0,0.7869431386479372,0.5368141960979033,True,0.08947498564951052,-0.04555722652568657,0.22450719782470757,0.2892291597635016,matched_16,1120042,fixed_180,,,,,,,
739,0.0,1.0,0.16567925131260422,0.3625667250095327,True,0.0013887923526534666,-0.10867687015407669,0.11145445485938359,0.04653584065128688,matched_16,1120042,fixed_180,,,,,,,
743,1.0,0.0,0.6338297786120288,0.6070901283292623,True,-0.16077455903517654,-0.2399249200962478,-0.08162419797410529,-0.3588049137290085,matched_16,1120042,fixed_180,,,,,,,
744,0.0,0.0,0.2696157041235064,0.15264458849958287,True,0.000938716700568796,-0.08328345834274385,0.0851608917438814,0.00043827428651807554,matched_16,1120042,fixed_180,,,,,,,
752,1.0,0.0,0.6647472925894883,0.7208329462562315,True,-0.03397326941284702,-0.25033276212247496,0.1823862232967809,-0.048624029853681416,matched_16,1120042,fixed_180,,,,,,,
760,1.0,1.0,0.7134555858731084,0.792566241366111,True,-0.17549515917250091,-0.25550464767245284,-0.09548567067254898,-0.1049719012824385,matched_16,1120042,fixed_180,,,,,,,
773,1.0,1.0,0.8386940353384825,0.852870223315683,True,-0.025574384050243287,-0.18809506228463238,0.13694629418414578,-0.05078761983714952,matched_16,1120042,fixed_180,,,,,,,
776,0.0,0.0,0.3345234242308092,0.20533773166060534,True,0.02832561488747047,-0.15822166199749294,0.21487289177243385,0.11215936655437345,matched_16,1120042,fixed_180,,,,,,,
779,0.0,0.0,0.3257453007133764,0.22754313436062862,True,-0.06692053213130465,-0.16793077183394134,0.034089707571332006,0.2102850669914252,matched_16,1120042,fixed_180,,,,,,,
781,1.0,1.0,0.6832939038423603,0.63754694937672,True,-0.06522286929117928,-0.2430431223958479,0.11259738381348934,0.031273744586730046,matched_16,1120042,fixed_180,,,,,,,
782,1.0,0.0,0.7648701537663227,0.4641424883295498,True,-0.047069508108767526,-0.17876810600772827,0.08462908979019318,-0.27881971225762575,matched_16,1120042,fixed_180,,,,,,,
783,0.0,0.0,0.12172989379204215,0.3168675055683017,True,0.10145564514787672,-0.040198929133584915,0.24311021942933833,0.11768093960974968,matched_16,1120042,fixed_180,,,,,,,
798,1.0,1.0,0.5742961575804171,0.7338549270059888,True,0.020634219118538383,-0.08391414543672347,0.12518258367380022,-0.012829595656138837,matched_16,1120042,fixed_180,,,,,,,
822,0.0,0.0,0.7417980053932205,0.6367950734915155,True,0.08716261222019749,-0.026175244003199538,0.20050046844359448,0.15687867128973654,matched_16,1120042,fixed_180,,,,,,,
827,0.0,1.0,0.264977865904604,0.5063020143310597,True,-0.13130090025161228,-0.20665056050067165,-0.05595124000255293,-0.47170840662307595,matched_16,1120042,fixed_180,,,,,,,
839,0.0,0.0,0.4808888128545494,0.1562570180525887,True,-0.13298466390827277,-0.20530925964173696,-0.06066006817480861,-0.082870305049013,matched_16,1120042,fixed_180,,,,,,,
845,1.0,1.0,0.7067711150558171,0.505484558588421,True,0.0853637399517369,-0.03265124717781462,0.2033787270812884,-0.054967122143437575,matched_16,1120042,fixed_180,,,,,,,
848,0.0,0.0,0.1666158023279128,0.2015602546752192,True,-0.03125431681700763,-0.20457326419699917,0.14206463056298388,0.0857810802170664,matched_16,1120042,fixed_180,,,,,,,
859,1.0,1.0,0.6849906428774399,0.6769103292049636,True,-0.034954166088149344,-0.1819565111281663,0.1120481789518676,0.10091643251497262,matched_16,1120042,fixed_180,,,,,,,
868,1.0,0.0,0.3082583807209731,0.1535068027524439,True,-0.06764914616233762,-0.1673871296648398,0.03208883734016452,-0.03768758335333155,matched_16,1120042,fixed_180,,,,,,,
875,1.0,1.0,0.25333963387393715,0.20708796308982624,True,0.0324351930752809,-0.11115755295544735,0.1760279391060091,0.2750351541256375,matched_16,1120042,fixed_180,,,,,,,
892,0.0,0.0,0.6313698695873204,0.23382463068565157,True,-0.07710433019996167,-0.20150051093770316,0.0472918505377798,-0.4218944972490402,matched_16,1120042,fixed_180,,,,,,,
893,0.0,1.0,0.45589257876268896,0.39302832109664,True,-0.06542804214471985,-0.18440258328753742,0.053546498998097686,-0.13899119129057289,matched_16,1120042,fixed_180,,,,,,,
898,1.0,1.0,0.49462645872228006,0.3547315126470555,True,-0.08311749829221642,-0.24127426516788014,0.07503926858344727,0.11489019733853345,matched_16,1120042,fixed_180,,,,,,,
908,1.0,1.0,0.59795154629418,0.5465323047791424,True,-0.07276426249316631,-0.20514733960623902,0.05961881461990637,0.2700079153490359,matched_16,1120042,fixed_180,,,,,,,
913,0.0,0.0,0.4590740424682504,0.15303561997525103,True,0.032037257265582514,-0.10207146476765,0.16614597929881497,0.5763362625455206,matched_16,1120042,fixed_180,,,,,,,
915,1.0,1.0,0.8444617337210738,0.7902472579186703,True,0.08360629770649532,-0.03991540237785422,0.20712799779084484,-0.10460704553612188,matched_16,1120042,fixed_180,,,,,,,
924,0.0,1.0,0.11064807383603614,0.35875496457481376,True,-0.06433818989864848,-0.1658823848957508,0.03720600509845383,-0.03518580558050255,matched_16,1120042,fixed_180,,,,,,,
929,1.0,0.0,0.6634216252210545,0.5571596280328351,True,0.01559835421349236,-0.1279110668100941,0.1591077752370788,-0.2246108655442407,matched_16,1120042,fixed_180,,,,,,,
934,0.0,0.0,0.17588820990102041,0.1479102128392838,True,-0.13793183168102824,-0.26862972713544236,-0.0072339362266141405,-0.17923562100166213,matched_16,1120042,fixed_180,,,,,,,
955,1.0,1.0,0.7279935351733413,0.7193079523925068,True,-0.11131719010553429,-0.24501617614129337,0.022381795930224768,-0.4074361291328243,matched_16,1120042,fixed_180,,,,,,,
960,1.0,1.0,0.516353381546526,0.48744897008899524,True,0.06146120501257666,-0.16104967669199438,0.28397208671714763,0.30302428580824725,matched_16,1120042,fixed_180,,,,,,,
961,0.0,1.0,0.5952214322323915,0.2839526673389449,True,-0.03991144126204115,-0.21668544759935732,0.13686256507527494,-0.17386110854674186,matched_16,1120042,fixed_180,,,,,,,
967,0.0,0.0,0.7111062328377343,0.6026371727046967,True,-0.047872018719816375,-0.16716892776688583,0.07142489032725305,0.11315424130412288,matched_16,1120042,fixed_180,,,,,,,
976,0.0,0.0,0.22296580907529134,0.08518100874594803,True,-0.17132150948098693,-0.2442275568720813,-0.09841546208989257,-0.10435438224184548,matched_16,1120042,fixed_180,,,,,,,
977,1.0,0.0,0.8795089744048036,0.5493546289655924,True,-0.07051391320354677,-0.19134725339865954,0.050319426991565955,0.2172265382051104,matched_16,1120042,fixed_180,,,,,,,
980,1.0,1.0,0.7845093011134376,0.5285083827381312,True,-0.07391445041731583,-0.17101234563661039,0.023183444801978703,-0.1328309937568829,matched_16,1120042,fixed_180,,,,,,,
986,1.0,0.0,0.6842931095653495,0.4407593834478375,True,-0.08867257748532288,-0.1796536174133345,0.0023084624426887024,-0.21930664730454208,matched_16,1120042,fixed_180,,,,,,,
987,0.0,0.0,0.4937146818591577,0.41011618555896223,True,-0.08973597906739231,-0.17489959244259934,-0.00457236569218529,0.16537846499403014,matched_16,1120042,fixed_180,,,,,,,
989,0.0,0.0,0.502114524477848,0.4557268144672463,True,-0.023595088545011668,-0.17697447209904796,0.1297842950090246,-0.22553091570484401,matched_16,1120042,fixed_180,,,,,,,
5,1.0,1.0,0.6377114402121038,0.34254974755376194,True,0.007993124620146336,-0.14297870469870852,0.15896495393900117,0.29544125881310984,matched_224,2120042,fixed_180,,,,,,,
12,0.0,1.0,0.40864594703941975,0.30002689738786964,True,-0.006571858816284747,-0.08729004061211747,0.07414632297954794,-0.1020346687031714,matched_224,2120042,fixed_180,,,,,,,
15,1.0,0.0,0.5202019068490832,0.11807387106554294,True,-0.05546386926730424,-0.23459173795544438,0.12366399942083589,-0.003080297422145953,matched_224,2120042,fixed_180,,,,,,,
30,0.0,0.0,0.5746897562690604,0.24295906763714584,True,-0.005488508691688855,-0.13621319838577184,0.12523618100239411,-0.15824629257148742,matched_224,2120042,fixed_180,,,,,,,
39,1.0,0.0,0.6048933776872666,0.3441516064005722,True,-0.02433771977623282,-0.11676169127235826,0.06808625171989259,-0.0787740414269622,matched_224,2120042,fixed_180,,,,,,,
40,0.0,0.0,0.3543801765148926,0.35057432062020416,True,-0.019976505835741353,-0.21057407240529671,0.170621060733814,0.060474988513839145,matched_224,2120042,fixed_180,,,,,,,
43,1.0,0.0,0.7309350546172592,0.38618933830050256,True,-0.0365929488949488,-0.14065918899165658,0.06747329120175896,-0.19702180525731344,matched_224,2120042,fixed_180,,,,,,,
45,0.0,0.0,0.2877857978025763,0.3689753372039217,True,-0.06406661858494038,-0.18469506828962856,0.05656183111974779,0.13139903885494988,matched_224,2120042,fixed_180,,,,,,,
48,1.0,1.0,0.4640558918721573,0.5888245392655549,True,-0.08581232566192752,-0.25648043144608146,0.08485578012222637,-0.02351093248221392,matched_224,2120042,fixed_180,,,,,,,
63,1.0,0.0,0.493740643635318,0.20164355626544486,True,-0.013797102296950884,-0.10789081267230757,0.08029660807840579,-0.08061850681857732,matched_224,2120042,fixed_180,,,,,,,
67,1.0,1.0,0.4135078007326209,0.532633707078535,True,-0.08668228992784291,-0.2611626745205687,0.08779809466488281,-0.4040936263411786,matched_224,2120042,fixed_180,,,,,,,
69,0.0,0.0,0.46600337273861786,0.48630868982475617,True,-0.04389471428739271,-0.18861585200263553,0.10082642342785007,-0.2535047085663173,matched_224,2120042,fixed_180,,,,,,,
72,1.0,0.0,0.5908011295185976,0.3649110295452353,True,-0.032409578265975805,-0.19181249084766772,0.12699333431571608,0.03393963416448598,matched_224,2120042,fixed_180,,,,,,,
75,1.0,0.0,0.8971971121686327,0.590906090484836,True,-0.009234326715189214,-0.16877823168905692,0.1503095782586784,-0.21905044290968123,matched_224,2120042,fixed_180,,,,,,,
93,0.0,1.0,0.23435593073816172,0.3708737195266814,True,-0.03363827976896988,-0.1207732665368337,0.05349670699889392,-0.24763340158643393,matched_224,2120042,fixed_180,,,,,,,
115,0.0,0.0,0.417662784829503,0.3560754401295836,True,-0.02061903139991763,-0.13128091100263586,0.09004284820280059,-0.036066766855671034,matched_224,2120042,fixed_180,,,,,,,
116,0.0,1.0,0.2300810466125331,0.24524587329350514,True,-0.08199461581508632,-0.24828581981160036,0.08429658818142766,-0.014342061446469406,matched_224,2120042,fixed_180,,,,,,,
121,1.0,0.0,0.829551555662928,0.5644650903605791,True,-0.011613169848842102,-0.14557194824209635,0.12234560854441211,-0.578150415838105,matched_224,2120042,fixed_180,,,,,,,
122,1.0,0.0,0.6628130336914178,0.16757719199669627,True,-0.024581709195098726,-0.14825659011346887,0.09909317172327138,-0.1662835077113541,matched_224,2120042,fixed_180,,,,,,,
123,0.0,1.0,0.39744562120923743,0.39243083175848403,True,-0.04492644142458591,-0.19968826420739794,0.10983538135822607,0.03246765507545743,matched_224,2120042,fixed_180,,,,,,,
126,0.0,0.0,0.2904388139791195,0.3909132072928165,True,-0.0723874373034549,-0.2254521590081376,0.08067728440122776,-0.3010231687743369,matched_224,2120042,fixed_180,,,,,,,
130,0.0,0.0,0.26863216138852986,0.21849460988274513,True,-0.06667488954130103,-0.2355230832345293,0.1021733041519272,0.006309753656425152,matched_224,2120042,fixed_180,,,,,,,
137,0.0,0.0,0.19104229057139868,0.136704195001431,True,-0.03150076572831013,-0.1658445003411253,0.10284296888450503,-0.035394603233024145,matched_224,2120042,fixed_180,,,,,,,
145,1.0,0.0,0.4660143956373304,0.44212132263226617,True,0.008696525162461905,-0.12588336051869836,0.14327641084362217,-0.33769143797714973,matched_224,2120042,fixed_180,,,,,,,
151,0.0,1.0,0.5191771574449675,0.4662585530143542,True,-0.0004979147917057376,-0.07545982768625265,0.07446399810284117,-0.31487008056515453,matched_224,2120042,fixed_180,,,,,,,
162,0.0,0.0,0.5856731783723788,0.5989655969474362,True,-0.03467927737004647,-0.1631179213080642,0.09375936656797124,-0.1770906937214045,matched_224,2120042,fixed_180,,,,,,,
167,0.0,1.0,0.6272436550256896,0.707639467658466,True,-0.0525450559254707,-0.1962838858696856,0.09119377401874415,0.060419762402974864,matched_224,2120042,fixed_180,,,,,,,
169,1.0,1.0,0.718421807752594,0.8744463758885973,True,-0.050776066649499865,-0.13797687001289954,0.036424736713899813,-0.059438745764093026,matched_224,2120042,fixed_180,,,,,,,
180,1.0,1.0,0.8672668628184429,0.5657293381904667,True,-0.01603527906510194,-0.10396965276186021,0.07189909463165631,0.07214620573564456,matched_224,2120042,fixed_180,,,,,,,
186,1.0,0.0,0.5911390146431826,0.5179879989770028,True,-0.03946651359210458,-0.19009628798275324,0.11116326079854406,-0.34838730337294177,matched_224,2120042,fixed_180,,,,,,,
193,0.0,0.0,0.40023106047420476,0.1550758670471376,True,-0.03492087244775344,-0.1334823710108824,0.06364062611537552,-0.07790570380726344,matched_224,2120042,fixed_180,,,,,,,
196,0.0,0.0,0.4779684453454312,0.4063942925546509,True,-0.00701351820217553,-0.12992476446338314,0.11589772805903206,0.18500422317417548,matched_224,2120042,fixed_180,,,,,,,
198,0.0,0.0,0.14587366590344183,0.3168318250125152,True,-0.05156497488944237,-0.1558033891201669,0.05267343934128211,-0.09796041668062988,matched_224,2120042,fixed_180,,,,,,,
205,1.0,1.0,0.889667935890094,0.4157414662695457,True,-0.01548282700016091,-0.10298371990509958,0.07201806590477774,0.10039000345163385,matched_224,2120042,fixed_180,,,,,,,
208,1.0,1.0,0.37917397054309765,0.6227098092939151,True,0.00984685184775766,-0.09041053451087541,0.1101042382063907,-0.38364186382161225,matched_224,2120042,fixed_180,,,,,,,
211,0.0,0.0,0.231401125726331,0.22905857404779453,True,-0.002682375381340016,-0.13248780022749035,0.1271230494648103,0.039362356322426656,matched_224,2120042,fixed_180,,,,,,,
229,0.0,0.0,0.35491053100236486,0.18642819332391197,True,-0.03347975618496469,-0.1963977048449515,0.12943819247502208,-0.0181111175885878,matched_224,2120042,fixed_180,,,,,,,
237,0.0,1.0,0.3187585270756577,0.6861105920384603,True,-0.04188073042107488,-0.13096306954732934,0.04720160870517957,0.014677238537030401,matched_224,2120042,fixed_180,,,,,,,
241,1.0,0.0,0.33880276994038705,0.4470269612145222,True,-0.03318749335789935,-0.20855279463172488,0.14217780791592616,-0.2359562924134932,matched_224,2120042,fixed_180,,,,,,,
250,1.0,1.0,0.8428866494274864,0.703627059039757,True,-0.0418779925862064,-0.17521241220413364,0.09145642703172083,-0.14381661120733635,matched_224,2120042,fixed_180,,,,,,,
254,0.0,1.0,0.20839292854203073,0.24099446092279211,True,-0.012504653281884196,-0.15487999047241383,0.12987068390864542,0.11029612787953566,matched_224,2120042,fixed_180,,,,,,,
261,0.0,0.0,0.25783316789758004,0.1812073244799295,True,-0.03574869746147192,-0.1144319511991348,0.04293455627619092,0.31285754382566056,matched_224,2120042,fixed_180,,,,,,,
264,1.0,1.0,0.5133701154893368,0.5783417591739412,True,-0.03921686342957094,-0.13112396482981517,0.052690237970673265,0.10130985419071503,matched_224,2120042,fixed_180,,,,,,,
265,0.0,0.0,0.4673440107611287,0.3563794093146026,True,-0.06538734211945796,-0.22640331688838553,0.09562863264946958,-0.19966649402570194,matched_224,2120042,fixed_180,,,,,,,
270,0.0,0.0,0.34874073775724557,0.20171397701955088,True,-0.008950749353770226,-0.10470837330685431,0.08680687459931383,-0.05981133747776573,matched_224,2120042,fixed_180,,,,,,,
271,1.0,0.0,0.8208015211662028,0.8654343342544495,True,-0.01817486556271817,-0.1065184484549127,0.07016871732947635,-0.027407061388611043,matched_224,2120042,fixed_180,,,,,,,
277,1.0,1.0,0.8458274757149049,0.5796784555469318,True,0.017800338486206484,-0.14787527229769679,0.18347594927010974,0.19707323380293573,matched_224,2120042,fixed_180,,,,,,,
282,0.0,0.0,0.4968539889905682,0.48950108386632263,True,-0.030965323779900283,-0.1514375584513056,0.089506910891505,0.2904593735133494,matched_224,2120042,fixed_180,,,,,,,
284,0.0,1.0,0.26169668314489575,0.48044735559495144,True,0.007116822802654567,-0.08772805714184453,0.10196170274715365,0.18518688543613304,matched_224,2120042,fixed_180,,,,,,,
288,1.0,0.0,0.7511605014707504,0.5824804714021297,True,-0.014953004734349707,-0.1858498931519933,0.15594388368329384,0.004640120746827181,matched_224,2120042,fixed_180,,,,,,,
294,1.0,1.0,0.8164796270017057,0.49031264913350026,True,-0.03142256466294659,-0.10797001971290256,0.045124890387009356,-0.34951026332690505,matched_224,2120042,fixed_180,,,,,,,
318,0.0,0.0,0.6636540076542939,0.5705544669325786,True,-0.034993612958043256,-0.118948453670737,0.04896122775465047,-0.20199985734703257,matched_224,2120042,fixed_180,,,,,,,
319,1.0,1.0,0.8930296774091446,0.7555478412559756,True,-0.034721976236401664,-0.12161066297311768,0.05216671050031434,0.04278373950332526,matched_224,2120042,fixed_180,,,,,,,
328,0.0,1.0,0.39432924248177276,0.18948303187203663,True,0.0006415026853312516,-0.09871156458329879,0.09999456995396126,0.10327243996857394,matched_224,2120042,fixed_180,,,,,,,
334,0.0,0.0,0.32003853805723764,0.2875355167491368,True,-0.06594323224348395,-0.17337895870557388,0.04149249421860596,-0.1484375342195409,matched_224,2120042,fixed_180,,,,,,,
339,0.0,1.0,0.6907306329755005,0.5644583916735121,True,-0.024238731400763044,-0.16871131242088028,0.12023384961935416,-0.04096418254395162,matched_224,2120042,fixed_180,,,,,,,
343,1.0,1.0,0.7122793784860058,0.5155210187085154,True,-0.047226620386458945,-0.13561365735497666,0.04116041658205877,-0.252500407706424,matched_224,2120042,fixed_180,,,,,,,
346,0.0,0.0,0.4668878241550569,0.33951763988107997,True,-0.03482704565804813,-0.137889016919717,0.06823492560362072,0.021257549177203516,matched_224,2120042,fixed_180,,,,,,,
347,0.0,1.0,0.20263826870260368,0.2637419376444213,True,-0.05692408358394019,-0.15027813730762773,0.03642997013974733,0.0718545920669893,matched_224,2120042,fixed_180,,,,,,,
349,0.0,1.0,0.7980010545149436,0.6771543356924604,True,-0.055024918165529575,-0.15056634941190408,0.0405165130808449,0.03268878550218324,matched_224,2120042,fixed_180,,,,,,,
354,1.0,0.0,0.532805219686784,0.2924577715670299,True,-0.008510122167846476,-0.10583456532518486,0.08881432098949188,-0.14297135067526034,matched_224,2120042,fixed_180,,,,,,,
357,1.0,1.0,0.6408274001124588,0.2999253159315922,True,-0.023242159597091385,-0.10720770744170079,0.060723388247517995,0.1013446835796018,matched_224,2120042,fixed_180,,,,,,,
360,1.0,0.0,0.3477877504865826,0.3387807653978252,True,-0.06864382677238792,-0.16985414007688587,0.03256648653211,-0.20995476861796994,matched_224,2120042,fixed_180,,,,,,,
361,0.0,0.0,0.29661108176182654,0.23059339157774011,True,-0.013915325886962517,-0.13785230409569993,0.11002165232177488,-0.0406445885166562,matched_224,2120042,fixed_180,,,,,,,
365,1.0,0.0,0.6049751553904226,0.2863717839207137,True,-0.08511115548714486,-0.20319202963912458,0.03296971866483482,-0.3344524588585174,matched_224,2120042,fixed_180,,,,,,,
368,1.0,0.0,0.6849883638981021,0.32733973117530735,True,-0.007552032226355268,-0.1331889998651708,0.11808493541246025,-0.05427466854280549,matched_224,2120042,fixed_180,,,,,,,
370,1.0,0.0,0.19790340240759838,0.10800260009836761,True,-0.030585738765952376,-0.16227824796697835,0.10110677043507356,-0.11224918810400103,matched_224,2120042,fixed_180,,,,,,,
380,0.0,1.0,0.7471666727680591,0.4674264398886901,True,-0.0413690779974383,-0.13981148908637048,0.057073333091493844,-0.4595323870462047,matched_224,2120042,fixed_180,,,,,,,
384,1.0,1.0,0.6900728481780237,0.5112597274821526,True,-0.02027529328087656,-0.19814872695747435,0.15759814039572115,0.0703099140074529,matched_224,2120042,fixed_180,,,,,,,
392,1.0,1.0,0.7956043945971023,0.7308406047876336,True,-0.06127068913986825,-0.16826851877114324,0.04572714049140671,0.0859568948245617,matched_224,2120042,fixed_180,,,,,,,
398,0.0,1.0,0.3206138626697417,0.45685223927714724,True,-0.047543499020568945,-0.2529553675689909,0.15786836952785294,-0.3498504475078327,matched_224,2120042,fixed_180,,,,,,,
409,0.0,0.0,0.18337791691798333,0.4439000770292082,True,-0.039131967851830485,-0.15943786943524887,0.08117393373158788,0.14554265152238055,matched_224,2120042,fixed_180,,,,,,,
422,1.0,1.0,0.4374280553015159,0.34871246199525907,True,-0.0053698772204613275,-0.14109802212999242,0.13035826768906972,0.04875396248008518,matched_224,2120042,fixed_180,,,,,,,
424,1.0,0.0,0.6770097302582416,0.7052642761137701,True,-0.09617013821117536,-0.1902405678228699,-0.002099708599480818,-0.411950972386599,matched_224,2120042,fixed_180,,,,,,,
431,1.0,1.0,0.4372491262168222,0.6279412483546116,True,-0.054167349286067645,-0.1527491449819134,0.0444144464097781,-0.32665406706368566,matched_224,2120042,fixed_180,,,,,,,
433,0.0,0.0,0.10525170726096475,0.10427304962006238,True,-0.08824283050302455,-0.1768932053189214,0.0004075443128722933,-0.03402153155820689,matched_224,2120042,fixed_180,,,,,,,
435,0.0,1.0,0.4409894527049854,0.6729711349557012,True,-0.05499478990112652,-0.18224506006073615,0.07225548025848308,-0.10742312894197681,matched_224,2120042,fixed_180,,,,,,,
446,1.0,0.0,0.2790381570542702,0.16375999330593335,True,-0.03348302501118522,-0.1282263288440189,0.06126027882164846,-0.06432527410523083,matched_224,2120042,fixed_180,,,,,,,
447,1.0,1.0,0.536835214889051,0.5503554221394807,True,0.0013539854205492723,-0.12077468961759402,0.12348266045869255,0.034144994760945346,matched_224,2120042,fixed_180,,,,,,,
451,1.0,1.0,0.7690955084071955,0.6112206494377056,True,-0.0027101015557392436,-0.10476758158429056,0.09934737847281205,-0.17663563846118313,matched_224,2120042,fixed_180,,,,,,,
460,1.0,0.0,0.39094770965443404,0.27994469973743064,True,-0.0374591427654417,-0.1199369534732285,0.04501866794234509,-0.15089969081385596,matched_224,2120042,fixed_180,,,,,,,
462,0.0,0.0,0.4757820881301206,0.3798226570352518,True,-0.01187924448926871,-0.09530294289957054,0.0715444539210331,-0.02877369342676961,matched_224,2120042,fixed_180,,,,,,,
465,0.0,1.0,0.4312755600906261,0.6491876730428766,True,-0.04007810389081869,-0.15064260087384396,0.07048639309220656,-0.07352311822592295,matched_224,2120042,fixed_180,,,,,,,
467,0.0,0.0,0.2562069965782711,0.26684038260745196,True,-0.06064351619182978,-0.18784780875031984,0.06656077636666025,0.18109530692018136,matched_224,2120042,fixed_180,,,,,,,
468,1.0,0.0,0.44882293786932376,0.4590625162462623,True,-0.03138646759902033,-0.13498655913796917,0.07221362393992847,-0.36394341785118856,matched_224,2120042,fixed_180,,,,,,,
474,0.0,0.0,0.4334979519869535,0.38280401600429703,True,-0.04716983988959794,-0.14843422993640568,0.054094550157209764,0.27024214191256124,matched_224,2120042,fixed_180,,,,,,,
478,1.0,0.0,0.5739982744039367,0.2947270948162633,True,-0.04583459153854493,-0.2438091632011488,0.15213998012405885,-0.14113139488284232,matched_224,2120042,fixed_180,,,,,,,
481,0.0,1.0,0.5087083360409932,0.40825501741027925,True,0.012272754949765572,-0.08379976250140742,0.10834527240093852,0.24256774419822325,matched_224,2120042,fixed_180,,,,,,,
486,1.0,1.0,0.7441202307802978,0.6148549412893181,True,-0.07522055534998513,-0.28490472612372175,0.1344636154237514,-0.6892153014395378,matched_224,2120042,fixed_180,,,,,,,
487,1.0,1.0,0.8467975192157075,0.5866738910251524,True,-0.017291599941096757,-0.11573088027101887,0.08114768038882532,-0.028156691615068175,matched_224,2120042,fixed_180,,,,,,,
498,0.0,0.0,0.3020648921646804,0.1979830251548477,True,-0.054573141072491775,-0.21323841762874904,0.10409213548376545,-0.1062618189134249,matched_224,2120042,fixed_180,,,,,,,
503,0.0,0.0,0.3446948747805175,0.2658055219729751,True,-0.019443876969184804,-0.11911513067070896,0.08022737673233933,-0.16728505428348134,matched_224,2120042,fixed_180,,,,,,,
507,1.0,1.0,0.8311033999506614,0.7945564212316646,True,-0.03533834183165434,-0.12878245940742983,0.05810577574412111,-0.030854928811506976,matched_224,2120042,fixed_180,,,,,,,
508,0.0,0.0,0.5229332692489086,0.2601699446166555,True,-0.04132341271138466,-0.11832516025646075,0.035678334833691414,-0.05620972089686527,matched_224,2120042,fixed_180,,,,,,,
514,1.0,1.0,0.8270038617254091,0.6943390637417084,True,-0.03451622152344044,-0.220357144056109,0.1513247010092281,-0.061478120138046544,matched_224,2120042,fixed_180,,,,,,,
526,0.0,0.0,0.15782593929996835,0.13044474411998602,True,-0.010290365192070577,-0.15790789653046125,0.13732716614632004,0.020299231269924375,matched_224,2120042,fixed_180,,,,,,,
528,1.0,1.0,0.6647472925894883,0.7352516088728809,True,-0.01361822702847082,-0.14649822136306695,0.11926176730612528,-0.3151680255715663,matched_224,2120042,fixed_180,,,,,,,
532,1.0,0.0,0.5659465902283147,0.4305883970188177,True,-0.05225215074974017,-0.21335201914864282,0.10884771764916244,-0.5334643262344162,matched_224,2120042,fixed_180,,,,,,,
534,0.0,1.0,0.6356185713393279,0.49570608184298615,True,-0.020803208035579314,-0.14226097590377737,0.1006545598326187,0.13543398492073888,matched_224,2120042,fixed_180,,,,,,,
535,0.0,0.0,0.6385549390569282,0.3491581541021244,True,0.0035820336061576723,-0.11294879524245606,0.1201128624547714,0.03704061610492676,matched_224,2120042,fixed_180,,,,,,,
538,1.0,0.0,0.7165422603028302,0.5565385298635452,True,-0.0433937098765975,-0.2298810973241558,0.14309367757096075,-0.06212851278558973,matched_224,2120042,fixed_180,,,,,,,
539,0.0,1.0,0.3919352408994978,0.39807883890515544,True,-0.07407348696863528,-0.17340684696549347,0.02525987302822287,-0.11126006308263126,matched_224,2120042,fixed_180,,,,,,,
546,0.0,0.0,0.30246911548946265,0.1674140399970113,True,-0.046497947442274194,-0.16239282407385597,0.06939692918930757,-0.06620608679353736,matched_224,2120042,fixed_180,,,,,,,
549,1.0,0.0,0.737809295603759,0.4018100071172399,True,-0.04708168550782992,-0.12259150746478656,0.028428136449126694,-0.22605679180368443,matched_224,2120042,fixed_180,,,,,,,
550,0.0,0.0,0.22968620364065134,0.12507868829739605,True,-0.08034252632624764,-0.23953049589570563,0.07884544324321033,-0.08381602753461014,matched_224,2120042,fixed_180,,,,,,,
552,1.0,0.0,0.5131292585651384,0.19044531066663345,True,-0.07232105050601033,-0.20867015365168212,0.06402805263966145,0.08753892270289004,matched_224,2120042,fixed_180,,,,,,,
559,1.0,0.0,0.6085123450001269,0.405681505096466,True,-0.0393981025313704,-0.14689340011048413,0.06809719504774331,-0.36576085048430995,matched_224,2120042,fixed_180,,,,,,,
560,1.0,1.0,0.8655555287273489,0.6294406160354643,True,0.001513591605874829,-0.10064437125447397,0.1036715544662236,-0.06469990771798673,matched_224,2120042,fixed_180,,,,,,,
561,1.0,0.0,0.6004522932294956,0.25193874811218325,True,-0.03419964378287864,-0.1601473624969883,0.09174807493123101,-0.14847635272894044,matched_224,2120042,fixed_180,,,,,,,
563,0.0,0.0,0.34977696900330585,0.3001244011940171,True,-0.043486418868973135,-0.17211800595751534,0.08514516821956902,0.08723419972137467,matched_224,2120042,fixed_180,,,,,,,
568,1.0,1.0,0.8420165704415828,0.7241993149028411,True,-0.09356823214172903,-0.18423085775572587,-0.002905606527732224,-0.11006768648138565,matched_224,2120042,fixed_180,,,,,,,
569,0.0,1.0,0.6204165780663479,0.649966418468412,True,-0.055919321288934926,-0.13371120594234936,0.0218725633644795,-0.03506472883281053,matched_224,2120042,fixed_180,,,,,,,
578,0.0,0.0,0.528449166106585,0.541129455632692,True,-0.045479286748019286,-0.2117431022807655,0.1207845287847269,-0.1661069213092291,matched_224,2120042,fixed_180,,,,,,,
584,1.0,0.0,0.4835230499831929,0.6086690571475216,True,0.011402641005727207,-0.09173106655897216,0.11453634857042654,-0.18620539681394355,matched_224,2120042,fixed_180,,,,,,,
588,1.0,1.0,0.6950874683394853,0.6067692377764136,True,0.01605470169344088,-0.20809759522441418,0.24020699861129585,0.05151712594740754,matched_224,2120042,fixed_180,,,,,,,
594,0.0,1.0,0.3845124638174599,0.20204826370818607,True,-0.0342248503287888,-0.1597080673315669,0.09125836667398926,-0.1845762402931477,matched_224,2120042,fixed_180,,,,,,,
599,0.0,1.0,0.5139276407168637,0.3069862927665871,True,-0.02745493239169554,-0.20318377225146594,0.14827390746807484,-0.017020805613165407,matched_224,2120042,fixed_180,,,,,,,
603,1.0,1.0,0.8760250372770755,0.7245136388321798,True,-0.039535335738461214,-0.19078750655081567,0.11171683507389318,-0.4064471216929251,matched_224,2120042,fixed_180,,,,,,,
606,0.0,1.0,0.21922940776003394,0.3608687382193187,True,-0.07188454164255746,-0.220682677375303,0.07691359409018804,-0.0810499975355446,matched_224,2120042,fixed_180,,,,,,,
607,0.0,0.0,0.2306889141131686,0.41349980578355594,True,-0.012690529639163253,-0.08984622395650127,0.06446516467817474,-0.20262165996000597,matched_224,2120042,fixed_180,,,,,,,
609,0.0,1.0,0.2303519206028594,0.1661800464978828,True,-0.04396442283157418,-0.15387055872487032,0.06594171306172192,-0.17815202596793825,matched_224,2120042,fixed_180,,,,,,,
614,1.0,1.0,0.6467946600933504,0.454149402724382,True,-0.08603581852061272,-0.3019973657069291,0.12992572866570362,0.13800989485438941,matched_224,2120042,fixed_180,,,,,,,
617,1.0,0.0,0.6802572666640975,0.691208308706228,True,-0.05170320156628955,-0.16049485146486514,0.05708844833228603,-0.32977963417948597,matched_224,2120042,fixed_180,,,,,,,
621,1.0,1.0,0.627291255719527,0.643934722388693,True,-0.023568316967567397,-0.12355869536541411,0.07642206143027931,-0.10300534475910206,matched_224,2120042,fixed_180,,,,,,,
626,1.0,0.0,0.474501537217078,0.16437460061425205,True,-0.0260286732363249,-0.12689678319263226,0.07483943671998244,-0.14734105843629364,matched_224,2120042,fixed_180,,,,,,,
638,1.0,0.0,0.2748012559824055,0.1239220657092472,True,-0.05747535921179701,-0.16345466750738213,0.048503949083788085,-0.028967779075204383,matched_224,2120042,fixed_180,,,,,,,
648,1.0,1.0,0.5446984576494674,0.4969151883647077,True,-0.02628885926636333,-0.20479754527247768,0.15221982673975099,0.22657797391420198,matched_224,2120042,fixed_180,,,,,,,
651,1.0,0.0,0.7414638822974168,0.20735604282143721,True,-0.02892675998731171,-0.11830270101897494,0.060449181044351485,0.14285091672279376,matched_224,2120042,fixed_180,,,,,,,
656,0.0,0.0,0.28204662460451924,0.4366149382471533,True,-0.03907384685820097,-0.18963353230188343,0.11148583858548142,0.008071797181922913,matched_224,2120042,fixed_180,,,,,,,
662,0.0,0.0,0.6929571721037661,0.5688028871898342,True,-0.01289596893914188,-0.08461364970223241,0.058821711823948616,0.12090442381375327,matched_224,2120042,fixed_180,,,,,,,
663,1.0,1.0,0.6304851473044282,0.5835748670106308,True,-0.01174504268401292,-0.14458278413379583,0.12109269876576997,-0.0006267839972746714,matched_224,2120042,fixed_180,,,,,,,
676,1.0,0.0,0.4599439184764482,0.29878782114157487,True,-0.0657101356345732,-0.17688319562416563,0.045462924355019196,0.288078314021742,matched_224,2120042,fixed_180,,,,,,,
680,1.0,0.0,0.6829703748258147,0.11385594636738014,True,-0.016647582420742945,-0.12038890130842622,0.0870937364669403,-0.21676132704337042,matched_224,2120042,fixed_180,,,,,,,
684,0.0,0.0,0.5697406984360188,0.19983185070397666,True,-0.0321956412299296,-0.18043981922733976,0.1160485367674805,-0.09365228131014089,matched_224,2120042,fixed_180,,,,,,,
689,1.0,1.0,0.8868225930045658,0.8706173422583725,True,-0.022689880684243643,-0.16328561870951375,0.11790585734102645,0.028437736123359203,matched_224,2120042,fixed_180,,,,,,,
707,1.0,0.0,0.3095601577041158,0.16574517487960455,True,-0.089262657514295,-0.17771831437201302,-0.0008070006565770171,-0.18261274863827542,matched_224,2120042,fixed_180,,,,,,,
708,0.0,0.0,0.38944180681518387,0.31109833854695346,True,-0.05070946788658631,-0.1329990429541748,0.031580107181002154,-0.3033594815556778,matched_224,2120042,fixed_180,,,,,,,
712,0.0,0.0,0.22671743720630477,0.39916050095370287,True,-0.05290849097307866,-0.17118095457718385,0.06536397263102652,0.20262182932038472,matched_224,2120042,fixed_180,,,,,,,
713,0.0,1.0,0.4479973834356069,0.7899673126686212,True,-0.02658383542375591,-0.19526548619700315,0.14209781534949126,0.18351149860665072,matched_224,2120042,fixed_180,,,,,,,
723,1.0,1.0,0.8791019779208326,0.6312407840166131,True,-0.01923507807525354,-0.15954576673879683,0.12107561058828972,-0.013981278819158116,matched_224,2120042,fixed_180,,,,,,,
735,1.0,1.0,0.7869431386479372,0.5368141960979033,True,-0.015004932657500214,-0.11098854828400533,0.08097868296900486,0.2892291597635016,matched_224,2120042,fixed_180,,,,,,,
739,0.0,1.0,0.16567925131260422,0.3625667250095327,True,-0.019270154624272465,-0.19693793255593378,0.15839762330738882,0.04653584065128688,matched_224,2120042,fixed_180,,,,,,,
743,1.0,0.0,0.6338297786120288,0.6070901283292623,True,-0.02535077600948228,-0.1673087610635704,0.11660720904460582,-0.3588049137290085,matched_224,2120042,fixed_180,,,,,,,
744,0.0,0.0,0.2696157041235064,0.15264458849958287,True,-0.05827601083520464,-0.1370596522228315,0.02050763055242221,0.00043827428651807554,matched_224,2120042,fixed_180,,,,,,,
752,1.0,0.0,0.6647472925894883,0.7208329462562315,True,-0.0029681083482966013,-0.13152463773841436,0.1255884210418211,-0.048624029853681416,matched_224,2120042,fixed_180,,,,,,,
760,1.0,1.0,0.7134555858731084,0.792566241366111,True,-0.08038574045993149,-0.23179651922880204,0.071025038308939,-0.1049719012824385,matched_224,2120042,fixed_180,,,,,,,
773,1.0,1.0,0.8386940353384825,0.852870223315683,True,-0.021364398609034985,-0.12787629177581053,0.08514749455774054,-0.05078761983714952,matched_224,2120042,fixed_180,,,,,,,
776,0.0,0.0,0.3345234242308092,0.20533773166060534,True,-0.015402089932864103,-0.13428059284241753,0.10347641297668929,0.11215936655437345,matched_224,2120042,fixed_180,,,,,,,
779,0.0,0.0,0.3257453007133764,0.22754313436062862,True,-0.06174583756205501,-0.18522691257732163,0.06173523745321158,0.2102850669914252,matched_224,2120042,fixed_180,,,,,,,
781,1.0,1.0,0.6832939038423603,0.63754694937672,True,-0.02743102508277955,-0.14474551225741755,0.08988346209185842,0.031273744586730046,matched_224,2120042,fixed_180,,,,,,,
782,1.0,0.0,0.7648701537663227,0.4641424883295498,True,-0.017696530898470987,-0.09144292637507409,0.05604986457813211,-0.27881971225762575,matched_224,2120042,fixed_180,,,,,,,
783,0.0,0.0,0.12172989379204215,0.3168675055683017,True,0.0031665819957769556,-0.17215515460666167,0.17848831859821557,0.11768093960974968,matched_224,2120042,fixed_180,,,,,,,
798,1.0,1.0,0.5742961575804171,0.7338549270059888,True,-0.029119708086413666,-0.1269658621964577,0.06872644602363034,-0.012829595656138837,matched_224,2120042,fixed_180,,,,,,,
822,0.0,0.0,0.7417980053932205,0.6367950734915155,True,0.028137412863538786,-0.16589711072964067,0.2221719364567182,0.15687867128973654,matched_224,2120042,fixed_180,,,,,,,
827,0.0,1.0,0.264977865904604,0.5063020143310597,True,-0.07171458551698719,-0.19933958541427577,0.05591041438030135,-0.47170840662307595,matched_224,2120042,fixed_180,,,,,,,
839,0.0,0.0,0.4808888128545494,0.1562570180525887,True,-0.04510270981530872,-0.12230324902247702,0.03209782939185956,-0.082870305049013,matched_224,2120042,fixed_180,,,,,,,
845,1.0,1.0,0.7067711150558171,0.505484558588421,True,0.0009146410248187403,-0.13784388808514478,0.13967317013478225,-0.054967122143437575,matched_224,2120042,fixed_180,,,,,,,
848,0.0,0.0,0.1666158023279128,0.2015602546752192,True,-0.050708304425551215,-0.2218865968034851,0.12046998795238265,0.0857810802170664,matched_224,2120042,fixed_180,,,,,,,
859,1.0,1.0,0.6849906428774399,0.6769103292049636,True,-0.030138243763229825,-0.1286328412201533,0.06835635369369365,0.10091643251497262,matched_224,2120042,fixed_180,,,,,,,
868,1.0,0.0,0.3082583807209731,0.1535068027524439,True,-0.04787368412419957,-0.15094620057622152,0.055198832327822356,-0.03768758335333155,matched_224,2120042,fixed_180,,,,,,,
875,1.0,1.0,0.25333963387393715,0.20708796308982624,True,0.01719867625271826,-0.13019823697343894,0.16459558947887543,0.2750351541256375,matched_224,2120042,fixed_180,,,,,,,
892,0.0,0.0,0.6313698695873204,0.23382463068565157,True,-0.025454389292811713,-0.17817091872828525,0.1272621401426618,-0.4218944972490402,matched_224,2120042,fixed_180,,,,,,,
893,0.0,1.0,0.45589257876268896,0.39302832109664,True,-0.034380167129964716,-0.12200619389444273,0.05324585963451329,-0.13899119129057289,matched_224,2120042,fixed_180,,,,,,,
898,1.0,1.0,0.49462645872228006,0.3547315126470555,True,0.0015806770906516493,-0.13166516023812183,0.13482651441942511,0.11489019733853345,matched_224,2120042,fixed_180,,,,,,,
908,1.0,1.0,0.59795154629418,0.5465323047791424,True,-0.05009372801218765,-0.14704161119387005,0.046854155169494725,0.2700079153490359,matched_224,2120042,fixed_180,,,,,,,
913,0.0,0.0,0.4590740424682504,0.15303561997525103,True,0.0034670934065067945,-0.1603472557126676,0.16728144252568117,0.5763362625455206,matched_224,2120042,fixed_180,,,,,,,
915,1.0,1.0,0.8444617337210738,0.7902472579186703,True,-0.01374202211266468,-0.13116274469245665,0.10367870046712727,-0.10460704553612188,matched_224,2120042,fixed_180,,,,,,,
924,0.0,1.0,0.11064807383603614,0.35875496457481376,True,-0.06450972336476263,-0.1807094430406304,0.051689996311105144,-0.03518580558050255,matched_224,2120042,fixed_180,,,,,,,
929,1.0,0.0,0.6634216252210545,0.5571596280328351,True,-0.012734834009892547,-0.1143106644741106,0.08884099645432549,-0.2246108655442407,matched_224,2120042,fixed_180,,,,,,,
934,0.0,0.0,0.17588820990102041,0.1479102128392838,True,-0.052262690546792764,-0.17694701976801624,0.0724216386744307,-0.17923562100166213,matched_224,2120042,fixed_180,,,,,,,
955,1.0,1.0,0.7279935351733413,0.7193079523925068,True,-0.044641245375402226,-0.22161122422100699,0.1323287334702025,-0.4074361291328243,matched_224,2120042,fixed_180,,,,,,,
960,1.0,1.0,0.516353381546526,0.48744897008899524,True,0.01068964558009414,-0.170071269761371,0.1914505609215592,0.30302428580824725,matched_224,2120042,fixed_180,,,,,,,
961,0.0,1.0,0.5952214322323915,0.2839526673389449,True,-0.03518363206492387,-0.11029067036141907,0.039923406231571305,-0.17386110854674186,matched_224,2120042,fixed_180,,,,,,,
967,0.0,0.0,0.7111062328377343,0.6026371727046967,True,-0.04536522018180135,-0.18339002890093686,0.09265958853733415,0.11315424130412288,matched_224,2120042,fixed_180,,,,,,,
976,0.0,0.0,0.22296580907529134,0.08518100874594803,True,-0.05927530054662939,-0.2036995420032981,0.0851489409100393,-0.10435438224184548,matched_224,2120042,fixed_180,,,,,,,
977,1.0,0.0,0.8795089744048036,0.5493546289655924,True,-0.021106665352230013,-0.11986507187163536,0.07765174116717533,0.2172265382051104,matched_224,2120042,fixed_180,,,,,,,
980,1.0,1.0,0.7845093011134376,0.5285083827381312,True,-0.044228045193361584,-0.20255367165013705,0.11409758126341384,-0.1328309937568829,matched_224,2120042,fixed_180,,,,,,,
986,1.0,0.0,0.6842931095653495,0.4407593834478375,True,-0.011321889665119135,-0.14800702066256902,0.12536324133233073,-0.21930664730454208,matched_224,2120042,fixed_180,,,,,,,
987,0.0,0.0,0.4937146818591577,0.41011618555896223,True,-0.03901901389282483,-0.15346608962609312,0.07542806184044343,0.16537846499403014,matched_224,2120042,fixed_180,,,,,,,
989,0.0,0.0,0.502114524477848,0.4557268144672463,True,-0.05767184589535532,-0.1783365512790034,0.06299285948829275,-0.22553091570484401,matched_224,2120042,fixed_180,,,,,,,
5,1.0,1.0,0.6377114402121038,0.34254974755376194,True,0.0027875993444213924,-0.09106430847249772,0.09663950716134048,0.29544125881310984,matched_8,2120042,fixed_180,,,,,,,
12,0.0,1.0,0.40864594703941975,0.30002689738786964,True,-0.03350094091152424,-0.12018694476859362,0.053185062945545133,-0.1020346687031714,matched_8,2120042,fixed_180,,,,,,,
15,1.0,0.0,0.5202019068490832,0.11807387106554294,True,-0.03653832853500004,-0.15725350067233979,0.08417684360233968,-0.003080297422145953,matched_8,2120042,fixed_180,,,,,,,
30,0.0,0.0,0.5746897562690604,0.24295906763714584,True,-0.08245986896207808,-0.20487273778335421,0.039952999859198035,-0.15824629257148742,matched_8,2120042,fixed_180,,,,,,,
39,1.0,0.0,0.6048933776872666,0.3441516064005722,True,-0.14128406911062327,-0.2464608907976304,-0.036107247423616165,-0.0787740414269622,matched_8,2120042,fixed_180,,,,,,,
40,0.0,0.0,0.3543801765148926,0.35057432062020416,True,-0.01482311881709143,-0.17296337232821454,0.14331713469403168,0.060474988513839145,matched_8,2120042,fixed_180,,,,,,,
43,1.0,0.0,0.7309350546172592,0.38618933830050256,True,-0.13791545452339643,-0.2550037065587781,-0.020827202488014826,-0.19702180525731344,matched_8,2120042,fixed_180,,,,,,,
45,0.0,0.0,0.2877857978025763,0.3689753372039217,True,0.004744966072121493,-0.09623672057674135,0.1057266527209843,0.13139903885494988,matched_8,2120042,fixed_180,,,,,,,
48,1.0,1.0,0.4640558918721573,0.5888245392655549,True,0.02823834063492401,-0.1272397432169986,0.18371642448684658,-0.02351093248221392,matched_8,2120042,fixed_180,,,,,,,
63,1.0,0.0,0.493740643635318,0.20164355626544486,True,-0.013240657120968322,-0.12938790913968098,0.10290659489774431,-0.08061850681857732,matched_8,2120042,fixed_180,,,,,,,
67,1.0,1.0,0.4135078007326209,0.532633707078535,True,-0.20550390420290648,-0.3715723971321204,-0.039435411273692544,-0.4040936263411786,matched_8,2120042,fixed_180,,,,,,,
69,0.0,0.0,0.46600337273861786,0.48630868982475617,True,-0.11256550208532039,-0.2999800443935701,0.07484904022292933,-0.2535047085663173,matched_8,2120042,fixed_180,,,,,,,
72,1.0,0.0,0.5908011295185976,0.3649110295452353,True,-0.08974679010395967,-0.23657915643569075,0.057085576227771384,0.03393963416448598,matched_8,2120042,fixed_180,,,,,,,
75,1.0,0.0,0.8971971121686327,0.590906090484836,True,0.0057928554298628645,-0.09528305719546068,0.10686876805518639,-0.21905044290968123,matched_8,2120042,fixed_180,,,,,,,
93,0.0,1.0,0.23435593073816172,0.3708737195266814,True,-0.14607381405542702,-0.24538807188463943,-0.046759556226214624,-0.24763340158643393,matched_8,2120042,fixed_180,,,,,,,
115,0.0,0.0,0.417662784829503,0.3560754401295836,True,-0.03987834690163673,-0.14497786852180725,0.06522117471853375,-0.036066766855671034,matched_8,2120042,fixed_180,,,,,,,
116,0.0,1.0,0.2300810466125331,0.24524587329350514,True,-0.17798572252019285,-0.33761321476504136,-0.018358230275344334,-0.014342061446469406,matched_8,2120042,fixed_180,,,,,,,
121,1.0,0.0,0.829551555662928,0.5644650903605791,True,-0.18496630875823158,-0.33365574070581944,-0.03627687681064376,-0.578150415838105,matched_8,2120042,fixed_180,,,,,,,
122,1.0,0.0,0.6628130336914178,0.16757719199669627,True,-0.09619970170485516,-0.25006753847031443,0.0576681350606041,-0.1662835077113541,matched_8,2120042,fixed_180,,,,,,,
123,0.0,1.0,0.39744562120923743,0.39243083175848403,True,0.06993714708233482,-0.09526309514443006,0.23513738930909966,0.03246765507545743,matched_8,2120042,fixed_180,,,,,,,
126,0.0,0.0,0.2904388139791195,0.3909132072928165,True,-0.16236132234563924,-0.27691403366621503,-0.04780861102506348,-0.3010231687743369,matched_8,2120042,fixed_180,,,,,,,
130,0.0,0.0,0.26863216138852986,0.21849460988274513,True,-0.0058284874296538605,-0.12743570543883828,0.11577873057953053,0.006309753656425152,matched_8,2120042,fixed_180,,,,,,,
137,0.0,0.0,0.19104229057139868,0.136704195001431,True,-0.10376720524797213,-0.22893300010885176,0.021398589612907484,-0.035394603233024145,matched_8,2120042,fixed_180,,,,,,,
145,1.0,0.0,0.4660143956373304,0.44212132263226617,True,-0.018729045144239648,-0.16116853138294296,0.12371044109446361,-0.33769143797714973,matched_8,2120042,fixed_180,,,,,,,
151,0.0,1.0,0.5191771574449675,0.4662585530143542,True,0.08256758611992508,-0.056543620958233995,0.22167879319808415,-0.31487008056515453,matched_8,2120042,fixed_180,,,,,,,
162,0.0,0.0,0.5856731783723788,0.5989655969474362,True,-0.12465549330473487,-0.223780919292364,-0.025530067317105762,-0.1770906937214045,matched_8,2120042,fixed_180,,,,,,,
167,0.0,1.0,0.6272436550256896,0.707639467658466,True,-0.07193183984150289,-0.2608254514730662,0.11696177179006037,0.060419762402974864,matched_8,2120042,fixed_180,,,,,,,
169,1.0,1.0,0.718421807752594,0.8744463758885973,True,-0.09709068310585756,-0.22922609497528587,0.03504472876357073,-0.059438745764093026,matched_8,2120042,fixed_180,,,,,,,
180,1.0,1.0,0.8672668628184429,0.5657293381904667,True,-0.05167379419453978,-0.22371294887036508,0.12036536048128547,0.07214620573564456,matched_8,2120042,fixed_180,,,,,,,
186,1.0,0.0,0.5911390146431826,0.5179879989770028,True,0.017787345404365613,-0.15849662286760854,0.19407131367633973,-0.34838730337294177,matched_8,2120042,fixed_180,,,,,,,
193,0.0,0.0,0.40023106047420476,0.1550758670471376,True,-0.11170587441815086,-0.2455812369856511,0.022169488149349353,-0.07790570380726344,matched_8,2120042,fixed_180,,,,,,,
196,0.0,0.0,0.4779684453454312,0.4063942925546509,True,-0.046068075634052526,-0.13003654556934233,0.03790039430123727,0.18500422317417548,matched_8,2120042,fixed_180,,,,,,,
198,0.0,0.0,0.14587366590344183,0.3168318250125152,True,-0.1348649764635049,-0.321269273868443,0.05153932094143315,-0.09796041668062988,matched_8,2120042,fixed_180,,,,,,,
205,1.0,1.0,0.889667935890094,0.4157414662695457,True,-0.11316370022165227,-0.30219988660840386,0.0758724861650993,0.10039000345163385,matched_8,2120042,fixed_180,,,,,,,
208,1.0,1.0,0.37917397054309765,0.6227098092939151,True,-0.03350094091152424,-0.12018694476859362,0.053185062945545133,-0.38364186382161225,matched_8,2120042,fixed_180,,,,,,,
211,0.0,0.0,0.231401125726331,0.22905857404779453,True,-0.05000970649089433,-0.17335445173105646,0.07333503874926778,0.039362356322426656,matched_8,2120042,fixed_180,,,,,,,
229,0.0,0.0,0.35491053100236486,0.18642819332391197,True,-0.09948053389812928,-0.2734824901519126,0.07452142235565407,-0.0181111175885878,matched_8,2120042,fixed_180,,,,,,,
237,0.0,1.0,0.3187585270756577,0.6861105920384603,True,-0.04045755253372696,-0.1531125340459138,0.07219742897845988,0.014677238537030401,matched_8,2120042,fixed_180,,,,,,,
241,1.0,0.0,0.33880276994038705,0.4470269612145222,True,-0.04056631732083041,-0.1547345335503723,0.07360189890871147,-0.2359562924134932,matched_8,2120042,fixed_180,,,,,,,
250,1.0,1.0,0.8428866494274864,0.703627059039757,True,-0.07894151304775196,-0.1687716589073038,0.010888632811799873,-0.14381661120733635,matched_8,2120042,fixed_180,,,,,,,
254,0.0,1.0,0.20839292854203073,0.24099446092279211,True,-0.04056631732083041,-0.1547345335503723,0.07360189890871147,0.11029612787953566,matched_8,2120042,fixed_180,,,,,,,
261,0.0,0.0,0.25783316789758004,0.1812073244799295,True,-0.046068075634052526,-0.13003654556934233,0.03790039430123727,0.31285754382566056,matched_8,2120042,fixed_180,,,,,,,
264,1.0,1.0,0.5133701154893368,0.5783417591739412,True,-0.11948444944934215,-0.24692373537958617,0.007954836480901825,0.10130985419071503,matched_8,2120042,fixed_180,,,,,,,
265,0.0,0.0,0.4673440107611287,0.3563794093146026,True,-0.18130294951436496,-0.33631028417471504,-0.02629561485401491,-0.19966649402570194,matched_8,2120042,fixed_180,,,,,,,
270,0.0,0.0,0.34874073775724557,0.20171397701955088,True,-0.16684793437287945,-0.2703203975451885,-0.06337547120057042,-0.05981133747776573,matched_8,2120042,fixed_180,,,,,,,
271,1.0,0.0,0.8208015211662028,0.8654343342544495,True,-0.1887184432728541,-0.3039220404361398,-0.07351484610956839,-0.027407061388611043,matched_8,2120042,fixed_180,,,,,,,
277,1.0,1.0,0.8458274757149049,0.5796784555469318,True,0.05953018099002665,-0.11181298128526937,0.23087334326532266,0.19707323380293573,matched_8,2120042,fixed_180,,,,,,,
282,0.0,0.0,0.4968539889905682,0.48950108386632263,True,-0.03376293430857561,-0.1899502987835545,0.12242443016640325,0.2904593735133494,matched_8,2120042,fixed_180,,,,,,,
284,0.0,1.0,0.26169668314489575,0.48044735559495144,True,-0.10391458384838478,-0.2926760751553962,0.08484690745862658,0.18518688543613304,matched_8,2120042,fixed_180,,,,,,,
288,1.0,0.0,0.7511605014707504,0.5824804714021297,True,-0.01663493108428187,-0.1143108782686972,0.08104101610013344,0.004640120746827181,matched_8,2120042,fixed_180,,,,,,,
294,1.0,1.0,0.8164796270017057,0.49031264913350026,True,-0.0924032551993111,-0.24546093285322945,0.06065442245460721,-0.34951026332690505,matched_8,2120042,fixed_180,,,,,,,
318,0.0,0.0,0.6636540076542939,0.5705544669325786,True,0.052505152853904606,-0.08248759128425015,0.18749789699205935,-0.20199985734703257,matched_8,2120042,fixed_180,,,,,,,
319,1.0,1.0,0.8930296774091446,0.7555478412559756,True,0.054867285974766145,-0.1399426900542044,0.24967726200373663,0.04278373950332526,matched_8,2120042,fixed_180,,,,,,,
328,0.0,1.0,0.39432924248177276,0.18948303187203663,True,-0.02487786006779771,-0.18355551378281296,0.13379979364721747,0.10327243996857394,matched_8,2120042,fixed_180,,,,,,,
334,0.0,0.0,0.32003853805723764,0.2875355167491368,True,-0.14660014832174695,-0.27099509998542903,-0.02220519665806492,-0.1484375342195409,matched_8,2120042,fixed_180,,,,,,,
339,0.0,1.0,0.6907306329755005,0.5644583916735121,True,-0.07321239500678708,-0.3072496946881986,0.16082490467462446,-0.04096418254395162,matched_8,2120042,fixed_180,,,,,,,
343,1.0,1.0,0.7122793784860058,0.5155210187085154,True,0.034287512401933375,-0.11977267760425289,0.1883477024081196,-0.252500407706424,matched_8,2120042,fixed_180,,,,,,,
346,0.0,0.0,0.4668878241550569,0.33951763988107997,True,-0.1500611339999483,-0.24670336065361026,-0.053418907346286376,0.021257549177203516,matched_8,2120042,fixed_180,,,,,,,
347,0.0,1.0,0.20263826870260368,0.2637419376444213,True,-0.1485346526776385,-0.271154494885742,-0.025914810469535005,0.0718545920669893,matched_8,2120042,fixed_180,,,,,,,
349,0.0,1.0,0.7980010545149436,0.6771543356924604,True,-0.07707011187389656,-0.2175606512148322,0.06342042746703905,0.03268878550218324,matched_8,2120042,fixed_180,,,,,,,
354,1.0,0.0,0.532805219686784,0.2924577715670299,True,-0.020934386656876136,-0.12101459780990861,0.07914582449615631,-0.14297135067526034,matched_8,2120042,fixed_180,,,,,,,
357,1.0,1.0,0.6408274001124588,0.2999253159315922,True,-0.07567696771477149,-0.22133194400698297,0.06997800857743995,0.1013446835796018,matched_8,2120042,fixed_180,,,,,,,
360,1.0,0.0,0.3477877504865826,0.3387807653978252,True,-0.03655873267459597,-0.16355044030999155,0.09043297496079958,-0.20995476861796994,matched_8,2120042,fixed_180,,,,,,,
361,0.0,0.0,0.29661108176182654,0.23059339157774011,True,-0.037288517390415,-0.1736079968000342,0.09903096201920417,-0.0406445885166562,matched_8,2120042,fixed_180,,,,,,,
365,1.0,0.0,0.6049751553904226,0.2863717839207137,True,-0.15460113584415827,-0.2562223197977141,-0.05297995189060248,-0.3344524588585174,matched_8,2120042,fixed_180,,,,,,,
368,1.0,0.0,0.6849883638981021,0.32733973117530735,True,-0.09200186695837759,-0.21642324138749364,0.03241950747073845,-0.05427466854280549,matched_8,2120042,fixed_180,,,,,,,
370,1.0,0.0,0.19790340240759838,0.10800260009836761,True,-0.09482692857609097,-0.23960537257386144,0.04995151542167946,-0.11224918810400103,matched_8,2120042,fixed_180,,,,,,,
380,0.0,1.0,0.7471666727680591,0.4674264398886901,True,-0.15333648272996633,-0.270777081348553,-0.0358958841113797,-0.4595323870462047,matched_8,2120042,fixed_180,,,,,,,
384,1.0,1.0,0.6900728481780237,0.5112597274821526,True,-0.04779447707322929,-0.16718681567766894,0.07159786153121031,0.0703099140074529,matched_8,2120042,fixed_180,,,,,,,
392,1.0,1.0,0.7956043945971023,0.7308406047876336,True,0.0031822352947973318,-0.13611168394384904,0.14247615453344364,0.0859568948245617,matched_8,2120042,fixed_180,,,,,,,
398,0.0,1.0,0.3206138626697417,0.45685223927714724,True,-0.07248974342044716,-0.24364256447075788,0.09866307762986352,-0.3498504475078327,matched_8,2120042,fixed_180,,,,,,,
409,0.0,0.0,0.18337791691798333,0.4439000770292082,True,-0.030213083670349545,-0.15324493569333927,0.09281876835264016,0.14554265152238055,matched_8,2120042,fixed_180,,,,,,,
422,1.0,1.0,0.4374280553015159,0.34871246199525907,True,0.08858063413895263,-0.09876563049718194,0.2759268987750872,0.04875396248008518,matched_8,2120042,fixed_180,,,,,,,
424,1.0,0.0,0.6770097302582416,0.7052642761137701,True,-0.10109538638406051,-0.3161811873968632,0.11399041462874207,-0.411950972386599,matched_8,2120042,fixed_180,,,,,,,
431,1.0,1.0,0.4372491262168222,0.6279412483546116,True,-0.049962035001880956,-0.13359532094393836,0.033671250940176436,-0.32665406706368566,matched_8,2120042,fixed_180,,,,,,,
433,0.0,0.0,0.10525170726096475,0.10427304962006238,True,-0.04977347079443587,-0.15704107600863312,0.05749413441976136,-0.03402153155820689,matched_8,2120042,fixed_180,,,,,,,
435,0.0,1.0,0.4409894527049854,0.6729711349557012,True,-0.08172005607793226,-0.2902177403062847,0.12677762815042015,-0.10742312894197681,matched_8,2120042,fixed_180,,,,,,,
446,1.0,0.0,0.2790381570542702,0.16375999330593335,True,-0.025072616857290973,-0.12758964392505429,0.07744441021047233,-0.06432527410523083,matched_8,2120042,fixed_180,,,,,,,
447,1.0,1.0,0.536835214889051,0.5503554221394807,True,-0.04912930710611584,-0.1501553678720275,0.05189675365979577,0.034144994760945346,matched_8,2120042,fixed_180,,,,,,,
451,1.0,1.0,0.7690955084071955,0.6112206494377056,True,0.022770860869775915,-0.0753559092300195,0.12089763096957132,-0.17663563846118313,matched_8,2120042,fixed_180,,,,,,,
460,1.0,0.0,0.39094770965443404,0.27994469973743064,True,0.013472309356910617,-0.10299277404639262,0.12993739276021382,-0.15089969081385596,matched_8,2120042,fixed_180,,,,,,,
462,0.0,0.0,0.4757820881301206,0.3798226570352518,True,0.030602565748047084,-0.13009064054779482,0.19129577204388895,-0.02877369342676961,matched_8,2120042,fixed_180,,,,,,,
465,0.0,1.0,0.4312755600906261,0.6491876730428766,True,-0.09948053389812928,-0.2734824901519126,0.07452142235565407,-0.07352311822592295,matched_8,2120042,fixed_180,,,,,,,
467,0.0,0.0,0.2562069965782711,0.26684038260745196,True,-0.06361811508123418,-0.17311624405035614,0.045880013887887774,0.18109530692018136,matched_8,2120042,fixed_180,,,,,,,
468,1.0,0.0,0.44882293786932376,0.4590625162462623,True,-0.16030521742757034,-0.26141271469189614,-0.05919772016324458,-0.36394341785118856,matched_8,2120042,fixed_180,,,,,,,
474,0.0,0.0,0.4334979519869535,0.38280401600429703,True,0.03155134854843187,-0.08799692362236772,0.15109962071923141,0.27024214191256124,matched_8,2120042,fixed_180,,,,,,,
478,1.0,0.0,0.5739982744039367,0.2947270948162633,True,-0.08376865037004114,-0.19618021428732657,0.028642913547244256,-0.14113139488284232,matched_8,2120042,fixed_180,,,,,,,
481,0.0,1.0,0.5087083360409932,0.40825501741027925,True,-0.11408667292671339,-0.28152178756738305,0.05334844171395624,0.24256774419822325,matched_8,2120042,fixed_180,,,,,,,
486,1.0,1.0,0.7441202307802978,0.6148549412893181,True,-0.20731813878664004,-0.3703252266346525,-0.04431105093862761,-0.6892153014395378,matched_8,2120042,fixed_180,,,,,,,
487,1.0,1.0,0.8467975192157075,0.5866738910251524,True,-0.015599998696008137,-0.12022444925295214,0.08902445186093583,-0.028156691615068175,matched_8,2120042,fixed_180,,,,,,,
498,0.0,0.0,0.3020648921646804,0.1979830251548477,True,-0.09440941383093363,-0.23546021115344468,0.0466413834915774,-0.1062618189134249,matched_8,2120042,fixed_180,,,,,,,
503,0.0,0.0,0.3446948747805175,0.2658055219729751,True,0.048435461581433525,-0.10863464414181168,0.2055055673046787,-0.16728505428348134,matched_8,2120042,fixed_180,,,,,,,
507,1.0,1.0,0.8311033999506614,0.7945564212316646,True,-0.0013368251662616592,-0.09136028137943288,0.08868663104690953,-0.030854928811506976,matched_8,2120042,fixed_180,,,,,,,
508,0.0,0.0,0.5229332692489086,0.2601699446166555,True,-0.11924600455941499,-0.21016691134465523,-0.02832509777417476,-0.05620972089686527,matched_8,2120042,fixed_180,,,,,,,
514,1.0,1.0,0.8270038617254091,0.6943390637417084,True,-0.15166350818347907,-0.30851981543612805,0.005192799069169918,-0.061478120138046544,matched_8,2120042,fixed_180,,,,,,,
526,0.0,0.0,0.15782593929996835,0.13044474411998602,True,0.05091352562012604,-0.08530499599585761,0.18713204723610968,0.020299231269924375,matched_8,2120042,fixed_180,,,,,,,
528,1.0,1.0,0.6647472925894883,0.7352516088728809,True,0.06730870619546923,-0.11768772104312743,0.25230513343406585,-0.3151680255715663,matched_8,2120042,fixed_180,,,,,,,
532,1.0,0.0,0.5659465902283147,0.4305883970188177,True,-0.09579040829029428,-0.2839419209243982,0.09236110434380956,-0.5334643262344162,matched_8,2120042,fixed_180,,,,,,,
534,0.0,1.0,0.6356185713393279,0.49570608184298615,True,-0.03487617067264583,-0.13488612216070517,0.06513378081541349,0.13543398492073888,matched_8,2120042,fixed_180,,,,,,,
535,0.0,0.0,0.6385549390569282,0.3491581541021244,True,-0.0612763725890732,-0.21678580596569488,0.09423306078754845,0.03704061610492676,matched_8,2120042,fixed_180,,,,,,,
538,1.0,0.0,0.7165422603028302,0.5565385298635452,True,-0.03619121484931135,-0.14121807617608337,0.06883564647746065,-0.06212851278558973,matched_8,2120042,fixed_180,,,,,,,
539,0.0,1.0,0.3919352408994978,0.39807883890515544,True,-0.18992215241977617,-0.2811470809333305,-0.09869722390622183,-0.11126006308263126,matched_8,2120042,fixed_180,,,,,,,
546,0.0,0.0,0.30246911548946265,0.1674140399970113,True,-0.08000085934583122,-0.20359823081244316,0.04359651212078071,-0.06620608679353736,matched_8,2120042,fixed_180,,,,,,,
549,1.0,0.0,0.737809295603759,0.4018100071172399,True,-0.04192401151004148,-0.222656136264899,0.138808113244816,-0.22605679180368443,matched_8,2120042,fixed_180,,,,,,,
550,0.0,0.0,0.22968620364065134,0.12507868829739605,True,-0.10202621510020239,-0.2426398582724682,0.038587428072063376,-0.08381602753461014,matched_8,2120042,fixed_180,,,,,,,
552,1.0,0.0,0.5131292585651384,0.19044531066663345,True,-0.1725113105536289,-0.28860433356975895,-0.05641828753749886,0.08753892270289004,matched_8,2120042,fixed_180,,,,,,,
559,1.0,0.0,0.6085123450001269,0.405681505096466,True,-0.11948444944934215,-0.24692373537958617,0.007954836480901825,-0.36576085048430995,matched_8,2120042,fixed_180,,,,,,,
560,1.0,1.0,0.8655555287273489,0.6294406160354643,True,-0.019602826987592883,-0.1701861476149432,0.1309804936397574,-0.06469990771798673,matched_8,2120042,fixed_180,,,,,,,
561,1.0,0.0,0.6004522932294956,0.25193874811218325,True,-0.11948444944934215,-0.24692373537958617,0.007954836480901825,-0.14847635272894044,matched_8,2120042,fixed_180,,,,,,,
563,0.0,0.0,0.34977696900330585,0.3001244011940171,True,-0.049632123757927804,-0.1341035575521008,0.03483931003624517,0.08723419972137467,matched_8,2120042,fixed_180,,,,,,,
568,1.0,1.0,0.8420165704415828,0.7241993149028411,True,-0.19227480194573796,-0.31902107820037684,-0.0655285256910991,-0.11006768648138565,matched_8,2120042,fixed_180,,,,,,,
569,0.0,1.0,0.6204165780663479,0.649966418468412,True,-0.04714735657459787,-0.2653707479890993,0.17107603483990352,-0.03506472883281053,matched_8,2120042,fixed_180,,,,,,,
578,0.0,0.0,0.528449166106585,0.541129455632692,True,-0.06525484804029243,-0.18503488032024118,0.054525184239656285,-0.1661069213092291,matched_8,2120042,fixed_180,,,,,,,
584,1.0,0.0,0.4835230499831929,0.6086690571475216,True,-0.08178677271350908,-0.1784206214650076,0.014847076037989418,-0.18620539681394355,matched_8,2120042,fixed_180,,,,,,,
588,1.0,1.0,0.6950874683394853,0.6067692377764136,True,-0.031118301322369438,-0.14991688406228165,0.08768028141754274,0.05151712594740754,matched_8,2120042,fixed_180,,,,,,,
594,0.0,1.0,0.3845124638174599,0.20204826370818607,True,-0.061773103701653925,-0.19131506482476227,0.06776885742145439,-0.1845762402931477,matched_8,2120042,fixed_180,,,,,,,
599,0.0,1.0,0.5139276407168637,0.3069862927665871,True,-0.04056631732083041,-0.1547345335503723,0.07360189890871147,-0.017020805613165407,matched_8,2120042,fixed_180,,,,,,,
603,1.0,1.0,0.8760250372770755,0.7245136388321798,True,-0.1887184432728541,-0.3039220404361398,-0.07351484610956839,-0.4064471216929251,matched_8,2120042,fixed_180,,,,,,,
606,0.0,1.0,0.21922940776003394,0.3608687382193187,True,-0.09948053389812928,-0.2734824901519126,0.07452142235565407,-0.0810499975355446,matched_8,2120042,fixed_180,,,,,,,
607,0.0,0.0,0.2306889141131686,0.41349980578355594,True,-0.047631095634937955,-0.15492859161451927,0.05966640034464333,-0.20262165996000597,matched_8,2120042,fixed_180,,,,,,,
609,0.0,1.0,0.2303519206028594,0.1661800464978828,True,-0.12401292908268755,-0.25072656998358533,0.002700711818210244,-0.17815202596793825,matched_8,2120042,fixed_180,,,,,,,
614,1.0,1.0,0.6467946600933504,0.454149402724382,True,-0.11688910673524078,-0.26590492832210405,0.03212671485162247,0.13800989485438941,matched_8,2120042,fixed_180,,,,,,,
617,1.0,0.0,0.6802572666640975,0.691208308706228,True,-0.10817403506251827,-0.2671895347972463,0.05084146467220971,-0.32977963417948597,matched_8,2120042,fixed_180,,,,,,,
621,1.0,1.0,0.627291255719527,0.643934722388693,True,-0.07567696771477149,-0.22133194400698297,0.06997800857743995,-0.10300534475910206,matched_8,2120042,fixed_180,,,,,,,
626,1.0,0.0,0.474501537217078,0.16437460061425205,True,-0.08176261886215512,-0.22484105167304663,0.06131581394873638,-0.14734105843629364,matched_8,2120042,fixed_180,,,,,,,
638,1.0,0.0,0.2748012559824055,0.1239220657092472,True,-0.09324725533674949,-0.2647291755331824,0.07823466485968344,-0.028967779075204383,matched_8,2120042,fixed_180,,,,,,,
648,1.0,1.0,0.5446984576494674,0.4969151883647077,True,-0.1659407751599747,-0.34190296029161543,0.010021409971665951,0.22657797391420198,matched_8,2120042,fixed_180,,,,,,,
651,1.0,0.0,0.7414638822974168,0.20735604282143721,True,-0.07909934583418457,-0.21433027355958115,0.05613158189121198,0.14285091672279376,matched_8,2120042,fixed_180,,,,,,,
656,0.0,0.0,0.28204662460451924,0.4366149382471533,True,-0.06284465324255431,-0.21921566099361942,0.09352635450851077,0.008071797181922913,matched_8,2120042,fixed_180,,,,,,,
662,0.0,0.0,0.6929571721037661,0.5688028871898342,True,0.062292903072777545,-0.07447344864111066,0.19905925478666572,0.12090442381375327,matched_8,2120042,fixed_180,,,,,,,
663,1.0,1.0,0.6304851473044282,0.5835748670106308,True,-0.0491640249045441,-0.19555232193284242,0.09722427212375417,-0.0006267839972746714,matched_8,2120042,fixed_180,,,,,,,
676,1.0,0.0,0.4599439184764482,0.29878782114157487,True,-0.03432234047143247,-0.21834005574569165,0.1496953748028267,0.288078314021742,matched_8,2120042,fixed_180,,,,,,,
680,1.0,0.0,0.6829703748258147,0.11385594636738014,True,-0.045957326942991206,-0.25710884753500707,0.1651941936490246,-0.21676132704337042,matched_8,2120042,fixed_180,,,,,,,
684,0.0,0.0,0.5697406984360188,0.19983185070397666,True,-0.04013484836877877,-0.17467269592624013,0.09440299918868252,-0.09365228131014089,matched_8,2120042,fixed_180,,,,,,,
689,1.0,1.0,0.8868225930045658,0.8706173422583725,True,-0.06525484804029243,-0.18503488032024118,0.054525184239656285,0.028437736123359203,matched_8,2120042,fixed_180,,,,,,,
707,1.0,0.0,0.3095601577041158,0.16574517487960455,True,-0.10867173510473704,-0.2540258398940678,0.03668236968459371,-0.18261274863827542,matched_8,2120042,fixed_180,,,,,,,
708,0.0,0.0,0.38944180681518387,0.31109833854695346,True,-0.1734706610489436,-0.27304958394253165,-0.07389173815535556,-0.3033594815556778,matched_8,2120042,fixed_180,,,,,,,
712,0.0,0.0,0.22671743720630477,0.39916050095370287,True,-0.02532069633639236,-0.14127407399341316,0.09063268132062843,0.20262182932038472,matched_8,2120042,fixed_180,,,,,,,
713,0.0,1.0,0.4479973834356069,0.7899673126686212,True,0.015768308684240125,-0.2015006645441881,0.2330372819126683,0.18351149860665072,matched_8,2120042,fixed_180,,,,,,,
723,1.0,1.0,0.8791019779208326,0.6312407840166131,True,-0.035832295659705624,-0.18292251163649437,0.1112579203170831,-0.013981278819158116,matched_8,2120042,fixed_180,,,,,,,
735,1.0,1.0,0.7869431386479372,0.5368141960979033,True,0.012965437463628618,-0.08397888588086,0.10990976080811722,0.2892291597635016,matched_8,2120042,fixed_180,,,,,,,
739,0.0,1.0,0.16567925131260422,0.3625667250095327,True,0.045057516279950596,-0.15531791953078922,0.24543295209069038,0.04653584065128688,matched_8,2120042,fixed_180,,,,,,,
743,1.0,0.0,0.6338297786120288,0.6070901283292623,True,-0.18133884681076987,-0.32048926244043785,-0.04218843118110191,-0.3588049137290085,matched_8,2120042,fixed_180,,,,,,,
744,0.0,0.0,0.2696157041235064,0.15264458849958287,True,0.009244991718761855,-0.16700422598047934,0.18549420941800301,0.00043827428651807554,matched_8,2120042,fixed_180,,,,,,,
752,1.0,0.0,0.6647472925894883,0.7208329462562315,True,0.06730870619546923,-0.11768772104312743,0.25230513343406585,-0.048624029853681416,matched_8,2120042,fixed_180,,,,,,,
760,1.0,1.0,0.7134555858731084,0.792566241366111,True,-0.2000651842450789,-0.3925502295346848,-0.007580138955473048,-0.1049719012824385,matched_8,2120042,fixed_180,,,,,,,
773,1.0,1.0,0.8386940353384825,0.852870223315683,True,-0.01418224348959169,-0.12293569955908504,0.09457121257990161,-0.05078761983714952,matched_8,2120042,fixed_180,,,,,,,
776,0.0,0.0,0.3345234242308092,0.20533773166060534,True,0.12220516808287624,-0.05153852695308006,0.2959488631188325,0.11215936655437345,matched_8,2120042,fixed_180,,,,,,,
779,0.0,0.0,0.3257453007133764,0.22754313436062862,True,-0.028082614141522667,-0.18591450842994087,0.12974928014689552,0.2102850669914252,matched_8,2120042,fixed_180,,,,,,,
781,1.0,1.0,0.6832939038423603,0.63754694937672,True,-0.03987834690163673,-0.14497786852180725,0.06522117471853375,0.031273744586730046,matched_8,2120042,fixed_180,,,,,,,
782,1.0,0.0,0.7648701537663227,0.4641424883295498,True,-0.06943611169680347,-0.1669176656490911,0.028045442255484138,-0.27881971225762575,matched_8,2120042,fixed_180,,,,,,,
783,0.0,0.0,0.12172989379204215,0.3168675055683017,True,0.062292903072777545,-0.07447344864111066,0.19905925478666572,0.11768093960974968,matched_8,2120042,fixed_180,,,,,,,
798,1.0,1.0,0.5742961575804171,0.7338549270059888,True,-0.015555062727764822,-0.1857118179479799,0.1546016924924502,-0.012829595656138837,matched_8,2120042,fixed_180,,,,,,,
822,0.0,0.0,0.7417980053932205,0.6367950734915155,True,0.049934143492211897,-0.07355391195942194,0.1734221989438457,0.15687867128973654,matched_8,2120042,fixed_180,,,,,,,
827,0.0,1.0,0.264977865904604,0.5063020143310597,True,-0.17883300656129048,-0.29299802656549856,-0.06466798655708242,-0.47170840662307595,matched_8,2120042,fixed_180,,,,,,,
839,0.0,0.0,0.4808888128545494,0.1562570180525887,True,-0.07969925562451044,-0.2082589379452021,0.04886042669618118,-0.082870305049013,matched_8,2120042,fixed_180,,,,,,,
845,1.0,1.0,0.7067711150558171,0.505484558588421,True,0.03884051588439864,-0.15377888171079054,0.23145991347958775,-0.054967122143437575,matched_8,2120042,fixed_180,,,,,,,
848,0.0,0.0,0.1666158023279128,0.2015602546752192,True,-0.029132544672973323,-0.11679097676266821,0.058525887416721545,0.0857810802170664,matched_8,2120042,fixed_180,,,,,,,
859,1.0,1.0,0.6849906428774399,0.6769103292049636,True,-0.019890261844135015,-0.14925885333931155,0.1094783296510415,0.10091643251497262,matched_8,2120042,fixed_180,,,,,,,
868,1.0,0.0,0.3082583807209731,0.1535068027524439,True,-0.04605235028998843,-0.1975764847530998,0.1054717841731229,-0.03768758335333155,matched_8,2120042,fixed_180,,,,,,,
875,1.0,1.0,0.25333963387393715,0.20708796308982624,True,0.04942457547705203,-0.1363214604163859,0.23517061137048992,0.2750351541256375,matched_8,2120042,fixed_180,,,,,,,
892,0.0,0.0,0.6313698695873204,0.23382463068565157,True,-0.08713752845218113,-0.2695006247664028,0.09522556786204049,-0.4218944972490402,matched_8,2120042,fixed_180,,,,,,,
893,0.0,1.0,0.45589257876268896,0.39302832109664,True,-0.1089140871341176,-0.3184733863842252,0.10064521211598992,-0.13899119129057289,matched_8,2120042,fixed_180,,,,,,,
898,1.0,1.0,0.49462645872228006,0.3547315126470555,True,-0.11351124174707723,-0.22471524098888782,-0.0023072425052666767,0.11489019733853345,matched_8,2120042,fixed_180,,,,,,,
908,1.0,1.0,0.59795154629418,0.5465323047791424,True,-0.04163500056962861,-0.21287894114222297,0.12960894000296574,0.2700079153490359,matched_8,2120042,fixed_180,,,,,,,
913,0.0,0.0,0.4590740424682504,0.15303561997525103,True,0.07734501575845149,-0.04110171935968619,0.19579175087658912,0.5763362625455206,matched_8,2120042,fixed_180,,,,,,,
915,1.0,1.0,0.8444617337210738,0.7902472579186703,True,-0.017202894070818143,-0.16779363947372766,0.13338785133209133,-0.10460704553612188,matched_8,2120042,fixed_180,,,,,,,
924,0.0,1.0,0.11064807383603614,0.35875496457481376,True,-0.08779595213621665,-0.2321627784522472,0.056570874179813865,-0.03518580558050255,matched_8,2120042,fixed_180,,,,,,,
929,1.0,0.0,0.6634216252210545,0.5571596280328351,True,0.07945770250227634,-0.09191338064197406,0.2508287856465267,-0.2246108655442407,matched_8,2120042,fixed_180,,,,,,,
934,0.0,0.0,0.17588820990102041,0.1479102128392838,True,-0.1529695496136084,-0.29317056508043576,-0.012768534146781058,-0.17923562100166213,matched_8,2120042,fixed_180,,,,,,,
955,1.0,1.0,0.7279935351733413,0.7193079523925068,True,-0.09948053389812928,-0.2734824901519126,0.07452142235565407,-0.4074361291328243,matched_8,2120042,fixed_180,,,,,,,
960,1.0,1.0,0.516353381546526,0.48744897008899524,True,0.01680253404873225,-0.14222097213027576,0.17582604022774023,0.30302428580824725,matched_8,2120042,fixed_180,,,,,,,
961,0.0,1.0,0.5952214322323915,0.2839526673389449,True,-0.05885769705692838,-0.20606742040365672,0.08835202628979989,-0.17386110854674186,matched_8,2120042,fixed_180,,,,,,,
967,0.0,0.0,0.7111062328377343,0.6026371727046967,True,-0.1089140871341176,-0.3184733863842252,0.10064521211598992,0.11315424130412288,matched_8,2120042,fixed_180,,,,,,,
976,0.0,0.0,0.22296580907529134,0.08518100874594803,True,-0.2000651842450789,-0.3925502295346848,-0.007580138955473048,-0.10435438224184548,matched_8,2120042,fixed_180,,,,,,,
977,1.0,0.0,0.8795089744048036,0.5493546289655924,True,-0.01754939967918501,-0.20104259207878836,0.1659437927204183,0.2172265382051104,matched_8,2120042,fixed_180,,,,,,,
980,1.0,1.0,0.7845093011134376,0.5285083827381312,True,-0.17017146848445786,-0.3464974501038528,0.00615451313493709,-0.1328309937568829,matched_8,2120042,fixed_180,,,,,,,
986,1.0,0.0,0.6842931095653495,0.4407593834478375,True,-0.03376293430857561,-0.1899502987835545,0.12242443016640325,-0.21930664730454208,matched_8,2120042,fixed_180,,,,,,,
987,0.0,0.0,0.4937146818591577,0.41011618555896223,True,-0.040345140348159496,-0.16003356034230654,0.0793432796459875,0.16537846499403014,matched_8,2120042,fixed_180,,,,,,,
989,0.0,0.0,0.502114524477848,0.4557268144672463,True,0.023160489231821003,-0.07066395988807568,0.11698493835171765,-0.22553091570484401,matched_8,2120042,fixed_180,,,,,,,
5,1.0,1.0,0.6377114402121038,0.34254974755376194,True,0.025226699085246898,-0.09441479774002537,0.14486819591051914,0.29544125881310984,matched_16,2120042,fixed_180,,,,,,,
12,0.0,1.0,0.40864594703941975,0.30002689738786964,True,0.0016685862614808466,-0.10429549539689764,0.10763266791985933,-0.1020346687031714,matched_16,2120042,fixed_180,,,,,,,
15,1.0,0.0,0.5202019068490832,0.11807387106554294,True,-0.06821944704239412,-0.2121683935172342,0.07572949943244596,-0.003080297422145953,matched_16,2120042,fixed_180,,,,,,,
30,0.0,0.0,0.5746897562690604,0.24295906763714584,True,-0.10543230057367073,-0.2587483446821117,0.047883743534770234,-0.15824629257148742,matched_16,2120042,fixed_180,,,,,,,
39,1.0,0.0,0.6048933776872666,0.3441516064005722,True,-0.10316660331444069,-0.22145362014051811,0.015120413511636718,-0.0787740414269622,matched_16,2120042,fixed_180,,,,,,,
40,0.0,0.0,0.3543801765148926,0.35057432062020416,True,-0.03016493358236218,-0.16391882729512286,0.10358896013039846,0.060474988513839145,matched_16,2120042,fixed_180,,,,,,,
43,1.0,0.0,0.7309350546172592,0.38618933830050256,True,-0.0660913693298897,-0.23795472584526606,0.10577198718548665,-0.19702180525731344,matched_16,2120042,fixed_180,,,,,,,
45,0.0,0.0,0.2877857978025763,0.3689753372039217,True,-0.05012992370656647,-0.21422561818239363,0.11396577076926068,0.13139903885494988,matched_16,2120042,fixed_180,,,,,,,
48,1.0,1.0,0.4640558918721573,0.5888245392655549,True,-0.017215207172846612,-0.10849809757402161,0.07406768322832838,-0.02351093248221392,matched_16,2120042,fixed_180,,,,,,,
63,1.0,0.0,0.493740643635318,0.20164355626544486,True,-0.047801239106049345,-0.220742537050173,0.12514005883807422,-0.08061850681857732,matched_16,2120042,fixed_180,,,,,,,
67,1.0,1.0,0.4135078007326209,0.532633707078535,True,-0.17343289703400258,-0.26865330556836675,-0.07821248849963841,-0.4040936263411786,matched_16,2120042,fixed_180,,,,,,,
69,0.0,0.0,0.46600337273861786,0.48630868982475617,True,-0.11116136687153452,-0.24052144253995217,0.018198708796883067,-0.2535047085663173,matched_16,2120042,fixed_180,,,,,,,
72,1.0,0.0,0.5908011295185976,0.3649110295452353,True,-0.04544952093632048,-0.11869416841269267,0.027795126540051708,0.03393963416448598,matched_16,2120042,fixed_180,,,,,,,
75,1.0,0.0,0.8971971121686327,0.590906090484836,True,0.009841816739006875,-0.09199109901551854,0.11167473249353226,-0.21905044290968123,matched_16,2120042,fixed_180,,,,,,,
93,0.0,1.0,0.23435593073816172,0.3708737195266814,True,-0.12478101119565563,-0.25154285218409234,0.0019808297927810248,-0.24763340158643393,matched_16,2120042,fixed_180,,,,,,,
115,0.0,0.0,0.417662784829503,0.3560754401295836,True,-0.04666752500600223,-0.1383873970388626,0.045052347026858106,-0.036066766855671034,matched_16,2120042,fixed_180,,,,,,,
116,0.0,1.0,0.2300810466125331,0.24524587329350514,True,-0.1343528406074188,-0.22282994795840763,-0.045875733256430004,-0.014342061446469406,matched_16,2120042,fixed_180,,,,,,,
121,1.0,0.0,0.829551555662928,0.5644650903605791,True,-0.07202040210713034,-0.15721134252031693,0.013170538306056218,-0.578150415838105,matched_16,2120042,fixed_180,,,,,,,
122,1.0,0.0,0.6628130336914178,0.16757719199669627,True,-0.1279779927876914,-0.2226255420277246,-0.033330443547658226,-0.1662835077113541,matched_16,2120042,fixed_180,,,,,,,
123,0.0,1.0,0.39744562120923743,0.39243083175848403,True,0.044693681172486316,-0.06012973909097079,0.14951710143594338,0.03246765507545743,matched_16,2120042,fixed_180,,,,,,,
126,0.0,0.0,0.2904388139791195,0.3909132072928165,True,-0.12561221448011828,-0.21872571363517995,-0.03249871532505662,-0.3010231687743369,matched_16,2120042,fixed_180,,,,,,,
130,0.0,0.0,0.26863216138852986,0.21849460988274513,True,-0.03443424047180264,-0.16764421390364526,0.09877573296003993,0.006309753656425152,matched_16,2120042,fixed_180,,,,,,,
137,0.0,0.0,0.19104229057139868,0.136704195001431,True,-0.070540695330024,-0.21123997770480127,0.07015858704475325,-0.035394603233024145,matched_16,2120042,fixed_180,,,,,,,
145,1.0,0.0,0.4660143956373304,0.44212132263226617,True,0.0012406095289351823,-0.1570304018009917,0.15951162085886203,-0.33769143797714973,matched_16,2120042,fixed_180,,,,,,,
151,0.0,1.0,0.5191771574449675,0.4662585530143542,True,0.04225097484736833,-0.09080951939941989,0.17531146909415654,-0.31487008056515453,matched_16,2120042,fixed_180,,,,,,,
162,0.0,0.0,0.5856731783723788,0.5989655969474362,True,-0.05369323765857863,-0.14082658612690693,0.033440110809749665,-0.1770906937214045,matched_16,2120042,fixed_180,,,,,,,
167,0.0,1.0,0.6272436550256896,0.707639467658466,True,-0.009558383833816738,-0.12004946873784308,0.10093270107020957,0.060419762402974864,matched_16,2120042,fixed_180,,,,,,,
169,1.0,1.0,0.718421807752594,0.8744463758885973,True,-0.036120054112559086,-0.1481458204420525,0.07590571221693429,-0.059438745764093026,matched_16,2120042,fixed_180,,,,,,,
180,1.0,1.0,0.8672668628184429,0.5657293381904667,True,-0.07603919150919144,-0.2349480475884885,0.08286966457010558,0.07214620573564456,matched_16,2120042,fixed_180,,,,,,,
186,1.0,0.0,0.5911390146431826,0.5179879989770028,True,-0.016887975951685206,-0.10620612909728648,0.07243017719391606,-0.34838730337294177,matched_16,2120042,fixed_180,,,,,,,
193,0.0,0.0,0.40023106047420476,0.1550758670471376,True,-0.11335850441231601,-0.2622410087076575,0.03552399988302543,-0.07790570380726344,matched_16,2120042,fixed_180,,,,,,,
196,0.0,0.0,0.4779684453454312,0.4063942925546509,True,0.040125644412172624,-0.07310254378065695,0.15335383260500215,0.18500422317417548,matched_16,2120042,fixed_180,,,,,,,
198,0.0,0.0,0.14587366590344183,0.3168318250125152,True,-0.12767570863131164,-0.21614353329924346,-0.03920788396337983,-0.09796041668062988,matched_16,2120042,fixed_180,,,,,,,
205,1.0,1.0,0.889667935890094,0.4157414662695457,True,-0.06838403630858927,-0.17441959844691063,0.03765152582973204,0.10039000345163385,matched_16,2120042,fixed_180,,,,,,,
208,1.0,1.0,0.37917397054309765,0.6227098092939151,True,0.02741058506983887,-0.06297380314534778,0.11779497328502551,-0.38364186382161225,matched_16,2120042,fixed_180,,,,,,,
211,0.0,0.0,0.231401125726331,0.22905857404779453,True,0.0013545297660030001,-0.09019445758328017,0.09290351711528615,0.039362356322426656,matched_16,2120042,fixed_180,,,,,,,
229,0.0,0.0,0.35491053100236486,0.18642819332391197,True,-0.11397472054745218,-0.21422728928366364,-0.013722151811240743,-0.0181111175885878,matched_16,2120042,fixed_180,,,,,,,
237,0.0,1.0,0.3187585270756577,0.6861105920384603,True,-0.022436076206652205,-0.24404352996292353,0.19917137754961908,0.014677238537030401,matched_16,2120042,fixed_180,,,,,,,
241,1.0,0.0,0.33880276994038705,0.4470269612145222,True,-0.060199149621293156,-0.19607078099559977,0.07567248175301342,-0.2359562924134932,matched_16,2120042,fixed_180,,,,,,,
250,1.0,1.0,0.8428866494274864,0.703627059039757,True,-0.104901966863897,-0.2594242761076866,0.04962034237989252,-0.14381661120733635,matched_16,2120042,fixed_180,,,,,,,
254,0.0,1.0,0.20839292854203073,0.24099446092279211,True,-0.06630490202065487,-0.17036308852139304,0.03775328448008329,0.11029612787953566,matched_16,2120042,fixed_180,,,,,,,
261,0.0,0.0,0.25783316789758004,0.1812073244799295,True,0.014136262363163532,-0.11992936546096564,0.14820189018729266,0.31285754382566056,matched_16,2120042,fixed_180,,,,,,,
264,1.0,1.0,0.5133701154893368,0.5783417591739412,True,-0.018690375970783383,-0.10428636155558797,0.06690560961402119,0.10130985419071503,matched_16,2120042,fixed_180,,,,,,,
265,0.0,0.0,0.4673440107611287,0.3563794093146026,True,-0.1474257079802284,-0.2588580078885925,-0.03599340807186434,-0.19966649402570194,matched_16,2120042,fixed_180,,,,,,,
270,0.0,0.0,0.34874073775724557,0.20171397701955088,True,-0.12649215714805775,-0.19039876082986845,-0.06258555346624707,-0.05981133747776573,matched_16,2120042,fixed_180,,,,,,,
271,1.0,0.0,0.8208015211662028,0.8654343342544495,True,-0.03518093768738505,-0.19275813129897507,0.12239625592420496,-0.027407061388611043,matched_16,2120042,fixed_180,,,,,,,
277,1.0,1.0,0.8458274757149049,0.5796784555469318,True,0.0539103497859999,-0.042764730848462496,0.1505854304204623,0.19707323380293573,matched_16,2120042,fixed_180,,,,,,,
282,0.0,0.0,0.4968539889905682,0.48950108386632263,True,-0.012757186785229606,-0.15146948094780657,0.1259551073773473,0.2904593735133494,matched_16,2120042,fixed_180,,,,,,,
284,0.0,1.0,0.26169668314489575,0.48044735559495144,True,-7.867149296467884e-05,-0.10505411377338066,0.10489677078745126,0.18518688543613304,matched_16,2120042,fixed_180,,,,,,,
288,1.0,0.0,0.7511605014707504,0.5824804714021297,True,-0.041351298421354654,-0.14506222832825272,0.06235963148554337,0.004640120746827181,matched_16,2120042,fixed_180,,,,,,,
294,1.0,1.0,0.8164796270017057,0.49031264913350026,True,-0.062326481545410796,-0.2848651726119462,0.16021220952112458,-0.34951026332690505,matched_16,2120042,fixed_180,,,,,,,
318,0.0,0.0,0.6636540076542939,0.5705544669325786,True,-0.013323765982414788,-0.10637763286184568,0.07973010089701608,-0.20199985734703257,matched_16,2120042,fixed_180,,,,,,,
319,1.0,1.0,0.8930296774091446,0.7555478412559756,True,0.003575116482030008,-0.1627440384016117,0.1698942713656717,0.04278373950332526,matched_16,2120042,fixed_180,,,,,,,
328,0.0,1.0,0.39432924248177276,0.18948303187203663,True,0.01908305279045716,-0.11694737872018082,0.1551134843010951,0.10327243996857394,matched_16,2120042,fixed_180,,,,,,,
334,0.0,0.0,0.32003853805723764,0.2875355167491368,True,-0.1529399325708069,-0.2527703125228168,-0.05310955261879702,-0.1484375342195409,matched_16,2120042,fixed_180,,,,,,,
339,0.0,1.0,0.6907306329755005,0.5644583916735121,True,-0.04497592022730486,-0.1905477525810037,0.10059591212639397,-0.04096418254395162,matched_16,2120042,fixed_180,,,,,,,
343,1.0,1.0,0.7122793784860058,0.5155210187085154,True,-0.010275540432404662,-0.11866369849089485,0.09811261762608549,-0.252500407706424,matched_16,2120042,fixed_180,,,,,,,
346,0.0,0.0,0.4668878241550569,0.33951763988107997,True,-0.07376410680168603,-0.17799543926491998,0.030467225661547886,0.021257549177203516,matched_16,2120042,fixed_180,,,,,,,
347,0.0,1.0,0.20263826870260368,0.2637419376444213,True,-0.11295641811626547,-0.22878448787622288,0.002871651643691908,0.0718545920669893,matched_16,2120042,fixed_180,,,,,,,
349,0.0,1.0,0.7980010545149436,0.6771543356924604,True,-0.10166817233046851,-0.2084607963373982,0.005124451676461153,0.03268878550218324,matched_16,2120042,fixed_180,,,,,,,
354,1.0,0.0,0.532805219686784,0.2924577715670299,True,0.024087106110389077,-0.08482770689330471,0.13300191911408285,-0.14297135067526034,matched_16,2120042,fixed_180,,,,,,,
357,1.0,1.0,0.6408274001124588,0.2999253159315922,True,-0.11965103274281609,-0.2669918723587113,0.027689806873079106,0.1013446835796018,matched_16,2120042,fixed_180,,,,,,,
360,1.0,0.0,0.3477877504865826,0.3387807653978252,True,-0.02695014779014337,-0.18930205067467004,0.13540175509438326,-0.20995476861796994,matched_16,2120042,fixed_180,,,,,,,
361,0.0,0.0,0.29661108176182654,0.23059339157774011,True,-0.021798626471165688,-0.11986940316613451,0.0762721502238031,-0.0406445885166562,matched_16,2120042,fixed_180,,,,,,,
365,1.0,0.0,0.6049751553904226,0.2863717839207137,True,-0.17672954650649983,-0.310062675975883,-0.04339641703711669,-0.3344524588585174,matched_16,2120042,fixed_180,,,,,,,
368,1.0,0.0,0.6849883638981021,0.32733973117530735,True,-0.05733511471848877,-0.21754224030803113,0.10287201087105358,-0.05427466854280549,matched_16,2120042,fixed_180,,,,,,,
370,1.0,0.0,0.19790340240759838,0.10800260009836761,True,-0.10044261770801363,-0.3404926488498037,0.1396074134337764,-0.11224918810400103,matched_16,2120042,fixed_180,,,,,,,
380,0.0,1.0,0.7471666727680591,0.4674264398886901,True,-0.08705257098229666,-0.20005902590796665,0.025953883943373293,-0.4595323870462047,matched_16,2120042,fixed_180,,,,,,,
384,1.0,1.0,0.6900728481780237,0.5112597274821526,True,-0.020919924268767806,-0.18911547046550292,0.14727562192796728,0.0703099140074529,matched_16,2120042,fixed_180,,,,,,,
392,1.0,1.0,0.7956043945971023,0.7308406047876336,True,-0.10269292374963628,-0.23788025204695556,0.03249440454768297,0.0859568948245617,matched_16,2120042,fixed_180,,,,,,,
398,0.0,1.0,0.3206138626697417,0.45685223927714724,True,-0.050263009214802735,-0.23508481239464796,0.13455879396504244,-0.3498504475078327,matched_16,2120042,fixed_180,,,,,,,
409,0.0,0.0,0.18337791691798333,0.4439000770292082,True,-0.04109632053587074,-0.11604027079475364,0.03384762972301214,0.14554265152238055,matched_16,2120042,fixed_180,,,,,,,
422,1.0,1.0,0.4374280553015159,0.34871246199525907,True,0.0703939340227052,-0.14802985406131575,0.2888177221067261,0.04875396248008518,matched_16,2120042,fixed_180,,,,,,,
424,1.0,0.0,0.6770097302582416,0.7052642761137701,True,-0.09059219407709988,-0.17323741974926163,-0.007946968404938165,-0.411950972386599,matched_16,2120042,fixed_180,,,,,,,
431,1.0,1.0,0.4372491262168222,0.6279412483546116,True,-0.10043280422408712,-0.21001117340896414,0.00914556496078986,-0.32665406706368566,matched_16,2120042,fixed_180,,,,,,,
433,0.0,0.0,0.10525170726096475,0.10427304962006238,True,-0.06936431680913456,-0.24376312972794878,0.10503449610967962,-0.03402153155820689,matched_16,2120042,fixed_180,,,,,,,
435,0.0,1.0,0.4409894527049854,0.6729711349557012,True,-0.0702102309313501,-0.1540804852080268,0.013660023345326566,-0.10742312894197681,matched_16,2120042,fixed_180,,,,,,,
446,1.0,0.0,0.2790381570542702,0.16375999330593335,True,-0.09435062260384973,-0.2025334696582622,0.013832224450562688,-0.06432527410523083,matched_16,2120042,fixed_180,,,,,,,
447,1.0,1.0,0.536835214889051,0.5503554221394807,True,-0.04877826730732418,-0.14081484193364874,0.043258307319000364,0.034144994760945346,matched_16,2120042,fixed_180,,,,,,,
451,1.0,1.0,0.7690955084071955,0.6112206494377056,True,-0.01009278515344773,-0.09504121189750808,0.0748556415906126,-0.17663563846118313,matched_16,2120042,fixed_180,,,,,,,
460,1.0,0.0,0.39094770965443404,0.27994469973743064,True,0.028834954916689373,-0.10164594162653436,0.15931585145991306,-0.15089969081385596,matched_16,2120042,fixed_180,,,,,,,
462,0.0,0.0,0.4757820881301206,0.3798226570352518,True,-0.0009460667992091663,-0.09632151823226753,0.09442938463384917,-0.02877369342676961,matched_16,2120042,fixed_180,,,,,,,
465,0.0,1.0,0.4312755600906261,0.6491876730428766,True,-0.11780170208734281,-0.26592174374845723,0.030318339573771558,-0.07352311822592295,matched_16,2120042,fixed_180,,,,,,,
467,0.0,0.0,0.2562069965782711,0.26684038260745196,True,-0.07062628462600244,-0.23376426742281864,0.09251169817081371,0.18109530692018136,matched_16,2120042,fixed_180,,,,,,,
468,1.0,0.0,0.44882293786932376,0.4590625162462623,True,-0.07277645474160538,-0.22952701944012696,0.08397410995691615,-0.36394341785118856,matched_16,2120042,fixed_180,,,,,,,
474,0.0,0.0,0.4334979519869535,0.38280401600429703,True,0.01647607612348794,-0.09895825673038805,0.1319104089773639,0.27024214191256124,matched_16,2120042,fixed_180,,,,,,,
478,1.0,0.0,0.5739982744039367,0.2947270948162633,True,-0.10646608300927293,-0.22666936880089616,0.013737202782350286,-0.14113139488284232,matched_16,2120042,fixed_180,,,,,,,
481,0.0,1.0,0.5087083360409932,0.40825501741027925,True,-0.024623706877748133,-0.09519913994052245,0.04595172618502617,0.24256774419822325,matched_16,2120042,fixed_180,,,,,,,
486,1.0,1.0,0.7441202307802978,0.6148549412893181,True,-0.2004612802759874,-0.3038067349006762,-0.09711582565129857,-0.6892153014395378,matched_16,2120042,fixed_180,,,,,,,
487,1.0,1.0,0.8467975192157075,0.5866738910251524,True,-0.0093864036198708,-0.17521307755272134,0.1564402703129797,-0.028156691615068175,matched_16,2120042,fixed_180,,,,,,,
498,0.0,0.0,0.3020648921646804,0.1979830251548477,True,-0.11288145275595649,-0.21671009217088985,-0.009052813341023147,-0.1062618189134249,matched_16,2120042,fixed_180,,,,,,,
503,0.0,0.0,0.3446948747805175,0.2658055219729751,True,-0.04518024493792948,-0.1413381127198962,0.0509776228440372,-0.16728505428348134,matched_16,2120042,fixed_180,,,,,,,
507,1.0,1.0,0.8311033999506614,0.7945564212316646,True,-0.037290496294521185,-0.15210077745758477,0.07751978486854236,-0.030854928811506976,matched_16,2120042,fixed_180,,,,,,,
508,0.0,0.0,0.5229332692489086,0.2601699446166555,True,-0.07734894449662073,-0.28740275775008467,0.13270486875684318,-0.05620972089686527,matched_16,2120042,fixed_180,,,,,,,
514,1.0,1.0,0.8270038617254091,0.6943390637417084,True,-0.11464424458695845,-0.2037972977460265,-0.025491191427890414,-0.061478120138046544,matched_16,2120042,fixed_180,,,,,,,
526,0.0,0.0,0.15782593929996835,0.13044474411998602,True,-0.016409155915184555,-0.11287160560028942,0.08005329376992029,0.020299231269924375,matched_16,2120042,fixed_180,,,,,,,
528,1.0,1.0,0.6647472925894883,0.7352516088728809,True,0.03706748896964519,-0.042586161072645415,0.11672113901193577,-0.3151680255715663,matched_16,2120042,fixed_180,,,,,,,
532,1.0,0.0,0.5659465902283147,0.4305883970188177,True,-0.1227757098957618,-0.3045129410270006,0.058961521235476946,-0.5334643262344162,matched_16,2120042,fixed_180,,,,,,,
534,0.0,1.0,0.6356185713393279,0.49570608184298615,True,0.009489678899044448,-0.21621324052135596,0.2351925983194448,0.13543398492073888,matched_16,2120042,fixed_180,,,,,,,
535,0.0,0.0,0.6385549390569282,0.3491581541021244,True,0.02794508824028286,-0.08570291328070959,0.14159308976127527,0.03704061610492676,matched_16,2120042,fixed_180,,,,,,,
538,1.0,0.0,0.7165422603028302,0.5565385298635452,True,-0.02684932672061619,-0.183072917650762,0.12937426420952958,-0.06212851278558973,matched_16,2120042,fixed_180,,,,,,,
539,0.0,1.0,0.3919352408994978,0.39807883890515544,True,-0.128496802764816,-0.24828100534349967,-0.008712600186132388,-0.11126006308263126,matched_16,2120042,fixed_180,,,,,,,
546,0.0,0.0,0.30246911548946265,0.1674140399970113,True,-0.12000154514160342,-0.20770852719804733,-0.03229456308515953,-0.06620608679353736,matched_16,2120042,fixed_180,,,,,,,
549,1.0,0.0,0.737809295603759,0.4018100071172399,True,-0.06472797728467165,-0.2055904351873803,0.07613448061803697,-0.22605679180368443,matched_16,2120042,fixed_180,,,,,,,
550,0.0,0.0,0.22968620364065134,0.12507868829739605,True,-0.08496267956981941,-0.16292285788476116,-0.007002501254877697,-0.08381602753461014,matched_16,2120042,fixed_180,,,,,,,
552,1.0,0.0,0.5131292585651384,0.19044531066663345,True,-0.1627379486078326,-0.26921263246971483,-0.05626326474595042,0.08753892270289004,matched_16,2120042,fixed_180,,,,,,,
559,1.0,0.0,0.6085123450001269,0.405681505096466,True,-0.13022600626054093,-0.22750076488270224,-0.03295124763837963,-0.36576085048430995,matched_16,2120042,fixed_180,,,,,,,
560,1.0,1.0,0.8655555287273489,0.6294406160354643,True,-0.09169799021833923,-0.16639241682379521,-0.017003563612883257,-0.06469990771798673,matched_16,2120042,fixed_180,,,,,,,
561,1.0,0.0,0.6004522932294956,0.25193874811218325,True,-0.042729042715125995,-0.1199579596256674,0.03449987419541539,-0.14847635272894044,matched_16,2120042,fixed_180,,,,,,,
563,0.0,0.0,0.34977696900330585,0.3001244011940171,True,-0.086695307007434,-0.2081466815122579,0.03475606749738987,0.08723419972137467,matched_16,2120042,fixed_180,,,,,,,
568,1.0,1.0,0.8420165704415828,0.7241993149028411,True,-0.10886714469707162,-0.20015870085922408,-0.01757558853491918,-0.11006768648138565,matched_16,2120042,fixed_180,,,,,,,
569,0.0,1.0,0.6204165780663479,0.649966418468412,True,-0.04826883728621372,-0.17992116684510284,0.08338349227267536,-0.03506472883281053,matched_16,2120042,fixed_180,,,,,,,
578,0.0,0.0,0.528449166106585,0.541129455632692,True,-0.041897568452963885,-0.12571246205426467,0.04191732514833686,-0.1661069213092291,matched_16,2120042,fixed_180,,,,,,,
584,1.0,0.0,0.4835230499831929,0.6086690571475216,True,-0.016162352354341984,-0.13402369693565722,0.10169899222697323,-0.18620539681394355,matched_16,2120042,fixed_180,,,,,,,
588,1.0,1.0,0.6950874683394853,0.6067692377764136,True,-0.027038140314408664,-0.20676727409264273,0.15269099346382536,0.05151712594740754,matched_16,2120042,fixed_180,,,,,,,
594,0.0,1.0,0.3845124638174599,0.20204826370818607,True,-0.07636090036520209,-0.20752554233883325,0.05480374160842906,-0.1845762402931477,matched_16,2120042,fixed_180,,,,,,,
599,0.0,1.0,0.5139276407168637,0.3069862927665871,True,-0.024133890461911285,-0.1007017180889,0.0524339371650774,-0.017020805613165407,matched_16,2120042,fixed_180,,,,,,,
603,1.0,1.0,0.8760250372770755,0.7245136388321798,True,-0.07694898891815785,-0.1881630925791034,0.03426511474278769,-0.4064471216929251,matched_16,2120042,fixed_180,,,,,,,
606,0.0,1.0,0.21922940776003394,0.3608687382193187,True,-0.05804843897633286,-0.16363895748696114,0.04754207953429538,-0.0810499975355446,matched_16,2120042,fixed_180,,,,,,,
607,0.0,0.0,0.2306889141131686,0.41349980578355594,True,-0.014055735689093338,-0.15727372068903994,0.12916224931085324,-0.20262165996000597,matched_16,2120042,fixed_180,,,,,,,
609,0.0,1.0,0.2303519206028594,0.1661800464978828,True,-0.09373274029186955,-0.2536597137109037,0.0661942331271645,-0.17815202596793825,matched_16,2120042,fixed_180,,,,,,,
614,1.0,1.0,0.6467946600933504,0.454149402724382,True,-0.12806012190179927,-0.21791553976885902,-0.03820470403473954,0.13800989485438941,matched_16,2120042,fixed_180,,,,,,,
617,1.0,0.0,0.6802572666640975,0.691208308706228,True,-0.08062332102841197,-0.2061868738748062,0.044940231817982235,-0.32977963417948597,matched_16,2120042,fixed_180,,,,,,,
621,1.0,1.0,0.627291255719527,0.643934722388693,True,-0.06480208646248632,-0.14906444092907467,0.019460268004102013,-0.10300534475910206,matched_16,2120042,fixed_180,,,,,,,
626,1.0,0.0,0.474501537217078,0.16437460061425205,True,-0.10860316342055897,-0.2660843365090376,0.04887800966791965,-0.14734105843629364,matched_16,2120042,fixed_180,,,,,,,
638,1.0,0.0,0.2748012559824055,0.1239220657092472,True,-0.12325629678777454,-0.27312362492570047,0.026611031350151373,-0.028967779075204383,matched_16,2120042,fixed_180,,,,,,,
648,1.0,1.0,0.5446984576494674,0.4969151883647077,True,-0.11954948851922713,-0.19925373289793602,-0.039845244140518266,0.22657797391420198,matched_16,2120042,fixed_180,,,,,,,
651,1.0,0.0,0.7414638822974168,0.20735604282143721,True,-0.10502234205015788,-0.23365373858072108,0.023609054480405275,0.14285091672279376,matched_16,2120042,fixed_180,,,,,,,
656,0.0,0.0,0.28204662460451924,0.4366149382471533,True,0.016368482332126497,-0.09681380441505769,0.12955076907931065,0.008071797181922913,matched_16,2120042,fixed_180,,,,,,,
662,0.0,0.0,0.6929571721037661,0.5688028871898342,True,0.06269070990492566,-0.09972350883519547,0.22510492864504672,0.12090442381375327,matched_16,2120042,fixed_180,,,,,,,
663,1.0,1.0,0.6304851473044282,0.5835748670106308,True,-0.044866097055594786,-0.20305981349596086,0.11332761938477125,-0.0006267839972746714,matched_16,2120042,fixed_180,,,,,,,
676,1.0,0.0,0.4599439184764482,0.29878782114157487,True,-0.07687973722285861,-0.17982794494190568,0.026068470496188434,0.288078314021742,matched_16,2120042,fixed_180,,,,,,,
680,1.0,0.0,0.6829703748258147,0.11385594636738014,True,-0.02492162368223753,-0.1339089152594715,0.0840656678949964,-0.21676132704337042,matched_16,2120042,fixed_180,,,,,,,
684,0.0,0.0,0.5697406984360188,0.19983185070397666,True,-0.06089106333344186,-0.2581960742699179,0.13641394760303416,-0.09365228131014089,matched_16,2120042,fixed_180,,,,,,,
689,1.0,1.0,0.8868225930045658,0.8706173422583725,True,-0.002534512528717321,-0.16316747066479764,0.158098445607363,0.028437736123359203,matched_16,2120042,fixed_180,,,,,,,
707,1.0,0.0,0.3095601577041158,0.16574517487960455,True,-0.03954632056796472,-0.23928156918433935,0.16018892804840984,-0.18261274863827542,matched_16,2120042,fixed_180,,,,,,,
708,0.0,0.0,0.38944180681518387,0.31109833854695346,True,-0.12955972426580847,-0.246361421943471,-0.012758026588145982,-0.3033594815556778,matched_16,2120042,fixed_180,,,,,,,
712,0.0,0.0,0.22671743720630477,0.39916050095370287,True,-0.0023564190310362376,-0.16585269577507877,0.1611398577130063,0.20262182932038472,matched_16,2120042,fixed_180,,,,,,,
713,0.0,1.0,0.4479973834356069,0.7899673126686212,True,-0.027689363416045193,-0.15276629341966466,0.09738756658757425,0.18351149860665072,matched_16,2120042,fixed_180,,,,,,,
723,1.0,1.0,0.8791019779208326,0.6312407840166131,True,0.012393886868773735,-0.1808612353461813,0.2056490090837287,-0.013981278819158116,matched_16,2120042,fixed_180,,,,,,,
735,1.0,1.0,0.7869431386479372,0.5368141960979033,True,0.029241384019026404,-0.1142615328986479,0.17274430093670068,0.2892291597635016,matched_16,2120042,fixed_180,,,,,,,
739,0.0,1.0,0.16567925131260422,0.3625667250095327,True,0.015074824513493425,-0.09454434809702059,0.12469399712400742,0.04653584065128688,matched_16,2120042,fixed_180,,,,,,,
743,1.0,0.0,0.6338297786120288,0.6070901283292623,True,-0.1622497500676499,-0.2665089819973377,-0.057990518137962174,-0.3588049137290085,matched_16,2120042,fixed_180,,,,,,,
744,0.0,0.0,0.2696157041235064,0.15264458849958287,True,0.004761154238270598,-0.12797351469490084,0.137495823171442,0.00043827428651807554,matched_16,2120042,fixed_180,,,,,,,
752,1.0,0.0,0.6647472925894883,0.7208329462562315,True,0.03706748896964519,-0.042586161072645415,0.11672113901193577,-0.048624029853681416,matched_16,2120042,fixed_180,,,,,,,
760,1.0,1.0,0.7134555858731084,0.792566241366111,True,-0.17893177659129916,-0.27675580441573805,-0.08110774876686029,-0.1049719012824385,matched_16,2120042,fixed_180,,,,,,,
773,1.0,1.0,0.8386940353384825,0.852870223315683,True,-0.033039608068236,-0.17111524639752992,0.1050360302610579,-0.05078761983714952,matched_16,2120042,fixed_180,,,,,,,
776,0.0,0.0,0.3345234242308092,0.20533773166060534,True,0.044362971423634184,-0.05709599520324683,0.1458219380505152,0.11215936655437345,matched_16,2120042,fixed_180,,,,,,,
779,0.0,0.0,0.3257453007133764,0.22754313436062862,True,-0.06872083774080726,-0.20255772279808024,0.0651160473164657,0.2102850669914252,matched_16,2120042,fixed_180,,,,,,,
781,1.0,1.0,0.6832939038423603,0.63754694937672,True,-0.07910419964645456,-0.2530572781445602,0.09484887885165101,0.031273744586730046,matched_16,2120042,fixed_180,,,,,,,
782,1.0,0.0,0.7648701537663227,0.4641424883295498,True,-0.03877466401634242,-0.1258883581199524,0.04833903008726751,-0.27881971225762575,matched_16,2120042,fixed_180,,,,,,,
783,0.0,0.0,0.12172989379204215,0.3168675055683017,True,0.10009900101021882,-0.05208782408133503,0.25228582610177264,0.11768093960974968,matched_16,2120042,fixed_180,,,,,,,
798,1.0,1.0,0.5742961575804171,0.7338549270059888,True,0.0017386607111834693,-0.22730510091465103,0.23078242233701793,-0.012829595656138837,matched_16,2120042,fixed_180,,,,,,,
822,0.0,0.0,0.7417980053932205,0.6367950734915155,True,0.1083030513319017,0.00857501570044196,0.20803108696336142,0.15687867128973654,matched_16,2120042,fixed_180,,,,,,,
827,0.0,1.0,0.264977865904604,0.5063020143310597,True,-0.15919146058696013,-0.24363605731157856,-0.07474686386234172,-0.47170840662307595,matched_16,2120042,fixed_180,,,,,,,
839,0.0,0.0,0.4808888128545494,0.1562570180525887,True,-0.07870554492861755,-0.15176258661695385,-0.005648503240281266,-0.082870305049013,matched_16,2120042,fixed_180,,,,,,,
845,1.0,1.0,0.7067711150558171,0.505484558588421,True,0.039768250206389265,-0.14137096138760966,0.22090746180038814,-0.054967122143437575,matched_16,2120042,fixed_180,,,,,,,
848,0.0,0.0,0.1666158023279128,0.2015602546752192,True,-0.05431570315084282,-0.19852445439415195,0.08989304809246627,0.0857810802170664,matched_16,2120042,fixed_180,,,,,,,
859,1.0,1.0,0.6849906428774399,0.6769103292049636,True,-0.06196003423014641,-0.19168343186808195,0.06776336340778912,0.10091643251497262,matched_16,2120042,fixed_180,,,,,,,
868,1.0,0.0,0.3082583807209731,0.1535068027524439,True,-0.06270981822103991,-0.13160968334607948,0.006190046903999644,-0.03768758335333155,matched_16,2120042,fixed_180,,,,,,,
875,1.0,1.0,0.25333963387393715,0.20708796308982624,True,0.04008073491676965,-0.12202331854499714,0.20218478837853637,0.2750351541256375,matched_16,2120042,fixed_180,,,,,,,
892,0.0,0.0,0.6313698695873204,0.23382463068565157,True,-0.0871564257611828,-0.26106581195550344,0.08675296043313775,-0.4218944972490402,matched_16,2120042,fixed_180,,,,,,,
893,0.0,1.0,0.45589257876268896,0.39302832109664,True,-0.04063213732291914,-0.16871474503767364,0.08745047039183532,-0.13899119129057289,matched_16,2120042,fixed_180,,,,,,,
898,1.0,1.0,0.49462645872228006,0.3547315126470555,True,-0.0644064433646933,-0.24583226453382284,0.11701937780443623,0.11489019733853345,matched_16,2120042,fixed_180,,,,,,,
908,1.0,1.0,0.59795154629418,0.5465323047791424,True,-0.06774406959098202,-0.19643232419596907,0.06094418501400502,0.2700079153490359,matched_16,2120042,fixed_180,,,,,,,
913,0.0,0.0,0.4590740424682504,0.15303561997525103,True,0.01348595739114215,-0.08723683320077122,0.11420874798305551,0.5763362625455206,matched_16,2120042,fixed_180,,,,,,,
915,1.0,1.0,0.8444617337210738,0.7902472579186703,True,0.05617135140726095,-0.04173449722028145,0.15407720003480332,-0.10460704553612188,matched_16,2120042,fixed_180,,,,,,,
924,0.0,1.0,0.11064807383603614,0.35875496457481376,True,-0.05741803138758296,-0.13879775468010427,0.02396169190493834,-0.03518580558050255,matched_16,2120042,fixed_180,,,,,,,
929,1.0,0.0,0.6634216252210545,0.5571596280328351,True,0.03655638077889806,-0.0989740239110578,0.1720867854688539,-0.2246108655442407,matched_16,2120042,fixed_180,,,,,,,
934,0.0,0.0,0.17588820990102041,0.1479102128392838,True,-0.15647190354162774,-0.23951846508567773,-0.07342534199757778,-0.17923562100166213,matched_16,2120042,fixed_180,,,,,,,
955,1.0,1.0,0.7279935351733413,0.7193079523925068,True,-0.10991317356901475,-0.2342468597267421,0.014420512588712575,-0.4074361291328243,matched_16,2120042,fixed_180,,,,,,,
960,1.0,1.0,0.516353381546526,0.48744897008899524,True,0.059452001736028486,-0.04300562121509766,0.1619096246871546,0.30302428580824725,matched_16,2120042,fixed_180,,,,,,,
961,0.0,1.0,0.5952214322323915,0.2839526673389449,True,-0.007871933644194173,-0.1240664135098684,0.10832254622148003,-0.17386110854674186,matched_16,2120042,fixed_180,,,,,,,
967,0.0,0.0,0.7111062328377343,0.6026371727046967,True,-0.04700381820531562,-0.13187505434966046,0.037867417939029195,0.11315424130412288,matched_16,2120042,fixed_180,,,,,,,
976,0.0,0.0,0.22296580907529134,0.08518100874594803,True,-0.18822784138139273,-0.2719137101280885,-0.10454197263469696,-0.10435438224184548,matched_16,2120042,fixed_180,,,,,,,
977,1.0,0.0,0.8795089744048036,0.5493546289655924,True,-0.0686569730546529,-0.1949694306799405,0.05765548457063466,0.2172265382051104,matched_16,2120042,fixed_180,,,,,,,
980,1.0,1.0,0.7845093011134376,0.5285083827381312,True,-0.08329345054124436,-0.18625348988169518,0.019666588799206436,-0.1328309937568829,matched_16,2120042,fixed_180,,,,,,,
986,1.0,0.0,0.6842931095653495,0.4407593834478375,True,-0.046094531331792345,-0.16533557007021785,0.07314650740663314,-0.21930664730454208,matched_16,2120042,fixed_180,,,,,,,
987,0.0,0.0,0.4937146818591577,0.41011618555896223,True,-0.02121714903007909,-0.10608832494623735,0.06365402688607913,0.16537846499403014,matched_16,2120042,fixed_180,,,,,,,
989,0.0,0.0,0.502114524477848,0.4557268144672463,True,0.01715967996754825,-0.08558294812509726,0.11990230806019372,-0.22553091570484401,matched_16,2120042,fixed_180,,,,,,,
5,1.0,1.0,0.7049072990646004,,True,-0.05939387128934393,,,0.29544125881310984,production_8C_8M,100042,native_eligible,5.0,0.5455481244152229,0.4352866957826915,0.6908556898405971,-0.2261630307911211,0.10737528821243322,
12,0.0,1.0,0.36609056746086477,,True,-0.021504780492282955,,,-0.1020346687031714,production_8C_8M,100042,native_eligible,12.0,0.38326370916535724,0.49645869311360163,-0.8597141718033823,-0.12120237275076677,0.07819281176620084,
15,1.0,0.0,0.7241382347166085,,True,-0.06227594190948701,,,-0.003080297422145953,production_8C_8M,100042,native_eligible,15.0,0.6003412482212928,0.4824991136554547,-0.7841501549457877,-0.1409156219269979,0.016363738108023877,
30,0.0,0.0,0.6178105286879496,,True,-0.13235070327017556,,,-0.15824629257148742,production_8C_8M,100042,native_eligible,30.0,0.7307155124952718,0.3930835914623557,1.5742876040830875,-0.22202081791671385,-0.042680588623637314,
35,1.0,1.0,0.8493923090283297,,True,-0.08466688133118662,,,0.011426825642477212,production_8C_8M,100042,native_eligible,35.0,0.7502551032167515,0.6522537262889768,0.3114045830918431,-0.19261281693972868,0.02327905427735541,
39,1.0,0.0,0.7614730164450023,,True,-0.1312370179566146,,,-0.0787740414269622,production_8C_8M,100042,native_eligible,39.0,0.7884230287716242,0.4463867366576751,-0.9282510719122763,-0.22258981396987934,-0.039884221943349896,
40,0.0,0.0,0.3206742283899928,,True,-0.07291127868031491,,,0.060474988513839145,production_8C_8M,100042,native_eligible,40.0,0.482628423292736,0.48547590625862547,0.713299586304915,-0.21180651933359043,0.06598396197296058,
43,1.0,0.0,0.734497836147555,,True,-0.1558696661486325,,,-0.19702180525731344,production_8C_8M,100042,native_eligible,43.0,0.6065163825248175,0.3379711848986395,-0.7286843134489014,-0.3311137681098292,0.019374435812564067,
45,0.0,0.0,0.17744040322714175,,True,-0.039316818069262044,,,0.13139903885494988,production_8C_8M,100042,native_eligible,45.0,0.7312955356897554,0.5111571102244028,0.6689102690716043,-0.22326182269325587,0.14462818655473172,
48,1.0,1.0,0.3557585593955873,,True,-0.010677392051785778,,,-0.02351093248221392,production_8C_8M,100042,native_eligible,48.0,0.8288108366755502,0.830412677475402,0.4782940188115819,-0.1045046661161245,0.08314988201255291,
63,1.0,0.0,0.7080766606562301,,True,-0.08998337190934222,,,-0.08061850681857732,production_8C_8M,100042,native_eligible,63.0,0.5767190868531952,0.349341529250038,-0.7207443760014304,-0.26457739178273687,0.08461064796405238,
67,1.0,1.0,0.19759719714558777,,True,-0.20408070487810054,,,-0.4040936263411786,production_8C_8M,100042,native_eligible,67.0,0.7448320635126672,0.23945146427684194,3.343603833285214,-0.3053698512499392,-0.10279155850626188,
69,0.0,0.0,0.2706905021912648,,True,-0.1499186310708735,,,-0.2535047085663173,production_8C_8M,100042,native_eligible,69.0,0.5384393918865364,0.2839641255708411,0.48381128213090757,-0.29021136909712214,-0.009625893044624911,
72,1.0,0.0,0.6653769594626164,,True,-0.13432772098605997,,,0.03393963416448598,production_8C_8M,100042,native_eligible,72.0,0.2971945175573258,0.2424277056814058,-0.41911322068033596,-0.2835737082919005,0.014918266319780521,
93,0.0,1.0,0.15344256775887544,,True,-0.15563512607063112,,,-0.24763340158643393,production_8C_8M,100042,native_eligible,93.0,0.4044184110896956,0.16292842066585533,-0.9450235797913071,-0.2891355662565108,-0.022134685884751454,
115,0.0,0.0,0.15273673765085566,,True,-0.06350195091809903,,,-0.036066766855671034,production_8C_8M,100042,native_eligible,115.0,0.14548752835810863,0.15492182468317464,0.18114896261984445,-0.17170476751144015,0.04470086567524209,
116,0.0,1.0,0.145049237378774,,True,-0.1834766016105593,,,-0.014342061446469406,production_8C_8M,100042,native_eligible,116.0,0.7943031408916622,0.3882157316285509,-0.6466823863091391,-0.2771352918501043,-0.08981791137101423,
121,1.0,0.0,0.8498551003049425,,True,-0.1644109636610176,,,-0.578150415838105,production_8C_8M,100042,native_eligible,121.0,0.8387382440478084,0.4651211673678721,-0.9209117475020314,-0.23929768704270413,-0.08952424027933108,
122,1.0,0.0,0.8538095238389906,,True,-0.1149139412447814,,,-0.1662835077113541,production_8C_8M,100042,native_eligible,122.0,0.5518004765705514,0.2605023016654627,-0.5964040496840021,-0.21877265937679308,-0.011055223112769755,
123,0.0,1.0,0.3634766142038039,,True,-0.004778631589719054,,,0.03246765507545743,production_8C_8M,100042,native_eligible,123.0,0.5996565786988798,0.5456715150500598,-0.6829382651095175,-0.08358138758703795,0.07402412440759983,
126,0.0,0.0,0.11129583094293359,,True,-0.1565865269901623,,,-0.3010231687743369,production_8C_8M,100042,native_eligible,126.0,0.2280314791665559,0.0870411534523935,0.11559841000483626,-0.3183168847577059,0.005143830777381342,
130,0.0,0.0,0.1432611847382442,,True,-0.09291097506033782,,,0.006309753656425152,production_8C_8M,100042,native_eligible,130.0,0.16970816140408881,0.2616661973733727,0.2900442652622086,-0.2408912399556172,0.055069289834941526,
137,0.0,0.0,0.20273176057204295,,True,-0.16832746112781516,,,-0.035394603233024145,production_8C_8M,100042,native_eligible,137.0,0.2468934329799657,0.17228196367040388,0.23506276675070398,-0.2614192526347501,-0.07523566962088024,
145,1.0,0.0,0.1715919853290642,,True,-0.03298064037081585,,,-0.33769143797714973,production_8C_8M,100042,native_eligible,145.0,0.22505058631303337,0.17054181878145436,-1.0483886300111935,-0.20414989417668508,0.13818861343505334,
151,0.0,1.0,0.49110200854302105,,True,0.032480256116336335,,,-0.31487008056515453,production_8C_8M,100042,native_eligible,151.0,0.3709283362992538,0.6223363378194153,-0.984736912119032,-0.0410188860839597,0.10597939831663236,
162,0.0,0.0,0.2711256073731696,,True,-0.13878661436750633,,,-0.1770906937214045,production_8C_8M,100042,native_eligible,162.0,0.23822526775888275,0.11324567927275175,0.20186035838088628,-0.3046493957735059,0.027076167038493165,
167,0.0,1.0,0.359898579630979,,True,-0.16066836529391082,,,0.060419762402974864,production_8C_8M,100042,native_eligible,167.0,0.41344217380280107,0.2678441201293562,-1.0619494435188948,-0.2610564220461789,-0.06028030854164276,
169,1.0,1.0,0.5084032350877512,,True,-0.13527686554556514,,,-0.059438745764093026,production_8C_8M,100042,native_eligible,169.0,0.6883278841339847,0.4642225061774882,0.8297382187114823,-0.33051372442979365,0.05995999333866328,
186,1.0,0.0,0.5189639378137411,,True,-0.014760524888053595,,,-0.34838730337294177,production_8C_8M,100042,native_eligible,186.0,0.5489720269318175,0.634796022025597,-1.1373747202154694,-0.1214841377506212,0.09196308797451398,
193,0.0,0.0,0.39401039721703346,,True,-0.15348928980123352,,,-0.07790570380726344,production_8C_8M,100042,native_eligible,193.0,0.6787264344451026,0.3483016926095335,0.7896050925511878,-0.2578317095710527,-0.04914687003141438,
196,0.0,0.0,0.4136971432840006,,True,-0.042829851120052484,,,0.18500422317417548,production_8C_8M,100042,native_eligible,196.0,0.4614507709644716,0.3506110148477907,0.6762121329857371,-0.12720978431674262,0.04155008207663766,
208,1.0,1.0,0.21054983421268372,,True,-0.021504780492282955,,,-0.38364186382161225,production_8C_8M,100042,native_eligible,208.0,0.41597545890091475,0.5053680390017543,2.4386319554147176,-0.12120237275076677,0.07819281176620084,
211,0.0,0.0,0.10761267594706643,,True,-0.09702606164220817,,,0.039362356322426656,production_8C_8M,100042,native_eligible,211.0,0.3316960090471305,0.21881623692679605,0.25881534288945174,-0.19050090498361122,-0.0035512183008051534,
229,0.0,0.0,0.6124894427503074,,True,-0.14332565958414126,,,-0.0181111175885878,production_8C_8M,100042,native_eligible,229.0,0.4369411783363335,0.2551561926496303,0.9457744321455966,-0.3160594444793069,0.029408125311024325,
241,1.0,0.0,0.1296871288930001,,True,-0.12705487794292586,,,-0.2359562924134932,production_8C_8M,100042,native_eligible,241.0,0.3076005193027544,0.20998320879476207,-1.7167695778699383,-0.2415278192101616,-0.012581936675690145,
250,1.0,1.0,0.8940016469103241,,True,-0.1394555795781024,,,-0.14381661120733635,production_8C_8M,100042,native_eligible,250.0,0.8420711918303014,0.5832837708476739,0.20733725629565297,-0.2667124737853561,-0.012198685370848728,
261,0.0,0.0,0.19930023023554239,,True,-0.042829851120052484,,,0.31285754382566056,production_8C_8M,100042,native_eligible,261.0,0.42321609506781144,0.4712929429235553,0.5766346307464636,-0.12720978431674262,0.04155008207663766,
264,1.0,1.0,0.4092513640313307,,True,-0.15862652125026558,,,0.10130985419071503,production_8C_8M,100042,native_eligible,264.0,0.7880498483851173,0.41929472739925394,1.0501901132596831,-0.23617333806759033,-0.08107970443294084,
265,0.0,0.0,0.368647353679438,,True,-0.1991205362405094,,,-0.19966649402570194,production_8C_8M,100042,native_eligible,265.0,0.7599495184763637,0.31423470262778147,0.7579698806601709,-0.3439489472311494,-0.054292125249869455,
270,0.0,0.0,0.13802985819396013,,True,-0.17077741136023727,,,-0.05981133747776573,production_8C_8M,100042,native_eligible,270.0,0.08385775295846423,0.06806399662428812,0.08149238954410405,-0.29877857591542323,-0.04277624680505138,
271,1.0,0.0,0.8461194009607359,,True,-0.19998638452176126,,,-0.027407061388611043,production_8C_8M,100042,native_eligible,271.0,0.9284180398230525,0.3172843739213348,-0.9861213727916326,-0.3417533488560842,-0.05821942018743831,
277,1.0,1.0,0.892034668894391,,True,0.01839698607704322,,,0.19707323380293573,production_8C_8M,100042,native_eligible,277.0,0.3451237238143712,0.3775647877895551,0.7302112672139278,-0.16960187437242,0.2063958465265064,
282,0.0,0.0,0.5132602916031453,,True,-0.10699232689206363,,,0.2904593735133494,production_8C_8M,100042,native_eligible,282.0,0.8296609228488849,0.5592596633440878,1.4341256334858925,-0.20386200331724535,-0.010122650466881933,
284,0.0,1.0,0.1413141404945039,,True,-0.1407415264568688,,,0.18518688543613304,production_8C_8M,100042,native_eligible,284.0,0.3679934513123779,0.195676874605623,-0.9083325966416642,-0.32440809054922437,0.04292503763548672,
288,1.0,0.0,0.7963047231792303,,True,-0.014274568787926373,,,0.004640120746827181,production_8C_8M,100042,native_eligible,288.0,0.5812751044761094,0.5067182781321603,-0.7108939764101926,-0.10633999756105186,0.07779085998519908,
318,0.0,0.0,0.4860388286204739,,True,0.02209181556562374,,,-0.20199985734703257,production_8C_8M,100042,native_eligible,318.0,0.5056820483586612,0.5431602522915472,1.0213697438353209,-0.17329873926065642,0.21748237039190385,
328,0.0,1.0,0.5302161302119288,,True,-0.08084623824190378,,,0.10327243996857394,production_8C_8M,100042,native_eligible,328.0,0.6083278161523468,0.5075054675378439,-0.9345508119275245,-0.19998466081393745,0.03829218433012986,
334,0.0,0.0,0.1847209673028643,,True,-0.13456015500834384,,,-0.1484375342195409,production_8C_8M,100042,native_eligible,334.0,0.5274770917896965,0.15291755106402433,0.27243010408915597,-0.2794118150151671,0.01029150499847939,
339,0.0,1.0,0.6886004217705286,,True,-0.138575829264468,,,-0.04096418254395162,production_8C_8M,100042,native_eligible,339.0,0.42407558201982826,0.33648142570135153,-1.9370649271355491,-0.28755650395096877,0.010404845422032794,
343,1.0,1.0,0.7875063010179119,,True,-0.052325157034107804,,,-0.252500407706424,production_8C_8M,100042,native_eligible,343.0,0.48812723878960884,0.43699824463744674,0.6637881495390447,-0.1532400798633493,0.048589765795133695,
346,0.0,0.0,0.362858115297573,,True,-0.17277580496987868,,,0.021257549177203516,production_8C_8M,100042,native_eligible,346.0,0.23152888819529258,0.09356850623556755,0.2254263200515964,-0.33956741227423937,-0.0059841976655179985,
349,0.0,1.0,0.7968458306000495,,True,-0.09053571386827376,,,0.03268878550218324,production_8C_8M,100042,native_eligible,349.0,0.8931765234837944,0.427922709764189,-0.9910784956925448,-0.19683175942863118,0.015760331692083643,
354,1.0,0.0,0.7081403944506248,,True,-0.0436539224935722,,,-0.14297135067526034,production_8C_8M,100042,native_eligible,354.0,0.6015857393132376,0.5054953732496711,-0.8099253304449365,-0.21022727317377898,0.12291942818663457,
357,1.0,1.0,0.5646061192383953,,True,-0.11494177133719881,,,0.1013446835796018,production_8C_8M,100042,native_eligible,357.0,0.663793051293977,0.3848984526113318,0.8105401885605161,-0.2006242070786425,-0.029259335595755123,
360,1.0,0.0,0.2467962268338039,,True,-0.04590660753365396,,,-0.20995476861796994,production_8C_8M,100042,native_eligible,360.0,0.21523597962343474,0.24229942459267892,-0.9547158459914998,-0.19566490779662374,0.10385169272931577,
361,0.0,0.0,0.21517332243715864,,True,-0.042903508107346444,,,-0.0406445885166562,production_8C_8M,100042,native_eligible,361.0,0.3626366670852508,0.36003276334919615,0.4594556534280357,-0.1838361423241656,0.09802912610947268,
365,1.0,0.0,0.6896667934490427,,True,-0.16196013110199622,,,-0.3344524588585174,production_8C_8M,100042,native_eligible,365.0,0.7517190661403408,0.25841038276374845,-0.8679974246909754,-0.2801774446523795,-0.04374281755161297,
368,1.0,0.0,0.8349295135156328,,True,-0.1440891513535417,,,-0.05427466854280549,production_8C_8M,100042,native_eligible,368.0,0.8320227674773234,0.5249117806965578,-0.9358009207205958,-0.24301099207721424,-0.04516731062986916,
370,1.0,0.0,0.19105388668244136,,True,-0.11338830960901207,,,-0.11224918810400103,production_8C_8M,100042,native_eligible,370.0,0.38531717466948173,0.1566936962513539,-1.0487779331233653,-0.21283883410145443,-0.013937785116569734,
380,0.0,1.0,0.6487259788124597,,True,-0.16783483559893236,,,-0.4595323870462047,production_8C_8M,100042,native_eligible,380.0,0.2939164706879249,0.11704677333227115,-2.186934452286981,-0.3137723940750634,-0.021897277122801373,
384,1.0,1.0,0.7777547592553032,,True,-0.12878333988328994,,,0.0703099140074529,production_8C_8M,100042,native_eligible,384.0,0.8245471938555312,0.5814213593803902,0.2950626312828789,-0.23982122876936707,-0.017745450997212822,
392,1.0,1.0,0.8601323874377723,,True,-0.06666283364327655,,,0.0859568948245617,production_8C_8M,100042,native_eligible,392.0,0.6657609315173387,0.7425157009905531,0.37610903489793657,-0.24176252078495647,0.10843685349840335,
398,0.0,1.0,0.13037097810437653,,True,-0.11405504874070348,,,-0.3498504475078327,production_8C_8M,100042,native_eligible,398.0,0.24861712470727074,0.15577898278626026,-0.9568650503777447,-0.2271771600207771,-0.0009329374606298901,
422,1.0,1.0,0.4470482971415625,,True,0.02024467745715914,,,0.04875396248008518,production_8C_8M,100042,native_eligible,422.0,0.3703732290228402,0.544977248292442,1.192442035020885,-0.04882713360853993,0.0893164885228582,
424,1.0,0.0,0.4613915724928012,,True,-0.1384727793364236,,,-0.411950972386599,production_8C_8M,100042,native_eligible,424.0,0.8172697624319075,0.5529297102905639,-1.4627358253957214,-0.24540405446124458,-0.03154150421160265,
431,1.0,1.0,0.1346270485198945,,True,-0.049203722785305735,,,-0.32665406706368566,production_8C_8M,100042,native_eligible,431.0,0.5357619345299722,0.23543643271958156,5.378797495285064,-0.15101287115854944,0.052605425587937966,
435,0.0,1.0,0.10700372755448935,,True,-0.1544992598101608,,,-0.10742312894197681,production_8C_8M,100042,native_eligible,435.0,0.35315593559657404,0.26197772376060163,-0.815530691641979,-0.3039394485845282,-0.00505907103579345,
446,1.0,0.0,0.18909050628721016,,True,-0.05107433561501454,,,-0.06432527410523083,production_8C_8M,100042,native_eligible,446.0,0.29966325171885516,0.07889263688438289,-0.6379921794356723,-0.18268457223085252,0.08053590100082342,
447,1.0,1.0,0.38950815569304514,,True,-0.065116947403473,,,0.034144994760945346,production_8C_8M,100042,native_eligible,447.0,0.3085417543026676,0.2207493400941269,1.9128092381993937,-0.17105251828446538,0.040818623477519356,
451,1.0,1.0,0.691959247924834,,True,-0.0058103973584330065,,,-0.17663563846118313,production_8C_8M,100042,native_eligible,451.0,0.20165645563497203,0.11999069224792844,1.1900988822784262,-0.15979296640723428,0.14817217169036825,
460,1.0,0.0,0.4157088943712665,,True,-0.036761220281128514,,,-0.15089969081385596,production_8C_8M,100042,native_eligible,460.0,0.47695781467736653,0.4015169269095706,-1.041301691676838,-0.16217375688184535,0.08865131631958828,
462,0.0,0.0,0.3942368477284109,,True,0.0021806066876063333,,,-0.02877369342676961,production_8C_8M,100042,native_eligible,462.0,0.40812141944827335,0.565801565614951,0.8314111545943663,-0.14383022886878727,0.1481914422439999,
465,0.0,1.0,0.1289779177381409,,True,-0.14332565958414126,,,-0.07352311822592295,production_8C_8M,100042,native_eligible,465.0,0.3501358660507805,0.20151369090613436,-0.8947159277412056,-0.3160594444793069,0.029408125311024325,
467,0.0,0.0,0.33698220775036275,,True,-0.1264487698316209,,,0.18109530692018136,production_8C_8M,100042,native_eligible,467.0,0.817762538545584,0.3629802431935148,0.7786122652537535,-0.25198873012695266,-0.0009088095362891901,
468,1.0,0.0,0.22816643917161483,,True,-0.1706397622671801,,,-0.36394341785118856,production_8C_8M,100042,native_eligible,468.0,0.4309763987638762,0.12827920330242107,-0.8649148632663867,-0.31565502179260485,-0.0256245027417554,
474,0.0,0.0,0.3925076080967537,,True,0.01965778617980757,,,0.27024214191256124,production_8C_8M,100042,native_eligible,474.0,0.3819045288556332,0.5616389038169266,0.8083916782390242,-0.0641722688896414,0.10348784124925652,
478,1.0,0.0,0.5579132158052753,,True,-0.12796581527110373,,,-0.14113139488284232,production_8C_8M,100042,native_eligible,478.0,0.6057345179071194,0.3308272665458834,-0.8678798807483661,-0.21197078838218783,-0.04396084216001965,
481,0.0,1.0,0.3276911808635158,,True,-0.15923496699839798,,,0.24256774419822325,production_8C_8M,100042,native_eligible,481.0,0.47113312213475605,0.25580112259636223,-1.0019747785882394,-0.29107417182128836,-0.027395762175507626,
486,1.0,1.0,0.5045161462447206,,True,-0.20617397410573862,,,-0.6892153014395378,production_8C_8M,100042,native_eligible,486.0,0.7790737469108163,0.08152339588645902,1.122959479929645,-0.308868702951411,-0.10347924526006624,
487,1.0,1.0,0.8985643637235567,,True,-0.014045952408027744,,,-0.028156691615068175,production_8C_8M,100042,native_eligible,487.0,0.7964910452415044,0.8168122320138349,0.2241883501962773,-0.10782404094758175,0.07973213613152622,
498,0.0,0.0,0.2156994966666864,,True,-0.11748912581932311,,,-0.1062618189134249,production_8C_8M,100042,native_eligible,498.0,0.3324179649332407,0.11108606093163625,0.2025081464898193,-0.22703859398843362,-0.007939657650212623,
503,0.0,0.0,0.2317247674137624,,True,-0.01567126856691884,,,-0.16728505428348134,production_8C_8M,100042,native_eligible,503.0,0.20763245072320916,0.1919760079258747,0.2546014568674224,-0.18447101428170867,0.15312847714787098,
507,1.0,1.0,0.8706771336943461,,True,-0.028489005473559557,,,-0.030854928811506976,production_8C_8M,100042,native_eligible,507.0,0.8733488285565107,0.7472471608276238,0.1641928965718058,-0.11615527832176428,0.05917726737464516,
508,0.0,0.0,0.5033689522787059,,True,-0.13485981599348335,,,-0.05620972089686527,production_8C_8M,100042,native_eligible,508.0,0.6144371694083594,0.3838447618790898,1.0066181378597034,-0.25262738588554323,-0.017092246101423514,
514,1.0,1.0,0.7447877937486916,,True,-0.17787197089038567,,,-0.061478120138046544,production_8C_8M,100042,native_eligible,514.0,0.7292800547391642,0.3387057438994347,0.4973218948326488,-0.32252166143858374,-0.033222280342187605,
528,1.0,1.0,0.7775403403673037,,True,0.01771034128360833,,,-0.3151680255715663,production_8C_8M,100042,native_eligible,528.0,0.5837238195804128,0.42650058985334427,0.5803583211873694,-0.17039353825846415,0.20581422082568077,
532,1.0,0.0,0.5579780938989961,,True,-0.11930438189689106,,,-0.5334643262344162,production_8C_8M,100042,native_eligible,532.0,0.6391601036119946,0.20700286972775148,-0.8031446830173674,-0.2105877824548523,-0.028020981338929857,
534,0.0,1.0,0.4572584445749856,,True,-0.07299480230398703,,,0.13543398492073888,production_8C_8M,100042,native_eligible,534.0,0.47197908965309227,0.41965102707414,-1.0252053097125737,-0.1783186865453655,0.032329081937391424,
535,0.0,0.0,0.6560893689378478,,True,-0.10577163594462105,,,0.03704061610492676,production_8C_8M,100042,native_eligible,535.0,0.595894489225861,0.4175825193853518,1.5543895968004176,-0.20263217405408968,-0.008911097835152454,
538,1.0,0.0,0.6988886455823571,,True,-0.048530849399241495,,,-0.06212851278558973,production_8C_8M,100042,native_eligible,538.0,0.3533958665232966,0.42180744516717184,-0.5351286960957378,-0.1319787415780108,0.034917042779527764,
539,0.0,1.0,0.1937015110916589,,True,-0.183205560851175,,,-0.11126006308263126,production_8C_8M,100042,native_eligible,539.0,0.3282744327710317,0.09844220547403318,-1.0629301140838472,-0.3355073141694097,-0.030903807532940336,
546,0.0,0.0,0.18054690770069873,,True,-0.10482654019988595,,,-0.06620608679353736,production_8C_8M,100042,native_eligible,546.0,0.18572171307737062,0.1505089481542954,0.19142828972991846,-0.22135376180575222,0.011700681405980295,
549,1.0,0.0,0.8254975246601015,,True,-0.08795058554575849,,,-0.22605679180368443,production_8C_8M,100042,native_eligible,549.0,0.8796810216360647,0.6385696872334105,-1.0146686960632376,-0.21057436867666024,0.03467319758514324,
550,0.0,0.0,0.18796729421053068,,True,-0.14845817880935863,,,-0.08381602753461014,production_8C_8M,100042,native_eligible,550.0,0.53488067466167,0.1903841927726463,0.31419702989712006,-0.2447845395439004,-0.0521318180748169,
552,1.0,0.0,0.6355853813759764,,True,-0.14583729641401572,,,0.08753892270289004,production_8C_8M,100042,native_eligible,552.0,0.8427222600215725,0.4467760591615247,-1.0988825368001554,-0.2605870485846366,-0.031087544243394855,
559,1.0,0.0,0.5398117288052257,,True,-0.15862652125026558,,,-0.36576085048430995,production_8C_8M,100042,native_eligible,559.0,0.6198013474682487,0.3061652897363217,-0.8808065607033286,-0.23617333806759033,-0.08107970443294084,
561,1.0,0.0,0.667888289692063,,True,-0.15862652125026558,,,-0.14847635272894044,production_8C_8M,100042,native_eligible,561.0,0.8094155696683221,0.558244735902365,-1.087006323799402,-0.23617333806759033,-0.08107970443294084,
563,0.0,0.0,0.44197384257668365,,True,-0.06024927263404013,,,0.08723419972137467,production_8C_8M,100042,native_eligible,563.0,0.6052965940113816,0.36997304424332755,0.8493865233337811,-0.1810986161229859,0.0606000708549056,
568,1.0,1.0,0.8093938387671157,,True,-0.197454767070338,,,-0.11006768648138565,production_8C_8M,100042,native_eligible,568.0,0.8445586395998558,0.31631934740068396,0.31644301183307966,-0.32571231068491313,-0.06919722345576287,
569,0.0,1.0,0.28726737054548246,,True,-0.08735610357820735,,,-0.03506472883281053,production_8C_8M,100042,native_eligible,569.0,0.5485575247146279,0.4682577906211085,-0.7136964057610967,-0.2063104592305029,0.03159825207408817,
578,0.0,0.0,0.4432872646727343,,True,-0.10854009622705177,,,-0.1661069213092291,production_8C_8M,100042,native_eligible,578.0,0.5428450727123436,0.34318347947818395,0.7754284994924422,-0.24877908731634285,0.03169889486223926,
584,1.0,0.0,0.17726633177656298,,True,-0.11647611570818486,,,-0.18620539681394355,production_8C_8M,100042,native_eligible,584.0,0.4049235173559957,0.25169533610598743,-1.5730992508631552,-0.20508073896483786,-0.02787149245153188,
588,1.0,1.0,0.5782937914068327,,True,-0.0822024721570472,,,0.05151712594740754,production_8C_8M,100042,native_eligible,588.0,0.45670012005065286,0.43796225400521543,0.9531517761163752,-0.21303418461353424,0.04862924029943984,
594,0.0,1.0,0.386449467389606,,True,-0.11111904828603303,,,-0.1845762402931477,production_8C_8M,100042,native_eligible,594.0,0.37918154552237626,0.26364786662107653,-1.1273793566098786,-0.19198220226370427,-0.030255894308361814,
599,0.0,1.0,0.5031482374929612,,True,-0.12705487794292586,,,-0.017020805613165407,production_8C_8M,100042,native_eligible,599.0,0.44121580927553444,0.3296897817355329,-1.2361757377572404,-0.2415278192101616,-0.012581936675690145,
603,1.0,1.0,0.8908953314727803,,True,-0.19998638452176126,,,-0.4064471216929251,production_8C_8M,100042,native_eligible,603.0,0.8770509793095941,0.22283818322529875,0.2181251647510577,-0.3417533488560842,-0.05821942018743831,
609,0.0,1.0,0.1901602672466036,,True,-0.16044142539197961,,,-0.17815202596793825,production_8C_8M,100042,native_eligible,609.0,0.6122633225454889,0.2695702922306963,-0.8214750186178789,-0.2832581510788986,-0.03762469970506066,
614,1.0,1.0,0.5602570491401517,,True,-0.1229369516809421,,,0.13800989485438941,production_8C_8M,100042,native_eligible,614.0,0.6260550647055798,0.3341035051990532,0.8966037577767169,-0.20049368823777816,-0.045380215124106046,
617,1.0,0.0,0.6075377020139434,,True,-0.1602175274065723,,,-0.32977963417948597,production_8C_8M,100042,native_eligible,617.0,0.8764914200465013,0.5063723342594882,-1.203602065659539,-0.2822035403020894,-0.03823151451105525,
621,1.0,1.0,0.5369773559944176,,True,-0.11494177133719881,,,-0.10300534475910206,production_8C_8M,100042,native_eligible,621.0,0.5538183298422534,0.2516261778479123,1.0914863966405248,-0.2006242070786425,-0.029259335595755123,
626,1.0,0.0,0.5292405685690752,,True,-0.1152432688204377,,,-0.14734105843629364,production_8C_8M,100042,native_eligible,626.0,0.5737486077961318,0.249404263382862,-0.795593674481039,-0.20258500782104505,-0.02790152981983035,
638,1.0,0.0,0.268964690772088,,True,-0.13221307625672757,,,-0.028967779075204383,production_8C_8M,100042,native_eligible,638.0,0.3703814831629475,0.12868155442203438,-0.7201328191424081,-0.21817820410697059,-0.04624794840648455,
648,1.0,1.0,0.26039190622887515,,True,-0.19722763184705683,,,0.22657797391420198,production_8C_8M,100042,native_eligible,648.0,0.6301964432986895,0.2746088333757369,2.4301793408618786,-0.3462114905893603,-0.04824377310475342,
651,1.0,0.0,0.8852373363624773,,True,-0.10891951202611802,,,0.14285091672279376,production_8C_8M,100042,native_eligible,651.0,0.8314489897677189,0.5878355766813556,-0.9076563228633354,-0.24821465768073978,0.030375633628503707,
656,0.0,0.0,0.1447202488479807,,True,-0.0907671086525032,,,0.008071797181922913,production_8C_8M,100042,native_eligible,656.0,0.5788254352224498,0.43732706640460933,0.5352690098589032,-0.1746433620331187,-0.006890855271887722,
662,0.0,0.0,0.6907414449744461,,True,0.015457619495736381,,,0.12090442381375327,production_8C_8M,100042,native_eligible,662.0,0.7248520794010607,0.83058166853955,2.449567997557511,-0.07093628075520442,0.10185151974667717,
663,1.0,1.0,0.47621597089092416,,True,-0.09244841894036619,,,-0.0006267839972746714,production_8C_8M,100042,native_eligible,663.0,0.5130219345952134,0.3732995118142521,1.176278145224541,-0.1807032961189313,-0.004193541761801103,
676,1.0,0.0,0.5376830047796316,,True,-0.11553768530587821,,,0.288078314021742,production_8C_8M,100042,native_eligible,676.0,0.597712861791681,0.4164490505735551,-0.9557890368094313,-0.23965326685958888,0.008577896247832437,
680,1.0,0.0,0.7942443189940998,,True,-0.08232921156863202,,,-0.21676132704337042,production_8C_8M,100042,native_eligible,680.0,0.5796883867853545,0.5275642368106123,-0.7163583461711539,-0.18932132906025426,0.024662905922990197,
684,0.0,0.0,0.6162473208454072,,True,-0.08207759486908953,,,-0.09365228131014089,production_8C_8M,100042,native_eligible,684.0,0.2748985116674759,0.28846201740372296,0.7299064177208028,-0.16857870979558576,0.004423520057406705,
689,1.0,1.0,0.8677719755402339,,True,-0.10854009622705177,,,0.028437736123359203,production_8C_8M,100042,native_eligible,689.0,0.8876005988658149,0.7281500132989355,0.153822940617028,-0.24877908731634285,0.03169889486223926,
707,1.0,0.0,0.25384595440088564,,True,-0.14265158208251477,,,-0.18261274863827542,production_8C_8M,100042,native_eligible,707.0,0.6457515732896454,0.09553000306953835,-0.9265521810230384,-0.2277466106574552,-0.05755655350757437,
708,0.0,0.0,0.2894424131463829,,True,-0.17804627768840017,,,-0.3033594815556778,production_8C_8M,100042,native_eligible,708.0,0.5908332136088483,0.23824615728629575,0.4789193895168141,-0.33543438531668135,-0.020658170060119052,
713,0.0,1.0,0.13205192531706256,,True,-0.012109634001802101,,,0.18351149860665072,production_8C_8M,100042,native_eligible,713.0,0.6967494094862863,0.7541383718907637,-0.2919989783712326,-0.11660196196986441,0.09238269396626017,
743,1.0,0.0,0.5398171790000325,,True,-0.19937784312843232,,,-0.3588049137290085,production_8C_8M,100042,native_eligible,743.0,0.8372890435635298,0.22330064694011373,-1.027648160756451,-0.3424303607111504,-0.056325325545714316,
744,0.0,0.0,0.22710357667650577,,True,-0.029132277563547405,,,0.00043827428651807554,production_8C_8M,100042,native_eligible,744.0,0.33474814058369307,0.27462142970409276,0.3729819573482314,-0.14602216420551728,0.08775760907842244,
752,1.0,0.0,0.758419590722071,,True,0.01771034128360833,,,-0.048624029853681416,production_8C_8M,100042,native_eligible,752.0,0.6032018417651314,0.42650058985334427,-0.7390556465909706,-0.17039353825846415,0.20581422082568077,
760,1.0,1.0,0.5226093455682689,,True,-0.20556426055177954,,,-0.1049719012824385,production_8C_8M,100042,native_eligible,760.0,0.9071909056080727,0.3381816166419202,0.6973637465914864,-0.3095682575770207,-0.10156026352653837,
773,1.0,1.0,0.7696606609253911,,True,-0.015222413888851611,,,-0.05078761983714952,production_8C_8M,100042,native_eligible,773.0,0.6644058486015131,0.6962036538668904,0.426512465318087,-0.09326212502287307,0.06281729724516982,
776,0.0,0.0,0.18903971164294597,,True,0.06863491135827995,,,0.11215936655437345,production_8C_8M,100042,native_eligible,776.0,0.09258783238654711,0.4855969281007967,0.5071797076613811,-0.017477705028473067,0.15474752774503295,
779,0.0,0.0,0.2271980081553876,,True,-0.07009636372430732,,,0.2102850669914252,production_8C_8M,100042,native_eligible,779.0,0.32208499413219394,0.23741125916505773,0.33210183954115996,-0.1957724513027171,0.05557972385410244,
781,1.0,1.0,0.3738087251008669,,True,-0.060627200610023954,,,0.031273744586730046,production_8C_8M,100042,native_eligible,781.0,0.6417504910022119,0.5691756359633281,1.0799513839364643,-0.17610682540134964,0.05485242418130171,
782,1.0,0.0,0.8427457057879906,,True,-0.10434873899198258,,,-0.27881971225762575,production_8C_8M,100042,native_eligible,782.0,0.7793635294903749,0.6902755254695615,-0.9081672597544689,-0.2537835398137358,0.04508606182977065,
798,1.0,1.0,0.49827194513568207,,True,-0.07043897395734305,,,-0.012829595656138837,production_8C_8M,100042,native_eligible,798.0,0.3831176517018049,0.44237610354693513,1.1783740309918167,-0.19920339418243524,0.058325446267749104,
822,0.0,0.0,0.6984310874645199,,True,0.020073731665623235,,,0.15687867128973654,production_8C_8M,100042,native_eligible,822.0,0.5398471314543051,0.6821582573547398,1.9324397134775482,-0.07436300371814013,0.11451046704938657,
839,0.0,0.0,0.6716944283551269,,True,-0.11650783904328404,,,-0.082870305049013,production_8C_8M,100042,native_eligible,839.0,0.474611578603861,0.1540654273081354,1.125093580695319,-0.20946678615591297,-0.023548891930655153,
845,1.0,1.0,0.661730889559038,,True,0.006370968391757599,,,-0.054967122143437575,production_8C_8M,100042,native_eligible,845.0,0.294203375631346,0.4666652537274565,0.9784311243375022,-0.10064308722478313,0.11338502400829831,
859,1.0,1.0,0.6312964029216066,,True,-0.07785922124679495,,,0.10091643251497262,production_8C_8M,100042,native_eligible,859.0,0.8312779118543759,0.5757530610840436,0.41650010763678647,-0.15575740152804407,3.895903445415294e-05,
868,1.0,0.0,0.2317247674137624,,True,-0.1162943402910935,,,-0.03768758335333155,production_8C_8M,100042,native_eligible,868.0,0.4466855712297485,0.2869110741309226,-1.3979290428260023,-0.2324223376680866,-0.000166342914100448,
875,1.0,1.0,0.25586010451085783,,True,0.014096232502318356,,,0.2750351541256375,production_8C_8M,100042,native_eligible,875.0,0.3367218779457116,0.6166804584856905,1.7781192345705203,-0.0895815652631751,0.11777403026781177,
892,0.0,0.0,0.8434673188708682,,True,-0.0964319945339168,,,-0.4218944972490402,production_8C_8M,100042,native_eligible,892.0,0.6061598779184519,0.3610451060683781,3.6273026271619564,-0.2079729220564389,0.015108932988605286,
893,0.0,1.0,0.2595274883466261,,True,-0.17818723857117294,,,-0.13899119129057289,production_8C_8M,100042,native_eligible,893.0,0.44211979982108796,0.21917015880611332,-0.9763607283938185,-0.3162202396763396,-0.040154237466006354,
898,1.0,1.0,0.501281428722854,,True,-0.13042520370916313,,,0.11489019733853345,production_8C_8M,100042,native_eligible,898.0,0.5122379982810356,0.3158373386594476,1.1684268048301403,-0.312951440794898,0.05210103337657174,
908,1.0,1.0,0.5109560437350551,,True,-0.08119511744494692,,,0.2700079153490359,production_8C_8M,100042,native_eligible,908.0,0.6710208549310446,0.579594731824284,0.7313555492707322,-0.22759109234037897,0.06520085745048507,
913,0.0,0.0,0.6714236584136304,,True,0.004975405345412956,,,0.5763362625455206,production_8C_8M,100042,native_eligible,913.0,0.3627744297453566,0.5115992228703955,1.2529043747342268,-0.15090223741825473,0.1608530481090806,
915,1.0,1.0,0.8682284558100027,,True,-0.043534005750405946,,,-0.10460704553612188,production_8C_8M,100042,native_eligible,915.0,0.8666249224195806,0.7589982137404969,0.16995206064916135,-0.140168736229888,0.05310072472907611,
929,1.0,0.0,0.607241713177601,,True,0.019413839589410342,,,-0.2246108655442407,production_8C_8M,100042,native_eligible,929.0,0.4322586630503334,0.5649937484549634,-0.7976913596075865,-0.05179407782937111,0.09062175700819176,
934,0.0,0.0,0.10572190040114969,,True,-0.1748526828641157,,,-0.17923562100166213,production_8C_8M,100042,native_eligible,934.0,0.3114195469302062,0.11263671868447943,0.1494528571298861,-0.26685041745079807,-0.0828549482774334,
955,1.0,1.0,0.7451469814847844,,True,-0.14332565958414126,,,-0.4074361291328243,production_8C_8M,100042,native_eligible,955.0,0.7571541523507055,0.39724943909974014,0.44899685365764036,-0.3160594444793069,0.029408125311024325,
960,1.0,1.0,0.37323064271164014,,True,0.004031631618924551,,,0.30302428580824725,production_8C_8M,100042,native_eligible,960.0,0.42687487585810846,0.5016332510754972,1.4100365970260507,-0.14221156772919613,0.15027483096704522,
961,0.0,1.0,0.6730818089735858,,True,-0.10934419894016098,,,-0.17386110854674186,production_8C_8M,100042,native_eligible,961.0,0.3943756450733515,0.3396732352038194,-1.9072281228780061,-0.2067752627557335,-0.011913135124588498,
967,0.0,0.0,0.534612295462731,,True,-0.17818723857117294,,,0.11315424130412288,production_8C_8M,100042,native_eligible,967.0,0.5714596602276528,0.3427143415330733,0.9991763789700596,-0.3162202396763396,-0.040154237466006354,
976,0.0,0.0,0.19127377441486976,,True,-0.20556426055177954,,,-0.10435438224184548,production_8C_8M,100042,native_eligible,976.0,0.481075708848661,0.09033046027964171,0.20411082710800327,-0.3095682575770207,-0.10156026352653837,
980,1.0,1.0,0.800512076542826,,True,-0.1815694492650593,,,-0.1328309937568829,production_8C_8M,100042,native_eligible,980.0,0.8624530302042829,0.5025747688643246,0.26150553249848985,-0.2784343775456821,-0.0847045209844365,
986,1.0,0.0,0.7652854287015328,,True,-0.10699232689206363,,,-0.21930664730454208,production_8C_8M,100042,native_eligible,986.0,0.7893771985683394,0.5491838194975691,-0.957812974192782,-0.20386200331724535,-0.010122650466881933,
987,0.0,0.0,0.6907400446810398,,True,-0.11228128179739327,,,0.16537846499403014,production_8C_8M,100042,native_eligible,987.0,0.4988295314797917,0.337541397103125,1.4516899537993981,-0.23318253850447962,0.008619974909693032,
989,0.0,0.0,0.3324337025960512,,True,0.0018936793454748394,,,-0.22553091570484401,production_8C_8M,100042,native_eligible,989.0,0.28409432928149414,0.23361341299182026,0.37508629761295786,-0.19542294723513562,0.19921030592608527,
5,1.0,1.0,0.6887162907334484,,True,-0.023018405572924366,,,0.29544125881310984,production_189C_16M,100042,native_eligible,5.0,0.4366031120611945,0.6052890130203392,0.7417970532440911,-0.11430878535112168,0.06827197420527294,
12,0.0,1.0,0.4554134269055786,,True,-0.016341925965059716,,,-0.1020346687031714,production_189C_16M,100042,native_eligible,12.0,0.24521068085119496,0.6768995992585188,-0.9542969953840881,-0.16037384674206476,0.12768999481194532,
15,1.0,0.0,0.5739032857281112,,True,-0.07847888578705793,,,-0.003080297422145953,production_189C_16M,100042,native_eligible,15.0,0.13073397857059804,0.17434253678014888,-0.26017526933721163,-0.2218729311820702,0.06491515960795431,
30,0.0,0.0,0.6165670910827816,,True,-0.14398412711731493,,,-0.15824629257148742,production_189C_16M,100042,native_eligible,30.0,0.16498968338044023,0.16918022382606174,0.43448663539051535,-0.21629635258700486,-0.071671901647625,
39,1.0,0.0,0.5283406970701073,,True,-0.12020239800084095,,,-0.0787740414269622,production_189C_16M,100042,native_eligible,39.0,0.30257488277932826,0.1094604884367615,-0.4002922419771903,-0.2090786249099004,-0.03132617109178153,
40,0.0,0.0,0.33086064672178955,,True,-0.07405664446423822,,,0.060474988513839145,production_189C_16M,100042,native_eligible,40.0,0.3723095482018039,0.41470518141820045,0.5987962489891883,-0.27965512149499205,0.13154183256651558,
43,1.0,0.0,0.7497651166050956,,True,-0.1000315627241872,,,-0.19702180525731344,production_189C_16M,100042,native_eligible,43.0,0.4917774292999127,0.239253111372781,-0.5716284027585371,-0.1989061636145698,-0.0011569618338046206,
45,0.0,0.0,0.27337056290125283,,True,-0.10385381142874872,,,0.13139903885494988,production_189C_16M,100042,native_eligible,45.0,0.4070795749857122,0.36546384363155043,0.5186142210836048,-0.21470158183136684,0.006993958973869355,
48,1.0,1.0,0.4801372366044823,,True,-0.09234557010869507,,,-0.02351093248221392,production_189C_16M,100042,native_eligible,48.0,0.5797752381422997,0.5642061574567526,0.8920752537242765,-0.20062304211204382,0.015931901894653655,
63,1.0,0.0,0.5622881408378549,,True,-0.07950180241192394,,,-0.08061850681857732,production_189C_16M,100042,native_eligible,63.0,0.2679891746852552,0.21594399710572293,-0.4360902630475431,-0.22646651802921453,0.06746291320536661,
67,1.0,1.0,0.2977750133057562,,True,-0.18750888886755213,,,-0.4040936263411786,production_189C_16M,100042,native_eligible,67.0,0.537904217926469,0.19875407818266613,2.351626070530806,-0.3293984582369744,-0.04561931949812989,
69,0.0,0.0,0.4830438756401033,,True,-0.1385700578067742,,,-0.2535047085663173,production_189C_16M,100042,native_eligible,69.0,0.6240608341728163,0.25357522591413484,0.8366977575357336,-0.256513234798456,-0.020626880815092438,
72,1.0,0.0,0.7162682305391473,,True,-0.07883864846300198,,,0.03393963416448598,production_189C_16M,100042,native_eligible,72.0,0.5477684334523646,0.53799034220756,-0.760879870256566,-0.19474147050638557,0.037064173580381596,
93,0.0,1.0,0.19487823858586856,,True,-0.14203190881911162,,,-0.24763340158643393,production_189C_16M,100042,native_eligible,93.0,0.3790784417545554,0.145987617966676,-1.004305300906031,-0.29460710799835693,0.010543290360133628,
115,0.0,0.0,0.3320856385129984,,True,-0.08369454242516074,,,-0.036066766855671034,production_189C_16M,100042,native_eligible,115.0,0.12578474758529193,0.21459993936615554,0.27713985559742366,-0.2319255979068936,0.06453651305657206,
116,0.0,1.0,0.25144313211091396,,True,-0.11580393206941182,,,-0.014342061446469406,production_189C_16M,100042,native_eligible,116.0,0.41712346427830704,0.29236293722290196,-0.9034275338325816,-0.2912761787987735,0.059668314659949775,
121,1.0,0.0,0.8398616308550118,,True,-0.1329772057598629,,,-0.578150415838105,production_189C_16M,100042,native_eligible,121.0,0.5162173821639424,0.3010077377611166,-0.573611227119111,-0.2468502915906013,-0.01910411992912457,
122,1.0,0.0,0.7251945430660629,,True,-0.11165394634795799,,,-0.1662835077113541,production_189C_16M,100042,native_eligible,122.0,0.29193791604481295,0.1386862167841343,-0.34449171631566144,-0.2007481523702766,-0.0225597403256394,
123,0.0,1.0,0.4462741037158824,,True,0.02403975381900508,,,0.03246765507545743,production_189C_16M,100042,native_eligible,123.0,0.5354390250144854,0.5137579153993502,-0.8606539264962653,-0.20205900402078344,0.2501385116587935,
126,0.0,0.0,0.20314875400575907,,True,-0.1706475823188918,,,-0.3010231687743369,production_189C_16M,100042,native_eligible,126.0,0.24423058753722124,0.1650561222183361,0.227320114146184,-0.28868943793857105,-0.05260572669921254,
130,0.0,0.0,0.20822503772719578,,True,-0.036899873476450566,,,0.006309753656425152,production_189C_16M,100042,native_eligible,130.0,0.05522623933905533,0.12330638073875085,0.13783006021567754,-0.14266853892923162,0.06886879197633045,
137,0.0,0.0,0.18865558766310853,,True,-0.07249309566277921,,,-0.035394603233024145,production_189C_16M,100042,native_eligible,137.0,0.1103143598170894,0.23732194398718473,0.2629724816164883,-0.1977247799497786,0.052738588624220165,
145,1.0,0.0,0.32003779935301435,,True,-0.0171419861913374,,,-0.33769143797714973,production_189C_16M,100042,native_eligible,145.0,0.23541508041735526,0.3225580150535419,-0.9207318092397629,-0.17152294568498588,0.13723897330231108,
151,0.0,1.0,0.5588474290441887,,True,0.002889236559959425,,,-0.31487008056515453,production_189C_16M,100042,native_eligible,151.0,0.2615051176657724,0.4414357452885093,-1.4940817911062023,-0.15142423495686863,0.15720270807678743,
162,0.0,0.0,0.5945247572662293,,True,-0.07117981050078481,,,-0.1770906937214045,production_189C_16M,100042,native_eligible,162.0,0.5248014647149774,0.3150335773381157,1.084519431317845,-0.21642908338006783,0.07406946237849818,
167,0.0,1.0,0.5910665771674101,,True,-0.04409641715114564,,,0.060419762402974864,production_189C_16M,100042,native_eligible,167.0,0.6751276642684338,0.779441588478521,-0.6901242840470138,-0.2130360850556433,0.124843250753352,
169,1.0,1.0,0.704431003878445,,True,-0.07251726201089878,,,-0.059438745764093026,production_189C_16M,100042,native_eligible,169.0,0.8078537125819205,0.8354972610031414,0.26116924233750516,-0.19101655884418406,0.04598203482238647,
186,1.0,0.0,0.6210416095569548,,True,-0.0507733038216303,,,-0.34838730337294177,production_189C_16M,100042,native_eligible,186.0,0.5052565072888179,0.6012958360709447,-0.8721660648949627,-0.1789447496084295,0.07739814196516885,
193,0.0,0.0,0.6073480641740991,,True,-0.1293052157144267,,,-0.07790570380726344,production_189C_16M,100042,native_eligible,193.0,0.6572669469350446,0.37464938196148995,1.3912999354013122,-0.27559059744063974,0.016980166011786313,
196,0.0,0.0,0.5532064916211334,,True,0.008210348430612148,,,0.18500422317417548,production_189C_16M,100042,native_eligible,196.0,0.5202320261512682,0.7172462515378798,1.361382141202721,-0.07215197715332736,0.08857267401455164,
198,0.0,0.0,0.12682007443309062,,True,-0.17026361186222475,,,-0.09796041668062988,production_189C_16M,100042,native_eligible,198.0,0.19011891825301033,0.11466254338154797,0.14227528922923968,-0.2742518132269023,-0.06627541049754725,
208,1.0,1.0,0.3545552768915456,,True,0.03033072777767761,,,-0.38364186382161225,production_189C_16M,100042,native_eligible,208.0,0.5175507118669418,0.8209588500215467,0.8083820072453193,-0.06913308202306204,0.12979453757841725,
211,0.0,0.0,0.23696619097318505,,True,-0.06510204610527286,,,0.039362356322426656,production_189C_16M,100042,native_eligible,211.0,0.1611540941333864,0.4056922364598631,0.4557399163853808,-0.210550652370724,0.08034656016017828,
229,0.0,0.0,0.3395183523854605,,True,-0.11469008843481639,,,-0.0181111175885878,production_189C_16M,100042,native_eligible,229.0,0.15628040234195156,0.12171752980821335,0.20205294095084422,-0.2756049302187596,0.04622475334912675,
237,0.0,1.0,0.2592376074189541,,True,-0.03912567617401073,,,0.014677238537030401,production_189C_16M,100042,native_eligible,237.0,0.5036957972891597,0.5991847412227724,-0.5745021458969097,-0.1970940601911845,0.11884270784316303,
241,1.0,0.0,0.3112184000268978,,True,-0.12380847950708763,,,-0.2359562924134932,production_189C_16M,100042,native_eligible,241.0,0.29297990624100695,0.32499894153134207,-1.0122602923562734,-0.3274224350364712,0.07980547602229589,
250,1.0,1.0,0.8196324133318519,,True,-0.1314667619249839,,,-0.14381661120733635,production_189C_16M,100042,native_eligible,250.0,0.6556518835482454,0.7296056603166405,0.40385085658761705,-0.2749801077813665,0.01204658393139868,
254,0.0,1.0,0.20082906572515438,,True,-0.10203123689188585,,,0.11029612787953566,production_189C_16M,100042,native_eligible,254.0,0.10122465249865749,0.11599517542776872,-1.1098641565301413,-0.19105564153189886,-0.01300683225187288,
261,0.0,0.0,0.3575626995097774,,True,-0.023877886366175143,,,0.31285754382566056,production_189C_16M,100042,native_eligible,261.0,0.27738575942958965,0.6590120686821813,0.813397252841835,-0.13071768760139643,0.08296191486904612,
264,1.0,1.0,0.5575907885662648,,True,-0.09005863890737041,,,0.10130985419071503,production_189C_16M,100042,native_eligible,264.0,0.6661135763294471,0.5574712958384775,0.6850019353673987,-0.21536403905571427,0.03524676124097344,
265,0.0,0.0,0.4897541888470956,,True,-0.1673142494159119,,,-0.19966649402570194,production_189C_16M,100042,native_eligible,265.0,0.4996763705517501,0.14893702683236537,0.628546246930987,-0.3364685658018613,0.001840066970037496,
270,0.0,0.0,0.41382967514227564,,True,-0.1891534541373279,,,-0.05981133747776573,production_189C_16M,100042,native_eligible,270.0,0.1144462365137714,0.33712055526243906,0.41791831466666274,-0.30340958121268974,-0.07489732706196608,
271,1.0,0.0,0.7707164726769933,,True,-0.09842084679379556,,,-0.027407061388611043,production_189C_16M,100042,native_eligible,271.0,0.799641172529823,0.7958986074894286,-1.0364162338994083,-0.21375714881839214,0.01691545523080097,
277,1.0,1.0,0.8899829644026354,,True,0.062380032320125664,,,0.19707323380293573,production_189C_16M,100042,native_eligible,277.0,0.6571421160618739,0.5551006496373309,0.3978550126741211,-0.10629370835108308,0.2310537729913344,
282,0.0,0.0,0.6242495481824158,,True,-0.06421698463387521,,,0.2904593735133494,production_189C_16M,100042,native_eligible,282.0,0.7569568217380804,0.658524317399809,1.9160875529937176,-0.2512217423439161,0.12278777307616562,
284,0.0,1.0,0.16597983639042652,,True,-0.05743485257231903,,,0.18518688543613304,production_189C_16M,100042,native_eligible,284.0,0.26459246271194714,0.5107274563565002,-0.6356273058486236,-0.2037217215208686,0.08885201637623047,
288,1.0,0.0,0.7505262107367326,,True,-0.049086430110822095,,,0.004640120746827181,production_189C_16M,100042,native_eligible,288.0,0.489617058084552,0.5035139735319437,-0.656984349362379,-0.1459789649979989,0.0478061047763547,
294,1.0,1.0,0.8452104662822969,,True,-0.0749372995820968,,,-0.34951026332690505,production_189C_16M,100042,native_eligible,294.0,0.4293333890647982,0.6534094979960107,0.6341402477823155,-0.21586264887088416,0.06598804970669053,
318,0.0,0.0,0.6619452436490905,,True,-0.03026228645755676,,,-0.20199985734703257,production_189C_16M,100042,native_eligible,318.0,0.617915985752386,0.4863116694544436,1.6962533728598856,-0.14827996976142893,0.08775539684631538,
328,0.0,1.0,0.45537902272348385,,True,0.005934512561885755,,,0.10327243996857394,production_189C_16M,100042,native_eligible,328.0,0.22955765946395168,0.3763408308894004,-1.267856316735283,-0.08961836490585084,0.10148739002962232,
334,0.0,0.0,0.39307427262976935,,True,-0.1285902368523476,,,-0.1484375342195409,production_189C_16M,100042,native_eligible,334.0,0.5571027051118642,0.23251302726307455,0.593319515959411,-0.2469441489949143,-0.010236324709780933,
339,0.0,1.0,0.7123204588984382,,True,-0.07017229568795601,,,-0.04096418254395162,production_189C_16M,100042,native_eligible,339.0,0.5965822117379189,0.5725643073695623,-1.4263344775850084,-0.22604385448951542,0.08569926311360336,
343,1.0,1.0,0.72370610728397,,True,-0.061267220794085274,,,-0.252500407706424,production_189C_16M,100042,native_eligible,343.0,0.42534802491747775,0.2840485121386202,0.8479853373218375,-0.22157817721643694,0.09904373562826635,
346,0.0,0.0,0.46952221535196176,,True,-0.08522193722518587,,,0.021257549177203516,production_189C_16M,100042,native_eligible,346.0,0.35612217571038957,0.2807649199393508,0.5959661926683144,-0.172279306235807,0.001835431785435243,
347,0.0,1.0,0.13825562934567645,,True,-0.1378187586378832,,,0.0718545920669893,production_189C_16M,100042,native_eligible,347.0,0.20917435186525285,0.12979650649228353,-0.9970811400684394,-0.276826385756494,0.001188868480727523,
349,0.0,1.0,0.8193912307622631,,True,-0.083243665216265,,,0.03268878550218324,production_189C_16M,100042,native_eligible,349.0,0.7568555285781641,0.31957244873460944,-1.7835326138392307,-0.20515743618464904,0.038670105752119,
354,1.0,0.0,0.5853192865958416,,True,0.05365962262308625,,,-0.14297135067526034,production_189C_16M,100042,native_eligible,354.0,0.25187610313375147,0.5873267249104718,-0.6679790248462454,-0.1934117936227875,0.30073103886895997,
357,1.0,1.0,0.6143485744637762,,True,-0.12837724811879753,,,0.1013446835796018,production_189C_16M,100042,native_eligible,357.0,0.20547834142815696,0.1638253245023903,1.3194222915462204,-0.278767186268095,0.02201269003049991,
360,1.0,0.0,0.38652785682374197,,True,-0.013714689691225985,,,-0.20995476861796994,production_189C_16M,100042,native_eligible,360.0,0.22990715001851458,0.28775504199642987,-0.6866134370477108,-0.17040029559835332,0.1429709162159013,
361,0.0,0.0,0.3485290307997674,,True,-0.04422359792747841,,,-0.0406445885166562,production_189C_16M,100042,native_eligible,361.0,0.24084322813678039,0.21529991678373056,0.3441481093290529,-0.2006416907821702,0.11219449492721334,
365,1.0,0.0,0.560968164264129,,True,-0.1657512755067059,,,-0.3344524588585174,production_189C_16M,100042,native_eligible,365.0,0.22990707649628198,0.057451517505475606,-0.27487049296631955,-0.3488940311703444,0.017391480156932565,
368,1.0,0.0,0.714401746082142,,True,-0.07056814913047338,,,-0.05427466854280549,production_189C_16M,100042,native_eligible,368.0,0.3325430714021838,0.4404902305995466,-0.508639002601994,-0.18505698681950947,0.04392068855856268,
370,1.0,0.0,0.15655583027297423,,True,-0.1236783371926781,,,-0.11224918810400103,production_189C_16M,100042,native_eligible,370.0,0.026180644320393996,0.05088199013154265,-0.30030724724363367,-0.22245690711079963,-0.02489976727455659,
380,0.0,1.0,0.6878999118223514,,True,-0.13955367458526255,,,-0.4595323870462047,production_189C_16M,100042,native_eligible,380.0,0.3647722971129069,0.13198009280819878,-2.2681255058625056,-0.22549553818955598,-0.05361181098096915,
384,1.0,1.0,0.6991657742207109,,True,-0.04800072120397378,,,0.0703099140074529,production_189C_16M,100042,native_eligible,384.0,0.5952412355676518,0.6246393200088214,0.5662674419401905,-0.24133455646958304,0.14533311406163546,
392,1.0,1.0,0.8614465356044667,,True,-0.07826353579939581,,,0.0859568948245617,production_189C_16M,100042,native_eligible,392.0,0.5798850089186182,0.6888676648749268,0.4701569392874911,-0.24051549131715816,0.0839884197183665,
398,0.0,1.0,0.31302957451177105,,True,-0.07330199303784748,,,-0.3498504475078327,production_189C_16M,100042,native_eligible,398.0,0.33381973356651834,0.33215952029375795,-0.9713966702097943,-0.22716812465673278,0.08056413858103778,
409,0.0,0.0,0.11682656775470664,,True,-0.08769543173299363,,,0.14554265152238055,production_189C_16M,100042,native_eligible,409.0,0.15123398986267242,0.46857335647580484,0.48857865477671547,-0.2590299913444073,0.08363912787842001,
422,1.0,1.0,0.5507360321013497,,True,0.04637991982453443,,,0.04875396248008518,production_189C_16M,100042,native_eligible,422.0,0.31760002962145684,0.6819276988330695,0.9418680563065267,-0.08019655516440719,0.17295639481347602,
424,1.0,0.0,0.7465341465314489,,True,-0.12118719279882277,,,-0.411950972386599,production_189C_16M,100042,native_eligible,424.0,0.8800407534092558,0.602025218270948,-1.084442436128813,-0.29770322962744594,0.05532884402980033,
431,1.0,1.0,0.36720906701781686,,True,-0.11518324326053352,,,-0.32665406706368566,production_189C_16M,100042,native_eligible,431.0,0.5902148769128996,0.17218863553357494,1.8363063413895535,-0.2093372362958893,-0.021029250225177737,
435,0.0,1.0,0.4129597617278917,,True,-0.09135698160055467,,,-0.10742312894197681,production_189C_16M,100042,native_eligible,435.0,0.9294681770496492,0.5356881294942271,-0.513928239028555,-0.22568732196561722,0.04297335876450786,
446,1.0,0.0,0.20767483528290356,,True,-0.08717696262549843,,,-0.06432527410523083,production_189C_16M,100042,native_eligible,446.0,0.23299736512473415,0.03245674123556289,-0.35682697024090393,-0.28240330538554786,0.10804938013455095,
447,1.0,1.0,0.498122190950462,,True,-0.06725843085085502,,,0.034144994760945346,production_189C_16M,100042,native_eligible,447.0,0.1973540987878996,0.4233606929287111,1.3836328102525837,-0.25616052127938665,0.12164365957767655,
451,1.0,1.0,0.8206256180127607,,True,-0.00013235909492851099,,,-0.17663563846118313,production_189C_16M,100042,native_eligible,451.0,0.39967917906064826,0.30304354025262625,0.7526632917263842,-0.1594756713462247,0.15921095315636766,
460,1.0,0.0,0.5181511359956863,,True,-0.012119425046236799,,,-0.15089969081385596,production_189C_16M,100042,native_eligible,460.0,0.5618316897543361,0.347020025485144,-0.8845390881381093,-0.11486083541085905,0.09062198531838543,
462,0.0,0.0,0.551316614167244,,True,0.009157335683168611,,,-0.02877369342676961,production_189C_16M,100042,native_eligible,462.0,0.3284713478246153,0.5807058016115656,0.9843127036088659,-0.10652101938607113,0.12483569075240832,
465,0.0,1.0,0.3616233046467343,,True,-0.13308910579701938,,,-0.07352311822592295,production_189C_16M,100042,native_eligible,465.0,0.660070389755208,0.43078777373728433,-0.7617732484597632,-0.29632746020047723,0.030149248606438417,
467,0.0,0.0,0.3694281366177929,,True,-0.07918402913853502,,,0.18109530692018136,production_189C_16M,100042,native_eligible,467.0,0.708800248902517,0.32099015097049677,0.7362493313941081,-0.23832954768924325,0.07996148941217317,
468,1.0,0.0,0.44479245539550216,,True,-0.09472365785505266,,,-0.36394341785118856,production_189C_16M,100042,native_eligible,468.0,0.6226652874239057,0.25712449964217554,-0.9436182630697151,-0.19872052948962726,0.009273213779521908,
474,0.0,0.0,0.41083214624870906,,True,0.01913428679332437,,,0.27024214191256124,production_189C_16M,100042,native_eligible,474.0,0.27277813259325345,0.40347479288266264,0.5936854857259086,-0.19907640795764303,0.23734498154429173,
478,1.0,0.0,0.6224598671868002,,True,-0.11310625354542785,,,-0.14113139488284232,production_189C_16M,100042,native_eligible,478.0,0.3502824012175236,0.03380013994568696,-0.3707831756399328,-0.24158388355919858,0.01537137646834287,
481,0.0,1.0,0.4199162936208889,,True,-0.09464399241723775,,,0.24256774419822325,production_189C_16M,100042,native_eligible,481.0,0.33924749562426026,0.23456459148839118,-1.243746968700213,-0.24455989182359214,0.055271906989116576,
486,1.0,1.0,0.7384055566399511,,True,-0.20252828602544956,,,-0.6892153014395378,production_189C_16M,100042,native_eligible,486.0,0.8210043466092619,0.18422501047676934,0.46799971406228436,-0.36025386146922245,-0.044802710581676675,
487,1.0,1.0,0.895668901272474,,True,-0.03526611200433191,,,-0.028156691615068175,production_189C_16M,100042,native_eligible,487.0,0.7919646850018982,0.7468746810030763,0.23752036534336396,-0.16081416787353292,0.09028194386486907,
498,0.0,0.0,0.3064014197369522,,True,-0.10589260907334191,,,-0.1062618189134249,production_189C_16M,100042,native_eligible,498.0,0.42045644978845054,0.1158018167205046,0.3015410278703913,-0.23551258850347623,0.02372737035679237,
503,0.0,0.0,0.3395701409354137,,True,-0.02898825118489135,,,-0.16728505428348134,production_189C_16M,100042,native_eligible,503.0,0.2764864179390915,0.20385506791381997,0.3460148001210875,-0.27895125295171375,0.22097475058193097,
507,1.0,1.0,0.8858981163113235,,True,-0.0731819399361103,,,-0.030854928811506976,production_189C_16M,100042,native_eligible,507.0,0.8863696284512167,0.840065087390369,0.1342296644701035,-0.19076916593242044,0.04440528606019979,
508,0.0,0.0,0.47980167435767335,,True,-0.09400607291856598,,,-0.05620972089686527,production_189C_16M,100042,native_eligible,508.0,0.15852874462973168,0.23164430011447898,0.37786229690108064,-0.22282926769732542,0.03481712186019344,
514,1.0,1.0,0.8430372848886678,,True,-0.14527122031669318,,,-0.061478120138046544,production_189C_16M,100042,native_eligible,514.0,0.8415692978009905,0.5891515030670276,0.23492541569975994,-0.3277685030887626,0.03722606245537621,
526,0.0,0.0,0.10134168599592924,,True,-0.022018624825889056,,,0.020299231269924375,production_189C_16M,100042,native_eligible,526.0,0.042408465761656446,0.11028934388860774,0.11507174600275258,-0.16901684320124155,0.1249795935494634,
528,1.0,1.0,0.4976120907871823,,True,0.005125555427610013,,,-0.3151680255715663,production_189C_16M,100042,native_eligible,528.0,0.40495308519453926,0.5045166001211492,1.0952857030571996,-0.09586620450820993,0.10611731536342991,
532,1.0,0.0,0.6244960886001973,,True,-0.17205057299132748,,,-0.5334643262344162,production_189C_16M,100042,native_eligible,532.0,0.521710363804407,0.2917989843566197,-0.6971664826954068,-0.25227662930879186,-0.09182451667386313,
534,0.0,1.0,0.6779672984620977,,True,-0.031677257317537816,,,0.13543398492073888,production_189C_16M,100042,native_eligible,534.0,0.3583107858963352,0.7257498440335198,-1.6251822223700678,-0.16162850035845244,0.09827398572337678,
535,0.0,0.0,0.6611913117082947,,True,0.021926140938786937,,,0.03704061610492676,production_189C_16M,100042,native_eligible,535.0,0.4531931837133799,0.4118173978436599,1.2962321308528657,-0.0811985272449174,0.12505080912249125,
538,1.0,0.0,0.665198048203201,,True,-0.02478513823358483,,,-0.06212851278558973,production_189C_16M,100042,native_eligible,538.0,0.47958156722214806,0.5514956055176145,-0.7571557507805632,-0.16635149095424925,0.11678121448707954,
539,0.0,1.0,0.37152500868260463,,True,-0.11097150022655196,,,-0.11126006308263126,production_189C_16M,100042,native_eligible,539.0,0.295928758284995,0.32270647450261525,-1.0935075002858183,-0.2609772499565674,0.03903424950346347,
546,0.0,0.0,0.28274147540780453,,True,-0.09736749764365793,,,-0.06620608679353736,production_189C_16M,100042,native_eligible,546.0,0.13370380419464747,0.04761960877790484,0.10032530633252709,-0.18244975172367492,-0.012285243563640955,
549,1.0,0.0,0.8288785135352711,,True,-0.10450848432272683,,,-0.22605679180368443,production_189C_16M,100042,native_eligible,549.0,0.6162671534676794,0.6685932769715425,-0.7542978461776624,-0.23934025563049433,0.030323286985040637,
550,0.0,0.0,0.19512718703527704,,True,-0.10321494001330649,,,-0.08381602753461014,production_189C_16M,100042,native_eligible,550.0,0.07014033554748035,0.09634872036851012,0.1133530049618452,-0.21931730498844892,0.012887424961835925,
552,1.0,0.0,0.5434281370728052,,True,-0.1807829864984319,,,0.08753892270289004,production_189C_16M,100042,native_eligible,552.0,0.2793283117474655,0.16202579348381976,-0.4154574764455635,-0.25101007568021183,-0.110555897316652,
559,1.0,0.0,0.31492404354128245,,True,-0.1709528503623349,,,-0.36576085048430995,production_189C_16M,100042,native_eligible,559.0,0.475686642417275,0.2913028627112861,-1.1093778177464666,-0.2975909276966312,-0.0443147730280386,
560,1.0,1.0,0.8811481636111244,,True,-0.0641984391463862,,,-0.06469990771798673,production_189C_16M,100042,native_eligible,560.0,0.6338436535646556,0.40954491636167856,0.4457986516612481,-0.259121973768171,0.1307250954753985,
561,1.0,0.0,0.6604851438798335,,True,-0.10219411684306842,,,-0.14847635272894044,production_189C_16M,100042,native_eligible,561.0,0.4885965494899231,0.47518011098337043,-0.7328574666454433,-0.3169728228283074,0.11258458914217051,
563,0.0,0.0,0.2974382055528853,,True,-0.09121129043872642,,,0.08723419972137467,production_189C_16M,100042,native_eligible,563.0,0.21550771996437326,0.34695492281230195,0.4381927755045921,-0.25774017156009477,0.07531759068264188,
568,1.0,1.0,0.8593255853043639,,True,-0.1363422304948319,,,-0.11006768648138565,production_189C_16M,100042,native_eligible,568.0,0.7796908673770818,0.6281500638371472,0.28118218588571775,-0.31817525422705795,0.04549079323739405,
569,0.0,1.0,0.5528048922578694,,True,-0.088066257703164,,,-0.03506472883281053,production_189C_16M,100042,native_eligible,569.0,0.6611938447671052,0.512722477178401,-0.9060962820103152,-0.2513251222558377,0.07519260684950967,
578,0.0,0.0,0.4971559752754181,,True,-0.11173909267292001,,,-0.1661069213092291,production_189C_16M,100042,native_eligible,578.0,0.48007250512293087,0.1985550319104386,0.6731970734819355,-0.1983724554241701,-0.025105729921669956,
580,1.0,1.0,0.8996632265537816,,True,-0.08347271569420152,,,0.041240948763694774,production_189C_16M,100042,native_eligible,580.0,0.5065571255147049,0.9007793119395556,0.5045086637776216,-0.32681937877690537,0.1598739473885023,
584,1.0,0.0,0.3530020950388765,,True,-0.039917365982490634,,,-0.18620539681394355,production_189C_16M,100042,native_eligible,584.0,0.3002764965511114,0.49428169929480315,-1.206217929757455,-0.17966390543766547,0.09982917347268419,
588,1.0,1.0,0.7599037798222803,,True,-0.05198492235489657,,,0.05151712594740754,production_189C_16M,100042,native_eligible,588.0,0.5989536181828509,0.7068717062070728,0.4936620487418295,-0.25194096185424275,0.14797111714444955,
594,0.0,1.0,0.4358862117958283,,True,-0.1553059258932735,,,-0.1845762402931477,production_189C_16M,100042,native_eligible,594.0,0.3450173762070346,0.2893044246180034,-1.2167954095769313,-0.23430633324082506,-0.07630551854572196,
599,0.0,1.0,0.5047157237367998,,True,-0.07677400894841535,,,-0.017020805613165407,production_189C_16M,100042,native_eligible,599.0,0.32586425805549957,0.19413390627280455,-1.4928390609682385,-0.19925422041964141,0.04570620252281067,
603,1.0,1.0,0.8965984662730258,,True,-0.11269124098144978,,,-0.4064471216929251,production_189C_16M,100042,native_eligible,603.0,0.8240408711123715,0.43645704463981083,0.240950547116902,-0.2178961079317191,-0.007486374031180507,
606,0.0,1.0,0.182420673272415,,True,-0.08527205890389035,,,-0.0810499975355446,production_189C_16M,100042,native_eligible,606.0,0.35574959054089994,0.44566286354294443,-0.698084158437122,-0.31546356836843004,0.1449194505606493,
607,0.0,0.0,0.23286299971686428,,True,-0.016705059490262558,,,-0.20262165996000597,production_189C_16M,100042,native_eligible,607.0,0.4112209572309557,0.6418304150684969,0.7666557664879934,-0.15242508560336465,0.11901496662283952,
609,0.0,1.0,0.2628351951498874,,True,-0.12471465862980237,,,-0.17815202596793825,production_189C_16M,100042,native_eligible,609.0,0.3611880740509345,0.28592851337063,-0.9418390850228358,-0.24452576721133057,-0.004903550048274183,
614,1.0,1.0,0.5726448508420163,,True,-0.1529276224723919,,,0.13800989485438941,production_189C_16M,100042,native_eligible,614.0,0.32134840229738393,0.13572284796780826,1.3236469917543707,-0.3041020765555408,-0.0017531683892429983,
617,1.0,0.0,0.7178793441680776,,True,-0.12776544764237466,,,-0.32977963417948597,production_189C_16M,100042,native_eligible,617.0,0.8048943701497815,0.4648705377590742,-0.9875846537677238,-0.2539082388356281,-0.0016226564491212958,
621,1.0,1.0,0.719441708520127,,True,-0.10924840630779041,,,-0.10300534475910206,production_189C_16M,100042,native_eligible,621.0,0.6338426538062932,0.46081922314654916,0.5764198813808268,-0.20226992468186017,-0.016226887933720652,
626,1.0,0.0,0.37375575622168683,,True,-0.17119037533361792,,,-0.14734105843629364,production_189C_16M,100042,native_eligible,626.0,0.06730359278770888,0.03902723129941696,-0.13269543905366493,-0.2532334013935064,-0.08914734927372943,
638,1.0,0.0,0.26982284499575265,,True,-0.13756570557048026,,,-0.028967779075204383,production_189C_16M,100042,native_eligible,638.0,0.11795731343678195,0.06941434204727653,-0.3058019223444151,-0.2486908939593005,-0.02644051718166006,
648,1.0,1.0,0.4853098968455891,,True,-0.17802626298199023,,,0.22657797391420198,production_189C_16M,100042,native_eligible,648.0,0.7157742453353908,0.4598434715346434,0.8570828531132284,-0.3033434287931209,-0.052709097170859615,
651,1.0,0.0,0.8400908645880912,,True,-0.10114588136106008,,,0.14285091672279376,production_189C_16M,100042,native_eligible,651.0,0.5063475662804772,0.1512717979811567,-0.5351417639643579,-0.2801444583066491,0.07785269558452888,
656,0.0,0.0,0.31016645628077394,,True,0.023233938012871574,,,0.008071797181922913,production_189C_16M,100042,native_eligible,656.0,0.3391480446162763,0.577527158664023,0.7300166224063072,-0.06572455804961506,0.1121924340753582,
662,0.0,0.0,0.795984834636873,,True,0.005300530813033555,,,0.12090442381375327,production_189C_16M,100042,native_eligible,662.0,0.602560464413763,0.578846128743734,2.9297938672190273,-0.18885352769916627,0.19945458932523336,
663,1.0,1.0,0.6611570820652285,,True,-0.08566528587682147,,,-0.0006267839972746714,production_189C_16M,100042,native_eligible,663.0,0.5600201820424707,0.6238168988065418,0.6327736080323169,-0.20407924355116125,0.03274867179751827,
676,1.0,0.0,0.5074586085423022,,True,-0.08548719068310351,,,0.288078314021742,production_189C_16M,100042,native_eligible,676.0,0.5128618451234043,0.2370410744422043,-0.7429348770378061,-0.216402591271421,0.045428209905213957,
680,1.0,0.0,0.8142674081481726,,True,-0.0416506055877611,,,-0.21676132704337042,production_189C_16M,100042,native_eligible,680.0,0.28649380658491874,0.1732185453036293,-0.32600457301632163,-0.12031675817033702,0.03701554699481481,
684,0.0,0.0,0.4767038477674782,,True,-0.06831329210936447,,,-0.09365228131014089,production_189C_16M,100042,native_eligible,684.0,0.07500734791932387,0.09431201241262713,0.1626409905857509,-0.15598941572950079,0.019362831510771825,
707,1.0,0.0,0.37689242235308673,,True,-0.07299175678013571,,,-0.18261274863827542,production_189C_16M,100042,native_eligible,707.0,0.21942363162716366,0.07825928097591793,-0.3488079017932789,-0.1760393002364819,0.030055786676210436,
708,0.0,0.0,0.36990990607935353,,True,-0.12743741341908835,,,-0.3033594815556778,production_189C_16M,100042,native_eligible,708.0,0.4354379599761319,0.17009379219190304,0.42572836958369076,-0.29130140278189615,0.0364265759437194,
712,0.0,0.0,0.18173934950556428,,True,-0.0607650988078234,,,0.20262182932038472,production_189C_16M,100042,native_eligible,712.0,0.3483191284650163,0.24537611120481098,0.32273934722175246,-0.2020276351524539,0.08049743753680705,
713,0.0,1.0,0.30180578383099915,,True,-0.05786816367671336,,,0.18351149860665072,production_189C_16M,100042,native_eligible,713.0,0.7428200384844842,0.6583644031663684,-0.45280581003979287,-0.23863293699158497,0.12289660963815824,
735,1.0,1.0,0.8694429309898267,,True,0.0003860218170866675,,,0.2892291597635016,production_189C_16M,100042,native_eligible,735.0,0.5841917632953256,0.529552822750379,0.4864514064822416,-0.08970450968592776,0.09047655332010107,
739,0.0,1.0,0.14064771931795442,,True,-0.02864503071355071,,,0.04653584065128688,production_189C_16M,100042,native_eligible,739.0,0.4137860739356773,0.3384220702151873,-0.7575218791834607,-0.22751554190614426,0.1702254804790428,
743,1.0,0.0,0.5692106179706797,,True,-0.16642281837060507,,,-0.3588049137290085,production_189C_16M,100042,native_eligible,743.0,0.708079890191026,0.2085803051763669,-0.8659374176748906,-0.3163615280429485,-0.016484108698261668,
744,0.0,0.0,0.3118452004905281,,True,0.0018185658608848724,,,0.00043827428651807554,production_189C_16M,100042,native_eligible,744.0,0.21006615632254447,0.16582631502354478,0.2610201909964709,-0.1988351107694172,0.20247224249118692,
752,1.0,0.0,0.4976120907871823,,True,0.005125555427610013,,,-0.048624029853681416,production_189C_16M,100042,native_eligible,752.0,0.40495308519453926,0.5045166001211492,-0.914311769580735,-0.09586620450820993,0.10611731536342991,
760,1.0,1.0,0.6923646690804353,,True,-0.18172923252029677,,,-0.1049719012824385,production_189C_16M,100042,native_eligible,760.0,0.8499391231971852,0.4038038648525092,0.4149660684161611,-0.36885524896142385,0.0053967839208302615,
773,1.0,1.0,0.8692254357777036,,True,-0.04519924247400699,,,-0.05078761983714952,production_189C_16M,100042,native_eligible,773.0,0.8437628935615387,0.8802790763467855,0.1742490639521436,-0.24560290526173995,0.15520442031372594,
776,0.0,0.0,0.3167064190307683,,True,0.028006727272941064,,,0.11215936655437345,production_189C_16M,100042,native_eligible,776.0,0.07997546902444524,0.41053740430750363,0.44760601597089744,-0.13251693387366878,0.18853038841955086,
779,0.0,0.0,0.2678627871247748,,True,-0.09869233232668287,,,0.2102850669914252,production_189C_16M,100042,native_eligible,779.0,0.08326897522402205,0.14434178930057648,0.17480692533284592,-0.18063907168044915,-0.016745592972916598,
781,1.0,1.0,0.7124159078673112,,True,-0.12275965612433014,,,0.031273744586730046,production_189C_16M,100042,native_eligible,781.0,0.6524985949433281,0.5685012955705222,0.521686402611352,-0.22542005224655928,-0.02009926000210102,
798,1.0,1.0,0.5738501829537611,,True,0.002612133884393442,,,-0.012829595656138837,production_189C_16M,100042,native_eligible,798.0,0.4610066469393637,0.6899678586580268,0.7692279059735196,-0.23260728767965155,0.23783155544843837,
822,0.0,0.0,0.7851643283955761,,True,0.08845300340899974,,,0.15687867128973654,production_189C_16M,100042,native_eligible,822.0,0.7039467014881663,0.8549548974861817,3.4276833227634667,-0.05285024273659837,0.22975624955459784,
827,0.0,1.0,0.20292414528693528,,True,-0.15763785005591233,,,-0.47170840662307595,production_189C_16M,100042,native_eligible,827.0,0.5238508273207104,0.1083530628806362,-1.012867725986201,-0.315927649143283,0.0006519490314582654,
839,0.0,0.0,0.34581130524434806,,True,-0.12515603456334823,,,-0.082870305049013,production_189C_16M,100042,native_eligible,839.0,0.1126466506091078,0.086969561538685,0.14651581415787712,-0.23488794941915864,-0.015424119707537862,
845,1.0,1.0,0.752910890896712,,True,0.03541929822369861,,,-0.054967122143437575,production_189C_16M,100042,native_eligible,845.0,0.5246796930671129,0.7724547060476488,0.5499957627446231,-0.15272678566151326,0.22356538210891042,
848,0.0,0.0,0.17488544575211756,,True,-0.07749759534685983,,,0.0857810802170664,production_189C_16M,100042,native_eligible,848.0,0.28132520448773546,0.20464188183823775,0.26426958266456757,-0.2157464266531866,0.06075123595946692,
859,1.0,1.0,0.7373700262799631,,True,-0.0659144618929148,,,0.10091643251497262,production_189C_16M,100042,native_eligible,859.0,0.6352483735197884,0.7457560343927967,0.4553060070844293,-0.17731465065648955,0.04548572687065991,
868,1.0,0.0,0.3158631133936012,,True,-0.07401005027748273,,,-0.03768758335333155,production_189C_16M,100042,native_eligible,868.0,0.28142855356043467,0.1800533921448985,-0.6714113084363869,-0.21810870845325855,0.07008860789829305,
875,1.0,1.0,0.2954085010099827,,True,0.007599235262336684,,,0.2750351541256375,production_189C_16M,100042,native_eligible,875.0,0.07893179342112945,0.6520298895516717,1.7510266569493433,-0.107928977452441,0.12312744797711435,
892,0.0,0.0,0.2735318871361978,,True,-0.07134158763516345,,,-0.4218944972490402,production_189C_16M,100042,native_eligible,892.0,0.1691753800978599,0.26355112855595086,0.3272495347980797,-0.22191036835012773,0.07922719307980079,
893,0.0,1.0,0.4209871190121045,,True,-0.11312012733989948,,,-0.13899119129057289,production_189C_16M,100042,native_eligible,893.0,0.5576017615513111,0.2601762911485843,-1.0614814231716556,-0.22735230467055,0.001112049990750999,
898,1.0,1.0,0.45930358416275124,,True,-0.08427754278893392,,,0.11489019733853345,production_189C_16M,100042,native_eligible,898.0,0.3544588116907033,0.29474590032829595,1.4757728196215727,-0.19549379376235257,0.02693870818448471,
908,1.0,1.0,0.6365359451118013,,True,-0.09370618346515087,,,0.2700079153490359,production_189C_16M,100042,native_eligible,908.0,0.6292463172641775,0.5328327175584007,0.6375076910385282,-0.218073792232503,0.03066142530220123,
913,0.0,0.0,0.5308330470719369,,True,0.01171976654884009,,,0.5763362625455206,production_189C_16M,100042,native_eligible,913.0,0.11324866872774632,0.22968695448626023,0.3578207361228528,-0.19472195661502886,0.21816148971270896,
915,1.0,1.0,0.8985953873026874,,True,0.019576234138712505,,,-0.10460704553612188,production_189C_16M,100042,native_eligible,915.0,0.7229760087050645,0.9147129207113539,0.28664846006648165,-0.08142218191843487,0.12057465019585986,
929,1.0,0.0,0.6917161097835349,,True,-0.026629306707557282,,,-0.2246108655442407,production_189C_16M,100042,native_eligible,929.0,0.6851695589553498,0.6757085587757535,-0.9863192072079235,-0.18874225346390658,0.13548364004879196,
934,0.0,0.0,0.1659961305234345,,True,-0.1682320753487734,,,-0.17923562100166213,production_189C_16M,100042,native_eligible,934.0,0.08206063993600862,0.15114782231020452,0.1674807785424142,-0.31224136825504967,-0.024222782442497204,
955,1.0,1.0,0.8062636411829276,,True,-0.12321956641676701,,,-0.4074361291328243,production_189C_16M,100042,native_eligible,955.0,0.7848808130485062,0.6112018042000369,0.308543152663774,-0.2821337570620035,0.035694624228469474,
960,1.0,1.0,0.6170074518662535,,True,0.05298656804355911,,,0.30302428580824725,production_189C_16M,100042,native_eligible,960.0,0.7907987537759217,0.8506454031331226,0.3019095230147665,-0.03321470150522793,0.13918783759234615,
961,0.0,1.0,0.6459993475063636,,True,-0.01782490795278902,,,-0.17386110854674186,production_189C_16M,100042,native_eligible,961.0,0.39297221034769936,0.4621709136327996,-1.6455659034361054,-0.1607755706741321,0.12512575476855403,
967,0.0,0.0,0.7025460266514392,,True,-0.0889461282784453,,,0.11315424130412288,production_189C_16M,100042,native_eligible,967.0,0.49954450850912324,0.4913003757456682,1.6711568948494786,-0.1772751927695438,-0.0006170637873468138,
976,0.0,0.0,0.22031990702892976,,True,-0.17398561632627782,,,-0.10435438224184548,production_189C_16M,100042,native_eligible,976.0,0.14739526230042968,0.045474238188630285,0.0871247956150597,-0.3756099819283575,0.02763874927580179,
980,1.0,1.0,0.7864499826541237,,True,-0.09217707355479106,,,-0.1328309937568829,production_189C_16M,100042,native_eligible,980.0,0.6496228188243901,0.4709241106118068,0.4940406916951638,-0.22405506299840894,0.03970091588882681,
986,1.0,0.0,0.7205177971515432,,True,-0.1255639445716387,,,-0.21930664730454208,production_189C_16M,100042,native_eligible,986.0,0.5970190404474943,0.5037849136811311,-0.7924325583287308,-0.3061935656020135,0.055065676458736085,
987,0.0,0.0,0.5668629658807873,,True,-0.09906694744691168,,,0.16537846499403014,production_189C_16M,100042,native_eligible,987.0,0.5378360873560974,0.55011370370387,1.2540003160697926,-0.23987312734733557,0.0417392324535122,
989,0.0,0.0,0.44506160418132035,,True,0.008727089278705927,,,-0.22553091570484401,production_189C_16M,100042,native_eligible,989.0,0.5113528573076289,0.3022166274550165,0.7123225503661348,-0.13676896139315775,0.15422313995056958,
5,1.0,1.0,0.7049072990646004,,True,-0.05939387128934393,,,0.29544125881310984,production_8C_8M,100042,common_eligible,5.0,0.5455481244152229,0.4352866957826915,0.6908556898405971,-0.2261630307911211,0.10737528821243322,
12,0.0,1.0,0.36609056746086477,,True,-0.021504780492282955,,,-0.1020346687031714,production_8C_8M,100042,common_eligible,12.0,0.38326370916535724,0.49645869311360163,-0.8597141718033823,-0.12120237275076677,0.07819281176620084,
15,1.0,0.0,0.7241382347166085,,True,-0.06227594190948701,,,-0.003080297422145953,production_8C_8M,100042,common_eligible,15.0,0.6003412482212928,0.4824991136554547,-0.7841501549457877,-0.1409156219269979,0.016363738108023877,
30,0.0,0.0,0.6178105286879496,,True,-0.13235070327017556,,,-0.15824629257148742,production_8C_8M,100042,common_eligible,30.0,0.7307155124952718,0.3930835914623557,1.5742876040830875,-0.22202081791671385,-0.042680588623637314,
39,1.0,0.0,0.7614730164450023,,True,-0.1312370179566146,,,-0.0787740414269622,production_8C_8M,100042,common_eligible,39.0,0.7884230287716242,0.4463867366576751,-0.9282510719122763,-0.22258981396987934,-0.039884221943349896,
40,0.0,0.0,0.3206742283899928,,True,-0.07291127868031491,,,0.060474988513839145,production_8C_8M,100042,common_eligible,40.0,0.482628423292736,0.48547590625862547,0.713299586304915,-0.21180651933359043,0.06598396197296058,
43,1.0,0.0,0.734497836147555,,True,-0.1558696661486325,,,-0.19702180525731344,production_8C_8M,100042,common_eligible,43.0,0.6065163825248175,0.3379711848986395,-0.7286843134489014,-0.3311137681098292,0.019374435812564067,
45,0.0,0.0,0.17744040322714175,,True,-0.039316818069262044,,,0.13139903885494988,production_8C_8M,100042,common_eligible,45.0,0.7312955356897554,0.5111571102244028,0.6689102690716043,-0.22326182269325587,0.14462818655473172,
48,1.0,1.0,0.3557585593955873,,True,-0.010677392051785778,,,-0.02351093248221392,production_8C_8M,100042,common_eligible,48.0,0.8288108366755502,0.830412677475402,0.4782940188115819,-0.1045046661161245,0.08314988201255291,
63,1.0,0.0,0.7080766606562301,,True,-0.08998337190934222,,,-0.08061850681857732,production_8C_8M,100042,common_eligible,63.0,0.5767190868531952,0.349341529250038,-0.7207443760014304,-0.26457739178273687,0.08461064796405238,
67,1.0,1.0,0.19759719714558777,,True,-0.20408070487810054,,,-0.4040936263411786,production_8C_8M,100042,common_eligible,67.0,0.7448320635126672,0.23945146427684194,3.343603833285214,-0.3053698512499392,-0.10279155850626188,
69,0.0,0.0,0.2706905021912648,,True,-0.1499186310708735,,,-0.2535047085663173,production_8C_8M,100042,common_eligible,69.0,0.5384393918865364,0.2839641255708411,0.48381128213090757,-0.29021136909712214,-0.009625893044624911,
72,1.0,0.0,0.6653769594626164,,True,-0.13432772098605997,,,0.03393963416448598,production_8C_8M,100042,common_eligible,72.0,0.2971945175573258,0.2424277056814058,-0.41911322068033596,-0.2835737082919005,0.014918266319780521,
93,0.0,1.0,0.15344256775887544,,True,-0.15563512607063112,,,-0.24763340158643393,production_8C_8M,100042,common_eligible,93.0,0.4044184110896956,0.16292842066585533,-0.9450235797913071,-0.2891355662565108,-0.022134685884751454,
115,0.0,0.0,0.15273673765085566,,True,-0.06350195091809903,,,-0.036066766855671034,production_8C_8M,100042,common_eligible,115.0,0.14548752835810863,0.15492182468317464,0.18114896261984445,-0.17170476751144015,0.04470086567524209,
116,0.0,1.0,0.145049237378774,,True,-0.1834766016105593,,,-0.014342061446469406,production_8C_8M,100042,common_eligible,116.0,0.7943031408916622,0.3882157316285509,-0.6466823863091391,-0.2771352918501043,-0.08981791137101423,
121,1.0,0.0,0.8498551003049425,,True,-0.1644109636610176,,,-0.578150415838105,production_8C_8M,100042,common_eligible,121.0,0.8387382440478084,0.4651211673678721,-0.9209117475020314,-0.23929768704270413,-0.08952424027933108,
122,1.0,0.0,0.8538095238389906,,True,-0.1149139412447814,,,-0.1662835077113541,production_8C_8M,100042,common_eligible,122.0,0.5518004765705514,0.2605023016654627,-0.5964040496840021,-0.21877265937679308,-0.011055223112769755,
123,0.0,1.0,0.3634766142038039,,True,-0.004778631589719054,,,0.03246765507545743,production_8C_8M,100042,common_eligible,123.0,0.5996565786988798,0.5456715150500598,-0.6829382651095175,-0.08358138758703795,0.07402412440759983,
126,0.0,0.0,0.11129583094293359,,True,-0.1565865269901623,,,-0.3010231687743369,production_8C_8M,100042,common_eligible,126.0,0.2280314791665559,0.0870411534523935,0.11559841000483626,-0.3183168847577059,0.005143830777381342,
130,0.0,0.0,0.1432611847382442,,True,-0.09291097506033782,,,0.006309753656425152,production_8C_8M,100042,common_eligible,130.0,0.16970816140408881,0.2616661973733727,0.2900442652622086,-0.2408912399556172,0.055069289834941526,
137,0.0,0.0,0.20273176057204295,,True,-0.16832746112781516,,,-0.035394603233024145,production_8C_8M,100042,common_eligible,137.0,0.2468934329799657,0.17228196367040388,0.23506276675070398,-0.2614192526347501,-0.07523566962088024,
145,1.0,0.0,0.1715919853290642,,True,-0.03298064037081585,,,-0.33769143797714973,production_8C_8M,100042,common_eligible,145.0,0.22505058631303337,0.17054181878145436,-1.0483886300111935,-0.20414989417668508,0.13818861343505334,
151,0.0,1.0,0.49110200854302105,,True,0.032480256116336335,,,-0.31487008056515453,production_8C_8M,100042,common_eligible,151.0,0.3709283362992538,0.6223363378194153,-0.984736912119032,-0.0410188860839597,0.10597939831663236,
162,0.0,0.0,0.2711256073731696,,True,-0.13878661436750633,,,-0.1770906937214045,production_8C_8M,100042,common_eligible,162.0,0.23822526775888275,0.11324567927275175,0.20186035838088628,-0.3046493957735059,0.027076167038493165,
167,0.0,1.0,0.359898579630979,,True,-0.16066836529391082,,,0.060419762402974864,production_8C_8M,100042,common_eligible,167.0,0.41344217380280107,0.2678441201293562,-1.0619494435188948,-0.2610564220461789,-0.06028030854164276,
169,1.0,1.0,0.5084032350877512,,True,-0.13527686554556514,,,-0.059438745764093026,production_8C_8M,100042,common_eligible,169.0,0.6883278841339847,0.4642225061774882,0.8297382187114823,-0.33051372442979365,0.05995999333866328,
186,1.0,0.0,0.5189639378137411,,True,-0.014760524888053595,,,-0.34838730337294177,production_8C_8M,100042,common_eligible,186.0,0.5489720269318175,0.634796022025597,-1.1373747202154694,-0.1214841377506212,0.09196308797451398,
193,0.0,0.0,0.39401039721703346,,True,-0.15348928980123352,,,-0.07790570380726344,production_8C_8M,100042,common_eligible,193.0,0.6787264344451026,0.3483016926095335,0.7896050925511878,-0.2578317095710527,-0.04914687003141438,
196,0.0,0.0,0.4136971432840006,,True,-0.042829851120052484,,,0.18500422317417548,production_8C_8M,100042,common_eligible,196.0,0.4614507709644716,0.3506110148477907,0.6762121329857371,-0.12720978431674262,0.04155008207663766,
208,1.0,1.0,0.21054983421268372,,True,-0.021504780492282955,,,-0.38364186382161225,production_8C_8M,100042,common_eligible,208.0,0.41597545890091475,0.5053680390017543,2.4386319554147176,-0.12120237275076677,0.07819281176620084,
211,0.0,0.0,0.10761267594706643,,True,-0.09702606164220817,,,0.039362356322426656,production_8C_8M,100042,common_eligible,211.0,0.3316960090471305,0.21881623692679605,0.25881534288945174,-0.19050090498361122,-0.0035512183008051534,
229,0.0,0.0,0.6124894427503074,,True,-0.14332565958414126,,,-0.0181111175885878,production_8C_8M,100042,common_eligible,229.0,0.4369411783363335,0.2551561926496303,0.9457744321455966,-0.3160594444793069,0.029408125311024325,
241,1.0,0.0,0.1296871288930001,,True,-0.12705487794292586,,,-0.2359562924134932,production_8C_8M,100042,common_eligible,241.0,0.3076005193027544,0.20998320879476207,-1.7167695778699383,-0.2415278192101616,-0.012581936675690145,
250,1.0,1.0,0.8940016469103241,,True,-0.1394555795781024,,,-0.14381661120733635,production_8C_8M,100042,common_eligible,250.0,0.8420711918303014,0.5832837708476739,0.20733725629565297,-0.2667124737853561,-0.012198685370848728,
261,0.0,0.0,0.19930023023554239,,True,-0.042829851120052484,,,0.31285754382566056,production_8C_8M,100042,common_eligible,261.0,0.42321609506781144,0.4712929429235553,0.5766346307464636,-0.12720978431674262,0.04155008207663766,
264,1.0,1.0,0.4092513640313307,,True,-0.15862652125026558,,,0.10130985419071503,production_8C_8M,100042,common_eligible,264.0,0.7880498483851173,0.41929472739925394,1.0501901132596831,-0.23617333806759033,-0.08107970443294084,
265,0.0,0.0,0.368647353679438,,True,-0.1991205362405094,,,-0.19966649402570194,production_8C_8M,100042,common_eligible,265.0,0.7599495184763637,0.31423470262778147,0.7579698806601709,-0.3439489472311494,-0.054292125249869455,
270,0.0,0.0,0.13802985819396013,,True,-0.17077741136023727,,,-0.05981133747776573,production_8C_8M,100042,common_eligible,270.0,0.08385775295846423,0.06806399662428812,0.08149238954410405,-0.29877857591542323,-0.04277624680505138,
271,1.0,0.0,0.8461194009607359,,True,-0.19998638452176126,,,-0.027407061388611043,production_8C_8M,100042,common_eligible,271.0,0.9284180398230525,0.3172843739213348,-0.9861213727916326,-0.3417533488560842,-0.05821942018743831,
277,1.0,1.0,0.892034668894391,,True,0.01839698607704322,,,0.19707323380293573,production_8C_8M,100042,common_eligible,277.0,0.3451237238143712,0.3775647877895551,0.7302112672139278,-0.16960187437242,0.2063958465265064,
282,0.0,0.0,0.5132602916031453,,True,-0.10699232689206363,,,0.2904593735133494,production_8C_8M,100042,common_eligible,282.0,0.8296609228488849,0.5592596633440878,1.4341256334858925,-0.20386200331724535,-0.010122650466881933,
284,0.0,1.0,0.1413141404945039,,True,-0.1407415264568688,,,0.18518688543613304,production_8C_8M,100042,common_eligible,284.0,0.3679934513123779,0.195676874605623,-0.9083325966416642,-0.32440809054922437,0.04292503763548672,
288,1.0,0.0,0.7963047231792303,,True,-0.014274568787926373,,,0.004640120746827181,production_8C_8M,100042,common_eligible,288.0,0.5812751044761094,0.5067182781321603,-0.7108939764101926,-0.10633999756105186,0.07779085998519908,
318,0.0,0.0,0.4860388286204739,,True,0.02209181556562374,,,-0.20199985734703257,production_8C_8M,100042,common_eligible,318.0,0.5056820483586612,0.5431602522915472,1.0213697438353209,-0.17329873926065642,0.21748237039190385,
328,0.0,1.0,0.5302161302119288,,True,-0.08084623824190378,,,0.10327243996857394,production_8C_8M,100042,common_eligible,328.0,0.6083278161523468,0.5075054675378439,-0.9345508119275245,-0.19998466081393745,0.03829218433012986,
334,0.0,0.0,0.1847209673028643,,True,-0.13456015500834384,,,-0.1484375342195409,production_8C_8M,100042,common_eligible,334.0,0.5274770917896965,0.15291755106402433,0.27243010408915597,-0.2794118150151671,0.01029150499847939,
339,0.0,1.0,0.6886004217705286,,True,-0.138575829264468,,,-0.04096418254395162,production_8C_8M,100042,common_eligible,339.0,0.42407558201982826,0.33648142570135153,-1.9370649271355491,-0.28755650395096877,0.010404845422032794,
343,1.0,1.0,0.7875063010179119,,True,-0.052325157034107804,,,-0.252500407706424,production_8C_8M,100042,common_eligible,343.0,0.48812723878960884,0.43699824463744674,0.6637881495390447,-0.1532400798633493,0.048589765795133695,
346,0.0,0.0,0.362858115297573,,True,-0.17277580496987868,,,0.021257549177203516,production_8C_8M,100042,common_eligible,346.0,0.23152888819529258,0.09356850623556755,0.2254263200515964,-0.33956741227423937,-0.0059841976655179985,
349,0.0,1.0,0.7968458306000495,,True,-0.09053571386827376,,,0.03268878550218324,production_8C_8M,100042,common_eligible,349.0,0.8931765234837944,0.427922709764189,-0.9910784956925448,-0.19683175942863118,0.015760331692083643,
354,1.0,0.0,0.7081403944506248,,True,-0.0436539224935722,,,-0.14297135067526034,production_8C_8M,100042,common_eligible,354.0,0.6015857393132376,0.5054953732496711,-0.8099253304449365,-0.21022727317377898,0.12291942818663457,
357,1.0,1.0,0.5646061192383953,,True,-0.11494177133719881,,,0.1013446835796018,production_8C_8M,100042,common_eligible,357.0,0.663793051293977,0.3848984526113318,0.8105401885605161,-0.2006242070786425,-0.029259335595755123,
360,1.0,0.0,0.2467962268338039,,True,-0.04590660753365396,,,-0.20995476861796994,production_8C_8M,100042,common_eligible,360.0,0.21523597962343474,0.24229942459267892,-0.9547158459914998,-0.19566490779662374,0.10385169272931577,
361,0.0,0.0,0.21517332243715864,,True,-0.042903508107346444,,,-0.0406445885166562,production_8C_8M,100042,common_eligible,361.0,0.3626366670852508,0.36003276334919615,0.4594556534280357,-0.1838361423241656,0.09802912610947268,
365,1.0,0.0,0.6896667934490427,,True,-0.16196013110199622,,,-0.3344524588585174,production_8C_8M,100042,common_eligible,365.0,0.7517190661403408,0.25841038276374845,-0.8679974246909754,-0.2801774446523795,-0.04374281755161297,
368,1.0,0.0,0.8349295135156328,,True,-0.1440891513535417,,,-0.05427466854280549,production_8C_8M,100042,common_eligible,368.0,0.8320227674773234,0.5249117806965578,-0.9358009207205958,-0.24301099207721424,-0.04516731062986916,
370,1.0,0.0,0.19105388668244136,,True,-0.11338830960901207,,,-0.11224918810400103,production_8C_8M,100042,common_eligible,370.0,0.38531717466948173,0.1566936962513539,-1.0487779331233653,-0.21283883410145443,-0.013937785116569734,
380,0.0,1.0,0.6487259788124597,,True,-0.16783483559893236,,,-0.4595323870462047,production_8C_8M,100042,common_eligible,380.0,0.2939164706879249,0.11704677333227115,-2.186934452286981,-0.3137723940750634,-0.021897277122801373,
384,1.0,1.0,0.7777547592553032,,True,-0.12878333988328994,,,0.0703099140074529,production_8C_8M,100042,common_eligible,384.0,0.8245471938555312,0.5814213593803902,0.2950626312828789,-0.23982122876936707,-0.017745450997212822,
392,1.0,1.0,0.8601323874377723,,True,-0.06666283364327655,,,0.0859568948245617,production_8C_8M,100042,common_eligible,392.0,0.6657609315173387,0.7425157009905531,0.37610903489793657,-0.24176252078495647,0.10843685349840335,
398,0.0,1.0,0.13037097810437653,,True,-0.11405504874070348,,,-0.3498504475078327,production_8C_8M,100042,common_eligible,398.0,0.24861712470727074,0.15577898278626026,-0.9568650503777447,-0.2271771600207771,-0.0009329374606298901,
422,1.0,1.0,0.4470482971415625,,True,0.02024467745715914,,,0.04875396248008518,production_8C_8M,100042,common_eligible,422.0,0.3703732290228402,0.544977248292442,1.192442035020885,-0.04882713360853993,0.0893164885228582,
424,1.0,0.0,0.4613915724928012,,True,-0.1384727793364236,,,-0.411950972386599,production_8C_8M,100042,common_eligible,424.0,0.8172697624319075,0.5529297102905639,-1.4627358253957214,-0.24540405446124458,-0.03154150421160265,
431,1.0,1.0,0.1346270485198945,,True,-0.049203722785305735,,,-0.32665406706368566,production_8C_8M,100042,common_eligible,431.0,0.5357619345299722,0.23543643271958156,5.378797495285064,-0.15101287115854944,0.052605425587937966,
435,0.0,1.0,0.10700372755448935,,True,-0.1544992598101608,,,-0.10742312894197681,production_8C_8M,100042,common_eligible,435.0,0.35315593559657404,0.26197772376060163,-0.815530691641979,-0.3039394485845282,-0.00505907103579345,
446,1.0,0.0,0.18909050628721016,,True,-0.05107433561501454,,,-0.06432527410523083,production_8C_8M,100042,common_eligible,446.0,0.29966325171885516,0.07889263688438289,-0.6379921794356723,-0.18268457223085252,0.08053590100082342,
447,1.0,1.0,0.38950815569304514,,True,-0.065116947403473,,,0.034144994760945346,production_8C_8M,100042,common_eligible,447.0,0.3085417543026676,0.2207493400941269,1.9128092381993937,-0.17105251828446538,0.040818623477519356,
451,1.0,1.0,0.691959247924834,,True,-0.0058103973584330065,,,-0.17663563846118313,production_8C_8M,100042,common_eligible,451.0,0.20165645563497203,0.11999069224792844,1.1900988822784262,-0.15979296640723428,0.14817217169036825,
460,1.0,0.0,0.4157088943712665,,True,-0.036761220281128514,,,-0.15089969081385596,production_8C_8M,100042,common_eligible,460.0,0.47695781467736653,0.4015169269095706,-1.041301691676838,-0.16217375688184535,0.08865131631958828,
462,0.0,0.0,0.3942368477284109,,True,0.0021806066876063333,,,-0.02877369342676961,production_8C_8M,100042,common_eligible,462.0,0.40812141944827335,0.565801565614951,0.8314111545943663,-0.14383022886878727,0.1481914422439999,
465,0.0,1.0,0.1289779177381409,,True,-0.14332565958414126,,,-0.07352311822592295,production_8C_8M,100042,common_eligible,465.0,0.3501358660507805,0.20151369090613436,-0.8947159277412056,-0.3160594444793069,0.029408125311024325,
467,0.0,0.0,0.33698220775036275,,True,-0.1264487698316209,,,0.18109530692018136,production_8C_8M,100042,common_eligible,467.0,0.817762538545584,0.3629802431935148,0.7786122652537535,-0.25198873012695266,-0.0009088095362891901,
468,1.0,0.0,0.22816643917161483,,True,-0.1706397622671801,,,-0.36394341785118856,production_8C_8M,100042,common_eligible,468.0,0.4309763987638762,0.12827920330242107,-0.8649148632663867,-0.31565502179260485,-0.0256245027417554,
474,0.0,0.0,0.3925076080967537,,True,0.01965778617980757,,,0.27024214191256124,production_8C_8M,100042,common_eligible,474.0,0.3819045288556332,0.5616389038169266,0.8083916782390242,-0.0641722688896414,0.10348784124925652,
478,1.0,0.0,0.5579132158052753,,True,-0.12796581527110373,,,-0.14113139488284232,production_8C_8M,100042,common_eligible,478.0,0.6057345179071194,0.3308272665458834,-0.8678798807483661,-0.21197078838218783,-0.04396084216001965,
481,0.0,1.0,0.3276911808635158,,True,-0.15923496699839798,,,0.24256774419822325,production_8C_8M,100042,common_eligible,481.0,0.47113312213475605,0.25580112259636223,-1.0019747785882394,-0.29107417182128836,-0.027395762175507626,
486,1.0,1.0,0.5045161462447206,,True,-0.20617397410573862,,,-0.6892153014395378,production_8C_8M,100042,common_eligible,486.0,0.7790737469108163,0.08152339588645902,1.122959479929645,-0.308868702951411,-0.10347924526006624,
487,1.0,1.0,0.8985643637235567,,True,-0.014045952408027744,,,-0.028156691615068175,production_8C_8M,100042,common_eligible,487.0,0.7964910452415044,0.8168122320138349,0.2241883501962773,-0.10782404094758175,0.07973213613152622,
498,0.0,0.0,0.2156994966666864,,True,-0.11748912581932311,,,-0.1062618189134249,production_8C_8M,100042,common_eligible,498.0,0.3324179649332407,0.11108606093163625,0.2025081464898193,-0.22703859398843362,-0.007939657650212623,
503,0.0,0.0,0.2317247674137624,,True,-0.01567126856691884,,,-0.16728505428348134,production_8C_8M,100042,common_eligible,503.0,0.20763245072320916,0.1919760079258747,0.2546014568674224,-0.18447101428170867,0.15312847714787098,
507,1.0,1.0,0.8706771336943461,,True,-0.028489005473559557,,,-0.030854928811506976,production_8C_8M,100042,common_eligible,507.0,0.8733488285565107,0.7472471608276238,0.1641928965718058,-0.11615527832176428,0.05917726737464516,
508,0.0,0.0,0.5033689522787059,,True,-0.13485981599348335,,,-0.05620972089686527,production_8C_8M,100042,common_eligible,508.0,0.6144371694083594,0.3838447618790898,1.0066181378597034,-0.25262738588554323,-0.017092246101423514,
514,1.0,1.0,0.7447877937486916,,True,-0.17787197089038567,,,-0.061478120138046544,production_8C_8M,100042,common_eligible,514.0,0.7292800547391642,0.3387057438994347,0.4973218948326488,-0.32252166143858374,-0.033222280342187605,
528,1.0,1.0,0.7775403403673037,,True,0.01771034128360833,,,-0.3151680255715663,production_8C_8M,100042,common_eligible,528.0,0.5837238195804128,0.42650058985334427,0.5803583211873694,-0.17039353825846415,0.20581422082568077,
532,1.0,0.0,0.5579780938989961,,True,-0.11930438189689106,,,-0.5334643262344162,production_8C_8M,100042,common_eligible,532.0,0.6391601036119946,0.20700286972775148,-0.8031446830173674,-0.2105877824548523,-0.028020981338929857,
534,0.0,1.0,0.4572584445749856,,True,-0.07299480230398703,,,0.13543398492073888,production_8C_8M,100042,common_eligible,534.0,0.47197908965309227,0.41965102707414,-1.0252053097125737,-0.1783186865453655,0.032329081937391424,
535,0.0,0.0,0.6560893689378478,,True,-0.10577163594462105,,,0.03704061610492676,production_8C_8M,100042,common_eligible,535.0,0.595894489225861,0.4175825193853518,1.5543895968004176,-0.20263217405408968,-0.008911097835152454,
538,1.0,0.0,0.6988886455823571,,True,-0.048530849399241495,,,-0.06212851278558973,production_8C_8M,100042,common_eligible,538.0,0.3533958665232966,0.42180744516717184,-0.5351286960957378,-0.1319787415780108,0.034917042779527764,
539,0.0,1.0,0.1937015110916589,,True,-0.183205560851175,,,-0.11126006308263126,production_8C_8M,100042,common_eligible,539.0,0.3282744327710317,0.09844220547403318,-1.0629301140838472,-0.3355073141694097,-0.030903807532940336,
546,0.0,0.0,0.18054690770069873,,True,-0.10482654019988595,,,-0.06620608679353736,production_8C_8M,100042,common_eligible,546.0,0.18572171307737062,0.1505089481542954,0.19142828972991846,-0.22135376180575222,0.011700681405980295,
549,1.0,0.0,0.8254975246601015,,True,-0.08795058554575849,,,-0.22605679180368443,production_8C_8M,100042,common_eligible,549.0,0.8796810216360647,0.6385696872334105,-1.0146686960632376,-0.21057436867666024,0.03467319758514324,
550,0.0,0.0,0.18796729421053068,,True,-0.14845817880935863,,,-0.08381602753461014,production_8C_8M,100042,common_eligible,550.0,0.53488067466167,0.1903841927726463,0.31419702989712006,-0.2447845395439004,-0.0521318180748169,
552,1.0,0.0,0.6355853813759764,,True,-0.14583729641401572,,,0.08753892270289004,production_8C_8M,100042,common_eligible,552.0,0.8427222600215725,0.4467760591615247,-1.0988825368001554,-0.2605870485846366,-0.031087544243394855,
559,1.0,0.0,0.5398117288052257,,True,-0.15862652125026558,,,-0.36576085048430995,production_8C_8M,100042,common_eligible,559.0,0.6198013474682487,0.3061652897363217,-0.8808065607033286,-0.23617333806759033,-0.08107970443294084,
561,1.0,0.0,0.667888289692063,,True,-0.15862652125026558,,,-0.14847635272894044,production_8C_8M,100042,common_eligible,561.0,0.8094155696683221,0.558244735902365,-1.087006323799402,-0.23617333806759033,-0.08107970443294084,
563,0.0,0.0,0.44197384257668365,,True,-0.06024927263404013,,,0.08723419972137467,production_8C_8M,100042,common_eligible,563.0,0.6052965940113816,0.36997304424332755,0.8493865233337811,-0.1810986161229859,0.0606000708549056,
568,1.0,1.0,0.8093938387671157,,True,-0.197454767070338,,,-0.11006768648138565,production_8C_8M,100042,common_eligible,568.0,0.8445586395998558,0.31631934740068396,0.31644301183307966,-0.32571231068491313,-0.06919722345576287,
569,0.0,1.0,0.28726737054548246,,True,-0.08735610357820735,,,-0.03506472883281053,production_8C_8M,100042,common_eligible,569.0,0.5485575247146279,0.4682577906211085,-0.7136964057610967,-0.2063104592305029,0.03159825207408817,
578,0.0,0.0,0.4432872646727343,,True,-0.10854009622705177,,,-0.1661069213092291,production_8C_8M,100042,common_eligible,578.0,0.5428450727123436,0.34318347947818395,0.7754284994924422,-0.24877908731634285,0.03169889486223926,
584,1.0,0.0,0.17726633177656298,,True,-0.11647611570818486,,,-0.18620539681394355,production_8C_8M,100042,common_eligible,584.0,0.4049235173559957,0.25169533610598743,-1.5730992508631552,-0.20508073896483786,-0.02787149245153188,
588,1.0,1.0,0.5782937914068327,,True,-0.0822024721570472,,,0.05151712594740754,production_8C_8M,100042,common_eligible,588.0,0.45670012005065286,0.43796225400521543,0.9531517761163752,-0.21303418461353424,0.04862924029943984,
594,0.0,1.0,0.386449467389606,,True,-0.11111904828603303,,,-0.1845762402931477,production_8C_8M,100042,common_eligible,594.0,0.37918154552237626,0.26364786662107653,-1.1273793566098786,-0.19198220226370427,-0.030255894308361814,
599,0.0,1.0,0.5031482374929612,,True,-0.12705487794292586,,,-0.017020805613165407,production_8C_8M,100042,common_eligible,599.0,0.44121580927553444,0.3296897817355329,-1.2361757377572404,-0.2415278192101616,-0.012581936675690145,
603,1.0,1.0,0.8908953314727803,,True,-0.19998638452176126,,,-0.4064471216929251,production_8C_8M,100042,common_eligible,603.0,0.8770509793095941,0.22283818322529875,0.2181251647510577,-0.3417533488560842,-0.05821942018743831,
609,0.0,1.0,0.1901602672466036,,True,-0.16044142539197961,,,-0.17815202596793825,production_8C_8M,100042,common_eligible,609.0,0.6122633225454889,0.2695702922306963,-0.8214750186178789,-0.2832581510788986,-0.03762469970506066,
614,1.0,1.0,0.5602570491401517,,True,-0.1229369516809421,,,0.13800989485438941,production_8C_8M,100042,common_eligible,614.0,0.6260550647055798,0.3341035051990532,0.8966037577767169,-0.20049368823777816,-0.045380215124106046,
617,1.0,0.0,0.6075377020139434,,True,-0.1602175274065723,,,-0.32977963417948597,production_8C_8M,100042,common_eligible,617.0,0.8764914200465013,0.5063723342594882,-1.203602065659539,-0.2822035403020894,-0.03823151451105525,
621,1.0,1.0,0.5369773559944176,,True,-0.11494177133719881,,,-0.10300534475910206,production_8C_8M,100042,common_eligible,621.0,0.5538183298422534,0.2516261778479123,1.0914863966405248,-0.2006242070786425,-0.029259335595755123,
626,1.0,0.0,0.5292405685690752,,True,-0.1152432688204377,,,-0.14734105843629364,production_8C_8M,100042,common_eligible,626.0,0.5737486077961318,0.249404263382862,-0.795593674481039,-0.20258500782104505,-0.02790152981983035,
638,1.0,0.0,0.268964690772088,,True,-0.13221307625672757,,,-0.028967779075204383,production_8C_8M,100042,common_eligible,638.0,0.3703814831629475,0.12868155442203438,-0.7201328191424081,-0.21817820410697059,-0.04624794840648455,
648,1.0,1.0,0.26039190622887515,,True,-0.19722763184705683,,,0.22657797391420198,production_8C_8M,100042,common_eligible,648.0,0.6301964432986895,0.2746088333757369,2.4301793408618786,-0.3462114905893603,-0.04824377310475342,
651,1.0,0.0,0.8852373363624773,,True,-0.10891951202611802,,,0.14285091672279376,production_8C_8M,100042,common_eligible,651.0,0.8314489897677189,0.5878355766813556,-0.9076563228633354,-0.24821465768073978,0.030375633628503707,
656,0.0,0.0,0.1447202488479807,,True,-0.0907671086525032,,,0.008071797181922913,production_8C_8M,100042,common_eligible,656.0,0.5788254352224498,0.43732706640460933,0.5352690098589032,-0.1746433620331187,-0.006890855271887722,
662,0.0,0.0,0.6907414449744461,,True,0.015457619495736381,,,0.12090442381375327,production_8C_8M,100042,common_eligible,662.0,0.7248520794010607,0.83058166853955,2.449567997557511,-0.07093628075520442,0.10185151974667717,
663,1.0,1.0,0.47621597089092416,,True,-0.09244841894036619,,,-0.0006267839972746714,production_8C_8M,100042,common_eligible,663.0,0.5130219345952134,0.3732995118142521,1.176278145224541,-0.1807032961189313,-0.004193541761801103,
676,1.0,0.0,0.5376830047796316,,True,-0.11553768530587821,,,0.288078314021742,production_8C_8M,100042,common_eligible,676.0,0.597712861791681,0.4164490505735551,-0.9557890368094313,-0.23965326685958888,0.008577896247832437,
680,1.0,0.0,0.7942443189940998,,True,-0.08232921156863202,,,-0.21676132704337042,production_8C_8M,100042,common_eligible,680.0,0.5796883867853545,0.5275642368106123,-0.7163583461711539,-0.18932132906025426,0.024662905922990197,
684,0.0,0.0,0.6162473208454072,,True,-0.08207759486908953,,,-0.09365228131014089,production_8C_8M,100042,common_eligible,684.0,0.2748985116674759,0.28846201740372296,0.7299064177208028,-0.16857870979558576,0.004423520057406705,
707,1.0,0.0,0.25384595440088564,,True,-0.14265158208251477,,,-0.18261274863827542,production_8C_8M,100042,common_eligible,707.0,0.6457515732896454,0.09553000306953835,-0.9265521810230384,-0.2277466106574552,-0.05755655350757437,
708,0.0,0.0,0.2894424131463829,,True,-0.17804627768840017,,,-0.3033594815556778,production_8C_8M,100042,common_eligible,708.0,0.5908332136088483,0.23824615728629575,0.4789193895168141,-0.33543438531668135,-0.020658170060119052,
713,0.0,1.0,0.13205192531706256,,True,-0.012109634001802101,,,0.18351149860665072,production_8C_8M,100042,common_eligible,713.0,0.6967494094862863,0.7541383718907637,-0.2919989783712326,-0.11660196196986441,0.09238269396626017,
743,1.0,0.0,0.5398171790000325,,True,-0.19937784312843232,,,-0.3588049137290085,production_8C_8M,100042,common_eligible,743.0,0.8372890435635298,0.22330064694011373,-1.027648160756451,-0.3424303607111504,-0.056325325545714316,
744,0.0,0.0,0.22710357667650577,,True,-0.029132277563547405,,,0.00043827428651807554,production_8C_8M,100042,common_eligible,744.0,0.33474814058369307,0.27462142970409276,0.3729819573482314,-0.14602216420551728,0.08775760907842244,
752,1.0,0.0,0.758419590722071,,True,0.01771034128360833,,,-0.048624029853681416,production_8C_8M,100042,common_eligible,752.0,0.6032018417651314,0.42650058985334427,-0.7390556465909706,-0.17039353825846415,0.20581422082568077,
760,1.0,1.0,0.5226093455682689,,True,-0.20556426055177954,,,-0.1049719012824385,production_8C_8M,100042,common_eligible,760.0,0.9071909056080727,0.3381816166419202,0.6973637465914864,-0.3095682575770207,-0.10156026352653837,
773,1.0,1.0,0.7696606609253911,,True,-0.015222413888851611,,,-0.05078761983714952,production_8C_8M,100042,common_eligible,773.0,0.6644058486015131,0.6962036538668904,0.426512465318087,-0.09326212502287307,0.06281729724516982,
776,0.0,0.0,0.18903971164294597,,True,0.06863491135827995,,,0.11215936655437345,production_8C_8M,100042,common_eligible,776.0,0.09258783238654711,0.4855969281007967,0.5071797076613811,-0.017477705028473067,0.15474752774503295,
779,0.0,0.0,0.2271980081553876,,True,-0.07009636372430732,,,0.2102850669914252,production_8C_8M,100042,common_eligible,779.0,0.32208499413219394,0.23741125916505773,0.33210183954115996,-0.1957724513027171,0.05557972385410244,
781,1.0,1.0,0.3738087251008669,,True,-0.060627200610023954,,,0.031273744586730046,production_8C_8M,100042,common_eligible,781.0,0.6417504910022119,0.5691756359633281,1.0799513839364643,-0.17610682540134964,0.05485242418130171,
798,1.0,1.0,0.49827194513568207,,True,-0.07043897395734305,,,-0.012829595656138837,production_8C_8M,100042,common_eligible,798.0,0.3831176517018049,0.44237610354693513,1.1783740309918167,-0.19920339418243524,0.058325446267749104,
822,0.0,0.0,0.6984310874645199,,True,0.020073731665623235,,,0.15687867128973654,production_8C_8M,100042,common_eligible,822.0,0.5398471314543051,0.6821582573547398,1.9324397134775482,-0.07436300371814013,0.11451046704938657,
839,0.0,0.0,0.6716944283551269,,True,-0.11650783904328404,,,-0.082870305049013,production_8C_8M,100042,common_eligible,839.0,0.474611578603861,0.1540654273081354,1.125093580695319,-0.20946678615591297,-0.023548891930655153,
845,1.0,1.0,0.661730889559038,,True,0.006370968391757599,,,-0.054967122143437575,production_8C_8M,100042,common_eligible,845.0,0.294203375631346,0.4666652537274565,0.9784311243375022,-0.10064308722478313,0.11338502400829831,
859,1.0,1.0,0.6312964029216066,,True,-0.07785922124679495,,,0.10091643251497262,production_8C_8M,100042,common_eligible,859.0,0.8312779118543759,0.5757530610840436,0.41650010763678647,-0.15575740152804407,3.895903445415294e-05,
868,1.0,0.0,0.2317247674137624,,True,-0.1162943402910935,,,-0.03768758335333155,production_8C_8M,100042,common_eligible,868.0,0.4466855712297485,0.2869110741309226,-1.3979290428260023,-0.2324223376680866,-0.000166342914100448,
875,1.0,1.0,0.25586010451085783,,True,0.014096232502318356,,,0.2750351541256375,production_8C_8M,100042,common_eligible,875.0,0.3367218779457116,0.6166804584856905,1.7781192345705203,-0.0895815652631751,0.11777403026781177,
892,0.0,0.0,0.8434673188708682,,True,-0.0964319945339168,,,-0.4218944972490402,production_8C_8M,100042,common_eligible,892.0,0.6061598779184519,0.3610451060683781,3.6273026271619564,-0.2079729220564389,0.015108932988605286,
893,0.0,1.0,0.2595274883466261,,True,-0.17818723857117294,,,-0.13899119129057289,production_8C_8M,100042,common_eligible,893.0,0.44211979982108796,0.21917015880611332,-0.9763607283938185,-0.3162202396763396,-0.040154237466006354,
898,1.0,1.0,0.501281428722854,,True,-0.13042520370916313,,,0.11489019733853345,production_8C_8M,100042,common_eligible,898.0,0.5122379982810356,0.3158373386594476,1.1684268048301403,-0.312951440794898,0.05210103337657174,
908,1.0,1.0,0.5109560437350551,,True,-0.08119511744494692,,,0.2700079153490359,production_8C_8M,100042,common_eligible,908.0,0.6710208549310446,0.579594731824284,0.7313555492707322,-0.22759109234037897,0.06520085745048507,
913,0.0,0.0,0.6714236584136304,,True,0.004975405345412956,,,0.5763362625455206,production_8C_8M,100042,common_eligible,913.0,0.3627744297453566,0.5115992228703955,1.2529043747342268,-0.15090223741825473,0.1608530481090806,
915,1.0,1.0,0.8682284558100027,,True,-0.043534005750405946,,,-0.10460704553612188,production_8C_8M,100042,common_eligible,915.0,0.8666249224195806,0.7589982137404969,0.16995206064916135,-0.140168736229888,0.05310072472907611,
929,1.0,0.0,0.607241713177601,,True,0.019413839589410342,,,-0.2246108655442407,production_8C_8M,100042,common_eligible,929.0,0.4322586630503334,0.5649937484549634,-0.7976913596075865,-0.05179407782937111,0.09062175700819176,
934,0.0,0.0,0.10572190040114969,,True,-0.1748526828641157,,,-0.17923562100166213,production_8C_8M,100042,common_eligible,934.0,0.3114195469302062,0.11263671868447943,0.1494528571298861,-0.26685041745079807,-0.0828549482774334,
955,1.0,1.0,0.7451469814847844,,True,-0.14332565958414126,,,-0.4074361291328243,production_8C_8M,100042,common_eligible,955.0,0.7571541523507055,0.39724943909974014,0.44899685365764036,-0.3160594444793069,0.029408125311024325,
960,1.0,1.0,0.37323064271164014,,True,0.004031631618924551,,,0.30302428580824725,production_8C_8M,100042,common_eligible,960.0,0.42687487585810846,0.5016332510754972,1.4100365970260507,-0.14221156772919613,0.15027483096704522,
961,0.0,1.0,0.6730818089735858,,True,-0.10934419894016098,,,-0.17386110854674186,production_8C_8M,100042,common_eligible,961.0,0.3943756450733515,0.3396732352038194,-1.9072281228780061,-0.2067752627557335,-0.011913135124588498,
967,0.0,0.0,0.534612295462731,,True,-0.17818723857117294,,,0.11315424130412288,production_8C_8M,100042,common_eligible,967.0,0.5714596602276528,0.3427143415330733,0.9991763789700596,-0.3162202396763396,-0.040154237466006354,
976,0.0,0.0,0.19127377441486976,,True,-0.20556426055177954,,,-0.10435438224184548,production_8C_8M,100042,common_eligible,976.0,0.481075708848661,0.09033046027964171,0.20411082710800327,-0.3095682575770207,-0.10156026352653837,
980,1.0,1.0,0.800512076542826,,True,-0.1815694492650593,,,-0.1328309937568829,production_8C_8M,100042,common_eligible,980.0,0.8624530302042829,0.5025747688643246,0.26150553249848985,-0.2784343775456821,-0.0847045209844365,
986,1.0,0.0,0.7652854287015328,,True,-0.10699232689206363,,,-0.21930664730454208,production_8C_8M,100042,common_eligible,986.0,0.7893771985683394,0.5491838194975691,-0.957812974192782,-0.20386200331724535,-0.010122650466881933,
987,0.0,0.0,0.6907400446810398,,True,-0.11228128179739327,,,0.16537846499403014,production_8C_8M,100042,common_eligible,987.0,0.4988295314797917,0.337541397103125,1.4516899537993981,-0.23318253850447962,0.008619974909693032,
989,0.0,0.0,0.3324337025960512,,True,0.0018936793454748394,,,-0.22553091570484401,production_8C_8M,100042,common_eligible,989.0,0.28409432928149414,0.23361341299182026,0.37508629761295786,-0.19542294723513562,0.19921030592608527,
5,1.0,1.0,0.6887162907334484,,True,-0.023018405572924366,,,0.29544125881310984,production_189C_16M,100042,common_eligible,5.0,0.4366031120611945,0.6052890130203392,0.7417970532440911,-0.11430878535112168,0.06827197420527294,
12,0.0,1.0,0.4554134269055786,,True,-0.016341925965059716,,,-0.1020346687031714,production_189C_16M,100042,common_eligible,12.0,0.24521068085119496,0.6768995992585188,-0.9542969953840881,-0.16037384674206476,0.12768999481194532,
15,1.0,0.0,0.5739032857281112,,True,-0.07847888578705793,,,-0.003080297422145953,production_189C_16M,100042,common_eligible,15.0,0.13073397857059804,0.17434253678014888,-0.26017526933721163,-0.2218729311820702,0.06491515960795431,
30,0.0,0.0,0.6165670910827816,,True,-0.14398412711731493,,,-0.15824629257148742,production_189C_16M,100042,common_eligible,30.0,0.16498968338044023,0.16918022382606174,0.43448663539051535,-0.21629635258700486,-0.071671901647625,
39,1.0,0.0,0.5283406970701073,,True,-0.12020239800084095,,,-0.0787740414269622,production_189C_16M,100042,common_eligible,39.0,0.30257488277932826,0.1094604884367615,-0.4002922419771903,-0.2090786249099004,-0.03132617109178153,
40,0.0,0.0,0.33086064672178955,,True,-0.07405664446423822,,,0.060474988513839145,production_189C_16M,100042,common_eligible,40.0,0.3723095482018039,0.41470518141820045,0.5987962489891883,-0.27965512149499205,0.13154183256651558,
43,1.0,0.0,0.7497651166050956,,True,-0.1000315627241872,,,-0.19702180525731344,production_189C_16M,100042,common_eligible,43.0,0.4917774292999127,0.239253111372781,-0.5716284027585371,-0.1989061636145698,-0.0011569618338046206,
45,0.0,0.0,0.27337056290125283,,True,-0.10385381142874872,,,0.13139903885494988,production_189C_16M,100042,common_eligible,45.0,0.4070795749857122,0.36546384363155043,0.5186142210836048,-0.21470158183136684,0.006993958973869355,
48,1.0,1.0,0.4801372366044823,,True,-0.09234557010869507,,,-0.02351093248221392,production_189C_16M,100042,common_eligible,48.0,0.5797752381422997,0.5642061574567526,0.8920752537242765,-0.20062304211204382,0.015931901894653655,
63,1.0,0.0,0.5622881408378549,,True,-0.07950180241192394,,,-0.08061850681857732,production_189C_16M,100042,common_eligible,63.0,0.2679891746852552,0.21594399710572293,-0.4360902630475431,-0.22646651802921453,0.06746291320536661,
67,1.0,1.0,0.2977750133057562,,True,-0.18750888886755213,,,-0.4040936263411786,production_189C_16M,100042,common_eligible,67.0,0.537904217926469,0.19875407818266613,2.351626070530806,-0.3293984582369744,-0.04561931949812989,
69,0.0,0.0,0.4830438756401033,,True,-0.1385700578067742,,,-0.2535047085663173,production_189C_16M,100042,common_eligible,69.0,0.6240608341728163,0.25357522591413484,0.8366977575357336,-0.256513234798456,-0.020626880815092438,
72,1.0,0.0,0.7162682305391473,,True,-0.07883864846300198,,,0.03393963416448598,production_189C_16M,100042,common_eligible,72.0,0.5477684334523646,0.53799034220756,-0.760879870256566,-0.19474147050638557,0.037064173580381596,
93,0.0,1.0,0.19487823858586856,,True,-0.14203190881911162,,,-0.24763340158643393,production_189C_16M,100042,common_eligible,93.0,0.3790784417545554,0.145987617966676,-1.004305300906031,-0.29460710799835693,0.010543290360133628,
115,0.0,0.0,0.3320856385129984,,True,-0.08369454242516074,,,-0.036066766855671034,production_189C_16M,100042,common_eligible,115.0,0.12578474758529193,0.21459993936615554,0.27713985559742366,-0.2319255979068936,0.06453651305657206,
116,0.0,1.0,0.25144313211091396,,True,-0.11580393206941182,,,-0.014342061446469406,production_189C_16M,100042,common_eligible,116.0,0.41712346427830704,0.29236293722290196,-0.9034275338325816,-0.2912761787987735,0.059668314659949775,
121,1.0,0.0,0.8398616308550118,,True,-0.1329772057598629,,,-0.578150415838105,production_189C_16M,100042,common_eligible,121.0,0.5162173821639424,0.3010077377611166,-0.573611227119111,-0.2468502915906013,-0.01910411992912457,
122,1.0,0.0,0.7251945430660629,,True,-0.11165394634795799,,,-0.1662835077113541,production_189C_16M,100042,common_eligible,122.0,0.29193791604481295,0.1386862167841343,-0.34449171631566144,-0.2007481523702766,-0.0225597403256394,
123,0.0,1.0,0.4462741037158824,,True,0.02403975381900508,,,0.03246765507545743,production_189C_16M,100042,common_eligible,123.0,0.5354390250144854,0.5137579153993502,-0.8606539264962653,-0.20205900402078344,0.2501385116587935,
126,0.0,0.0,0.20314875400575907,,True,-0.1706475823188918,,,-0.3010231687743369,production_189C_16M,100042,common_eligible,126.0,0.24423058753722124,0.1650561222183361,0.227320114146184,-0.28868943793857105,-0.05260572669921254,
130,0.0,0.0,0.20822503772719578,,True,-0.036899873476450566,,,0.006309753656425152,production_189C_16M,100042,common_eligible,130.0,0.05522623933905533,0.12330638073875085,0.13783006021567754,-0.14266853892923162,0.06886879197633045,
137,0.0,0.0,0.18865558766310853,,True,-0.07249309566277921,,,-0.035394603233024145,production_189C_16M,100042,common_eligible,137.0,0.1103143598170894,0.23732194398718473,0.2629724816164883,-0.1977247799497786,0.052738588624220165,
145,1.0,0.0,0.32003779935301435,,True,-0.0171419861913374,,,-0.33769143797714973,production_189C_16M,100042,common_eligible,145.0,0.23541508041735526,0.3225580150535419,-0.9207318092397629,-0.17152294568498588,0.13723897330231108,
151,0.0,1.0,0.5588474290441887,,True,0.002889236559959425,,,-0.31487008056515453,production_189C_16M,100042,common_eligible,151.0,0.2615051176657724,0.4414357452885093,-1.4940817911062023,-0.15142423495686863,0.15720270807678743,
162,0.0,0.0,0.5945247572662293,,True,-0.07117981050078481,,,-0.1770906937214045,production_189C_16M,100042,common_eligible,162.0,0.5248014647149774,0.3150335773381157,1.084519431317845,-0.21642908338006783,0.07406946237849818,
167,0.0,1.0,0.5910665771674101,,True,-0.04409641715114564,,,0.060419762402974864,production_189C_16M,100042,common_eligible,167.0,0.6751276642684338,0.779441588478521,-0.6901242840470138,-0.2130360850556433,0.124843250753352,
169,1.0,1.0,0.704431003878445,,True,-0.07251726201089878,,,-0.059438745764093026,production_189C_16M,100042,common_eligible,169.0,0.8078537125819205,0.8354972610031414,0.26116924233750516,-0.19101655884418406,0.04598203482238647,
186,1.0,0.0,0.6210416095569548,,True,-0.0507733038216303,,,-0.34838730337294177,production_189C_16M,100042,common_eligible,186.0,0.5052565072888179,0.6012958360709447,-0.8721660648949627,-0.1789447496084295,0.07739814196516885,
193,0.0,0.0,0.6073480641740991,,True,-0.1293052157144267,,,-0.07790570380726344,production_189C_16M,100042,common_eligible,193.0,0.6572669469350446,0.37464938196148995,1.3912999354013122,-0.27559059744063974,0.016980166011786313,
196,0.0,0.0,0.5532064916211334,,True,0.008210348430612148,,,0.18500422317417548,production_189C_16M,100042,common_eligible,196.0,0.5202320261512682,0.7172462515378798,1.361382141202721,-0.07215197715332736,0.08857267401455164,
208,1.0,1.0,0.3545552768915456,,True,0.03033072777767761,,,-0.38364186382161225,production_189C_16M,100042,common_eligible,208.0,0.5175507118669418,0.8209588500215467,0.8083820072453193,-0.06913308202306204,0.12979453757841725,
211,0.0,0.0,0.23696619097318505,,True,-0.06510204610527286,,,0.039362356322426656,production_189C_16M,100042,common_eligible,211.0,0.1611540941333864,0.4056922364598631,0.4557399163853808,-0.210550652370724,0.08034656016017828,
229,0.0,0.0,0.3395183523854605,,True,-0.11469008843481639,,,-0.0181111175885878,production_189C_16M,100042,common_eligible,229.0,0.15628040234195156,0.12171752980821335,0.20205294095084422,-0.2756049302187596,0.04622475334912675,
241,1.0,0.0,0.3112184000268978,,True,-0.12380847950708763,,,-0.2359562924134932,production_189C_16M,100042,common_eligible,241.0,0.29297990624100695,0.32499894153134207,-1.0122602923562734,-0.3274224350364712,0.07980547602229589,
250,1.0,1.0,0.8196324133318519,,True,-0.1314667619249839,,,-0.14381661120733635,production_189C_16M,100042,common_eligible,250.0,0.6556518835482454,0.7296056603166405,0.40385085658761705,-0.2749801077813665,0.01204658393139868,
261,0.0,0.0,0.3575626995097774,,True,-0.023877886366175143,,,0.31285754382566056,production_189C_16M,100042,common_eligible,261.0,0.27738575942958965,0.6590120686821813,0.813397252841835,-0.13071768760139643,0.08296191486904612,
264,1.0,1.0,0.5575907885662648,,True,-0.09005863890737041,,,0.10130985419071503,production_189C_16M,100042,common_eligible,264.0,0.6661135763294471,0.5574712958384775,0.6850019353673987,-0.21536403905571427,0.03524676124097344,
265,0.0,0.0,0.4897541888470956,,True,-0.1673142494159119,,,-0.19966649402570194,production_189C_16M,100042,common_eligible,265.0,0.4996763705517501,0.14893702683236537,0.628546246930987,-0.3364685658018613,0.001840066970037496,
270,0.0,0.0,0.41382967514227564,,True,-0.1891534541373279,,,-0.05981133747776573,production_189C_16M,100042,common_eligible,270.0,0.1144462365137714,0.33712055526243906,0.41791831466666274,-0.30340958121268974,-0.07489732706196608,
271,1.0,0.0,0.7707164726769933,,True,-0.09842084679379556,,,-0.027407061388611043,production_189C_16M,100042,common_eligible,271.0,0.799641172529823,0.7958986074894286,-1.0364162338994083,-0.21375714881839214,0.01691545523080097,
277,1.0,1.0,0.8899829644026354,,True,0.062380032320125664,,,0.19707323380293573,production_189C_16M,100042,common_eligible,277.0,0.6571421160618739,0.5551006496373309,0.3978550126741211,-0.10629370835108308,0.2310537729913344,
282,0.0,0.0,0.6242495481824158,,True,-0.06421698463387521,,,0.2904593735133494,production_189C_16M,100042,common_eligible,282.0,0.7569568217380804,0.658524317399809,1.9160875529937176,-0.2512217423439161,0.12278777307616562,
284,0.0,1.0,0.16597983639042652,,True,-0.05743485257231903,,,0.18518688543613304,production_189C_16M,100042,common_eligible,284.0,0.26459246271194714,0.5107274563565002,-0.6356273058486236,-0.2037217215208686,0.08885201637623047,
288,1.0,0.0,0.7505262107367326,,True,-0.049086430110822095,,,0.004640120746827181,production_189C_16M,100042,common_eligible,288.0,0.489617058084552,0.5035139735319437,-0.656984349362379,-0.1459789649979989,0.0478061047763547,
318,0.0,0.0,0.6619452436490905,,True,-0.03026228645755676,,,-0.20199985734703257,production_189C_16M,100042,common_eligible,318.0,0.617915985752386,0.4863116694544436,1.6962533728598856,-0.14827996976142893,0.08775539684631538,
328,0.0,1.0,0.45537902272348385,,True,0.005934512561885755,,,0.10327243996857394,production_189C_16M,100042,common_eligible,328.0,0.22955765946395168,0.3763408308894004,-1.267856316735283,-0.08961836490585084,0.10148739002962232,
334,0.0,0.0,0.39307427262976935,,True,-0.1285902368523476,,,-0.1484375342195409,production_189C_16M,100042,common_eligible,334.0,0.5571027051118642,0.23251302726307455,0.593319515959411,-0.2469441489949143,-0.010236324709780933,
339,0.0,1.0,0.7123204588984382,,True,-0.07017229568795601,,,-0.04096418254395162,production_189C_16M,100042,common_eligible,339.0,0.5965822117379189,0.5725643073695623,-1.4263344775850084,-0.22604385448951542,0.08569926311360336,
343,1.0,1.0,0.72370610728397,,True,-0.061267220794085274,,,-0.252500407706424,production_189C_16M,100042,common_eligible,343.0,0.42534802491747775,0.2840485121386202,0.8479853373218375,-0.22157817721643694,0.09904373562826635,
346,0.0,0.0,0.46952221535196176,,True,-0.08522193722518587,,,0.021257549177203516,production_189C_16M,100042,common_eligible,346.0,0.35612217571038957,0.2807649199393508,0.5959661926683144,-0.172279306235807,0.001835431785435243,
349,0.0,1.0,0.8193912307622631,,True,-0.083243665216265,,,0.03268878550218324,production_189C_16M,100042,common_eligible,349.0,0.7568555285781641,0.31957244873460944,-1.7835326138392307,-0.20515743618464904,0.038670105752119,
354,1.0,0.0,0.5853192865958416,,True,0.05365962262308625,,,-0.14297135067526034,production_189C_16M,100042,common_eligible,354.0,0.25187610313375147,0.5873267249104718,-0.6679790248462454,-0.1934117936227875,0.30073103886895997,
357,1.0,1.0,0.6143485744637762,,True,-0.12837724811879753,,,0.1013446835796018,production_189C_16M,100042,common_eligible,357.0,0.20547834142815696,0.1638253245023903,1.3194222915462204,-0.278767186268095,0.02201269003049991,
360,1.0,0.0,0.38652785682374197,,True,-0.013714689691225985,,,-0.20995476861796994,production_189C_16M,100042,common_eligible,360.0,0.22990715001851458,0.28775504199642987,-0.6866134370477108,-0.17040029559835332,0.1429709162159013,
361,0.0,0.0,0.3485290307997674,,True,-0.04422359792747841,,,-0.0406445885166562,production_189C_16M,100042,common_eligible,361.0,0.24084322813678039,0.21529991678373056,0.3441481093290529,-0.2006416907821702,0.11219449492721334,
365,1.0,0.0,0.560968164264129,,True,-0.1657512755067059,,,-0.3344524588585174,production_189C_16M,100042,common_eligible,365.0,0.22990707649628198,0.057451517505475606,-0.27487049296631955,-0.3488940311703444,0.017391480156932565,
368,1.0,0.0,0.714401746082142,,True,-0.07056814913047338,,,-0.05427466854280549,production_189C_16M,100042,common_eligible,368.0,0.3325430714021838,0.4404902305995466,-0.508639002601994,-0.18505698681950947,0.04392068855856268,
370,1.0,0.0,0.15655583027297423,,True,-0.1236783371926781,,,-0.11224918810400103,production_189C_16M,100042,common_eligible,370.0,0.026180644320393996,0.05088199013154265,-0.30030724724363367,-0.22245690711079963,-0.02489976727455659,
380,0.0,1.0,0.6878999118223514,,True,-0.13955367458526255,,,-0.4595323870462047,production_189C_16M,100042,common_eligible,380.0,0.3647722971129069,0.13198009280819878,-2.2681255058625056,-0.22549553818955598,-0.05361181098096915,
384,1.0,1.0,0.6991657742207109,,True,-0.04800072120397378,,,0.0703099140074529,production_189C_16M,100042,common_eligible,384.0,0.5952412355676518,0.6246393200088214,0.5662674419401905,-0.24133455646958304,0.14533311406163546,
392,1.0,1.0,0.8614465356044667,,True,-0.07826353579939581,,,0.0859568948245617,production_189C_16M,100042,common_eligible,392.0,0.5798850089186182,0.6888676648749268,0.4701569392874911,-0.24051549131715816,0.0839884197183665,
398,0.0,1.0,0.31302957451177105,,True,-0.07330199303784748,,,-0.3498504475078327,production_189C_16M,100042,common_eligible,398.0,0.33381973356651834,0.33215952029375795,-0.9713966702097943,-0.22716812465673278,0.08056413858103778,
422,1.0,1.0,0.5507360321013497,,True,0.04637991982453443,,,0.04875396248008518,production_189C_16M,100042,common_eligible,422.0,0.31760002962145684,0.6819276988330695,0.9418680563065267,-0.08019655516440719,0.17295639481347602,
424,1.0,0.0,0.7465341465314489,,True,-0.12118719279882277,,,-0.411950972386599,production_189C_16M,100042,common_eligible,424.0,0.8800407534092558,0.602025218270948,-1.084442436128813,-0.29770322962744594,0.05532884402980033,
431,1.0,1.0,0.36720906701781686,,True,-0.11518324326053352,,,-0.32665406706368566,production_189C_16M,100042,common_eligible,431.0,0.5902148769128996,0.17218863553357494,1.8363063413895535,-0.2093372362958893,-0.021029250225177737,
435,0.0,1.0,0.4129597617278917,,True,-0.09135698160055467,,,-0.10742312894197681,production_189C_16M,100042,common_eligible,435.0,0.9294681770496492,0.5356881294942271,-0.513928239028555,-0.22568732196561722,0.04297335876450786,
446,1.0,0.0,0.20767483528290356,,True,-0.08717696262549843,,,-0.06432527410523083,production_189C_16M,100042,common_eligible,446.0,0.23299736512473415,0.03245674123556289,-0.35682697024090393,-0.28240330538554786,0.10804938013455095,
447,1.0,1.0,0.498122190950462,,True,-0.06725843085085502,,,0.034144994760945346,production_189C_16M,100042,common_eligible,447.0,0.1973540987878996,0.4233606929287111,1.3836328102525837,-0.25616052127938665,0.12164365957767655,
451,1.0,1.0,0.8206256180127607,,True,-0.00013235909492851099,,,-0.17663563846118313,production_189C_16M,100042,common_eligible,451.0,0.39967917906064826,0.30304354025262625,0.7526632917263842,-0.1594756713462247,0.15921095315636766,
460,1.0,0.0,0.5181511359956863,,True,-0.012119425046236799,,,-0.15089969081385596,production_189C_16M,100042,common_eligible,460.0,0.5618316897543361,0.347020025485144,-0.8845390881381093,-0.11486083541085905,0.09062198531838543,
462,0.0,0.0,0.551316614167244,,True,0.009157335683168611,,,-0.02877369342676961,production_189C_16M,100042,common_eligible,462.0,0.3284713478246153,0.5807058016115656,0.9843127036088659,-0.10652101938607113,0.12483569075240832,
465,0.0,1.0,0.3616233046467343,,True,-0.13308910579701938,,,-0.07352311822592295,production_189C_16M,100042,common_eligible,465.0,0.660070389755208,0.43078777373728433,-0.7617732484597632,-0.29632746020047723,0.030149248606438417,
467,0.0,0.0,0.3694281366177929,,True,-0.07918402913853502,,,0.18109530692018136,production_189C_16M,100042,common_eligible,467.0,0.708800248902517,0.32099015097049677,0.7362493313941081,-0.23832954768924325,0.07996148941217317,
468,1.0,0.0,0.44479245539550216,,True,-0.09472365785505266,,,-0.36394341785118856,production_189C_16M,100042,common_eligible,468.0,0.6226652874239057,0.25712449964217554,-0.9436182630697151,-0.19872052948962726,0.009273213779521908,
474,0.0,0.0,0.41083214624870906,,True,0.01913428679332437,,,0.27024214191256124,production_189C_16M,100042,common_eligible,474.0,0.27277813259325345,0.40347479288266264,0.5936854857259086,-0.19907640795764303,0.23734498154429173,
478,1.0,0.0,0.6224598671868002,,True,-0.11310625354542785,,,-0.14113139488284232,production_189C_16M,100042,common_eligible,478.0,0.3502824012175236,0.03380013994568696,-0.3707831756399328,-0.24158388355919858,0.01537137646834287,
481,0.0,1.0,0.4199162936208889,,True,-0.09464399241723775,,,0.24256774419822325,production_189C_16M,100042,common_eligible,481.0,0.33924749562426026,0.23456459148839118,-1.243746968700213,-0.24455989182359214,0.055271906989116576,
486,1.0,1.0,0.7384055566399511,,True,-0.20252828602544956,,,-0.6892153014395378,production_189C_16M,100042,common_eligible,486.0,0.8210043466092619,0.18422501047676934,0.46799971406228436,-0.36025386146922245,-0.044802710581676675,
487,1.0,1.0,0.895668901272474,,True,-0.03526611200433191,,,-0.028156691615068175,production_189C_16M,100042,common_eligible,487.0,0.7919646850018982,0.7468746810030763,0.23752036534336396,-0.16081416787353292,0.09028194386486907,
498,0.0,0.0,0.3064014197369522,,True,-0.10589260907334191,,,-0.1062618189134249,production_189C_16M,100042,common_eligible,498.0,0.42045644978845054,0.1158018167205046,0.3015410278703913,-0.23551258850347623,0.02372737035679237,
503,0.0,0.0,0.3395701409354137,,True,-0.02898825118489135,,,-0.16728505428348134,production_189C_16M,100042,common_eligible,503.0,0.2764864179390915,0.20385506791381997,0.3460148001210875,-0.27895125295171375,0.22097475058193097,
507,1.0,1.0,0.8858981163113235,,True,-0.0731819399361103,,,-0.030854928811506976,production_189C_16M,100042,common_eligible,507.0,0.8863696284512167,0.840065087390369,0.1342296644701035,-0.19076916593242044,0.04440528606019979,
508,0.0,0.0,0.47980167435767335,,True,-0.09400607291856598,,,-0.05620972089686527,production_189C_16M,100042,common_eligible,508.0,0.15852874462973168,0.23164430011447898,0.37786229690108064,-0.22282926769732542,0.03481712186019344,
514,1.0,1.0,0.8430372848886678,,True,-0.14527122031669318,,,-0.061478120138046544,production_189C_16M,100042,common_eligible,514.0,0.8415692978009905,0.5891515030670276,0.23492541569975994,-0.3277685030887626,0.03722606245537621,
528,1.0,1.0,0.4976120907871823,,True,0.005125555427610013,,,-0.3151680255715663,production_189C_16M,100042,common_eligible,528.0,0.40495308519453926,0.5045166001211492,1.0952857030571996,-0.09586620450820993,0.10611731536342991,
532,1.0,0.0,0.6244960886001973,,True,-0.17205057299132748,,,-0.5334643262344162,production_189C_16M,100042,common_eligible,532.0,0.521710363804407,0.2917989843566197,-0.6971664826954068,-0.25227662930879186,-0.09182451667386313,
534,0.0,1.0,0.6779672984620977,,True,-0.031677257317537816,,,0.13543398492073888,production_189C_16M,100042,common_eligible,534.0,0.3583107858963352,0.7257498440335198,-1.6251822223700678,-0.16162850035845244,0.09827398572337678,
535,0.0,0.0,0.6611913117082947,,True,0.021926140938786937,,,0.03704061610492676,production_189C_16M,100042,common_eligible,535.0,0.4531931837133799,0.4118173978436599,1.2962321308528657,-0.0811985272449174,0.12505080912249125,
538,1.0,0.0,0.665198048203201,,True,-0.02478513823358483,,,-0.06212851278558973,production_189C_16M,100042,common_eligible,538.0,0.47958156722214806,0.5514956055176145,-0.7571557507805632,-0.16635149095424925,0.11678121448707954,
539,0.0,1.0,0.37152500868260463,,True,-0.11097150022655196,,,-0.11126006308263126,production_189C_16M,100042,common_eligible,539.0,0.295928758284995,0.32270647450261525,-1.0935075002858183,-0.2609772499565674,0.03903424950346347,
546,0.0,0.0,0.28274147540780453,,True,-0.09736749764365793,,,-0.06620608679353736,production_189C_16M,100042,common_eligible,546.0,0.13370380419464747,0.04761960877790484,0.10032530633252709,-0.18244975172367492,-0.012285243563640955,
549,1.0,0.0,0.8288785135352711,,True,-0.10450848432272683,,,-0.22605679180368443,production_189C_16M,100042,common_eligible,549.0,0.6162671534676794,0.6685932769715425,-0.7542978461776624,-0.23934025563049433,0.030323286985040637,
550,0.0,0.0,0.19512718703527704,,True,-0.10321494001330649,,,-0.08381602753461014,production_189C_16M,100042,common_eligible,550.0,0.07014033554748035,0.09634872036851012,0.1133530049618452,-0.21931730498844892,0.012887424961835925,
552,1.0,0.0,0.5434281370728052,,True,-0.1807829864984319,,,0.08753892270289004,production_189C_16M,100042,common_eligible,552.0,0.2793283117474655,0.16202579348381976,-0.4154574764455635,-0.25101007568021183,-0.110555897316652,
559,1.0,0.0,0.31492404354128245,,True,-0.1709528503623349,,,-0.36576085048430995,production_189C_16M,100042,common_eligible,559.0,0.475686642417275,0.2913028627112861,-1.1093778177464666,-0.2975909276966312,-0.0443147730280386,
561,1.0,0.0,0.6604851438798335,,True,-0.10219411684306842,,,-0.14847635272894044,production_189C_16M,100042,common_eligible,561.0,0.4885965494899231,0.47518011098337043,-0.7328574666454433,-0.3169728228283074,0.11258458914217051,
563,0.0,0.0,0.2974382055528853,,True,-0.09121129043872642,,,0.08723419972137467,production_189C_16M,100042,common_eligible,563.0,0.21550771996437326,0.34695492281230195,0.4381927755045921,-0.25774017156009477,0.07531759068264188,
568,1.0,1.0,0.8593255853043639,,True,-0.1363422304948319,,,-0.11006768648138565,production_189C_16M,100042,common_eligible,568.0,0.7796908673770818,0.6281500638371472,0.28118218588571775,-0.31817525422705795,0.04549079323739405,
569,0.0,1.0,0.5528048922578694,,True,-0.088066257703164,,,-0.03506472883281053,production_189C_16M,100042,common_eligible,569.0,0.6611938447671052,0.512722477178401,-0.9060962820103152,-0.2513251222558377,0.07519260684950967,
578,0.0,0.0,0.4971559752754181,,True,-0.11173909267292001,,,-0.1661069213092291,production_189C_16M,100042,common_eligible,578.0,0.48007250512293087,0.1985550319104386,0.6731970734819355,-0.1983724554241701,-0.025105729921669956,
584,1.0,0.0,0.3530020950388765,,True,-0.039917365982490634,,,-0.18620539681394355,production_189C_16M,100042,common_eligible,584.0,0.3002764965511114,0.49428169929480315,-1.206217929757455,-0.17966390543766547,0.09982917347268419,
588,1.0,1.0,0.7599037798222803,,True,-0.05198492235489657,,,0.05151712594740754,production_189C_16M,100042,common_eligible,588.0,0.5989536181828509,0.7068717062070728,0.4936620487418295,-0.25194096185424275,0.14797111714444955,
594,0.0,1.0,0.4358862117958283,,True,-0.1553059258932735,,,-0.1845762402931477,production_189C_16M,100042,common_eligible,594.0,0.3450173762070346,0.2893044246180034,-1.2167954095769313,-0.23430633324082506,-0.07630551854572196,
599,0.0,1.0,0.5047157237367998,,True,-0.07677400894841535,,,-0.017020805613165407,production_189C_16M,100042,common_eligible,599.0,0.32586425805549957,0.19413390627280455,-1.4928390609682385,-0.19925422041964141,0.04570620252281067,
603,1.0,1.0,0.8965984662730258,,True,-0.11269124098144978,,,-0.4064471216929251,production_189C_16M,100042,common_eligible,603.0,0.8240408711123715,0.43645704463981083,0.240950547116902,-0.2178961079317191,-0.007486374031180507,
609,0.0,1.0,0.2628351951498874,,True,-0.12471465862980237,,,-0.17815202596793825,production_189C_16M,100042,common_eligible,609.0,0.3611880740509345,0.28592851337063,-0.9418390850228358,-0.24452576721133057,-0.004903550048274183,
614,1.0,1.0,0.5726448508420163,,True,-0.1529276224723919,,,0.13800989485438941,production_189C_16M,100042,common_eligible,614.0,0.32134840229738393,0.13572284796780826,1.3236469917543707,-0.3041020765555408,-0.0017531683892429983,
617,1.0,0.0,0.7178793441680776,,True,-0.12776544764237466,,,-0.32977963417948597,production_189C_16M,100042,common_eligible,617.0,0.8048943701497815,0.4648705377590742,-0.9875846537677238,-0.2539082388356281,-0.0016226564491212958,
621,1.0,1.0,0.719441708520127,,True,-0.10924840630779041,,,-0.10300534475910206,production_189C_16M,100042,common_eligible,621.0,0.6338426538062932,0.46081922314654916,0.5764198813808268,-0.20226992468186017,-0.016226887933720652,
626,1.0,0.0,0.37375575622168683,,True,-0.17119037533361792,,,-0.14734105843629364,production_189C_16M,100042,common_eligible,626.0,0.06730359278770888,0.03902723129941696,-0.13269543905366493,-0.2532334013935064,-0.08914734927372943,
638,1.0,0.0,0.26982284499575265,,True,-0.13756570557048026,,,-0.028967779075204383,production_189C_16M,100042,common_eligible,638.0,0.11795731343678195,0.06941434204727653,-0.3058019223444151,-0.2486908939593005,-0.02644051718166006,
648,1.0,1.0,0.4853098968455891,,True,-0.17802626298199023,,,0.22657797391420198,production_189C_16M,100042,common_eligible,648.0,0.7157742453353908,0.4598434715346434,0.8570828531132284,-0.3033434287931209,-0.052709097170859615,
651,1.0,0.0,0.8400908645880912,,True,-0.10114588136106008,,,0.14285091672279376,production_189C_16M,100042,common_eligible,651.0,0.5063475662804772,0.1512717979811567,-0.5351417639643579,-0.2801444583066491,0.07785269558452888,
656,0.0,0.0,0.31016645628077394,,True,0.023233938012871574,,,0.008071797181922913,production_189C_16M,100042,common_eligible,656.0,0.3391480446162763,0.577527158664023,0.7300166224063072,-0.06572455804961506,0.1121924340753582,
662,0.0,0.0,0.795984834636873,,True,0.005300530813033555,,,0.12090442381375327,production_189C_16M,100042,common_eligible,662.0,0.602560464413763,0.578846128743734,2.9297938672190273,-0.18885352769916627,0.19945458932523336,
663,1.0,1.0,0.6611570820652285,,True,-0.08566528587682147,,,-0.0006267839972746714,production_189C_16M,100042,common_eligible,663.0,0.5600201820424707,0.6238168988065418,0.6327736080323169,-0.20407924355116125,0.03274867179751827,
676,1.0,0.0,0.5074586085423022,,True,-0.08548719068310351,,,0.288078314021742,production_189C_16M,100042,common_eligible,676.0,0.5128618451234043,0.2370410744422043,-0.7429348770378061,-0.216402591271421,0.045428209905213957,
680,1.0,0.0,0.8142674081481726,,True,-0.0416506055877611,,,-0.21676132704337042,production_189C_16M,100042,common_eligible,680.0,0.28649380658491874,0.1732185453036293,-0.32600457301632163,-0.12031675817033702,0.03701554699481481,
684,0.0,0.0,0.4767038477674782,,True,-0.06831329210936447,,,-0.09365228131014089,production_189C_16M,100042,common_eligible,684.0,0.07500734791932387,0.09431201241262713,0.1626409905857509,-0.15598941572950079,0.019362831510771825,
707,1.0,0.0,0.37689242235308673,,True,-0.07299175678013571,,,-0.18261274863827542,production_189C_16M,100042,common_eligible,707.0,0.21942363162716366,0.07825928097591793,-0.3488079017932789,-0.1760393002364819,0.030055786676210436,
708,0.0,0.0,0.36990990607935353,,True,-0.12743741341908835,,,-0.3033594815556778,production_189C_16M,100042,common_eligible,708.0,0.4354379599761319,0.17009379219190304,0.42572836958369076,-0.29130140278189615,0.0364265759437194,
713,0.0,1.0,0.30180578383099915,,True,-0.05786816367671336,,,0.18351149860665072,production_189C_16M,100042,common_eligible,713.0,0.7428200384844842,0.6583644031663684,-0.45280581003979287,-0.23863293699158497,0.12289660963815824,
743,1.0,0.0,0.5692106179706797,,True,-0.16642281837060507,,,-0.3588049137290085,production_189C_16M,100042,common_eligible,743.0,0.708079890191026,0.2085803051763669,-0.8659374176748906,-0.3163615280429485,-0.016484108698261668,
744,0.0,0.0,0.3118452004905281,,True,0.0018185658608848724,,,0.00043827428651807554,production_189C_16M,100042,common_eligible,744.0,0.21006615632254447,0.16582631502354478,0.2610201909964709,-0.1988351107694172,0.20247224249118692,
752,1.0,0.0,0.4976120907871823,,True,0.005125555427610013,,,-0.048624029853681416,production_189C_16M,100042,common_eligible,752.0,0.40495308519453926,0.5045166001211492,-0.914311769580735,-0.09586620450820993,0.10611731536342991,
760,1.0,1.0,0.6923646690804353,,True,-0.18172923252029677,,,-0.1049719012824385,production_189C_16M,100042,common_eligible,760.0,0.8499391231971852,0.4038038648525092,0.4149660684161611,-0.36885524896142385,0.0053967839208302615,
773,1.0,1.0,0.8692254357777036,,True,-0.04519924247400699,,,-0.05078761983714952,production_189C_16M,100042,common_eligible,773.0,0.8437628935615387,0.8802790763467855,0.1742490639521436,-0.24560290526173995,0.15520442031372594,
776,0.0,0.0,0.3167064190307683,,True,0.028006727272941064,,,0.11215936655437345,production_189C_16M,100042,common_eligible,776.0,0.07997546902444524,0.41053740430750363,0.44760601597089744,-0.13251693387366878,0.18853038841955086,
779,0.0,0.0,0.2678627871247748,,True,-0.09869233232668287,,,0.2102850669914252,production_189C_16M,100042,common_eligible,779.0,0.08326897522402205,0.14434178930057648,0.17480692533284592,-0.18063907168044915,-0.016745592972916598,
781,1.0,1.0,0.7124159078673112,,True,-0.12275965612433014,,,0.031273744586730046,production_189C_16M,100042,common_eligible,781.0,0.6524985949433281,0.5685012955705222,0.521686402611352,-0.22542005224655928,-0.02009926000210102,
798,1.0,1.0,0.5738501829537611,,True,0.002612133884393442,,,-0.012829595656138837,production_189C_16M,100042,common_eligible,798.0,0.4610066469393637,0.6899678586580268,0.7692279059735196,-0.23260728767965155,0.23783155544843837,
822,0.0,0.0,0.7851643283955761,,True,0.08845300340899974,,,0.15687867128973654,production_189C_16M,100042,common_eligible,822.0,0.7039467014881663,0.8549548974861817,3.4276833227634667,-0.05285024273659837,0.22975624955459784,
839,0.0,0.0,0.34581130524434806,,True,-0.12515603456334823,,,-0.082870305049013,production_189C_16M,100042,common_eligible,839.0,0.1126466506091078,0.086969561538685,0.14651581415787712,-0.23488794941915864,-0.015424119707537862,
845,1.0,1.0,0.752910890896712,,True,0.03541929822369861,,,-0.054967122143437575,production_189C_16M,100042,common_eligible,845.0,0.5246796930671129,0.7724547060476488,0.5499957627446231,-0.15272678566151326,0.22356538210891042,
859,1.0,1.0,0.7373700262799631,,True,-0.0659144618929148,,,0.10091643251497262,production_189C_16M,100042,common_eligible,859.0,0.6352483735197884,0.7457560343927967,0.4553060070844293,-0.17731465065648955,0.04548572687065991,
868,1.0,0.0,0.3158631133936012,,True,-0.07401005027748273,,,-0.03768758335333155,production_189C_16M,100042,common_eligible,868.0,0.28142855356043467,0.1800533921448985,-0.6714113084363869,-0.21810870845325855,0.07008860789829305,
875,1.0,1.0,0.2954085010099827,,True,0.007599235262336684,,,0.2750351541256375,production_189C_16M,100042,common_eligible,875.0,0.07893179342112945,0.6520298895516717,1.7510266569493433,-0.107928977452441,0.12312744797711435,
892,0.0,0.0,0.2735318871361978,,True,-0.07134158763516345,,,-0.4218944972490402,production_189C_16M,100042,common_eligible,892.0,0.1691753800978599,0.26355112855595086,0.3272495347980797,-0.22191036835012773,0.07922719307980079,
893,0.0,1.0,0.4209871190121045,,True,-0.11312012733989948,,,-0.13899119129057289,production_189C_16M,100042,common_eligible,893.0,0.5576017615513111,0.2601762911485843,-1.0614814231716556,-0.22735230467055,0.001112049990750999,
898,1.0,1.0,0.45930358416275124,,True,-0.08427754278893392,,,0.11489019733853345,production_189C_16M,100042,common_eligible,898.0,0.3544588116907033,0.29474590032829595,1.4757728196215727,-0.19549379376235257,0.02693870818448471,
908,1.0,1.0,0.6365359451118013,,True,-0.09370618346515087,,,0.2700079153490359,production_189C_16M,100042,common_eligible,908.0,0.6292463172641775,0.5328327175584007,0.6375076910385282,-0.218073792232503,0.03066142530220123,
913,0.0,0.0,0.5308330470719369,,True,0.01171976654884009,,,0.5763362625455206,production_189C_16M,100042,common_eligible,913.0,0.11324866872774632,0.22968695448626023,0.3578207361228528,-0.19472195661502886,0.21816148971270896,
915,1.0,1.0,0.8985953873026874,,True,0.019576234138712505,,,-0.10460704553612188,production_189C_16M,100042,common_eligible,915.0,0.7229760087050645,0.9147129207113539,0.28664846006648165,-0.08142218191843487,0.12057465019585986,
929,1.0,0.0,0.6917161097835349,,True,-0.026629306707557282,,,-0.2246108655442407,production_189C_16M,100042,common_eligible,929.0,0.6851695589553498,0.6757085587757535,-0.9863192072079235,-0.18874225346390658,0.13548364004879196,
934,0.0,0.0,0.1659961305234345,,True,-0.1682320753487734,,,-0.17923562100166213,production_189C_16M,100042,common_eligible,934.0,0.08206063993600862,0.15114782231020452,0.1674807785424142,-0.31224136825504967,-0.024222782442497204,
955,1.0,1.0,0.8062636411829276,,True,-0.12321956641676701,,,-0.4074361291328243,production_189C_16M,100042,common_eligible,955.0,0.7848808130485062,0.6112018042000369,0.308543152663774,-0.2821337570620035,0.035694624228469474,
960,1.0,1.0,0.6170074518662535,,True,0.05298656804355911,,,0.30302428580824725,production_189C_16M,100042,common_eligible,960.0,0.7907987537759217,0.8506454031331226,0.3019095230147665,-0.03321470150522793,0.13918783759234615,
961,0.0,1.0,0.6459993475063636,,True,-0.01782490795278902,,,-0.17386110854674186,production_189C_16M,100042,common_eligible,961.0,0.39297221034769936,0.4621709136327996,-1.6455659034361054,-0.1607755706741321,0.12512575476855403,
967,0.0,0.0,0.7025460266514392,,True,-0.0889461282784453,,,0.11315424130412288,production_189C_16M,100042,common_eligible,967.0,0.49954450850912324,0.4913003757456682,1.6711568948494786,-0.1772751927695438,-0.0006170637873468138,
976,0.0,0.0,0.22031990702892976,,True,-0.17398561632627782,,,-0.10435438224184548,production_189C_16M,100042,common_eligible,976.0,0.14739526230042968,0.045474238188630285,0.0871247956150597,-0.3756099819283575,0.02763874927580179,
980,1.0,1.0,0.7864499826541237,,True,-0.09217707355479106,,,-0.1328309937568829,production_189C_16M,100042,common_eligible,980.0,0.6496228188243901,0.4709241106118068,0.4940406916951638,-0.22405506299840894,0.03970091588882681,
986,1.0,0.0,0.7205177971515432,,True,-0.1255639445716387,,,-0.21930664730454208,production_189C_16M,100042,common_eligible,986.0,0.5970190404474943,0.5037849136811311,-0.7924325583287308,-0.3061935656020135,0.055065676458736085,
987,0.0,0.0,0.5668629658807873,,True,-0.09906694744691168,,,0.16537846499403014,production_189C_16M,100042,common_eligible,987.0,0.5378360873560974,0.55011370370387,1.2540003160697926,-0.23987312734733557,0.0417392324535122,
989,0.0,0.0,0.44506160418132035,,True,0.008727089278705927,,,-0.22553091570484401,production_189C_16M,100042,common_eligible,989.0,0.5113528573076289,0.3022166274550165,0.7123225503661348,-0.13676896139315775,0.15422313995056958,
5,1.0,1.0,0.7049367900586416,,True,-0.01493391660923861,,,0.29544125881310984,production_8C_8M,1100042,native_eligible,5.0,0.545429874720372,0.43091007673509085,0.6927723327284078,-0.12309192536396267,0.09322409214548542,
12,0.0,1.0,0.3661227591960806,,True,0.020771133759973272,,,-0.1020346687031714,production_8C_8M,1100042,native_eligible,12.0,0.3831712055755259,0.5523427473899294,-0.8039329565300655,-0.14068353791616456,0.18222580543611108,
15,1.0,0.0,0.7241649968799716,,True,-0.013323190118285266,,,-0.003080297422145953,production_8C_8M,1100042,native_eligible,15.0,0.6002659647845453,0.4757274023419665,-0.7814708974651414,-0.18431628414925275,0.15766990391268218,
30,0.0,0.0,0.6178425611023415,,True,-0.08401845329053613,,,-0.15824629257148742,production_8C_8M,1100042,native_eligible,30.0,0.7305969854159473,0.438313901791531,1.6194865459904624,-0.19819792290447863,0.03016101632340633,
35,1.0,1.0,0.849407993489659,,True,-0.0821914609201842,,,0.011426825642477212,production_8C_8M,1100042,native_eligible,35.0,0.7483479522027551,0.7044740312190182,0.30404600800923137,-0.1780176831345596,0.013634761294191167,
39,1.0,0.0,0.7614977893915532,,True,-0.13772505919393635,,,-0.0787740414269622,production_8C_8M,1100042,native_eligible,39.0,0.7883634991623205,0.42230015192494186,-0.9206285184145205,-0.2368676236438905,-0.03858249474398223,
40,0.0,0.0,0.32070578965732915,,True,-0.05366082186782699,,,0.060474988513839145,production_8C_8M,1100042,native_eligible,40.0,0.48252292990153167,0.4082462593431351,0.636053143173009,-0.16116750194426116,0.053845858208607156,
43,1.0,0.0,0.7345246030808934,,True,-0.0736962352464933,,,-0.19702180525731344,production_8C_8M,1100042,native_eligible,43.0,0.6064104332216038,0.3902435408270516,-0.7474541211547766,-0.17610967537748368,0.02871720488449707,
45,0.0,0.0,0.17746150607167607,,True,0.0030735802399190367,,,0.13139903885494988,production_8C_8M,1100042,native_eligible,45.0,0.731292956870979,0.516927495764712,0.6747029074492646,-0.08356249187041408,0.08970965235025212,
48,1.0,1.0,0.35578935963339003,,True,0.042315682925751434,,,-0.02351093248221392,production_8C_8M,1100042,native_eligible,48.0,0.8287159675175726,0.8077263855714469,0.5194245963381106,-0.040997493009915516,0.12562885886141836,
63,1.0,0.0,0.7081015844313221,,True,-0.027545120974768033,,,-0.08061850681857732,production_8C_8M,1100042,native_eligible,63.0,0.576613105197365,0.44943299643793794,-0.7618814091369408,-0.10725887924876304,0.05216863729922694,
67,1.0,1.0,0.19761961990991694,,True,-0.1588449494278512,,,-0.4040936263411786,production_8C_8M,1100042,native_eligible,67.0,0.7447441366605764,0.2972503319222261,3.1085785548690392,-0.27903725499418786,-0.03865264386151457,
69,0.0,0.0,0.27071812122619926,,True,-0.0808633051324078,,,-0.2535047085663173,production_8C_8M,1100042,native_eligible,69.0,0.5383239801604823,0.36549123530543004,0.5653235097136324,-0.17729525518297398,0.015568644918158348,
72,1.0,0.0,0.6654058634596793,,True,-0.08536694019809728,,,0.03393963416448598,production_8C_8M,1100042,native_eligible,72.0,0.29710335181219366,0.3365997061292057,-0.466359882625514,-0.16308982267943284,-0.007644057716761729,
93,0.0,1.0,0.15346082880631715,,True,-0.10679515842922861,,,-0.24763340158643393,production_8C_8M,1100042,native_eligible,93.0,0.40429253103395785,0.24888659366821994,-0.8591034025710995,-0.1817156043158834,-0.03187471254257386,
115,0.0,0.0,0.1527532382981618,,True,0.03370067632192003,,,-0.036066766855671034,production_8C_8M,1100042,native_eligible,115.0,0.14542148883694728,0.281169612093188,0.3073881877692566,-0.09384736383342401,0.16124871647726405,
116,0.0,1.0,0.1450671547798448,,True,-0.15386190470309644,,,-0.014342061446469406,production_8C_8M,1100042,native_eligible,116.0,0.7942206926425992,0.4312459259337449,-0.6036712243404595,-0.2712356728607402,-0.0364881365454527,
121,1.0,0.0,0.8498720011193464,,True,-0.1646192992248754,,,-0.578150415838105,production_8C_8M,1100042,native_eligible,121.0,0.8386724310807065,0.4998429921950859,-0.9269685840001255,-0.28345558591715064,-0.045783012532600184,
122,1.0,0.0,0.8538263296423494,,True,-0.1044508063490495,,,-0.1662835077113541,production_8C_8M,1100042,native_eligible,122.0,0.5516851422131019,0.28568002749247184,-0.6005930954076832,-0.20030356035827712,-0.008598052339821902,
123,0.0,1.0,0.3635090647979132,,True,0.03209046444398971,,,0.03246765507545743,production_8C_8M,1100042,native_eligible,123.0,0.599543887782819,0.5316078934538502,-0.6970983123909466,-0.07598201359400536,0.14016294248198474,
126,0.0,0.0,0.11130938306603881,,True,-0.11607470263638021,,,-0.3010231687743369,production_8C_8M,1100042,native_eligible,126.0,0.2279758604377287,0.15064159462539073,0.17919579773695413,-0.1840446601180073,-0.04810474515475313,
130,0.0,0.0,0.14327828486842537,,True,-0.106586564072602,,,0.006309753656425152,production_8C_8M,1100042,native_eligible,130.0,0.1696498127311982,0.3152987483379091,0.34367101177778536,-0.2332255714740702,0.02005244332886616,
137,0.0,0.0,0.20275542906630564,,True,-0.12714230810838306,,,-0.035394603233024145,production_8C_8M,1100042,native_eligible,137.0,0.24684688843976874,0.21014529069886334,0.2729234501295035,-0.2150101404355499,-0.03927447578121626,
145,1.0,0.0,0.17161148651355795,,True,-0.005941203670707881,,,-0.33769143797714973,production_8C_8M,1100042,native_eligible,145.0,0.22499664318893609,0.23784219994568284,-1.3730884781826478,-0.18581203253157272,0.1739296251901569,
151,0.0,1.0,0.4911363279932613,,True,0.05796652716590118,,,-0.31487008056515453,production_8C_8M,1100042,native_eligible,151.0,0.37089586410408704,0.5912656936967917,-1.0159222669033916,-0.06434113888919399,0.18027419322099633,
162,0.0,0.0,0.2711529465124475,,True,-0.09950535456794615,,,-0.1770906937214045,production_8C_8M,1100042,native_eligible,162.0,0.2381418044695276,0.18867159080853405,0.2772674788768479,-0.16730237338365211,-0.03170833575224022,
167,0.0,1.0,0.3599302350073436,,True,-0.13317083591642465,,,0.060419762402974864,production_8C_8M,1100042,native_eligible,167.0,0.41338354544095834,0.35228275573009094,-0.9775890955844811,-0.21977354676284216,-0.04656812507000713,
169,1.0,1.0,0.5084360975870578,,True,-0.14725997405365637,,,-0.059438745764093026,production_8C_8M,1100042,native_eligible,169.0,0.6882508987619745,0.5907097209020846,0.7074572890867533,-0.24398917180360194,-0.05053077630371082,
186,1.0,0.0,0.5189972897681637,,True,-5.3321739902862015e-05,,,-0.34838730337294177,production_8C_8M,1100042,native_eligible,186.0,0.5488354232251229,0.6133579479181148,-1.1172908681902387,-0.14458521037650846,0.14447856689670271,
193,0.0,0.0,0.39404328442896036,,True,-0.10829919539369996,,,-0.07790570380726344,production_8C_8M,1100042,native_eligible,193.0,0.6786246078875908,0.3941561203955172,0.8354540918757788,-0.24285560164873254,0.02625721086133255,
196,0.0,0.0,0.41372607768955594,,True,0.025164228233313907,,,0.18500422317417548,production_8C_8M,1100042,native_eligible,196.0,0.46134894714593894,0.5139321485391334,0.8395002543090244,-0.09076927016594658,0.14109772663257436,
208,1.0,1.0,0.21057314906385796,,True,0.020771133759973272,,,-0.38364186382161225,production_8C_8M,1100042,native_eligible,208.0,0.41590008988098043,0.5692545106534259,2.1989404380853514,-0.14068353791616456,0.18222580543611108,
211,0.0,0.0,0.10762602854471696,,True,-0.10667369262643474,,,0.039362356322426656,production_8C_8M,1100042,native_eligible,211.0,0.3315939852848276,0.2774644341423807,0.3174567970609462,-0.2260886023794414,0.012741217126571891,
229,0.0,0.0,0.6125170975782313,,True,-0.14600888822110683,,,-0.0181111175885878,production_8C_8M,1100042,native_eligible,229.0,0.43682312390348293,0.3339631375656055,1.0244752358702194,-0.23667519021915284,-0.05534258622306085,
241,1.0,0.0,0.1297028816402344,,True,-0.09042814596261142,,,-0.2359562924134932,production_8C_8M,1100042,native_eligible,241.0,0.3074903575076393,0.2878961486846495,-2.239253055595619,-0.19237304742965733,0.011516755504434456,
250,1.0,1.0,0.8940145741816591,,True,-0.11742583591986865,,,-0.14381661120733635,production_8C_8M,1100042,native_eligible,250.0,0.8420065004082051,0.5295209690666276,0.21376878768227936,-0.24404314718065623,0.009191475340918895,
261,0.0,0.0,0.19932343875777572,,True,0.025164228233313907,,,0.31285754382566056,production_8C_8M,1100042,native_eligible,261.0,0.42313934770336076,0.5155874198566821,0.6209253227510827,-0.09076927016594658,0.14109772663257436,
264,1.0,1.0,0.40928509922266226,,True,-0.16608515898486562,,,0.10130985419071503,production_8C_8M,1100042,native_eligible,264.0,0.7879846289632729,0.4488407706438892,1.0074950259275726,-0.2639149076664994,-0.0682554103032319,
265,0.0,0.0,0.3686797135901631,,True,-0.11734265142417878,,,-0.19966649402570194,production_8C_8M,1100042,native_eligible,265.0,0.7598677553121285,0.424216018523097,0.8679651462249922,-0.1927524488673415,-0.04193285398101608,
270,0.0,0.0,0.13804601185961027,,True,-0.11870240317781228,,,-0.05981133747776573,production_8C_8M,1100042,native_eligible,270.0,0.08384969409588784,0.15807800207540484,0.1715069275457286,-0.19788922732828101,-0.03951557902734357,
271,1.0,0.0,0.8461367240564468,,True,-0.12839015899988665,,,-0.027407061388611043,production_8C_8M,1100042,native_eligible,271.0,0.9283904200766833,0.39734920669755575,-1.0006452329194118,-0.2078100985516321,-0.04897021944814123,
277,1.0,1.0,0.8920464889990458,,True,0.014083541023633564,,,0.19707323380293573,production_8C_8M,1100042,native_eligible,277.0,0.34503894913867855,0.4670287706193018,0.7194600609282764,-0.0728375091331035,0.1010045911803706,
282,0.0,0.0,0.5132940644807116,,True,-0.0894846849724828,,,0.2904593735133494,production_8C_8M,1100042,native_eligible,282.0,0.8295833512803777,0.5832953546115129,1.4581977939045703,-0.20541329453293175,0.026443924587966128,
284,0.0,1.0,0.14133038684566038,,True,-0.14493369460918856,,,0.18518688543613304,production_8C_8M,1100042,native_eligible,284.0,0.3678934001768372,0.3129926399958253,-0.7910472245948472,-0.23534244051026,-0.05452494870811715,
288,1.0,0.0,0.7963268679985519,,True,-0.01979356741021566,,,0.004640120746827181,production_8C_8M,1100042,native_eligible,288.0,0.5812213116242939,0.4743173783523147,-0.7025354476831911,-0.17238243928450778,0.13279530446407645,
318,0.0,0.0,0.4860744539148504,,True,0.04856047646487488,,,-0.20199985734703257,production_8C_8M,1100042,native_eligible,318.0,0.5055966842824385,0.5553435679637743,1.0335405248689424,-0.031106322372348144,0.12822727530209788,
328,0.0,1.0,0.5302523227507492,,True,-0.07229290159880433,,,0.10327243996857394,production_8C_8M,1100042,native_eligible,328.0,0.6082216998514425,0.46391692803484447,-0.9783233718504152,-0.1913077614814376,0.04672195828382891,
334,0.0,0.0,0.1847418150062088,,True,-0.11314289558541911,,,-0.1484375342195409,production_8C_8M,1100042,native_eligible,334.0,0.527372933141373,0.22230034439516136,0.3418058392764267,-0.19593661645560106,-0.030349174715237168,
339,0.0,1.0,0.6886296291462001,,True,-0.1174880160088739,,,-0.04096418254395162,production_8C_8M,1100042,native_eligible,339.0,0.42396856172171216,0.396962173895735,-1.8769943513523983,-0.19350783513361808,-0.04146819688412974,
343,1.0,1.0,0.7875249839234263,,True,-0.02573930304055872,,,-0.252500407706424,production_8C_8M,1100042,native_eligible,343.0,0.48801872995012985,0.4536296394131806,0.6593925313041996,-0.15737542583799205,0.1058968197568746,
346,0.0,0.0,0.3628878730184565,,True,-0.08146343815528334,,,0.021257549177203516,production_8C_8M,1100042,native_eligible,346.0,0.23144273396230103,0.17793471316760928,0.30976042782017144,-0.17537595935196557,0.012449083041398856,
349,0.0,1.0,0.7968673566499692,,True,-0.08155511488784714,,,0.03268878550218324,production_8C_8M,1100042,native_eligible,349.0,0.8931455063326547,0.44030765936489596,-0.9788709448742214,-0.22560057157621147,0.06249034180051713,
354,1.0,0.0,0.7081691555570301,,True,-0.03679896969245838,,,-0.14297135067526034,production_8C_8M,1100042,native_eligible,354.0,0.6014615495388057,0.49506359768906133,-0.8054732981907684,-0.1846766148462825,0.11107867546136571,
357,1.0,1.0,0.5646391872666329,,True,-0.09400474041052624,,,0.1013446835796018,production_8C_8M,1100042,native_eligible,357.0,0.6637183399106846,0.4390313497544676,0.7688123327673846,-0.1965308927682272,0.008521411947174679,
360,1.0,0.0,0.24682204083780593,,True,-0.05010636740712424,,,-0.20995476861796994,production_8C_8M,1100042,native_eligible,360.0,0.21522584831451927,0.2996139899304495,-1.1294985474068493,-0.20914271447583863,0.1089299796615901,
361,0.0,0.0,0.21519738553463072,,True,-0.05119587637289612,,,-0.0406445885166562,production_8C_8M,1100042,native_eligible,361.0,0.3625620864959312,0.39987849058037267,0.4992950975969742,-0.2211162068929558,0.1187244541471635,
365,1.0,0.0,0.6896962699573265,,True,-0.14479664083575855,,,-0.3344524588585174,production_8C_8M,1100042,native_eligible,365.0,0.7516262861017479,0.2719960597803693,-0.8740010118806487,-0.29045229706916886,0.0008590153976517079,
368,1.0,0.0,0.8349488802909346,,True,-0.08345506214143522,,,-0.05427466854280549,production_8C_8M,1100042,native_eligible,368.0,0.831941798092508,0.5040537578250439,-0.9315821941531587,-0.1741245472915553,0.007214423008684856,
370,1.0,0.0,0.19107565516586422,,True,-0.10594964524659224,,,-0.11224918810400103,production_8C_8M,1100042,native_eligible,370.0,0.38519638301871134,0.21939766330990298,-1.314022773262118,-0.2049315005745284,-0.006967789918656084,
380,0.0,1.0,0.6487565302641659,,True,-0.09472138743828491,,,-0.4595323870462047,production_8C_8M,1100042,native_eligible,380.0,0.2938613628323202,0.17954539112626103,-2.1247124573653027,-0.18628578813999097,-0.0031569867365788817,
384,1.0,1.0,0.7777790206219679,,True,-0.08967373600926308,,,0.0703099140074529,production_8C_8M,1100042,native_eligible,384.0,0.8244756476678086,0.5893662176465834,0.2928474465027062,-0.19458259559616448,0.015235123577638301,
392,1.0,1.0,0.8601482527911424,,True,-0.08085147987251463,,,0.0859568948245617,production_8C_8M,1100042,native_eligible,392.0,0.6656842250129503,0.7675297532232097,0.3721131780281074,-0.15166477955119836,-0.010038180193830917,
398,0.0,1.0,0.1303868912601541,,True,-0.07653489814582713,,,-0.3498504475078327,production_8C_8M,1100042,native_eligible,398.0,0.24852433111045613,0.22791921735687612,-0.8847545399029918,-0.18615698286873528,0.033087186577080985,
422,1.0,1.0,0.44708244731806535,,True,0.0751490297090455,,,0.04875396248008518,production_8C_8M,1100042,native_eligible,422.0,0.370268353325576,0.5323274542238002,1.2081134664445552,-0.02312655187854938,0.17342461129664036,
424,1.0,0.0,0.4614239721745545,,True,-0.11816885112291974,,,-0.411950972386599,production_8C_8M,1100042,native_eligible,424.0,0.8171746172267765,0.6399880041726329,-1.5641713445941177,-0.20930228918171115,-0.02703541306412835,
431,1.0,1.0,0.1346435594679051,,True,-0.06748240759315784,,,-0.32665406706368566,production_8C_8M,1100042,native_eligible,431.0,0.5356718308119053,0.2779138306946569,5.10518822738104,-0.21480222661039544,0.07983741142407973,
435,0.0,1.0,0.10701736262499782,,True,-0.10608458238432938,,,-0.10742312894197681,production_8C_8M,1100042,native_eligible,435.0,0.35304730228205305,0.3847303476551102,-0.6928021468807575,-0.2204629612839717,0.00829379651531291,
446,1.0,0.0,0.1891108437789189,,True,-0.05009508452291521,,,-0.06432527410523083,production_8C_8M,1100042,native_eligible,446.0,0.29960085319674146,0.13854352857222915,-0.8936622128676965,-0.2502731310531801,0.15008296200734966,
447,1.0,1.0,0.38954114964836234,,True,-0.07611443773481645,,,0.034144994760945346,production_8C_8M,1100042,native_eligible,447.0,0.30848751989438467,0.2680213094550641,1.8386130375571772,-0.22472347876711563,0.07249460329748271,
451,1.0,1.0,0.6919855927758717,,True,0.0063983919627076755,,,-0.17663563846118313,production_8C_8M,1100042,native_eligible,451.0,0.20160027101364225,0.21113034544902823,1.1495388589918007,-0.11241747313810847,0.1252142570635238,
460,1.0,0.0,0.41574261903612264,,True,-0.013386418282118081,,,-0.15089969081385596,production_8C_8M,1100042,native_eligible,460.0,0.47685958252237265,0.44328815300155394,-1.099827648402814,-0.10386013837051995,0.07708730180628377,
462,0.0,0.0,0.3942704383960165,,True,0.03211706335101591,,,-0.02877369342676961,production_8C_8M,1100042,native_eligible,462.0,0.4079678725161289,0.5820045772009709,0.8475515838923586,-0.12620525537248037,0.19043938207451214,
465,0.0,1.0,0.12899363505836908,,True,-0.14600888822110683,,,-0.07352311822592295,production_8C_8M,1100042,native_eligible,465.0,0.3500809160385557,0.29636021867593104,-0.7998910011869804,-0.23667519021915284,-0.05534258622306085,
467,0.0,0.0,0.3370132003592264,,True,-0.10452401160696895,,,0.18109530692018136,production_8C_8M,1100042,native_eligible,467.0,0.8176727670895904,0.415699011429499,0.8313430577857122,-0.210203959902799,0.0011559366888610895,
468,1.0,0.0,0.22819101790974883,,True,-0.0969957660415687,,,-0.36394341785118856,production_8C_8M,1100042,native_eligible,468.0,0.4308625256124837,0.20318324050309886,-1.1180878663247038,-0.19592095399555295,0.0019294219124155326,
474,0.0,0.0,0.3925405316705979,,True,0.04754716733749412,,,0.27024214191256124,production_8C_8M,1100042,native_eligible,474.0,0.38186462189283366,0.5517171345250189,0.7984781935241374,-0.1577602888101928,0.25285462348518095,
478,1.0,0.0,0.5579476411911827,,True,-0.08371580372474963,,,-0.14113139488284232,production_8C_8M,1100042,native_eligible,478.0,0.6056240314522487,0.3667318268150037,-0.8961793759425213,-0.1955870295066259,0.028155422057126622,
481,0.0,1.0,0.3277216607144138,,True,-0.14552273074577018,,,0.24256774419822325,production_8C_8M,1100042,native_eligible,481.0,0.47103363834650347,0.33793527672341656,-0.919924785653967,-0.22936118385694879,-0.0616842776345916,
486,1.0,1.0,0.5045503815372111,,True,-0.17062420524514596,,,-0.6892153014395378,production_8C_8M,1100042,native_eligible,486.0,0.7790128705935154,0.12953020613794225,1.075755935523287,-0.28198804357029084,-0.059260366920001126,
487,1.0,1.0,0.898576045661531,,True,0.03555074669728281,,,-0.028156691615068175,production_8C_8M,1100042,native_eligible,487.0,0.7964087867525759,0.8116419345224319,0.2248515394318539,-0.11637629076000786,0.18747778415457345,
498,0.0,0.0,0.2157230688882907,,True,-0.10594964524659224,,,-0.1062618189134249,production_8C_8M,1100042,native_eligible,498.0,0.33237185379996365,0.16394071534447377,0.2553628565161944,-0.2049315005745284,-0.006967789918656084,
503,0.0,0.0,0.23174975233534803,,True,-0.009096282752656833,,,-0.16728505428348134,production_8C_8M,1100042,native_eligible,503.0,0.20756096785285755,0.23179172921083385,0.2944044039748281,-0.15496311044208785,0.13677054493677415,
507,1.0,1.0,0.870692439690889,,True,-0.0456736170391912,,,-0.030854928811506976,production_8C_8M,1100042,native_eligible,507.0,0.8733053906951318,0.7134040230636157,0.169257315586327,-0.15825501528073607,0.06690778120235366,
508,0.0,0.0,0.5034036956901548,,True,-0.12147160678401725,,,-0.05620972089686527,production_8C_8M,1100042,native_eligible,508.0,0.6143292955648411,0.4194224853704163,1.0421730678337005,-0.26529037147368917,0.022347157905654613,
514,1.0,1.0,0.7448134005759014,,True,-0.10710277101854417,,,-0.061478120138046544,production_8C_8M,1100042,native_eligible,514.0,0.7292771063479572,0.4171783777613376,0.47040816748696823,-0.22438010317675056,0.010174561139662211,
528,1.0,1.0,0.7776346566253983,,True,-0.0011254725643275757,,,-0.3151680255715663,production_8C_8M,1100042,native_eligible,528.0,0.5825337644884686,0.4181744073647459,0.5838397974254432,-0.12304232862358454,0.12079138349492936,
532,1.0,0.0,0.5580086932425448,,True,-0.10764309307179817,,,-0.5334643262344162,production_8C_8M,1100042,native_eligible,532.0,0.6390113276226803,0.3055889044282447,-0.881064257683593,-0.19669747352602535,-0.018588712617571015,
534,0.0,1.0,0.4572948016103035,,True,0.01486416378836357,,,0.13543398492073888,production_8C_8M,1100042,native_eligible,534.0,0.47193254347526514,0.468339410385036,-0.976621322412177,-0.11512873158817045,0.14485705916489755,
535,0.0,0.0,0.6561193140415007,,True,-0.10191541751548085,,,0.03704061610492676,production_8C_8M,1100042,native_eligible,535.0,0.5957550906055028,0.41847471335983444,1.5551667037671937,-0.2053243413774493,0.0014935063464875803,
538,1.0,0.0,0.6989184464644439,,True,-0.025933565396187915,,,-0.06212851278558973,production_8C_8M,1100042,native_eligible,538.0,0.3533223409259284,0.44528261702243754,-0.5451421201486448,-0.10893227561216279,0.05706514481978694,
539,0.0,1.0,0.193723971577227,,True,-0.140600380676863,,,-0.11126006308263126,production_8C_8M,1100042,native_eligible,539.0,0.328207044279567,0.15350026195504887,-1.0079114567020833,-0.20581018361489214,-0.07539057773883388,
546,0.0,0.0,0.1805673628369995,,True,-0.08274994366456587,,,-0.06620608679353736,production_8C_8M,1100042,native_eligible,546.0,0.18566602048940456,0.22027028704692847,0.2611830139359641,-0.17564664640397998,0.010146759074848216,
549,1.0,0.0,0.8255150250775308,,True,-0.027325027587395,,,-0.22605679180368443,production_8C_8M,1100042,native_eligible,549.0,0.8796290607893859,0.7069659409090508,-1.0290569097361333,-0.20556336360147656,0.15091330842668652,
550,0.0,0.0,0.18798867445089448,,True,-0.0957403788959025,,,-0.08381602753461014,production_8C_8M,1100042,native_eligible,550.0,0.5347544435141978,0.2583388252250934,0.3821397819728087,-0.17557248924130428,-0.01590826855050076,
552,1.0,0.0,0.6356176611258127,,True,-0.14344768005731542,,,0.08753892270289004,production_8C_8M,1100042,native_eligible,552.0,0.8426675897694511,0.4330226382250092,-1.0909077054113419,-0.23487590084118806,-0.0520194592734428,
559,1.0,0.0,0.5398454725501154,,True,-0.16608515898486562,,,-0.36576085048430995,production_8C_8M,1100042,native_eligible,559.0,0.6197116596729499,0.3514659053628061,-0.919294847493339,-0.2639149076664994,-0.0682554103032319,
561,1.0,0.0,0.6679195830064024,,True,-0.16608515898486562,,,-0.14847635272894044,production_8C_8M,1100042,native_eligible,561.0,0.8079044604631527,0.5893780039680047,-1.1009350861615057,-0.2639149076664994,-0.0682554103032319,
563,0.0,0.0,0.4420082253663322,,True,-0.037406317130373186,,,0.08723419972137467,production_8C_8M,1100042,native_eligible,563.0,0.6051578842532509,0.39913042768797163,0.8785008676211274,-0.15568323715813412,0.0808706028973877,
568,1.0,1.0,0.8094141010667619,,True,-0.1263753737802995,,,-0.11006768648138565,production_8C_8M,1100042,native_eligible,568.0,0.8444971907889052,0.41898951290889075,0.29230843914262006,-0.20631258239463746,-0.046438165165961595,
569,0.0,1.0,0.28729620981739196,,True,-0.06650237462498056,,,-0.03506472883281053,production_8C_8M,1100042,native_eligible,569.0,0.5484735971715028,0.5195052695479874,-0.6625083887936793,-0.19320608697577168,0.06020133772581056,
578,0.0,0.0,0.44331880999530554,,True,-0.06867724814906773,,,-0.1661069213092291,production_8C_8M,1100042,native_eligible,578.0,0.5427674085870688,0.47493525335044395,0.9071736799389659,-0.15324490167667554,0.015890405378540057,
584,1.0,0.0,0.17728639751511938,,True,-0.051113256745280534,,,-0.18620539681394355,production_8C_8M,1100042,native_eligible,584.0,0.40482911118318365,0.34396670623792386,-2.001037799442684,-0.11650047692725443,0.014273963436693356,
588,1.0,1.0,0.578326209788565,,True,-0.09233480526367714,,,0.05151712594740754,production_8C_8M,1100042,native_eligible,588.0,0.45663678822022213,0.5126163387112763,0.898728250168543,-0.21167735194313964,0.02700774141578531,
594,0.0,1.0,0.38648340668225384,,True,-0.0730310032108594,,,-0.1845762402931477,production_8C_8M,1100042,native_eligible,594.0,0.3791141351583314,0.299790409305727,-1.091335253501875,-0.18918084669386664,0.043118840272147824,
599,0.0,1.0,0.5031840542926488,,True,-0.09042814596261142,,,-0.017020805613165407,production_8C_8M,1100042,native_eligible,599.0,0.44113879265693434,0.3506138804906583,-1.2154107218344345,-0.19237304742965733,0.011516755504434456,
603,1.0,1.0,0.8909088350743825,,True,-0.12839015899988665,,,-0.4064471216929251,production_8C_8M,1100042,native_eligible,603.0,0.8770067568653184,0.2798023168969335,0.2111809466721425,-0.2078100985516321,-0.04897021944814123,
609,0.0,1.0,0.19018166190921137,,True,-0.11851356842272913,,,-0.17815202596793825,production_8C_8M,1100042,native_eligible,609.0,0.6121158141565474,0.3356099307482125,-0.7554826706689451,-0.23766876617545768,0.0006416293299994075,
614,1.0,1.0,0.560290871391724,,True,-0.12637053174179597,,,0.13800989485438941,production_8C_8M,1100042,native_eligible,614.0,0.6259280859401025,0.32964981128062865,0.9001541909530171,-0.2830477069344106,0.030306643450818654,
617,1.0,0.0,0.6075701845733918,,True,-0.15088421786830827,,,-0.32977963417948597,production_8C_8M,1100042,native_eligible,617.0,0.8764990190806966,0.5607340927975623,-1.2386773848516603,-0.22451851361866215,-0.07724992211795444,
621,1.0,1.0,0.5370079420991479,,True,-0.09223924385267644,,,-0.10300534475910206,production_8C_8M,1100042,native_eligible,621.0,0.5536961779349606,0.36524484106672606,0.9935705834259703,-0.1928998074038612,0.00842131969850829,
626,1.0,0.0,0.5292751825957597,,True,-0.11173883606475586,,,-0.14734105843629364,production_8C_8M,1100042,native_eligible,626.0,0.5736284226307573,0.2698713840084362,-0.813645642665473,-0.20315241074167614,-0.020325261387835608,
638,1.0,0.0,0.268991902731541,,True,-0.12097502072444954,,,-0.028967779075204383,production_8C_8M,1100042,native_eligible,638.0,0.37027307760970296,0.17011362264131843,-0.8325711406505927,-0.31922635858278137,0.0772763171338822,
648,1.0,1.0,0.26042033594029385,,True,-0.10230597203474871,,,0.22657797391420198,production_8C_8M,1100042,native_eligible,648.0,0.630117253333896,0.3248486114579891,2.2872761611413264,-0.19142707502629674,-0.013184869043200709,
651,1.0,0.0,0.885249852534265,,True,-0.05063665664878286,,,0.14285091672279376,production_8C_8M,1100042,native_eligible,651.0,0.8313949154877673,0.6967475343584507,-0.9217105276114359,-0.13939555947844823,0.03812224618088249,
656,0.0,0.0,0.14473782960342105,,True,-0.05783046769271701,,,0.008071797181922913,production_8C_8M,1100042,native_eligible,656.0,0.5787135030136228,0.42655712478772395,0.5244940373364748,-0.17360535910662842,0.057944423721194356,
662,0.0,0.0,0.6907698825349992,,True,0.06614629645434632,,,0.12090442381375327,production_8C_8M,1100042,native_eligible,662.0,0.7247583629616382,0.8111894429905246,2.430181969829158,-0.02281196552107434,0.15510455842976695,
663,1.0,1.0,0.47625081463037383,,True,-0.07824404955021776,,,-0.0006267839972746714,production_8C_8M,1100042,native_eligible,663.0,0.512943194736532,0.4174339700873686,1.1277244413441863,-0.1897141351267314,0.033226036026295855,
676,1.0,0.0,0.5377114496926193,,True,-0.11051558074819556,,,0.288078314021742,production_8C_8M,1100042,native_eligible,676.0,0.5975641306522566,0.4558023007245494,-0.9894326410757812,-0.18511900178843937,-0.03591215970795178,
680,1.0,0.0,0.7942672818428265,,True,-0.06571064176939875,,,-0.21676132704337042,production_8C_8M,1100042,native_eligible,680.0,0.5795858333951857,0.5437389770409027,-0.7204262032201664,-0.17881209897212857,0.04739081543333104,
684,0.0,0.0,0.6162809713716983,,True,-0.06573538369611825,,,-0.09365228131014089,production_8C_8M,1100042,native_eligible,684.0,0.27480746805381584,0.2927542162848622,0.7341152140905137,-0.1879951285980871,0.056524361205850554,
689,1.0,1.0,0.8677864230341422,,True,-0.06854847218303184,,,0.028437736123359203,production_8C_8M,1100042,native_eligible,689.0,0.8875638799952325,0.7744520551868505,0.14679999084844764,-0.15327811629195925,0.016181171925895577,
707,1.0,0.0,0.25387159813499116,,True,-0.13989022732205467,,,-0.18261274863827542,production_8C_8M,1100042,native_eligible,707.0,0.6456244265135391,0.14270616078898585,-1.0650377065652914,-0.2752592454167029,-0.004521209227406481,
708,0.0,0.0,0.28947124429815446,,True,-0.11676033001614074,,,-0.3033594815556778,production_8C_8M,1100042,native_eligible,708.0,0.5907475416423503,0.31713474392174335,0.5578068132405597,-0.19269320080254973,-0.04082745922973176,
713,0.0,1.0,0.13206847449755194,,True,0.03358938017791016,,,0.18351149860665072,production_8C_8M,1100042,native_eligible,713.0,0.6966366504055694,0.7197506064914617,-0.3264105636264349,-0.12112315709883864,0.1883019174546589,
743,1.0,0.0,0.5398515491758863,,True,-0.1260503511226425,,,-0.3588049137290085,production_8C_8M,1100042,native_eligible,743.0,0.8372207501493553,0.32065924681022656,-1.1105382128618315,-0.20495475513717398,-0.04714594710811107,
744,0.0,0.0,0.2271279356058897,,True,-0.02991814673769752,,,0.00043827428651807554,production_8C_8M,1100042,native_eligible,744.0,0.33470082066427814,0.33304059403608915,0.4314008659947737,-0.15334742363518794,0.09351113015979286,
752,1.0,0.0,0.7584229839263824,,True,-0.0011254725643275757,,,-0.048624029853681416,production_8C_8M,1100042,native_eligible,752.0,0.6021222818493142,0.4181744073647459,-0.7353214697306436,-0.12304232862358454,0.12079138349492936,
760,1.0,1.0,0.5226443203702145,,True,-0.16797390270212828,,,-0.1049719012824385,production_8C_8M,1100042,native_eligible,760.0,0.907164842310011,0.3863900314611312,0.6532740491946367,-0.30301199565069104,-0.032935809753565526,
773,1.0,1.0,0.7696841801150724,,True,0.03198853010325142,,,-0.05078761983714952,production_8C_8M,1100042,native_eligible,773.0,0.6643515991209682,0.7146843158674331,0.4210246076593202,-0.1384715974298983,0.2024486576364011,
776,0.0,0.0,0.18906039544467698,,True,0.11337306538579188,,,0.11215936655437345,production_8C_8M,1100042,native_eligible,776.0,0.09257857560657809,0.5133966247922455,0.5349801582829821,0.02577462317614057,0.2009715075954432,
779,0.0,0.0,0.22722152403785487,,True,-0.06544440920647489,,,0.2102850669914252,production_8C_8M,1100042,native_eligible,779.0,0.3219666928083336,0.3292500841323719,0.4239185627520081,-0.16426809812650123,0.033379279713551424,
781,1.0,1.0,0.3738404960754627,,True,0.03370067632192003,,,0.031273744586730046,production_8C_8M,1100042,native_eligible,781.0,0.6416610920551782,0.6741581880458845,0.9041036110011661,-0.09384736383342401,0.16124871647726405,
782,1.0,0.0,0.842764601487227,,True,-0.059341960345650334,,,-0.27881971225762575,production_8C_8M,1100042,native_eligible,782.0,0.7776773062998531,0.6875866913968551,-0.905961013568854,-0.17483114471124053,0.05614722401993983,
798,1.0,1.0,0.49830255595975936,,True,-0.0839021674810865,,,-0.012829595656138837,production_8C_8M,1100042,native_eligible,798.0,0.3830074788485912,0.5782394860342754,1.0416264495208023,-0.23630646298309205,0.06850212802091901,
822,0.0,0.0,0.6984591257466864,,True,0.047077259449199015,,,0.15687867128973654,production_8C_8M,1100042,native_eligible,822.0,0.5398087054706897,0.7017454901366827,1.9521043923158135,-0.18317599659381048,0.27733051549220844,
839,0.0,0.0,0.6717243372454579,,True,-0.11493871426225666,,,-0.082870305049013,production_8C_8M,1100042,native_eligible,839.0,0.4744849053526249,0.18708770898893248,1.1579883718848016,-0.20897904057995806,-0.020898387944555286,
845,1.0,1.0,0.661761614088901,,True,-0.012576753868164887,,,-0.054967122143437575,production_8C_8M,1100042,native_eligible,845.0,0.29411901232582094,0.49552038112669244,0.9637296878404462,-0.15229529909457337,0.12714179135824352,
859,1.0,1.0,0.6313256883352686,,True,-0.03964035138550813,,,0.10091643251497262,production_8C_8M,1100042,native_eligible,859.0,0.8312176102575511,0.6585555970454819,0.368175163641714,-0.23512144948671887,0.15584074671570258,
868,1.0,0.0,0.23174975233534803,,True,-0.07169707991526866,,,-0.03768758335333155,production_8C_8M,1100042,native_eligible,868.0,0.4465439621631171,0.3499835495980869,-1.6067391552445538,-0.1789718282806296,0.03557766845009225,
875,1.0,1.0,0.25588691446967,,True,0.04191304978857397,,,0.2750351541256375,production_8C_8M,1100042,native_eligible,875.0,0.3366507607610457,0.6132470131736073,1.7880177630745855,-0.030593833290542473,0.1144199328676904,
892,0.0,0.0,0.843486204394406,,True,-0.08306815407611196,,,-0.4218944972490402,production_8C_8M,1100042,native_eligible,892.0,0.6061087484549841,0.3073224071149954,3.573771640592443,-0.20074410545853558,0.03460779730631164,
893,0.0,1.0,0.2595540229811109,,True,-0.133623057685247,,,-0.13899119129057289,production_8C_8M,1100042,native_eligible,893.0,0.442051829304434,0.3067628972967008,-0.8888188153652229,-0.23228126337436622,-0.03496485199612777,
898,1.0,1.0,0.5013162384660613,,True,-0.07470178388716313,,,0.11489019733853345,production_8C_8M,1100042,native_eligible,898.0,0.5121365760866525,0.361233790252631,1.1232753890080307,-0.1529212484550183,0.0035176806806920535,
908,1.0,1.0,0.5109917049752833,,True,-0.022074108173808105,,,0.2700079153490359,production_8C_8M,1100042,native_eligible,908.0,0.6709454009962151,0.5597468094067161,0.750367626231158,-0.21418943379195576,0.1700412174443395,
913,0.0,0.0,0.6714559180248966,,True,0.007899129414233562,,,0.5763362625455206,production_8C_8M,1100042,native_eligible,913.0,0.3626929110983219,0.44701129373555837,1.1882582524955718,-0.11379829437287592,0.129596553201343,
915,1.0,1.0,0.8682435431100303,,True,-0.028472057491561238,,,-0.10460704553612188,production_8C_8M,1100042,native_eligible,915.0,0.8665865401194579,0.7339115167219474,0.17379254021365004,-0.18839309944948157,0.13144898446635908,
929,1.0,0.0,0.6072744746044716,,True,0.07547931091717477,,,-0.2246108655442407,production_8C_8M,1100042,native_eligible,929.0,0.4321403200953678,0.53967719929297,-0.7811505625798101,-0.02015194806572844,0.17111056990007795,
934,0.0,0.0,0.10573486610413528,,True,-0.1584801180818021,,,-0.17923562100166213,production_8C_8M,1100042,native_eligible,934.0,0.3113256231961976,0.18029491011928675,0.21710499231496547,-0.2518846820921594,-0.06507555407144476,
955,1.0,1.0,0.7451700908907951,,True,-0.14600888822110683,,,-0.4074361291328243,production_8C_8M,1100042,native_eligible,955.0,0.7570973474177417,0.548125277927168,0.39743273338154583,-0.23667519021915284,-0.05534258622306085,
960,1.0,1.0,0.37326063953542776,,True,0.038563228412053174,,,0.30302428580824725,production_8C_8M,1100042,native_eligible,960.0,0.42671243879629944,0.5891715094209768,1.2631068407467925,-0.07119373977853014,0.14832019660263646,
961,0.0,1.0,0.6731115786602768,,True,-0.033020103111247125,,,-0.17386110854674186,production_8C_8M,1100042,native_eligible,961.0,0.39427347914125105,0.4046065179964942,-1.842673924120786,-0.13043862289530148,0.06439841667280721,
967,0.0,0.0,0.5346469130507556,,True,-0.133623057685247,,,0.11315424130412288,production_8C_8M,1100042,native_eligible,967.0,0.5713781956758497,0.4307790392702446,1.087238826622902,-0.23228126337436622,-0.03496485199612777,
976,0.0,0.0,0.1912960634398126,,True,-0.16797390270212828,,,-0.10435438224184548,production_8C_8M,1100042,native_eligible,976.0,0.48095221884859196,0.12867252419923972,0.24244007497897002,-0.30301199565069104,-0.032935809753565526,
980,1.0,1.0,0.8005341287135094,,True,-0.1521848133321308,,,-0.1328309937568829,production_8C_8M,1100042,native_eligible,980.0,0.8623894735883766,0.49089447256949426,0.2644623044474803,-0.2915708014410831,-0.012798825223178517,
986,1.0,0.0,0.7653088345337453,,True,-0.0894846849724828,,,-0.21930664730454208,production_8C_8M,1100042,native_eligible,986.0,0.7892723114980718,0.5743005527209807,-0.9653884883459664,-0.20541329453293175,0.026443924587966128,
987,0.0,0.0,0.6907647780638804,,True,-0.1151539009608297,,,0.16537846499403014,production_8C_8M,1100042,native_eligible,987.0,0.49875192473423086,0.3593140107191992,1.473418220585511,-0.2348408633380707,0.0045330614164112715,
989,0.0,0.0,0.33246461134764504,,True,0.023334558385685607,,,-0.22553091570484401,production_8C_8M,1100042,native_eligible,989.0,0.2840309754994916,0.28511298486500986,0.426574021216611,-0.09908360400601524,0.14575272077738644,
5,1.0,1.0,0.6886902448318962,,True,0.014993458368514918,,,0.29544125881310984,production_189C_16M,1100042,native_eligible,5.0,0.436869463575793,0.5563771029888113,0.7636621055757755,-0.152546181155791,0.1825330978928208,
12,0.0,1.0,0.45536377990472693,,True,0.015919945427769894,,,-0.1020346687031714,production_189C_16M,1100042,native_eligible,12.0,0.24645890841754597,0.6602884528093935,-0.969738172515848,-0.07566203868530232,0.10750192954084208,
15,1.0,0.0,0.5738846364811898,,True,-0.04181461761631941,,,-0.003080297422145953,production_189C_16M,1100042,native_eligible,15.0,0.13068128536769022,0.3566387868423867,-0.39548932628695976,-0.19330778010592325,0.1096785448732844,
30,0.0,0.0,0.6165081669579549,,True,-0.08459100546442858,,,-0.15824629257148742,production_189C_16M,1100042,native_eligible,30.0,0.1657138222447978,0.32224796045393633,0.5886523946274684,-0.2207498876117606,0.05156787668290341,
39,1.0,0.0,0.5283941923786181,,True,-0.12213120187409275,,,-0.0787740414269622,production_189C_16M,1100042,native_eligible,39.0,0.30313386738707415,0.23644799791723228,-0.5141699662439538,-0.2979777120803188,0.05371530833213327,
40,0.0,0.0,0.33082502417666987,,True,-0.07599191232703145,,,0.060474988513839145,production_189C_16M,1100042,native_eligible,40.0,0.37202877846755783,0.4377745420691134,0.621697184244305,-0.205370545765937,0.053386721111874064,
43,1.0,0.0,0.7497677015962065,,True,-0.0517025587151128,,,-0.19702180525731344,production_189C_16M,1100042,native_eligible,43.0,0.4915776500966521,0.30588806634765114,-0.5936667021237128,-0.13969830721474769,0.03629318978452209,
45,0.0,0.0,0.27336578646015486,,True,-0.06669957704278763,,,0.13139903885494988,production_189C_16M,1100042,native_eligible,45.0,0.4062813012462171,0.4193159180642081,0.5721622957460059,-0.16799359269125924,0.03459443860568395,
48,1.0,1.0,0.4802296576804731,,True,-0.07498392885353869,,,-0.02351093248221392,production_189C_16M,1100042,native_eligible,48.0,0.57930584117436,0.6213666020522713,0.830503106934883,-0.18687991305258794,0.03691205534551052,
63,1.0,0.0,0.5623417191235032,,True,-0.06079985566929729,,,-0.08061850681857732,production_189C_16M,1100042,native_eligible,63.0,0.2683335387771679,0.37403126778982104,-0.5594339072685868,-0.14673505125915798,0.02513533992056336,
67,1.0,1.0,0.2977390283601627,,True,-0.16987203729706463,,,-0.4040936263411786,production_189C_16M,1100042,native_eligible,67.0,0.5374850231627089,0.32738663202323465,2.04897181433971,-0.3695952553214812,0.029851180727351878,
69,0.0,0.0,0.48300845845554913,,True,-0.1551951036329595,,,-0.2535047085663173,production_189C_16M,1100042,native_eligible,69.0,0.6239468831564683,0.47577081481561473,1.0587041860101192,-0.30424777072637266,-0.006142436539546353,
72,1.0,0.0,0.7162128710145098,,True,-0.07623951931731149,,,0.03393963416448598,production_189C_16M,1100042,native_eligible,72.0,0.5479107949471418,0.5940508288367171,-0.7832932992411863,-0.19261844541917883,0.04013940678455581,
93,0.0,1.0,0.19488947670716955,,True,-0.09866602372168062,,,-0.24763340158643393,production_189C_16M,1100042,native_eligible,93.0,0.3791112222666339,0.34059502502318567,-0.8097007238025922,-0.21880217003319521,0.02147012258983394,
115,0.0,0.0,0.33194066857065085,,True,-0.03995214244031616,,,-0.036066766855671034,production_189C_16M,1100042,native_eligible,115.0,0.1257739703176438,0.40399319060663696,0.4664868851512496,-0.13835824619037082,0.05845396130973846,
116,0.0,1.0,0.25141780854303075,,True,-0.1365839321085247,,,-0.014342061446469406,production_189C_16M,1100042,native_eligible,116.0,0.4165717628881893,0.35064228287642396,-0.8453071405680249,-0.24238423712171728,-0.030783627095332167,
121,1.0,0.0,0.8398652597050242,,True,-0.10010305854860874,,,-0.578150415838105,production_189C_16M,1100042,native_eligible,121.0,0.5168700464176565,0.4357356706283728,-0.5999505377786617,-0.21867445160978438,0.018468334512566895,
122,1.0,0.0,0.7252031656863603,,True,-0.11148301741603694,,,-0.1662835077113541,production_189C_16M,1100042,native_eligible,122.0,0.2920913854880677,0.2956844901129171,-0.4041333148166182,-0.20222964933536686,-0.02073638549670706,
123,0.0,1.0,0.44628072784866835,,True,0.04737064127969813,,,0.03246765507545743,production_189C_16M,1100042,native_eligible,123.0,0.5355272122153055,0.5662630292789583,-0.8080877730564937,-0.08082028727184144,0.17556156983123766,
126,0.0,0.0,0.20310721895170644,,True,-0.15053158449424242,,,-0.3010231687743369,production_189C_16M,1100042,native_eligible,126.0,0.24464835572786683,0.2759082813996213,0.3382627766776799,-0.28276513311271545,-0.01829803587576942,
130,0.0,0.0,0.2081933019164116,,True,-0.030402048001576296,,,0.006309753656425152,production_189C_16M,1100042,native_eligible,130.0,0.05524381063816981,0.2504347806984203,0.2649602846819587,-0.1996391495353288,0.13883505353217618,
137,0.0,0.0,0.18858854536980185,,True,-0.04814459752723027,,,-0.035394603233024145,production_189C_16M,1100042,native_eligible,137.0,0.11059877190987134,0.25968689897985386,0.28539230576841723,-0.13459454306743313,0.03830534801297254,
145,1.0,0.0,0.3198898517416831,,True,0.020169305258251825,,,-0.33769143797714973,production_189C_16M,1100042,native_eligible,145.0,0.2346168970823563,0.41009016375957313,-1.10649976724925,-0.11305793976791743,0.15339655028442106,
151,0.0,1.0,0.558857976371215,,True,0.0050046158280436575,,,-0.31487008056515453,production_189C_16M,1100042,native_eligible,151.0,0.26254058846075673,0.5965967610554329,-1.3376490199258289,-0.17884688926806797,0.18885612092415524,
162,0.0,0.0,0.5944369767255,,True,-0.028860304448008214,,,-0.1770906937214045,production_189C_16M,1100042,native_eligible,162.0,0.5247823541122371,0.5063121023499314,1.275489808686906,-0.16143079493931764,0.10371018604330118,
167,0.0,1.0,0.5909803121276174,,True,-0.017547972879773437,,,0.060419762402974864,production_189C_16M,1100042,native_eligible,167.0,0.6758239348402422,0.6338175275970521,-0.834574771974091,-0.10858832895176085,0.07349238319221396,
169,1.0,1.0,0.7043465498986552,,True,-0.019700978301771883,,,-0.059438745764093026,production_189C_16M,1100042,native_eligible,169.0,0.8080895396899739,0.7908871453804304,0.27968676437187234,-0.19324267303283926,0.15384071642929542,
186,1.0,0.0,0.6209286059275656,,True,-0.013738629834501588,,,-0.34838730337294177,production_189C_16M,1100042,native_eligible,186.0,0.5054311882044153,0.6155723060554532,-0.8812326088206285,-0.15799075996452863,0.13051350029552541,
193,0.0,0.0,0.6073541896643015,,True,-0.1177956658386382,,,-0.07790570380726344,production_189C_16M,1100042,native_eligible,193.0,0.6570499562685844,0.4936443132449457,1.5099853342207883,-0.2725991997816477,0.0370078681043713,
196,0.0,0.0,0.5530932063049111,,True,0.031993187216238075,,,0.18500422317417548,production_189C_16M,1100042,native_eligible,196.0,0.5203675340416859,0.6989246078922509,1.3429330497430172,-0.10341238018014907,0.16739875461262516,
198,0.0,0.0,0.12679552460219823,,True,-0.19847636095464669,,,-0.09796041668062988,production_189C_16M,1100042,native_eligible,198.0,0.1897968777745573,0.304279603327485,0.3318394651505946,-0.39936210705241426,0.0024093851431208346,
208,1.0,1.0,0.3545069252882911,,True,0.08709669421629573,,,-0.38364186382161225,production_189C_16M,1100042,native_eligible,208.0,0.5179995943234708,0.734279767481147,0.9658289508092406,-0.010990554609669911,0.18518394304226138,
211,0.0,0.0,0.23691414764834637,,True,-0.014127018641563117,,,0.039362356322426656,production_189C_16M,1100042,native_eligible,211.0,0.16182866965325765,0.4632898488816142,0.5135325590797051,-0.08879080729836618,0.06053677001523994,
229,0.0,0.0,0.33945930940289487,,True,-0.09109698194832985,,,-0.0181111175885878,production_189C_16M,1100042,native_eligible,229.0,0.15637920074389478,0.23957002670765404,0.3199350613605727,-0.22939901670238977,0.047205052805730036,
237,0.0,1.0,0.25921703022348735,,True,-0.00908548099336604,,,0.014677238537030401,production_189C_16M,1100042,native_eligible,237.0,0.5032563451206615,0.5821117319187779,-0.5917103188757079,-0.10885885939498237,0.09068789740825028,
241,1.0,0.0,0.31115273270856575,,True,-0.09501665146685986,,,-0.2359562924134932,production_189C_16M,1100042,native_eligible,241.0,0.2934010368360736,0.48456355230700154,-1.3661548446849834,-0.2698848700948394,0.07985156716111963,
250,1.0,1.0,0.8196009580552618,,True,-0.10260364450618124,,,-0.14381661120733635,production_189C_16M,1100042,native_eligible,250.0,0.6554120082232769,0.5017334263730471,0.4542594259447259,-0.31743373974186007,0.11222645072949754,
254,0.0,1.0,0.2007675237597971,,True,-0.0791424598355867,,,0.11029612787953566,production_189C_16M,1100042,native_eligible,254.0,0.10128287323355588,0.2767494654084215,-0.949008643108669,-0.17230862642527356,0.014023706754100154,
261,0.0,0.0,0.3575553857892817,,True,0.043521253204139444,,,0.31285754382566056,production_189C_16M,1100042,native_eligible,261.0,0.2781247992277156,0.5356057484125786,0.690397333065532,-0.0817938458590576,0.16883635226733645,
264,1.0,1.0,0.5575716301467317,,True,-0.07506625822378246,,,0.10130985419071503,production_189C_16M,1100042,native_eligible,264.0,0.6663461100592949,0.66172618784581,0.6020712971105132,-0.16393404892771735,0.013801532480152381,
265,0.0,0.0,0.48982120123956585,,True,-0.15672301598386182,,,-0.19966649402570194,production_189C_16M,1100042,native_eligible,265.0,0.5003667245198625,0.3390313206520044,0.8194319775591794,-0.23338720367063515,-0.0800588282970885,
270,0.0,0.0,0.4135551614132835,,True,-0.1303461426802298,,,-0.05981133747776573,production_189C_16M,1100042,native_eligible,270.0,0.11457502203786288,0.4437635565188595,0.5245607408661346,-0.2634654883545893,0.00277320299412967,
271,1.0,0.0,0.7706975289433841,,True,-0.05065026474919083,,,-0.027407061388611043,production_189C_16M,1100042,native_eligible,271.0,0.7996360510308226,0.6761698232046275,-1.0008140819599007,-0.21129772463654076,0.10999719513815909,
277,1.0,1.0,0.8899587640399118,,True,0.04486534436704849,,,0.19707323380293573,production_189C_16M,1100042,native_eligible,277.0,0.6571883102984911,0.6949602826877443,0.38052910860480893,-0.13363026895608038,0.22336095769017733,
282,0.0,0.0,0.6242142583352659,,True,-0.02160854098539285,,,0.2904593735133494,production_189C_16M,1100042,native_eligible,282.0,0.7571276832097704,0.5971964131695995,1.8548542826412273,-0.1211191052206424,0.07790202324985669,
284,0.0,1.0,0.165961740107582,,True,-0.014910915911756372,,,0.18518688543613304,production_189C_16M,1100042,native_eligible,284.0,0.2648228095315991,0.514195344235494,-0.6320944504716184,-0.1828449728571391,0.15302314103362635,
288,1.0,0.0,0.7505225115757947,,True,-0.03886980122254554,,,0.004640120746827181,production_189C_16M,1100042,native_eligible,288.0,0.4903908062603042,0.5449901216819462,-0.6715482861175665,-0.1938398486657993,0.11610024622070816,
294,1.0,1.0,0.8451910646332451,,True,-0.0199990782696643,,,-0.34951026332690505,production_189C_16M,1100042,native_eligible,294.0,0.43013622511656785,0.4917343574441283,0.6629599590482724,-0.14367908526812312,0.1036809287287945,
318,0.0,0.0,0.66189466139291,,True,-0.09129178444700375,,,-0.20199985734703257,production_189C_16M,1100042,native_eligible,318.0,0.6176196453370544,0.6093684360437954,1.8184565495415876,-0.20231122140063743,0.01972765250662989,
328,0.0,1.0,0.4554382669663533,,True,0.007189974012851394,,,0.10327243996857394,production_189C_16M,1100042,native_eligible,328.0,0.23050839088612612,0.37745815080023437,-1.266097765161124,-0.06645539083553383,0.08083533886123659,
334,0.0,0.0,0.3930094599324805,,True,-0.15360224720386353,,,-0.1484375342195409,production_189C_16M,1100042,native_eligible,334.0,0.5568270299570499,0.4154695361894817,0.7759995212117927,-0.31054499321097795,0.0033404988032508798,
339,0.0,1.0,0.7123287684958649,,True,-0.04630622089113474,,,-0.04096418254395162,production_189C_16M,1100042,native_eligible,339.0,0.5965313646162235,0.5338441386443092,-1.4652210604265317,-0.17445944070493974,0.08184699892267025,
343,1.0,1.0,0.7236263266837605,,True,-0.05955675845746092,,,-0.252500407706424,production_189C_16M,1100042,native_eligible,343.0,0.42606457600615094,0.48352841076254344,0.7711907545664358,-0.283899897578871,0.16478638066394913,
346,0.0,0.0,0.46943483162071914,,True,-0.06782566738527933,,,0.021257549177203516,production_189C_16M,1100042,native_eligible,346.0,0.35636071460224444,0.36214937357924687,0.6774511348436724,-0.15863038620690895,0.022979051436350248,
347,0.0,1.0,0.13819900543485328,,True,-0.11333614043640881,,,0.0718545920669893,production_189C_16M,1100042,native_eligible,347.0,0.20854809659149431,0.21954158118379383,-0.9073761951826255,-0.23101974268955522,0.004347461816737563,
349,0.0,1.0,0.819374021936378,,True,-0.12029248441598822,,,0.03268878550218324,production_189C_16M,1100042,native_eligible,349.0,0.7568505325005744,0.39240068020192026,-1.7105987845069595,-0.28710969952321025,0.04652473069123378,
354,1.0,0.0,0.5853055428676434,,True,0.05260662609454639,,,-0.14297135067526034,production_189C_16M,1100042,native_eligible,354.0,0.2524622983928083,0.4628861890372528,-0.5804214971668349,-0.10131685018033879,0.20653010236943153,
357,1.0,1.0,0.6142655521764459,,True,-0.09291350726347125,,,0.1013446835796018,production_189C_16M,1100042,native_eligible,357.0,0.2060803248032176,0.41291894608640156,1.1625833343530798,-0.24215670924757685,0.056329694720634316,
360,1.0,0.0,0.38651790888521204,,True,0.01359516751818046,,,-0.20995476861796994,production_189C_16M,1100042,native_eligible,360.0,0.2306072169413372,0.40016875934609153,-0.8657559684972658,-0.1027996415606488,0.1299899765970097,
361,0.0,0.0,0.34851287331494013,,True,-0.04173448539302918,,,-0.0406445885166562,production_189C_16M,1100042,native_eligible,361.0,0.24121341654366313,0.3061734745952691,0.43521053064501125,-0.2411405598153944,0.15767158902933598,
365,1.0,0.0,0.5609949998357885,,True,-0.13510456406545138,,,-0.3344524588585174,production_189C_16M,1100042,native_eligible,365.0,0.22974825153255124,0.15583176245573074,-0.35169394253245734,-0.33575693257451905,0.06554780444361624,
368,1.0,0.0,0.7144763471109917,,True,-0.022965522539986495,,,-0.05427466854280549,production_189C_16M,1100042,native_eligible,368.0,0.33453049369043947,0.38201820790762825,-0.4871950775257867,-0.15510405390722737,0.10917300882725436,
370,1.0,0.0,0.15653430465777965,,True,-0.05506726353852939,,,-0.11224918810400103,production_189C_16M,1100042,native_eligible,370.0,0.02629126316192854,0.10967260497774348,-0.6172484991478848,-0.15748880625154432,0.04735427917448551,
380,0.0,1.0,0.6878149029069726,,True,-0.12550142403564715,,,-0.4595323870462047,production_189C_16M,1100042,native_eligible,380.0,0.36463910669929406,0.29591553046516367,-2.103929289821977,-0.25394933059652847,0.002946482525234162,
384,1.0,1.0,0.6991269922243776,,True,-0.003829495076678073,,,0.0703099140074529,production_189C_16M,1100042,native_eligible,384.0,0.5966318783852748,0.5366048230438505,0.6027926928731142,-0.16471273513924917,0.157053744985893,
392,1.0,1.0,0.8614603243019535,,True,-0.09338294486117006,,,0.0859568948245617,production_189C_16M,1100042,native_eligible,392.0,0.5800537910376975,0.6846734150242414,0.4706568935860111,-0.2731697784097475,0.0864038886874073,
398,0.0,1.0,0.3129762713834932,,True,-0.018152116811801962,,,-0.3498504475078327,production_189C_16M,1100042,native_eligible,398.0,0.33417631649904134,0.4021437689251464,-0.9011747413111626,-0.09617167817380098,0.05986744455019704,
409,0.0,0.0,0.11679745745352858,,True,-0.0456436809048277,,,0.14554265152238055,production_189C_16M,1100042,native_eligible,409.0,0.15127360948487623,0.5812057701001653,0.6012106637870761,-0.20653119084808239,0.11524382903842695,
422,1.0,1.0,0.5507129822708522,,True,0.08872019661777855,,,0.04875396248008518,production_189C_16M,1100042,native_eligible,422.0,0.31836206027305547,0.6701453942680505,0.9507425311648197,-0.037991291625828455,0.21543168486138553,
424,1.0,0.0,0.7464954807780942,,True,-0.15110118246191692,,,-0.411950972386599,production_189C_16M,1100042,native_eligible,424.0,0.879790735231433,0.7592146742920766,-1.1376146014817918,-0.3260595244838425,0.02385715956000864,
431,1.0,1.0,0.36713437304234525,,True,-0.08157103382181942,,,-0.32665406706368566,production_189C_16M,1100042,native_eligible,431.0,0.5899530811313569,0.34167287885306774,1.54487012492085,-0.17259749056765988,0.009455422924021031,
435,0.0,1.0,0.4128119791021276,,True,-0.10280507691708325,,,-0.10742312894197681,production_189C_16M,1100042,native_eligible,435.0,0.9292238902404534,0.5903191812691675,-0.459438689980167,-0.20379029160702178,-0.0018198622271447529,
446,1.0,0.0,0.207651917069783,,True,-0.08440526622750949,,,-0.06432527410523083,production_189C_16M,1100042,native_eligible,446.0,0.23371002250850403,0.1656214793364926,-0.8656804059085074,-0.28929095273812244,0.12048042028310338,
447,1.0,1.0,0.4981023071067494,,True,-0.05204509966554333,,,0.034144994760945346,production_189C_16M,1100042,native_eligible,447.0,0.19797201696763686,0.4276344421336481,1.3787547897265453,-0.17417951346767846,0.07008931413659178,
451,1.0,1.0,0.8205827986502092,,True,0.007328566557458976,,,-0.17663563846118313,production_189C_16M,1100042,native_eligible,451.0,0.399979156334014,0.4679764481797659,0.7163457006783143,-0.0945265665169757,0.10918369963189363,
460,1.0,0.0,0.5181717365597479,,True,0.02415130117379152,,,-0.15089969081385596,production_189C_16M,1100042,native_eligible,460.0,0.5632388279026856,0.4861193019321206,-1.0152627469026247,-0.11478194792285223,0.16308455027043522,
462,0.0,0.0,0.5513082068767605,,True,0.025000165975525148,,,-0.02877369342676961,production_189C_16M,1100042,native_eligible,462.0,0.32863695498584805,0.6698210466834671,1.0736177132227254,-0.2030695065768571,0.2530698385279073,
465,0.0,1.0,0.36159156033250706,,True,-0.12839789269217125,,,-0.07352311822592295,production_189C_16M,1100042,native_eligible,465.0,0.6600450693607679,0.4784235442227994,-0.7141253416857155,-0.21841949794093038,-0.03837628744341215,
467,0.0,0.0,0.36947761306840915,,True,-0.06709639481421754,,,0.18109530692018136,production_189C_16M,1100042,native_eligible,467.0,0.708265262541474,0.45763720043747363,0.8726710898709444,-0.22715639285359268,0.09296360322515752,
468,1.0,0.0,0.44478569594771444,,True,-0.05516526265771708,,,-0.36394341785118856,production_189C_16M,1100042,native_eligible,468.0,0.6228285830035913,0.4086554395175758,-1.1329424367449745,-0.14594714897083502,0.03561662365540083,
474,0.0,0.0,0.4108135907084943,,True,0.09330747544389588,,,0.27024214191256124,production_189C_16M,1100042,native_eligible,474.0,0.27221874486849695,0.46016852109909073,0.6499745965176722,-0.06334529960641826,0.24996025049421,
478,1.0,0.0,0.6224540581629963,,True,-0.07244436836876095,,,-0.14113139488284232,production_189C_16M,1100042,native_eligible,478.0,0.3505206618163778,0.24860237781718628,-0.5013090093980563,-0.13200537621600075,-0.01288336052152115,
481,0.0,1.0,0.4198005895923617,,True,-0.05051774601220167,,,0.24256774419822325,production_189C_16M,1100042,native_eligible,481.0,0.3394131586665939,0.37760715606594353,-1.1003573859419211,-0.14317760699300178,0.042142114968598404,
486,1.0,1.0,0.7383468135190601,,True,-0.22597856382897366,,,-0.6892153014395378,production_189C_16M,1100042,native_eligible,486.0,0.8212550591490275,0.4197877770369635,0.38435885316665014,-0.40408615766700484,-0.04787096999094251,
487,1.0,1.0,0.8956480543249549,,True,0.014772810784036515,,,-0.028156691615068175,production_189C_16M,1100042,native_eligible,487.0,0.7915344635172233,0.7679999847268586,0.23549585589617522,-0.08854607402036177,0.11809169558843478,
498,0.0,0.0,0.3063541399044933,,True,-0.10121342934551178,,,-0.1062618189134249,production_189C_16M,1100042,native_eligible,498.0,0.42088359610743853,0.1848035134497123,0.370690058015337,-0.2818390224279127,0.07941216373688909,
503,0.0,0.0,0.3395268014625856,,True,-0.0729913717029898,,,-0.16728505428348134,production_189C_16M,1100042,native_eligible,503.0,0.27617554440285463,0.35000809390435395,0.491980545535906,-0.23737300872325387,0.09139026531727423,
507,1.0,1.0,0.8859001102129943,,True,-0.04588788216222706,,,-0.030854928811506976,production_189C_16M,1100042,native_eligible,507.0,0.8865966398875496,0.7968638611966213,0.1395663674109266,-0.18733772771871865,0.09556196339426451,
508,0.0,0.0,0.47975197312686757,,True,-0.08989760349378402,,,-0.05620972089686527,production_189C_16M,1100042,native_eligible,508.0,0.15859282696980662,0.39000642469903857,0.5362544020721209,-0.29005174397906663,0.11025653699149852,
514,1.0,1.0,0.843033792160751,,True,-0.13540443511672723,,,-0.061478120138046544,production_189C_16M,1100042,native_eligible,514.0,0.8414953015516639,0.5764315146626963,0.2373697920209239,-0.24928292841885405,-0.021525941814600436,
526,0.0,0.0,0.10129153091652868,,True,-0.03744619799723679,,,0.020299231269924375,production_189C_16M,1100042,native_eligible,526.0,0.042358734823905134,0.17655423756550753,0.18132840098512712,-0.23311541561115273,0.15822301961667912,
528,1.0,1.0,0.49758777811122273,,True,0.0004701356832759045,,,-0.3151680255715663,production_189C_16M,1100042,native_eligible,528.0,0.40558051953528407,0.4872264650150014,1.1121646952195503,-0.16611405021160414,0.1670543215781559,
532,1.0,0.0,0.6245267529523751,,True,-0.11713480674214038,,,-0.5334643262344162,production_189C_16M,1100042,native_eligible,532.0,0.5227295667184925,0.4736574578423922,-0.807498318166949,-0.21188650281931992,-0.022383110664960862,
534,0.0,1.0,0.6778816007416822,,True,0.022804474676853773,,,0.13543398492073888,production_189C_16M,1100042,native_eligible,534.0,0.3604319205984162,0.6706277882037434,-1.6753103340714428,-0.1488225051945387,0.19443145454824617,
535,0.0,0.0,0.6611535468240362,,True,0.026313119897535174,,,0.03704061610492676,production_189C_16M,1100042,native_eligible,535.0,0.4533109510913328,0.41224325440128784,1.2967386956818039,-0.08165288485204308,0.1342791246471134,
538,1.0,0.0,0.6651563250956901,,True,-0.023289037627367205,,,-0.06212851278558973,production_189C_16M,1100042,native_eligible,538.0,0.4798587808904419,0.5372023338324997,-0.7502896508092818,-0.16637887720867173,0.11980080195393727,
539,0.0,1.0,0.37142869831887027,,True,-0.13215053968749527,,,-0.11126006308263126,production_189C_16M,1100042,native_eligible,539.0,0.2961151931347471,0.33558299942911807,-1.0803491579588416,-0.28821855848532874,0.023917479110338175,
546,0.0,0.0,0.2826828458712721,,True,-0.0946063157632545,,,-0.06620608679353736,production_189C_16M,1100042,native_eligible,546.0,0.13386795259805961,0.20604327009386322,0.25879841974219997,-0.26506838028757745,0.07585574876106844,
549,1.0,0.0,0.8288674099529224,,True,-0.07108285501047404,,,-0.22605679180368443,production_189C_16M,1100042,native_eligible,549.0,0.6164001135106475,0.6946438574038599,-0.759820160010687,-0.25334260267544534,0.11117689265449723,
550,0.0,0.0,0.19509711431448118,,True,-0.0744972532786707,,,-0.08381602753461014,production_189C_16M,1100042,native_eligible,550.0,0.07036984122804744,0.19908605935459367,0.2161427169992828,-0.22221923787300718,0.07322473131566577,
552,1.0,0.0,0.5434486420815731,,True,-0.21702384798731728,,,0.08753892270289004,production_189C_16M,1100042,native_eligible,552.0,0.27889118915067584,0.3382245502757843,-0.56303372949873,-0.38579733791514914,-0.04825035805948541,
559,1.0,0.0,0.3149490545208386,,True,-0.18680512373770647,,,-0.36576085048430995,production_189C_16M,1100042,native_eligible,559.0,0.47624399226816577,0.3554436130238959,-1.24937532786466,-0.3492107831578462,-0.02439946431756676,
560,1.0,1.0,0.8811256561259284,,True,-0.08849577183924685,,,-0.06469990771798673,production_189C_16M,1100042,native_eligible,560.0,0.633593720452972,0.5199736851452917,0.4311675458022086,-0.2993067951456774,0.1223152514671836,
561,1.0,0.0,0.6603182319591235,,True,-0.06645936786922367,,,-0.14847635272894044,production_189C_16M,1100042,native_eligible,561.0,0.4897205678553892,0.48361254515846835,-0.7385011655056839,-0.14739497128359372,0.014476235545146363,
563,0.0,0.0,0.29740626879709164,,True,-0.08395713713238806,,,0.08723419972137467,production_189C_16M,1100042,native_eligible,563.0,0.2161160761345033,0.31620921790220086,0.40769064304982783,-0.21154279422064182,0.04362851995586567,
568,1.0,1.0,0.8593155144113875,,True,-0.1356085595172724,,,-0.11006768648138565,production_189C_16M,1100042,native_eligible,568.0,0.7799031568173304,0.6140000986800206,0.28329155646752596,-0.2844704245780396,0.013253305543494798,
569,0.0,1.0,0.552713430927472,,True,-0.07364290557493128,,,-0.03506472883281053,production_189C_16M,1100042,native_eligible,569.0,0.6607694981461454,0.6407965245335957,-0.7783916816843498,-0.18843906281318398,0.0411532516633214,
578,0.0,0.0,0.49708576653314507,,True,-0.07123275301204711,,,-0.1661069213092291,production_189C_16M,1100042,native_eligible,578.0,0.4801091001523106,0.497821696551284,0.972366627251637,-0.16684166201677625,0.024376155992682003,
580,1.0,1.0,0.899605100669862,,True,-0.035639522208716766,,,0.041240948763694774,production_189C_16M,1100042,native_eligible,580.0,0.50710398066814,0.7915147094541785,0.516162739074308,-0.1546655621941123,0.08338651777667871,
584,1.0,0.0,0.35287417389370207,,True,-0.019730845669547702,,,-0.18620539681394355,production_189C_16M,1100042,native_eligible,584.0,0.30021953433182547,0.49331001190337975,-1.2048866156797695,-0.11808124274778586,0.07861955140869042,
588,1.0,1.0,0.7598583745967782,,True,-0.005867129436930766,,,0.05151712594740754,production_189C_16M,1100042,native_eligible,588.0,0.5995424759900885,0.7148204578731395,0.49058415953515905,-0.1150789109810197,0.10334465210715814,
594,0.0,1.0,0.4358582421572592,,True,-0.10647442197230607,,,-0.1845762402931477,production_189C_16M,1100042,native_eligible,594.0,0.3460334094865359,0.38424756729146553,-1.1210097099942038,-0.22990780827342366,0.0169589643288115,
599,0.0,1.0,0.5046755161900264,,True,-0.040563166615053006,,,-0.017020805613165407,production_189C_16M,1100042,native_eligible,599.0,0.3266497288880581,0.385273608128354,-1.3007885728408457,-0.14222251311885686,0.06109617988875084,
603,1.0,1.0,0.8965925840325221,,True,-0.07784983534808322,,,-0.4064471216929251,production_189C_16M,1100042,native_eligible,603.0,0.8243380364181743,0.4892260527434843,0.23457145599782514,-0.15642196000299063,0.0007222893068241643,
606,0.0,1.0,0.18237376499033633,,True,-0.0618693970554383,,,-0.0810499975355446,production_189C_16M,1100042,native_eligible,606.0,0.3560698797170154,0.47612523671269574,-0.6675051354527719,-0.14309281506340799,0.01935402095253136,
607,0.0,0.0,0.23280415264097337,,True,-0.00813152656430742,,,-0.20262165996000597,production_189C_16M,1100042,native_eligible,607.0,0.41170132174618174,0.5372793268353263,0.6622093270174512,-0.15465816542676042,0.13839511229814555,
609,0.0,1.0,0.2628374819709594,,True,-0.13763497540979006,,,-0.17815202596793825,production_189C_16M,1100042,native_eligible,609.0,0.36078643162062185,0.35464751610762496,-0.873265977383221,-0.2845989038830199,0.009328953063439754,
614,1.0,1.0,0.5725481025159181,,True,-0.13754485273555292,,,0.13800989485438941,production_189C_16M,1100042,native_eligible,614.0,0.3211491897096859,0.24990459102627388,1.2388556456063187,-0.3406239734378733,0.06553426796676745,
617,1.0,0.0,0.7178628683233365,,True,-0.09819822992295915,,,-0.32977963417948597,production_189C_16M,1100042,native_eligible,617.0,0.8046924935842484,0.5572084569123933,-1.0236886315881897,-0.2254519103391739,0.02905545049325553,
621,1.0,1.0,0.7193845650821762,,True,-0.1082030752874578,,,-0.10300534475910206,production_189C_16M,1100042,native_eligible,621.0,0.6344655398288193,0.5948234146883061,0.5235845619172083,-0.23302154612744774,0.01661539555253211,
626,1.0,0.0,0.3736141740442338,,True,-0.1176466726726364,,,-0.14734105843629364,production_189C_16M,1100042,native_eligible,626.0,0.06745964454305278,0.12729022832165562,-0.2808690929595318,-0.21922974994778038,-0.016063595397492456,
638,1.0,0.0,0.2697830694999069,,True,-0.17304783163794857,,,-0.028967779075204383,production_189C_16M,1100042,native_eligible,638.0,0.11823365301753028,0.21871791402465623,-0.7102334553791936,-0.2903148211626846,-0.055780842113212534,
648,1.0,1.0,0.4852006994696448,,True,-0.12096786653320996,,,0.22657797391420198,production_189C_16M,1100042,native_eligible,648.0,0.7157485743563327,0.5651797961163051,0.7455968793094794,-0.26271951411636313,0.02078378104994319,
651,1.0,0.0,0.8401183931465057,,True,-0.13292448869029155,,,0.14285091672279376,production_189C_16M,1100042,native_eligible,651.0,0.5071258397571329,0.556199610400912,-0.6129753106979241,-0.2218663830337521,-0.04398259434683101,
656,0.0,0.0,0.3101450412208527,,True,0.027294555178623735,,,0.008071797181922913,production_189C_16M,1100042,native_eligible,656.0,0.340387868789398,0.5407822713688586,0.6938138735241799,-0.09210764771452305,0.1466967580717705,
662,0.0,0.0,0.7959842692459583,,True,0.09578770135323889,,,0.12090442381375327,production_189C_16M,1100042,native_eligible,662.0,0.6034198165118695,0.7499445238456008,3.1042369106115437,0.0003767831383266751,0.19119861956815107,
663,1.0,1.0,0.6610798634547888,,True,-0.01796079801800486,,,-0.0006267839972746714,production_189C_16M,1100042,native_eligible,663.0,0.5618716603340234,0.6409124924563105,0.622224080311252,-0.0975097057637322,0.06158810972772247,
676,1.0,0.0,0.507401880629761,,True,-0.07400946072478971,,,0.288078314021742,production_189C_16M,1100042,native_eligible,676.0,0.5127802999231931,0.4499318617727279,-0.9495851235058599,-0.22180307614519346,0.07378415469561396,
680,1.0,0.0,0.8141978420868451,,True,-0.02968844712522943,,,-0.21676132704337042,production_189C_16M,1100042,native_eligible,680.0,0.2869393845191941,0.4172902560208017,-0.38216615378460306,-0.11837858537588065,0.05900169112542178,
684,0.0,0.0,0.4766523045361201,,True,-0.03440030851955389,,,-0.09365228131014089,production_189C_16M,1100042,native_eligible,684.0,0.07513178652844553,0.2174767696942824,0.285904966671355,-0.13897107227161148,0.07017045523250366,
707,1.0,0.0,0.3768236162512079,,True,-0.006000225832172694,,,-0.18261274863827542,production_189C_16M,1100042,native_eligible,707.0,0.21999018957436853,0.15244492978645324,-0.47209774326290654,-0.14629574829075234,0.13429529662640693,
708,0.0,0.0,0.3698832267762659,,True,-0.10254494146776817,,,-0.3033594815556778,production_189C_16M,1100042,native_eligible,708.0,0.4359452270509308,0.3384426090876757,0.5943456958351474,-0.1718549234708224,-0.033234959464713956,
712,0.0,0.0,0.18169942803019956,,True,0.018958754872161015,,,0.20262182932038472,production_189C_16M,1100042,native_eligible,712.0,0.3483755324711836,0.4638729077443998,0.5412279007115395,-0.14928820100054085,0.18720571074486284,
713,0.0,1.0,0.30172304816197165,,True,0.004003268680367278,,,0.18351149860665072,production_189C_16M,1100042,native_eligible,713.0,0.7423430634699268,0.7439440798937178,-0.36738858841975974,-0.11470025474964093,0.12270679211037547,
735,1.0,1.0,0.8694686080795979,,True,0.05465607603360618,,,0.2892291597635016,production_189C_16M,1100042,native_eligible,735.0,0.5844308610603225,0.6425500366292001,0.46923230840561386,-0.10853381121270522,0.21784596327991754,
739,0.0,1.0,0.14059620722970467,,True,0.0031135069559730037,,,0.04653584065128688,production_189C_16M,1100042,native_eligible,739.0,0.41427891808859935,0.5058978375242775,-0.5899245957765644,-0.2257633690866266,0.23199038299857255,
743,1.0,0.0,0.5692538911841943,,True,-0.17399641840641045,,,-0.3588049137290085,production_189C_16M,1100042,native_eligible,743.0,0.7080620099968636,0.32731312680490154,-0.9557350745450087,-0.26334574174970615,-0.08464709506311473,
744,0.0,0.0,0.3118142009206158,,True,0.033084551973569895,,,0.00043827428651807554,production_189C_16M,1100042,native_eligible,744.0,0.210505656527709,0.2889662622933762,0.3843455234860146,-0.11308102288288864,0.1792501268300284,
752,1.0,0.0,0.49758777811122273,,True,0.0004701356832759045,,,-0.048624029853681416,production_189C_16M,1100042,native_eligible,752.0,0.40558051953528407,0.4872264650150014,-0.8975309685201571,-0.16611405021160414,0.1670543215781559,
760,1.0,1.0,0.6923625177555169,,True,-0.17085028085468232,,,-0.1049719012824385,production_189C_16M,1100042,native_eligible,760.0,0.850217956227505,0.4855566687010878,0.37836468240422183,-0.3365550257965122,-0.005145535912852439,
773,1.0,1.0,0.8692190214186036,,True,-0.035834179926652776,,,-0.05078761983714952,production_189C_16M,1100042,native_eligible,773.0,0.8436889406696257,0.8195912350796875,0.18345500606825518,-0.14482918504200226,0.07316082518869667,
776,0.0,0.0,0.31663476014439645,,True,0.04519238056968672,,,0.11215936655437345,production_189C_16M,1100042,native_eligible,776.0,0.08008089698774759,0.5902902966217077,0.6273954844934547,-0.05787595936757803,0.14826072050695144,
779,0.0,0.0,0.2678184325535205,,True,-0.07274333040511939,,,0.2102850669914252,production_189C_16M,1100042,native_eligible,779.0,0.08330175475788688,0.27990551106156925,0.31037574738016627,-0.16809319921389462,0.022606538403655826,
781,1.0,1.0,0.7123470085971387,,True,-0.08354416048773937,,,0.031273744586730046,production_189C_16M,1100042,native_eligible,781.0,0.6527426477414702,0.7956398525158767,0.4297800652591865,-0.17343378193628495,0.006345460960806196,
798,1.0,1.0,0.5738126182125843,,True,0.029861938367896947,,,-0.012829595656138837,production_189C_16M,1100042,native_eligible,798.0,0.46068818927264343,0.5976888420277162,0.8381200516722238,-0.12307407582380148,0.18279795255959533,
822,0.0,0.0,0.7851162928321804,,True,0.1325289218496061,,,0.15687867128973654,production_189C_16M,1100042,native_eligible,822.0,0.7046278642903282,0.8247738002254398,3.3992585014123486,-0.03601330475870995,0.3010711484579221,
827,0.0,1.0,0.20288079088929653,,True,-0.1383866603064962,,,-0.47170840662307595,production_189C_16M,1100042,native_eligible,827.0,0.5241359055390684,0.24605771175222765,-0.8750580294526048,-0.2300081931672544,-0.04676512744573803,
839,0.0,0.0,0.3457686744055575,,True,-0.12325284589546279,,,-0.082870305049013,production_189C_16M,1100042,native_eligible,839.0,0.11306920663287603,0.2451795237176338,0.3049378816012382,-0.21473573100431773,-0.03176996078660786,
845,1.0,1.0,0.7528255879767299,,True,0.06315093209228927,,,-0.054967122143437575,production_189C_16M,1100042,native_eligible,845.0,0.5241888824954964,0.6719913065685705,0.5835058574712071,-0.05125048755707093,0.17755235174164943,
848,0.0,0.0,0.17483878760299573,,True,-0.035256809637175264,,,0.0857810802170664,production_189C_16M,1100042,native_eligible,848.0,0.28157635521239033,0.4430755041233401,0.5027371409324621,-0.22808083770840726,0.15756721843405672,
859,1.0,1.0,0.7373400317381571,,True,-0.02933579433272763,,,0.10091643251497262,production_189C_16M,1100042,native_eligible,859.0,0.6355575696528242,0.7193803968714338,0.46440653493762757,-0.20265042751700446,0.1439788388515492,
868,1.0,0.0,0.31583729181060693,,True,-0.07155807793325807,,,-0.03768758335333155,production_189C_16M,1100042,native_eligible,868.0,0.2817127011098317,0.3191643924637717,-0.9730825322461023,-0.2662900720640789,0.12317391619756272,
875,1.0,1.0,0.29531008762210065,,True,0.011373152593017672,,,0.2750351541256375,production_189C_16M,1100042,native_eligible,875.0,0.07912991957847505,0.6109044504212634,1.8493575254225414,-0.16554670946305555,0.18829301464909082,
892,0.0,0.0,0.27347889324090585,,True,-0.024059804892174113,,,-0.4218944972490402,production_189C_16M,1100042,native_eligible,892.0,0.16967780186995057,0.2976976430760834,0.3615681859016624,-0.14830894617413576,0.1001893363897875,
893,0.0,1.0,0.42085724154393517,,True,-0.058492286245485775,,,-0.13899119129057289,production_189C_16M,1100042,native_eligible,893.0,0.5580748909008013,0.45303306307459573,-0.868109487132394,-0.15068175053068486,0.03369717803971328,
898,1.0,1.0,0.45934439356074347,,True,-0.03936322438477773,,,0.11489019733853345,production_189C_16M,1100042,native_eligible,898.0,0.35476448765368485,0.3236514930098746,1.4413083878121953,-0.12045188966477843,0.04172544089522296,
908,1.0,1.0,0.6365652602732746,,True,-0.048010259118745395,,,0.2700079153490359,production_189C_16M,1100042,native_eligible,908.0,0.6295636282019533,0.5896667259332578,0.6047082932623769,-0.25700774285320416,0.1609872246157133,
913,0.0,0.0,0.5308264042468199,,True,0.022209008369707118,,,0.5763362625455206,production_189C_16M,1100042,native_eligible,913.0,0.11342777478333023,0.3404191062586567,0.4687521121544711,-0.0849796608738441,0.12939767761325832,
915,1.0,1.0,0.8985851067619373,,True,0.06289554112751924,,,-0.10460704553612188,production_189C_16M,1100042,native_eligible,915.0,0.7232743029046582,0.7980944182188292,0.2995128909475666,-0.04131711061660845,0.1671081928716469,
929,1.0,0.0,0.6916926471757976,,True,2.105395153472236e-06,,,-0.2246108655442407,production_189C_16M,1100042,native_eligible,929.0,0.6858593018090088,0.6222244139251306,-0.9632026604569887,-0.19128693191984428,0.19129114271015116,
934,0.0,0.0,0.16596429850894365,,True,-0.16654236252986906,,,-0.17923562100166213,production_189C_16M,1100042,native_eligible,934.0,0.0826899077671382,0.18813787977363342,0.20459229834565362,-0.29514944319563746,-0.037935281864100695,
955,1.0,1.0,0.8062389388722103,,True,-0.133795576424948,,,-0.4074361291328243,production_189C_16M,1100042,native_eligible,955.0,0.7848820948281187,0.6506758673207707,0.2990699587903192,-0.23019187093564972,-0.03739928191424628,
960,1.0,1.0,0.6169205350449707,,True,0.05099376848588455,,,0.30302428580824725,production_189C_16M,1100042,native_eligible,960.0,0.790681783085625,0.7725197484222939,0.3505730594944989,-0.04549609717940281,0.14748363415117188,
961,0.0,1.0,0.6459631126925524,,True,-0.020267330000515633,,,-0.17386110854674186,production_189C_16M,1100042,native_eligible,961.0,0.3934689512184359,0.5073995551188606,-1.5992554242403352,-0.11467048060679484,0.07413582060576356,
967,0.0,0.0,0.7025011045969207,,True,-0.04701637415957496,,,0.11315424130412288,production_189C_16M,1100042,native_eligible,967.0,0.4999528368047523,0.5838649043767172,1.7644320443852217,-0.15777586491357118,0.06374311659442125,
976,0.0,0.0,0.2203148929636295,,True,-0.17748102026165577,,,-0.10435438224184548,production_189C_16M,1100042,native_eligible,976.0,0.14759079626328167,0.10375342296051097,0.14545801650438245,-0.3315255978132007,-0.02343644271011086,
980,1.0,1.0,0.7864025728605536,,True,-0.11671094499710488,,,-0.1328309937568829,production_189C_16M,1100042,native_eligible,980.0,0.6500216632542597,0.5197682991302457,0.48041567161286414,-0.2516295458059177,0.018207655811707885,
986,1.0,0.0,0.7204440166871243,,True,-0.10237869997473266,,,-0.21930664730454208,production_189C_16M,1100042,native_eligible,986.0,0.5976666952471066,0.5353579233876417,-0.8054031844543825,-0.25594317360938074,0.051185773659915376,
987,0.0,0.0,0.5668175067673874,,True,-0.10070946299386796,,,0.16537846499403014,production_189C_16M,1100042,native_eligible,987.0,0.538643900822921,0.5568450543270194,1.2616583782024131,-0.2459306869859208,0.04451176099818485,
989,0.0,0.0,0.44506880144046523,,True,0.030325876133986403,,,-0.22553091570484401,production_189C_16M,1100042,native_eligible,989.0,0.5107233170115604,0.3928889285745585,0.8025018952992032,-0.07049959460222376,0.13115134687019653,
5,1.0,1.0,0.7049367900586416,,True,-0.01493391660923861,,,0.29544125881310984,production_8C_8M,1100042,common_eligible,5.0,0.545429874720372,0.43091007673509085,0.6927723327284078,-0.12309192536396267,0.09322409214548542,
12,0.0,1.0,0.3661227591960806,,True,0.020771133759973272,,,-0.1020346687031714,production_8C_8M,1100042,common_eligible,12.0,0.3831712055755259,0.5523427473899294,-0.8039329565300655,-0.14068353791616456,0.18222580543611108,
15,1.0,0.0,0.7241649968799716,,True,-0.013323190118285266,,,-0.003080297422145953,production_8C_8M,1100042,common_eligible,15.0,0.6002659647845453,0.4757274023419665,-0.7814708974651414,-0.18431628414925275,0.15766990391268218,
30,0.0,0.0,0.6178425611023415,,True,-0.08401845329053613,,,-0.15824629257148742,production_8C_8M,1100042,common_eligible,30.0,0.7305969854159473,0.438313901791531,1.6194865459904624,-0.19819792290447863,0.03016101632340633,
39,1.0,0.0,0.7614977893915532,,True,-0.13772505919393635,,,-0.0787740414269622,production_8C_8M,1100042,common_eligible,39.0,0.7883634991623205,0.42230015192494186,-0.9206285184145205,-0.2368676236438905,-0.03858249474398223,
40,0.0,0.0,0.32070578965732915,,True,-0.05366082186782699,,,0.060474988513839145,production_8C_8M,1100042,common_eligible,40.0,0.48252292990153167,0.4082462593431351,0.636053143173009,-0.16116750194426116,0.053845858208607156,
43,1.0,0.0,0.7345246030808934,,True,-0.0736962352464933,,,-0.19702180525731344,production_8C_8M,1100042,common_eligible,43.0,0.6064104332216038,0.3902435408270516,-0.7474541211547766,-0.17610967537748368,0.02871720488449707,
45,0.0,0.0,0.17746150607167607,,True,0.0030735802399190367,,,0.13139903885494988,production_8C_8M,1100042,common_eligible,45.0,0.731292956870979,0.516927495764712,0.6747029074492646,-0.08356249187041408,0.08970965235025212,
48,1.0,1.0,0.35578935963339003,,True,0.042315682925751434,,,-0.02351093248221392,production_8C_8M,1100042,common_eligible,48.0,0.8287159675175726,0.8077263855714469,0.5194245963381106,-0.040997493009915516,0.12562885886141836,
63,1.0,0.0,0.7081015844313221,,True,-0.027545120974768033,,,-0.08061850681857732,production_8C_8M,1100042,common_eligible,63.0,0.576613105197365,0.44943299643793794,-0.7618814091369408,-0.10725887924876304,0.05216863729922694,
67,1.0,1.0,0.19761961990991694,,True,-0.1588449494278512,,,-0.4040936263411786,production_8C_8M,1100042,common_eligible,67.0,0.7447441366605764,0.2972503319222261,3.1085785548690392,-0.27903725499418786,-0.03865264386151457,
69,0.0,0.0,0.27071812122619926,,True,-0.0808633051324078,,,-0.2535047085663173,production_8C_8M,1100042,common_eligible,69.0,0.5383239801604823,0.36549123530543004,0.5653235097136324,-0.17729525518297398,0.015568644918158348,
72,1.0,0.0,0.6654058634596793,,True,-0.08536694019809728,,,0.03393963416448598,production_8C_8M,1100042,common_eligible,72.0,0.29710335181219366,0.3365997061292057,-0.466359882625514,-0.16308982267943284,-0.007644057716761729,
93,0.0,1.0,0.15346082880631715,,True,-0.10679515842922861,,,-0.24763340158643393,production_8C_8M,1100042,common_eligible,93.0,0.40429253103395785,0.24888659366821994,-0.8591034025710995,-0.1817156043158834,-0.03187471254257386,
115,0.0,0.0,0.1527532382981618,,True,0.03370067632192003,,,-0.036066766855671034,production_8C_8M,1100042,common_eligible,115.0,0.14542148883694728,0.281169612093188,0.3073881877692566,-0.09384736383342401,0.16124871647726405,
116,0.0,1.0,0.1450671547798448,,True,-0.15386190470309644,,,-0.014342061446469406,production_8C_8M,1100042,common_eligible,116.0,0.7942206926425992,0.4312459259337449,-0.6036712243404595,-0.2712356728607402,-0.0364881365454527,
121,1.0,0.0,0.8498720011193464,,True,-0.1646192992248754,,,-0.578150415838105,production_8C_8M,1100042,common_eligible,121.0,0.8386724310807065,0.4998429921950859,-0.9269685840001255,-0.28345558591715064,-0.045783012532600184,
122,1.0,0.0,0.8538263296423494,,True,-0.1044508063490495,,,-0.1662835077113541,production_8C_8M,1100042,common_eligible,122.0,0.5516851422131019,0.28568002749247184,-0.6005930954076832,-0.20030356035827712,-0.008598052339821902,
123,0.0,1.0,0.3635090647979132,,True,0.03209046444398971,,,0.03246765507545743,production_8C_8M,1100042,common_eligible,123.0,0.599543887782819,0.5316078934538502,-0.6970983123909466,-0.07598201359400536,0.14016294248198474,
126,0.0,0.0,0.11130938306603881,,True,-0.11607470263638021,,,-0.3010231687743369,production_8C_8M,1100042,common_eligible,126.0,0.2279758604377287,0.15064159462539073,0.17919579773695413,-0.1840446601180073,-0.04810474515475313,
130,0.0,0.0,0.14327828486842537,,True,-0.106586564072602,,,0.006309753656425152,production_8C_8M,1100042,common_eligible,130.0,0.1696498127311982,0.3152987483379091,0.34367101177778536,-0.2332255714740702,0.02005244332886616,
137,0.0,0.0,0.20275542906630564,,True,-0.12714230810838306,,,-0.035394603233024145,production_8C_8M,1100042,common_eligible,137.0,0.24684688843976874,0.21014529069886334,0.2729234501295035,-0.2150101404355499,-0.03927447578121626,
145,1.0,0.0,0.17161148651355795,,True,-0.005941203670707881,,,-0.33769143797714973,production_8C_8M,1100042,common_eligible,145.0,0.22499664318893609,0.23784219994568284,-1.3730884781826478,-0.18581203253157272,0.1739296251901569,
151,0.0,1.0,0.4911363279932613,,True,0.05796652716590118,,,-0.31487008056515453,production_8C_8M,1100042,common_eligible,151.0,0.37089586410408704,0.5912656936967917,-1.0159222669033916,-0.06434113888919399,0.18027419322099633,
162,0.0,0.0,0.2711529465124475,,True,-0.09950535456794615,,,-0.1770906937214045,production_8C_8M,1100042,common_eligible,162.0,0.2381418044695276,0.18867159080853405,0.2772674788768479,-0.16730237338365211,-0.03170833575224022,
167,0.0,1.0,0.3599302350073436,,True,-0.13317083591642465,,,0.060419762402974864,production_8C_8M,1100042,common_eligible,167.0,0.41338354544095834,0.35228275573009094,-0.9775890955844811,-0.21977354676284216,-0.04656812507000713,
169,1.0,1.0,0.5084360975870578,,True,-0.14725997405365637,,,-0.059438745764093026,production_8C_8M,1100042,common_eligible,169.0,0.6882508987619745,0.5907097209020846,0.7074572890867533,-0.24398917180360194,-0.05053077630371082,
186,1.0,0.0,0.5189972897681637,,True,-5.3321739902862015e-05,,,-0.34838730337294177,production_8C_8M,1100042,common_eligible,186.0,0.5488354232251229,0.6133579479181148,-1.1172908681902387,-0.14458521037650846,0.14447856689670271,
193,0.0,0.0,0.39404328442896036,,True,-0.10829919539369996,,,-0.07790570380726344,production_8C_8M,1100042,common_eligible,193.0,0.6786246078875908,0.3941561203955172,0.8354540918757788,-0.24285560164873254,0.02625721086133255,
196,0.0,0.0,0.41372607768955594,,True,0.025164228233313907,,,0.18500422317417548,production_8C_8M,1100042,common_eligible,196.0,0.46134894714593894,0.5139321485391334,0.8395002543090244,-0.09076927016594658,0.14109772663257436,
208,1.0,1.0,0.21057314906385796,,True,0.020771133759973272,,,-0.38364186382161225,production_8C_8M,1100042,common_eligible,208.0,0.41590008988098043,0.5692545106534259,2.1989404380853514,-0.14068353791616456,0.18222580543611108,
211,0.0,0.0,0.10762602854471696,,True,-0.10667369262643474,,,0.039362356322426656,production_8C_8M,1100042,common_eligible,211.0,0.3315939852848276,0.2774644341423807,0.3174567970609462,-0.2260886023794414,0.012741217126571891,
229,0.0,0.0,0.6125170975782313,,True,-0.14600888822110683,,,-0.0181111175885878,production_8C_8M,1100042,common_eligible,229.0,0.43682312390348293,0.3339631375656055,1.0244752358702194,-0.23667519021915284,-0.05534258622306085,
241,1.0,0.0,0.1297028816402344,,True,-0.09042814596261142,,,-0.2359562924134932,production_8C_8M,1100042,common_eligible,241.0,0.3074903575076393,0.2878961486846495,-2.239253055595619,-0.19237304742965733,0.011516755504434456,
250,1.0,1.0,0.8940145741816591,,True,-0.11742583591986865,,,-0.14381661120733635,production_8C_8M,1100042,common_eligible,250.0,0.8420065004082051,0.5295209690666276,0.21376878768227936,-0.24404314718065623,0.009191475340918895,
261,0.0,0.0,0.19932343875777572,,True,0.025164228233313907,,,0.31285754382566056,production_8C_8M,1100042,common_eligible,261.0,0.42313934770336076,0.5155874198566821,0.6209253227510827,-0.09076927016594658,0.14109772663257436,
264,1.0,1.0,0.40928509922266226,,True,-0.16608515898486562,,,0.10130985419071503,production_8C_8M,1100042,common_eligible,264.0,0.7879846289632729,0.4488407706438892,1.0074950259275726,-0.2639149076664994,-0.0682554103032319,
265,0.0,0.0,0.3686797135901631,,True,-0.11734265142417878,,,-0.19966649402570194,production_8C_8M,1100042,common_eligible,265.0,0.7598677553121285,0.424216018523097,0.8679651462249922,-0.1927524488673415,-0.04193285398101608,
270,0.0,0.0,0.13804601185961027,,True,-0.11870240317781228,,,-0.05981133747776573,production_8C_8M,1100042,common_eligible,270.0,0.08384969409588784,0.15807800207540484,0.1715069275457286,-0.19788922732828101,-0.03951557902734357,
271,1.0,0.0,0.8461367240564468,,True,-0.12839015899988665,,,-0.027407061388611043,production_8C_8M,1100042,common_eligible,271.0,0.9283904200766833,0.39734920669755575,-1.0006452329194118,-0.2078100985516321,-0.04897021944814123,
277,1.0,1.0,0.8920464889990458,,True,0.014083541023633564,,,0.19707323380293573,production_8C_8M,1100042,common_eligible,277.0,0.34503894913867855,0.4670287706193018,0.7194600609282764,-0.0728375091331035,0.1010045911803706,
282,0.0,0.0,0.5132940644807116,,True,-0.0894846849724828,,,0.2904593735133494,production_8C_8M,1100042,common_eligible,282.0,0.8295833512803777,0.5832953546115129,1.4581977939045703,-0.20541329453293175,0.026443924587966128,
284,0.0,1.0,0.14133038684566038,,True,-0.14493369460918856,,,0.18518688543613304,production_8C_8M,1100042,common_eligible,284.0,0.3678934001768372,0.3129926399958253,-0.7910472245948472,-0.23534244051026,-0.05452494870811715,
288,1.0,0.0,0.7963268679985519,,True,-0.01979356741021566,,,0.004640120746827181,production_8C_8M,1100042,common_eligible,288.0,0.5812213116242939,0.4743173783523147,-0.7025354476831911,-0.17238243928450778,0.13279530446407645,
318,0.0,0.0,0.4860744539148504,,True,0.04856047646487488,,,-0.20199985734703257,production_8C_8M,1100042,common_eligible,318.0,0.5055966842824385,0.5553435679637743,1.0335405248689424,-0.031106322372348144,0.12822727530209788,
328,0.0,1.0,0.5302523227507492,,True,-0.07229290159880433,,,0.10327243996857394,production_8C_8M,1100042,common_eligible,328.0,0.6082216998514425,0.46391692803484447,-0.9783233718504152,-0.1913077614814376,0.04672195828382891,
334,0.0,0.0,0.1847418150062088,,True,-0.11314289558541911,,,-0.1484375342195409,production_8C_8M,1100042,common_eligible,334.0,0.527372933141373,0.22230034439516136,0.3418058392764267,-0.19593661645560106,-0.030349174715237168,
339,0.0,1.0,0.6886296291462001,,True,-0.1174880160088739,,,-0.04096418254395162,production_8C_8M,1100042,common_eligible,339.0,0.42396856172171216,0.396962173895735,-1.8769943513523983,-0.19350783513361808,-0.04146819688412974,
343,1.0,1.0,0.7875249839234263,,True,-0.02573930304055872,,,-0.252500407706424,production_8C_8M,1100042,common_eligible,343.0,0.48801872995012985,0.4536296394131806,0.6593925313041996,-0.15737542583799205,0.1058968197568746,
346,0.0,0.0,0.3628878730184565,,True,-0.08146343815528334,,,0.021257549177203516,production_8C_8M,1100042,common_eligible,346.0,0.23144273396230103,0.17793471316760928,0.30976042782017144,-0.17537595935196557,0.012449083041398856,
349,0.0,1.0,0.7968673566499692,,True,-0.08155511488784714,,,0.03268878550218324,production_8C_8M,1100042,common_eligible,349.0,0.8931455063326547,0.44030765936489596,-0.9788709448742214,-0.22560057157621147,0.06249034180051713,
354,1.0,0.0,0.7081691555570301,,True,-0.03679896969245838,,,-0.14297135067526034,production_8C_8M,1100042,common_eligible,354.0,0.6014615495388057,0.49506359768906133,-0.8054732981907684,-0.1846766148462825,0.11107867546136571,
357,1.0,1.0,0.5646391872666329,,True,-0.09400474041052624,,,0.1013446835796018,production_8C_8M,1100042,common_eligible,357.0,0.6637183399106846,0.4390313497544676,0.7688123327673846,-0.1965308927682272,0.008521411947174679,
360,1.0,0.0,0.24682204083780593,,True,-0.05010636740712424,,,-0.20995476861796994,production_8C_8M,1100042,common_eligible,360.0,0.21522584831451927,0.2996139899304495,-1.1294985474068493,-0.20914271447583863,0.1089299796615901,
361,0.0,0.0,0.21519738553463072,,True,-0.05119587637289612,,,-0.0406445885166562,production_8C_8M,1100042,common_eligible,361.0,0.3625620864959312,0.39987849058037267,0.4992950975969742,-0.2211162068929558,0.1187244541471635,
365,1.0,0.0,0.6896962699573265,,True,-0.14479664083575855,,,-0.3344524588585174,production_8C_8M,1100042,common_eligible,365.0,0.7516262861017479,0.2719960597803693,-0.8740010118806487,-0.29045229706916886,0.0008590153976517079,
368,1.0,0.0,0.8349488802909346,,True,-0.08345506214143522,,,-0.05427466854280549,production_8C_8M,1100042,common_eligible,368.0,0.831941798092508,0.5040537578250439,-0.9315821941531587,-0.1741245472915553,0.007214423008684856,
370,1.0,0.0,0.19107565516586422,,True,-0.10594964524659224,,,-0.11224918810400103,production_8C_8M,1100042,common_eligible,370.0,0.38519638301871134,0.21939766330990298,-1.314022773262118,-0.2049315005745284,-0.006967789918656084,
380,0.0,1.0,0.6487565302641659,,True,-0.09472138743828491,,,-0.4595323870462047,production_8C_8M,1100042,common_eligible,380.0,0.2938613628323202,0.17954539112626103,-2.1247124573653027,-0.18628578813999097,-0.0031569867365788817,
384,1.0,1.0,0.7777790206219679,,True,-0.08967373600926308,,,0.0703099140074529,production_8C_8M,1100042,common_eligible,384.0,0.8244756476678086,0.5893662176465834,0.2928474465027062,-0.19458259559616448,0.015235123577638301,
392,1.0,1.0,0.8601482527911424,,True,-0.08085147987251463,,,0.0859568948245617,production_8C_8M,1100042,common_eligible,392.0,0.6656842250129503,0.7675297532232097,0.3721131780281074,-0.15166477955119836,-0.010038180193830917,
398,0.0,1.0,0.1303868912601541,,True,-0.07653489814582713,,,-0.3498504475078327,production_8C_8M,1100042,common_eligible,398.0,0.24852433111045613,0.22791921735687612,-0.8847545399029918,-0.18615698286873528,0.033087186577080985,
422,1.0,1.0,0.44708244731806535,,True,0.0751490297090455,,,0.04875396248008518,production_8C_8M,1100042,common_eligible,422.0,0.370268353325576,0.5323274542238002,1.2081134664445552,-0.02312655187854938,0.17342461129664036,
424,1.0,0.0,0.4614239721745545,,True,-0.11816885112291974,,,-0.411950972386599,production_8C_8M,1100042,common_eligible,424.0,0.8171746172267765,0.6399880041726329,-1.5641713445941177,-0.20930228918171115,-0.02703541306412835,
431,1.0,1.0,0.1346435594679051,,True,-0.06748240759315784,,,-0.32665406706368566,production_8C_8M,1100042,common_eligible,431.0,0.5356718308119053,0.2779138306946569,5.10518822738104,-0.21480222661039544,0.07983741142407973,
435,0.0,1.0,0.10701736262499782,,True,-0.10608458238432938,,,-0.10742312894197681,production_8C_8M,1100042,common_eligible,435.0,0.35304730228205305,0.3847303476551102,-0.6928021468807575,-0.2204629612839717,0.00829379651531291,
446,1.0,0.0,0.1891108437789189,,True,-0.05009508452291521,,,-0.06432527410523083,production_8C_8M,1100042,common_eligible,446.0,0.29960085319674146,0.13854352857222915,-0.8936622128676965,-0.2502731310531801,0.15008296200734966,
447,1.0,1.0,0.38954114964836234,,True,-0.07611443773481645,,,0.034144994760945346,production_8C_8M,1100042,common_eligible,447.0,0.30848751989438467,0.2680213094550641,1.8386130375571772,-0.22472347876711563,0.07249460329748271,
451,1.0,1.0,0.6919855927758717,,True,0.0063983919627076755,,,-0.17663563846118313,production_8C_8M,1100042,common_eligible,451.0,0.20160027101364225,0.21113034544902823,1.1495388589918007,-0.11241747313810847,0.1252142570635238,
460,1.0,0.0,0.41574261903612264,,True,-0.013386418282118081,,,-0.15089969081385596,production_8C_8M,1100042,common_eligible,460.0,0.47685958252237265,0.44328815300155394,-1.099827648402814,-0.10386013837051995,0.07708730180628377,
462,0.0,0.0,0.3942704383960165,,True,0.03211706335101591,,,-0.02877369342676961,production_8C_8M,1100042,common_eligible,462.0,0.4079678725161289,0.5820045772009709,0.8475515838923586,-0.12620525537248037,0.19043938207451214,
465,0.0,1.0,0.12899363505836908,,True,-0.14600888822110683,,,-0.07352311822592295,production_8C_8M,1100042,common_eligible,465.0,0.3500809160385557,0.29636021867593104,-0.7998910011869804,-0.23667519021915284,-0.05534258622306085,
467,0.0,0.0,0.3370132003592264,,True,-0.10452401160696895,,,0.18109530692018136,production_8C_8M,1100042,common_eligible,467.0,0.8176727670895904,0.415699011429499,0.8313430577857122,-0.210203959902799,0.0011559366888610895,
468,1.0,0.0,0.22819101790974883,,True,-0.0969957660415687,,,-0.36394341785118856,production_8C_8M,1100042,common_eligible,468.0,0.4308625256124837,0.20318324050309886,-1.1180878663247038,-0.19592095399555295,0.0019294219124155326,
474,0.0,0.0,0.3925405316705979,,True,0.04754716733749412,,,0.27024214191256124,production_8C_8M,1100042,common_eligible,474.0,0.38186462189283366,0.5517171345250189,0.7984781935241374,-0.1577602888101928,0.25285462348518095,
478,1.0,0.0,0.5579476411911827,,True,-0.08371580372474963,,,-0.14113139488284232,production_8C_8M,1100042,common_eligible,478.0,0.6056240314522487,0.3667318268150037,-0.8961793759425213,-0.1955870295066259,0.028155422057126622,
481,0.0,1.0,0.3277216607144138,,True,-0.14552273074577018,,,0.24256774419822325,production_8C_8M,1100042,common_eligible,481.0,0.47103363834650347,0.33793527672341656,-0.919924785653967,-0.22936118385694879,-0.0616842776345916,
486,1.0,1.0,0.5045503815372111,,True,-0.17062420524514596,,,-0.6892153014395378,production_8C_8M,1100042,common_eligible,486.0,0.7790128705935154,0.12953020613794225,1.075755935523287,-0.28198804357029084,-0.059260366920001126,
487,1.0,1.0,0.898576045661531,,True,0.03555074669728281,,,-0.028156691615068175,production_8C_8M,1100042,common_eligible,487.0,0.7964087867525759,0.8116419345224319,0.2248515394318539,-0.11637629076000786,0.18747778415457345,
498,0.0,0.0,0.2157230688882907,,True,-0.10594964524659224,,,-0.1062618189134249,production_8C_8M,1100042,common_eligible,498.0,0.33237185379996365,0.16394071534447377,0.2553628565161944,-0.2049315005745284,-0.006967789918656084,
503,0.0,0.0,0.23174975233534803,,True,-0.009096282752656833,,,-0.16728505428348134,production_8C_8M,1100042,common_eligible,503.0,0.20756096785285755,0.23179172921083385,0.2944044039748281,-0.15496311044208785,0.13677054493677415,
507,1.0,1.0,0.870692439690889,,True,-0.0456736170391912,,,-0.030854928811506976,production_8C_8M,1100042,common_eligible,507.0,0.8733053906951318,0.7134040230636157,0.169257315586327,-0.15825501528073607,0.06690778120235366,
508,0.0,0.0,0.5034036956901548,,True,-0.12147160678401725,,,-0.05620972089686527,production_8C_8M,1100042,common_eligible,508.0,0.6143292955648411,0.4194224853704163,1.0421730678337005,-0.26529037147368917,0.022347157905654613,
514,1.0,1.0,0.7448134005759014,,True,-0.10710277101854417,,,-0.061478120138046544,production_8C_8M,1100042,common_eligible,514.0,0.7292771063479572,0.4171783777613376,0.47040816748696823,-0.22438010317675056,0.010174561139662211,
528,1.0,1.0,0.7776346566253983,,True,-0.0011254725643275757,,,-0.3151680255715663,production_8C_8M,1100042,common_eligible,528.0,0.5825337644884686,0.4181744073647459,0.5838397974254432,-0.12304232862358454,0.12079138349492936,
532,1.0,0.0,0.5580086932425448,,True,-0.10764309307179817,,,-0.5334643262344162,production_8C_8M,1100042,common_eligible,532.0,0.6390113276226803,0.3055889044282447,-0.881064257683593,-0.19669747352602535,-0.018588712617571015,
534,0.0,1.0,0.4572948016103035,,True,0.01486416378836357,,,0.13543398492073888,production_8C_8M,1100042,common_eligible,534.0,0.47193254347526514,0.468339410385036,-0.976621322412177,-0.11512873158817045,0.14485705916489755,
535,0.0,0.0,0.6561193140415007,,True,-0.10191541751548085,,,0.03704061610492676,production_8C_8M,1100042,common_eligible,535.0,0.5957550906055028,0.41847471335983444,1.5551667037671937,-0.2053243413774493,0.0014935063464875803,
538,1.0,0.0,0.6989184464644439,,True,-0.025933565396187915,,,-0.06212851278558973,production_8C_8M,1100042,common_eligible,538.0,0.3533223409259284,0.44528261702243754,-0.5451421201486448,-0.10893227561216279,0.05706514481978694,
539,0.0,1.0,0.193723971577227,,True,-0.140600380676863,,,-0.11126006308263126,production_8C_8M,1100042,common_eligible,539.0,0.328207044279567,0.15350026195504887,-1.0079114567020833,-0.20581018361489214,-0.07539057773883388,
546,0.0,0.0,0.1805673628369995,,True,-0.08274994366456587,,,-0.06620608679353736,production_8C_8M,1100042,common_eligible,546.0,0.18566602048940456,0.22027028704692847,0.2611830139359641,-0.17564664640397998,0.010146759074848216,
549,1.0,0.0,0.8255150250775308,,True,-0.027325027587395,,,-0.22605679180368443,production_8C_8M,1100042,common_eligible,549.0,0.8796290607893859,0.7069659409090508,-1.0290569097361333,-0.20556336360147656,0.15091330842668652,
550,0.0,0.0,0.18798867445089448,,True,-0.0957403788959025,,,-0.08381602753461014,production_8C_8M,1100042,common_eligible,550.0,0.5347544435141978,0.2583388252250934,0.3821397819728087,-0.17557248924130428,-0.01590826855050076,
552,1.0,0.0,0.6356176611258127,,True,-0.14344768005731542,,,0.08753892270289004,production_8C_8M,1100042,common_eligible,552.0,0.8426675897694511,0.4330226382250092,-1.0909077054113419,-0.23487590084118806,-0.0520194592734428,
559,1.0,0.0,0.5398454725501154,,True,-0.16608515898486562,,,-0.36576085048430995,production_8C_8M,1100042,common_eligible,559.0,0.6197116596729499,0.3514659053628061,-0.919294847493339,-0.2639149076664994,-0.0682554103032319,
561,1.0,0.0,0.6679195830064024,,True,-0.16608515898486562,,,-0.14847635272894044,production_8C_8M,1100042,common_eligible,561.0,0.8079044604631527,0.5893780039680047,-1.1009350861615057,-0.2639149076664994,-0.0682554103032319,
563,0.0,0.0,0.4420082253663322,,True,-0.037406317130373186,,,0.08723419972137467,production_8C_8M,1100042,common_eligible,563.0,0.6051578842532509,0.39913042768797163,0.8785008676211274,-0.15568323715813412,0.0808706028973877,
568,1.0,1.0,0.8094141010667619,,True,-0.1263753737802995,,,-0.11006768648138565,production_8C_8M,1100042,common_eligible,568.0,0.8444971907889052,0.41898951290889075,0.29230843914262006,-0.20631258239463746,-0.046438165165961595,
569,0.0,1.0,0.28729620981739196,,True,-0.06650237462498056,,,-0.03506472883281053,production_8C_8M,1100042,common_eligible,569.0,0.5484735971715028,0.5195052695479874,-0.6625083887936793,-0.19320608697577168,0.06020133772581056,
578,0.0,0.0,0.44331880999530554,,True,-0.06867724814906773,,,-0.1661069213092291,production_8C_8M,1100042,common_eligible,578.0,0.5427674085870688,0.47493525335044395,0.9071736799389659,-0.15324490167667554,0.015890405378540057,
584,1.0,0.0,0.17728639751511938,,True,-0.051113256745280534,,,-0.18620539681394355,production_8C_8M,1100042,common_eligible,584.0,0.40482911118318365,0.34396670623792386,-2.001037799442684,-0.11650047692725443,0.014273963436693356,
588,1.0,1.0,0.578326209788565,,True,-0.09233480526367714,,,0.05151712594740754,production_8C_8M,1100042,common_eligible,588.0,0.45663678822022213,0.5126163387112763,0.898728250168543,-0.21167735194313964,0.02700774141578531,
594,0.0,1.0,0.38648340668225384,,True,-0.0730310032108594,,,-0.1845762402931477,production_8C_8M,1100042,common_eligible,594.0,0.3791141351583314,0.299790409305727,-1.091335253501875,-0.18918084669386664,0.043118840272147824,
599,0.0,1.0,0.5031840542926488,,True,-0.09042814596261142,,,-0.017020805613165407,production_8C_8M,1100042,common_eligible,599.0,0.44113879265693434,0.3506138804906583,-1.2154107218344345,-0.19237304742965733,0.011516755504434456,
603,1.0,1.0,0.8909088350743825,,True,-0.12839015899988665,,,-0.4064471216929251,production_8C_8M,1100042,common_eligible,603.0,0.8770067568653184,0.2798023168969335,0.2111809466721425,-0.2078100985516321,-0.04897021944814123,
609,0.0,1.0,0.19018166190921137,,True,-0.11851356842272913,,,-0.17815202596793825,production_8C_8M,1100042,common_eligible,609.0,0.6121158141565474,0.3356099307482125,-0.7554826706689451,-0.23766876617545768,0.0006416293299994075,
614,1.0,1.0,0.560290871391724,,True,-0.12637053174179597,,,0.13800989485438941,production_8C_8M,1100042,common_eligible,614.0,0.6259280859401025,0.32964981128062865,0.9001541909530171,-0.2830477069344106,0.030306643450818654,
617,1.0,0.0,0.6075701845733918,,True,-0.15088421786830827,,,-0.32977963417948597,production_8C_8M,1100042,common_eligible,617.0,0.8764990190806966,0.5607340927975623,-1.2386773848516603,-0.22451851361866215,-0.07724992211795444,
621,1.0,1.0,0.5370079420991479,,True,-0.09223924385267644,,,-0.10300534475910206,production_8C_8M,1100042,common_eligible,621.0,0.5536961779349606,0.36524484106672606,0.9935705834259703,-0.1928998074038612,0.00842131969850829,
626,1.0,0.0,0.5292751825957597,,True,-0.11173883606475586,,,-0.14734105843629364,production_8C_8M,1100042,common_eligible,626.0,0.5736284226307573,0.2698713840084362,-0.813645642665473,-0.20315241074167614,-0.020325261387835608,
638,1.0,0.0,0.268991902731541,,True,-0.12097502072444954,,,-0.028967779075204383,production_8C_8M,1100042,common_eligible,638.0,0.37027307760970296,0.17011362264131843,-0.8325711406505927,-0.31922635858278137,0.0772763171338822,
648,1.0,1.0,0.26042033594029385,,True,-0.10230597203474871,,,0.22657797391420198,production_8C_8M,1100042,common_eligible,648.0,0.630117253333896,0.3248486114579891,2.2872761611413264,-0.19142707502629674,-0.013184869043200709,
651,1.0,0.0,0.885249852534265,,True,-0.05063665664878286,,,0.14285091672279376,production_8C_8M,1100042,common_eligible,651.0,0.8313949154877673,0.6967475343584507,-0.9217105276114359,-0.13939555947844823,0.03812224618088249,
656,0.0,0.0,0.14473782960342105,,True,-0.05783046769271701,,,0.008071797181922913,production_8C_8M,1100042,common_eligible,656.0,0.5787135030136228,0.42655712478772395,0.5244940373364748,-0.17360535910662842,0.057944423721194356,
662,0.0,0.0,0.6907698825349992,,True,0.06614629645434632,,,0.12090442381375327,production_8C_8M,1100042,common_eligible,662.0,0.7247583629616382,0.8111894429905246,2.430181969829158,-0.02281196552107434,0.15510455842976695,
663,1.0,1.0,0.47625081463037383,,True,-0.07824404955021776,,,-0.0006267839972746714,production_8C_8M,1100042,common_eligible,663.0,0.512943194736532,0.4174339700873686,1.1277244413441863,-0.1897141351267314,0.033226036026295855,
676,1.0,0.0,0.5377114496926193,,True,-0.11051558074819556,,,0.288078314021742,production_8C_8M,1100042,common_eligible,676.0,0.5975641306522566,0.4558023007245494,-0.9894326410757812,-0.18511900178843937,-0.03591215970795178,
680,1.0,0.0,0.7942672818428265,,True,-0.06571064176939875,,,-0.21676132704337042,production_8C_8M,1100042,common_eligible,680.0,0.5795858333951857,0.5437389770409027,-0.7204262032201664,-0.17881209897212857,0.04739081543333104,
684,0.0,0.0,0.6162809713716983,,True,-0.06573538369611825,,,-0.09365228131014089,production_8C_8M,1100042,common_eligible,684.0,0.27480746805381584,0.2927542162848622,0.7341152140905137,-0.1879951285980871,0.056524361205850554,
707,1.0,0.0,0.25387159813499116,,True,-0.13989022732205467,,,-0.18261274863827542,production_8C_8M,1100042,common_eligible,707.0,0.6456244265135391,0.14270616078898585,-1.0650377065652914,-0.2752592454167029,-0.004521209227406481,
708,0.0,0.0,0.28947124429815446,,True,-0.11676033001614074,,,-0.3033594815556778,production_8C_8M,1100042,common_eligible,708.0,0.5907475416423503,0.31713474392174335,0.5578068132405597,-0.19269320080254973,-0.04082745922973176,
713,0.0,1.0,0.13206847449755194,,True,0.03358938017791016,,,0.18351149860665072,production_8C_8M,1100042,common_eligible,713.0,0.6966366504055694,0.7197506064914617,-0.3264105636264349,-0.12112315709883864,0.1883019174546589,
743,1.0,0.0,0.5398515491758863,,True,-0.1260503511226425,,,-0.3588049137290085,production_8C_8M,1100042,common_eligible,743.0,0.8372207501493553,0.32065924681022656,-1.1105382128618315,-0.20495475513717398,-0.04714594710811107,
744,0.0,0.0,0.2271279356058897,,True,-0.02991814673769752,,,0.00043827428651807554,production_8C_8M,1100042,common_eligible,744.0,0.33470082066427814,0.33304059403608915,0.4314008659947737,-0.15334742363518794,0.09351113015979286,
752,1.0,0.0,0.7584229839263824,,True,-0.0011254725643275757,,,-0.048624029853681416,production_8C_8M,1100042,common_eligible,752.0,0.6021222818493142,0.4181744073647459,-0.7353214697306436,-0.12304232862358454,0.12079138349492936,
760,1.0,1.0,0.5226443203702145,,True,-0.16797390270212828,,,-0.1049719012824385,production_8C_8M,1100042,common_eligible,760.0,0.907164842310011,0.3863900314611312,0.6532740491946367,-0.30301199565069104,-0.032935809753565526,
773,1.0,1.0,0.7696841801150724,,True,0.03198853010325142,,,-0.05078761983714952,production_8C_8M,1100042,common_eligible,773.0,0.6643515991209682,0.7146843158674331,0.4210246076593202,-0.1384715974298983,0.2024486576364011,
776,0.0,0.0,0.18906039544467698,,True,0.11337306538579188,,,0.11215936655437345,production_8C_8M,1100042,common_eligible,776.0,0.09257857560657809,0.5133966247922455,0.5349801582829821,0.02577462317614057,0.2009715075954432,
779,0.0,0.0,0.22722152403785487,,True,-0.06544440920647489,,,0.2102850669914252,production_8C_8M,1100042,common_eligible,779.0,0.3219666928083336,0.3292500841323719,0.4239185627520081,-0.16426809812650123,0.033379279713551424,
781,1.0,1.0,0.3738404960754627,,True,0.03370067632192003,,,0.031273744586730046,production_8C_8M,1100042,common_eligible,781.0,0.6416610920551782,0.6741581880458845,0.9041036110011661,-0.09384736383342401,0.16124871647726405,
798,1.0,1.0,0.49830255595975936,,True,-0.0839021674810865,,,-0.012829595656138837,production_8C_8M,1100042,common_eligible,798.0,0.3830074788485912,0.5782394860342754,1.0416264495208023,-0.23630646298309205,0.06850212802091901,
822,0.0,0.0,0.6984591257466864,,True,0.047077259449199015,,,0.15687867128973654,production_8C_8M,1100042,common_eligible,822.0,0.5398087054706897,0.7017454901366827,1.9521043923158135,-0.18317599659381048,0.27733051549220844,
839,0.0,0.0,0.6717243372454579,,True,-0.11493871426225666,,,-0.082870305049013,production_8C_8M,1100042,common_eligible,839.0,0.4744849053526249,0.18708770898893248,1.1579883718848016,-0.20897904057995806,-0.020898387944555286,
845,1.0,1.0,0.661761614088901,,True,-0.012576753868164887,,,-0.054967122143437575,production_8C_8M,1100042,common_eligible,845.0,0.29411901232582094,0.49552038112669244,0.9637296878404462,-0.15229529909457337,0.12714179135824352,
859,1.0,1.0,0.6313256883352686,,True,-0.03964035138550813,,,0.10091643251497262,production_8C_8M,1100042,common_eligible,859.0,0.8312176102575511,0.6585555970454819,0.368175163641714,-0.23512144948671887,0.15584074671570258,
868,1.0,0.0,0.23174975233534803,,True,-0.07169707991526866,,,-0.03768758335333155,production_8C_8M,1100042,common_eligible,868.0,0.4465439621631171,0.3499835495980869,-1.6067391552445538,-0.1789718282806296,0.03557766845009225,
875,1.0,1.0,0.25588691446967,,True,0.04191304978857397,,,0.2750351541256375,production_8C_8M,1100042,common_eligible,875.0,0.3366507607610457,0.6132470131736073,1.7880177630745855,-0.030593833290542473,0.1144199328676904,
892,0.0,0.0,0.843486204394406,,True,-0.08306815407611196,,,-0.4218944972490402,production_8C_8M,1100042,common_eligible,892.0,0.6061087484549841,0.3073224071149954,3.573771640592443,-0.20074410545853558,0.03460779730631164,
893,0.0,1.0,0.2595540229811109,,True,-0.133623057685247,,,-0.13899119129057289,production_8C_8M,1100042,common_eligible,893.0,0.442051829304434,0.3067628972967008,-0.8888188153652229,-0.23228126337436622,-0.03496485199612777,
898,1.0,1.0,0.5013162384660613,,True,-0.07470178388716313,,,0.11489019733853345,production_8C_8M,1100042,common_eligible,898.0,0.5121365760866525,0.361233790252631,1.1232753890080307,-0.1529212484550183,0.0035176806806920535,
908,1.0,1.0,0.5109917049752833,,True,-0.022074108173808105,,,0.2700079153490359,production_8C_8M,1100042,common_eligible,908.0,0.6709454009962151,0.5597468094067161,0.750367626231158,-0.21418943379195576,0.1700412174443395,
913,0.0,0.0,0.6714559180248966,,True,0.007899129414233562,,,0.5763362625455206,production_8C_8M,1100042,common_eligible,913.0,0.3626929110983219,0.44701129373555837,1.1882582524955718,-0.11379829437287592,0.129596553201343,
915,1.0,1.0,0.8682435431100303,,True,-0.028472057491561238,,,-0.10460704553612188,production_8C_8M,1100042,common_eligible,915.0,0.8665865401194579,0.7339115167219474,0.17379254021365004,-0.18839309944948157,0.13144898446635908,
929,1.0,0.0,0.6072744746044716,,True,0.07547931091717477,,,-0.2246108655442407,production_8C_8M,1100042,common_eligible,929.0,0.4321403200953678,0.53967719929297,-0.7811505625798101,-0.02015194806572844,0.17111056990007795,
934,0.0,0.0,0.10573486610413528,,True,-0.1584801180818021,,,-0.17923562100166213,production_8C_8M,1100042,common_eligible,934.0,0.3113256231961976,0.18029491011928675,0.21710499231496547,-0.2518846820921594,-0.06507555407144476,
955,1.0,1.0,0.7451700908907951,,True,-0.14600888822110683,,,-0.4074361291328243,production_8C_8M,1100042,common_eligible,955.0,0.7570973474177417,0.548125277927168,0.39743273338154583,-0.23667519021915284,-0.05534258622306085,
960,1.0,1.0,0.37326063953542776,,True,0.038563228412053174,,,0.30302428580824725,production_8C_8M,1100042,common_eligible,960.0,0.42671243879629944,0.5891715094209768,1.2631068407467925,-0.07119373977853014,0.14832019660263646,
961,0.0,1.0,0.6731115786602768,,True,-0.033020103111247125,,,-0.17386110854674186,production_8C_8M,1100042,common_eligible,961.0,0.39427347914125105,0.4046065179964942,-1.842673924120786,-0.13043862289530148,0.06439841667280721,
967,0.0,0.0,0.5346469130507556,,True,-0.133623057685247,,,0.11315424130412288,production_8C_8M,1100042,common_eligible,967.0,0.5713781956758497,0.4307790392702446,1.087238826622902,-0.23228126337436622,-0.03496485199612777,
976,0.0,0.0,0.1912960634398126,,True,-0.16797390270212828,,,-0.10435438224184548,production_8C_8M,1100042,common_eligible,976.0,0.48095221884859196,0.12867252419923972,0.24244007497897002,-0.30301199565069104,-0.032935809753565526,
980,1.0,1.0,0.8005341287135094,,True,-0.1521848133321308,,,-0.1328309937568829,production_8C_8M,1100042,common_eligible,980.0,0.8623894735883766,0.49089447256949426,0.2644623044474803,-0.2915708014410831,-0.012798825223178517,
986,1.0,0.0,0.7653088345337453,,True,-0.0894846849724828,,,-0.21930664730454208,production_8C_8M,1100042,common_eligible,986.0,0.7892723114980718,0.5743005527209807,-0.9653884883459664,-0.20541329453293175,0.026443924587966128,
987,0.0,0.0,0.6907647780638804,,True,-0.1151539009608297,,,0.16537846499403014,production_8C_8M,1100042,common_eligible,987.0,0.49875192473423086,0.3593140107191992,1.473418220585511,-0.2348408633380707,0.0045330614164112715,
989,0.0,0.0,0.33246461134764504,,True,0.023334558385685607,,,-0.22553091570484401,production_8C_8M,1100042,common_eligible,989.0,0.2840309754994916,0.28511298486500986,0.426574021216611,-0.09908360400601524,0.14575272077738644,
5,1.0,1.0,0.6886902448318962,,True,0.014993458368514918,,,0.29544125881310984,production_189C_16M,1100042,common_eligible,5.0,0.436869463575793,0.5563771029888113,0.7636621055757755,-0.152546181155791,0.1825330978928208,
12,0.0,1.0,0.45536377990472693,,True,0.015919945427769894,,,-0.1020346687031714,production_189C_16M,1100042,common_eligible,12.0,0.24645890841754597,0.6602884528093935,-0.969738172515848,-0.07566203868530232,0.10750192954084208,
15,1.0,0.0,0.5738846364811898,,True,-0.04181461761631941,,,-0.003080297422145953,production_189C_16M,1100042,common_eligible,15.0,0.13068128536769022,0.3566387868423867,-0.39548932628695976,-0.19330778010592325,0.1096785448732844,
30,0.0,0.0,0.6165081669579549,,True,-0.08459100546442858,,,-0.15824629257148742,production_189C_16M,1100042,common_eligible,30.0,0.1657138222447978,0.32224796045393633,0.5886523946274684,-0.2207498876117606,0.05156787668290341,
39,1.0,0.0,0.5283941923786181,,True,-0.12213120187409275,,,-0.0787740414269622,production_189C_16M,1100042,common_eligible,39.0,0.30313386738707415,0.23644799791723228,-0.5141699662439538,-0.2979777120803188,0.05371530833213327,
40,0.0,0.0,0.33082502417666987,,True,-0.07599191232703145,,,0.060474988513839145,production_189C_16M,1100042,common_eligible,40.0,0.37202877846755783,0.4377745420691134,0.621697184244305,-0.205370545765937,0.053386721111874064,
43,1.0,0.0,0.7497677015962065,,True,-0.0517025587151128,,,-0.19702180525731344,production_189C_16M,1100042,common_eligible,43.0,0.4915776500966521,0.30588806634765114,-0.5936667021237128,-0.13969830721474769,0.03629318978452209,
45,0.0,0.0,0.27336578646015486,,True,-0.06669957704278763,,,0.13139903885494988,production_189C_16M,1100042,common_eligible,45.0,0.4062813012462171,0.4193159180642081,0.5721622957460059,-0.16799359269125924,0.03459443860568395,
48,1.0,1.0,0.4802296576804731,,True,-0.07498392885353869,,,-0.02351093248221392,production_189C_16M,1100042,common_eligible,48.0,0.57930584117436,0.6213666020522713,0.830503106934883,-0.18687991305258794,0.03691205534551052,
63,1.0,0.0,0.5623417191235032,,True,-0.06079985566929729,,,-0.08061850681857732,production_189C_16M,1100042,common_eligible,63.0,0.2683335387771679,0.37403126778982104,-0.5594339072685868,-0.14673505125915798,0.02513533992056336,
67,1.0,1.0,0.2977390283601627,,True,-0.16987203729706463,,,-0.4040936263411786,production_189C_16M,1100042,common_eligible,67.0,0.5374850231627089,0.32738663202323465,2.04897181433971,-0.3695952553214812,0.029851180727351878,
69,0.0,0.0,0.48300845845554913,,True,-0.1551951036329595,,,-0.2535047085663173,production_189C_16M,1100042,common_eligible,69.0,0.6239468831564683,0.47577081481561473,1.0587041860101192,-0.30424777072637266,-0.006142436539546353,
72,1.0,0.0,0.7162128710145098,,True,-0.07623951931731149,,,0.03393963416448598,production_189C_16M,1100042,common_eligible,72.0,0.5479107949471418,0.5940508288367171,-0.7832932992411863,-0.19261844541917883,0.04013940678455581,
93,0.0,1.0,0.19488947670716955,,True,-0.09866602372168062,,,-0.24763340158643393,production_189C_16M,1100042,common_eligible,93.0,0.3791112222666339,0.34059502502318567,-0.8097007238025922,-0.21880217003319521,0.02147012258983394,
115,0.0,0.0,0.33194066857065085,,True,-0.03995214244031616,,,-0.036066766855671034,production_189C_16M,1100042,common_eligible,115.0,0.1257739703176438,0.40399319060663696,0.4664868851512496,-0.13835824619037082,0.05845396130973846,
116,0.0,1.0,0.25141780854303075,,True,-0.1365839321085247,,,-0.014342061446469406,production_189C_16M,1100042,common_eligible,116.0,0.4165717628881893,0.35064228287642396,-0.8453071405680249,-0.24238423712171728,-0.030783627095332167,
121,1.0,0.0,0.8398652597050242,,True,-0.10010305854860874,,,-0.578150415838105,production_189C_16M,1100042,common_eligible,121.0,0.5168700464176565,0.4357356706283728,-0.5999505377786617,-0.21867445160978438,0.018468334512566895,
122,1.0,0.0,0.7252031656863603,,True,-0.11148301741603694,,,-0.1662835077113541,production_189C_16M,1100042,common_eligible,122.0,0.2920913854880677,0.2956844901129171,-0.4041333148166182,-0.20222964933536686,-0.02073638549670706,
123,0.0,1.0,0.44628072784866835,,True,0.04737064127969813,,,0.03246765507545743,production_189C_16M,1100042,common_eligible,123.0,0.5355272122153055,0.5662630292789583,-0.8080877730564937,-0.08082028727184144,0.17556156983123766,
126,0.0,0.0,0.20310721895170644,,True,-0.15053158449424242,,,-0.3010231687743369,production_189C_16M,1100042,common_eligible,126.0,0.24464835572786683,0.2759082813996213,0.3382627766776799,-0.28276513311271545,-0.01829803587576942,
130,0.0,0.0,0.2081933019164116,,True,-0.030402048001576296,,,0.006309753656425152,production_189C_16M,1100042,common_eligible,130.0,0.05524381063816981,0.2504347806984203,0.2649602846819587,-0.1996391495353288,0.13883505353217618,
137,0.0,0.0,0.18858854536980185,,True,-0.04814459752723027,,,-0.035394603233024145,production_189C_16M,1100042,common_eligible,137.0,0.11059877190987134,0.25968689897985386,0.28539230576841723,-0.13459454306743313,0.03830534801297254,
145,1.0,0.0,0.3198898517416831,,True,0.020169305258251825,,,-0.33769143797714973,production_189C_16M,1100042,common_eligible,145.0,0.2346168970823563,0.41009016375957313,-1.10649976724925,-0.11305793976791743,0.15339655028442106,
151,0.0,1.0,0.558857976371215,,True,0.0050046158280436575,,,-0.31487008056515453,production_189C_16M,1100042,common_eligible,151.0,0.26254058846075673,0.5965967610554329,-1.3376490199258289,-0.17884688926806797,0.18885612092415524,
162,0.0,0.0,0.5944369767255,,True,-0.028860304448008214,,,-0.1770906937214045,production_189C_16M,1100042,common_eligible,162.0,0.5247823541122371,0.5063121023499314,1.275489808686906,-0.16143079493931764,0.10371018604330118,
167,0.0,1.0,0.5909803121276174,,True,-0.017547972879773437,,,0.060419762402974864,production_189C_16M,1100042,common_eligible,167.0,0.6758239348402422,0.6338175275970521,-0.834574771974091,-0.10858832895176085,0.07349238319221396,
169,1.0,1.0,0.7043465498986552,,True,-0.019700978301771883,,,-0.059438745764093026,production_189C_16M,1100042,common_eligible,169.0,0.8080895396899739,0.7908871453804304,0.27968676437187234,-0.19324267303283926,0.15384071642929542,
186,1.0,0.0,0.6209286059275656,,True,-0.013738629834501588,,,-0.34838730337294177,production_189C_16M,1100042,common_eligible,186.0,0.5054311882044153,0.6155723060554532,-0.8812326088206285,-0.15799075996452863,0.13051350029552541,
193,0.0,0.0,0.6073541896643015,,True,-0.1177956658386382,,,-0.07790570380726344,production_189C_16M,1100042,common_eligible,193.0,0.6570499562685844,0.4936443132449457,1.5099853342207883,-0.2725991997816477,0.0370078681043713,
196,0.0,0.0,0.5530932063049111,,True,0.031993187216238075,,,0.18500422317417548,production_189C_16M,1100042,common_eligible,196.0,0.5203675340416859,0.6989246078922509,1.3429330497430172,-0.10341238018014907,0.16739875461262516,
208,1.0,1.0,0.3545069252882911,,True,0.08709669421629573,,,-0.38364186382161225,production_189C_16M,1100042,common_eligible,208.0,0.5179995943234708,0.734279767481147,0.9658289508092406,-0.010990554609669911,0.18518394304226138,
211,0.0,0.0,0.23691414764834637,,True,-0.014127018641563117,,,0.039362356322426656,production_189C_16M,1100042,common_eligible,211.0,0.16182866965325765,0.4632898488816142,0.5135325590797051,-0.08879080729836618,0.06053677001523994,
229,0.0,0.0,0.33945930940289487,,True,-0.09109698194832985,,,-0.0181111175885878,production_189C_16M,1100042,common_eligible,229.0,0.15637920074389478,0.23957002670765404,0.3199350613605727,-0.22939901670238977,0.047205052805730036,
241,1.0,0.0,0.31115273270856575,,True,-0.09501665146685986,,,-0.2359562924134932,production_189C_16M,1100042,common_eligible,241.0,0.2934010368360736,0.48456355230700154,-1.3661548446849834,-0.2698848700948394,0.07985156716111963,
250,1.0,1.0,0.8196009580552618,,True,-0.10260364450618124,,,-0.14381661120733635,production_189C_16M,1100042,common_eligible,250.0,0.6554120082232769,0.5017334263730471,0.4542594259447259,-0.31743373974186007,0.11222645072949754,
261,0.0,0.0,0.3575553857892817,,True,0.043521253204139444,,,0.31285754382566056,production_189C_16M,1100042,common_eligible,261.0,0.2781247992277156,0.5356057484125786,0.690397333065532,-0.0817938458590576,0.16883635226733645,
264,1.0,1.0,0.5575716301467317,,True,-0.07506625822378246,,,0.10130985419071503,production_189C_16M,1100042,common_eligible,264.0,0.6663461100592949,0.66172618784581,0.6020712971105132,-0.16393404892771735,0.013801532480152381,
265,0.0,0.0,0.48982120123956585,,True,-0.15672301598386182,,,-0.19966649402570194,production_189C_16M,1100042,common_eligible,265.0,0.5003667245198625,0.3390313206520044,0.8194319775591794,-0.23338720367063515,-0.0800588282970885,
270,0.0,0.0,0.4135551614132835,,True,-0.1303461426802298,,,-0.05981133747776573,production_189C_16M,1100042,common_eligible,270.0,0.11457502203786288,0.4437635565188595,0.5245607408661346,-0.2634654883545893,0.00277320299412967,
271,1.0,0.0,0.7706975289433841,,True,-0.05065026474919083,,,-0.027407061388611043,production_189C_16M,1100042,common_eligible,271.0,0.7996360510308226,0.6761698232046275,-1.0008140819599007,-0.21129772463654076,0.10999719513815909,
277,1.0,1.0,0.8899587640399118,,True,0.04486534436704849,,,0.19707323380293573,production_189C_16M,1100042,common_eligible,277.0,0.6571883102984911,0.6949602826877443,0.38052910860480893,-0.13363026895608038,0.22336095769017733,
282,0.0,0.0,0.6242142583352659,,True,-0.02160854098539285,,,0.2904593735133494,production_189C_16M,1100042,common_eligible,282.0,0.7571276832097704,0.5971964131695995,1.8548542826412273,-0.1211191052206424,0.07790202324985669,
284,0.0,1.0,0.165961740107582,,True,-0.014910915911756372,,,0.18518688543613304,production_189C_16M,1100042,common_eligible,284.0,0.2648228095315991,0.514195344235494,-0.6320944504716184,-0.1828449728571391,0.15302314103362635,
288,1.0,0.0,0.7505225115757947,,True,-0.03886980122254554,,,0.004640120746827181,production_189C_16M,1100042,common_eligible,288.0,0.4903908062603042,0.5449901216819462,-0.6715482861175665,-0.1938398486657993,0.11610024622070816,
318,0.0,0.0,0.66189466139291,,True,-0.09129178444700375,,,-0.20199985734703257,production_189C_16M,1100042,common_eligible,318.0,0.6176196453370544,0.6093684360437954,1.8184565495415876,-0.20231122140063743,0.01972765250662989,
328,0.0,1.0,0.4554382669663533,,True,0.007189974012851394,,,0.10327243996857394,production_189C_16M,1100042,common_eligible,328.0,0.23050839088612612,0.37745815080023437,-1.266097765161124,-0.06645539083553383,0.08083533886123659,
334,0.0,0.0,0.3930094599324805,,True,-0.15360224720386353,,,-0.1484375342195409,production_189C_16M,1100042,common_eligible,334.0,0.5568270299570499,0.4154695361894817,0.7759995212117927,-0.31054499321097795,0.0033404988032508798,
339,0.0,1.0,0.7123287684958649,,True,-0.04630622089113474,,,-0.04096418254395162,production_189C_16M,1100042,common_eligible,339.0,0.5965313646162235,0.5338441386443092,-1.4652210604265317,-0.17445944070493974,0.08184699892267025,
343,1.0,1.0,0.7236263266837605,,True,-0.05955675845746092,,,-0.252500407706424,production_189C_16M,1100042,common_eligible,343.0,0.42606457600615094,0.48352841076254344,0.7711907545664358,-0.283899897578871,0.16478638066394913,
346,0.0,0.0,0.46943483162071914,,True,-0.06782566738527933,,,0.021257549177203516,production_189C_16M,1100042,common_eligible,346.0,0.35636071460224444,0.36214937357924687,0.6774511348436724,-0.15863038620690895,0.022979051436350248,
349,0.0,1.0,0.819374021936378,,True,-0.12029248441598822,,,0.03268878550218324,production_189C_16M,1100042,common_eligible,349.0,0.7568505325005744,0.39240068020192026,-1.7105987845069595,-0.28710969952321025,0.04652473069123378,
354,1.0,0.0,0.5853055428676434,,True,0.05260662609454639,,,-0.14297135067526034,production_189C_16M,1100042,common_eligible,354.0,0.2524622983928083,0.4628861890372528,-0.5804214971668349,-0.10131685018033879,0.20653010236943153,
357,1.0,1.0,0.6142655521764459,,True,-0.09291350726347125,,,0.1013446835796018,production_189C_16M,1100042,common_eligible,357.0,0.2060803248032176,0.41291894608640156,1.1625833343530798,-0.24215670924757685,0.056329694720634316,
360,1.0,0.0,0.38651790888521204,,True,0.01359516751818046,,,-0.20995476861796994,production_189C_16M,1100042,common_eligible,360.0,0.2306072169413372,0.40016875934609153,-0.8657559684972658,-0.1027996415606488,0.1299899765970097,
361,0.0,0.0,0.34851287331494013,,True,-0.04173448539302918,,,-0.0406445885166562,production_189C_16M,1100042,common_eligible,361.0,0.24121341654366313,0.3061734745952691,0.43521053064501125,-0.2411405598153944,0.15767158902933598,
365,1.0,0.0,0.5609949998357885,,True,-0.13510456406545138,,,-0.3344524588585174,production_189C_16M,1100042,common_eligible,365.0,0.22974825153255124,0.15583176245573074,-0.35169394253245734,-0.33575693257451905,0.06554780444361624,
368,1.0,0.0,0.7144763471109917,,True,-0.022965522539986495,,,-0.05427466854280549,production_189C_16M,1100042,common_eligible,368.0,0.33453049369043947,0.38201820790762825,-0.4871950775257867,-0.15510405390722737,0.10917300882725436,
370,1.0,0.0,0.15653430465777965,,True,-0.05506726353852939,,,-0.11224918810400103,production_189C_16M,1100042,common_eligible,370.0,0.02629126316192854,0.10967260497774348,-0.6172484991478848,-0.15748880625154432,0.04735427917448551,
380,0.0,1.0,0.6878149029069726,,True,-0.12550142403564715,,,-0.4595323870462047,production_189C_16M,1100042,common_eligible,380.0,0.36463910669929406,0.29591553046516367,-2.103929289821977,-0.25394933059652847,0.002946482525234162,
384,1.0,1.0,0.6991269922243776,,True,-0.003829495076678073,,,0.0703099140074529,production_189C_16M,1100042,common_eligible,384.0,0.5966318783852748,0.5366048230438505,0.6027926928731142,-0.16471273513924917,0.157053744985893,
392,1.0,1.0,0.8614603243019535,,True,-0.09338294486117006,,,0.0859568948245617,production_189C_16M,1100042,common_eligible,392.0,0.5800537910376975,0.6846734150242414,0.4706568935860111,-0.2731697784097475,0.0864038886874073,
398,0.0,1.0,0.3129762713834932,,True,-0.018152116811801962,,,-0.3498504475078327,production_189C_16M,1100042,common_eligible,398.0,0.33417631649904134,0.4021437689251464,-0.9011747413111626,-0.09617167817380098,0.05986744455019704,
422,1.0,1.0,0.5507129822708522,,True,0.08872019661777855,,,0.04875396248008518,production_189C_16M,1100042,common_eligible,422.0,0.31836206027305547,0.6701453942680505,0.9507425311648197,-0.037991291625828455,0.21543168486138553,
424,1.0,0.0,0.7464954807780942,,True,-0.15110118246191692,,,-0.411950972386599,production_189C_16M,1100042,common_eligible,424.0,0.879790735231433,0.7592146742920766,-1.1376146014817918,-0.3260595244838425,0.02385715956000864,
431,1.0,1.0,0.36713437304234525,,True,-0.08157103382181942,,,-0.32665406706368566,production_189C_16M,1100042,common_eligible,431.0,0.5899530811313569,0.34167287885306774,1.54487012492085,-0.17259749056765988,0.009455422924021031,
435,0.0,1.0,0.4128119791021276,,True,-0.10280507691708325,,,-0.10742312894197681,production_189C_16M,1100042,common_eligible,435.0,0.9292238902404534,0.5903191812691675,-0.459438689980167,-0.20379029160702178,-0.0018198622271447529,
446,1.0,0.0,0.207651917069783,,True,-0.08440526622750949,,,-0.06432527410523083,production_189C_16M,1100042,common_eligible,446.0,0.23371002250850403,0.1656214793364926,-0.8656804059085074,-0.28929095273812244,0.12048042028310338,
447,1.0,1.0,0.4981023071067494,,True,-0.05204509966554333,,,0.034144994760945346,production_189C_16M,1100042,common_eligible,447.0,0.19797201696763686,0.4276344421336481,1.3787547897265453,-0.17417951346767846,0.07008931413659178,
451,1.0,1.0,0.8205827986502092,,True,0.007328566557458976,,,-0.17663563846118313,production_189C_16M,1100042,common_eligible,451.0,0.399979156334014,0.4679764481797659,0.7163457006783143,-0.0945265665169757,0.10918369963189363,
460,1.0,0.0,0.5181717365597479,,True,0.02415130117379152,,,-0.15089969081385596,production_189C_16M,1100042,common_eligible,460.0,0.5632388279026856,0.4861193019321206,-1.0152627469026247,-0.11478194792285223,0.16308455027043522,
462,0.0,0.0,0.5513082068767605,,True,0.025000165975525148,,,-0.02877369342676961,production_189C_16M,1100042,common_eligible,462.0,0.32863695498584805,0.6698210466834671,1.0736177132227254,-0.2030695065768571,0.2530698385279073,
465,0.0,1.0,0.36159156033250706,,True,-0.12839789269217125,,,-0.07352311822592295,production_189C_16M,1100042,common_eligible,465.0,0.6600450693607679,0.4784235442227994,-0.7141253416857155,-0.21841949794093038,-0.03837628744341215,
467,0.0,0.0,0.36947761306840915,,True,-0.06709639481421754,,,0.18109530692018136,production_189C_16M,1100042,common_eligible,467.0,0.708265262541474,0.45763720043747363,0.8726710898709444,-0.22715639285359268,0.09296360322515752,
468,1.0,0.0,0.44478569594771444,,True,-0.05516526265771708,,,-0.36394341785118856,production_189C_16M,1100042,common_eligible,468.0,0.6228285830035913,0.4086554395175758,-1.1329424367449745,-0.14594714897083502,0.03561662365540083,
474,0.0,0.0,0.4108135907084943,,True,0.09330747544389588,,,0.27024214191256124,production_189C_16M,1100042,common_eligible,474.0,0.27221874486849695,0.46016852109909073,0.6499745965176722,-0.06334529960641826,0.24996025049421,
478,1.0,0.0,0.6224540581629963,,True,-0.07244436836876095,,,-0.14113139488284232,production_189C_16M,1100042,common_eligible,478.0,0.3505206618163778,0.24860237781718628,-0.5013090093980563,-0.13200537621600075,-0.01288336052152115,
481,0.0,1.0,0.4198005895923617,,True,-0.05051774601220167,,,0.24256774419822325,production_189C_16M,1100042,common_eligible,481.0,0.3394131586665939,0.37760715606594353,-1.1003573859419211,-0.14317760699300178,0.042142114968598404,
486,1.0,1.0,0.7383468135190601,,True,-0.22597856382897366,,,-0.6892153014395378,production_189C_16M,1100042,common_eligible,486.0,0.8212550591490275,0.4197877770369635,0.38435885316665014,-0.40408615766700484,-0.04787096999094251,
487,1.0,1.0,0.8956480543249549,,True,0.014772810784036515,,,-0.028156691615068175,production_189C_16M,1100042,common_eligible,487.0,0.7915344635172233,0.7679999847268586,0.23549585589617522,-0.08854607402036177,0.11809169558843478,
498,0.0,0.0,0.3063541399044933,,True,-0.10121342934551178,,,-0.1062618189134249,production_189C_16M,1100042,common_eligible,498.0,0.42088359610743853,0.1848035134497123,0.370690058015337,-0.2818390224279127,0.07941216373688909,
503,0.0,0.0,0.3395268014625856,,True,-0.0729913717029898,,,-0.16728505428348134,production_189C_16M,1100042,common_eligible,503.0,0.27617554440285463,0.35000809390435395,0.491980545535906,-0.23737300872325387,0.09139026531727423,
507,1.0,1.0,0.8859001102129943,,True,-0.04588788216222706,,,-0.030854928811506976,production_189C_16M,1100042,common_eligible,507.0,0.8865966398875496,0.7968638611966213,0.1395663674109266,-0.18733772771871865,0.09556196339426451,
508,0.0,0.0,0.47975197312686757,,True,-0.08989760349378402,,,-0.05620972089686527,production_189C_16M,1100042,common_eligible,508.0,0.15859282696980662,0.39000642469903857,0.5362544020721209,-0.29005174397906663,0.11025653699149852,
514,1.0,1.0,0.843033792160751,,True,-0.13540443511672723,,,-0.061478120138046544,production_189C_16M,1100042,common_eligible,514.0,0.8414953015516639,0.5764315146626963,0.2373697920209239,-0.24928292841885405,-0.021525941814600436,
528,1.0,1.0,0.49758777811122273,,True,0.0004701356832759045,,,-0.3151680255715663,production_189C_16M,1100042,common_eligible,528.0,0.40558051953528407,0.4872264650150014,1.1121646952195503,-0.16611405021160414,0.1670543215781559,
532,1.0,0.0,0.6245267529523751,,True,-0.11713480674214038,,,-0.5334643262344162,production_189C_16M,1100042,common_eligible,532.0,0.5227295667184925,0.4736574578423922,-0.807498318166949,-0.21188650281931992,-0.022383110664960862,
534,0.0,1.0,0.6778816007416822,,True,0.022804474676853773,,,0.13543398492073888,production_189C_16M,1100042,common_eligible,534.0,0.3604319205984162,0.6706277882037434,-1.6753103340714428,-0.1488225051945387,0.19443145454824617,
535,0.0,0.0,0.6611535468240362,,True,0.026313119897535174,,,0.03704061610492676,production_189C_16M,1100042,common_eligible,535.0,0.4533109510913328,0.41224325440128784,1.2967386956818039,-0.08165288485204308,0.1342791246471134,
538,1.0,0.0,0.6651563250956901,,True,-0.023289037627367205,,,-0.06212851278558973,production_189C_16M,1100042,common_eligible,538.0,0.4798587808904419,0.5372023338324997,-0.7502896508092818,-0.16637887720867173,0.11980080195393727,
539,0.0,1.0,0.37142869831887027,,True,-0.13215053968749527,,,-0.11126006308263126,production_189C_16M,1100042,common_eligible,539.0,0.2961151931347471,0.33558299942911807,-1.0803491579588416,-0.28821855848532874,0.023917479110338175,
546,0.0,0.0,0.2826828458712721,,True,-0.0946063157632545,,,-0.06620608679353736,production_189C_16M,1100042,common_eligible,546.0,0.13386795259805961,0.20604327009386322,0.25879841974219997,-0.26506838028757745,0.07585574876106844,
549,1.0,0.0,0.8288674099529224,,True,-0.07108285501047404,,,-0.22605679180368443,production_189C_16M,1100042,common_eligible,549.0,0.6164001135106475,0.6946438574038599,-0.759820160010687,-0.25334260267544534,0.11117689265449723,
550,0.0,0.0,0.19509711431448118,,True,-0.0744972532786707,,,-0.08381602753461014,production_189C_16M,1100042,common_eligible,550.0,0.07036984122804744,0.19908605935459367,0.2161427169992828,-0.22221923787300718,0.07322473131566577,
552,1.0,0.0,0.5434486420815731,,True,-0.21702384798731728,,,0.08753892270289004,production_189C_16M,1100042,common_eligible,552.0,0.27889118915067584,0.3382245502757843,-0.56303372949873,-0.38579733791514914,-0.04825035805948541,
559,1.0,0.0,0.3149490545208386,,True,-0.18680512373770647,,,-0.36576085048430995,production_189C_16M,1100042,common_eligible,559.0,0.47624399226816577,0.3554436130238959,-1.24937532786466,-0.3492107831578462,-0.02439946431756676,
561,1.0,0.0,0.6603182319591235,,True,-0.06645936786922367,,,-0.14847635272894044,production_189C_16M,1100042,common_eligible,561.0,0.4897205678553892,0.48361254515846835,-0.7385011655056839,-0.14739497128359372,0.014476235545146363,
563,0.0,0.0,0.29740626879709164,,True,-0.08395713713238806,,,0.08723419972137467,production_189C_16M,1100042,common_eligible,563.0,0.2161160761345033,0.31620921790220086,0.40769064304982783,-0.21154279422064182,0.04362851995586567,
568,1.0,1.0,0.8593155144113875,,True,-0.1356085595172724,,,-0.11006768648138565,production_189C_16M,1100042,common_eligible,568.0,0.7799031568173304,0.6140000986800206,0.28329155646752596,-0.2844704245780396,0.013253305543494798,
569,0.0,1.0,0.552713430927472,,True,-0.07364290557493128,,,-0.03506472883281053,production_189C_16M,1100042,common_eligible,569.0,0.6607694981461454,0.6407965245335957,-0.7783916816843498,-0.18843906281318398,0.0411532516633214,
578,0.0,0.0,0.49708576653314507,,True,-0.07123275301204711,,,-0.1661069213092291,production_189C_16M,1100042,common_eligible,578.0,0.4801091001523106,0.497821696551284,0.972366627251637,-0.16684166201677625,0.024376155992682003,
584,1.0,0.0,0.35287417389370207,,True,-0.019730845669547702,,,-0.18620539681394355,production_189C_16M,1100042,common_eligible,584.0,0.30021953433182547,0.49331001190337975,-1.2048866156797695,-0.11808124274778586,0.07861955140869042,
588,1.0,1.0,0.7598583745967782,,True,-0.005867129436930766,,,0.05151712594740754,production_189C_16M,1100042,common_eligible,588.0,0.5995424759900885,0.7148204578731395,0.49058415953515905,-0.1150789109810197,0.10334465210715814,
594,0.0,1.0,0.4358582421572592,,True,-0.10647442197230607,,,-0.1845762402931477,production_189C_16M,1100042,common_eligible,594.0,0.3460334094865359,0.38424756729146553,-1.1210097099942038,-0.22990780827342366,0.0169589643288115,
599,0.0,1.0,0.5046755161900264,,True,-0.040563166615053006,,,-0.017020805613165407,production_189C_16M,1100042,common_eligible,599.0,0.3266497288880581,0.385273608128354,-1.3007885728408457,-0.14222251311885686,0.06109617988875084,
603,1.0,1.0,0.8965925840325221,,True,-0.07784983534808322,,,-0.4064471216929251,production_189C_16M,1100042,common_eligible,603.0,0.8243380364181743,0.4892260527434843,0.23457145599782514,-0.15642196000299063,0.0007222893068241643,
609,0.0,1.0,0.2628374819709594,,True,-0.13763497540979006,,,-0.17815202596793825,production_189C_16M,1100042,common_eligible,609.0,0.36078643162062185,0.35464751610762496,-0.873265977383221,-0.2845989038830199,0.009328953063439754,
614,1.0,1.0,0.5725481025159181,,True,-0.13754485273555292,,,0.13800989485438941,production_189C_16M,1100042,common_eligible,614.0,0.3211491897096859,0.24990459102627388,1.2388556456063187,-0.3406239734378733,0.06553426796676745,
617,1.0,0.0,0.7178628683233365,,True,-0.09819822992295915,,,-0.32977963417948597,production_189C_16M,1100042,common_eligible,617.0,0.8046924935842484,0.5572084569123933,-1.0236886315881897,-0.2254519103391739,0.02905545049325553,
621,1.0,1.0,0.7193845650821762,,True,-0.1082030752874578,,,-0.10300534475910206,production_189C_16M,1100042,common_eligible,621.0,0.6344655398288193,0.5948234146883061,0.5235845619172083,-0.23302154612744774,0.01661539555253211,
626,1.0,0.0,0.3736141740442338,,True,-0.1176466726726364,,,-0.14734105843629364,production_189C_16M,1100042,common_eligible,626.0,0.06745964454305278,0.12729022832165562,-0.2808690929595318,-0.21922974994778038,-0.016063595397492456,
638,1.0,0.0,0.2697830694999069,,True,-0.17304783163794857,,,-0.028967779075204383,production_189C_16M,1100042,common_eligible,638.0,0.11823365301753028,0.21871791402465623,-0.7102334553791936,-0.2903148211626846,-0.055780842113212534,
648,1.0,1.0,0.4852006994696448,,True,-0.12096786653320996,,,0.22657797391420198,production_189C_16M,1100042,common_eligible,648.0,0.7157485743563327,0.5651797961163051,0.7455968793094794,-0.26271951411636313,0.02078378104994319,
651,1.0,0.0,0.8401183931465057,,True,-0.13292448869029155,,,0.14285091672279376,production_189C_16M,1100042,common_eligible,651.0,0.5071258397571329,0.556199610400912,-0.6129753106979241,-0.2218663830337521,-0.04398259434683101,
656,0.0,0.0,0.3101450412208527,,True,0.027294555178623735,,,0.008071797181922913,production_189C_16M,1100042,common_eligible,656.0,0.340387868789398,0.5407822713688586,0.6938138735241799,-0.09210764771452305,0.1466967580717705,
662,0.0,0.0,0.7959842692459583,,True,0.09578770135323889,,,0.12090442381375327,production_189C_16M,1100042,common_eligible,662.0,0.6034198165118695,0.7499445238456008,3.1042369106115437,0.0003767831383266751,0.19119861956815107,
663,1.0,1.0,0.6610798634547888,,True,-0.01796079801800486,,,-0.0006267839972746714,production_189C_16M,1100042,common_eligible,663.0,0.5618716603340234,0.6409124924563105,0.622224080311252,-0.0975097057637322,0.06158810972772247,
676,1.0,0.0,0.507401880629761,,True,-0.07400946072478971,,,0.288078314021742,production_189C_16M,1100042,common_eligible,676.0,0.5127802999231931,0.4499318617727279,-0.9495851235058599,-0.22180307614519346,0.07378415469561396,
680,1.0,0.0,0.8141978420868451,,True,-0.02968844712522943,,,-0.21676132704337042,production_189C_16M,1100042,common_eligible,680.0,0.2869393845191941,0.4172902560208017,-0.38216615378460306,-0.11837858537588065,0.05900169112542178,
684,0.0,0.0,0.4766523045361201,,True,-0.03440030851955389,,,-0.09365228131014089,production_189C_16M,1100042,common_eligible,684.0,0.07513178652844553,0.2174767696942824,0.285904966671355,-0.13897107227161148,0.07017045523250366,
707,1.0,0.0,0.3768236162512079,,True,-0.006000225832172694,,,-0.18261274863827542,production_189C_16M,1100042,common_eligible,707.0,0.21999018957436853,0.15244492978645324,-0.47209774326290654,-0.14629574829075234,0.13429529662640693,
708,0.0,0.0,0.3698832267762659,,True,-0.10254494146776817,,,-0.3033594815556778,production_189C_16M,1100042,common_eligible,708.0,0.4359452270509308,0.3384426090876757,0.5943456958351474,-0.1718549234708224,-0.033234959464713956,
713,0.0,1.0,0.30172304816197165,,True,0.004003268680367278,,,0.18351149860665072,production_189C_16M,1100042,common_eligible,713.0,0.7423430634699268,0.7439440798937178,-0.36738858841975974,-0.11470025474964093,0.12270679211037547,
743,1.0,0.0,0.5692538911841943,,True,-0.17399641840641045,,,-0.3588049137290085,production_189C_16M,1100042,common_eligible,743.0,0.7080620099968636,0.32731312680490154,-0.9557350745450087,-0.26334574174970615,-0.08464709506311473,
744,0.0,0.0,0.3118142009206158,,True,0.033084551973569895,,,0.00043827428651807554,production_189C_16M,1100042,common_eligible,744.0,0.210505656527709,0.2889662622933762,0.3843455234860146,-0.11308102288288864,0.1792501268300284,
752,1.0,0.0,0.49758777811122273,,True,0.0004701356832759045,,,-0.048624029853681416,production_189C_16M,1100042,common_eligible,752.0,0.40558051953528407,0.4872264650150014,-0.8975309685201571,-0.16611405021160414,0.1670543215781559,
760,1.0,1.0,0.6923625177555169,,True,-0.17085028085468232,,,-0.1049719012824385,production_189C_16M,1100042,common_eligible,760.0,0.850217956227505,0.4855566687010878,0.37836468240422183,-0.3365550257965122,-0.005145535912852439,
773,1.0,1.0,0.8692190214186036,,True,-0.035834179926652776,,,-0.05078761983714952,production_189C_16M,1100042,common_eligible,773.0,0.8436889406696257,0.8195912350796875,0.18345500606825518,-0.14482918504200226,0.07316082518869667,
776,0.0,0.0,0.31663476014439645,,True,0.04519238056968672,,,0.11215936655437345,production_189C_16M,1100042,common_eligible,776.0,0.08008089698774759,0.5902902966217077,0.6273954844934547,-0.05787595936757803,0.14826072050695144,
779,0.0,0.0,0.2678184325535205,,True,-0.07274333040511939,,,0.2102850669914252,production_189C_16M,1100042,common_eligible,779.0,0.08330175475788688,0.27990551106156925,0.31037574738016627,-0.16809319921389462,0.022606538403655826,
781,1.0,1.0,0.7123470085971387,,True,-0.08354416048773937,,,0.031273744586730046,production_189C_16M,1100042,common_eligible,781.0,0.6527426477414702,0.7956398525158767,0.4297800652591865,-0.17343378193628495,0.006345460960806196,
798,1.0,1.0,0.5738126182125843,,True,0.029861938367896947,,,-0.012829595656138837,production_189C_16M,1100042,common_eligible,798.0,0.46068818927264343,0.5976888420277162,0.8381200516722238,-0.12307407582380148,0.18279795255959533,
822,0.0,0.0,0.7851162928321804,,True,0.1325289218496061,,,0.15687867128973654,production_189C_16M,1100042,common_eligible,822.0,0.7046278642903282,0.8247738002254398,3.3992585014123486,-0.03601330475870995,0.3010711484579221,
839,0.0,0.0,0.3457686744055575,,True,-0.12325284589546279,,,-0.082870305049013,production_189C_16M,1100042,common_eligible,839.0,0.11306920663287603,0.2451795237176338,0.3049378816012382,-0.21473573100431773,-0.03176996078660786,
845,1.0,1.0,0.7528255879767299,,True,0.06315093209228927,,,-0.054967122143437575,production_189C_16M,1100042,common_eligible,845.0,0.5241888824954964,0.6719913065685705,0.5835058574712071,-0.05125048755707093,0.17755235174164943,
859,1.0,1.0,0.7373400317381571,,True,-0.02933579433272763,,,0.10091643251497262,production_189C_16M,1100042,common_eligible,859.0,0.6355575696528242,0.7193803968714338,0.46440653493762757,-0.20265042751700446,0.1439788388515492,
868,1.0,0.0,0.31583729181060693,,True,-0.07155807793325807,,,-0.03768758335333155,production_189C_16M,1100042,common_eligible,868.0,0.2817127011098317,0.3191643924637717,-0.9730825322461023,-0.2662900720640789,0.12317391619756272,
875,1.0,1.0,0.29531008762210065,,True,0.011373152593017672,,,0.2750351541256375,production_189C_16M,1100042,common_eligible,875.0,0.07912991957847505,0.6109044504212634,1.8493575254225414,-0.16554670946305555,0.18829301464909082,
892,0.0,0.0,0.27347889324090585,,True,-0.024059804892174113,,,-0.4218944972490402,production_189C_16M,1100042,common_eligible,892.0,0.16967780186995057,0.2976976430760834,0.3615681859016624,-0.14830894617413576,0.1001893363897875,
893,0.0,1.0,0.42085724154393517,,True,-0.058492286245485775,,,-0.13899119129057289,production_189C_16M,1100042,common_eligible,893.0,0.5580748909008013,0.45303306307459573,-0.868109487132394,-0.15068175053068486,0.03369717803971328,
898,1.0,1.0,0.45934439356074347,,True,-0.03936322438477773,,,0.11489019733853345,production_189C_16M,1100042,common_eligible,898.0,0.35476448765368485,0.3236514930098746,1.4413083878121953,-0.12045188966477843,0.04172544089522296,
908,1.0,1.0,0.6365652602732746,,True,-0.048010259118745395,,,0.2700079153490359,production_189C_16M,1100042,common_eligible,908.0,0.6295636282019533,0.5896667259332578,0.6047082932623769,-0.25700774285320416,0.1609872246157133,
913,0.0,0.0,0.5308264042468199,,True,0.022209008369707118,,,0.5763362625455206,production_189C_16M,1100042,common_eligible,913.0,0.11342777478333023,0.3404191062586567,0.4687521121544711,-0.0849796608738441,0.12939767761325832,
915,1.0,1.0,0.8985851067619373,,True,0.06289554112751924,,,-0.10460704553612188,production_189C_16M,1100042,common_eligible,915.0,0.7232743029046582,0.7980944182188292,0.2995128909475666,-0.04131711061660845,0.1671081928716469,
929,1.0,0.0,0.6916926471757976,,True,2.105395153472236e-06,,,-0.2246108655442407,production_189C_16M,1100042,common_eligible,929.0,0.6858593018090088,0.6222244139251306,-0.9632026604569887,-0.19128693191984428,0.19129114271015116,
934,0.0,0.0,0.16596429850894365,,True,-0.16654236252986906,,,-0.17923562100166213,production_189C_16M,1100042,common_eligible,934.0,0.0826899077671382,0.18813787977363342,0.20459229834565362,-0.29514944319563746,-0.037935281864100695,
955,1.0,1.0,0.8062389388722103,,True,-0.133795576424948,,,-0.4074361291328243,production_189C_16M,1100042,common_eligible,955.0,0.7848820948281187,0.6506758673207707,0.2990699587903192,-0.23019187093564972,-0.03739928191424628,
960,1.0,1.0,0.6169205350449707,,True,0.05099376848588455,,,0.30302428580824725,production_189C_16M,1100042,common_eligible,960.0,0.790681783085625,0.7725197484222939,0.3505730594944989,-0.04549609717940281,0.14748363415117188,
961,0.0,1.0,0.6459631126925524,,True,-0.020267330000515633,,,-0.17386110854674186,production_189C_16M,1100042,common_eligible,961.0,0.3934689512184359,0.5073995551188606,-1.5992554242403352,-0.11467048060679484,0.07413582060576356,
967,0.0,0.0,0.7025011045969207,,True,-0.04701637415957496,,,0.11315424130412288,production_189C_16M,1100042,common_eligible,967.0,0.4999528368047523,0.5838649043767172,1.7644320443852217,-0.15777586491357118,0.06374311659442125,
976,0.0,0.0,0.2203148929636295,,True,-0.17748102026165577,,,-0.10435438224184548,production_189C_16M,1100042,common_eligible,976.0,0.14759079626328167,0.10375342296051097,0.14545801650438245,-0.3315255978132007,-0.02343644271011086,
980,1.0,1.0,0.7864025728605536,,True,-0.11671094499710488,,,-0.1328309937568829,production_189C_16M,1100042,common_eligible,980.0,0.6500216632542597,0.5197682991302457,0.48041567161286414,-0.2516295458059177,0.018207655811707885,
986,1.0,0.0,0.7204440166871243,,True,-0.10237869997473266,,,-0.21930664730454208,production_189C_16M,1100042,common_eligible,986.0,0.5976666952471066,0.5353579233876417,-0.8054031844543825,-0.25594317360938074,0.051185773659915376,
987,0.0,0.0,0.5668175067673874,,True,-0.10070946299386796,,,0.16537846499403014,production_189C_16M,1100042,common_eligible,987.0,0.538643900822921,0.5568450543270194,1.2616583782024131,-0.2459306869859208,0.04451176099818485,
989,0.0,0.0,0.44506880144046523,,True,0.030325876133986403,,,-0.22553091570484401,production_189C_16M,1100042,common_eligible,989.0,0.5107233170115604,0.3928889285745585,0.8025018952992032,-0.07049959460222376,0.13115134687019653,
5,1.0,1.0,0.7049033769359293,,True,-0.02217375101021301,,,0.29544125881310984,production_8C_8M,2100042,native_eligible,5.0,0.4577477575722447,0.4352715059531376,0.7786668731331414,-0.10527545185050108,0.060927949830075025,
12,0.0,1.0,0.3660922929086231,,True,-0.02333545455387332,,,-0.1020346687031714,production_8C_8M,2100042,native_eligible,12.0,0.3608896964626074,0.49644445300540857,-0.872652426281789,-0.1274472919938995,0.08077638288615285,
15,1.0,0.0,0.7241436317205655,,True,-0.051739717979663424,,,-0.003080297422145953,production_8C_8M,2100042,native_eligible,15.0,0.4887118481860549,0.482484648307281,-0.6725102785007557,-0.21115690442109195,0.10767746846176507,
30,0.0,0.0,0.6178174076986807,,True,-0.09410546604333758,,,-0.15824629257148742,production_8C_8M,2100042,native_eligible,30.0,0.6769774899748209,0.39306932769463865,1.4874375337610444,-0.21696973688810584,0.02875880480143063,
35,1.0,1.0,0.8494035565309379,,True,-0.06746514057843028,,,0.011426825642477212,production_8C_8M,2100042,native_eligible,35.0,0.773600834938864,0.6522375315534109,0.2880563014333578,-0.19613305587817315,0.06120277472131255,
39,1.0,0.0,0.7614760690503459,,True,-0.1256417516543083,,,-0.0787740414269622,production_8C_8M,2100042,native_eligible,39.0,0.6844682556900342,0.44637275839521806,-0.8242895702771749,-0.25690637642816894,0.005622873119552341,
40,0.0,0.0,0.3206674108368576,,True,-0.02974682977492027,,,0.060474988513839145,production_8C_8M,2100042,native_eligible,40.0,0.42899505738096455,0.48546040348108965,0.6879602342070477,-0.19206547301209032,0.13257181346224972,
43,1.0,0.0,0.7344997888355581,,True,-0.06783326445119915,,,-0.19702180525731344,production_8C_8M,2100042,native_eligible,43.0,0.5832620089343742,0.3379575122156982,-0.7054237742905325,-0.19823235029548147,0.06256582139308313,
45,0.0,0.0,0.1774359315129401,,True,-0.013086457694347228,,,0.13139903885494988,production_8C_8M,2100042,native_eligible,45.0,0.6116697807157748,0.5111427793361984,0.6430865408953951,-0.1610831195991238,0.13491020421042932,
48,1.0,1.0,0.35576818964557794,,True,0.03807370737186952,,,-0.02351093248221392,production_8C_8M,2100042,native_eligible,48.0,0.8216619292076738,0.8304033089537193,0.48544698744873443,-0.060013151646623686,0.1361605663903627,
63,1.0,0.0,0.7080995651746871,,True,-0.034531286509530836,,,-0.08061850681857732,production_8C_8M,2100042,native_eligible,63.0,0.5058467378764631,0.3493278571966932,-0.6498504323105275,-0.1506038476713677,0.08154127465230601,
67,1.0,1.0,0.19759694512686618,,True,-0.15411531609438386,,,-0.4040936263411786,production_8C_8M,2100042,native_eligible,67.0,0.7167088972016145,0.23944081190346342,3.3717751658929194,-0.2497680467971369,-0.05846258539163085,
69,0.0,0.0,0.2706913213019591,,True,-0.08684241332560912,,,-0.2535047085663173,production_8C_8M,2100042,native_eligible,69.0,0.5234274493778296,0.28395279037704985,0.4782289206580422,-0.18637893690336177,0.012694110252143523,
72,1.0,0.0,0.6653901116439623,,True,-0.06502075505683569,,,0.03393963416448598,production_8C_8M,2100042,native_eligible,72.0,0.303890774563207,0.2424165221649102,-0.42579665202936123,-0.1800309608402088,0.049989450726537404,
93,0.0,1.0,0.15344195373039696,,True,-0.10246923525304642,,,-0.24763340158643393,production_8C_8M,2100042,native_eligible,93.0,0.44883891963303385,0.1629204343714579,-0.9369796650538924,-0.23301799918572752,0.02807952867963466,
115,0.0,0.0,0.1527465035794028,,True,-0.02098788472150145,,,-0.036066766855671034,production_8C_8M,2100042,native_eligible,115.0,0.1507405183657937,0.15491450389472886,0.18209065273966857,-0.10048518194483809,0.05850941250183517,
116,0.0,1.0,0.1450474277951525,,True,-0.12971411192139,,,-0.014342061446469406,production_8C_8M,2100042,native_eligible,116.0,0.7840143800692797,0.3882017825691593,-0.6484413712503558,-0.23779567959969866,-0.021632544243081364,
121,1.0,0.0,0.8498596305749954,,True,-0.1449434897955364,,,-0.578150415838105,production_8C_8M,2100042,native_eligible,121.0,0.7665955795574346,0.46510589604947233,-0.8487634676913485,-0.21864865537904327,-0.07123832421202952,
122,1.0,0.0,0.8538117495477364,,True,-0.09875708793864857,,,-0.1662835077113541,production_8C_8M,2100042,native_eligible,122.0,0.437458338029189,0.260490642812489,-0.48205911958567915,-0.2531971569059951,0.05568298102869795,
123,0.0,1.0,0.36347539233010207,,True,0.052511911338335895,,,0.03246765507545743,production_8C_8M,2100042,native_eligible,123.0,0.5587695561549901,0.5456562766680426,-0.7063000605294053,-0.06748236308374814,0.1725061857604199,
126,0.0,0.0,0.11129790418372751,,True,-0.1357496928194366,,,-0.3010231687743369,production_8C_8M,2100042,native_eligible,126.0,0.241716663901007,0.08703708485415372,0.11730882408500876,-0.23894742953550657,-0.03255195610336667,
130,0.0,0.0,0.1432623334927318,,True,-0.06123397454333709,,,0.006309753656425152,production_8C_8M,2100042,native_eligible,130.0,0.20094028885732124,0.26165313573438037,0.29525405676282357,-0.25183928510313897,0.12937133601646472,
137,0.0,0.0,0.20272530612890216,,True,-0.1276572990901481,,,-0.035394603233024145,production_8C_8M,2100042,native_eligible,137.0,0.26887260296631194,0.17227287934603275,0.24063988154117955,-0.2127572018942976,-0.04255739628599865,
145,1.0,0.0,0.1715948975885384,,True,0.021430397133384505,,,-0.33769143797714973,production_8C_8M,2100042,native_eligible,145.0,0.24232659898280243,0.1705337962412169,-1.065609044586574,-0.13966433154174104,0.18252512580851002,
151,0.0,1.0,0.4911043898870103,,True,0.0526470658630679,,,-0.31487008056515453,production_8C_8M,2100042,native_eligible,151.0,0.34673582275231674,0.6223216033433785,-1.008104163408729,-0.06508498353751414,0.1703791152636499,
162,0.0,0.0,0.2711259384705573,,True,-0.09669239246923525,,,-0.1770906937214045,production_8C_8M,2100042,native_eligible,162.0,0.29669264324128225,0.11323989140684089,0.22360336238467798,-0.18990679890750733,-0.003477986030963165,
167,0.0,1.0,0.3599001033168796,,True,-0.07890883471083064,,,0.060419762402974864,production_8C_8M,2100042,native_eligible,167.0,0.45168859992590993,0.26783118844013404,-1.040460268188829,-0.17479191943133193,0.01697425000967065,
169,1.0,1.0,0.5084108367676153,,True,-0.11005482461668213,,,-0.059438745764093026,production_8C_8M,2100042,native_eligible,169.0,0.6812157822946527,0.4642079894277502,0.8368486000823883,-0.19437700502763527,-0.02573264420572899,
186,1.0,0.0,0.5189739152593302,,True,-0.033678992633372984,,,-0.34838730337294177,production_8C_8M,2100042,native_eligible,186.0,0.535875626160099,0.634780777267802,-1.1242406729952354,-0.1518587190474847,0.08450073378073872,
193,0.0,0.0,0.3940133561076004,,True,-0.09079609003816591,,,-0.07790570380726344,production_8C_8M,2100042,native_eligible,193.0,0.612982749700852,0.3482881154757939,0.7468503492807084,-0.27034736553930905,0.08875518546297717,
196,0.0,0.0,0.4137280999963203,,True,-0.026835060101352982,,,0.18500422317417548,production_8C_8M,2100042,native_eligible,196.0,0.43830236293618524,0.35059831128567126,0.6599053134468653,-0.11678646737759305,0.06311634717488707,
208,1.0,1.0,0.21054988523070622,,True,-0.02333545455387332,,,-0.38364186382161225,production_8C_8M,2100042,native_eligible,208.0,0.413470074795347,0.5053539219993589,2.4411897015322706,-0.1274472919938995,0.08077638288615285,
211,0.0,0.0,0.10761379867460914,,True,-0.07228006979488168,,,0.039362356322426656,production_8C_8M,2100042,native_eligible,211.0,0.3220050571693059,0.21880549540488092,0.2576364268367627,-0.21216202236394777,0.06760188277418437,
229,0.0,0.0,0.6123997907711622,,True,-0.10634133875278587,,,-0.0181111175885878,production_8C_8M,2100042,native_eligible,229.0,0.396332183460714,0.25514553047640626,0.8813416481465126,-0.17749099852962608,-0.035191678975945676,
241,1.0,0.0,0.1296880986249582,,True,-0.05933324772313793,,,-0.2359562924134932,production_8C_8M,2100042,native_eligible,241.0,0.3182639952116969,0.2099733584715303,-1.727354843076841,-0.21282357908517324,0.09415708363889734,
250,1.0,1.0,0.8940026001694079,,True,-0.08442261763711484,,,-0.14381661120733635,production_8C_8M,2100042,native_eligible,250.0,0.732464935215976,0.5832679134698054,0.31694489601919884,-0.2393703774319001,0.07052514215767039,
261,0.0,0.0,0.1992954062946387,,True,-0.026835060101352982,,,0.31285754382566056,production_8C_8M,2100042,native_eligible,261.0,0.4250806528045124,0.47127872842097945,0.5770813203814286,-0.11678646737759305,0.06311634717488707,
264,1.0,1.0,0.40925152186396824,,True,-0.11152514810578608,,,0.10130985419071503,production_8C_8M,2100042,native_eligible,264.0,0.7287618181676089,0.4192802341342337,1.109498517056616,-0.19664834899044292,-0.026401947221129235,
265,0.0,0.0,0.36864936903794254,,True,-0.13101098962608718,,,-0.19966649402570194,production_8C_8M,2100042,native_eligible,265.0,0.7703048583234294,0.31422249925876805,0.7640080638270246,-0.2163732582219097,-0.04564872103026468,
270,0.0,0.0,0.13803178822790207,,True,-0.12555868902684253,,,-0.05981133747776573,production_8C_8M,2100042,native_eligible,270.0,0.11447942761519113,0.06806030966906375,0.08639254036298341,-0.19496758335307468,-0.056149794700610406,
271,1.0,0.0,0.8461219175603756,,True,-0.12585853912548717,,,-0.027407061388611043,production_8C_8M,2100042,native_eligible,271.0,0.8955158297287005,0.31727205379533896,-0.9532158068082145,-0.2038801261534422,-0.047836952097532165,
277,1.0,1.0,0.8920430862740399,,True,0.06572509129035675,,,0.19707323380293573,production_8C_8M,2100042,native_eligible,277.0,0.3469153534521184,0.37754965339022994,0.7284148849653131,-0.07697863387626383,0.2084288164569773,
282,0.0,0.0,0.5132663734490562,,True,-0.05751973148407209,,,0.2904593735133494,production_8C_8M,2100042,native_eligible,282.0,0.7881346672958255,0.5592449023705849,1.3903422426938914,-0.20006242332692842,0.08502296035878422,
284,0.0,1.0,0.1413193590669034,,True,-0.10847351187819636,,,0.18518688543613304,production_8C_8M,2100042,native_eligible,284.0,0.3815603494900618,0.1956682582932055,-0.9061128822908568,-0.18943550983276822,-0.02751151392362451,
288,1.0,0.0,0.7963067209464114,,True,-0.0009513122835424316,,,0.004640120746827181,production_8C_8M,2100042,native_eligible,288.0,0.5010791687213624,0.5067044897218205,-0.6306929171774159,-0.2227848466399244,0.2208822220728395,
318,0.0,0.0,0.48603437370148606,,True,0.09006332860510471,,,-0.20199985734703257,production_8C_8M,2100042,native_eligible,318.0,0.5671533980973832,0.543144541059314,1.0794762187673261,-0.09706609700858859,0.27719275421879797,
328,0.0,1.0,0.5302071603076796,,True,-0.051027050008233744,,,0.10327243996857394,production_8C_8M,2100042,native_eligible,328.0,0.536802850057398,0.507489355834461,-1.0152739236027502,-0.13873140714925034,0.036677307132782826,
334,0.0,0.0,0.1847227329454715,,True,-0.12808395218188362,,,-0.1484375342195409,production_8C_8M,2100042,native_eligible,334.0,0.49050327119926285,0.15291086560952202,0.2640474180881299,-0.20426248736177183,-0.05190541700199543,
339,0.0,1.0,0.6886037637743346,,True,-0.07920678246671213,,,-0.04096418254395162,production_8C_8M,2100042,native_eligible,339.0,0.41079311636002747,0.33646774118782086,-1.966470542954456,-0.20706974568524456,0.04865618075182028,
343,1.0,1.0,0.787448088848756,,True,0.02289966037473385,,,-0.252500407706424,production_8C_8M,2100042,native_eligible,343.0,0.4353786588646314,0.436983068744426,0.7165936761293338,-0.1300826911649264,0.17588201191439404,
346,0.0,0.0,0.36287324257238956,,True,-0.0850162321392737,,,0.021257549177203516,production_8C_8M,2100042,native_eligible,346.0,0.25473349457452865,0.09356345959889838,0.23864600100912609,-0.23427658300100673,0.0642441187224593,
349,0.0,1.0,0.7968499670192781,,True,-0.04924855342007182,,,0.03268878550218324,production_8C_8M,2100042,native_eligible,349.0,0.8543886570052986,0.42790747013124153,-1.143248695390875,-0.24974813518502087,0.1512510283448772,
354,1.0,0.0,0.7081407301623313,,True,-0.0044788752598180935,,,-0.14297135067526034,production_8C_8M,2100042,native_eligible,354.0,0.53789194536206,0.5054808581048952,-0.7462252156847456,-0.22079216976811977,0.2118344192484835,
357,1.0,1.0,0.5646118984792061,,True,-0.10348150430604443,,,0.1013446835796018,production_8C_8M,2100042,native_eligible,357.0,0.6463313336875526,0.38488467940537313,0.8280013758628686,-0.25782992899650625,0.05086692038441738,
360,1.0,0.0,0.24679796134664433,,True,-0.028604071169398382,,,-0.20995476861796994,production_8C_8M,2100042,native_eligible,360.0,0.22667781445137108,0.24228900813412269,-0.9661189908458454,-0.21240133912793635,0.15519319678913954,
361,0.0,0.0,0.21517215949574295,,True,-0.019226401959195255,,,-0.0406445885166562,production_8C_8M,2100042,native_eligible,361.0,0.38428505334666613,0.3600196955907329,0.4653771262565611,-0.19444686913587667,0.15599406521748613,
365,1.0,0.0,0.689668624347296,,True,-0.1394010796418086,,,-0.3344524588585174,production_8C_8M,2100042,native_eligible,365.0,0.6508660029283688,0.25839823646267884,-0.7671379012818527,-0.2453409545024455,-0.033461204781171705,
368,1.0,0.0,0.8349285473991095,,True,-0.08760580115602673,,,-0.05427466854280549,production_8C_8M,2100042,native_eligible,368.0,0.7607777553313172,0.5248965902769277,-0.8645536327907436,-0.2138829291694025,0.038671326857349,
370,1.0,0.0,0.1910535766860055,,True,-0.09212873827193872,,,-0.11224918810400103,production_8C_8M,2100042,native_eligible,370.0,0.37318937347239167,0.1566859763638165,-1.0366187756409972,-0.22444963344236007,0.04019215689848259,
380,0.0,1.0,0.6487322867967179,,True,-0.09581941446090257,,,-0.4595323870462047,production_8C_8M,2100042,native_eligible,380.0,0.2890415268765503,0.117040543674366,-2.1959799781404725,-0.21968608444933468,0.0280472555275295,
384,1.0,1.0,0.7777519280384277,,True,-0.05302709457582407,,,0.0703099140074529,production_8C_8M,2100042,native_eligible,384.0,0.7760739302291718,0.5814060661153564,0.3435422242113676,-0.21467315128049227,0.10861896212884409,
392,1.0,1.0,0.8601371060052582,,True,-0.04428494212812784,,,0.0859568948245617,production_8C_8M,2100042,native_eligible,392.0,0.697962323663898,0.7425036881925715,0.34390795388943335,-0.1964234857826547,0.107853601526399,
398,0.0,1.0,0.130371352517539,,True,-0.0635671195078266,,,-0.3498504475078327,production_8C_8M,2100042,native_eligible,398.0,0.3070635878304115,0.15577067216275198,-0.9481116660338196,-0.18598966901868091,0.05885543000302766,
422,1.0,1.0,0.447050638362522,,True,0.07633877527506185,,,0.04875396248008518,production_8C_8M,2100042,native_eligible,422.0,0.34267319051466616,0.5449617636866182,1.220155895719834,-0.017573374284126697,0.17025092483425036,
424,1.0,0.0,0.46140672496136204,,True,-0.0743017188771972,,,-0.411950972386599,production_8C_8M,2100042,native_eligible,424.0,0.8375167881564879,0.5529136377313645,-1.4829247348746462,-0.22891826616726424,0.08031482841286981,
431,1.0,1.0,0.13462612461560447,,True,-0.04724474219018066,,,-0.32665406706368566,production_8C_8M,2100042,native_eligible,431.0,0.542667840311007,0.23542704952687737,5.371990878820815,-0.2737651509695762,0.17927566658921482,
435,0.0,1.0,0.10700230496941246,,True,-0.0632742386102967,,,-0.10742312894197681,production_8C_8M,2100042,native_eligible,435.0,0.47109460663900415,0.26196585084782664,-0.8014095604385841,-0.15900565797775817,0.03245718075716475,
446,1.0,0.0,0.18909806637719978,,True,-0.02142029414089949,,,-0.06432527410523083,production_8C_8M,2100042,native_eligible,446.0,0.31367422598144734,0.07888864239047298,-0.6519693438580485,-0.2128273584104009,0.1699867701286019,
447,1.0,1.0,0.38951000036259925,,True,-0.04812733411361337,,,0.034144994760945346,production_8C_8M,2100042,native_eligible,447.0,0.2971469756143296,0.22073959911630378,1.9242098096031626,-0.23360248923179955,0.13734782100457277,
451,1.0,1.0,0.691977936290781,,True,0.04259389435922864,,,-0.17663563846118313,production_8C_8M,2100042,native_eligible,451.0,0.2332365116131931,0.1199840936350767,1.1584874167947736,-0.1834463973592266,0.26863418607768386,
460,1.0,0.0,0.4157105898451658,,True,-0.021590247263275294,,,-0.15089969081385596,production_8C_8M,2100042,native_eligible,460.0,0.439213440772679,0.40150236059242655,-1.003532905267674,-0.11168609711692486,0.06850560259037423,
462,0.0,0.0,0.3942365782423926,,True,0.014516456023721718,,,-0.02877369342676961,production_8C_8M,2100042,native_eligible,462.0,0.4395880229687884,0.5657854513725109,0.8518735045413915,-0.08853964820102546,0.11757256024846886,
465,0.0,1.0,0.12897870938624417,,True,-0.10634133875278587,,,-0.07352311822592295,production_8C_8M,2100042,native_eligible,465.0,0.37168038907360273,0.20150480778295254,-0.8915352285200062,-0.17749099852962608,-0.035191678975945676,
467,0.0,0.0,0.33698235021931916,,True,-0.060119386262202874,,,0.18109530692018136,production_8C_8M,2100042,native_eligible,467.0,0.7490283137633142,0.36296644319307136,0.7436641842505977,-0.22972058647378824,0.10948181394938247,
468,1.0,0.0,0.22816728781904116,,True,-0.09422578303946379,,,-0.36394341785118856,production_8C_8M,2100042,native_eligible,468.0,0.478082414222789,0.12827260131800788,-0.9119964547503927,-0.22791712414300058,0.039465558064072995,
474,0.0,0.0,0.3925101946204446,,True,0.050410034819597827,,,0.27024214191256124,production_8C_8M,2100042,native_eligible,474.0,0.3713395525367326,0.5616253367710761,0.8015545647939155,-0.04922185535453802,0.15004192499373364,
478,1.0,0.0,0.5579136547064254,,True,-0.09207459380323096,,,-0.14113139488284232,production_8C_8M,2100042,native_eligible,478.0,0.5462543883283524,0.33081395454166684,-0.808388736361824,-0.21229823524927321,0.028149047642811245,
481,0.0,1.0,0.32769348818344024,,True,-0.11194533678097264,,,0.24256774419822325,production_8C_8M,2100042,native_eligible,481.0,0.4463643112382794,0.25579048567849366,-1.0140608497532706,-0.18261675468681032,-0.041273918875135,
486,1.0,1.0,0.5045164925641301,,True,-0.1497080471392277,,,-0.6892153014395378,production_8C_8M,2100042,native_eligible,486.0,0.7277212302958671,0.08151895223313332,1.1743151109701264,-0.23663110436821355,-0.06278498991024185,
487,1.0,1.0,0.8985695115823384,,True,0.0013784313476204765,,,-0.028156691615068175,production_8C_8M,2100042,native_eligible,487.0,0.7778936083307639,0.8168032070246305,0.2427856379028629,-0.08008242655963416,0.08283928925487509,
498,0.0,0.0,0.21570020266315956,,True,-0.09261713932435786,,,-0.1062618189134249,production_8C_8M,2100042,native_eligible,498.0,0.3308169636611252,0.11108031037963521,0.20206246586203597,-0.22631641308835085,0.0410821344396351,
503,0.0,0.0,0.23172526005509939,,True,0.01900415485170837,,,-0.16728505428348134,production_8C_8M,2100042,native_eligible,503.0,0.25827400203384937,0.19196597119277073,0.2698659816643597,-0.15598472974017352,0.1939930394435902,
507,1.0,1.0,0.8706783113321515,,True,-0.025326728132752864,,,-0.030854928811506976,production_8C_8M,2100042,native_eligible,507.0,0.836219397172157,0.7472364703365143,0.20132352317429675,-0.23677032045402382,0.18611686418851806,
508,0.0,0.0,0.503368239410196,,True,-0.1065259552309977,,,-0.05620972089686527,production_8C_8M,2100042,native_eligible,508.0,0.5631553610708934,0.3838292104450296,0.9546233986379317,-0.25609837894761756,0.04304646848562216,
514,1.0,1.0,0.7447893901566865,,True,-0.09061884282768486,,,-0.061478120138046544,production_8C_8M,2100042,native_eligible,514.0,0.6770184447017797,0.3386926361949571,0.5495860932267922,-0.1864739213602679,0.005236235704898173,
528,1.0,1.0,0.7771454080206458,,True,0.02665764200693194,,,-0.3151680255715663,production_8C_8M,2100042,native_eligible,528.0,0.5249242020228106,0.42648710485837976,0.6395366323623659,-0.16019675713349682,0.21351204114736064,
532,1.0,0.0,0.558001553814855,,True,-0.0950806687945844,,,-0.5334643262344162,production_8C_8M,2100042,native_eligible,532.0,0.5861476058126057,0.20699326816522187,-0.7501089823971765,-0.24028801706198605,0.05012667947281721,
534,0.0,1.0,0.45724559043225943,,True,-0.02583093335364432,,,0.13543398492073888,production_8C_8M,2100042,native_eligible,534.0,0.4602978985325838,0.41963658799550685,-1.0350375734535675,-0.10839095154008316,0.0567290848327945,
535,0.0,0.0,0.6560989044889268,,True,-0.10957378326138009,,,0.03704061610492676,production_8C_8M,2100042,native_eligible,535.0,0.5573807572152678,0.41756673565247254,1.4809448666487746,-0.20474789760166495,-0.014399668921095274,
538,1.0,0.0,0.6988849248830186,,True,-0.019676843393604874,,,-0.06212851278558973,production_8C_8M,2100042,native_eligible,538.0,0.3455489403620092,0.42179225474514065,-0.5272784382369318,-0.1395614115651964,0.10020772477798663,
539,0.0,1.0,0.19369810812728125,,True,-0.1461438593117075,,,-0.11126006308263126,production_8C_8M,2100042,native_eligible,539.0,0.3246911128825196,0.09843732631128199,-1.0637922990370914,-0.21611884505633222,-0.0761688735670828,
546,0.0,0.0,0.18054913036416145,,True,-0.08441048490637862,,,-0.06620608679353736,production_8C_8M,2100042,native_eligible,546.0,0.19138945624781142,0.1505013651412992,0.19267009198854546,-0.2376223916437404,0.06880142183098314,
549,1.0,0.0,0.8255121800625127,,True,-0.05009134670415237,,,-0.22605679180368443,production_8C_8M,2100042,native_eligible,549.0,0.8334761585524294,0.6385554039707357,-0.968447080895111,-0.200747450726459,0.10056475731815422,
550,0.0,0.0,0.18796730122589664,,True,-0.09847829677360694,,,-0.08381602753461014,production_8C_8M,2100042,native_eligible,550.0,0.5105523014787442,0.19037514660298566,0.3085565183488625,-0.24394830181095611,0.0469917082637422,
552,1.0,0.0,0.635585406414489,,True,-0.1460759446425451,,,0.08753892270289004,production_8C_8M,2100042,native_eligible,552.0,0.7762332938748032,0.4467621085853305,-1.0323855443614307,-0.22232028789099845,-0.06983160139409181,
559,1.0,0.0,0.5398165303416042,,True,-0.11152514810578608,,,-0.36576085048430995,production_8C_8M,2100042,native_eligible,559.0,0.5295582318666742,0.30615255352196236,-0.7905475428745444,-0.19664834899044292,-0.026401947221129235,
561,1.0,0.0,0.6678832297774241,,True,-0.11152514810578608,,,-0.14847635272894044,production_8C_8M,2100042,native_eligible,561.0,0.8028647503829642,0.5582291534787168,-1.0804540882066116,-0.19664834899044292,-0.026401947221129235,
563,0.0,0.0,0.44197365051722065,,True,-0.0200448211882223,,,0.08723419972137467,production_8C_8M,2100042,native_eligible,563.0,0.5572424514601734,0.36995978128626794,0.8113125609951379,-0.22837938026933874,0.18828973789289413,
568,1.0,1.0,0.8094002290300463,,True,-0.13337878114835092,,,-0.11006768648138565,production_8C_8M,2100042,native_eligible,568.0,0.8045394139120279,0.31630696388240015,0.3564584848085191,-0.2105734422155618,-0.05618412008114007,
569,0.0,1.0,0.28726594125511973,,True,-0.04925243110013662,,,-0.03506472883281053,production_8C_8M,2100042,native_eligible,569.0,0.5891517455013637,0.4682414717405019,-0.6973500403999603,-0.23346945471838276,0.1349645925181095,
578,0.0,0.0,0.4433028636181259,,True,-0.06178355747877109,,,-0.1661069213092291,production_8C_8M,2100042,native_eligible,578.0,0.588499965517947,0.3431704025940325,0.8117981409165762,-0.15503892080543993,0.03147180584789772,
584,1.0,0.0,0.1772682377535935,,True,-0.057136612593911056,,,-0.18620539681394355,production_8C_8M,2100042,native_eligible,584.0,0.4079172717645591,0.251684851186714,-1.5760290766294565,-0.13613712194247793,0.02186389675465581,
588,1.0,1.0,0.5783008815309076,,True,-0.06543773157748357,,,0.05151712594740754,production_8C_8M,2100042,native_eligible,588.0,0.43654412824488825,0.4379469957877789,0.9733069786421609,-0.21841278194835473,0.08753731879338754,
594,0.0,1.0,0.38644412244604626,,True,-0.06449822864382161,,,-0.1845762402931477,production_8C_8M,2100042,native_eligible,594.0,0.3415694571814792,0.26363612668834757,-1.1510720076800696,-0.1845065306211286,0.055510073333485344,
599,0.0,1.0,0.5031424706704605,,True,-0.05933324772313793,,,-0.017020805613165407,production_8C_8M,2100042,native_eligible,599.0,0.3913320711743573,0.3296763061129668,-1.286690896655311,-0.21282357908517324,0.09415708363889734,
603,1.0,1.0,0.8908942800306692,,True,-0.12585853912548717,,,-0.4064471216929251,production_8C_8M,2100042,native_eligible,603.0,0.8246348764951608,0.22282824552345307,0.2705435141541457,-0.2038801261534422,-0.047836952097532165,
609,0.0,1.0,0.19016182536491383,,True,-0.10269907779289786,,,-0.17815202596793825,production_8C_8M,2100042,native_eligible,609.0,0.5744087599233809,0.2695586464481077,-0.8303763894728092,-0.24800342905880457,0.042605273473008826,
614,1.0,1.0,0.5602600952272403,,True,-0.13700253764049994,,,0.13800989485438941,production_8C_8M,2100042,native_eligible,614.0,0.5288015986273341,0.3340900512681548,0.9938613215719079,-0.22971989888623123,-0.04428517639476867,
617,1.0,0.0,0.6075425117801919,,True,-0.11070497638718964,,,-0.32977963417948597,production_8C_8M,2100042,native_eligible,617.0,0.816116285012124,0.5063589028357508,-1.1432116557745156,-0.2026727264887862,-0.018737226285593073,
621,1.0,1.0,0.536999872858566,,True,-0.10270201621268497,,,-0.10300534475910206,production_8C_8M,2100042,native_eligible,621.0,0.5304017772569084,0.251615376490043,1.1148538239991934,-0.2583928457545379,0.052988813329167925,
626,1.0,0.0,0.5292426494321685,,True,-0.10841289020513667,,,-0.14734105843629364,production_8C_8M,2100042,native_eligible,626.0,0.5048364549499774,0.2493938210841678,-0.7266703804424428,-0.26483785685515704,0.048012076444883645,
638,1.0,0.0,0.2689669459141727,,True,-0.09494657196660522,,,-0.028967779075204383,production_8C_8M,2100042,native_eligible,638.0,0.3429344404520234,0.12867457367023072,-0.6926627918434125,-0.2660291469877887,0.07613600305457821,
648,1.0,1.0,0.2603839241254155,,True,-0.11919446005189693,,,0.22657797391420198,production_8C_8M,2100042,native_eligible,648.0,0.617254966576449,0.2745977495774782,2.4432376989756706,-0.2040543762999371,-0.03433454380385677,
651,1.0,0.0,0.8852460530196238,,True,-0.05667362540915684,,,0.14285091672279376,production_8C_8M,2100042,native_eligible,651.0,0.799244359230146,0.5878212312331786,-0.8754432941734643,-0.17032213963951048,0.05697488882119678,
656,0.0,0.0,0.14471925204915292,,True,-0.054162727269874596,,,0.008071797181922913,production_8C_8M,2100042,native_eligible,656.0,0.5559656221190463,0.43731130170027965,0.531384422357889,-0.16832367662661643,0.059998222086867205,
662,0.0,0.0,0.6907482055083027,,True,0.07530876901662076,,,0.12090442381375327,production_8C_8M,2100042,native_eligible,662.0,0.7078198136117428,0.8305725984496606,2.411566709992833,-0.03590939177878667,0.18652692981202817,
663,1.0,1.0,0.4762141245797257,,True,-0.06865862234762404,,,-0.0006267839972746714,production_8C_8M,2100042,native_eligible,663.0,0.49530796638713076,0.37328577918530176,1.194012320106819,-0.18850378550820807,0.05118654081295994,
676,1.0,0.0,0.5375942468759062,,True,-0.08114290581524805,,,0.288078314021742,production_8C_8M,2100042,native_eligible,676.0,0.6085342091837105,0.41643437558433144,-0.9667256373618545,-0.2154607970438609,0.05317498541336477,
680,1.0,0.0,0.7942417357221919,,True,-0.0553466227249577,,,-0.21676132704337042,production_8C_8M,2100042,native_eligible,680.0,0.5801503594759694,0.5275474750891427,-0.7168181369502692,-0.16853144357634336,0.057838198126427945,
684,0.0,0.0,0.616242591753135,,True,-0.06737820646987955,,,-0.09365228131014089,production_8C_8M,2100042,native_eligible,684.0,0.2714657261195501,0.2884492768482896,0.7243724383066975,-0.15805627477195952,0.023299861832200397,
689,1.0,1.0,0.8677800320278787,,True,-0.06178355747877109,,,0.028437736123359203,production_8C_8M,2100042,native_eligible,689.0,0.8963655856391177,0.7281380865603496,0.14505686263251455,-0.15503892080543993,0.03147180584789772,
707,1.0,0.0,0.2538520424756198,,True,-0.1246315273739222,,,-0.18261274863827542,production_8C_8M,2100042,native_eligible,707.0,0.5896002918645536,0.09552475831179798,-0.8703764582182417,-0.2240255555861969,-0.02523749916164754,
708,0.0,0.0,0.2894426069413813,,True,-0.12557287101224385,,,-0.3033594815556778,production_8C_8M,2100042,native_eligible,708.0,0.568586986961578,0.23823612723183532,0.46984767808868155,-0.1993383873836292,-0.05180735464085853,
713,0.0,1.0,0.1320503419193261,,True,0.05204219387548688,,,0.18351149860665072,production_8C_8M,2100042,native_eligible,713.0,0.7034578262721656,0.7541269437247617,-0.29098914690295186,-0.042989286139246075,0.1470736738902198,
743,1.0,0.0,0.5398191604068451,,True,-0.13179569484564782,,,-0.3588049137290085,production_8C_8M,2100042,native_eligible,743.0,0.8249673773542775,0.22329092227417935,-1.0153166862010015,-0.2031399719115885,-0.06045141777970717,
744,0.0,0.0,0.22710535094388223,,True,0.004149853904804392,,,0.00043827428651807554,production_8C_8M,2100042,native_eligible,744.0,0.3450956679283809,0.2746100849170972,0.376012097299768,-0.1244179215660607,0.13271762937566944,
752,1.0,0.0,0.7584460325948613,,True,0.02665764200693194,,,-0.048624029853681416,production_8C_8M,2100042,native_eligible,752.0,0.5527684499574659,0.42648710485837976,-0.6885983545232703,-0.16019675713349682,0.21351204114736064,
760,1.0,1.0,0.52260469766482,,True,-0.1618400716367856,,,-0.1049719012824385,production_8C_8M,2100042,native_eligible,760.0,0.8771409838786969,0.3381681148876022,0.7274372648437015,-0.2516457215727889,-0.07203442170078232,
773,1.0,1.0,0.7696655344907813,,True,-0.005156664732212598,,,-0.05078761983714952,production_8C_8M,2100042,native_eligible,773.0,0.6780513889227028,0.696190880497301,0.4128682482724049,-0.08125133675323243,0.07093800728880721,
776,0.0,0.0,0.18904361793938207,,True,0.12222480527749592,,,0.11215936655437345,production_8C_8M,2100042,native_eligible,776.0,0.12648552511748332,0.48558018138138587,0.5150654679074179,-0.049934679899359305,0.2943842904543511,
779,0.0,0.0,0.22720576048476657,,True,-0.039125185386339884,,,0.2102850669914252,production_8C_8M,2100042,native_eligible,779.0,0.323908215035162,0.2374005074255336,0.3326313056914368,-0.1967205828204105,0.1184702120477307,
781,1.0,1.0,0.37381243428687494,,True,-0.01704502952571086,,,0.031273744586730046,production_8C_8M,2100042,native_eligible,781.0,0.6655436467043301,0.5691610395265648,1.05617124324551,-0.10300483949809228,0.06891478044667051,
782,1.0,0.0,0.8427424157133712,,True,-0.0686608927166707,,,-0.27881971225762575,production_8C_8M,2100042,native_eligible,782.0,0.7685187257548639,0.6902628605718427,-0.8973232904146605,-0.16726102982320495,0.029939244389863548,
798,1.0,1.0,0.49829542215763717,,True,-0.046326145624295795,,,-0.012829595656138837,production_8C_8M,2100042,native_eligible,798.0,0.42942364995587795,0.4423600046119408,1.1320315150600213,-0.21413986434979854,0.12148757310120689,
822,0.0,0.0,0.6984374918405072,,True,0.05212593031539203,,,0.15687867128973654,production_8C_8M,2100042,native_eligible,822.0,0.5211055052926254,0.6821451425258624,1.8890578463702261,-0.097086156450719,0.20133801708150303,
839,0.0,0.0,0.6716985134526892,,True,-0.10544385021886067,,,-0.082870305049013,production_8C_8M,2100042,native_eligible,839.0,0.38783677367437924,0.1540580894748186,0.9475646528446624,-0.24871923457691786,0.037831534139196474,
845,1.0,1.0,0.6617315680456017,,True,-0.01032410246807219,,,-0.054967122143437575,production_8C_8M,2100042,native_eligible,845.0,0.3166582849949827,0.4666492478171587,0.9559835706073416,-0.09040464710103582,0.06975644216489142,
859,1.0,1.0,0.6313146262329523,,True,-0.05433727368996904,,,0.10091643251497262,production_8C_8M,2100042,native_eligible,859.0,0.7928550455421512,0.5757380885901687,0.4549123193874516,-0.18914618961174287,0.08047164223180475,
868,1.0,0.0,0.23172526005509939,,True,-0.054876310608468044,,,-0.03768758335333155,production_8C_8M,2100042,native_eligible,868.0,0.4349362818086187,0.2868988543292419,-1.3861366069172307,-0.19884295171454952,0.08909033049761339,
875,1.0,1.0,0.25586019917603187,,True,0.021075066120095652,,,0.2750351541256375,production_8C_8M,2100042,native_eligible,875.0,0.35694571672943604,0.6166667765724269,1.7579346337480115,-0.06993507352101686,0.11208520576120815,
892,0.0,0.0,0.8434630540589367,,True,-0.06972299989737833,,,-0.4218944972490402,production_8C_8M,2100042,native_eligible,892.0,0.475923156655166,0.361030754897008,2.9254323841511876,-0.28349355054559267,0.14404755075083597,
893,0.0,1.0,0.2595299453916616,,True,-0.10757966934530243,,,-0.13899119129057289,production_8C_8M,2100042,native_eligible,893.0,0.42968541805205246,0.2191606290102885,-0.9807309282348036,-0.1737972020263632,-0.04136213666424167,
898,1.0,1.0,0.501282041039593,,True,-0.08788500981665391,,,0.11489019733853345,production_8C_8M,2100042,native_eligible,898.0,0.5235923119412709,0.3158250127718127,1.1570830868712993,-0.1769473546980541,0.0011773350647462516,
908,1.0,1.0,0.5109505020038081,,True,-0.04327378071048289,,,0.2700079153490359,production_8C_8M,2100042,native_eligible,908.0,0.5896541998151991,0.5795797732597991,0.812745445607222,-0.19461820696067433,0.10807064553970851,
913,0.0,0.0,0.6714136000367604,,True,0.0661859078949346,,,0.5763362625455206,production_8C_8M,2100042,native_eligible,913.0,0.35931264292907766,0.5115823691773611,1.2457801179421442,-0.11839747147644088,0.25076928726631004,
915,1.0,1.0,0.8682317744006631,,True,-0.0337272620863373,,,-0.10460704553612188,production_8C_8M,2100042,native_eligible,915.0,0.803773289789503,0.7589859318455692,0.232804496282781,-0.1908191002520271,0.12336457607935244,
929,1.0,0.0,0.6072448065988616,,True,0.079509676117094,,,-0.2246108655442407,production_8C_8M,2100042,native_eligible,929.0,0.3849545804751846,0.5649782946031615,-0.7503725419842292,-0.009655379417997365,0.16867473165218536,
934,0.0,0.0,0.10572384586857927,,True,-0.13967670279364056,,,-0.17923562100166213,production_8C_8M,2100042,native_eligible,934.0,0.3007442364536771,0.11263089914281953,0.1481857298892284,-0.2103325848424567,-0.06902082074482442,
955,1.0,1.0,0.7451661083216816,,True,-0.10634133875278587,,,-0.4074361291328243,production_8C_8M,2100042,native_eligible,955.0,0.7200918969891393,0.3972357351995584,0.48604303272428667,-0.17749099852962608,-0.035191678975945676,
960,1.0,1.0,0.37324859564711527,,True,0.01784833431586146,,,0.30302428580824725,production_8C_8M,2100042,native_eligible,960.0,0.46716997352403733,0.5016170439955271,1.3697044882265583,-0.06639007496718694,0.10208674359890983,
961,0.0,1.0,0.6730862251664484,,True,-0.023171998997971656,,,-0.17386110854674186,production_8C_8M,2100042,native_eligible,961.0,0.38215031718014536,0.33965944519307123,-1.9324377949469076,-0.10340744798844059,0.057063449992497274,
967,0.0,0.0,0.5346113855312963,,True,-0.10757966934530243,,,0.11315424130412288,production_8C_8M,2100042,native_eligible,967.0,0.5543950514278178,0.3427012319950771,0.9795580380299207,-0.1737972020263632,-0.04136213666424167,
976,0.0,0.0,0.19127033509917843,,True,-0.1618400716367856,,,-0.10435438224184548,production_8C_8M,2100042,native_eligible,976.0,0.442068010454626,0.09032567850203978,0.19487791661816328,-0.2516457215727889,-0.07203442170078232,
980,1.0,1.0,0.8005128710919075,,True,-0.1320321842594384,,,-0.1328309937568829,production_8C_8M,2100042,native_eligible,980.0,0.7845672331441701,0.502559639974317,0.33939448291065943,-0.2733584879347639,0.009294119415887037,
986,1.0,0.0,0.7652949826076981,,True,-0.05751973148407209,,,-0.21930664730454208,production_8C_8M,2100042,native_eligible,986.0,0.7238738810965775,0.5491688336571469,-0.8922961020493616,-0.20006242332692842,0.08502296035878422,
987,0.0,0.0,0.6906598450545076,,True,-0.07483201950555815,,,0.16537846499403014,production_8C_8M,2100042,native_eligible,987.0,0.4137155262485938,0.33752707288057854,1.2612244871585485,-0.2236931534852165,0.07402911447410018,
989,0.0,0.0,0.3324350578420281,,True,0.04496169384121512,,,-0.22553091570484401,production_8C_8M,2100042,native_eligible,989.0,0.3334584200214424,0.23360246440709903,0.3996586218640724,-0.1658314776743318,0.255754865356762,
5,1.0,1.0,0.6888429079206844,,True,0.023313447471026445,,,0.29544125881310984,production_189C_16M,2100042,native_eligible,5.0,0.43699417705911736,0.6052596433798898,0.7413139104307057,-0.16777491560191798,0.21440181054397087,
12,0.0,1.0,0.4555099905752087,,True,-0.021501736022831883,,,-0.1020346687031714,production_189C_16M,2100042,native_eligible,12.0,0.24702091830165532,0.6768927213503215,-0.953035263499359,-0.14280232032740067,0.09979884828173688,
15,1.0,0.0,0.5739156143217101,,True,-0.0652208930468465,,,-0.003080297422145953,production_189C_16M,2100042,native_eligible,15.0,0.13046634881915595,0.1743406843461793,-0.2598997385626426,-0.20229030498173378,0.07184851888804075,
30,0.0,0.0,0.6167789596155766,,True,-0.12842085351418925,,,-0.15824629257148742,production_189C_16M,2100042,native_eligible,30.0,0.16615957397581543,0.16920853509505324,0.43663573341424156,-0.24267090947687447,-0.014170797551504036,
39,1.0,0.0,0.5282969793648782,,True,-0.07956816024145291,,,-0.0787740414269622,production_189C_16M,2100042,native_eligible,39.0,0.3033211124563737,0.10945683923022827,-0.40105235778006043,-0.19275409209539532,0.03361777161248947,
40,0.0,0.0,0.33092338229154283,,True,-0.05524262851236866,,,0.060474988513839145,production_189C_16M,2100042,native_eligible,40.0,0.3716448228600635,0.4147210318343586,0.5985354987233859,-0.22085819867843687,0.11037294165369949,
43,1.0,0.0,0.7499100517415233,,True,-0.0800913381768707,,,-0.19702180525731344,production_189C_16M,2100042,native_eligible,43.0,0.4918085512489384,0.2392998723452813,-0.571613445921452,-0.1738219353793435,0.01363925902560209,
45,0.0,0.0,0.27332329498748414,,True,-0.08722107238717605,,,0.13139903885494988,production_189C_16M,2100042,native_eligible,45.0,0.4055059458486812,0.3654864028507682,0.5180084535672129,-0.2105239207114524,0.03608177593710027,
48,1.0,1.0,0.4799245881793292,,True,-0.071566199035169,,,-0.02351093248221392,production_189C_16M,2100042,native_eligible,48.0,0.5790620517284546,0.5641893264156257,0.8932088448307053,-0.17623013683454403,0.03309773876420599,
63,1.0,0.0,0.5622680303294618,,True,-0.05357466606426937,,,-0.08061850681857732,production_189C_16M,2100042,native_eligible,63.0,0.268588944891946,0.2159726439772507,-0.43672607121534923,-0.17312575101786484,0.0659764188893261,
67,1.0,1.0,0.29786360027698494,,True,-0.1427015261559622,,,-0.4040936263411786,production_189C_16M,2100042,native_eligible,67.0,0.537047565581503,0.19876863752871582,2.35164814503105,-0.3216145330052614,0.036211480693336934,
69,0.0,0.0,0.4831759230160343,,True,-0.15929920599566955,,,-0.2535047085663173,production_189C_16M,2100042,native_eligible,69.0,0.6236666574216633,0.2535821805031771,0.8366446311006288,-0.27977897600242646,-0.03881943598891266,
72,1.0,0.0,0.71646138813945,,True,-0.04522870573386099,,,0.03393963416448598,production_189C_16M,2100042,native_eligible,72.0,0.5481713372780633,0.5379778482647082,-0.7610753329906856,-0.13803515563966348,0.04757774417194149,
93,0.0,1.0,0.1948777864758479,,True,-0.13455245790873258,,,-0.24763340158643393,production_189C_16M,2100042,native_eligible,93.0,0.37928907344816115,0.1459636064801219,-1.004277896456831,-0.26452132069688716,-0.004583595120578016,
115,0.0,0.0,0.3323517282712486,,True,-0.08353754328055436,,,-0.036066766855671034,production_189C_16M,2100042,native_eligible,115.0,0.12576733899207254,0.2145591337327655,0.27716544044252533,-0.16694547102206603,-0.0001296155390427267,
116,0.0,1.0,0.2514571714944329,,True,-0.1103291711655114,,,-0.014342061446469406,production_189C_16M,2100042,native_eligible,116.0,0.4160258491047233,0.2923667304994469,-0.9038070655987109,-0.21748085554170404,-0.003177486789318798,
121,1.0,0.0,0.839897775353946,,True,-0.11539855931087668,,,-0.578150415838105,production_189C_16M,2100042,native_eligible,121.0,0.5171300476682221,0.3010174588078971,-0.5745103220618967,-0.2023745998087775,-0.028422518812975875,
122,1.0,0.0,0.7252873966557368,,True,-0.1321445428036299,,,-0.1662835077113541,production_189C_16M,2100042,native_eligible,122.0,0.2918522391066807,0.1386755626419931,-0.34437752082158535,-0.25870775796973566,-0.005581327637524142,
123,0.0,1.0,0.4463624958895889,,True,0.011428101313222928,,,0.03246765507545743,production_189C_16M,2100042,native_eligible,123.0,0.5354031328855453,0.5137566869010839,-0.8608180405117729,-0.10622177642737654,0.12907797905382237,
126,0.0,0.0,0.20318848123782796,,True,-0.18156238775084832,,,-0.3010231687743369,production_189C_16M,2100042,native_eligible,126.0,0.24497065852054464,0.16503068989463135,0.2274986824883437,-0.2944472588570211,-0.06867751664467557,
130,0.0,0.0,0.20823427707608877,,True,-0.033240075893519974,,,0.006309753656425152,production_189C_16M,2100042,native_eligible,130.0,0.0552155672104727,0.12328712467809151,0.1378088113191333,-0.1353468939687566,0.06886674218171664,
137,0.0,0.0,0.18867972712031328,,True,-0.06418183382662875,,,-0.035394603233024145,production_189C_16M,2100042,native_eligible,137.0,0.11075004233841171,0.23729268586774213,0.2630485907372282,-0.18304779607259516,0.054684128419337646,
145,1.0,0.0,0.3203390685100596,,True,-0.033108224281006675,,,-0.33769143797714973,production_189C_16M,2100042,native_eligible,145.0,0.2339813046402772,0.3225126067134111,-0.9182538153758893,-0.18039930160777992,0.11418285304576653,
151,0.0,1.0,0.5588700460852095,,True,0.0006435927784189887,,,-0.31487008056515453,production_189C_16M,2100042,native_eligible,151.0,0.2631499193840017,0.441432815561561,-1.4920867399735367,-0.25922539382815246,0.26051257938499034,
162,0.0,0.0,0.5946045765665231,,True,-0.061653648286632085,,,-0.1770906937214045,production_189C_16M,2100042,native_eligible,162.0,0.5251960458889096,0.314987760507382,1.0853071929156548,-0.14275529635971662,0.01944799978645241,
167,0.0,1.0,0.591077812446843,,True,-0.038394851983928,,,0.060419762402974864,production_189C_16M,2100042,native_eligible,167.0,0.6770658835068206,0.7794222260660464,-0.6873638690671003,-0.16729884637497058,0.09050914240711452,
169,1.0,1.0,0.7044572522132421,,True,-0.05223292358885455,,,-0.059438745764093026,production_189C_16M,2100042,native_eligible,169.0,0.8085044904050129,0.83550593000267,0.26050612633418735,-0.1464671237838629,0.04200127660615377,
186,1.0,0.0,0.6214045214338907,,True,-0.03396546626023056,,,-0.34838730337294177,production_189C_16M,2100042,native_eligible,186.0,0.5057243504008702,0.6012945541272088,-0.8720676768924278,-0.16686992859519456,0.09893899607473339,
193,0.0,0.0,0.6074217274460321,,True,-0.08722657569295623,,,-0.07790570380726344,production_189C_16M,2100042,native_eligible,193.0,0.6566288869850165,0.3746459334953363,1.390623333947558,-0.20478792187428996,0.030334770488377447,
196,0.0,0.0,0.5535117382824412,,True,0.025253405577245067,,,0.18500422317417548,production_189C_16M,2100042,native_eligible,196.0,0.520817834484793,0.7172213903961263,1.3628795400308304,-0.12410743807493743,0.17461424922942753,
198,0.0,0.0,0.12684198956953327,,True,-0.13771975352006469,,,-0.09796041668062988,production_189C_16M,2100042,native_eligible,198.0,0.1896248787255068,0.11465386752575203,0.14220030998187394,-0.24982036892470566,-0.025619138115423754,
208,1.0,1.0,0.35467140082198473,,True,0.02813956720901502,,,-0.38364186382161225,production_189C_16M,2100042,native_eligible,208.0,0.5183363785252109,0.8209575400900114,0.8074333891507876,-0.11053853261428818,0.1668176670323182,
211,0.0,0.0,0.23702846239208153,,True,-0.031053652886526378,,,0.039362356322426656,production_189C_16M,2100042,native_eligible,211.0,0.16194675264063907,0.4056558204098955,0.45596698914385625,-0.12601233069911633,0.06390502492606356,
229,0.0,0.0,0.3394977187615838,,True,-0.08133372425005365,,,-0.0181111175885878,production_189C_16M,2100042,native_eligible,229.0,0.1561523573667378,0.12172119327578088,0.20198339767854698,-0.2536528190037247,0.09098537050361737,
237,0.0,1.0,0.2593173138758353,,True,-0.02880214625188607,,,0.014677238537030401,production_189C_16M,2100042,native_eligible,237.0,0.5028288332381493,0.5991678979726561,-0.5748946174829647,-0.11448399373093601,0.05687970122716386,
241,1.0,0.0,0.31133716450021137,,True,-0.12458868000472959,,,-0.2359562924134932,production_189C_16M,2100042,native_eligible,241.0,0.2936001012234516,0.32498507053499115,-1.0124514485369005,-0.2732842492931472,0.02410688928368801,
250,1.0,1.0,0.8198052666700606,,True,-0.09714524235767061,,,-0.14381661120733635,production_189C_16M,2100042,native_eligible,250.0,0.6551541426800359,0.7296263160486465,0.40427449953513456,-0.19274316740117403,-0.0015473173141672264,
254,0.0,1.0,0.20102201366299613,,True,-0.09029697706308566,,,0.11029612787953566,production_189C_16M,2100042,native_eligible,254.0,0.10126615976650807,0.11599084369461068,-1.1101296369698097,-0.16880267861900267,-0.011791275507168658,
261,0.0,0.0,0.35753980453270195,,True,-0.009560941510896218,,,0.31285754382566056,production_189C_16M,2100042,native_eligible,261.0,0.2785988192206918,0.6589952073092201,0.8140400926888591,-0.19144499201924298,0.1723231089974505,
264,1.0,1.0,0.5577264707247881,,True,-0.07512394307089156,,,0.10130985419071503,production_189C_16M,2100042,native_eligible,264.0,0.6665464777032166,0.5574176838994969,0.684418472341546,-0.17800347568354702,0.027755589541763895,
265,0.0,0.0,0.4894535840263993,,True,-0.14166036687125347,,,-0.19966649402570194,production_189C_16M,2100042,native_eligible,265.0,0.5006139848059962,0.14893160696021945,0.6288631105626308,-0.2500550352671327,-0.03326569847537429,
270,0.0,0.0,0.41393476570015036,,True,-0.15728843561746542,,,-0.05981133747776573,production_189C_16M,2100042,native_eligible,270.0,0.1148700995275879,0.33706307509973593,0.4181952169690788,-0.24521072643610242,-0.06936614479882841,
271,1.0,0.0,0.7707584173609587,,True,-0.06617507927629712,,,-0.027407061388611043,production_189C_16M,2100042,native_eligible,271.0,0.7998676313445633,0.795862120980071,-1.0365756426571322,-0.13705371376871822,0.004703555216123964,
277,1.0,1.0,0.8900167605613836,,True,0.004144407775446694,,,0.19707323380293573,production_189C_16M,2100042,native_eligible,277.0,0.6576842784313262,0.555041619585739,0.39730116258716963,-0.0934086854251981,0.10169750097609148,
282,0.0,0.0,0.6245541802214628,,True,-0.03866897811040939,,,0.2904593735133494,production_189C_16M,2100042,native_eligible,282.0,0.7574877452705053,0.6585424184141007,1.9186234017482229,-0.21550950084035048,0.13817154461953166,
284,0.0,1.0,0.16600055712416817,,True,-0.015879367337107323,,,0.18518688543613304,production_189C_16M,2100042,native_eligible,284.0,0.26498765127645074,0.5106804072998317,-0.6356176033565353,-0.10749528701861767,0.075736552344403,
288,1.0,0.0,0.7506277655281091,,True,-0.08251352752330414,,,0.004640120746827181,production_189C_16M,2100042,native_eligible,288.0,0.49042082542508364,0.5035044554687025,-0.6576941889922365,-0.19787363852358422,0.032846583476975916,
294,1.0,1.0,0.8452096511713626,,True,-0.07824946064650302,,,-0.34951026332690505,production_189C_16M,2100042,native_eligible,294.0,0.42950380368310603,0.6534516749663593,0.6339625044022255,-0.27505011342221486,0.11855119212920874,
318,0.0,0.0,0.6620889375925935,,True,-0.0844018339897729,,,-0.20199985734703257,production_189C_16M,2100042,native_eligible,318.0,0.6177708988002548,0.4862644728087786,1.69669918053416,-0.2414853032183999,0.07268163523885408,
328,0.0,1.0,0.45530493745300465,,True,0.003906700311360022,,,0.10327243996857394,production_189C_16M,2100042,native_eligible,328.0,0.23247920567265026,0.3763465495751734,-1.2652160994803137,-0.08672179299034462,0.09453519361306464,
334,0.0,0.0,0.39321898348527956,,True,-0.12861078016678662,,,-0.1484375342195409,production_189C_16M,2100042,native_eligible,334.0,0.5566262261903688,0.2324994625665003,0.5932160850162638,-0.273934010671551,0.01671245033797769,
339,0.0,1.0,0.7124040323095259,,True,-0.07892005338908528,,,-0.04096418254395162,production_189C_16M,2100042,native_eligible,339.0,0.5966154132283535,0.572560997398563,-1.4266630476927729,-0.17651447239828663,0.018674365620116054,
343,1.0,1.0,0.723941868261697,,True,-0.047297087101418944,,,-0.252500407706424,production_189C_16M,2100042,native_eligible,343.0,0.4265499375713729,0.284031250089037,0.8464678338113161,-0.18928941770801344,0.09469524350517552,
346,0.0,0.0,0.46966547388737484,,True,-0.08183975323581474,,,0.021257549177203516,production_189C_16M,2100042,native_eligible,346.0,0.3565057768765634,0.2807250397295689,0.59644737421088,-0.19884574481405093,0.03516623834242141,
347,0.0,1.0,0.1383250060729554,,True,-0.10801360339268105,,,0.0718545920669893,production_189C_16M,2100042,native_eligible,347.0,0.2081859107711311,0.12976542320076578,-0.9973447859536945,-0.25587950294631906,0.03985229616095691,
349,0.0,1.0,0.8193402204937518,,True,-0.08714506561722711,,,0.03268878550218324,production_189C_16M,2100042,native_eligible,349.0,0.7570960355708786,0.31955563076880944,-1.7820785476747636,-0.20774243763011868,0.03345230639566442,
354,1.0,0.0,0.5852910889203498,,True,-0.010896159765837927,,,-0.14297135067526034,production_189C_16M,2100042,native_eligible,354.0,0.25277917669012223,0.5873389454012542,-0.6689390996633755,-0.15367654480637225,0.13188422527469634,
357,1.0,1.0,0.6144194034511296,,True,-0.09960109484503567,,,0.1013446835796018,production_189C_16M,2100042,native_eligible,357.0,0.2063502090409239,0.16381927095495594,1.3183973209310882,-0.26064376340957907,0.06144157371950772,
360,1.0,0.0,0.3865766579199204,,True,-0.04033569584905815,,,-0.20995476861796994,production_189C_16M,2100042,native_eligible,360.0,0.23088821075182098,0.2877461860085727,-0.6874864648780158,-0.1511916149004118,0.07052022320229548,
361,0.0,0.0,0.34845164804898915,,True,-0.09428186176323192,,,-0.0406445885166562,production_189C_16M,2100042,native_eligible,361.0,0.24140037377646498,0.215291687718608,0.3443939375058591,-0.2255193076918165,0.036955584165352634,
365,1.0,0.0,0.560935123331112,,True,-0.1274814162094858,,,-0.3344524588585174,production_189C_16M,2100042,native_eligible,365.0,0.22944909742202702,0.05745072706689556,-0.27441792776441715,-0.2895945983150615,0.03463176589608985,
368,1.0,0.0,0.7143540874732927,,True,-0.0589942066109348,,,-0.05427466854280549,production_189C_16M,2100042,native_eligible,368.0,0.3354298152467648,0.4405133347405736,-0.5115761209636176,-0.20891456917019455,0.09092615594832493,
370,1.0,0.0,0.1564647786101973,,True,-0.10009598742909374,,,-0.11224918810400103,production_189C_16M,2100042,native_eligible,370.0,0.026306841515846193,0.05088982445233996,-0.3006648134325691,-0.23153987114464408,0.03134789628645655,
380,0.0,1.0,0.6881981509560702,,True,-0.14832596792648195,,,-0.4595323870462047,production_189C_16M,2100042,native_eligible,380.0,0.36501910375935226,0.13196621498829042,-2.26954144131709,-0.22925662962469204,-0.06739530622827189,
384,1.0,1.0,0.6990770925814441,,True,-0.02722401985292317,,,0.0703099140074529,production_189C_16M,2100042,native_eligible,384.0,0.5977753393097551,0.6246897818516577,0.5637797212516578,-0.19816436501945422,0.14371632531360787,
392,1.0,1.0,0.8614449858240005,,True,-0.08764809977648572,,,0.0859568948245617,production_189C_16M,2100042,native_eligible,392.0,0.5818211611059491,0.6888604734426235,0.4682225935415227,-0.2110144082837045,0.035718208730733045,
398,0.0,1.0,0.3131607508660323,,True,-0.06892919623038364,,,-0.3498504475078327,production_189C_16M,2100042,native_eligible,398.0,0.33485519501973005,0.3321802678834462,-0.9710890150308646,-0.149419344419694,0.011560951958926702,
409,0.0,0.0,0.11684459674257594,,True,-0.0945952548760885,,,0.14554265152238055,production_189C_16M,2100042,native_eligible,409.0,0.15139129803673113,0.46852599782497284,0.488555604284031,-0.20153172405201364,0.012341214299836617,
422,1.0,1.0,0.5508828176109196,,True,0.04552106816354385,,,0.04875396248008518,production_189C_16M,2100042,native_eligible,422.0,0.31864102879639317,0.6818870489663359,0.9407063091171695,-0.07610102055785264,0.1671431568849403,
424,1.0,0.0,0.7466109835887913,,True,-0.10660898675434743,,,-0.411950972386599,production_189C_16M,2100042,native_eligible,424.0,0.8796605989012212,0.6020384175395098,-1.0839837682829838,-0.18806737914677868,-0.02515059436191619,
431,1.0,1.0,0.3674722731125876,,True,-0.1288629016867522,,,-0.32665406706368566,production_189C_16M,2100042,native_eligible,431.0,0.5897121901989381,0.17217568658925994,1.8352166263036307,-0.22256250018160834,-0.03516330319189609,
435,0.0,1.0,0.41302370277667033,,True,-0.06780048005979775,,,-0.10742312894197681,production_189C_16M,2100042,native_eligible,435.0,0.9292717068106677,0.5356297449128721,-0.5141379572623613,-0.2214537749408263,0.08585281482123075,
446,1.0,0.0,0.20767700289576774,,True,-0.09890798147715513,,,-0.06432527410523083,production_189C_16M,2100042,native_eligible,446.0,0.2341095543481177,0.03245483244137395,-0.3579302458638325,-0.24227633607449298,0.044460373120182695,
447,1.0,1.0,0.4982389863696391,,True,-0.11259293493907713,,,0.034144994760945346,production_189C_16M,2100042,native_eligible,447.0,0.19847430208523242,0.4233556255647233,1.3822463435011665,-0.2872493921920995,0.06206352231394521,
451,1.0,1.0,0.8206682361055784,,True,-0.052073978830584455,,,-0.17663563846118313,production_189C_16M,2100042,native_eligible,451.0,0.40071931388015986,0.30300287102420115,0.7515879390016214,-0.1561508343551274,0.05200287669395848,
460,1.0,0.0,0.5182035749471302,,True,0.006947197410597511,,,-0.15089969081385596,production_189C_16M,2100042,native_eligible,460.0,0.5640906816776052,0.34700853727614317,-0.8867196267587514,-0.15539640454718726,0.16929079936838223,
462,0.0,0.0,0.5514406082505877,,True,-0.0022042065449972017,,,-0.02877369342676961,production_189C_16M,2100042,native_eligible,462.0,0.3287124013045629,0.5807318933526753,0.9848375031091718,-0.1738218118019619,0.16941339871196748,
465,0.0,1.0,0.361708783408197,,True,-0.12332641783527179,,,-0.07352311822592295,production_189C_16M,2100042,native_eligible,465.0,0.659955959805942,0.43078553961949784,-0.7619116382306859,-0.27914809923500766,0.032495263564464055,
467,0.0,0.0,0.3693607047623265,,True,-0.07375625886615211,,,0.18109530692018136,production_189C_16M,2100042,native_eligible,467.0,0.707935400528667,0.32097897600831604,0.7356114298374439,-0.23152749117605073,0.08401497344374648,
468,1.0,0.0,0.4448880946094457,,True,-0.08623330308244756,,,-0.36394341785118856,production_189C_16M,2100042,native_eligible,468.0,0.6231548365065902,0.2571049130668231,-0.943959101460204,-0.20460275838151148,0.03213615221661634,
474,0.0,0.0,0.4108234879924554,,True,0.028728278094135386,,,0.27024214191256124,production_189C_16M,2100042,native_eligible,474.0,0.2714611876846242,0.4034729635960534,0.5927585676659994,-0.12464371513820174,0.18210027132647247,
478,1.0,0.0,0.6225870999267122,,True,-0.08957285197087794,,,-0.14113139488284232,production_189C_16M,2100042,native_eligible,478.0,0.35069386002231934,0.033797581117353905,-0.3711819862723882,-0.27225083210188217,0.09310512816012623,
481,0.0,1.0,0.420213565981122,,True,-0.07126815826554048,,,0.24256774419822325,production_189C_16M,2100042,native_eligible,481.0,0.33959457955344047,0.23455066232198296,-1.2440933700943997,-0.2002667563151036,0.05773043978402262,
486,1.0,1.0,0.7385547122988297,,True,-0.18401997459762118,,,-0.6892153014395378,production_189C_16M,2100042,native_eligible,486.0,0.8215464096997189,0.18420174046413507,0.46724277154670635,-0.3098927350435009,-0.05814721415174148,
487,1.0,1.0,0.8957691408253676,,True,-0.021448949291941296,,,-0.028156691615068175,production_189C_16M,2100042,native_eligible,487.0,0.7915358888400815,0.7468849375100581,0.23791634302521636,-0.11628079888371994,0.07338290029983732,
498,0.0,0.0,0.30641748843266653,,True,-0.12087094801383952,,,-0.1062618189134249,production_189C_16M,2100042,native_eligible,498.0,0.42097201765816294,0.11582126492766688,0.3018022927072631,-0.2774260208283809,0.03568412480070182,
503,0.0,0.0,0.33964182522487846,,True,-0.03871628545299819,,,-0.16728505428348134,production_189C_16M,2100042,native_eligible,503.0,0.2760260137667328,0.2038559736552115,0.345824351887534,-0.13363141695623668,0.05619884605024026,
507,1.0,1.0,0.8859227434798067,,True,-0.10324673194482104,,,-0.030854928811506976,production_189C_16M,2100042,native_eligible,507.0,0.8866726388012552,0.8400551411156183,0.13392291631946687,-0.18912251130876,-0.017370952580882087,
508,0.0,0.0,0.47961773593549384,,True,-0.070518517584816,,,-0.05620972089686527,production_189C_16M,2100042,native_eligible,508.0,0.1587337476048604,0.23163131670851234,0.3779305392226795,-0.20712137213978896,0.06608433697015692,
514,1.0,1.0,0.843086072389648,,True,-0.10980163876789066,,,-0.061478120138046544,production_189C_16M,2100042,native_eligible,514.0,0.841583462799129,0.5891243672558772,0.2348880997194271,-0.2447970724290532,0.02519379489327185,
526,0.0,0.0,0.10152917974981396,,True,-0.0333714746205158,,,0.020299231269924375,production_189C_16M,2100042,native_eligible,526.0,0.042346788474242364,0.11028970130044835,0.11507498158103831,-0.12592041230037926,0.05917746305934766,
528,1.0,1.0,0.4977416098184984,,True,-0.05154854853338824,,,-0.3151680255715663,production_189C_16M,2100042,native_eligible,528.0,0.4062411854542049,0.5044248717814264,1.0938310632850876,-0.1880949983386312,0.08499790127185466,
532,1.0,0.0,0.6245694080965795,,True,-0.16060757097460687,,,-0.5334643262344162,production_189C_16M,2100042,native_eligible,532.0,0.5230767682790182,0.29181989868985814,-0.6984906067957268,-0.29386160679350704,-0.02735353515570671,
534,0.0,1.0,0.6780604532969082,,True,-0.010421156189202741,,,0.13543398492073888,production_189C_16M,2100042,native_eligible,534.0,0.36269303043286594,0.7257551995718217,-1.6165236757615757,-0.09860497124762875,0.07776265886922326,
535,0.0,0.0,0.6613810404542477,,True,0.004431249696898372,,,0.03704061610492676,production_189C_16M,2100042,native_eligible,535.0,0.45373637395159466,0.41182668096069897,1.2980518217461088,-0.08102776495612704,0.08989026434992377,
538,1.0,0.0,0.665348251047622,,True,-0.053407510172313155,,,-0.06212851278558973,production_189C_16M,2100042,native_eligible,538.0,0.480213592538757,0.5514707188637674,-0.757588095700374,-0.21735016937775845,0.11053514903313211,
539,0.0,1.0,0.3717068052280005,,True,-0.08967627743087513,,,-0.11126006308263126,production_189C_16M,2100042,native_eligible,539.0,0.29640190762183233,0.3227093276547636,-1.093548879912344,-0.18906501629921174,0.009712461437461475,
546,0.0,0.0,0.2828480244849467,,True,-0.09751461689173643,,,-0.06620608679353736,production_189C_16M,2100042,native_eligible,546.0,0.13386181609349404,0.04761344194579458,0.10040915544685472,-0.2853823770039895,0.09035314322051657,
549,1.0,0.0,0.8288814024149394,,True,-0.0478695581968669,,,-0.22605679180368443,production_189C_16M,2100042,native_eligible,549.0,0.6165336941019548,0.6685976942690085,-0.7545624874354603,-0.18006338871783237,0.08432427232409856,
550,0.0,0.0,0.19510893245956237,,True,-0.0783017222682824,,,-0.08381602753461014,production_189C_16M,2100042,native_eligible,550.0,0.07044483784642437,0.09635780933748149,0.11343393014908724,-0.1923178974582658,0.03571445292170097,
552,1.0,0.0,0.5434797101420065,,True,-0.16348136340096536,,,0.08753892270289004,production_189C_16M,2100042,native_eligible,552.0,0.2781385544604744,0.16202883013139976,-0.4142419767531128,-0.27511304140306414,-0.05184968539886664,
559,1.0,0.0,0.3150026421812423,,True,-0.1451455580989917,,,-0.36576085048430995,production_189C_16M,2100042,native_eligible,559.0,0.47656818944081397,0.29129129460069497,-1.1100034069215492,-0.2518030024841515,-0.03848811371383194,
560,1.0,1.0,0.8811227497695345,,True,-0.09642956020041059,,,-0.06469990771798673,production_189C_16M,2100042,native_eligible,560.0,0.6337781819755377,0.4095447192804437,0.44588347716827353,-0.1910446684404015,-0.0018144519604196968,
561,1.0,0.0,0.6604639872001546,,True,-0.060473191085192515,,,-0.14847635272894044,production_189C_16M,2100042,native_eligible,561.0,0.4903967070256075,0.4752187573526214,-0.734700537675359,-0.1391184325708631,0.018172050400478035,
563,0.0,0.0,0.2974283910573885,,True,-0.07479113742968979,,,0.08723419972137467,production_189C_16M,2100042,native_eligible,563.0,0.2162553259263757,0.34694608627864854,0.43849614726770136,-0.2384887950086993,0.08890652014931966,
568,1.0,1.0,0.8593905682620838,,True,-0.12916528067545555,,,-0.11006768648138565,production_189C_16M,2100042,native_eligible,568.0,0.7801353382402321,0.6281287823601043,0.28070847657818526,-0.24427033917786903,-0.014060222173042092,
569,0.0,1.0,0.553028204006383,,True,-0.05073417850425432,,,-0.03506472883281053,production_189C_16M,2100042,native_eligible,569.0,0.6606831942305311,0.5127484656364223,-0.9070806273082963,-0.14580115346520373,0.04433279645669507,
578,0.0,0.0,0.4971835570525107,,True,-0.1165384629140615,,,-0.1661069213092291,production_189C_16M,2100042,native_eligible,578.0,0.4805825212183716,0.19853162204410557,0.6737303366206826,-0.23053341546785686,-0.002543510360266163,
580,1.0,1.0,0.8997032491347503,,True,-0.06583914843654058,,,0.041240948763694774,production_189C_16M,2100042,native_eligible,580.0,0.5069286737154761,0.9007717434613617,0.5041330532866438,-0.2239319862602136,0.09225368938713242,
584,1.0,0.0,0.3532827057050765,,True,-0.03962918007748391,,,-0.18620539681394355,production_189C_16M,2100042,native_eligible,584.0,0.29972739868755166,0.49425706742814707,-1.2045115507884385,-0.22001446466714858,0.14075610451218074,
588,1.0,1.0,0.759956906756567,,True,-0.0267776507094849,,,0.05151712594740754,production_189C_16M,2100042,native_eligible,588.0,0.5998282433275446,0.7068773940630702,0.4927586604864834,-0.15712608513674628,0.10357078371777642,
594,0.0,1.0,0.43590444979293064,,True,-0.15572253526191396,,,-0.1845762402931477,production_189C_16M,2100042,native_eligible,594.0,0.3464728483188269,0.28930286426270324,-1.2157097942731607,-0.31779429578951046,0.006349225265682518,
599,0.0,1.0,0.5048358008073318,,True,-0.06146189265355081,,,-0.017020805613165407,production_189C_16M,2100042,native_eligible,599.0,0.32715287825177797,0.194124813104239,-1.4918644326499835,-0.16099278578237974,0.03806900047527811,
603,1.0,1.0,0.8966416880277465,,True,-0.1137579113892065,,,-0.4064471216929251,production_189C_16M,2100042,native_eligible,603.0,0.8247274700856947,0.43644868217783406,0.24023461420904713,-0.20051010072730385,-0.027005722051109182,
606,0.0,1.0,0.18248752287730916,,True,-0.07445629764818817,,,-0.0810499975355446,production_189C_16M,2100042,native_eligible,606.0,0.35626502642264,0.4456393905040396,-0.6980570104745503,-0.15577396594307813,0.006861370646701753,
607,0.0,0.0,0.23293563131751685,,True,-0.02333188085889652,,,-0.20262165996000597,production_189C_16M,2100042,native_eligible,607.0,0.41211590468749426,0.6418071546779853,0.7669550332051231,-0.201638036610627,0.1549742748928339,
609,0.0,1.0,0.26284358490807525,,True,-0.11767266297843504,,,-0.17815202596793825,production_189C_16M,2100042,native_eligible,609.0,0.36044876403423876,0.2859316861868087,-0.9421093864431682,-0.2415020666614736,0.006156740704603494,
614,1.0,1.0,0.5728457196351098,,True,-0.1186377512891227,,,0.13800989485438941,production_189C_16M,2100042,native_eligible,614.0,0.32089821819194225,0.13572822587489133,1.3235639381304543,-0.2421215221416077,0.0048460195633622805,
617,1.0,0.0,0.717937892072409,,True,-0.09235382726306154,,,-0.32977963417948597,production_189C_16M,2100042,native_eligible,617.0,0.8046733218804598,0.46483823090044607,-0.9872981041922541,-0.2657125536947381,0.08100489916861497,
621,1.0,1.0,0.7194912762194604,,True,-0.12446236862276791,,,-0.10300534475910206,production_189C_16M,2100042,native_eligible,621.0,0.6356082596584629,0.4607930497505432,0.5746128485985005,-0.3037439037831069,0.054819166537571046,
626,1.0,0.0,0.3741161985593069,,True,-0.15466559286923173,,,-0.14734105843629364,production_189C_16M,2100042,native_eligible,626.0,0.06750369725493231,0.03903657736627407,-0.1328105765916852,-0.31387524075673356,0.004544055018270071,
638,1.0,0.0,0.2698635255566812,,True,-0.12366162143342607,,,-0.028967779075204383,production_189C_16M,2100042,native_eligible,638.0,0.11903654961532546,0.06940965166190949,-0.3068296878403765,-0.20915399786924221,-0.038169244997609944,
648,1.0,1.0,0.4856425777554027,,True,-0.14792402746759498,,,0.22657797391420198,production_189C_16M,2100042,native_eligible,648.0,0.715620986616657,0.4598288448952389,0.8564891528911439,-0.22604713500913987,-0.06980091992605009,
651,1.0,0.0,0.8399045585002217,,True,-0.11673372855669853,,,0.14285091672279376,production_189C_16M,2100042,native_eligible,651.0,0.5073983721728478,0.15126167360777013,-0.5362305819437689,-0.2162923749057204,-0.01717508220767669,
656,0.0,0.0,0.3102452295851893,,True,0.002162795630934315,,,0.008071797181922913,production_189C_16M,2100042,native_eligible,656.0,0.3412051292959959,0.5774763921126581,0.7309472606220837,-0.1492676723593164,0.153593263621185,
662,0.0,0.0,0.796021678525125,,True,0.03305160252116666,,,0.12090442381375327,production_189C_16M,2100042,native_eligible,662.0,0.603750627728667,0.5788942100554652,2.935020020975862,-0.17494736547175682,0.2410505705140901,
663,1.0,1.0,0.6611959780134389,,True,-0.06228459369480576,,,-0.0006267839972746714,production_189C_16M,2100042,native_eligible,663.0,0.5635490536455565,0.6237970493941173,0.6292214364766535,-0.2639499601636759,0.13938077277406433,
676,1.0,0.0,0.5076521251405558,,True,-0.08184023687956919,,,0.288078314021742,production_189C_16M,2100042,native_eligible,676.0,0.5130942528665638,0.2370425866646032,-0.7429906878774283,-0.22293065543453872,0.05925018167540029,
680,1.0,0.0,0.814365313281024,,True,-0.07040166984627573,,,-0.21676132704337042,production_189C_16M,2100042,native_eligible,680.0,0.28737609466825015,0.17323382838171414,-0.326864770003899,-0.23840140506288438,0.09759806537033287,
684,0.0,0.0,0.47678596847590454,,True,-0.0681743801089199,,,-0.09365228131014089,production_189C_16M,2100042,native_eligible,684.0,0.07525373928976373,0.09431315676823952,0.16288915971714146,-0.1765358883335864,0.04018712811574661,
707,1.0,0.0,0.3770278451165394,,True,-0.09377636652498225,,,-0.18261274863827542,production_189C_16M,2100042,native_eligible,707.0,0.22017937453251216,0.07826244798000445,-0.3494942951572417,-0.2698558222221293,0.08230308917216472,
708,0.0,0.0,0.3700018688658759,,True,-0.11382750985246307,,,-0.3033594815556778,production_189C_16M,2100042,native_eligible,708.0,0.4360270532329129,0.17011021853644775,0.4261916521144021,-0.20349887352521961,-0.02415614617970656,
712,0.0,0.0,0.18179165970476213,,True,-0.020385695249755736,,,0.20262182932038472,production_189C_16M,2100042,native_eligible,712.0,0.3485754276781115,0.24535582259953842,0.3228032188299848,-0.1258420477346213,0.0850706572351098,
713,0.0,1.0,0.3020884902611134,,True,-0.04397021430942413,,,0.18351149860665072,production_189C_16M,2100042,native_eligible,713.0,0.7423689212002202,0.658342180523671,-0.4531725065862828,-0.2399434152157848,0.15200298659693648,
735,1.0,1.0,0.8693676395139803,,True,0.04180013859279226,,,0.2892291597635016,production_189C_16M,2100042,native_eligible,735.0,0.5845592701708947,0.5295854786037464,0.48612585375578854,-0.051627067782368835,0.13522734496795333,
739,0.0,1.0,0.14071677625198042,,True,0.0018460500705426946,,,0.04653584065128688,production_189C_16M,2100042,native_eligible,739.0,0.41456404962329907,0.3383766432639824,-0.7574947264570462,-0.26011826210279754,0.2638103622438828,
743,1.0,0.0,0.568977714745772,,True,-0.16350486946656695,,,-0.3588049137290085,production_189C_16M,2100042,native_eligible,743.0,0.7079089097100427,0.20858373971265898,-0.8659190352876217,-0.24741771333659118,-0.07959202559654274,
744,0.0,0.0,0.31184754546715604,,True,-0.027734496730285683,,,0.00043827428651807554,production_189C_16M,2100042,native_eligible,744.0,0.21061196514373906,0.16583973847102715,0.26128199685936015,-0.11352895716198683,0.05805996370141544,
752,1.0,0.0,0.4977416098184984,,True,-0.05154854853338824,,,-0.048624029853681416,production_189C_16M,2100042,native_eligible,752.0,0.4062411854542049,0.5044248717814264,-0.9152434851832436,-0.1880949983386312,0.08499790127185466,
760,1.0,1.0,0.692406335628685,,True,-0.14791662062986316,,,-0.1049719012824385,production_189C_16M,2100042,native_eligible,760.0,0.8504216001206358,0.4037842921018924,0.4144404684530171,-0.29785977130388414,0.0020265300441577594,
773,1.0,1.0,0.8692835421061869,,True,-0.07778652422336095,,,-0.05078761983714952,production_189C_16M,2100042,native_eligible,773.0,0.8439282558612524,0.880262563658666,0.17407697810176814,-0.2438122815141298,0.08823923306740787,
776,0.0,0.0,0.3168621649850765,,True,0.017694983835622333,,,0.11215936655437345,production_189C_16M,2100042,native_eligible,776.0,0.08025735149070425,0.41048375096792183,0.44770979356993534,-0.17175525213066523,0.20714521980190986,
779,0.0,0.0,0.2679093156148856,,True,-0.05927684685208297,,,0.2102850669914252,production_189C_16M,2100042,native_eligible,779.0,0.08324687392578212,0.14435321073719035,0.17481748722128057,-0.234812429421498,0.11625873571733199,
781,1.0,1.0,0.7124763823714944,,True,-0.08793859687248412,,,0.031273744586730046,production_189C_16M,2100042,native_eligible,781.0,0.653230631069435,0.5684789522681134,0.5209119732281796,-0.2149083701458448,0.03903117640087653,
798,1.0,1.0,0.5738280382772704,,True,-0.003372567338683174,,,-0.012829595656138837,production_189C_16M,2100042,native_eligible,798.0,0.46095050392149967,0.6899656127734846,0.7693065664762786,-0.1704862138572246,0.1637410791798582,
822,0.0,0.0,0.7852116852351514,,True,0.07371290067706474,,,0.15687867128973654,production_189C_16M,2100042,native_eligible,822.0,0.7051796696276489,0.8549330596284612,3.4328913502743186,-0.1360893749708707,0.2835151763250001,
827,0.0,1.0,0.20298206856941894,,True,-0.12699322735506186,,,-0.47170840662307595,production_189C_16M,2100042,native_eligible,827.0,0.5242892059437693,0.10834864527525576,-1.0128039125411235,-0.2100898408707766,-0.04389661383934715,
839,0.0,0.0,0.3459267656741221,,True,-0.15465778123495594,,,-0.082870305049013,production_189C_16M,2100042,native_eligible,839.0,0.1133646466488581,0.08696392637917823,0.14692030969984277,-0.27596539385512,-0.03335016861479194,
845,1.0,1.0,0.7529859679004913,,True,0.04975788707922562,,,-0.054967122143437575,production_189C_16M,2100042,native_eligible,845.0,0.5244563611479922,0.7724707399784841,0.5501837016611988,-0.13590058942827182,0.23541636358672305,
848,0.0,0.0,0.1749639197908613,,True,-0.04512176817280422,,,0.0857810802170664,production_189C_16M,2100042,native_eligible,848.0,0.2818343353833745,0.2046225235807358,0.26439062491980403,-0.1800612206141999,0.08981768426859141,
859,1.0,1.0,0.7373945455411194,,True,-0.026423268499573844,,,0.10091643251497262,production_189C_16M,2100042,native_eligible,859.0,0.6358205668837489,0.7457448830464631,0.45472632004376795,-0.20785153358267666,0.1550049965835289,
868,1.0,0.0,0.3159122574538403,,True,-0.06905298314620216,,,-0.03768758335333155,production_189C_16M,2100042,native_eligible,868.0,0.2818690234024054,0.18006004545095927,-0.6717775094107512,-0.18683809925483807,0.04873213296243374,
875,1.0,1.0,0.29545258998674867,,True,0.005141828558391154,,,0.2750351541256375,production_189C_16M,2100042,native_eligible,875.0,0.0797790185638954,0.6520218609164056,1.7500228005488543,-0.22252079239225253,0.23280444950903478,
892,0.0,0.0,0.27357765438948894,,True,-0.09759402251420335,,,-0.4218944972490402,production_189C_16M,2100042,native_eligible,892.0,0.16976147777879536,0.26353527697542245,0.32746908514783474,-0.1903787415458265,-0.004809303482580213,
893,0.0,1.0,0.42129548299625,,True,-0.06964818233248359,,,-0.13899119129057289,production_189C_16M,2100042,native_eligible,893.0,0.5583282137207654,0.26017006665443126,-1.0613659211580173,-0.17675950227049358,0.037463137605526386,
898,1.0,1.0,0.45929653428546496,,True,-0.06955292885057306,,,0.11489019733853345,production_189C_16M,2100042,native_eligible,898.0,0.3552714655745849,0.2947146030465132,1.4750205788534765,-0.20758011844337942,0.06847426074223324,
908,1.0,1.0,0.636625508000223,,True,-0.04898147041084811,,,0.2700079153490359,production_189C_16M,2100042,native_eligible,908.0,0.6297859664368327,0.5328035977251335,0.6368814121198769,-0.18296418948927962,0.08500124866758338,
913,0.0,0.0,0.5308310973701791,,True,0.015855078741233895,,,0.5763362625455206,production_189C_16M,2100042,native_eligible,913.0,0.11364248426741586,0.22967835933526815,0.35825671202106557,-0.07757185676764469,0.10928201425011244,
915,1.0,1.0,0.8986249317981637,,True,0.019664975739112207,,,-0.10460704553612188,production_189C_16M,2100042,native_eligible,915.0,0.7235519719705151,0.914716760234959,0.2860689432096976,-0.09903070364388027,0.13836065512210466,
929,1.0,0.0,0.691834970304069,,True,-0.03926282621323875,,,-0.2246108655442407,production_189C_16M,2100042,native_eligible,929.0,0.686422578769275,0.6757264289490346,-0.9874123580975489,-0.150007539430343,0.07148188700386547,
934,0.0,0.0,0.16601323370192786,,True,-0.11457575978271033,,,-0.17923562100166213,production_189C_16M,2100042,native_eligible,934.0,0.08307144657108569,0.15115421460548312,0.16769039962767313,-0.24633961302259055,0.01718809345716986,
955,1.0,1.0,0.8063026278441041,,True,-0.13843321416854845,,,-0.4074361291328243,production_189C_16M,2100042,native_eligible,955.0,0.7849398769881853,0.6111974246850524,0.30846182421588303,-0.2921556509739164,0.01528922263681945,
960,1.0,1.0,0.6172626909048147,,True,0.06568327273008358,,,0.30302428580824725,production_189C_16M,2100042,native_eligible,960.0,0.7910047302801388,0.8506416223766895,0.3016057974330671,-0.09636076963671879,0.22772731509688593,
961,0.0,1.0,0.6461268777651206,,True,-0.003592284915799981,,,-0.17386110854674186,production_189C_16M,2100042,native_eligible,961.0,0.3941809314419699,0.46218432616941435,-1.6439634953601394,-0.15429985569834756,0.14711528586674755,
967,0.0,0.0,0.7026413980310109,,True,-0.05571553835696774,,,0.11315424130412288,production_189C_16M,2100042,native_eligible,967.0,0.5004380186019796,0.4912493474360472,1.6737558116513804,-0.145085538612233,0.03365446189829749,
976,0.0,0.0,0.22027082721031438,,True,-0.1542822366972946,,,-0.10435438224184548,production_189C_16M,2100042,native_eligible,976.0,0.14760056689821816,0.04547490713802453,0.08717156297951538,-0.29973306031776104,-0.008831413076828193,
980,1.0,1.0,0.7866648679715428,,True,-0.06985852674684544,,,-0.1328309937568829,production_189C_16M,2100042,native_eligible,980.0,0.6503251054921231,0.4709186186460403,0.4931561289450916,-0.2113645737431652,0.07164752024947431,
986,1.0,0.0,0.7207856920055237,,True,-0.12687434376880857,,,-0.21930664730454208,production_189C_16M,2100042,native_eligible,986.0,0.5982136470548695,0.5038205634311207,-0.793381103251724,-0.27685964591094947,0.023110958373332297,
987,0.0,0.0,0.5670098268288295,,True,-0.11989616056328492,,,0.16537846499403014,production_189C_16M,2100042,native_eligible,987.0,0.5390382204000436,0.5500841740903227,1.2559661708217427,-0.24230455637281445,0.002512235246244568,
989,0.0,0.0,0.4451457975026464,,True,-0.031230617207583643,,,-0.22553091570484401,production_189C_16M,2100042,native_eligible,989.0,0.5106244545299412,0.30221137863673003,0.7118727437539358,-0.12260836794918256,0.060147133534015254,
5,1.0,1.0,0.7049033769359293,,True,-0.02217375101021301,,,0.29544125881310984,production_8C_8M,2100042,common_eligible,5.0,0.4577477575722447,0.4352715059531376,0.7786668731331414,-0.10527545185050108,0.060927949830075025,
12,0.0,1.0,0.3660922929086231,,True,-0.02333545455387332,,,-0.1020346687031714,production_8C_8M,2100042,common_eligible,12.0,0.3608896964626074,0.49644445300540857,-0.872652426281789,-0.1274472919938995,0.08077638288615285,
15,1.0,0.0,0.7241436317205655,,True,-0.051739717979663424,,,-0.003080297422145953,production_8C_8M,2100042,common_eligible,15.0,0.4887118481860549,0.482484648307281,-0.6725102785007557,-0.21115690442109195,0.10767746846176507,
30,0.0,0.0,0.6178174076986807,,True,-0.09410546604333758,,,-0.15824629257148742,production_8C_8M,2100042,common_eligible,30.0,0.6769774899748209,0.39306932769463865,1.4874375337610444,-0.21696973688810584,0.02875880480143063,
39,1.0,0.0,0.7614760690503459,,True,-0.1256417516543083,,,-0.0787740414269622,production_8C_8M,2100042,common_eligible,39.0,0.6844682556900342,0.44637275839521806,-0.8242895702771749,-0.25690637642816894,0.005622873119552341,
40,0.0,0.0,0.3206674108368576,,True,-0.02974682977492027,,,0.060474988513839145,production_8C_8M,2100042,common_eligible,40.0,0.42899505738096455,0.48546040348108965,0.6879602342070477,-0.19206547301209032,0.13257181346224972,
43,1.0,0.0,0.7344997888355581,,True,-0.06783326445119915,,,-0.19702180525731344,production_8C_8M,2100042,common_eligible,43.0,0.5832620089343742,0.3379575122156982,-0.7054237742905325,-0.19823235029548147,0.06256582139308313,
45,0.0,0.0,0.1774359315129401,,True,-0.013086457694347228,,,0.13139903885494988,production_8C_8M,2100042,common_eligible,45.0,0.6116697807157748,0.5111427793361984,0.6430865408953951,-0.1610831195991238,0.13491020421042932,
48,1.0,1.0,0.35576818964557794,,True,0.03807370737186952,,,-0.02351093248221392,production_8C_8M,2100042,common_eligible,48.0,0.8216619292076738,0.8304033089537193,0.48544698744873443,-0.060013151646623686,0.1361605663903627,
63,1.0,0.0,0.7080995651746871,,True,-0.034531286509530836,,,-0.08061850681857732,production_8C_8M,2100042,common_eligible,63.0,0.5058467378764631,0.3493278571966932,-0.6498504323105275,-0.1506038476713677,0.08154127465230601,
67,1.0,1.0,0.19759694512686618,,True,-0.15411531609438386,,,-0.4040936263411786,production_8C_8M,2100042,common_eligible,67.0,0.7167088972016145,0.23944081190346342,3.3717751658929194,-0.2497680467971369,-0.05846258539163085,
69,0.0,0.0,0.2706913213019591,,True,-0.08684241332560912,,,-0.2535047085663173,production_8C_8M,2100042,common_eligible,69.0,0.5234274493778296,0.28395279037704985,0.4782289206580422,-0.18637893690336177,0.012694110252143523,
72,1.0,0.0,0.6653901116439623,,True,-0.06502075505683569,,,0.03393963416448598,production_8C_8M,2100042,common_eligible,72.0,0.303890774563207,0.2424165221649102,-0.42579665202936123,-0.1800309608402088,0.049989450726537404,
93,0.0,1.0,0.15344195373039696,,True,-0.10246923525304642,,,-0.24763340158643393,production_8C_8M,2100042,common_eligible,93.0,0.44883891963303385,0.1629204343714579,-0.9369796650538924,-0.23301799918572752,0.02807952867963466,
115,0.0,0.0,0.1527465035794028,,True,-0.02098788472150145,,,-0.036066766855671034,production_8C_8M,2100042,common_eligible,115.0,0.1507405183657937,0.15491450389472886,0.18209065273966857,-0.10048518194483809,0.05850941250183517,
116,0.0,1.0,0.1450474277951525,,True,-0.12971411192139,,,-0.014342061446469406,production_8C_8M,2100042,common_eligible,116.0,0.7840143800692797,0.3882017825691593,-0.6484413712503558,-0.23779567959969866,-0.021632544243081364,
121,1.0,0.0,0.8498596305749954,,True,-0.1449434897955364,,,-0.578150415838105,production_8C_8M,2100042,common_eligible,121.0,0.7665955795574346,0.46510589604947233,-0.8487634676913485,-0.21864865537904327,-0.07123832421202952,
122,1.0,0.0,0.8538117495477364,,True,-0.09875708793864857,,,-0.1662835077113541,production_8C_8M,2100042,common_eligible,122.0,0.437458338029189,0.260490642812489,-0.48205911958567915,-0.2531971569059951,0.05568298102869795,
123,0.0,1.0,0.36347539233010207,,True,0.052511911338335895,,,0.03246765507545743,production_8C_8M,2100042,common_eligible,123.0,0.5587695561549901,0.5456562766680426,-0.7063000605294053,-0.06748236308374814,0.1725061857604199,
126,0.0,0.0,0.11129790418372751,,True,-0.1357496928194366,,,-0.3010231687743369,production_8C_8M,2100042,common_eligible,126.0,0.241716663901007,0.08703708485415372,0.11730882408500876,-0.23894742953550657,-0.03255195610336667,
130,0.0,0.0,0.1432623334927318,,True,-0.06123397454333709,,,0.006309753656425152,production_8C_8M,2100042,common_eligible,130.0,0.20094028885732124,0.26165313573438037,0.29525405676282357,-0.25183928510313897,0.12937133601646472,
137,0.0,0.0,0.20272530612890216,,True,-0.1276572990901481,,,-0.035394603233024145,production_8C_8M,2100042,common_eligible,137.0,0.26887260296631194,0.17227287934603275,0.24063988154117955,-0.2127572018942976,-0.04255739628599865,
145,1.0,0.0,0.1715948975885384,,True,0.021430397133384505,,,-0.33769143797714973,production_8C_8M,2100042,common_eligible,145.0,0.24232659898280243,0.1705337962412169,-1.065609044586574,-0.13966433154174104,0.18252512580851002,
151,0.0,1.0,0.4911043898870103,,True,0.0526470658630679,,,-0.31487008056515453,production_8C_8M,2100042,common_eligible,151.0,0.34673582275231674,0.6223216033433785,-1.008104163408729,-0.06508498353751414,0.1703791152636499,
162,0.0,0.0,0.2711259384705573,,True,-0.09669239246923525,,,-0.1770906937214045,production_8C_8M,2100042,common_eligible,162.0,0.29669264324128225,0.11323989140684089,0.22360336238467798,-0.18990679890750733,-0.003477986030963165,
167,0.0,1.0,0.3599001033168796,,True,-0.07890883471083064,,,0.060419762402974864,production_8C_8M,2100042,common_eligible,167.0,0.45168859992590993,0.26783118844013404,-1.040460268188829,-0.17479191943133193,0.01697425000967065,
169,1.0,1.0,0.5084108367676153,,True,-0.11005482461668213,,,-0.059438745764093026,production_8C_8M,2100042,common_eligible,169.0,0.6812157822946527,0.4642079894277502,0.8368486000823883,-0.19437700502763527,-0.02573264420572899,
186,1.0,0.0,0.5189739152593302,,True,-0.033678992633372984,,,-0.34838730337294177,production_8C_8M,2100042,common_eligible,186.0,0.535875626160099,0.634780777267802,-1.1242406729952354,-0.1518587190474847,0.08450073378073872,
193,0.0,0.0,0.3940133561076004,,True,-0.09079609003816591,,,-0.07790570380726344,production_8C_8M,2100042,common_eligible,193.0,0.612982749700852,0.3482881154757939,0.7468503492807084,-0.27034736553930905,0.08875518546297717,
196,0.0,0.0,0.4137280999963203,,True,-0.026835060101352982,,,0.18500422317417548,production_8C_8M,2100042,common_eligible,196.0,0.43830236293618524,0.35059831128567126,0.6599053134468653,-0.11678646737759305,0.06311634717488707,
208,1.0,1.0,0.21054988523070622,,True,-0.02333545455387332,,,-0.38364186382161225,production_8C_8M,2100042,common_eligible,208.0,0.413470074795347,0.5053539219993589,2.4411897015322706,-0.1274472919938995,0.08077638288615285,
211,0.0,0.0,0.10761379867460914,,True,-0.07228006979488168,,,0.039362356322426656,production_8C_8M,2100042,common_eligible,211.0,0.3220050571693059,0.21880549540488092,0.2576364268367627,-0.21216202236394777,0.06760188277418437,
229,0.0,0.0,0.6123997907711622,,True,-0.10634133875278587,,,-0.0181111175885878,production_8C_8M,2100042,common_eligible,229.0,0.396332183460714,0.25514553047640626,0.8813416481465126,-0.17749099852962608,-0.035191678975945676,
241,1.0,0.0,0.1296880986249582,,True,-0.05933324772313793,,,-0.2359562924134932,production_8C_8M,2100042,common_eligible,241.0,0.3182639952116969,0.2099733584715303,-1.727354843076841,-0.21282357908517324,0.09415708363889734,
250,1.0,1.0,0.8940026001694079,,True,-0.08442261763711484,,,-0.14381661120733635,production_8C_8M,2100042,common_eligible,250.0,0.732464935215976,0.5832679134698054,0.31694489601919884,-0.2393703774319001,0.07052514215767039,
261,0.0,0.0,0.1992954062946387,,True,-0.026835060101352982,,,0.31285754382566056,production_8C_8M,2100042,common_eligible,261.0,0.4250806528045124,0.47127872842097945,0.5770813203814286,-0.11678646737759305,0.06311634717488707,
264,1.0,1.0,0.40925152186396824,,True,-0.11152514810578608,,,0.10130985419071503,production_8C_8M,2100042,common_eligible,264.0,0.7287618181676089,0.4192802341342337,1.109498517056616,-0.19664834899044292,-0.026401947221129235,
265,0.0,0.0,0.36864936903794254,,True,-0.13101098962608718,,,-0.19966649402570194,production_8C_8M,2100042,common_eligible,265.0,0.7703048583234294,0.31422249925876805,0.7640080638270246,-0.2163732582219097,-0.04564872103026468,
270,0.0,0.0,0.13803178822790207,,True,-0.12555868902684253,,,-0.05981133747776573,production_8C_8M,2100042,common_eligible,270.0,0.11447942761519113,0.06806030966906375,0.08639254036298341,-0.19496758335307468,-0.056149794700610406,
271,1.0,0.0,0.8461219175603756,,True,-0.12585853912548717,,,-0.027407061388611043,production_8C_8M,2100042,common_eligible,271.0,0.8955158297287005,0.31727205379533896,-0.9532158068082145,-0.2038801261534422,-0.047836952097532165,
277,1.0,1.0,0.8920430862740399,,True,0.06572509129035675,,,0.19707323380293573,production_8C_8M,2100042,common_eligible,277.0,0.3469153534521184,0.37754965339022994,0.7284148849653131,-0.07697863387626383,0.2084288164569773,
282,0.0,0.0,0.5132663734490562,,True,-0.05751973148407209,,,0.2904593735133494,production_8C_8M,2100042,common_eligible,282.0,0.7881346672958255,0.5592449023705849,1.3903422426938914,-0.20006242332692842,0.08502296035878422,
284,0.0,1.0,0.1413193590669034,,True,-0.10847351187819636,,,0.18518688543613304,production_8C_8M,2100042,common_eligible,284.0,0.3815603494900618,0.1956682582932055,-0.9061128822908568,-0.18943550983276822,-0.02751151392362451,
288,1.0,0.0,0.7963067209464114,,True,-0.0009513122835424316,,,0.004640120746827181,production_8C_8M,2100042,common_eligible,288.0,0.5010791687213624,0.5067044897218205,-0.6306929171774159,-0.2227848466399244,0.2208822220728395,
318,0.0,0.0,0.48603437370148606,,True,0.09006332860510471,,,-0.20199985734703257,production_8C_8M,2100042,common_eligible,318.0,0.5671533980973832,0.543144541059314,1.0794762187673261,-0.09706609700858859,0.27719275421879797,
328,0.0,1.0,0.5302071603076796,,True,-0.051027050008233744,,,0.10327243996857394,production_8C_8M,2100042,common_eligible,328.0,0.536802850057398,0.507489355834461,-1.0152739236027502,-0.13873140714925034,0.036677307132782826,
334,0.0,0.0,0.1847227329454715,,True,-0.12808395218188362,,,-0.1484375342195409,production_8C_8M,2100042,common_eligible,334.0,0.49050327119926285,0.15291086560952202,0.2640474180881299,-0.20426248736177183,-0.05190541700199543,
339,0.0,1.0,0.6886037637743346,,True,-0.07920678246671213,,,-0.04096418254395162,production_8C_8M,2100042,common_eligible,339.0,0.41079311636002747,0.33646774118782086,-1.966470542954456,-0.20706974568524456,0.04865618075182028,
343,1.0,1.0,0.787448088848756,,True,0.02289966037473385,,,-0.252500407706424,production_8C_8M,2100042,common_eligible,343.0,0.4353786588646314,0.436983068744426,0.7165936761293338,-0.1300826911649264,0.17588201191439404,
346,0.0,0.0,0.36287324257238956,,True,-0.0850162321392737,,,0.021257549177203516,production_8C_8M,2100042,common_eligible,346.0,0.25473349457452865,0.09356345959889838,0.23864600100912609,-0.23427658300100673,0.0642441187224593,
349,0.0,1.0,0.7968499670192781,,True,-0.04924855342007182,,,0.03268878550218324,production_8C_8M,2100042,common_eligible,349.0,0.8543886570052986,0.42790747013124153,-1.143248695390875,-0.24974813518502087,0.1512510283448772,
354,1.0,0.0,0.7081407301623313,,True,-0.0044788752598180935,,,-0.14297135067526034,production_8C_8M,2100042,common_eligible,354.0,0.53789194536206,0.5054808581048952,-0.7462252156847456,-0.22079216976811977,0.2118344192484835,
357,1.0,1.0,0.5646118984792061,,True,-0.10348150430604443,,,0.1013446835796018,production_8C_8M,2100042,common_eligible,357.0,0.6463313336875526,0.38488467940537313,0.8280013758628686,-0.25782992899650625,0.05086692038441738,
360,1.0,0.0,0.24679796134664433,,True,-0.028604071169398382,,,-0.20995476861796994,production_8C_8M,2100042,common_eligible,360.0,0.22667781445137108,0.24228900813412269,-0.9661189908458454,-0.21240133912793635,0.15519319678913954,
361,0.0,0.0,0.21517215949574295,,True,-0.019226401959195255,,,-0.0406445885166562,production_8C_8M,2100042,common_eligible,361.0,0.38428505334666613,0.3600196955907329,0.4653771262565611,-0.19444686913587667,0.15599406521748613,
365,1.0,0.0,0.689668624347296,,True,-0.1394010796418086,,,-0.3344524588585174,production_8C_8M,2100042,common_eligible,365.0,0.6508660029283688,0.25839823646267884,-0.7671379012818527,-0.2453409545024455,-0.033461204781171705,
368,1.0,0.0,0.8349285473991095,,True,-0.08760580115602673,,,-0.05427466854280549,production_8C_8M,2100042,common_eligible,368.0,0.7607777553313172,0.5248965902769277,-0.8645536327907436,-0.2138829291694025,0.038671326857349,
370,1.0,0.0,0.1910535766860055,,True,-0.09212873827193872,,,-0.11224918810400103,production_8C_8M,2100042,common_eligible,370.0,0.37318937347239167,0.1566859763638165,-1.0366187756409972,-0.22444963344236007,0.04019215689848259,
380,0.0,1.0,0.6487322867967179,,True,-0.09581941446090257,,,-0.4595323870462047,production_8C_8M,2100042,common_eligible,380.0,0.2890415268765503,0.117040543674366,-2.1959799781404725,-0.21968608444933468,0.0280472555275295,
384,1.0,1.0,0.7777519280384277,,True,-0.05302709457582407,,,0.0703099140074529,production_8C_8M,2100042,common_eligible,384.0,0.7760739302291718,0.5814060661153564,0.3435422242113676,-0.21467315128049227,0.10861896212884409,
392,1.0,1.0,0.8601371060052582,,True,-0.04428494212812784,,,0.0859568948245617,production_8C_8M,2100042,common_eligible,392.0,0.697962323663898,0.7425036881925715,0.34390795388943335,-0.1964234857826547,0.107853601526399,
398,0.0,1.0,0.130371352517539,,True,-0.0635671195078266,,,-0.3498504475078327,production_8C_8M,2100042,common_eligible,398.0,0.3070635878304115,0.15577067216275198,-0.9481116660338196,-0.18598966901868091,0.05885543000302766,
422,1.0,1.0,0.447050638362522,,True,0.07633877527506185,,,0.04875396248008518,production_8C_8M,2100042,common_eligible,422.0,0.34267319051466616,0.5449617636866182,1.220155895719834,-0.017573374284126697,0.17025092483425036,
424,1.0,0.0,0.46140672496136204,,True,-0.0743017188771972,,,-0.411950972386599,production_8C_8M,2100042,common_eligible,424.0,0.8375167881564879,0.5529136377313645,-1.4829247348746462,-0.22891826616726424,0.08031482841286981,
431,1.0,1.0,0.13462612461560447,,True,-0.04724474219018066,,,-0.32665406706368566,production_8C_8M,2100042,common_eligible,431.0,0.542667840311007,0.23542704952687737,5.371990878820815,-0.2737651509695762,0.17927566658921482,
435,0.0,1.0,0.10700230496941246,,True,-0.0632742386102967,,,-0.10742312894197681,production_8C_8M,2100042,common_eligible,435.0,0.47109460663900415,0.26196585084782664,-0.8014095604385841,-0.15900565797775817,0.03245718075716475,
446,1.0,0.0,0.18909806637719978,,True,-0.02142029414089949,,,-0.06432527410523083,production_8C_8M,2100042,common_eligible,446.0,0.31367422598144734,0.07888864239047298,-0.6519693438580485,-0.2128273584104009,0.1699867701286019,
447,1.0,1.0,0.38951000036259925,,True,-0.04812733411361337,,,0.034144994760945346,production_8C_8M,2100042,common_eligible,447.0,0.2971469756143296,0.22073959911630378,1.9242098096031626,-0.23360248923179955,0.13734782100457277,
451,1.0,1.0,0.691977936290781,,True,0.04259389435922864,,,-0.17663563846118313,production_8C_8M,2100042,common_eligible,451.0,0.2332365116131931,0.1199840936350767,1.1584874167947736,-0.1834463973592266,0.26863418607768386,
460,1.0,0.0,0.4157105898451658,,True,-0.021590247263275294,,,-0.15089969081385596,production_8C_8M,2100042,common_eligible,460.0,0.439213440772679,0.40150236059242655,-1.003532905267674,-0.11168609711692486,0.06850560259037423,
462,0.0,0.0,0.3942365782423926,,True,0.014516456023721718,,,-0.02877369342676961,production_8C_8M,2100042,common_eligible,462.0,0.4395880229687884,0.5657854513725109,0.8518735045413915,-0.08853964820102546,0.11757256024846886,
465,0.0,1.0,0.12897870938624417,,True,-0.10634133875278587,,,-0.07352311822592295,production_8C_8M,2100042,common_eligible,465.0,0.37168038907360273,0.20150480778295254,-0.8915352285200062,-0.17749099852962608,-0.035191678975945676,
467,0.0,0.0,0.33698235021931916,,True,-0.060119386262202874,,,0.18109530692018136,production_8C_8M,2100042,common_eligible,467.0,0.7490283137633142,0.36296644319307136,0.7436641842505977,-0.22972058647378824,0.10948181394938247,
468,1.0,0.0,0.22816728781904116,,True,-0.09422578303946379,,,-0.36394341785118856,production_8C_8M,2100042,common_eligible,468.0,0.478082414222789,0.12827260131800788,-0.9119964547503927,-0.22791712414300058,0.039465558064072995,
474,0.0,0.0,0.3925101946204446,,True,0.050410034819597827,,,0.27024214191256124,production_8C_8M,2100042,common_eligible,474.0,0.3713395525367326,0.5616253367710761,0.8015545647939155,-0.04922185535453802,0.15004192499373364,
478,1.0,0.0,0.5579136547064254,,True,-0.09207459380323096,,,-0.14113139488284232,production_8C_8M,2100042,common_eligible,478.0,0.5462543883283524,0.33081395454166684,-0.808388736361824,-0.21229823524927321,0.028149047642811245,
481,0.0,1.0,0.32769348818344024,,True,-0.11194533678097264,,,0.24256774419822325,production_8C_8M,2100042,common_eligible,481.0,0.4463643112382794,0.25579048567849366,-1.0140608497532706,-0.18261675468681032,-0.041273918875135,
486,1.0,1.0,0.5045164925641301,,True,-0.1497080471392277,,,-0.6892153014395378,production_8C_8M,2100042,common_eligible,486.0,0.7277212302958671,0.08151895223313332,1.1743151109701264,-0.23663110436821355,-0.06278498991024185,
487,1.0,1.0,0.8985695115823384,,True,0.0013784313476204765,,,-0.028156691615068175,production_8C_8M,2100042,common_eligible,487.0,0.7778936083307639,0.8168032070246305,0.2427856379028629,-0.08008242655963416,0.08283928925487509,
498,0.0,0.0,0.21570020266315956,,True,-0.09261713932435786,,,-0.1062618189134249,production_8C_8M,2100042,common_eligible,498.0,0.3308169636611252,0.11108031037963521,0.20206246586203597,-0.22631641308835085,0.0410821344396351,
503,0.0,0.0,0.23172526005509939,,True,0.01900415485170837,,,-0.16728505428348134,production_8C_8M,2100042,common_eligible,503.0,0.25827400203384937,0.19196597119277073,0.2698659816643597,-0.15598472974017352,0.1939930394435902,
507,1.0,1.0,0.8706783113321515,,True,-0.025326728132752864,,,-0.030854928811506976,production_8C_8M,2100042,common_eligible,507.0,0.836219397172157,0.7472364703365143,0.20132352317429675,-0.23677032045402382,0.18611686418851806,
508,0.0,0.0,0.503368239410196,,True,-0.1065259552309977,,,-0.05620972089686527,production_8C_8M,2100042,common_eligible,508.0,0.5631553610708934,0.3838292104450296,0.9546233986379317,-0.25609837894761756,0.04304646848562216,
514,1.0,1.0,0.7447893901566865,,True,-0.09061884282768486,,,-0.061478120138046544,production_8C_8M,2100042,common_eligible,514.0,0.6770184447017797,0.3386926361949571,0.5495860932267922,-0.1864739213602679,0.005236235704898173,
528,1.0,1.0,0.7771454080206458,,True,0.02665764200693194,,,-0.3151680255715663,production_8C_8M,2100042,common_eligible,528.0,0.5249242020228106,0.42648710485837976,0.6395366323623659,-0.16019675713349682,0.21351204114736064,
532,1.0,0.0,0.558001553814855,,True,-0.0950806687945844,,,-0.5334643262344162,production_8C_8M,2100042,common_eligible,532.0,0.5861476058126057,0.20699326816522187,-0.7501089823971765,-0.24028801706198605,0.05012667947281721,
534,0.0,1.0,0.45724559043225943,,True,-0.02583093335364432,,,0.13543398492073888,production_8C_8M,2100042,common_eligible,534.0,0.4602978985325838,0.41963658799550685,-1.0350375734535675,-0.10839095154008316,0.0567290848327945,
535,0.0,0.0,0.6560989044889268,,True,-0.10957378326138009,,,0.03704061610492676,production_8C_8M,2100042,common_eligible,535.0,0.5573807572152678,0.41756673565247254,1.4809448666487746,-0.20474789760166495,-0.014399668921095274,
538,1.0,0.0,0.6988849248830186,,True,-0.019676843393604874,,,-0.06212851278558973,production_8C_8M,2100042,common_eligible,538.0,0.3455489403620092,0.42179225474514065,-0.5272784382369318,-0.1395614115651964,0.10020772477798663,
539,0.0,1.0,0.19369810812728125,,True,-0.1461438593117075,,,-0.11126006308263126,production_8C_8M,2100042,common_eligible,539.0,0.3246911128825196,0.09843732631128199,-1.0637922990370914,-0.21611884505633222,-0.0761688735670828,
546,0.0,0.0,0.18054913036416145,,True,-0.08441048490637862,,,-0.06620608679353736,production_8C_8M,2100042,common_eligible,546.0,0.19138945624781142,0.1505013651412992,0.19267009198854546,-0.2376223916437404,0.06880142183098314,
549,1.0,0.0,0.8255121800625127,,True,-0.05009134670415237,,,-0.22605679180368443,production_8C_8M,2100042,common_eligible,549.0,0.8334761585524294,0.6385554039707357,-0.968447080895111,-0.200747450726459,0.10056475731815422,
550,0.0,0.0,0.18796730122589664,,True,-0.09847829677360694,,,-0.08381602753461014,production_8C_8M,2100042,common_eligible,550.0,0.5105523014787442,0.19037514660298566,0.3085565183488625,-0.24394830181095611,0.0469917082637422,
552,1.0,0.0,0.635585406414489,,True,-0.1460759446425451,,,0.08753892270289004,production_8C_8M,2100042,common_eligible,552.0,0.7762332938748032,0.4467621085853305,-1.0323855443614307,-0.22232028789099845,-0.06983160139409181,
559,1.0,0.0,0.5398165303416042,,True,-0.11152514810578608,,,-0.36576085048430995,production_8C_8M,2100042,common_eligible,559.0,0.5295582318666742,0.30615255352196236,-0.7905475428745444,-0.19664834899044292,-0.026401947221129235,
561,1.0,0.0,0.6678832297774241,,True,-0.11152514810578608,,,-0.14847635272894044,production_8C_8M,2100042,common_eligible,561.0,0.8028647503829642,0.5582291534787168,-1.0804540882066116,-0.19664834899044292,-0.026401947221129235,
563,0.0,0.0,0.44197365051722065,,True,-0.0200448211882223,,,0.08723419972137467,production_8C_8M,2100042,common_eligible,563.0,0.5572424514601734,0.36995978128626794,0.8113125609951379,-0.22837938026933874,0.18828973789289413,
568,1.0,1.0,0.8094002290300463,,True,-0.13337878114835092,,,-0.11006768648138565,production_8C_8M,2100042,common_eligible,568.0,0.8045394139120279,0.31630696388240015,0.3564584848085191,-0.2105734422155618,-0.05618412008114007,
569,0.0,1.0,0.28726594125511973,,True,-0.04925243110013662,,,-0.03506472883281053,production_8C_8M,2100042,common_eligible,569.0,0.5891517455013637,0.4682414717405019,-0.6973500403999603,-0.23346945471838276,0.1349645925181095,
578,0.0,0.0,0.4433028636181259,,True,-0.06178355747877109,,,-0.1661069213092291,production_8C_8M,2100042,common_eligible,578.0,0.588499965517947,0.3431704025940325,0.8117981409165762,-0.15503892080543993,0.03147180584789772,
584,1.0,0.0,0.1772682377535935,,True,-0.057136612593911056,,,-0.18620539681394355,production_8C_8M,2100042,common_eligible,584.0,0.4079172717645591,0.251684851186714,-1.5760290766294565,-0.13613712194247793,0.02186389675465581,
588,1.0,1.0,0.5783008815309076,,True,-0.06543773157748357,,,0.05151712594740754,production_8C_8M,2100042,common_eligible,588.0,0.43654412824488825,0.4379469957877789,0.9733069786421609,-0.21841278194835473,0.08753731879338754,
594,0.0,1.0,0.38644412244604626,,True,-0.06449822864382161,,,-0.1845762402931477,production_8C_8M,2100042,common_eligible,594.0,0.3415694571814792,0.26363612668834757,-1.1510720076800696,-0.1845065306211286,0.055510073333485344,
599,0.0,1.0,0.5031424706704605,,True,-0.05933324772313793,,,-0.017020805613165407,production_8C_8M,2100042,common_eligible,599.0,0.3913320711743573,0.3296763061129668,-1.286690896655311,-0.21282357908517324,0.09415708363889734,
603,1.0,1.0,0.8908942800306692,,True,-0.12585853912548717,,,-0.4064471216929251,production_8C_8M,2100042,common_eligible,603.0,0.8246348764951608,0.22282824552345307,0.2705435141541457,-0.2038801261534422,-0.047836952097532165,
609,0.0,1.0,0.19016182536491383,,True,-0.10269907779289786,,,-0.17815202596793825,production_8C_8M,2100042,common_eligible,609.0,0.5744087599233809,0.2695586464481077,-0.8303763894728092,-0.24800342905880457,0.042605273473008826,
614,1.0,1.0,0.5602600952272403,,True,-0.13700253764049994,,,0.13800989485438941,production_8C_8M,2100042,common_eligible,614.0,0.5288015986273341,0.3340900512681548,0.9938613215719079,-0.22971989888623123,-0.04428517639476867,
617,1.0,0.0,0.6075425117801919,,True,-0.11070497638718964,,,-0.32977963417948597,production_8C_8M,2100042,common_eligible,617.0,0.816116285012124,0.5063589028357508,-1.1432116557745156,-0.2026727264887862,-0.018737226285593073,
621,1.0,1.0,0.536999872858566,,True,-0.10270201621268497,,,-0.10300534475910206,production_8C_8M,2100042,common_eligible,621.0,0.5304017772569084,0.251615376490043,1.1148538239991934,-0.2583928457545379,0.052988813329167925,
626,1.0,0.0,0.5292426494321685,,True,-0.10841289020513667,,,-0.14734105843629364,production_8C_8M,2100042,common_eligible,626.0,0.5048364549499774,0.2493938210841678,-0.7266703804424428,-0.26483785685515704,0.048012076444883645,
638,1.0,0.0,0.2689669459141727,,True,-0.09494657196660522,,,-0.028967779075204383,production_8C_8M,2100042,common_eligible,638.0,0.3429344404520234,0.12867457367023072,-0.6926627918434125,-0.2660291469877887,0.07613600305457821,
648,1.0,1.0,0.2603839241254155,,True,-0.11919446005189693,,,0.22657797391420198,production_8C_8M,2100042,common_eligible,648.0,0.617254966576449,0.2745977495774782,2.4432376989756706,-0.2040543762999371,-0.03433454380385677,
651,1.0,0.0,0.8852460530196238,,True,-0.05667362540915684,,,0.14285091672279376,production_8C_8M,2100042,common_eligible,651.0,0.799244359230146,0.5878212312331786,-0.8754432941734643,-0.17032213963951048,0.05697488882119678,
656,0.0,0.0,0.14471925204915292,,True,-0.054162727269874596,,,0.008071797181922913,production_8C_8M,2100042,common_eligible,656.0,0.5559656221190463,0.43731130170027965,0.531384422357889,-0.16832367662661643,0.059998222086867205,
662,0.0,0.0,0.6907482055083027,,True,0.07530876901662076,,,0.12090442381375327,production_8C_8M,2100042,common_eligible,662.0,0.7078198136117428,0.8305725984496606,2.411566709992833,-0.03590939177878667,0.18652692981202817,
663,1.0,1.0,0.4762141245797257,,True,-0.06865862234762404,,,-0.0006267839972746714,production_8C_8M,2100042,common_eligible,663.0,0.49530796638713076,0.37328577918530176,1.194012320106819,-0.18850378550820807,0.05118654081295994,
676,1.0,0.0,0.5375942468759062,,True,-0.08114290581524805,,,0.288078314021742,production_8C_8M,2100042,common_eligible,676.0,0.6085342091837105,0.41643437558433144,-0.9667256373618545,-0.2154607970438609,0.05317498541336477,
680,1.0,0.0,0.7942417357221919,,True,-0.0553466227249577,,,-0.21676132704337042,production_8C_8M,2100042,common_eligible,680.0,0.5801503594759694,0.5275474750891427,-0.7168181369502692,-0.16853144357634336,0.057838198126427945,
684,0.0,0.0,0.616242591753135,,True,-0.06737820646987955,,,-0.09365228131014089,production_8C_8M,2100042,common_eligible,684.0,0.2714657261195501,0.2884492768482896,0.7243724383066975,-0.15805627477195952,0.023299861832200397,
707,1.0,0.0,0.2538520424756198,,True,-0.1246315273739222,,,-0.18261274863827542,production_8C_8M,2100042,common_eligible,707.0,0.5896002918645536,0.09552475831179798,-0.8703764582182417,-0.2240255555861969,-0.02523749916164754,
708,0.0,0.0,0.2894426069413813,,True,-0.12557287101224385,,,-0.3033594815556778,production_8C_8M,2100042,common_eligible,708.0,0.568586986961578,0.23823612723183532,0.46984767808868155,-0.1993383873836292,-0.05180735464085853,
713,0.0,1.0,0.1320503419193261,,True,0.05204219387548688,,,0.18351149860665072,production_8C_8M,2100042,common_eligible,713.0,0.7034578262721656,0.7541269437247617,-0.29098914690295186,-0.042989286139246075,0.1470736738902198,
743,1.0,0.0,0.5398191604068451,,True,-0.13179569484564782,,,-0.3588049137290085,production_8C_8M,2100042,common_eligible,743.0,0.8249673773542775,0.22329092227417935,-1.0153166862010015,-0.2031399719115885,-0.06045141777970717,
744,0.0,0.0,0.22710535094388223,,True,0.004149853904804392,,,0.00043827428651807554,production_8C_8M,2100042,common_eligible,744.0,0.3450956679283809,0.2746100849170972,0.376012097299768,-0.1244179215660607,0.13271762937566944,
752,1.0,0.0,0.7584460325948613,,True,0.02665764200693194,,,-0.048624029853681416,production_8C_8M,2100042,common_eligible,752.0,0.5527684499574659,0.42648710485837976,-0.6885983545232703,-0.16019675713349682,0.21351204114736064,
760,1.0,1.0,0.52260469766482,,True,-0.1618400716367856,,,-0.1049719012824385,production_8C_8M,2100042,common_eligible,760.0,0.8771409838786969,0.3381681148876022,0.7274372648437015,-0.2516457215727889,-0.07203442170078232,
773,1.0,1.0,0.7696655344907813,,True,-0.005156664732212598,,,-0.05078761983714952,production_8C_8M,2100042,common_eligible,773.0,0.6780513889227028,0.696190880497301,0.4128682482724049,-0.08125133675323243,0.07093800728880721,
776,0.0,0.0,0.18904361793938207,,True,0.12222480527749592,,,0.11215936655437345,production_8C_8M,2100042,common_eligible,776.0,0.12648552511748332,0.48558018138138587,0.5150654679074179,-0.049934679899359305,0.2943842904543511,
779,0.0,0.0,0.22720576048476657,,True,-0.039125185386339884,,,0.2102850669914252,production_8C_8M,2100042,common_eligible,779.0,0.323908215035162,0.2374005074255336,0.3326313056914368,-0.1967205828204105,0.1184702120477307,
781,1.0,1.0,0.37381243428687494,,True,-0.01704502952571086,,,0.031273744586730046,production_8C_8M,2100042,common_eligible,781.0,0.6655436467043301,0.5691610395265648,1.05617124324551,-0.10300483949809228,0.06891478044667051,
798,1.0,1.0,0.49829542215763717,,True,-0.046326145624295795,,,-0.012829595656138837,production_8C_8M,2100042,common_eligible,798.0,0.42942364995587795,0.4423600046119408,1.1320315150600213,-0.21413986434979854,0.12148757310120689,
822,0.0,0.0,0.6984374918405072,,True,0.05212593031539203,,,0.15687867128973654,production_8C_8M,2100042,common_eligible,822.0,0.5211055052926254,0.6821451425258624,1.8890578463702261,-0.097086156450719,0.20133801708150303,
839,0.0,0.0,0.6716985134526892,,True,-0.10544385021886067,,,-0.082870305049013,production_8C_8M,2100042,common_eligible,839.0,0.38783677367437924,0.1540580894748186,0.9475646528446624,-0.24871923457691786,0.037831534139196474,
845,1.0,1.0,0.6617315680456017,,True,-0.01032410246807219,,,-0.054967122143437575,production_8C_8M,2100042,common_eligible,845.0,0.3166582849949827,0.4666492478171587,0.9559835706073416,-0.09040464710103582,0.06975644216489142,
859,1.0,1.0,0.6313146262329523,,True,-0.05433727368996904,,,0.10091643251497262,production_8C_8M,2100042,common_eligible,859.0,0.7928550455421512,0.5757380885901687,0.4549123193874516,-0.18914618961174287,0.08047164223180475,
868,1.0,0.0,0.23172526005509939,,True,-0.054876310608468044,,,-0.03768758335333155,production_8C_8M,2100042,common_eligible,868.0,0.4349362818086187,0.2868988543292419,-1.3861366069172307,-0.19884295171454952,0.08909033049761339,
875,1.0,1.0,0.25586019917603187,,True,0.021075066120095652,,,0.2750351541256375,production_8C_8M,2100042,common_eligible,875.0,0.35694571672943604,0.6166667765724269,1.7579346337480115,-0.06993507352101686,0.11208520576120815,
892,0.0,0.0,0.8434630540589367,,True,-0.06972299989737833,,,-0.4218944972490402,production_8C_8M,2100042,common_eligible,892.0,0.475923156655166,0.361030754897008,2.9254323841511876,-0.28349355054559267,0.14404755075083597,
893,0.0,1.0,0.2595299453916616,,True,-0.10757966934530243,,,-0.13899119129057289,production_8C_8M,2100042,common_eligible,893.0,0.42968541805205246,0.2191606290102885,-0.9807309282348036,-0.1737972020263632,-0.04136213666424167,
898,1.0,1.0,0.501282041039593,,True,-0.08788500981665391,,,0.11489019733853345,production_8C_8M,2100042,common_eligible,898.0,0.5235923119412709,0.3158250127718127,1.1570830868712993,-0.1769473546980541,0.0011773350647462516,
908,1.0,1.0,0.5109505020038081,,True,-0.04327378071048289,,,0.2700079153490359,production_8C_8M,2100042,common_eligible,908.0,0.5896541998151991,0.5795797732597991,0.812745445607222,-0.19461820696067433,0.10807064553970851,
913,0.0,0.0,0.6714136000367604,,True,0.0661859078949346,,,0.5763362625455206,production_8C_8M,2100042,common_eligible,913.0,0.35931264292907766,0.5115823691773611,1.2457801179421442,-0.11839747147644088,0.25076928726631004,
915,1.0,1.0,0.8682317744006631,,True,-0.0337272620863373,,,-0.10460704553612188,production_8C_8M,2100042,common_eligible,915.0,0.803773289789503,0.7589859318455692,0.232804496282781,-0.1908191002520271,0.12336457607935244,
929,1.0,0.0,0.6072448065988616,,True,0.079509676117094,,,-0.2246108655442407,production_8C_8M,2100042,common_eligible,929.0,0.3849545804751846,0.5649782946031615,-0.7503725419842292,-0.009655379417997365,0.16867473165218536,
934,0.0,0.0,0.10572384586857927,,True,-0.13967670279364056,,,-0.17923562100166213,production_8C_8M,2100042,common_eligible,934.0,0.3007442364536771,0.11263089914281953,0.1481857298892284,-0.2103325848424567,-0.06902082074482442,
955,1.0,1.0,0.7451661083216816,,True,-0.10634133875278587,,,-0.4074361291328243,production_8C_8M,2100042,common_eligible,955.0,0.7200918969891393,0.3972357351995584,0.48604303272428667,-0.17749099852962608,-0.035191678975945676,
960,1.0,1.0,0.37324859564711527,,True,0.01784833431586146,,,0.30302428580824725,production_8C_8M,2100042,common_eligible,960.0,0.46716997352403733,0.5016170439955271,1.3697044882265583,-0.06639007496718694,0.10208674359890983,
961,0.0,1.0,0.6730862251664484,,True,-0.023171998997971656,,,-0.17386110854674186,production_8C_8M,2100042,common_eligible,961.0,0.38215031718014536,0.33965944519307123,-1.9324377949469076,-0.10340744798844059,0.057063449992497274,
967,0.0,0.0,0.5346113855312963,,True,-0.10757966934530243,,,0.11315424130412288,production_8C_8M,2100042,common_eligible,967.0,0.5543950514278178,0.3427012319950771,0.9795580380299207,-0.1737972020263632,-0.04136213666424167,
976,0.0,0.0,0.19127033509917843,,True,-0.1618400716367856,,,-0.10435438224184548,production_8C_8M,2100042,common_eligible,976.0,0.442068010454626,0.09032567850203978,0.19487791661816328,-0.2516457215727889,-0.07203442170078232,
980,1.0,1.0,0.8005128710919075,,True,-0.1320321842594384,,,-0.1328309937568829,production_8C_8M,2100042,common_eligible,980.0,0.7845672331441701,0.502559639974317,0.33939448291065943,-0.2733584879347639,0.009294119415887037,
986,1.0,0.0,0.7652949826076981,,True,-0.05751973148407209,,,-0.21930664730454208,production_8C_8M,2100042,common_eligible,986.0,0.7238738810965775,0.5491688336571469,-0.8922961020493616,-0.20006242332692842,0.08502296035878422,
987,0.0,0.0,0.6906598450545076,,True,-0.07483201950555815,,,0.16537846499403014,production_8C_8M,2100042,common_eligible,987.0,0.4137155262485938,0.33752707288057854,1.2612244871585485,-0.2236931534852165,0.07402911447410018,
989,0.0,0.0,0.3324350578420281,,True,0.04496169384121512,,,-0.22553091570484401,production_8C_8M,2100042,common_eligible,989.0,0.3334584200214424,0.23360246440709903,0.3996586218640724,-0.1658314776743318,0.255754865356762,
5,1.0,1.0,0.6888429079206844,,True,0.023313447471026445,,,0.29544125881310984,production_189C_16M,2100042,common_eligible,5.0,0.43699417705911736,0.6052596433798898,0.7413139104307057,-0.16777491560191798,0.21440181054397087,
12,0.0,1.0,0.4555099905752087,,True,-0.021501736022831883,,,-0.1020346687031714,production_189C_16M,2100042,common_eligible,12.0,0.24702091830165532,0.6768927213503215,-0.953035263499359,-0.14280232032740067,0.09979884828173688,
15,1.0,0.0,0.5739156143217101,,True,-0.0652208930468465,,,-0.003080297422145953,production_189C_16M,2100042,common_eligible,15.0,0.13046634881915595,0.1743406843461793,-0.2598997385626426,-0.20229030498173378,0.07184851888804075,
30,0.0,0.0,0.6167789596155766,,True,-0.12842085351418925,,,-0.15824629257148742,production_189C_16M,2100042,common_eligible,30.0,0.16615957397581543,0.16920853509505324,0.43663573341424156,-0.24267090947687447,-0.014170797551504036,
39,1.0,0.0,0.5282969793648782,,True,-0.07956816024145291,,,-0.0787740414269622,production_189C_16M,2100042,common_eligible,39.0,0.3033211124563737,0.10945683923022827,-0.40105235778006043,-0.19275409209539532,0.03361777161248947,
40,0.0,0.0,0.33092338229154283,,True,-0.05524262851236866,,,0.060474988513839145,production_189C_16M,2100042,common_eligible,40.0,0.3716448228600635,0.4147210318343586,0.5985354987233859,-0.22085819867843687,0.11037294165369949,
43,1.0,0.0,0.7499100517415233,,True,-0.0800913381768707,,,-0.19702180525731344,production_189C_16M,2100042,common_eligible,43.0,0.4918085512489384,0.2392998723452813,-0.571613445921452,-0.1738219353793435,0.01363925902560209,
45,0.0,0.0,0.27332329498748414,,True,-0.08722107238717605,,,0.13139903885494988,production_189C_16M,2100042,common_eligible,45.0,0.4055059458486812,0.3654864028507682,0.5180084535672129,-0.2105239207114524,0.03608177593710027,
48,1.0,1.0,0.4799245881793292,,True,-0.071566199035169,,,-0.02351093248221392,production_189C_16M,2100042,common_eligible,48.0,0.5790620517284546,0.5641893264156257,0.8932088448307053,-0.17623013683454403,0.03309773876420599,
63,1.0,0.0,0.5622680303294618,,True,-0.05357466606426937,,,-0.08061850681857732,production_189C_16M,2100042,common_eligible,63.0,0.268588944891946,0.2159726439772507,-0.43672607121534923,-0.17312575101786484,0.0659764188893261,
67,1.0,1.0,0.29786360027698494,,True,-0.1427015261559622,,,-0.4040936263411786,production_189C_16M,2100042,common_eligible,67.0,0.537047565581503,0.19876863752871582,2.35164814503105,-0.3216145330052614,0.036211480693336934,
69,0.0,0.0,0.4831759230160343,,True,-0.15929920599566955,,,-0.2535047085663173,production_189C_16M,2100042,common_eligible,69.0,0.6236666574216633,0.2535821805031771,0.8366446311006288,-0.27977897600242646,-0.03881943598891266,
72,1.0,0.0,0.71646138813945,,True,-0.04522870573386099,,,0.03393963416448598,production_189C_16M,2100042,common_eligible,72.0,0.5481713372780633,0.5379778482647082,-0.7610753329906856,-0.13803515563966348,0.04757774417194149,
93,0.0,1.0,0.1948777864758479,,True,-0.13455245790873258,,,-0.24763340158643393,production_189C_16M,2100042,common_eligible,93.0,0.37928907344816115,0.1459636064801219,-1.004277896456831,-0.26452132069688716,-0.004583595120578016,
115,0.0,0.0,0.3323517282712486,,True,-0.08353754328055436,,,-0.036066766855671034,production_189C_16M,2100042,common_eligible,115.0,0.12576733899207254,0.2145591337327655,0.27716544044252533,-0.16694547102206603,-0.0001296155390427267,
116,0.0,1.0,0.2514571714944329,,True,-0.1103291711655114,,,-0.014342061446469406,production_189C_16M,2100042,common_eligible,116.0,0.4160258491047233,0.2923667304994469,-0.9038070655987109,-0.21748085554170404,-0.003177486789318798,
121,1.0,0.0,0.839897775353946,,True,-0.11539855931087668,,,-0.578150415838105,production_189C_16M,2100042,common_eligible,121.0,0.5171300476682221,0.3010174588078971,-0.5745103220618967,-0.2023745998087775,-0.028422518812975875,
122,1.0,0.0,0.7252873966557368,,True,-0.1321445428036299,,,-0.1662835077113541,production_189C_16M,2100042,common_eligible,122.0,0.2918522391066807,0.1386755626419931,-0.34437752082158535,-0.25870775796973566,-0.005581327637524142,
123,0.0,1.0,0.4463624958895889,,True,0.011428101313222928,,,0.03246765507545743,production_189C_16M,2100042,common_eligible,123.0,0.5354031328855453,0.5137566869010839,-0.8608180405117729,-0.10622177642737654,0.12907797905382237,
126,0.0,0.0,0.20318848123782796,,True,-0.18156238775084832,,,-0.3010231687743369,production_189C_16M,2100042,common_eligible,126.0,0.24497065852054464,0.16503068989463135,0.2274986824883437,-0.2944472588570211,-0.06867751664467557,
130,0.0,0.0,0.20823427707608877,,True,-0.033240075893519974,,,0.006309753656425152,production_189C_16M,2100042,common_eligible,130.0,0.0552155672104727,0.12328712467809151,0.1378088113191333,-0.1353468939687566,0.06886674218171664,
137,0.0,0.0,0.18867972712031328,,True,-0.06418183382662875,,,-0.035394603233024145,production_189C_16M,2100042,common_eligible,137.0,0.11075004233841171,0.23729268586774213,0.2630485907372282,-0.18304779607259516,0.054684128419337646,
145,1.0,0.0,0.3203390685100596,,True,-0.033108224281006675,,,-0.33769143797714973,production_189C_16M,2100042,common_eligible,145.0,0.2339813046402772,0.3225126067134111,-0.9182538153758893,-0.18039930160777992,0.11418285304576653,
151,0.0,1.0,0.5588700460852095,,True,0.0006435927784189887,,,-0.31487008056515453,production_189C_16M,2100042,common_eligible,151.0,0.2631499193840017,0.441432815561561,-1.4920867399735367,-0.25922539382815246,0.26051257938499034,
162,0.0,0.0,0.5946045765665231,,True,-0.061653648286632085,,,-0.1770906937214045,production_189C_16M,2100042,common_eligible,162.0,0.5251960458889096,0.314987760507382,1.0853071929156548,-0.14275529635971662,0.01944799978645241,
167,0.0,1.0,0.591077812446843,,True,-0.038394851983928,,,0.060419762402974864,production_189C_16M,2100042,common_eligible,167.0,0.6770658835068206,0.7794222260660464,-0.6873638690671003,-0.16729884637497058,0.09050914240711452,
169,1.0,1.0,0.7044572522132421,,True,-0.05223292358885455,,,-0.059438745764093026,production_189C_16M,2100042,common_eligible,169.0,0.8085044904050129,0.83550593000267,0.26050612633418735,-0.1464671237838629,0.04200127660615377,
186,1.0,0.0,0.6214045214338907,,True,-0.03396546626023056,,,-0.34838730337294177,production_189C_16M,2100042,common_eligible,186.0,0.5057243504008702,0.6012945541272088,-0.8720676768924278,-0.16686992859519456,0.09893899607473339,
193,0.0,0.0,0.6074217274460321,,True,-0.08722657569295623,,,-0.07790570380726344,production_189C_16M,2100042,common_eligible,193.0,0.6566288869850165,0.3746459334953363,1.390623333947558,-0.20478792187428996,0.030334770488377447,
196,0.0,0.0,0.5535117382824412,,True,0.025253405577245067,,,0.18500422317417548,production_189C_16M,2100042,common_eligible,196.0,0.520817834484793,0.7172213903961263,1.3628795400308304,-0.12410743807493743,0.17461424922942753,
208,1.0,1.0,0.35467140082198473,,True,0.02813956720901502,,,-0.38364186382161225,production_189C_16M,2100042,common_eligible,208.0,0.5183363785252109,0.8209575400900114,0.8074333891507876,-0.11053853261428818,0.1668176670323182,
211,0.0,0.0,0.23702846239208153,,True,-0.031053652886526378,,,0.039362356322426656,production_189C_16M,2100042,common_eligible,211.0,0.16194675264063907,0.4056558204098955,0.45596698914385625,-0.12601233069911633,0.06390502492606356,
229,0.0,0.0,0.3394977187615838,,True,-0.08133372425005365,,,-0.0181111175885878,production_189C_16M,2100042,common_eligible,229.0,0.1561523573667378,0.12172119327578088,0.20198339767854698,-0.2536528190037247,0.09098537050361737,
241,1.0,0.0,0.31133716450021137,,True,-0.12458868000472959,,,-0.2359562924134932,production_189C_16M,2100042,common_eligible,241.0,0.2936001012234516,0.32498507053499115,-1.0124514485369005,-0.2732842492931472,0.02410688928368801,
250,1.0,1.0,0.8198052666700606,,True,-0.09714524235767061,,,-0.14381661120733635,production_189C_16M,2100042,common_eligible,250.0,0.6551541426800359,0.7296263160486465,0.40427449953513456,-0.19274316740117403,-0.0015473173141672264,
261,0.0,0.0,0.35753980453270195,,True,-0.009560941510896218,,,0.31285754382566056,production_189C_16M,2100042,common_eligible,261.0,0.2785988192206918,0.6589952073092201,0.8140400926888591,-0.19144499201924298,0.1723231089974505,
264,1.0,1.0,0.5577264707247881,,True,-0.07512394307089156,,,0.10130985419071503,production_189C_16M,2100042,common_eligible,264.0,0.6665464777032166,0.5574176838994969,0.684418472341546,-0.17800347568354702,0.027755589541763895,
265,0.0,0.0,0.4894535840263993,,True,-0.14166036687125347,,,-0.19966649402570194,production_189C_16M,2100042,common_eligible,265.0,0.5006139848059962,0.14893160696021945,0.6288631105626308,-0.2500550352671327,-0.03326569847537429,
270,0.0,0.0,0.41393476570015036,,True,-0.15728843561746542,,,-0.05981133747776573,production_189C_16M,2100042,common_eligible,270.0,0.1148700995275879,0.33706307509973593,0.4181952169690788,-0.24521072643610242,-0.06936614479882841,
271,1.0,0.0,0.7707584173609587,,True,-0.06617507927629712,,,-0.027407061388611043,production_189C_16M,2100042,common_eligible,271.0,0.7998676313445633,0.795862120980071,-1.0365756426571322,-0.13705371376871822,0.004703555216123964,
277,1.0,1.0,0.8900167605613836,,True,0.004144407775446694,,,0.19707323380293573,production_189C_16M,2100042,common_eligible,277.0,0.6576842784313262,0.555041619585739,0.39730116258716963,-0.0934086854251981,0.10169750097609148,
282,0.0,0.0,0.6245541802214628,,True,-0.03866897811040939,,,0.2904593735133494,production_189C_16M,2100042,common_eligible,282.0,0.7574877452705053,0.6585424184141007,1.9186234017482229,-0.21550950084035048,0.13817154461953166,
284,0.0,1.0,0.16600055712416817,,True,-0.015879367337107323,,,0.18518688543613304,production_189C_16M,2100042,common_eligible,284.0,0.26498765127645074,0.5106804072998317,-0.6356176033565353,-0.10749528701861767,0.075736552344403,
288,1.0,0.0,0.7506277655281091,,True,-0.08251352752330414,,,0.004640120746827181,production_189C_16M,2100042,common_eligible,288.0,0.49042082542508364,0.5035044554687025,-0.6576941889922365,-0.19787363852358422,0.032846583476975916,
318,0.0,0.0,0.6620889375925935,,True,-0.0844018339897729,,,-0.20199985734703257,production_189C_16M,2100042,common_eligible,318.0,0.6177708988002548,0.4862644728087786,1.69669918053416,-0.2414853032183999,0.07268163523885408,
328,0.0,1.0,0.45530493745300465,,True,0.003906700311360022,,,0.10327243996857394,production_189C_16M,2100042,common_eligible,328.0,0.23247920567265026,0.3763465495751734,-1.2652160994803137,-0.08672179299034462,0.09453519361306464,
334,0.0,0.0,0.39321898348527956,,True,-0.12861078016678662,,,-0.1484375342195409,production_189C_16M,2100042,common_eligible,334.0,0.5566262261903688,0.2324994625665003,0.5932160850162638,-0.273934010671551,0.01671245033797769,
339,0.0,1.0,0.7124040323095259,,True,-0.07892005338908528,,,-0.04096418254395162,production_189C_16M,2100042,common_eligible,339.0,0.5966154132283535,0.572560997398563,-1.4266630476927729,-0.17651447239828663,0.018674365620116054,
343,1.0,1.0,0.723941868261697,,True,-0.047297087101418944,,,-0.252500407706424,production_189C_16M,2100042,common_eligible,343.0,0.4265499375713729,0.284031250089037,0.8464678338113161,-0.18928941770801344,0.09469524350517552,
346,0.0,0.0,0.46966547388737484,,True,-0.08183975323581474,,,0.021257549177203516,production_189C_16M,2100042,common_eligible,346.0,0.3565057768765634,0.2807250397295689,0.59644737421088,-0.19884574481405093,0.03516623834242141,
349,0.0,1.0,0.8193402204937518,,True,-0.08714506561722711,,,0.03268878550218324,production_189C_16M,2100042,common_eligible,349.0,0.7570960355708786,0.31955563076880944,-1.7820785476747636,-0.20774243763011868,0.03345230639566442,
354,1.0,0.0,0.5852910889203498,,True,-0.010896159765837927,,,-0.14297135067526034,production_189C_16M,2100042,common_eligible,354.0,0.25277917669012223,0.5873389454012542,-0.6689390996633755,-0.15367654480637225,0.13188422527469634,
357,1.0,1.0,0.6144194034511296,,True,-0.09960109484503567,,,0.1013446835796018,production_189C_16M,2100042,common_eligible,357.0,0.2063502090409239,0.16381927095495594,1.3183973209310882,-0.26064376340957907,0.06144157371950772,
360,1.0,0.0,0.3865766579199204,,True,-0.04033569584905815,,,-0.20995476861796994,production_189C_16M,2100042,common_eligible,360.0,0.23088821075182098,0.2877461860085727,-0.6874864648780158,-0.1511916149004118,0.07052022320229548,
361,0.0,0.0,0.34845164804898915,,True,-0.09428186176323192,,,-0.0406445885166562,production_189C_16M,2100042,common_eligible,361.0,0.24140037377646498,0.215291687718608,0.3443939375058591,-0.2255193076918165,0.036955584165352634,
365,1.0,0.0,0.560935123331112,,True,-0.1274814162094858,,,-0.3344524588585174,production_189C_16M,2100042,common_eligible,365.0,0.22944909742202702,0.05745072706689556,-0.27441792776441715,-0.2895945983150615,0.03463176589608985,
368,1.0,0.0,0.7143540874732927,,True,-0.0589942066109348,,,-0.05427466854280549,production_189C_16M,2100042,common_eligible,368.0,0.3354298152467648,0.4405133347405736,-0.5115761209636176,-0.20891456917019455,0.09092615594832493,
370,1.0,0.0,0.1564647786101973,,True,-0.10009598742909374,,,-0.11224918810400103,production_189C_16M,2100042,common_eligible,370.0,0.026306841515846193,0.05088982445233996,-0.3006648134325691,-0.23153987114464408,0.03134789628645655,
380,0.0,1.0,0.6881981509560702,,True,-0.14832596792648195,,,-0.4595323870462047,production_189C_16M,2100042,common_eligible,380.0,0.36501910375935226,0.13196621498829042,-2.26954144131709,-0.22925662962469204,-0.06739530622827189,
384,1.0,1.0,0.6990770925814441,,True,-0.02722401985292317,,,0.0703099140074529,production_189C_16M,2100042,common_eligible,384.0,0.5977753393097551,0.6246897818516577,0.5637797212516578,-0.19816436501945422,0.14371632531360787,
392,1.0,1.0,0.8614449858240005,,True,-0.08764809977648572,,,0.0859568948245617,production_189C_16M,2100042,common_eligible,392.0,0.5818211611059491,0.6888604734426235,0.4682225935415227,-0.2110144082837045,0.035718208730733045,
398,0.0,1.0,0.3131607508660323,,True,-0.06892919623038364,,,-0.3498504475078327,production_189C_16M,2100042,common_eligible,398.0,0.33485519501973005,0.3321802678834462,-0.9710890150308646,-0.149419344419694,0.011560951958926702,
422,1.0,1.0,0.5508828176109196,,True,0.04552106816354385,,,0.04875396248008518,production_189C_16M,2100042,common_eligible,422.0,0.31864102879639317,0.6818870489663359,0.9407063091171695,-0.07610102055785264,0.1671431568849403,
424,1.0,0.0,0.7466109835887913,,True,-0.10660898675434743,,,-0.411950972386599,production_189C_16M,2100042,common_eligible,424.0,0.8796605989012212,0.6020384175395098,-1.0839837682829838,-0.18806737914677868,-0.02515059436191619,
431,1.0,1.0,0.3674722731125876,,True,-0.1288629016867522,,,-0.32665406706368566,production_189C_16M,2100042,common_eligible,431.0,0.5897121901989381,0.17217568658925994,1.8352166263036307,-0.22256250018160834,-0.03516330319189609,
435,0.0,1.0,0.41302370277667033,,True,-0.06780048005979775,,,-0.10742312894197681,production_189C_16M,2100042,common_eligible,435.0,0.9292717068106677,0.5356297449128721,-0.5141379572623613,-0.2214537749408263,0.08585281482123075,
446,1.0,0.0,0.20767700289576774,,True,-0.09890798147715513,,,-0.06432527410523083,production_189C_16M,2100042,common_eligible,446.0,0.2341095543481177,0.03245483244137395,-0.3579302458638325,-0.24227633607449298,0.044460373120182695,
447,1.0,1.0,0.4982389863696391,,True,-0.11259293493907713,,,0.034144994760945346,production_189C_16M,2100042,common_eligible,447.0,0.19847430208523242,0.4233556255647233,1.3822463435011665,-0.2872493921920995,0.06206352231394521,
451,1.0,1.0,0.8206682361055784,,True,-0.052073978830584455,,,-0.17663563846118313,production_189C_16M,2100042,common_eligible,451.0,0.40071931388015986,0.30300287102420115,0.7515879390016214,-0.1561508343551274,0.05200287669395848,
460,1.0,0.0,0.5182035749471302,,True,0.006947197410597511,,,-0.15089969081385596,production_189C_16M,2100042,common_eligible,460.0,0.5640906816776052,0.34700853727614317,-0.8867196267587514,-0.15539640454718726,0.16929079936838223,
462,0.0,0.0,0.5514406082505877,,True,-0.0022042065449972017,,,-0.02877369342676961,production_189C_16M,2100042,common_eligible,462.0,0.3287124013045629,0.5807318933526753,0.9848375031091718,-0.1738218118019619,0.16941339871196748,
465,0.0,1.0,0.361708783408197,,True,-0.12332641783527179,,,-0.07352311822592295,production_189C_16M,2100042,common_eligible,465.0,0.659955959805942,0.43078553961949784,-0.7619116382306859,-0.27914809923500766,0.032495263564464055,
467,0.0,0.0,0.3693607047623265,,True,-0.07375625886615211,,,0.18109530692018136,production_189C_16M,2100042,common_eligible,467.0,0.707935400528667,0.32097897600831604,0.7356114298374439,-0.23152749117605073,0.08401497344374648,
468,1.0,0.0,0.4448880946094457,,True,-0.08623330308244756,,,-0.36394341785118856,production_189C_16M,2100042,common_eligible,468.0,0.6231548365065902,0.2571049130668231,-0.943959101460204,-0.20460275838151148,0.03213615221661634,
474,0.0,0.0,0.4108234879924554,,True,0.028728278094135386,,,0.27024214191256124,production_189C_16M,2100042,common_eligible,474.0,0.2714611876846242,0.4034729635960534,0.5927585676659994,-0.12464371513820174,0.18210027132647247,
478,1.0,0.0,0.6225870999267122,,True,-0.08957285197087794,,,-0.14113139488284232,production_189C_16M,2100042,common_eligible,478.0,0.35069386002231934,0.033797581117353905,-0.3711819862723882,-0.27225083210188217,0.09310512816012623,
481,0.0,1.0,0.420213565981122,,True,-0.07126815826554048,,,0.24256774419822325,production_189C_16M,2100042,common_eligible,481.0,0.33959457955344047,0.23455066232198296,-1.2440933700943997,-0.2002667563151036,0.05773043978402262,
486,1.0,1.0,0.7385547122988297,,True,-0.18401997459762118,,,-0.6892153014395378,production_189C_16M,2100042,common_eligible,486.0,0.8215464096997189,0.18420174046413507,0.46724277154670635,-0.3098927350435009,-0.05814721415174148,
487,1.0,1.0,0.8957691408253676,,True,-0.021448949291941296,,,-0.028156691615068175,production_189C_16M,2100042,common_eligible,487.0,0.7915358888400815,0.7468849375100581,0.23791634302521636,-0.11628079888371994,0.07338290029983732,
498,0.0,0.0,0.30641748843266653,,True,-0.12087094801383952,,,-0.1062618189134249,production_189C_16M,2100042,common_eligible,498.0,0.42097201765816294,0.11582126492766688,0.3018022927072631,-0.2774260208283809,0.03568412480070182,
503,0.0,0.0,0.33964182522487846,,True,-0.03871628545299819,,,-0.16728505428348134,production_189C_16M,2100042,common_eligible,503.0,0.2760260137667328,0.2038559736552115,0.345824351887534,-0.13363141695623668,0.05619884605024026,
507,1.0,1.0,0.8859227434798067,,True,-0.10324673194482104,,,-0.030854928811506976,production_189C_16M,2100042,common_eligible,507.0,0.8866726388012552,0.8400551411156183,0.13392291631946687,-0.18912251130876,-0.017370952580882087,
508,0.0,0.0,0.47961773593549384,,True,-0.070518517584816,,,-0.05620972089686527,production_189C_16M,2100042,common_eligible,508.0,0.1587337476048604,0.23163131670851234,0.3779305392226795,-0.20712137213978896,0.06608433697015692,
514,1.0,1.0,0.843086072389648,,True,-0.10980163876789066,,,-0.061478120138046544,production_189C_16M,2100042,common_eligible,514.0,0.841583462799129,0.5891243672558772,0.2348880997194271,-0.2447970724290532,0.02519379489327185,
528,1.0,1.0,0.4977416098184984,,True,-0.05154854853338824,,,-0.3151680255715663,production_189C_16M,2100042,common_eligible,528.0,0.4062411854542049,0.5044248717814264,1.0938310632850876,-0.1880949983386312,0.08499790127185466,
532,1.0,0.0,0.6245694080965795,,True,-0.16060757097460687,,,-0.5334643262344162,production_189C_16M,2100042,common_eligible,532.0,0.5230767682790182,0.29181989868985814,-0.6984906067957268,-0.29386160679350704,-0.02735353515570671,
534,0.0,1.0,0.6780604532969082,,True,-0.010421156189202741,,,0.13543398492073888,production_189C_16M,2100042,common_eligible,534.0,0.36269303043286594,0.7257551995718217,-1.6165236757615757,-0.09860497124762875,0.07776265886922326,
535,0.0,0.0,0.6613810404542477,,True,0.004431249696898372,,,0.03704061610492676,production_189C_16M,2100042,common_eligible,535.0,0.45373637395159466,0.41182668096069897,1.2980518217461088,-0.08102776495612704,0.08989026434992377,
538,1.0,0.0,0.665348251047622,,True,-0.053407510172313155,,,-0.06212851278558973,production_189C_16M,2100042,common_eligible,538.0,0.480213592538757,0.5514707188637674,-0.757588095700374,-0.21735016937775845,0.11053514903313211,
539,0.0,1.0,0.3717068052280005,,True,-0.08967627743087513,,,-0.11126006308263126,production_189C_16M,2100042,common_eligible,539.0,0.29640190762183233,0.3227093276547636,-1.093548879912344,-0.18906501629921174,0.009712461437461475,
546,0.0,0.0,0.2828480244849467,,True,-0.09751461689173643,,,-0.06620608679353736,production_189C_16M,2100042,common_eligible,546.0,0.13386181609349404,0.04761344194579458,0.10040915544685472,-0.2853823770039895,0.09035314322051657,
549,1.0,0.0,0.8288814024149394,,True,-0.0478695581968669,,,-0.22605679180368443,production_189C_16M,2100042,common_eligible,549.0,0.6165336941019548,0.6685976942690085,-0.7545624874354603,-0.18006338871783237,0.08432427232409856,
550,0.0,0.0,0.19510893245956237,,True,-0.0783017222682824,,,-0.08381602753461014,production_189C_16M,2100042,common_eligible,550.0,0.07044483784642437,0.09635780933748149,0.11343393014908724,-0.1923178974582658,0.03571445292170097,
552,1.0,0.0,0.5434797101420065,,True,-0.16348136340096536,,,0.08753892270289004,production_189C_16M,2100042,common_eligible,552.0,0.2781385544604744,0.16202883013139976,-0.4142419767531128,-0.27511304140306414,-0.05184968539886664,
559,1.0,0.0,0.3150026421812423,,True,-0.1451455580989917,,,-0.36576085048430995,production_189C_16M,2100042,common_eligible,559.0,0.47656818944081397,0.29129129460069497,-1.1100034069215492,-0.2518030024841515,-0.03848811371383194,
561,1.0,0.0,0.6604639872001546,,True,-0.060473191085192515,,,-0.14847635272894044,production_189C_16M,2100042,common_eligible,561.0,0.4903967070256075,0.4752187573526214,-0.734700537675359,-0.1391184325708631,0.018172050400478035,
563,0.0,0.0,0.2974283910573885,,True,-0.07479113742968979,,,0.08723419972137467,production_189C_16M,2100042,common_eligible,563.0,0.2162553259263757,0.34694608627864854,0.43849614726770136,-0.2384887950086993,0.08890652014931966,
568,1.0,1.0,0.8593905682620838,,True,-0.12916528067545555,,,-0.11006768648138565,production_189C_16M,2100042,common_eligible,568.0,0.7801353382402321,0.6281287823601043,0.28070847657818526,-0.24427033917786903,-0.014060222173042092,
569,0.0,1.0,0.553028204006383,,True,-0.05073417850425432,,,-0.03506472883281053,production_189C_16M,2100042,common_eligible,569.0,0.6606831942305311,0.5127484656364223,-0.9070806273082963,-0.14580115346520373,0.04433279645669507,
578,0.0,0.0,0.4971835570525107,,True,-0.1165384629140615,,,-0.1661069213092291,production_189C_16M,2100042,common_eligible,578.0,0.4805825212183716,0.19853162204410557,0.6737303366206826,-0.23053341546785686,-0.002543510360266163,
584,1.0,0.0,0.3532827057050765,,True,-0.03962918007748391,,,-0.18620539681394355,production_189C_16M,2100042,common_eligible,584.0,0.29972739868755166,0.49425706742814707,-1.2045115507884385,-0.22001446466714858,0.14075610451218074,
588,1.0,1.0,0.759956906756567,,True,-0.0267776507094849,,,0.05151712594740754,production_189C_16M,2100042,common_eligible,588.0,0.5998282433275446,0.7068773940630702,0.4927586604864834,-0.15712608513674628,0.10357078371777642,
594,0.0,1.0,0.43590444979293064,,True,-0.15572253526191396,,,-0.1845762402931477,production_189C_16M,2100042,common_eligible,594.0,0.3464728483188269,0.28930286426270324,-1.2157097942731607,-0.31779429578951046,0.006349225265682518,
599,0.0,1.0,0.5048358008073318,,True,-0.06146189265355081,,,-0.017020805613165407,production_189C_16M,2100042,common_eligible,599.0,0.32715287825177797,0.194124813104239,-1.4918644326499835,-0.16099278578237974,0.03806900047527811,
603,1.0,1.0,0.8966416880277465,,True,-0.1137579113892065,,,-0.4064471216929251,production_189C_16M,2100042,common_eligible,603.0,0.8247274700856947,0.43644868217783406,0.24023461420904713,-0.20051010072730385,-0.027005722051109182,
609,0.0,1.0,0.26284358490807525,,True,-0.11767266297843504,,,-0.17815202596793825,production_189C_16M,2100042,common_eligible,609.0,0.36044876403423876,0.2859316861868087,-0.9421093864431682,-0.2415020666614736,0.006156740704603494,
614,1.0,1.0,0.5728457196351098,,True,-0.1186377512891227,,,0.13800989485438941,production_189C_16M,2100042,common_eligible,614.0,0.32089821819194225,0.13572822587489133,1.3235639381304543,-0.2421215221416077,0.0048460195633622805,
617,1.0,0.0,0.717937892072409,,True,-0.09235382726306154,,,-0.32977963417948597,production_189C_16M,2100042,common_eligible,617.0,0.8046733218804598,0.46483823090044607,-0.9872981041922541,-0.2657125536947381,0.08100489916861497,
621,1.0,1.0,0.7194912762194604,,True,-0.12446236862276791,,,-0.10300534475910206,production_189C_16M,2100042,common_eligible,621.0,0.6356082596584629,0.4607930497505432,0.5746128485985005,-0.3037439037831069,0.054819166537571046,
626,1.0,0.0,0.3741161985593069,,True,-0.15466559286923173,,,-0.14734105843629364,production_189C_16M,2100042,common_eligible,626.0,0.06750369725493231,0.03903657736627407,-0.1328105765916852,-0.31387524075673356,0.004544055018270071,
638,1.0,0.0,0.2698635255566812,,True,-0.12366162143342607,,,-0.028967779075204383,production_189C_16M,2100042,common_eligible,638.0,0.11903654961532546,0.06940965166190949,-0.3068296878403765,-0.20915399786924221,-0.038169244997609944,
648,1.0,1.0,0.4856425777554027,,True,-0.14792402746759498,,,0.22657797391420198,production_189C_16M,2100042,common_eligible,648.0,0.715620986616657,0.4598288448952389,0.8564891528911439,-0.22604713500913987,-0.06980091992605009,
651,1.0,0.0,0.8399045585002217,,True,-0.11673372855669853,,,0.14285091672279376,production_189C_16M,2100042,common_eligible,651.0,0.5073983721728478,0.15126167360777013,-0.5362305819437689,-0.2162923749057204,-0.01717508220767669,
656,0.0,0.0,0.3102452295851893,,True,0.002162795630934315,,,0.008071797181922913,production_189C_16M,2100042,common_eligible,656.0,0.3412051292959959,0.5774763921126581,0.7309472606220837,-0.1492676723593164,0.153593263621185,
662,0.0,0.0,0.796021678525125,,True,0.03305160252116666,,,0.12090442381375327,production_189C_16M,2100042,common_eligible,662.0,0.603750627728667,0.5788942100554652,2.935020020975862,-0.17494736547175682,0.2410505705140901,
663,1.0,1.0,0.6611959780134389,,True,-0.06228459369480576,,,-0.0006267839972746714,production_189C_16M,2100042,common_eligible,663.0,0.5635490536455565,0.6237970493941173,0.6292214364766535,-0.2639499601636759,0.13938077277406433,
676,1.0,0.0,0.5076521251405558,,True,-0.08184023687956919,,,0.288078314021742,production_189C_16M,2100042,common_eligible,676.0,0.5130942528665638,0.2370425866646032,-0.7429906878774283,-0.22293065543453872,0.05925018167540029,
680,1.0,0.0,0.814365313281024,,True,-0.07040166984627573,,,-0.21676132704337042,production_189C_16M,2100042,common_eligible,680.0,0.28737609466825015,0.17323382838171414,-0.326864770003899,-0.23840140506288438,0.09759806537033287,
684,0.0,0.0,0.47678596847590454,,True,-0.0681743801089199,,,-0.09365228131014089,production_189C_16M,2100042,common_eligible,684.0,0.07525373928976373,0.09431315676823952,0.16288915971714146,-0.1765358883335864,0.04018712811574661,
707,1.0,0.0,0.3770278451165394,,True,-0.09377636652498225,,,-0.18261274863827542,production_189C_16M,2100042,common_eligible,707.0,0.22017937453251216,0.07826244798000445,-0.3494942951572417,-0.2698558222221293,0.08230308917216472,
708,0.0,0.0,0.3700018688658759,,True,-0.11382750985246307,,,-0.3033594815556778,production_189C_16M,2100042,common_eligible,708.0,0.4360270532329129,0.17011021853644775,0.4261916521144021,-0.20349887352521961,-0.02415614617970656,
713,0.0,1.0,0.3020884902611134,,True,-0.04397021430942413,,,0.18351149860665072,production_189C_16M,2100042,common_eligible,713.0,0.7423689212002202,0.658342180523671,-0.4531725065862828,-0.2399434152157848,0.15200298659693648,
743,1.0,0.0,0.568977714745772,,True,-0.16350486946656695,,,-0.3588049137290085,production_189C_16M,2100042,common_eligible,743.0,0.7079089097100427,0.20858373971265898,-0.8659190352876217,-0.24741771333659118,-0.07959202559654274,
744,0.0,0.0,0.31184754546715604,,True,-0.027734496730285683,,,0.00043827428651807554,production_189C_16M,2100042,common_eligible,744.0,0.21061196514373906,0.16583973847102715,0.26128199685936015,-0.11352895716198683,0.05805996370141544,
752,1.0,0.0,0.4977416098184984,,True,-0.05154854853338824,,,-0.048624029853681416,production_189C_16M,2100042,common_eligible,752.0,0.4062411854542049,0.5044248717814264,-0.9152434851832436,-0.1880949983386312,0.08499790127185466,
760,1.0,1.0,0.692406335628685,,True,-0.14791662062986316,,,-0.1049719012824385,production_189C_16M,2100042,common_eligible,760.0,0.8504216001206358,0.4037842921018924,0.4144404684530171,-0.29785977130388414,0.0020265300441577594,
773,1.0,1.0,0.8692835421061869,,True,-0.07778652422336095,,,-0.05078761983714952,production_189C_16M,2100042,common_eligible,773.0,0.8439282558612524,0.880262563658666,0.17407697810176814,-0.2438122815141298,0.08823923306740787,
776,0.0,0.0,0.3168621649850765,,True,0.017694983835622333,,,0.11215936655437345,production_189C_16M,2100042,common_eligible,776.0,0.08025735149070425,0.41048375096792183,0.44770979356993534,-0.17175525213066523,0.20714521980190986,
779,0.0,0.0,0.2679093156148856,,True,-0.05927684685208297,,,0.2102850669914252,production_189C_16M,2100042,common_eligible,779.0,0.08324687392578212,0.14435321073719035,0.17481748722128057,-0.234812429421498,0.11625873571733199,
781,1.0,1.0,0.7124763823714944,,True,-0.08793859687248412,,,0.031273744586730046,production_189C_16M,2100042,common_eligible,781.0,0.653230631069435,0.5684789522681134,0.5209119732281796,-0.2149083701458448,0.03903117640087653,
798,1.0,1.0,0.5738280382772704,,True,-0.003372567338683174,,,-0.012829595656138837,production_189C_16M,2100042,common_eligible,798.0,0.46095050392149967,0.6899656127734846,0.7693065664762786,-0.1704862138572246,0.1637410791798582,
822,0.0,0.0,0.7852116852351514,,True,0.07371290067706474,,,0.15687867128973654,production_189C_16M,2100042,common_eligible,822.0,0.7051796696276489,0.8549330596284612,3.4328913502743186,-0.1360893749708707,0.2835151763250001,
839,0.0,0.0,0.3459267656741221,,True,-0.15465778123495594,,,-0.082870305049013,production_189C_16M,2100042,common_eligible,839.0,0.1133646466488581,0.08696392637917823,0.14692030969984277,-0.27596539385512,-0.03335016861479194,
845,1.0,1.0,0.7529859679004913,,True,0.04975788707922562,,,-0.054967122143437575,production_189C_16M,2100042,common_eligible,845.0,0.5244563611479922,0.7724707399784841,0.5501837016611988,-0.13590058942827182,0.23541636358672305,
859,1.0,1.0,0.7373945455411194,,True,-0.026423268499573844,,,0.10091643251497262,production_189C_16M,2100042,common_eligible,859.0,0.6358205668837489,0.7457448830464631,0.45472632004376795,-0.20785153358267666,0.1550049965835289,
868,1.0,0.0,0.3159122574538403,,True,-0.06905298314620216,,,-0.03768758335333155,production_189C_16M,2100042,common_eligible,868.0,0.2818690234024054,0.18006004545095927,-0.6717775094107512,-0.18683809925483807,0.04873213296243374,
875,1.0,1.0,0.29545258998674867,,True,0.005141828558391154,,,0.2750351541256375,production_189C_16M,2100042,common_eligible,875.0,0.0797790185638954,0.6520218609164056,1.7500228005488543,-0.22252079239225253,0.23280444950903478,
892,0.0,0.0,0.27357765438948894,,True,-0.09759402251420335,,,-0.4218944972490402,production_189C_16M,2100042,common_eligible,892.0,0.16976147777879536,0.26353527697542245,0.32746908514783474,-0.1903787415458265,-0.004809303482580213,
893,0.0,1.0,0.42129548299625,,True,-0.06964818233248359,,,-0.13899119129057289,production_189C_16M,2100042,common_eligible,893.0,0.5583282137207654,0.26017006665443126,-1.0613659211580173,-0.17675950227049358,0.037463137605526386,
898,1.0,1.0,0.45929653428546496,,True,-0.06955292885057306,,,0.11489019733853345,production_189C_16M,2100042,common_eligible,898.0,0.3552714655745849,0.2947146030465132,1.4750205788534765,-0.20758011844337942,0.06847426074223324,
908,1.0,1.0,0.636625508000223,,True,-0.04898147041084811,,,0.2700079153490359,production_189C_16M,2100042,common_eligible,908.0,0.6297859664368327,0.5328035977251335,0.6368814121198769,-0.18296418948927962,0.08500124866758338,
913,0.0,0.0,0.5308310973701791,,True,0.015855078741233895,,,0.5763362625455206,production_189C_16M,2100042,common_eligible,913.0,0.11364248426741586,0.22967835933526815,0.35825671202106557,-0.07757185676764469,0.10928201425011244,
915,1.0,1.0,0.8986249317981637,,True,0.019664975739112207,,,-0.10460704553612188,production_189C_16M,2100042,common_eligible,915.0,0.7235519719705151,0.914716760234959,0.2860689432096976,-0.09903070364388027,0.13836065512210466,
929,1.0,0.0,0.691834970304069,,True,-0.03926282621323875,,,-0.2246108655442407,production_189C_16M,2100042,common_eligible,929.0,0.686422578769275,0.6757264289490346,-0.9874123580975489,-0.150007539430343,0.07148188700386547,
934,0.0,0.0,0.16601323370192786,,True,-0.11457575978271033,,,-0.17923562100166213,production_189C_16M,2100042,common_eligible,934.0,0.08307144657108569,0.15115421460548312,0.16769039962767313,-0.24633961302259055,0.01718809345716986,
955,1.0,1.0,0.8063026278441041,,True,-0.13843321416854845,,,-0.4074361291328243,production_189C_16M,2100042,common_eligible,955.0,0.7849398769881853,0.6111974246850524,0.30846182421588303,-0.2921556509739164,0.01528922263681945,
960,1.0,1.0,0.6172626909048147,,True,0.06568327273008358,,,0.30302428580824725,production_189C_16M,2100042,common_eligible,960.0,0.7910047302801388,0.8506416223766895,0.3016057974330671,-0.09636076963671879,0.22772731509688593,
961,0.0,1.0,0.6461268777651206,,True,-0.003592284915799981,,,-0.17386110854674186,production_189C_16M,2100042,common_eligible,961.0,0.3941809314419699,0.46218432616941435,-1.6439634953601394,-0.15429985569834756,0.14711528586674755,
967,0.0,0.0,0.7026413980310109,,True,-0.05571553835696774,,,0.11315424130412288,production_189C_16M,2100042,common_eligible,967.0,0.5004380186019796,0.4912493474360472,1.6737558116513804,-0.145085538612233,0.03365446189829749,
976,0.0,0.0,0.22027082721031438,,True,-0.1542822366972946,,,-0.10435438224184548,production_189C_16M,2100042,common_eligible,976.0,0.14760056689821816,0.04547490713802453,0.08717156297951538,-0.29973306031776104,-0.008831413076828193,
980,1.0,1.0,0.7866648679715428,,True,-0.06985852674684544,,,-0.1328309937568829,production_189C_16M,2100042,common_eligible,980.0,0.6503251054921231,0.4709186186460403,0.4931561289450916,-0.2113645737431652,0.07164752024947431,
986,1.0,0.0,0.7207856920055237,,True,-0.12687434376880857,,,-0.21930664730454208,production_189C_16M,2100042,common_eligible,986.0,0.5982136470548695,0.5038205634311207,-0.793381103251724,-0.27685964591094947,0.023110958373332297,
987,0.0,0.0,0.5670098268288295,,True,-0.11989616056328492,,,0.16537846499403014,production_189C_16M,2100042,common_eligible,987.0,0.5390382204000436,0.5500841740903227,1.2559661708217427,-0.24230455637281445,0.002512235246244568,
989,0.0,0.0,0.4451457975026464,,True,-0.031230617207583643,,,-0.22553091570484401,production_189C_16M,2100042,common_eligible,989.0,0.5106244545299412,0.30221137863673003,0.7118727437539358,-0.12260836794918256,0.060147133534015254,
