block,feature_id,feature_name,encoded_term,coefficient
treatment,,treatment,treatment,0.0
main,outer_001_feature_001,absolute_lymphocyte_count,absolute_lymphocyte_count:value,-0.0018619334478044544
main,outer_001_feature_001,absolute_lymphocyte_count,absolute_lymphocyte_count:missing,0.0
main,outer_001_feature_002,absolute_neutrophil_count,absolute_neutrophil_count:value,-0.08643137130656633
main,outer_001_feature_002,absolute_neutrophil_count,absolute_neutrophil_count:missing,0.0
main,outer_001_feature_003,acetaminophen_administered,acetaminophen_administered:category=Yes,0.0
main,outer_001_feature_003,acetaminophen_administered,acetaminophen_administered:category=No,0.0
main,outer_001_feature_003,acetaminophen_administered,acetaminophen_administered:category=__missing__,0.0
main,outer_001_feature_004,actionable_molecular_alterations,actionable_molecular_alterations:category=Present,0.0
main,outer_001_feature_004,actionable_molecular_alterations,actionable_molecular_alterations:category=Absent,0.0
main,outer_001_feature_004,actionable_molecular_alterations,actionable_molecular_alterations:category=__missing__,0.0
main,outer_001_feature_005,acute_kidney_injury_history,acute_kidney_injury_history:category=Yes,0.0
main,outer_001_feature_005,acute_kidney_injury_history,acute_kidney_injury_history:category=No,0.0
main,outer_001_feature_005,acute_kidney_injury_history,acute_kidney_injury_history:category=__missing__,0.0
main,outer_001_feature_006,adjuvant_chemotherapy_administered,adjuvant_chemotherapy_administered:category=Yes,0.0
main,outer_001_feature_006,adjuvant_chemotherapy_administered,adjuvant_chemotherapy_administered:category=No,0.0
main,outer_001_feature_006,adjuvant_chemotherapy_administered,adjuvant_chemotherapy_administered:category=__missing__,0.0
main,outer_001_feature_007,adrenal_metastasis_presence,adrenal_metastasis_presence:category=Present,0.0
main,outer_001_feature_007,adrenal_metastasis_presence,adrenal_metastasis_presence:category=Absent,0.0
main,outer_001_feature_007,adrenal_metastasis_presence,adrenal_metastasis_presence:category=__missing__,0.0
main,outer_001_feature_008,adrenal_nodule_size,adrenal_nodule_size:value,-0.13491421212101476
main,outer_001_feature_008,adrenal_nodule_size,adrenal_nodule_size:missing,0.0
main,outer_001_feature_009,age,age:value,-0.4702921797512156
main,outer_001_feature_009,age,age:missing,0.0
main,outer_001_feature_010,airway_involvement,airway_involvement:category=Present,0.0
main,outer_001_feature_010,airway_involvement,airway_involvement:category=Absent,0.0
main,outer_001_feature_010,airway_involvement,airway_involvement:category=__missing__,0.0
main,outer_001_feature_011,albuterol_use,albuterol_use:category=Yes,0.0
main,outer_001_feature_011,albuterol_use,albuterol_use:category=No,0.0
main,outer_001_feature_011,albuterol_use,albuterol_use:category=__missing__,0.0
main,outer_001_feature_012,alcohol_use,alcohol_use:value,0.0
main,outer_001_feature_012,alcohol_use,alcohol_use:missing,0.0
main,outer_001_feature_013,alk_mutation_status,alk_mutation_status:category=Wild Type,0.0
main,outer_001_feature_013,alk_mutation_status,alk_mutation_status:category=Positive,0.0
main,outer_001_feature_013,alk_mutation_status,alk_mutation_status:category=__missing__,0.0
main,outer_001_feature_014,alk_rearrangement_status,alk_rearrangement_status:category=Positive,0.0
main,outer_001_feature_014,alk_rearrangement_status,alk_rearrangement_status:category=Negative,0.0
main,outer_001_feature_014,alk_rearrangement_status,alk_rearrangement_status:category=__missing__,0.0
main,outer_001_feature_015,alkaline_phosphatase_level,alkaline_phosphatase_level:value,0.0
main,outer_001_feature_015,alkaline_phosphatase_level,alkaline_phosphatase_level:missing,0.0
main,outer_001_feature_016,alt_level,alt_level:value,0.0
main,outer_001_feature_016,alt_level,alt_level:missing,0.0
main,outer_001_feature_017,ambulation_status,ambulation_status:category=Independent,0.10545527974431913
main,outer_001_feature_017,ambulation_status,ambulation_status:category=Assisted,0.0
main,outer_001_feature_017,ambulation_status,ambulation_status:category=Non-ambulatory,0.0
main,outer_001_feature_017,ambulation_status,ambulation_status:category=__missing__,0.0
main,outer_001_feature_018,anemia_type,anemia_type:category=microcytic,0.0
main,outer_001_feature_018,anemia_type,anemia_type:category=normocytic,0.0
main,outer_001_feature_018,anemia_type,anemia_type:category=macrocytic,0.0
main,outer_001_feature_018,anemia_type,anemia_type:category=__missing__,0.0
main,outer_001_feature_019,anticoagulant_use,anticoagulant_use:category=Yes,0.0
main,outer_001_feature_019,anticoagulant_use,anticoagulant_use:category=No,0.0
main,outer_001_feature_019,anticoagulant_use,anticoagulant_use:category=__missing__,0.0
main,outer_001_feature_020,antidiabetic_use,antidiabetic_use:category=Yes,0.0
main,outer_001_feature_020,antidiabetic_use,antidiabetic_use:category=No,0.0
main,outer_001_feature_020,antidiabetic_use,antidiabetic_use:category=__missing__,0.0
main,outer_001_feature_021,antihypertensive_use,antihypertensive_use:category=Yes,0.0
main,outer_001_feature_021,antihypertensive_use,antihypertensive_use:category=No,0.0
main,outer_001_feature_021,antihypertensive_use,antihypertensive_use:category=__missing__,0.0
main,outer_001_feature_022,anxiety_present,anxiety_present:category=Present,0.0
main,outer_001_feature_022,anxiety_present,anxiety_present:category=Absent,0.0
main,outer_001_feature_022,anxiety_present,anxiety_present:category=__missing__,0.0
main,outer_001_feature_023,appendectomy_history,appendectomy_history:category=Yes,0.0
main,outer_001_feature_023,appendectomy_history,appendectomy_history:category=No,0.0
main,outer_001_feature_023,appendectomy_history,appendectomy_history:category=__missing__,0.0
main,outer_001_feature_024,appetite_status,appetite_status:category=Normal,0.0
main,outer_001_feature_024,appetite_status,appetite_status:category=Decreased,0.0
main,outer_001_feature_024,appetite_status,appetite_status:category=__missing__,0.0
main,outer_001_feature_025,asbestos_exposure_history,asbestos_exposure_history:category=Yes,0.0
main,outer_001_feature_025,asbestos_exposure_history,asbestos_exposure_history:category=No,0.0
main,outer_001_feature_025,asbestos_exposure_history,asbestos_exposure_history:category=__missing__,0.0
main,outer_001_feature_026,ast_level,ast_level:value,-0.017740017124289503
main,outer_001_feature_026,ast_level,ast_level:missing,0.0
main,outer_001_feature_027,atorvastatin_dose,atorvastatin_dose:value,0.0
main,outer_001_feature_027,atorvastatin_dose,atorvastatin_dose:missing,0.0
main,outer_001_feature_028,atrial_fibrillation_presence,atrial_fibrillation_presence:category=Present,0.0
main,outer_001_feature_028,atrial_fibrillation_presence,atrial_fibrillation_presence:category=Absent,0.0
main,outer_001_feature_028,atrial_fibrillation_presence,atrial_fibrillation_presence:category=__missing__,0.0
main,outer_001_feature_029,audiogram_status,audiogram_status:category=Normal,0.0
main,outer_001_feature_029,audiogram_status,audiogram_status:category=Abnormal,0.0
main,outer_001_feature_029,audiogram_status,audiogram_status:category=__missing__,0.0
main,outer_001_feature_030,axial_structure_abnormality,axial_structure_abnormality:category=Present,-0.056218396518416563
main,outer_001_feature_030,axial_structure_abnormality,axial_structure_abnormality:category=Absent,0.018064080202059313
main,outer_001_feature_030,axial_structure_abnormality,axial_structure_abnormality:category=__missing__,0.0
main,outer_001_feature_031,azithromycin_use,azithromycin_use:category=Yes,0.0
main,outer_001_feature_031,azithromycin_use,azithromycin_use:category=No,0.0
main,outer_001_feature_031,azithromycin_use,azithromycin_use:category=__missing__,0.0
main,outer_001_feature_032,biomarker_egfr_status,biomarker_egfr_status:category=Wild type,0.0
main,outer_001_feature_032,biomarker_egfr_status,biomarker_egfr_status:category=Mutant,0.0
main,outer_001_feature_032,biomarker_egfr_status,biomarker_egfr_status:category=__missing__,0.0
main,outer_001_feature_033,biomarker_fgfr_status,biomarker_fgfr_status:value,0.0
main,outer_001_feature_033,biomarker_fgfr_status,biomarker_fgfr_status:missing,0.0
main,outer_001_feature_034,biopsy_method,biopsy_method:category=Bronchoscopic,0.0
main,outer_001_feature_034,biopsy_method,biopsy_method:category=Needle biopsy,0.0
main,outer_001_feature_034,biopsy_method,biopsy_method:category=__missing__,0.0
main,outer_001_feature_035,bisphosphonate_therapy_status,bisphosphonate_therapy_status:category=Yes,0.0
main,outer_001_feature_035,bisphosphonate_therapy_status,bisphosphonate_therapy_status:category=No,0.0
main,outer_001_feature_035,bisphosphonate_therapy_status,bisphosphonate_therapy_status:category=__missing__,0.0
main,outer_001_feature_036,blood_pressure,blood_pressure:value,-0.0469262806611252
main,outer_001_feature_036,blood_pressure,blood_pressure:missing,0.0
main,outer_001_feature_037,blood_urea_nitrogen,blood_urea_nitrogen:value,0.0
main,outer_001_feature_037,blood_urea_nitrogen,blood_urea_nitrogen:missing,0.0
main,outer_001_feature_038,bmi,bmi:value,0.0
main,outer_001_feature_038,bmi,bmi:missing,0.006180041154817587
main,outer_001_feature_039,body_temperature,body_temperature:value,0.0
main,outer_001_feature_039,body_temperature,body_temperature:missing,0.0
main,outer_001_feature_040,body_weight,body_weight:value,0.0
main,outer_001_feature_040,body_weight,body_weight:missing,0.0
main,outer_001_feature_041,bolus_dose_confirmed,bolus_dose_confirmed:category=Confirmed,0.0
main,outer_001_feature_041,bolus_dose_confirmed,bolus_dose_confirmed:category=Not Confirmed,0.0
main,outer_001_feature_041,bolus_dose_confirmed,bolus_dose_confirmed:category=__missing__,0.0
main,outer_001_feature_042,bone_lesion_characteristics,bone_lesion_characteristics:category=Lytic,0.0
main,outer_001_feature_042,bone_lesion_characteristics,bone_lesion_characteristics:category=Blastic,0.0
main,outer_001_feature_042,bone_lesion_characteristics,bone_lesion_characteristics:category=Mixed,0.0
main,outer_001_feature_042,bone_lesion_characteristics,bone_lesion_characteristics:category=__missing__,0.0
main,outer_001_feature_043,bone_metastasis_presence,bone_metastasis_presence:category=present,0.0
main,outer_001_feature_043,bone_metastasis_presence,bone_metastasis_presence:category=absent,0.0
main,outer_001_feature_043,bone_metastasis_presence,bone_metastasis_presence:category=__missing__,0.0
main,outer_001_feature_044,bone_pain_location,bone_pain_location:category=Thoracic spine,0.0
main,outer_001_feature_044,bone_pain_location,bone_pain_location:category=Lumbar spine,0.0
main,outer_001_feature_044,bone_pain_location,bone_pain_location:category=Femur,0.0
main,outer_001_feature_044,bone_pain_location,bone_pain_location:category=Pelvis,0.0
main,outer_001_feature_044,bone_pain_location,bone_pain_location:category=Cervical spine,0.0
main,outer_001_feature_044,bone_pain_location,bone_pain_location:category=Other,0.0
main,outer_001_feature_044,bone_pain_location,bone_pain_location:category=__missing__,0.0
main,outer_001_feature_045,bone_pain_status,bone_pain_status:category=Present,0.0
main,outer_001_feature_045,bone_pain_status,bone_pain_status:category=Absent,0.0
main,outer_001_feature_045,bone_pain_status,bone_pain_status:category=__missing__,0.0
main,outer_001_feature_046,booster_vaccination_indication,booster_vaccination_indication:category=Indicated,0.0
main,outer_001_feature_046,booster_vaccination_indication,booster_vaccination_indication:category=Not indicated,0.0
main,outer_001_feature_046,booster_vaccination_indication,booster_vaccination_indication:category=__missing__,0.0
main,outer_001_feature_047,braf_mutation_status,braf_mutation_status:category=Wild-type,0.0
main,outer_001_feature_047,braf_mutation_status,braf_mutation_status:category=Mutated,0.0
main,outer_001_feature_047,braf_mutation_status,braf_mutation_status:category=__missing__,0.0
main,outer_001_feature_048,brain_edema_status,brain_edema_status:category=Present,0.0
main,outer_001_feature_048,brain_edema_status,brain_edema_status:category=Absent,0.015726393618760385
main,outer_001_feature_048,brain_edema_status,brain_edema_status:category=__missing__,0.0
main,outer_001_feature_049,brain_lesion_count,brain_lesion_count:value,0.0
main,outer_001_feature_049,brain_lesion_count,brain_lesion_count:missing,0.0
main,outer_001_feature_050,brain_lesion_size,brain_lesion_size:value,-0.0570212114837592
main,outer_001_feature_050,brain_lesion_size,brain_lesion_size:missing,0.0
main,outer_001_feature_051,brain_metastases_location,brain_metastases_location:category=Frontal,0.0
main,outer_001_feature_051,brain_metastases_location,brain_metastases_location:category=Parietal,0.0
main,outer_001_feature_051,brain_metastases_location,brain_metastases_location:category=Temporal,0.0
main,outer_001_feature_051,brain_metastases_location,brain_metastases_location:category=Occipital,0.0
main,outer_001_feature_051,brain_metastases_location,brain_metastases_location:category=__missing__,0.0
main,outer_001_feature_052,brain_metastases_presence,brain_metastases_presence:category=present,0.0
main,outer_001_feature_052,brain_metastases_presence,brain_metastases_presence:category=absent,-0.09795618090109437
main,outer_001_feature_052,brain_metastases_presence,brain_metastases_presence:category=__missing__,0.0
main,outer_001_feature_053,brain_structure_enhancement,brain_structure_enhancement:category=Present,0.0
main,outer_001_feature_053,brain_structure_enhancement,brain_structure_enhancement:category=Absent,-0.02812622785872895
main,outer_001_feature_053,brain_structure_enhancement,brain_structure_enhancement:category=__missing__,0.0
main,outer_001_feature_054,brainstem_signal,brainstem_signal:category=Normal,0.0
main,outer_001_feature_054,brainstem_signal,brainstem_signal:category=Abnormal,0.0
main,outer_001_feature_054,brainstem_signal,brainstem_signal:category=__missing__,0.0
main,outer_001_feature_055,brainstem_size,brainstem_size:category=Normal,0.0
main,outer_001_feature_055,brainstem_size,brainstem_size:category=Abnormal,0.0
main,outer_001_feature_055,brainstem_size,brainstem_size:category=__missing__,0.0
main,outer_001_feature_056,calorie_intake,calorie_intake:category=low,0.0
main,outer_001_feature_056,calorie_intake,calorie_intake:category=adequate,0.0
main,outer_001_feature_056,calorie_intake,calorie_intake:category=high,0.0
main,outer_001_feature_056,calorie_intake,calorie_intake:category=__missing__,0.0
main,outer_001_feature_057,calvarium_lytic_sclerotic_lesions,calvarium_lytic_sclerotic_lesions:category=Present,0.0
main,outer_001_feature_057,calvarium_lytic_sclerotic_lesions,calvarium_lytic_sclerotic_lesions:category=Absent,0.07907063014001389
main,outer_001_feature_057,calvarium_lytic_sclerotic_lesions,calvarium_lytic_sclerotic_lesions:category=__missing__,0.0
main,outer_001_feature_058,cancer_diagnosis,cancer_diagnosis:category=Yes,0.0
main,outer_001_feature_058,cancer_diagnosis,cancer_diagnosis:category=No,0.0
main,outer_001_feature_058,cancer_diagnosis,cancer_diagnosis:category=__missing__,0.0
main,outer_001_feature_059,cancer_location,cancer_location:category=Lung,0.0
main,outer_001_feature_059,cancer_location,cancer_location:category=Upper Abdomen,0.0
main,outer_001_feature_059,cancer_location,cancer_location:category=Iliac Crest,0.0
main,outer_001_feature_059,cancer_location,cancer_location:category=Liver Segment VII,0.0
main,outer_001_feature_059,cancer_location,cancer_location:category=__missing__,0.0
main,outer_001_feature_060,cancer_related_fatigue_severity,cancer_related_fatigue_severity:category=0,0.0
main,outer_001_feature_060,cancer_related_fatigue_severity,cancer_related_fatigue_severity:category=1,0.0
main,outer_001_feature_060,cancer_related_fatigue_severity,cancer_related_fatigue_severity:category=2,-0.013653639418268387
main,outer_001_feature_060,cancer_related_fatigue_severity,cancer_related_fatigue_severity:category=3,0.0
main,outer_001_feature_060,cancer_related_fatigue_severity,cancer_related_fatigue_severity:category=4,0.0
main,outer_001_feature_060,cancer_related_fatigue_severity,cancer_related_fatigue_severity:category=__missing__,0.0
main,outer_001_feature_061,carboplatin_administered,carboplatin_administered:category=Yes,0.0
main,outer_001_feature_061,carboplatin_administered,carboplatin_administered:category=No,0.0
main,outer_001_feature_061,carboplatin_administered,carboplatin_administered:category=__missing__,0.0
main,outer_001_feature_062,cataracts,cataracts:category=Present,0.0
main,outer_001_feature_062,cataracts,cataracts:category=Absent,0.0
main,outer_001_feature_062,cataracts,cataracts:category=__missing__,0.0
main,outer_001_feature_063,cavernous_sinus_enhancement,cavernous_sinus_enhancement:category=Present,0.0
main,outer_001_feature_063,cavernous_sinus_enhancement,cavernous_sinus_enhancement:category=Absent,0.0
main,outer_001_feature_063,cavernous_sinus_enhancement,cavernous_sinus_enhancement:category=__missing__,0.0
main,outer_001_feature_064,cdkn2a_mutation_status,cdkn2a_mutation_status:category=homozygous deletion,0.0
main,outer_001_feature_064,cdkn2a_mutation_status,cdkn2a_mutation_status:category=wild-type,0.0
main,outer_001_feature_064,cdkn2a_mutation_status,cdkn2a_mutation_status:category=__missing__,0.0
main,outer_001_feature_065,cea_level,cea_level:value,0.0
main,outer_001_feature_065,cea_level,cea_level:missing,0.0
main,outer_001_feature_066,cefepime_use,cefepime_use:category=Yes,0.0
main,outer_001_feature_066,cefepime_use,cefepime_use:category=No,0.0
main,outer_001_feature_066,cefepime_use,cefepime_use:category=__missing__,0.0
main,outer_001_feature_067,cerebellar_hemisphere_signal,cerebellar_hemisphere_signal:category=Normal,0.0
main,outer_001_feature_067,cerebellar_hemisphere_signal,cerebellar_hemisphere_signal:category=Abnormal,0.0
main,outer_001_feature_067,cerebellar_hemisphere_signal,cerebellar_hemisphere_signal:category=__missing__,0.0
main,outer_001_feature_068,cerebellar_hemisphere_size,cerebellar_hemisphere_size:category=normal,0.0
main,outer_001_feature_068,cerebellar_hemisphere_size,cerebellar_hemisphere_size:category=enlarged,0.0
main,outer_001_feature_068,cerebellar_hemisphere_size,cerebellar_hemisphere_size:category=atrophic,0.0
main,outer_001_feature_068,cerebellar_hemisphere_size,cerebellar_hemisphere_size:category=small,0.0
main,outer_001_feature_068,cerebellar_hemisphere_size,cerebellar_hemisphere_size:category=__missing__,0.0
main,outer_001_feature_069,cerebellar_white_matter_lesion_presence,cerebellar_white_matter_lesion_presence:category=Present,0.0
main,outer_001_feature_069,cerebellar_white_matter_lesion_presence,cerebellar_white_matter_lesion_presence:category=Absent,0.0
main,outer_001_feature_069,cerebellar_white_matter_lesion_presence,cerebellar_white_matter_lesion_presence:category=__missing__,0.0
main,outer_001_feature_070,cerebral_gray_matter_signal_intensity,cerebral_gray_matter_signal_intensity:category=normal,0.0
main,outer_001_feature_070,cerebral_gray_matter_signal_intensity,cerebral_gray_matter_signal_intensity:category=increased,0.0
main,outer_001_feature_070,cerebral_gray_matter_signal_intensity,cerebral_gray_matter_signal_intensity:category=decreased,0.0
main,outer_001_feature_070,cerebral_gray_matter_signal_intensity,cerebral_gray_matter_signal_intensity:category=__missing__,0.0
main,outer_001_feature_071,cerebral_white_matter_signal_intensity,cerebral_white_matter_signal_intensity:category=Normal,0.0
main,outer_001_feature_071,cerebral_white_matter_signal_intensity,cerebral_white_matter_signal_intensity:category=Abnormal,0.0
main,outer_001_feature_071,cerebral_white_matter_signal_intensity,cerebral_white_matter_signal_intensity:category=__missing__,0.0
main,outer_001_feature_072,chemotherapy_cycle_count,chemotherapy_cycle_count:value,-0.0059392388536146125
main,outer_001_feature_072,chemotherapy_cycle_count,chemotherapy_cycle_count:missing,0.0
main,outer_001_feature_073,chemotherapy_regimen,chemotherapy_regimen:category=Pemetrexed,0.0
main,outer_001_feature_073,chemotherapy_regimen,chemotherapy_regimen:category=Cisplatin + Pemetrexed,0.0
main,outer_001_feature_073,chemotherapy_regimen,chemotherapy_regimen:category=Taxane-based,0.0
main,outer_001_feature_073,chemotherapy_regimen,chemotherapy_regimen:category=__missing__,0.0
main,outer_001_feature_074,cholecystectomy_history,cholecystectomy_history:category=Yes,0.0
main,outer_001_feature_074,cholecystectomy_history,cholecystectomy_history:category=No,0.0
main,outer_001_feature_074,cholecystectomy_history,cholecystectomy_history:category=__missing__,0.0
main,outer_001_feature_075,chronic_kidney_disease_stage,chronic_kidney_disease_stage:category=Stage 1,0.0
main,outer_001_feature_075,chronic_kidney_disease_stage,chronic_kidney_disease_stage:category=Stage 2,0.0
main,outer_001_feature_075,chronic_kidney_disease_stage,chronic_kidney_disease_stage:category=Stage 3,0.0
main,outer_001_feature_075,chronic_kidney_disease_stage,chronic_kidney_disease_stage:category=Stage 4,0.0
main,outer_001_feature_075,chronic_kidney_disease_stage,chronic_kidney_disease_stage:category=Stage 5,0.0
main,outer_001_feature_075,chronic_kidney_disease_stage,chronic_kidney_disease_stage:category=__missing__,0.0
main,outer_001_feature_076,ck5_6_expression,ck5_6_expression:category=Positive,0.0
main,outer_001_feature_076,ck5_6_expression,ck5_6_expression:category=Negative,0.0
main,outer_001_feature_076,ck5_6_expression,ck5_6_expression:category=__missing__,0.0
main,outer_001_feature_077,ck7_expression,ck7_expression:category=Positive,0.0
main,outer_001_feature_077,ck7_expression,ck7_expression:category=Negative,0.0
main,outer_001_feature_077,ck7_expression,ck7_expression:category=__missing__,0.0
main,outer_001_feature_078,clinical_decline,clinical_decline:category=Yes,0.0
main,outer_001_feature_078,clinical_decline,clinical_decline:category=No,0.0
main,outer_001_feature_078,clinical_decline,clinical_decline:category=__missing__,0.0
main,outer_001_feature_079,clinical_phenotype,clinical_phenotype:category=mild,0.0
main,outer_001_feature_079,clinical_phenotype,clinical_phenotype:category=intermediate,0.0
main,outer_001_feature_079,clinical_phenotype,clinical_phenotype:category=severe,0.0
main,outer_001_feature_079,clinical_phenotype,clinical_phenotype:category=__missing__,0.0
main,outer_001_feature_080,clinical_severity_score,clinical_severity_score:category=0,0.0
main,outer_001_feature_080,clinical_severity_score,clinical_severity_score:category=1,0.0
main,outer_001_feature_080,clinical_severity_score,clinical_severity_score:category=2,0.0
main,outer_001_feature_080,clinical_severity_score,clinical_severity_score:category=3,0.0
main,outer_001_feature_080,clinical_severity_score,clinical_severity_score:category=4,0.0
main,outer_001_feature_080,clinical_severity_score,clinical_severity_score:category=__missing__,0.0
main,outer_001_feature_081,community_acquired_pneumonia_presence,community_acquired_pneumonia_presence:category=Present,0.0
main,outer_001_feature_081,community_acquired_pneumonia_presence,community_acquired_pneumonia_presence:category=Absent,0.0
main,outer_001_feature_081,community_acquired_pneumonia_presence,community_acquired_pneumonia_presence:category=__missing__,0.0
main,outer_001_feature_082,comorbidities,comorbidities:value,0.0
main,outer_001_feature_082,comorbidities,comorbidities:missing,0.0
main,outer_001_feature_083,complete_blood_count_result,complete_blood_count_result:category=Normal,0.0
main,outer_001_feature_083,complete_blood_count_result,complete_blood_count_result:category=Abnormal,0.0
main,outer_001_feature_083,complete_blood_count_result,complete_blood_count_result:category=__missing__,0.0
main,outer_001_feature_084,comprehensive_metabolic_panel_result,comprehensive_metabolic_panel_result:category=Normal,0.0
main,outer_001_feature_084,comprehensive_metabolic_panel_result,comprehensive_metabolic_panel_result:category=Abnormal,0.0
main,outer_001_feature_084,comprehensive_metabolic_panel_result,comprehensive_metabolic_panel_result:category=__missing__,0.0
main,outer_001_feature_085,confusion_present,confusion_present:category=present,0.0
main,outer_001_feature_085,confusion_present,confusion_present:category=absent,0.0
main,outer_001_feature_085,confusion_present,confusion_present:category=__missing__,0.0
main,outer_001_feature_086,contrast_agent_concentration,contrast_agent_concentration:value,0.0
main,outer_001_feature_086,contrast_agent_concentration,contrast_agent_concentration:missing,0.0
main,outer_001_feature_087,copd_presence,copd_presence:category=Present,-0.08839761622929367
main,outer_001_feature_087,copd_presence,copd_presence:category=Absent,0.0
main,outer_001_feature_087,copd_presence,copd_presence:category=__missing__,0.0
main,outer_001_feature_088,copd_severity,copd_severity:category=Mild,0.0
main,outer_001_feature_088,copd_severity,copd_severity:category=Moderate,0.0
main,outer_001_feature_088,copd_severity,copd_severity:category=Severe,0.0
main,outer_001_feature_088,copd_severity,copd_severity:category=Very Severe,0.0
main,outer_001_feature_088,copd_severity,copd_severity:category=__missing__,0.14286838127984197
main,outer_001_feature_089,coronary_artery_disease,coronary_artery_disease:category=Present,0.0
main,outer_001_feature_089,coronary_artery_disease,coronary_artery_disease:category=Absent,0.0
main,outer_001_feature_089,coronary_artery_disease,coronary_artery_disease:category=__missing__,0.0
main,outer_001_feature_090,cough_presence,cough_presence:category=present,0.0
main,outer_001_feature_090,cough_presence,cough_presence:category=absent,0.0
main,outer_001_feature_090,cough_presence,cough_presence:category=__missing__,0.0
main,outer_001_feature_091,cough_productivity,cough_productivity:category=productive,0.0
main,outer_001_feature_091,cough_productivity,cough_productivity:category=non-productive,0.0
main,outer_001_feature_091,cough_productivity,cough_productivity:category=__missing__,0.0
main,outer_001_feature_092,cough_severity,cough_severity:category=1,0.0
main,outer_001_feature_092,cough_severity,cough_severity:category=2,0.0
main,outer_001_feature_092,cough_severity,cough_severity:category=3,0.0
main,outer_001_feature_092,cough_severity,cough_severity:category=4,0.0
main,outer_001_feature_092,cough_severity,cough_severity:category=__missing__,0.0
main,outer_001_feature_093,covid19_infection_status,covid19_infection_status:category=Positive,0.0
main,outer_001_feature_093,covid19_infection_status,covid19_infection_status:category=Negative,0.0
main,outer_001_feature_093,covid19_infection_status,covid19_infection_status:category=__missing__,0.0
main,outer_001_feature_094,cranial_nerve_ii_vi_status,cranial_nerve_ii_vi_status:category=unremarkable,0.0
main,outer_001_feature_094,cranial_nerve_ii_vi_status,cranial_nerve_ii_vi_status:category=abnormal,0.0
main,outer_001_feature_094,cranial_nerve_ii_vi_status,cranial_nerve_ii_vi_status:category=__missing__,0.0
main,outer_001_feature_095,creatinine_clearance,creatinine_clearance:value,0.0
main,outer_001_feature_095,creatinine_clearance,creatinine_clearance:missing,0.0
main,outer_001_feature_096,creatinine_level,creatinine_level:value,0.0
main,outer_001_feature_096,creatinine_level,creatinine_level:missing,0.0
main,outer_001_feature_097,crp_level,crp_level:value,-0.03814515187798026
main,outer_001_feature_097,crp_level,crp_level:missing,0.0
main,outer_001_feature_098,current_medications,current_medications:category=Yes,0.0
main,outer_001_feature_098,current_medications,current_medications:category=No,0.0
main,outer_001_feature_098,current_medications,current_medications:category=__missing__,0.0
main,outer_001_feature_099,deconditioning,deconditioning:category=mild,0.0
main,outer_001_feature_099,deconditioning,deconditioning:category=moderate,0.0
main,outer_001_feature_099,deconditioning,deconditioning:category=severe,0.0
main,outer_001_feature_099,deconditioning,deconditioning:category=__missing__,0.0
main,outer_001_feature_100,diastolic_blood_pressure,diastolic_blood_pressure:value,0.06788135601786317
main,outer_001_feature_100,diastolic_blood_pressure,diastolic_blood_pressure:missing,0.0
main,outer_001_feature_101,disease_recurrence,disease_recurrence:category=Present,0.0
main,outer_001_feature_101,disease_recurrence,disease_recurrence:category=Absent,0.0
main,outer_001_feature_101,disease_recurrence,disease_recurrence:category=__missing__,0.0
main,outer_001_feature_102,disease_status,disease_status:category=No Evidence of Disease,0.0
main,outer_001_feature_102,disease_status,disease_status:category=Active Disease,0.0
main,outer_001_feature_102,disease_status,disease_status:category=__missing__,0.0
main,outer_001_feature_103,dizziness_present,dizziness_present:category=Present,0.0
main,outer_001_feature_103,dizziness_present,dizziness_present:category=Absent,0.0
main,outer_001_feature_103,dizziness_present,dizziness_present:category=__missing__,0.0
main,outer_001_feature_104,dural_sinus_patency,dural_sinus_patency:category=Patent,0.0
main,outer_001_feature_104,dural_sinus_patency,dural_sinus_patency:category=Non-patent,0.0
main,outer_001_feature_104,dural_sinus_patency,dural_sinus_patency:category=__missing__,0.0
main,outer_001_feature_105,dysplasia_status,dysplasia_status:category=Present,0.0
main,outer_001_feature_105,dysplasia_status,dysplasia_status:category=Absent,0.0
main,outer_001_feature_105,dysplasia_status,dysplasia_status:category=__missing__,0.0
main,outer_001_feature_106,dyspnea,dyspnea:category=None,0.0
main,outer_001_feature_106,dyspnea,dyspnea:category=Mild,0.0
main,outer_001_feature_106,dyspnea,dyspnea:category=Moderate,0.0
main,outer_001_feature_106,dyspnea,dyspnea:category=Severe,0.0
main,outer_001_feature_106,dyspnea,dyspnea:category=Life-threatening,0.0
main,outer_001_feature_106,dyspnea,dyspnea:category=__missing__,0.0
main,outer_001_feature_107,dyspnea_on_exertion,dyspnea_on_exertion:category=Present,0.0
main,outer_001_feature_107,dyspnea_on_exertion,dyspnea_on_exertion:category=Absent,0.0
main,outer_001_feature_107,dyspnea_on_exertion,dyspnea_on_exertion:category=__missing__,0.0
main,outer_001_feature_108,dyspnea_severity,dyspnea_severity:category=0,0.0
main,outer_001_feature_108,dyspnea_severity,dyspnea_severity:category=1,0.0
main,outer_001_feature_108,dyspnea_severity,dyspnea_severity:category=2,0.07695680792094352
main,outer_001_feature_108,dyspnea_severity,dyspnea_severity:category=3,0.0
main,outer_001_feature_108,dyspnea_severity,dyspnea_severity:category=4,0.0
main,outer_001_feature_108,dyspnea_severity,dyspnea_severity:category=__missing__,0.0
main,outer_001_feature_109,ecog_performance_status,ecog_performance_status:category=0,0.41715388240645584
main,outer_001_feature_109,ecog_performance_status,ecog_performance_status:category=1,0.11828332446989415
main,outer_001_feature_109,ecog_performance_status,ecog_performance_status:category=2,-0.2882148503125914
main,outer_001_feature_109,ecog_performance_status,ecog_performance_status:category=3,-0.4283974766026068
main,outer_001_feature_109,ecog_performance_status,ecog_performance_status:category=4,0.0
main,outer_001_feature_109,ecog_performance_status,ecog_performance_status:category=5,0.0
main,outer_001_feature_109,ecog_performance_status,ecog_performance_status:category=__missing__,0.0
main,outer_001_feature_110,edema_presence,edema_presence:category=present,0.0
main,outer_001_feature_110,edema_presence,edema_presence:category=absent,0.0
main,outer_001_feature_110,edema_presence,edema_presence:category=__missing__,0.0
main,outer_001_feature_111,egfr_mutation_status,egfr_mutation_status:category=Wild-type,0.0
main,outer_001_feature_111,egfr_mutation_status,egfr_mutation_status:category=Mutant,0.0
main,outer_001_feature_111,egfr_mutation_status,egfr_mutation_status:category=__missing__,0.0
main,outer_001_feature_112,embolism_presence,embolism_presence:category=Present,0.0
main,outer_001_feature_112,embolism_presence,embolism_presence:category=Absent,0.0
main,outer_001_feature_112,embolism_presence,embolism_presence:category=__missing__,0.0
main,outer_001_feature_113,emphysema,emphysema:category=Present,0.0
main,outer_001_feature_113,emphysema,emphysema:category=Absent,0.0
main,outer_001_feature_113,emphysema,emphysema:category=__missing__,0.0
main,outer_001_feature_114,employment_status,employment_status:category=Employed,0.07137192478306031
main,outer_001_feature_114,employment_status,employment_status:category=Retired,-0.06226416957044516
main,outer_001_feature_114,employment_status,employment_status:category=Unemployed,0.0
main,outer_001_feature_114,employment_status,employment_status:category=Student,0.0
main,outer_001_feature_114,employment_status,employment_status:category=Disabled,0.0
main,outer_001_feature_114,employment_status,employment_status:category=__missing__,0.0
main,outer_001_feature_115,enzyme_elevation,enzyme_elevation:category=Present,0.0
main,outer_001_feature_115,enzyme_elevation,enzyme_elevation:category=Absent,0.0
main,outer_001_feature_115,enzyme_elevation,enzyme_elevation:category=__missing__,0.0
main,outer_001_feature_116,eortc_qlq_c30_cognitive_function,eortc_qlq_c30_cognitive_function:value,0.0
main,outer_001_feature_116,eortc_qlq_c30_cognitive_function,eortc_qlq_c30_cognitive_function:missing,0.0
main,outer_001_feature_117,eortc_qlq_c30_emotional_function,eortc_qlq_c30_emotional_function:value,0.0
main,outer_001_feature_117,eortc_qlq_c30_emotional_function,eortc_qlq_c30_emotional_function:missing,0.0
main,outer_001_feature_118,eortc_qlq_c30_global_health,eortc_qlq_c30_global_health:value,0.0
main,outer_001_feature_118,eortc_qlq_c30_global_health,eortc_qlq_c30_global_health:missing,0.0
main,outer_001_feature_119,eortc_qlq_c30_nausea,eortc_qlq_c30_nausea:value,0.0
main,outer_001_feature_119,eortc_qlq_c30_nausea,eortc_qlq_c30_nausea:missing,0.0
main,outer_001_feature_120,eortc_qlq_c30_physical_function,eortc_qlq_c30_physical_function:value,0.08745342321026064
main,outer_001_feature_120,eortc_qlq_c30_physical_function,eortc_qlq_c30_physical_function:missing,0.0
main,outer_001_feature_121,eortc_qlq_c30_social_function,eortc_qlq_c30_social_function:value,0.006868741862405378
main,outer_001_feature_121,eortc_qlq_c30_social_function,eortc_qlq_c30_social_function:missing,0.0
main,outer_001_feature_122,epidural_hemorrhage,epidural_hemorrhage:category=present,0.0
main,outer_001_feature_122,epidural_hemorrhage,epidural_hemorrhage:category=absent,0.0
main,outer_001_feature_122,epidural_hemorrhage,epidural_hemorrhage:category=__missing__,0.0
main,outer_001_feature_123,erythema_presence,erythema_presence:category=Present,0.0
main,outer_001_feature_123,erythema_presence,erythema_presence:category=Absent,0.0
main,outer_001_feature_123,erythema_presence,erythema_presence:category=__missing__,0.0
main,outer_001_feature_124,esophagitis,esophagitis:category=Present,0.0
main,outer_001_feature_124,esophagitis,esophagitis:category=Absent,0.0
main,outer_001_feature_124,esophagitis,esophagitis:category=__missing__,0.0
main,outer_001_feature_125,estimated_glomerular_filtration_rate,estimated_glomerular_filtration_rate:value,0.0
main,outer_001_feature_125,estimated_glomerular_filtration_rate,estimated_glomerular_filtration_rate:missing,0.0
main,outer_001_feature_126,exercise_duration,exercise_duration:value,0.007914899317738654
main,outer_001_feature_126,exercise_duration,exercise_duration:missing,0.0
main,outer_001_feature_127,extra_axial_fluid_collection,extra_axial_fluid_collection:category=Present,0.0
main,outer_001_feature_127,extra_axial_fluid_collection,extra_axial_fluid_collection:category=Absent,0.0
main,outer_001_feature_127,extra_axial_fluid_collection,extra_axial_fluid_collection:category=__missing__,0.0
main,outer_001_feature_128,extra_ocular_muscle_appearance,extra_ocular_muscle_appearance:category=Normal,0.0
main,outer_001_feature_128,extra_ocular_muscle_appearance,extra_ocular_muscle_appearance:category=Abnormal,0.0
main,outer_001_feature_128,extra_ocular_muscle_appearance,extra_ocular_muscle_appearance:category=__missing__,0.0
main,outer_001_feature_129,extremity_exam_findings,extremity_exam_findings:category=Normal,0.0
main,outer_001_feature_129,extremity_exam_findings,extremity_exam_findings:category=Abnormal,0.0
main,outer_001_feature_129,extremity_exam_findings,extremity_exam_findings:category=__missing__,0.0
main,outer_001_feature_130,family_history_of_breast_cancer,family_history_of_breast_cancer:category=Yes,0.0
main,outer_001_feature_130,family_history_of_breast_cancer,family_history_of_breast_cancer:category=No,0.0
main,outer_001_feature_130,family_history_of_breast_cancer,family_history_of_breast_cancer:category=__missing__,0.0
main,outer_001_feature_131,family_history_of_colon_cancer,family_history_of_colon_cancer:category=Yes,0.0
main,outer_001_feature_131,family_history_of_colon_cancer,family_history_of_colon_cancer:category=No,0.0
main,outer_001_feature_131,family_history_of_colon_cancer,family_history_of_colon_cancer:category=__missing__,0.0
main,outer_001_feature_132,family_history_of_lung_cancer,family_history_of_lung_cancer:category=Yes,0.0
main,outer_001_feature_132,family_history_of_lung_cancer,family_history_of_lung_cancer:category=No,0.0
main,outer_001_feature_132,family_history_of_lung_cancer,family_history_of_lung_cancer:category=__missing__,0.0
main,outer_001_feature_133,family_history_of_myocardial_infarction,family_history_of_myocardial_infarction:category=Yes,0.0
main,outer_001_feature_133,family_history_of_myocardial_infarction,family_history_of_myocardial_infarction:category=No,0.0
main,outer_001_feature_133,family_history_of_myocardial_infarction,family_history_of_myocardial_infarction:category=__missing__,0.0
main,outer_001_feature_134,fatigue,fatigue:category=0,0.0
main,outer_001_feature_134,fatigue,fatigue:category=1,0.0
main,outer_001_feature_134,fatigue,fatigue:category=2,0.0
main,outer_001_feature_134,fatigue,fatigue:category=3,0.0
main,outer_001_feature_134,fatigue,fatigue:category=4,0.0
main,outer_001_feature_134,fatigue,fatigue:category=__missing__,0.0
main,outer_001_feature_135,febrile_neutropenia_presence,febrile_neutropenia_presence:category=Present,0.0
main,outer_001_feature_135,febrile_neutropenia_presence,febrile_neutropenia_presence:category=Absent,0.0
main,outer_001_feature_135,febrile_neutropenia_presence,febrile_neutropenia_presence:category=__missing__,0.0
main,outer_001_feature_136,fgfr1_amplification_status,fgfr1_amplification_status:category=Amplified,0.0
main,outer_001_feature_136,fgfr1_amplification_status,fgfr1_amplification_status:category=Not Amplified,0.0
main,outer_001_feature_136,fgfr1_amplification_status,fgfr1_amplification_status:category=__missing__,0.0
main,outer_001_feature_137,focal_intra_axial_lesion,focal_intra_axial_lesion:category=Present,0.0
main,outer_001_feature_137,focal_intra_axial_lesion,focal_intra_axial_lesion:category=Absent,-0.1336580981506461
main,outer_001_feature_137,focal_intra_axial_lesion,focal_intra_axial_lesion:category=__missing__,0.0
main,outer_001_feature_138,gadolinium_contrast_use,gadolinium_contrast_use:category=Yes,0.0
main,outer_001_feature_138,gadolinium_contrast_use,gadolinium_contrast_use:category=No,0.0
main,outer_001_feature_138,gadolinium_contrast_use,gadolinium_contrast_use:category=__missing__,0.0
main,outer_001_feature_139,gemcitabine_tolerance,gemcitabine_tolerance:category=Tolerated,0.0
main,outer_001_feature_139,gemcitabine_tolerance,gemcitabine_tolerance:category=Not Tolerated,0.0
main,outer_001_feature_139,gemcitabine_tolerance,gemcitabine_tolerance:category=__missing__,0.0
main,outer_001_feature_140,gender_identity,gender_identity:category=Male,0.0
main,outer_001_feature_140,gender_identity,gender_identity:category=Female,-0.2147625374482951
main,outer_001_feature_140,gender_identity,gender_identity:category=Other,0.0
main,outer_001_feature_140,gender_identity,gender_identity:category=__missing__,0.0
main,outer_001_feature_141,gene_amplification_status,gene_amplification_status:category=Amplified,0.0
main,outer_001_feature_141,gene_amplification_status,gene_amplification_status:category=Non-amplified,0.0
main,outer_001_feature_141,gene_amplification_status,gene_amplification_status:category=__missing__,0.0
main,outer_001_feature_142,genetic_mutation_status,genetic_mutation_status:category=Mutant,0.0
main,outer_001_feature_142,genetic_mutation_status,genetic_mutation_status:category=Wild-type,0.0
main,outer_001_feature_142,genetic_mutation_status,genetic_mutation_status:category=__missing__,0.0
main,outer_001_feature_143,genomic_dna_input_amount,genomic_dna_input_amount:value,0.0026789517297186117
main,outer_001_feature_143,genomic_dna_input_amount,genomic_dna_input_amount:missing,0.0
main,outer_001_feature_144,gerd_presence,gerd_presence:category=Present,0.0
main,outer_001_feature_144,gerd_presence,gerd_presence:category=Absent,0.0
main,outer_001_feature_144,gerd_presence,gerd_presence:category=__missing__,0.0
main,outer_001_feature_145,globe_appearance,globe_appearance:category=Normal,0.0
main,outer_001_feature_145,globe_appearance,globe_appearance:category=Abnormal,0.0
main,outer_001_feature_145,globe_appearance,globe_appearance:category=__missing__,0.0
main,outer_001_feature_146,glucose_level,glucose_level:value,0.0
main,outer_001_feature_146,glucose_level,glucose_level:missing,0.0
main,outer_001_feature_147,growth_factor_support_use,growth_factor_support_use:category=Yes,0.0
main,outer_001_feature_147,growth_factor_support_use,growth_factor_support_use:category=No,-0.036457738832686645
main,outer_001_feature_147,growth_factor_support_use,growth_factor_support_use:category=__missing__,0.0
main,outer_001_feature_148,head_shape_and_trauma_status,head_shape_and_trauma_status:category=Normocephalic atraumatic,0.0
main,outer_001_feature_148,head_shape_and_trauma_status,head_shape_and_trauma_status:category=Abnormal,0.0
main,outer_001_feature_148,head_shape_and_trauma_status,head_shape_and_trauma_status:category=__missing__,0.0
main,outer_001_feature_149,headache_presence,headache_presence:category=Present,0.0
main,outer_001_feature_149,headache_presence,headache_presence:category=Absent,0.0
main,outer_001_feature_149,headache_presence,headache_presence:category=__missing__,0.0
main,outer_001_feature_150,heart_rate,heart_rate:value,-0.031176853283727494
main,outer_001_feature_150,heart_rate,heart_rate:missing,0.0
main,outer_001_feature_151,heent_exam_status,heent_exam_status:category=Normal,0.0
main,outer_001_feature_151,heent_exam_status,heent_exam_status:category=Abnormal,0.0
main,outer_001_feature_151,heent_exam_status,heent_exam_status:category=__missing__,0.0
main,outer_001_feature_152,height,height:value,0.02578505078933373
main,outer_001_feature_152,height,height:missing,0.0
main,outer_001_feature_153,hematocrit,hematocrit:value,0.0
main,outer_001_feature_153,hematocrit,hematocrit:missing,0.0
main,outer_001_feature_154,hematuria,hematuria:category=Present,0.0
main,outer_001_feature_154,hematuria,hematuria:category=Absent,0.0
main,outer_001_feature_154,hematuria,hematuria:category=__missing__,0.0
main,outer_001_feature_155,hemoglobin_level,hemoglobin_level:value,0.0
main,outer_001_feature_155,hemoglobin_level,hemoglobin_level:missing,0.0
main,outer_001_feature_156,hemoptysis_presence,hemoptysis_presence:category=Present,0.0
main,outer_001_feature_156,hemoptysis_presence,hemoptysis_presence:category=Absent,0.0
main,outer_001_feature_156,hemoptysis_presence,hemoptysis_presence:category=__missing__,0.0
main,outer_001_feature_157,hernia_repair_history,hernia_repair_history:category=Yes,0.0
main,outer_001_feature_157,hernia_repair_history,hernia_repair_history:category=No,0.0
main,outer_001_feature_157,hernia_repair_history,hernia_repair_history:category=__missing__,0.0
main,outer_001_feature_158,hilar_lymphadenopathy_presence,hilar_lymphadenopathy_presence:category=Present,0.0
main,outer_001_feature_158,hilar_lymphadenopathy_presence,hilar_lymphadenopathy_presence:category=Absent,0.0
main,outer_001_feature_158,hilar_lymphadenopathy_presence,hilar_lymphadenopathy_presence:category=__missing__,0.0
main,outer_001_feature_159,hyperlipidemia_status,hyperlipidemia_status:category=Present,0.0
main,outer_001_feature_159,hyperlipidemia_status,hyperlipidemia_status:category=Absent,0.0
main,outer_001_feature_159,hyperlipidemia_status,hyperlipidemia_status:category=__missing__,0.0
main,outer_001_feature_160,hypertension_status,hypertension_status:category=Present,0.0
main,outer_001_feature_160,hypertension_status,hypertension_status:category=Absent,0.0
main,outer_001_feature_160,hypertension_status,hypertension_status:category=__missing__,0.0
main,outer_001_feature_161,hypothyroidism_presence,hypothyroidism_presence:category=Present,0.0
main,outer_001_feature_161,hypothyroidism_presence,hypothyroidism_presence:category=Absent,0.0
main,outer_001_feature_161,hypothyroidism_presence,hypothyroidism_presence:category=__missing__,0.0
main,outer_001_feature_162,illicit_drug_use,illicit_drug_use:category=Yes,0.0
main,outer_001_feature_162,illicit_drug_use,illicit_drug_use:category=No,0.0
main,outer_001_feature_162,illicit_drug_use,illicit_drug_use:category=__missing__,0.0
main,outer_001_feature_163,imaging_ct_scan_performed,imaging_ct_scan_performed:category=Yes,0.0
main,outer_001_feature_163,imaging_ct_scan_performed,imaging_ct_scan_performed:category=No,0.0
main,outer_001_feature_163,imaging_ct_scan_performed,imaging_ct_scan_performed:category=__missing__,0.0
main,outer_001_feature_164,imaging_finding_cerebellar_fdg_uptake,imaging_finding_cerebellar_fdg_uptake:category=Normal,0.0
main,outer_001_feature_164,imaging_finding_cerebellar_fdg_uptake,imaging_finding_cerebellar_fdg_uptake:category=Decreased,0.0
main,outer_001_feature_164,imaging_finding_cerebellar_fdg_uptake,imaging_finding_cerebellar_fdg_uptake:category=Increased,0.0
main,outer_001_feature_164,imaging_finding_cerebellar_fdg_uptake,imaging_finding_cerebellar_fdg_uptake:category=__missing__,0.0
main,outer_001_feature_165,imaging_finding_right_lower_lobe_mass,imaging_finding_right_lower_lobe_mass:category=Present,0.0
main,outer_001_feature_165,imaging_finding_right_lower_lobe_mass,imaging_finding_right_lower_lobe_mass:category=Absent,0.0
main,outer_001_feature_165,imaging_finding_right_lower_lobe_mass,imaging_finding_right_lower_lobe_mass:category=__missing__,0.0
main,outer_001_feature_166,imaging_finding_upper_lobe_mass,imaging_finding_upper_lobe_mass:category=Present,0.0
main,outer_001_feature_166,imaging_finding_upper_lobe_mass,imaging_finding_upper_lobe_mass:category=Absent,0.0
main,outer_001_feature_166,imaging_finding_upper_lobe_mass,imaging_finding_upper_lobe_mass:category=__missing__,0.0
main,outer_001_feature_167,imaging_mri_performed,imaging_mri_performed:category=Yes,0.0
main,outer_001_feature_167,imaging_mri_performed,imaging_mri_performed:category=No,0.0
main,outer_001_feature_167,imaging_mri_performed,imaging_mri_performed:category=__missing__,0.0
main,outer_001_feature_168,imaging_pet_suv_max,imaging_pet_suv_max:value,0.0
main,outer_001_feature_168,imaging_pet_suv_max,imaging_pet_suv_max:missing,0.0
main,outer_001_feature_169,immunotherapy_type,immunotherapy_type:category=Checkpoint Blockade,0.0
main,outer_001_feature_169,immunotherapy_type,immunotherapy_type:category=PD-1 Inhibitor,0.0
main,outer_001_feature_169,immunotherapy_type,immunotherapy_type:category=PD-L1 Inhibitor,0.0
main,outer_001_feature_169,immunotherapy_type,immunotherapy_type:category=__missing__,0.0
main,outer_001_feature_170,inhaler_usage_dosage,inhaler_usage_dosage:value,-0.005321506776728695
main,outer_001_feature_170,inhaler_usage_dosage,inhaler_usage_dosage:missing,0.0
main,outer_001_feature_171,intra_orbital_enhancement,intra_orbital_enhancement:category=Present,0.0
main,outer_001_feature_171,intra_orbital_enhancement,intra_orbital_enhancement:category=Absent,0.0
main,outer_001_feature_171,intra_orbital_enhancement,intra_orbital_enhancement:category=__missing__,0.0
main,outer_001_feature_172,intra_orbital_mass,intra_orbital_mass:category=Present,0.0
main,outer_001_feature_172,intra_orbital_mass,intra_orbital_mass:category=Absent,0.0
main,outer_001_feature_172,intra_orbital_mass,intra_orbital_mass:category=__missing__,0.0
main,outer_001_feature_173,intracranial_hemorrhage,intracranial_hemorrhage:category=Present,0.0
main,outer_001_feature_173,intracranial_hemorrhage,intracranial_hemorrhage:category=Absent,0.0
main,outer_001_feature_173,intracranial_hemorrhage,intracranial_hemorrhage:category=__missing__,0.0
main,outer_001_feature_174,jugular_venous_distention_presence,jugular_venous_distention_presence:category=present,0.0
main,outer_001_feature_174,jugular_venous_distention_presence,jugular_venous_distention_presence:category=absent,-0.03602785654887519
main,outer_001_feature_174,jugular_venous_distention_presence,jugular_venous_distention_presence:category=__missing__,0.0
main,outer_001_feature_175,keap1_status,keap1_status:category=Mutated,0.0
main,outer_001_feature_175,keap1_status,keap1_status:category=Wild-type,0.0
main,outer_001_feature_175,keap1_status,keap1_status:category=__missing__,0.0
main,outer_001_feature_176,ki67_proliferation_index,ki67_proliferation_index:value,0.0
main,outer_001_feature_176,ki67_proliferation_index,ki67_proliferation_index:missing,0.0
main,outer_001_feature_177,knee_osteoarthritis_presence,knee_osteoarthritis_presence:category=present,0.0
main,outer_001_feature_177,knee_osteoarthritis_presence,knee_osteoarthritis_presence:category=absent,0.0
main,outer_001_feature_177,knee_osteoarthritis_presence,knee_osteoarthritis_presence:category=__missing__,0.0
main,outer_001_feature_178,known_drug_allergies,known_drug_allergies:category=No,0.0
main,outer_001_feature_178,known_drug_allergies,known_drug_allergies:category=Yes,0.0
main,outer_001_feature_178,known_drug_allergies,known_drug_allergies:category=__missing__,0.0
main,outer_001_feature_179,kras_g12c_variant_allele_frequency,kras_g12c_variant_allele_frequency:value,-0.12512798497366562
main,outer_001_feature_179,kras_g12c_variant_allele_frequency,kras_g12c_variant_allele_frequency:missing,0.0
main,outer_001_feature_180,ldh_level,ldh_level:value,0.0
main,outer_001_feature_180,ldh_level,ldh_level:missing,0.0
main,outer_001_feature_181,leptomeningeal_enhancement_presence,leptomeningeal_enhancement_presence:category=Present,0.0
main,outer_001_feature_181,leptomeningeal_enhancement_presence,leptomeningeal_enhancement_presence:category=Absent,0.0
main,outer_001_feature_181,leptomeningeal_enhancement_presence,leptomeningeal_enhancement_presence:category=__missing__,0.0
main,outer_001_feature_182,lesion_presence,lesion_presence:category=Present,0.0
main,outer_001_feature_182,lesion_presence,lesion_presence:category=Absent,0.0
main,outer_001_feature_182,lesion_presence,lesion_presence:category=__missing__,0.0
main,outer_001_feature_183,lesion_size,lesion_size:value,0.0
main,outer_001_feature_183,lesion_size,lesion_size:missing,0.0
main,outer_001_feature_184,line_of_therapy,line_of_therapy:category=First-line,0.15836660247011133
main,outer_001_feature_184,line_of_therapy,line_of_therapy:category=Second-line,0.0
main,outer_001_feature_184,line_of_therapy,line_of_therapy:category=Third-line,0.0
main,outer_001_feature_184,line_of_therapy,line_of_therapy:category=Fourth-line,0.0
main,outer_001_feature_184,line_of_therapy,line_of_therapy:category=Fifth-line,0.0
main,outer_001_feature_184,line_of_therapy,line_of_therapy:category=__missing__,0.0
main,outer_001_feature_185,lipid_lowering_therapy_use,lipid_lowering_therapy_use:category=Yes,0.0
main,outer_001_feature_185,lipid_lowering_therapy_use,lipid_lowering_therapy_use:category=No,0.0
main,outer_001_feature_185,lipid_lowering_therapy_use,lipid_lowering_therapy_use:category=__missing__,0.0
main,outer_001_feature_186,lisinopril_dose,lisinopril_dose:value,0.0
main,outer_001_feature_186,lisinopril_dose,lisinopril_dose:missing,0.0
main,outer_001_feature_187,liver_function,liver_function:category=Normal,0.0
main,outer_001_feature_187,liver_function,liver_function:category=Abnormal,0.0
main,outer_001_feature_187,liver_function,liver_function:category=__missing__,0.0
main,outer_001_feature_188,liver_metastasis_presence,liver_metastasis_presence:category=Present,0.0
main,outer_001_feature_188,liver_metastasis_presence,liver_metastasis_presence:category=Absent,0.0
main,outer_001_feature_188,liver_metastasis_presence,liver_metastasis_presence:category=__missing__,0.0
main,outer_001_feature_189,living_situation,living_situation:category=Alone,0.0
main,outer_001_feature_189,living_situation,living_situation:category=With spouse/partner,0.0
main,outer_001_feature_189,living_situation,living_situation:category=With child,0.0
main,outer_001_feature_189,living_situation,living_situation:category=Other,0.0
main,outer_001_feature_189,living_situation,living_situation:category=__missing__,0.0
main,outer_001_feature_190,lobectomy_type,lobectomy_type:category=Right Upper Lobe,0.0
main,outer_001_feature_190,lobectomy_type,lobectomy_type:category=Right Middle Lobe,0.0
main,outer_001_feature_190,lobectomy_type,lobectomy_type:category=Right Lower Lobe,0.0
main,outer_001_feature_190,lobectomy_type,lobectomy_type:category=Left Upper Lobe,0.0
main,outer_001_feature_190,lobectomy_type,lobectomy_type:category=Left Lower Lobe,0.0
main,outer_001_feature_190,lobectomy_type,lobectomy_type:category=__missing__,0.0
main,outer_001_feature_191,lung_auscultation_findings,lung_auscultation_findings:category=Clear,0.021776143331108624
main,outer_001_feature_191,lung_auscultation_findings,lung_auscultation_findings:category=Wheezes,0.0
main,outer_001_feature_191,lung_auscultation_findings,lung_auscultation_findings:category=Rales,0.0
main,outer_001_feature_191,lung_auscultation_findings,lung_auscultation_findings:category=__missing__,0.0
main,outer_001_feature_192,lung_cancer_histology,lung_cancer_histology:category=Adenocarcinoma,0.0
main,outer_001_feature_192,lung_cancer_histology,lung_cancer_histology:category=Squamous cell carcinoma,0.0
main,outer_001_feature_192,lung_cancer_histology,lung_cancer_histology:category=Large-cell carcinoma,0.0
main,outer_001_feature_192,lung_cancer_histology,lung_cancer_histology:category=Non-small cell lung cancer,0.0
main,outer_001_feature_192,lung_cancer_histology,lung_cancer_histology:category=__missing__,0.0
main,outer_001_feature_193,lung_cancer_stage,lung_cancer_stage:category=I,0.0
main,outer_001_feature_193,lung_cancer_stage,lung_cancer_stage:category=II,0.0
main,outer_001_feature_193,lung_cancer_stage,lung_cancer_stage:category=IIIA,0.0
main,outer_001_feature_193,lung_cancer_stage,lung_cancer_stage:category=IIIB,0.0
main,outer_001_feature_193,lung_cancer_stage,lung_cancer_stage:category=IV,0.0
main,outer_001_feature_193,lung_cancer_stage,lung_cancer_stage:category=__missing__,0.0
main,outer_001_feature_194,lung_disease_diagnosis,lung_disease_diagnosis:category=Present,-0.022971539437466593
main,outer_001_feature_194,lung_disease_diagnosis,lung_disease_diagnosis:category=Absent,0.0
main,outer_001_feature_194,lung_disease_diagnosis,lung_disease_diagnosis:category=__missing__,0.0
main,outer_001_feature_195,lung_mass_morphology,lung_mass_morphology:category=spiculated,0.0
main,outer_001_feature_195,lung_mass_morphology,lung_mass_morphology:category=smooth,0.0
main,outer_001_feature_195,lung_mass_morphology,lung_mass_morphology:category=lobulated,0.0
main,outer_001_feature_195,lung_mass_morphology,lung_mass_morphology:category=irregular,0.0
main,outer_001_feature_195,lung_mass_morphology,lung_mass_morphology:category=__missing__,0.0
main,outer_001_feature_196,lung_mass_suvmax,lung_mass_suvmax:value,0.0
main,outer_001_feature_196,lung_mass_suvmax,lung_mass_suvmax:missing,0.0
main,outer_001_feature_197,lymph_node_dissection_status,lymph_node_dissection_status:category=Performed,0.0
main,outer_001_feature_197,lymph_node_dissection_status,lymph_node_dissection_status:category=Not Performed,0.0
main,outer_001_feature_197,lymph_node_dissection_status,lymph_node_dissection_status:category=__missing__,0.0
main,outer_001_feature_198,lymph_node_metastasis_count,lymph_node_metastasis_count:value,0.0
main,outer_001_feature_198,lymph_node_metastasis_count,lymph_node_metastasis_count:missing,0.0
main,outer_001_feature_199,lymphadenopathy_status,lymphadenopathy_status:category=Present,0.0
main,outer_001_feature_199,lymphadenopathy_status,lymphadenopathy_status:category=Absent,0.0
main,outer_001_feature_199,lymphadenopathy_status,lymphadenopathy_status:category=__missing__,0.0
main,outer_001_feature_200,m_stage,m_stage:category=M0,0.0
main,outer_001_feature_200,m_stage,m_stage:category=M1,0.0
main,outer_001_feature_200,m_stage,m_stage:category=__missing__,0.0
main,outer_001_feature_201,mediastinal_lymph_node_dissection_performed,mediastinal_lymph_node_dissection_performed:category=Yes,0.0
main,outer_001_feature_201,mediastinal_lymph_node_dissection_performed,mediastinal_lymph_node_dissection_performed:category=No,0.0
main,outer_001_feature_201,mediastinal_lymph_node_dissection_performed,mediastinal_lymph_node_dissection_performed:category=__missing__,0.0
main,outer_001_feature_202,mediastinal_lymph_node_status,mediastinal_lymph_node_status:category=Positive,0.0
main,outer_001_feature_202,mediastinal_lymph_node_status,mediastinal_lymph_node_status:category=Negative,0.0
main,outer_001_feature_202,mediastinal_lymph_node_status,mediastinal_lymph_node_status:category=__missing__,0.0
main,outer_001_feature_203,medication_calcium_carbonate,medication_calcium_carbonate:category=Yes,-0.09527915003560897
main,outer_001_feature_203,medication_calcium_carbonate,medication_calcium_carbonate:category=No,0.0
main,outer_001_feature_203,medication_calcium_carbonate,medication_calcium_carbonate:category=__missing__,0.0
main,outer_001_feature_204,medication_cisplatin,medication_cisplatin:category=Yes,-0.07822632999435336
main,outer_001_feature_204,medication_cisplatin,medication_cisplatin:category=No,0.0
main,outer_001_feature_204,medication_cisplatin,medication_cisplatin:category=__missing__,0.0
main,outer_001_feature_205,medication_denosumab,medication_denosumab:category=Yes,0.0
main,outer_001_feature_205,medication_denosumab,medication_denosumab:category=No,0.0
main,outer_001_feature_205,medication_denosumab,medication_denosumab:category=__missing__,0.0
main,outer_001_feature_206,medication_dexamethasone,medication_dexamethasone:category=Yes,0.0
main,outer_001_feature_206,medication_dexamethasone,medication_dexamethasone:category=No,0.0
main,outer_001_feature_206,medication_dexamethasone,medication_dexamethasone:category=__missing__,0.0
main,outer_001_feature_207,medication_g12c_inhibitor,medication_g12c_inhibitor:category=Yes,0.0
main,outer_001_feature_207,medication_g12c_inhibitor,medication_g12c_inhibitor:category=No,0.0
main,outer_001_feature_207,medication_g12c_inhibitor,medication_g12c_inhibitor:category=__missing__,0.0
main,outer_001_feature_208,medication_gemcitabine,medication_gemcitabine:category=Yes,0.0
main,outer_001_feature_208,medication_gemcitabine,medication_gemcitabine:category=No,0.0
main,outer_001_feature_208,medication_gemcitabine,medication_gemcitabine:category=__missing__,0.0
main,outer_001_feature_209,medication_lisinopril,medication_lisinopril:category=Yes,0.0
main,outer_001_feature_209,medication_lisinopril,medication_lisinopril:category=No,0.0
main,outer_001_feature_209,medication_lisinopril,medication_lisinopril:category=__missing__,0.0
main,outer_001_feature_210,medication_met_inhibitor,medication_met_inhibitor:category=Yes,0.0
main,outer_001_feature_210,medication_met_inhibitor,medication_met_inhibitor:category=No,0.0
main,outer_001_feature_210,medication_met_inhibitor,medication_met_inhibitor:category=__missing__,0.0
main,outer_001_feature_211,medication_oxycodone,medication_oxycodone:category=Yes,0.0
main,outer_001_feature_211,medication_oxycodone,medication_oxycodone:category=No,0.0
main,outer_001_feature_211,medication_oxycodone,medication_oxycodone:category=__missing__,0.0
main,outer_001_feature_212,medication_pemetrexed,medication_pemetrexed:category=Yes,-0.10767425538540998
main,outer_001_feature_212,medication_pemetrexed,medication_pemetrexed:category=No,0.0
main,outer_001_feature_212,medication_pemetrexed,medication_pemetrexed:category=__missing__,0.0
main,outer_001_feature_213,meningeal_thickening,meningeal_thickening:category=Present,0.0
main,outer_001_feature_213,meningeal_thickening,meningeal_thickening:category=Absent,0.0
main,outer_001_feature_213,meningeal_thickening,meningeal_thickening:category=__missing__,0.0
main,outer_001_feature_214,met_amplification_status,met_amplification_status:category=Amplified,-0.046012210945737986
main,outer_001_feature_214,met_amplification_status,met_amplification_status:category=Negative,0.0
main,outer_001_feature_214,met_amplification_status,met_amplification_status:category=__missing__,0.0
main,outer_001_feature_215,metabolic_response,metabolic_response:category=Response,0.0
main,outer_001_feature_215,metabolic_response,metabolic_response:category=No Response,0.0
main,outer_001_feature_215,metabolic_response,metabolic_response:category=__missing__,0.0
main,outer_001_feature_216,metastasis_location,metastasis_location:category=Brain,0.0
main,outer_001_feature_216,metastasis_location,metastasis_location:category=Bone,0.0
main,outer_001_feature_216,metastasis_location,metastasis_location:category=Liver,0.0
main,outer_001_feature_216,metastasis_location,metastasis_location:category=Adrenal,0.0
main,outer_001_feature_216,metastasis_location,metastasis_location:category=Pleura,0.0
main,outer_001_feature_216,metastasis_location,metastasis_location:category=Lymph nodes,0.0
main,outer_001_feature_216,metastasis_location,metastasis_location:category=__missing__,0.0
main,outer_001_feature_217,morphine_administered,morphine_administered:category=Yes,0.0
main,outer_001_feature_217,morphine_administered,morphine_administered:category=No,0.0
main,outer_001_feature_217,morphine_administered,morphine_administered:category=__missing__,0.0
main,outer_001_feature_218,mri_flair_hyperintensity_presence,mri_flair_hyperintensity_presence:category=Present,0.0
main,outer_001_feature_218,mri_flair_hyperintensity_presence,mri_flair_hyperintensity_presence:category=Absent,0.0
main,outer_001_feature_218,mri_flair_hyperintensity_presence,mri_flair_hyperintensity_presence:category=__missing__,0.0
main,outer_001_feature_219,msi_status,msi_status:category=Stable,0.0
main,outer_001_feature_219,msi_status,msi_status:category=High,0.0
main,outer_001_feature_219,msi_status,msi_status:category=__missing__,0.0
main,outer_001_feature_220,mucositis_presence,mucositis_presence:category=Present,0.0
main,outer_001_feature_220,mucositis_presence,mucositis_presence:category=Absent,0.0
main,outer_001_feature_220,mucositis_presence,mucositis_presence:category=__missing__,0.0
main,outer_001_feature_221,myelosuppression,myelosuppression:category=Present,0.0
main,outer_001_feature_221,myelosuppression,myelosuppression:category=Absent,0.0
main,outer_001_feature_221,myelosuppression,myelosuppression:category=__missing__,0.0
main,outer_001_feature_222,myocardial_infarction_presence,myocardial_infarction_presence:category=Present,0.0
main,outer_001_feature_222,myocardial_infarction_presence,myocardial_infarction_presence:category=Absent,0.0
main,outer_001_feature_222,myocardial_infarction_presence,myocardial_infarction_presence:category=__missing__,0.0
main,outer_001_feature_223,n_stage,n_stage:category=N0,0.0
main,outer_001_feature_223,n_stage,n_stage:category=N1,0.0
main,outer_001_feature_223,n_stage,n_stage:category=N2,0.0
main,outer_001_feature_223,n_stage,n_stage:category=N3,0.0
main,outer_001_feature_223,n_stage,n_stage:category=__missing__,0.0
main,outer_001_feature_224,napsin_a_expression,napsin_a_expression:category=Positive,0.0
main,outer_001_feature_224,napsin_a_expression,napsin_a_expression:category=Negative,0.0
main,outer_001_feature_224,napsin_a_expression,napsin_a_expression:category=__missing__,0.0
main,outer_001_feature_225,nausea_severity,nausea_severity:category=1,0.0
main,outer_001_feature_225,nausea_severity,nausea_severity:category=2,0.0
main,outer_001_feature_225,nausea_severity,nausea_severity:category=3,0.0
main,outer_001_feature_225,nausea_severity,nausea_severity:category=4,0.0
main,outer_001_feature_225,nausea_severity,nausea_severity:category=__missing__,0.0
main,outer_001_feature_226,necrotic_fluid_presence,necrotic_fluid_presence:category=Present,0.0
main,outer_001_feature_226,necrotic_fluid_presence,necrotic_fluid_presence:category=Absent,0.0
main,outer_001_feature_226,necrotic_fluid_presence,necrotic_fluid_presence:category=__missing__,0.0
main,outer_001_feature_227,neurological_symptoms_presence,neurological_symptoms_presence:category=Present,0.0
main,outer_001_feature_227,neurological_symptoms_presence,neurological_symptoms_presence:category=Absent,0.0
main,outer_001_feature_227,neurological_symptoms_presence,neurological_symptoms_presence:category=__missing__,0.0
main,outer_001_feature_228,neutrophil_to_lymphocyte_ratio,neutrophil_to_lymphocyte_ratio:value,0.0
main,outer_001_feature_228,neutrophil_to_lymphocyte_ratio,neutrophil_to_lymphocyte_ratio:missing,0.0
main,outer_001_feature_229,night_sweats,night_sweats:category=Present,0.0
main,outer_001_feature_229,night_sweats,night_sweats:category=Absent,0.0
main,outer_001_feature_229,night_sweats,night_sweats:category=__missing__,0.0
main,outer_001_feature_230,nsclc_diagnosis,nsclc_diagnosis:category=Present,0.0
main,outer_001_feature_230,nsclc_diagnosis,nsclc_diagnosis:category=Absent,0.0
main,outer_001_feature_230,nsclc_diagnosis,nsclc_diagnosis:category=__missing__,0.0
main,outer_001_feature_231,nyha_class,nyha_class:category=I,0.0
main,outer_001_feature_231,nyha_class,nyha_class:category=II,0.0
main,outer_001_feature_231,nyha_class,nyha_class:category=III,0.0
main,outer_001_feature_231,nyha_class,nyha_class:category=IV,0.0
main,outer_001_feature_231,nyha_class,nyha_class:category=__missing__,0.0
main,outer_001_feature_232,occupation,occupation:category=Professional,0.0
main,outer_001_feature_232,occupation,occupation:category=Other,0.0
main,outer_001_feature_232,occupation,occupation:category=__missing__,0.0
main,outer_001_feature_233,oncology_management_status,oncology_management_status:category=Active Treatment,0.0
main,outer_001_feature_233,oncology_management_status,oncology_management_status:category=Surveillance,0.0
main,outer_001_feature_233,oncology_management_status,oncology_management_status:category=Follow-up,0.0
main,outer_001_feature_233,oncology_management_status,oncology_management_status:category=None,0.0
main,outer_001_feature_233,oncology_management_status,oncology_management_status:category=__missing__,0.0
main,outer_001_feature_234,ondansetron_use,ondansetron_use:category=Yes,0.0
main,outer_001_feature_234,ondansetron_use,ondansetron_use:category=No,0.0
main,outer_001_feature_234,ondansetron_use,ondansetron_use:category=__missing__,0.0
main,outer_001_feature_235,optic_chiasm_enhancement,optic_chiasm_enhancement:category=Present,0.0
main,outer_001_feature_235,optic_chiasm_enhancement,optic_chiasm_enhancement:category=Absent,0.0
main,outer_001_feature_235,optic_chiasm_enhancement,optic_chiasm_enhancement:category=__missing__,0.0
main,outer_001_feature_236,optic_nerve_enhancement,optic_nerve_enhancement:category=Present,0.0
main,outer_001_feature_236,optic_nerve_enhancement,optic_nerve_enhancement:category=Absent,0.0
main,outer_001_feature_236,optic_nerve_enhancement,optic_nerve_enhancement:category=__missing__,0.0
main,outer_001_feature_237,orbital_fat_appearance,orbital_fat_appearance:category=Normal,0.0
main,outer_001_feature_237,orbital_fat_appearance,orbital_fat_appearance:category=Abnormal,0.0
main,outer_001_feature_237,orbital_fat_appearance,orbital_fat_appearance:category=__missing__,0.0
main,outer_001_feature_238,organomegaly_presence,organomegaly_presence:category=present,0.0
main,outer_001_feature_238,organomegaly_presence,organomegaly_presence:category=absent,0.0
main,outer_001_feature_238,organomegaly_presence,organomegaly_presence:category=__missing__,0.0
main,outer_001_feature_239,osteoarthritis_presence,osteoarthritis_presence:category=Present,0.0
main,outer_001_feature_239,osteoarthritis_presence,osteoarthritis_presence:category=Absent,0.0
main,outer_001_feature_239,osteoarthritis_presence,osteoarthritis_presence:category=__missing__,0.0
main,outer_001_feature_240,osteopenia,osteopenia:category=Present,0.0
main,outer_001_feature_240,osteopenia,osteopenia:category=Absent,0.0
main,outer_001_feature_240,osteopenia,osteopenia:category=__missing__,0.0
main,outer_001_feature_241,oxygen_saturation,oxygen_saturation:value,0.11349716790635246
main,outer_001_feature_241,oxygen_saturation,oxygen_saturation:missing,0.0
main,outer_001_feature_242,oxygen_therapy_use,oxygen_therapy_use:category=Yes,0.0
main,outer_001_feature_242,oxygen_therapy_use,oxygen_therapy_use:category=No,0.0
main,outer_001_feature_242,oxygen_therapy_use,oxygen_therapy_use:category=__missing__,0.0
main,outer_001_feature_243,p40_expression,p40_expression:category=Positive,0.0
main,outer_001_feature_243,p40_expression,p40_expression:category=Negative,0.0
main,outer_001_feature_243,p40_expression,p40_expression:category=__missing__,0.0
main,outer_001_feature_244,paclitaxel_dose,paclitaxel_dose:value,0.0
main,outer_001_feature_244,paclitaxel_dose,paclitaxel_dose:missing,0.0
main,outer_001_feature_245,pain_severity,pain_severity:category=0,0.0
main,outer_001_feature_245,pain_severity,pain_severity:category=1,0.0
main,outer_001_feature_245,pain_severity,pain_severity:category=2,0.0
main,outer_001_feature_245,pain_severity,pain_severity:category=3,0.0
main,outer_001_feature_245,pain_severity,pain_severity:category=4,0.0
main,outer_001_feature_245,pain_severity,pain_severity:category=__missing__,0.0
main,outer_001_feature_246,palliative_care_status,palliative_care_status:category=Yes,0.0
main,outer_001_feature_246,palliative_care_status,palliative_care_status:category=No,0.0
main,outer_001_feature_246,palliative_care_status,palliative_care_status:category=__missing__,0.0
main,outer_001_feature_247,patient_wishes,patient_wishes:category=Documented,0.0
main,outer_001_feature_247,patient_wishes,patient_wishes:category=Not Documented,0.0
main,outer_001_feature_247,patient_wishes,patient_wishes:category=__missing__,0.0
main,outer_001_feature_248,pd_l1_tps,pd_l1_tps:value,-0.05528529727645815
main,outer_001_feature_248,pd_l1_tps,pd_l1_tps:missing,0.0
main,outer_001_feature_249,pembrolizumab_dose,pembrolizumab_dose:value,0.0
main,outer_001_feature_249,pembrolizumab_dose,pembrolizumab_dose:missing,0.0
main,outer_001_feature_250,peripheral_neuropathy_grade,peripheral_neuropathy_grade:category=0,0.0
main,outer_001_feature_250,peripheral_neuropathy_grade,peripheral_neuropathy_grade:category=1,0.0
main,outer_001_feature_250,peripheral_neuropathy_grade,peripheral_neuropathy_grade:category=2,0.0
main,outer_001_feature_250,peripheral_neuropathy_grade,peripheral_neuropathy_grade:category=3,0.0
main,outer_001_feature_250,peripheral_neuropathy_grade,peripheral_neuropathy_grade:category=4,0.0
main,outer_001_feature_250,peripheral_neuropathy_grade,peripheral_neuropathy_grade:category=__missing__,0.0
main,outer_001_feature_251,peritumoral_edema,peritumoral_edema:category=Present,0.0
main,outer_001_feature_251,peritumoral_edema,peritumoral_edema:category=Absent,0.0
main,outer_001_feature_251,peritumoral_edema,peritumoral_edema:category=__missing__,0.0
main,outer_001_feature_252,periventricular_signal_abnormality,periventricular_signal_abnormality:category=Present,0.0
main,outer_001_feature_252,periventricular_signal_abnormality,periventricular_signal_abnormality:category=Absent,0.0
main,outer_001_feature_252,periventricular_signal_abnormality,periventricular_signal_abnormality:category=__missing__,0.0
main,outer_001_feature_253,phospho_met_status,phospho_met_status:category=Positive,0.0
main,outer_001_feature_253,phospho_met_status,phospho_met_status:category=Negative,0.0
main,outer_001_feature_253,phospho_met_status,phospho_met_status:category=__missing__,0.0
main,outer_001_feature_254,pi3k_pathway_activation,pi3k_pathway_activation:category=Activated,0.0
main,outer_001_feature_254,pi3k_pathway_activation,pi3k_pathway_activation:category=Not Activated,0.0
main,outer_001_feature_254,pi3k_pathway_activation,pi3k_pathway_activation:category=__missing__,0.0
main,outer_001_feature_255,pituitary_gland_enhancement,pituitary_gland_enhancement:category=Present,0.0
main,outer_001_feature_255,pituitary_gland_enhancement,pituitary_gland_enhancement:category=Absent,0.0
main,outer_001_feature_255,pituitary_gland_enhancement,pituitary_gland_enhancement:category=__missing__,0.0
main,outer_001_feature_256,pituitary_gland_signal,pituitary_gland_signal:category=Normal,0.0
main,outer_001_feature_256,pituitary_gland_signal,pituitary_gland_signal:category=Abnormal,0.0
main,outer_001_feature_256,pituitary_gland_signal,pituitary_gland_signal:category=__missing__,0.0
main,outer_001_feature_257,pituitary_gland_size,pituitary_gland_size:value,0.0
main,outer_001_feature_257,pituitary_gland_size,pituitary_gland_size:missing,0.0
main,outer_001_feature_258,platelet_count,platelet_count:value,0.0
main,outer_001_feature_258,platelet_count,platelet_count:missing,0.0
main,outer_001_feature_259,pleural_effusion,pleural_effusion:category=Absent,0.0
main,outer_001_feature_259,pleural_effusion,pleural_effusion:category=Small,0.0
main,outer_001_feature_259,pleural_effusion,pleural_effusion:category=Moderate,0.0
main,outer_001_feature_259,pleural_effusion,pleural_effusion:category=Large,0.0
main,outer_001_feature_259,pleural_effusion,pleural_effusion:category=__missing__,0.0
main,outer_001_feature_260,pneumonia_diagnosis,pneumonia_diagnosis:category=Present,0.0
main,outer_001_feature_260,pneumonia_diagnosis,pneumonia_diagnosis:category=Absent,0.0
main,outer_001_feature_260,pneumonia_diagnosis,pneumonia_diagnosis:category=__missing__,0.0
main,outer_001_feature_261,posterior_fossa_enhancement,posterior_fossa_enhancement:category=present,0.0
main,outer_001_feature_261,posterior_fossa_enhancement,posterior_fossa_enhancement:category=absent,0.0
main,outer_001_feature_261,posterior_fossa_enhancement,posterior_fossa_enhancement:category=__missing__,0.0
main,outer_001_feature_262,posterior_fossa_mass_effect,posterior_fossa_mass_effect:category=Present,0.0
main,outer_001_feature_262,posterior_fossa_mass_effect,posterior_fossa_mass_effect:category=Absent,0.0
main,outer_001_feature_262,posterior_fossa_mass_effect,posterior_fossa_mass_effect:category=__missing__,0.0
main,outer_001_feature_263,previous_radiation_therapy,previous_radiation_therapy:category=Yes,0.0
main,outer_001_feature_263,previous_radiation_therapy,previous_radiation_therapy:category=No,0.0
main,outer_001_feature_263,previous_radiation_therapy,previous_radiation_therapy:category=__missing__,0.0
main,outer_001_feature_264,primary_tumor_location,primary_tumor_location:category=Right Upper Lobe,0.0
main,outer_001_feature_264,primary_tumor_location,primary_tumor_location:category=Right Middle Lobe,0.0
main,outer_001_feature_264,primary_tumor_location,primary_tumor_location:category=Right Lower Lobe,0.0
main,outer_001_feature_264,primary_tumor_location,primary_tumor_location:category=Left Upper Lobe,0.0
main,outer_001_feature_264,primary_tumor_location,primary_tumor_location:category=Left Lower Lobe,0.0
main,outer_001_feature_264,primary_tumor_location,primary_tumor_location:category=Unspecified,0.0
main,outer_001_feature_264,primary_tumor_location,primary_tumor_location:category=__missing__,0.0
main,outer_001_feature_265,primary_tumor_morphology,primary_tumor_morphology:category=spiculated,0.036915010729830305
main,outer_001_feature_265,primary_tumor_morphology,primary_tumor_morphology:category=lobulated,0.0
main,outer_001_feature_265,primary_tumor_morphology,primary_tumor_morphology:category=irregular,0.0
main,outer_001_feature_265,primary_tumor_morphology,primary_tumor_morphology:category=circumscribed,0.0
main,outer_001_feature_265,primary_tumor_morphology,primary_tumor_morphology:category=smooth,0.0
main,outer_001_feature_265,primary_tumor_morphology,primary_tumor_morphology:category=__missing__,0.0
main,outer_001_feature_266,primary_tumor_size,primary_tumor_size:value,0.0
main,outer_001_feature_266,primary_tumor_size,primary_tumor_size:missing,0.0
main,outer_001_feature_267,prior_platinum_chemotherapy,prior_platinum_chemotherapy:category=Yes,-0.1249959020459914
main,outer_001_feature_267,prior_platinum_chemotherapy,prior_platinum_chemotherapy:category=No,0.2002695389124988
main,outer_001_feature_267,prior_platinum_chemotherapy,prior_platinum_chemotherapy:category=__missing__,0.0
main,outer_001_feature_268,prior_treatment_regimen,prior_treatment_regimen:category=Cisplatin/Vinorelbine,0.0
main,outer_001_feature_268,prior_treatment_regimen,prior_treatment_regimen:category=Cisplatin/Gemcitabine,0.0
main,outer_001_feature_268,prior_treatment_regimen,prior_treatment_regimen:category=Carboplatin/Paclitaxel,0.0
main,outer_001_feature_268,prior_treatment_regimen,prior_treatment_regimen:category=Docetaxel,0.0
main,outer_001_feature_268,prior_treatment_regimen,prior_treatment_regimen:category=Cisplatin/Pemetrexed,0.0
main,outer_001_feature_268,prior_treatment_regimen,prior_treatment_regimen:category=Platinum-based chemotherapy,0.0
main,outer_001_feature_268,prior_treatment_regimen,prior_treatment_regimen:category=Single-agent chemotherapy,0.0
main,outer_001_feature_268,prior_treatment_regimen,prior_treatment_regimen:category=Platinum-free doublet,0.0
main,outer_001_feature_268,prior_treatment_regimen,prior_treatment_regimen:category=Immunotherapy/Chemotherapy,0.0
main,outer_001_feature_268,prior_treatment_regimen,prior_treatment_regimen:category=__missing__,0.0
main,outer_001_feature_269,pro_ctcae_pain_severity,pro_ctcae_pain_severity:category=0,0.0
main,outer_001_feature_269,pro_ctcae_pain_severity,pro_ctcae_pain_severity:category=1,0.0
main,outer_001_feature_269,pro_ctcae_pain_severity,pro_ctcae_pain_severity:category=2,0.0
main,outer_001_feature_269,pro_ctcae_pain_severity,pro_ctcae_pain_severity:category=3,0.0
main,outer_001_feature_269,pro_ctcae_pain_severity,pro_ctcae_pain_severity:category=4,0.0
main,outer_001_feature_269,pro_ctcae_pain_severity,pro_ctcae_pain_severity:category=__missing__,0.0
main,outer_001_feature_270,progressive_exertional_symptoms,progressive_exertional_symptoms:category=Present,0.0
main,outer_001_feature_270,progressive_exertional_symptoms,progressive_exertional_symptoms:category=Absent,0.0
main,outer_001_feature_270,progressive_exertional_symptoms,progressive_exertional_symptoms:category=__missing__,0.0
main,outer_001_feature_271,proton_pump_inhibitor_use,proton_pump_inhibitor_use:category=Yes,0.0
main,outer_001_feature_271,proton_pump_inhibitor_use,proton_pump_inhibitor_use:category=No,0.0
main,outer_001_feature_271,proton_pump_inhibitor_use,proton_pump_inhibitor_use:category=__missing__,0.0
main,outer_001_feature_272,psychiatric_symptom_presence,psychiatric_symptom_presence:category=Present,0.0
main,outer_001_feature_272,psychiatric_symptom_presence,psychiatric_symptom_presence:category=Absent,0.0
main,outer_001_feature_272,psychiatric_symptom_presence,psychiatric_symptom_presence:category=__missing__,0.0
main,outer_001_feature_273,pulmonary_condition,pulmonary_condition:category=Present,0.0
main,outer_001_feature_273,pulmonary_condition,pulmonary_condition:category=Absent,0.0
main,outer_001_feature_273,pulmonary_condition,pulmonary_condition:category=__missing__,0.0
main,outer_001_feature_274,pulmonary_function_test_status,pulmonary_function_test_status:category=Normal,0.0
main,outer_001_feature_274,pulmonary_function_test_status,pulmonary_function_test_status:category=Abnormal,0.0
main,outer_001_feature_274,pulmonary_function_test_status,pulmonary_function_test_status:category=__missing__,0.0
main,outer_001_feature_275,pulmonary_lesion_presence,pulmonary_lesion_presence:category=Present,0.0
main,outer_001_feature_275,pulmonary_lesion_presence,pulmonary_lesion_presence:category=Absent,0.0
main,outer_001_feature_275,pulmonary_lesion_presence,pulmonary_lesion_presence:category=__missing__,0.0
main,outer_001_feature_276,pulmonary_nodules_presence,pulmonary_nodules_presence:category=present,0.0
main,outer_001_feature_276,pulmonary_nodules_presence,pulmonary_nodules_presence:category=absent,0.0
main,outer_001_feature_276,pulmonary_nodules_presence,pulmonary_nodules_presence:category=__missing__,0.0
main,outer_001_feature_277,pupil_reactivity,pupil_reactivity:category=Reactive,0.0
main,outer_001_feature_277,pupil_reactivity,pupil_reactivity:category=Non-reactive,0.0
main,outer_001_feature_277,pupil_reactivity,pupil_reactivity:category=__missing__,0.0
main,outer_001_feature_278,qlq_c30_physical_function,qlq_c30_physical_function:value,0.0
main,outer_001_feature_278,qlq_c30_physical_function,qlq_c30_physical_function:missing,0.0
main,outer_001_feature_279,qlq_c30_role_function,qlq_c30_role_function:value,0.10014140031475009
main,outer_001_feature_279,qlq_c30_role_function,qlq_c30_role_function:missing,0.0
main,outer_001_feature_280,radiation_therapy_history,radiation_therapy_history:category=Yes,0.0
main,outer_001_feature_280,radiation_therapy_history,radiation_therapy_history:category=No,0.0
main,outer_001_feature_280,radiation_therapy_history,radiation_therapy_history:category=__missing__,0.0
main,outer_001_feature_281,radiation_therapy_session_count,radiation_therapy_session_count:value,0.0
main,outer_001_feature_281,radiation_therapy_session_count,radiation_therapy_session_count:missing,0.0
main,outer_001_feature_282,radiosurgery_history,radiosurgery_history:category=Yes,0.0
main,outer_001_feature_282,radiosurgery_history,radiosurgery_history:category=No,0.0
main,outer_001_feature_282,radiosurgery_history,radiosurgery_history:category=__missing__,0.0
main,outer_001_feature_283,range_of_motion_touch_toes,range_of_motion_touch_toes:category=Able,0.0
main,outer_001_feature_283,range_of_motion_touch_toes,range_of_motion_touch_toes:category=Unable,0.0
main,outer_001_feature_283,range_of_motion_touch_toes,range_of_motion_touch_toes:category=__missing__,0.0
main,outer_001_feature_284,rash_presence,rash_presence:category=Present,0.0
main,outer_001_feature_284,rash_presence,rash_presence:category=Absent,0.0
main,outer_001_feature_284,rash_presence,rash_presence:category=__missing__,0.0
main,outer_001_feature_285,rash_pruritus_presence,rash_pruritus_presence:category=Present,0.0
main,outer_001_feature_285,rash_pruritus_presence,rash_pruritus_presence:category=Absent,0.0
main,outer_001_feature_285,rash_pruritus_presence,rash_pruritus_presence:category=__missing__,-0.048940833892150114
main,outer_001_feature_286,renal_function_status,renal_function_status:value,0.0
main,outer_001_feature_286,renal_function_status,renal_function_status:missing,0.0
main,outer_001_feature_287,respiratory_rate,respiratory_rate:value,-0.12254117892973171
main,outer_001_feature_287,respiratory_rate,respiratory_rate:missing,0.0
main,outer_001_feature_288,restricted_diffusion_on_dwi_adc,restricted_diffusion_on_dwi_adc:category=Present,0.0
main,outer_001_feature_288,restricted_diffusion_on_dwi_adc,restricted_diffusion_on_dwi_adc:category=Absent,0.0
main,outer_001_feature_288,restricted_diffusion_on_dwi_adc,restricted_diffusion_on_dwi_adc:category=__missing__,0.0
main,outer_001_feature_289,ret_rearrangement_status,ret_rearrangement_status:category=Detected,0.0
main,outer_001_feature_289,ret_rearrangement_status,ret_rearrangement_status:category=Not Detected,0.0
main,outer_001_feature_289,ret_rearrangement_status,ret_rearrangement_status:category=__missing__,0.0
main,outer_001_feature_290,retroperitoneal_lymphadenopathy_presence,retroperitoneal_lymphadenopathy_presence:category=Present,0.0
main,outer_001_feature_290,retroperitoneal_lymphadenopathy_presence,retroperitoneal_lymphadenopathy_presence:category=Absent,0.0
main,outer_001_feature_290,retroperitoneal_lymphadenopathy_presence,retroperitoneal_lymphadenopathy_presence:category=__missing__,0.0
main,outer_001_feature_291,ros1_mutation_status,ros1_mutation_status:category=Wild type,0.0
main,outer_001_feature_291,ros1_mutation_status,ros1_mutation_status:category=Mutated,0.0
main,outer_001_feature_291,ros1_mutation_status,ros1_mutation_status:category=__missing__,0.0
main,outer_001_feature_292,ros1_rearrangement_status,ros1_rearrangement_status:category=Positive,0.0
main,outer_001_feature_292,ros1_rearrangement_status,ros1_rearrangement_status:category=Negative,0.0
main,outer_001_feature_292,ros1_rearrangement_status,ros1_rearrangement_status:category=__missing__,0.0
main,outer_001_feature_293,rsv_infection_status,rsv_infection_status:category=Positive,0.0
main,outer_001_feature_293,rsv_infection_status,rsv_infection_status:category=Negative,0.0
main,outer_001_feature_293,rsv_infection_status,rsv_infection_status:category=__missing__,0.0
main,outer_001_feature_294,scapular_metastasis,scapular_metastasis:category=Present,0.0
main,outer_001_feature_294,scapular_metastasis,scapular_metastasis:category=Absent,0.0
main,outer_001_feature_294,scapular_metastasis,scapular_metastasis:category=__missing__,0.0
main,outer_001_feature_295,serum_albumin,serum_albumin:value,0.03532946909775137
main,outer_001_feature_295,serum_albumin,serum_albumin:missing,0.0
main,outer_001_feature_296,serum_bicarbonate,serum_bicarbonate:value,0.0
main,outer_001_feature_296,serum_bicarbonate,serum_bicarbonate:missing,0.0
main,outer_001_feature_297,serum_calcium,serum_calcium:value,0.07410072346474661
main,outer_001_feature_297,serum_calcium,serum_calcium:missing,0.0
main,outer_001_feature_298,serum_chloride,serum_chloride:value,0.044757699371267404
main,outer_001_feature_298,serum_chloride,serum_chloride:missing,0.0
main,outer_001_feature_299,serum_creatinine,serum_creatinine:value,0.0
main,outer_001_feature_299,serum_creatinine,serum_creatinine:missing,0.0
main,outer_001_feature_300,serum_potassium,serum_potassium:value,0.0
main,outer_001_feature_300,serum_potassium,serum_potassium:missing,0.0
main,outer_001_feature_301,serum_sodium,serum_sodium:value,0.014461125032904035
main,outer_001_feature_301,serum_sodium,serum_sodium:missing,0.0
main,outer_001_feature_302,sex,sex:category=Male,0.0
main,outer_001_feature_302,sex,sex:category=Female,0.0
main,outer_001_feature_302,sex,sex:category=__missing__,0.0
main,outer_001_feature_303,skeletal_compression_fracture,skeletal_compression_fracture:category=Present,0.0
main,outer_001_feature_303,skeletal_compression_fracture,skeletal_compression_fracture:category=Absent,0.0
main,outer_001_feature_303,skeletal_compression_fracture,skeletal_compression_fracture:category=__missing__,0.0
main,outer_001_feature_304,skull_base_lytic_sclerotic_lesions,skull_base_lytic_sclerotic_lesions:category=Present,0.0
main,outer_001_feature_304,skull_base_lytic_sclerotic_lesions,skull_base_lytic_sclerotic_lesions:category=Absent,0.0
main,outer_001_feature_304,skull_base_lytic_sclerotic_lesions,skull_base_lytic_sclerotic_lesions:category=__missing__,0.0
main,outer_001_feature_305,smoking_abstinence_date,smoking_abstinence_date:value,0.0
main,outer_001_feature_305,smoking_abstinence_date,smoking_abstinence_date:missing,0.0
main,outer_001_feature_306,smoking_cessation_duration,smoking_cessation_duration:category=<= 5 years,0.0
main,outer_001_feature_306,smoking_cessation_duration,smoking_cessation_duration:category=5-10 years,0.0
main,outer_001_feature_306,smoking_cessation_duration,smoking_cessation_duration:category=> 10 years,0.0
main,outer_001_feature_306,smoking_cessation_duration,smoking_cessation_duration:category=__missing__,0.0
main,outer_001_feature_307,smoking_status,smoking_status:category=Never smoker,0.0
main,outer_001_feature_307,smoking_status,smoking_status:category=Former smoker,0.0
main,outer_001_feature_307,smoking_status,smoking_status:category=Current smoker,0.0
main,outer_001_feature_307,smoking_status,smoking_status:category=__missing__,0.0
main,outer_001_feature_308,stk11_mutation_status,stk11_mutation_status:category=Mutated,0.0
main,outer_001_feature_308,stk11_mutation_status,stk11_mutation_status:category=Wild-type,0.0
main,outer_001_feature_308,stk11_mutation_status,stk11_mutation_status:category=__missing__,0.0
main,outer_001_feature_309,subdural_hemorrhage,subdural_hemorrhage:category=present,0.0
main,outer_001_feature_309,subdural_hemorrhage,subdural_hemorrhage:category=absent,-0.27060312212380694
main,outer_001_feature_309,subdural_hemorrhage,subdural_hemorrhage:category=__missing__,0.0
main,outer_001_feature_310,sulci_and_cisterns_appearance,sulci_and_cisterns_appearance:category=unremarkable,0.0
main,outer_001_feature_310,sulci_and_cisterns_appearance,sulci_and_cisterns_appearance:category=abnormal,0.0
main,outer_001_feature_310,sulci_and_cisterns_appearance,sulci_and_cisterns_appearance:category=__missing__,0.0
main,outer_001_feature_311,surgical_margin_status,surgical_margin_status:category=Negative,0.0
main,outer_001_feature_311,surgical_margin_status,surgical_margin_status:category=Positive,0.0
main,outer_001_feature_311,surgical_margin_status,surgical_margin_status:category=__missing__,0.0
main,outer_001_feature_312,surgical_procedure,surgical_procedure:category=Yes,0.0
main,outer_001_feature_312,surgical_procedure,surgical_procedure:category=No,0.0
main,outer_001_feature_312,surgical_procedure,surgical_procedure:category=__missing__,0.0
main,outer_001_feature_313,systolic_blood_pressure,systolic_blood_pressure:value,-0.270472060891051
main,outer_001_feature_313,systolic_blood_pressure,systolic_blood_pressure:missing,0.0
main,outer_001_feature_314,t_stage,t_stage:category=T1,0.0
main,outer_001_feature_314,t_stage,t_stage:category=T2a,0.07591461403924009
main,outer_001_feature_314,t_stage,t_stage:category=T2b,0.0
main,outer_001_feature_314,t_stage,t_stage:category=T3,-0.011219301120250701
main,outer_001_feature_314,t_stage,t_stage:category=T4,0.0
main,outer_001_feature_314,t_stage,t_stage:category=__missing__,0.0
main,outer_001_feature_315,targeted_therapy_use,targeted_therapy_use:category=Yes,0.0
main,outer_001_feature_315,targeted_therapy_use,targeted_therapy_use:category=No,0.0
main,outer_001_feature_315,targeted_therapy_use,targeted_therapy_use:category=__missing__,0.0
main,outer_001_feature_316,test_ngs_performed,test_ngs_performed:category=Yes,0.0
main,outer_001_feature_316,test_ngs_performed,test_ngs_performed:category=No,0.0
main,outer_001_feature_316,test_ngs_performed,test_ngs_performed:category=__missing__,0.0
main,outer_001_feature_317,thyromegaly_presence,thyromegaly_presence:category=Present,0.0
main,outer_001_feature_317,thyromegaly_presence,thyromegaly_presence:category=Absent,0.0
main,outer_001_feature_317,thyromegaly_presence,thyromegaly_presence:category=__missing__,0.0
main,outer_001_feature_318,tiotropium_use,tiotropium_use:category=Yes,0.0
main,outer_001_feature_318,tiotropium_use,tiotropium_use:category=No,0.0
main,outer_001_feature_318,tiotropium_use,tiotropium_use:category=__missing__,0.0
main,outer_001_feature_319,tissue_thickening,tissue_thickening:category=Present,0.0
main,outer_001_feature_319,tissue_thickening,tissue_thickening:category=Absent,0.0
main,outer_001_feature_319,tissue_thickening,tissue_thickening:category=__missing__,0.0
main,outer_001_feature_320,tki_therapy_use,tki_therapy_use:category=Yes,0.0
main,outer_001_feature_320,tki_therapy_use,tki_therapy_use:category=No,0.0
main,outer_001_feature_320,tki_therapy_use,tki_therapy_use:category=__missing__,0.0
main,outer_001_feature_321,tobacco_smoking_history,tobacco_smoking_history:value,0.0
main,outer_001_feature_321,tobacco_smoking_history,tobacco_smoking_history:missing,0.0
main,outer_001_feature_322,total_bilirubin,total_bilirubin:value,-0.019907927289803933
main,outer_001_feature_322,total_bilirubin,total_bilirubin:missing,0.0
main,outer_001_feature_323,tp53_mutation_status,tp53_mutation_status:category=Mutant,0.0
main,outer_001_feature_323,tp53_mutation_status,tp53_mutation_status:category=Wild-type,0.0
main,outer_001_feature_323,tp53_mutation_status,tp53_mutation_status:category=__missing__,0.0
main,outer_001_feature_324,tp53_r273h_mutation_status,tp53_r273h_mutation_status:category=Present,0.0
main,outer_001_feature_324,tp53_r273h_mutation_status,tp53_r273h_mutation_status:category=Absent,0.0
main,outer_001_feature_324,tp53_r273h_mutation_status,tp53_r273h_mutation_status:category=__missing__,0.0
main,outer_001_feature_325,tps_score,tps_score:value,0.0
main,outer_001_feature_325,tps_score,tps_score:missing,0.0
main,outer_001_feature_326,transependymal_flow,transependymal_flow:category=Present,0.0
main,outer_001_feature_326,transependymal_flow,transependymal_flow:category=Absent,0.0
main,outer_001_feature_326,transependymal_flow,transependymal_flow:category=__missing__,0.0
main,outer_001_feature_327,treatment_cycle_frequency,treatment_cycle_frequency:value,0.0
main,outer_001_feature_327,treatment_cycle_frequency,treatment_cycle_frequency:missing,0.0
main,outer_001_feature_328,treatment_goals,treatment_goals:category=ambulation,0.0
main,outer_001_feature_328,treatment_goals,treatment_goals:category=disease progression,0.0
main,outer_001_feature_328,treatment_goals,treatment_goals:category=symptom management,0.0
main,outer_001_feature_328,treatment_goals,treatment_goals:category=__missing__,0.0
main,outer_001_feature_329,treatment_response,treatment_response:category=Complete Response,0.0
main,outer_001_feature_329,treatment_response,treatment_response:category=Partial Response,0.0
main,outer_001_feature_329,treatment_response,treatment_response:category=Stable Disease,0.0
main,outer_001_feature_329,treatment_response,treatment_response:category=Progressive Disease,0.0
main,outer_001_feature_329,treatment_response,treatment_response:category=__missing__,0.0
main,outer_001_feature_330,ttf1_expression,ttf1_expression:category=Positive,0.0
main,outer_001_feature_330,ttf1_expression,ttf1_expression:category=Negative,0.0
main,outer_001_feature_330,ttf1_expression,ttf1_expression:category=__missing__,0.0
main,outer_001_feature_331,tumor_cell_presence,tumor_cell_presence:category=Present,0.0
main,outer_001_feature_331,tumor_cell_presence,tumor_cell_presence:category=Absent,0.0
main,outer_001_feature_331,tumor_cell_presence,tumor_cell_presence:category=__missing__,0.0
main,outer_001_feature_332,tumor_differentiation,tumor_differentiation:category=Well-differentiated,0.0
main,outer_001_feature_332,tumor_differentiation,tumor_differentiation:category=Moderately differentiated,-0.02992545796365662
main,outer_001_feature_332,tumor_differentiation,tumor_differentiation:category=Poorly differentiated,0.0
main,outer_001_feature_332,tumor_differentiation,tumor_differentiation:category=__missing__,0.0
main,outer_001_feature_333,tumor_invasion,tumor_invasion:category=Present,0.0
main,outer_001_feature_333,tumor_invasion,tumor_invasion:category=Absent,0.0
main,outer_001_feature_333,tumor_invasion,tumor_invasion:category=__missing__,0.0
main,outer_001_feature_334,tumor_mutational_burden,tumor_mutational_burden:category=Low,0.0
main,outer_001_feature_334,tumor_mutational_burden,tumor_mutational_burden:category=Intermediate,0.0
main,outer_001_feature_334,tumor_mutational_burden,tumor_mutational_burden:category=High,0.0
main,outer_001_feature_334,tumor_mutational_burden,tumor_mutational_burden:category=__missing__,0.0
main,outer_001_feature_335,ulceration,ulceration:category=Present,0.0
main,outer_001_feature_335,ulceration,ulceration:category=Absent,0.0
main,outer_001_feature_335,ulceration,ulceration:category=__missing__,0.0
main,outer_001_feature_336,unintended_weight_change,unintended_weight_change:value,0.15527243163716148
main,outer_001_feature_336,unintended_weight_change,unintended_weight_change:missing,0.0
main,outer_001_feature_337,variant_allele_frequency,variant_allele_frequency:value,0.0
main,outer_001_feature_337,variant_allele_frequency,variant_allele_frequency:missing,0.0
main,outer_001_feature_338,vasogenic_edema_presence,vasogenic_edema_presence:category=Present,0.0
main,outer_001_feature_338,vasogenic_edema_presence,vasogenic_edema_presence:category=Absent,0.0
main,outer_001_feature_338,vasogenic_edema_presence,vasogenic_edema_presence:category=__missing__,0.0
main,outer_001_feature_339,ventricular_edema,ventricular_edema:category=present,0.0
main,outer_001_feature_339,ventricular_edema,ventricular_edema:category=absent,0.0
main,outer_001_feature_339,ventricular_edema,ventricular_edema:category=__missing__,0.0
main,outer_001_feature_340,ventricular_hemorrhage,ventricular_hemorrhage:category=Present,0.0
main,outer_001_feature_340,ventricular_hemorrhage,ventricular_hemorrhage:category=Absent,0.0
main,outer_001_feature_340,ventricular_hemorrhage,ventricular_hemorrhage:category=__missing__,0.0
main,outer_001_feature_341,ventricular_size,ventricular_size:category=Normal,0.0
main,outer_001_feature_341,ventricular_size,ventricular_size:category=Enlarged,0.0
main,outer_001_feature_341,ventricular_size,ventricular_size:category=__missing__,0.0
main,outer_001_feature_342,vertebral_metastasis_presence,vertebral_metastasis_presence:category=Present,0.0
main,outer_001_feature_342,vertebral_metastasis_presence,vertebral_metastasis_presence:category=Absent,0.0
main,outer_001_feature_342,vertebral_metastasis_presence,vertebral_metastasis_presence:category=__missing__,0.0
main,outer_001_feature_343,vinorelbine_administered,vinorelbine_administered:category=Yes,0.0
main,outer_001_feature_343,vinorelbine_administered,vinorelbine_administered:category=No,0.0
main,outer_001_feature_343,vinorelbine_administered,vinorelbine_administered:category=__missing__,0.0
main,outer_001_feature_344,visual_field_deficit,visual_field_deficit:category=Present,0.0
main,outer_001_feature_344,visual_field_deficit,visual_field_deficit:category=Absent,0.0
main,outer_001_feature_344,visual_field_deficit,visual_field_deficit:category=__missing__,0.0
main,outer_001_feature_345,vitamin_deficiency_anemia,vitamin_deficiency_anemia:category=Present,0.0
main,outer_001_feature_345,vitamin_deficiency_anemia,vitamin_deficiency_anemia:category=Absent,0.0
main,outer_001_feature_345,vitamin_deficiency_anemia,vitamin_deficiency_anemia:category=__missing__,0.0
main,outer_001_feature_346,vitamin_supplement_use,vitamin_supplement_use:category=Yes,0.0
main,outer_001_feature_346,vitamin_supplement_use,vitamin_supplement_use:category=No,0.0
main,outer_001_feature_346,vitamin_supplement_use,vitamin_supplement_use:category=__missing__,0.0
main,outer_001_feature_347,weight,weight:value,0.0
main,outer_001_feature_347,weight,weight:missing,0.0
main,outer_001_feature_348,wheezing_presence,wheezing_presence:category=Present,0.0
main,outer_001_feature_348,wheezing_presence,wheezing_presence:category=Absent,0.0
main,outer_001_feature_348,wheezing_presence,wheezing_presence:category=__missing__,0.0
main,outer_001_feature_349,white_blood_cell_count,white_blood_cell_count:value,-0.03149102621808156
main,outer_001_feature_349,white_blood_cell_count,white_blood_cell_count:missing,0.0
main,outer_001_feature_350,who_grade,who_grade:category=1,0.0
main,outer_001_feature_350,who_grade,who_grade:category=2,0.0
main,outer_001_feature_350,who_grade,who_grade:category=3,0.0
main,outer_001_feature_350,who_grade,who_grade:category=4,0.0
main,outer_001_feature_350,who_grade,who_grade:category=__missing__,0.0
main,outer_001_feature_351,whole_brain_radiation_therapy,whole_brain_radiation_therapy:category=Yes,0.0
main,outer_001_feature_351,whole_brain_radiation_therapy,whole_brain_radiation_therapy:category=No,0.0
main,outer_001_feature_351,whole_brain_radiation_therapy,whole_brain_radiation_therapy:category=__missing__,0.0
main,outer_001_feature_352,zoledronic_acid_dose_frequency,zoledronic_acid_dose_frequency:category=q1 week,0.0
main,outer_001_feature_352,zoledronic_acid_dose_frequency,zoledronic_acid_dose_frequency:category=q2 weeks,0.0
main,outer_001_feature_352,zoledronic_acid_dose_frequency,zoledronic_acid_dose_frequency:category=q4 weeks,0.0
main,outer_001_feature_352,zoledronic_acid_dose_frequency,zoledronic_acid_dose_frequency:category=q3 months,0.0
main,outer_001_feature_352,zoledronic_acid_dose_frequency,zoledronic_acid_dose_frequency:category=once,0.0
main,outer_001_feature_352,zoledronic_acid_dose_frequency,zoledronic_acid_dose_frequency:category=__missing__,0.0
interaction,outer_001_feature_001,absolute_lymphocyte_count,absolute_lymphocyte_count:value,-0.05578496030818175
interaction,outer_001_feature_001,absolute_lymphocyte_count,absolute_lymphocyte_count:missing,0.0
interaction,outer_001_feature_002,absolute_neutrophil_count,absolute_neutrophil_count:value,0.0
interaction,outer_001_feature_002,absolute_neutrophil_count,absolute_neutrophil_count:missing,0.0
interaction,outer_001_feature_003,acetaminophen_administered,acetaminophen_administered:category=Yes,0.0
interaction,outer_001_feature_003,acetaminophen_administered,acetaminophen_administered:category=No,0.0
interaction,outer_001_feature_003,acetaminophen_administered,acetaminophen_administered:category=__missing__,0.0
interaction,outer_001_feature_004,actionable_molecular_alterations,actionable_molecular_alterations:category=Present,0.0
interaction,outer_001_feature_004,actionable_molecular_alterations,actionable_molecular_alterations:category=Absent,0.0
interaction,outer_001_feature_004,actionable_molecular_alterations,actionable_molecular_alterations:category=__missing__,0.0
interaction,outer_001_feature_005,acute_kidney_injury_history,acute_kidney_injury_history:category=Yes,0.0
interaction,outer_001_feature_005,acute_kidney_injury_history,acute_kidney_injury_history:category=No,0.0
interaction,outer_001_feature_005,acute_kidney_injury_history,acute_kidney_injury_history:category=__missing__,0.0
interaction,outer_001_feature_006,adjuvant_chemotherapy_administered,adjuvant_chemotherapy_administered:category=Yes,0.0
interaction,outer_001_feature_006,adjuvant_chemotherapy_administered,adjuvant_chemotherapy_administered:category=No,0.0
interaction,outer_001_feature_006,adjuvant_chemotherapy_administered,adjuvant_chemotherapy_administered:category=__missing__,0.0
interaction,outer_001_feature_007,adrenal_metastasis_presence,adrenal_metastasis_presence:category=Present,0.0
interaction,outer_001_feature_007,adrenal_metastasis_presence,adrenal_metastasis_presence:category=Absent,0.0
interaction,outer_001_feature_007,adrenal_metastasis_presence,adrenal_metastasis_presence:category=__missing__,0.0
interaction,outer_001_feature_008,adrenal_nodule_size,adrenal_nodule_size:value,0.0
interaction,outer_001_feature_008,adrenal_nodule_size,adrenal_nodule_size:missing,0.0
interaction,outer_001_feature_009,age,age:value,0.0
interaction,outer_001_feature_009,age,age:missing,0.0
interaction,outer_001_feature_010,airway_involvement,airway_involvement:category=Present,0.0
interaction,outer_001_feature_010,airway_involvement,airway_involvement:category=Absent,0.0
interaction,outer_001_feature_010,airway_involvement,airway_involvement:category=__missing__,0.0
interaction,outer_001_feature_011,albuterol_use,albuterol_use:category=Yes,0.0
interaction,outer_001_feature_011,albuterol_use,albuterol_use:category=No,0.0
interaction,outer_001_feature_011,albuterol_use,albuterol_use:category=__missing__,0.0
interaction,outer_001_feature_012,alcohol_use,alcohol_use:value,0.0
interaction,outer_001_feature_012,alcohol_use,alcohol_use:missing,0.0
interaction,outer_001_feature_013,alk_mutation_status,alk_mutation_status:category=Wild Type,0.0
interaction,outer_001_feature_013,alk_mutation_status,alk_mutation_status:category=Positive,0.0
interaction,outer_001_feature_013,alk_mutation_status,alk_mutation_status:category=__missing__,0.0
interaction,outer_001_feature_014,alk_rearrangement_status,alk_rearrangement_status:category=Positive,0.0
interaction,outer_001_feature_014,alk_rearrangement_status,alk_rearrangement_status:category=Negative,0.0
interaction,outer_001_feature_014,alk_rearrangement_status,alk_rearrangement_status:category=__missing__,0.0
interaction,outer_001_feature_015,alkaline_phosphatase_level,alkaline_phosphatase_level:value,-0.10208543014699256
interaction,outer_001_feature_015,alkaline_phosphatase_level,alkaline_phosphatase_level:missing,0.0
interaction,outer_001_feature_016,alt_level,alt_level:value,0.0
interaction,outer_001_feature_016,alt_level,alt_level:missing,0.0
interaction,outer_001_feature_017,ambulation_status,ambulation_status:category=Independent,0.0
interaction,outer_001_feature_017,ambulation_status,ambulation_status:category=Assisted,0.0
interaction,outer_001_feature_017,ambulation_status,ambulation_status:category=Non-ambulatory,0.0
interaction,outer_001_feature_017,ambulation_status,ambulation_status:category=__missing__,0.0
interaction,outer_001_feature_018,anemia_type,anemia_type:category=microcytic,0.0
interaction,outer_001_feature_018,anemia_type,anemia_type:category=normocytic,0.0
interaction,outer_001_feature_018,anemia_type,anemia_type:category=macrocytic,0.0
interaction,outer_001_feature_018,anemia_type,anemia_type:category=__missing__,0.0
interaction,outer_001_feature_019,anticoagulant_use,anticoagulant_use:category=Yes,0.0
interaction,outer_001_feature_019,anticoagulant_use,anticoagulant_use:category=No,0.0
interaction,outer_001_feature_019,anticoagulant_use,anticoagulant_use:category=__missing__,0.0
interaction,outer_001_feature_020,antidiabetic_use,antidiabetic_use:category=Yes,0.0
interaction,outer_001_feature_020,antidiabetic_use,antidiabetic_use:category=No,0.0
interaction,outer_001_feature_020,antidiabetic_use,antidiabetic_use:category=__missing__,0.0
interaction,outer_001_feature_021,antihypertensive_use,antihypertensive_use:category=Yes,0.0
interaction,outer_001_feature_021,antihypertensive_use,antihypertensive_use:category=No,0.0
interaction,outer_001_feature_021,antihypertensive_use,antihypertensive_use:category=__missing__,0.0
interaction,outer_001_feature_022,anxiety_present,anxiety_present:category=Present,0.0
interaction,outer_001_feature_022,anxiety_present,anxiety_present:category=Absent,0.0
interaction,outer_001_feature_022,anxiety_present,anxiety_present:category=__missing__,0.0
interaction,outer_001_feature_023,appendectomy_history,appendectomy_history:category=Yes,0.0
interaction,outer_001_feature_023,appendectomy_history,appendectomy_history:category=No,0.0
interaction,outer_001_feature_023,appendectomy_history,appendectomy_history:category=__missing__,0.0
interaction,outer_001_feature_024,appetite_status,appetite_status:category=Normal,0.0
interaction,outer_001_feature_024,appetite_status,appetite_status:category=Decreased,0.0
interaction,outer_001_feature_024,appetite_status,appetite_status:category=__missing__,0.0
interaction,outer_001_feature_025,asbestos_exposure_history,asbestos_exposure_history:category=Yes,0.0
interaction,outer_001_feature_025,asbestos_exposure_history,asbestos_exposure_history:category=No,0.0
interaction,outer_001_feature_025,asbestos_exposure_history,asbestos_exposure_history:category=__missing__,0.0
interaction,outer_001_feature_026,ast_level,ast_level:value,0.0
interaction,outer_001_feature_026,ast_level,ast_level:missing,0.0
interaction,outer_001_feature_027,atorvastatin_dose,atorvastatin_dose:value,0.0
interaction,outer_001_feature_027,atorvastatin_dose,atorvastatin_dose:missing,0.0
interaction,outer_001_feature_028,atrial_fibrillation_presence,atrial_fibrillation_presence:category=Present,0.0
interaction,outer_001_feature_028,atrial_fibrillation_presence,atrial_fibrillation_presence:category=Absent,0.0
interaction,outer_001_feature_028,atrial_fibrillation_presence,atrial_fibrillation_presence:category=__missing__,0.0
interaction,outer_001_feature_029,audiogram_status,audiogram_status:category=Normal,0.0
interaction,outer_001_feature_029,audiogram_status,audiogram_status:category=Abnormal,0.0
interaction,outer_001_feature_029,audiogram_status,audiogram_status:category=__missing__,0.0
interaction,outer_001_feature_030,axial_structure_abnormality,axial_structure_abnormality:category=Present,0.0
interaction,outer_001_feature_030,axial_structure_abnormality,axial_structure_abnormality:category=Absent,0.0
interaction,outer_001_feature_030,axial_structure_abnormality,axial_structure_abnormality:category=__missing__,0.0
interaction,outer_001_feature_031,azithromycin_use,azithromycin_use:category=Yes,0.0
interaction,outer_001_feature_031,azithromycin_use,azithromycin_use:category=No,0.0
interaction,outer_001_feature_031,azithromycin_use,azithromycin_use:category=__missing__,0.0
interaction,outer_001_feature_032,biomarker_egfr_status,biomarker_egfr_status:category=Wild type,0.0
interaction,outer_001_feature_032,biomarker_egfr_status,biomarker_egfr_status:category=Mutant,0.0
interaction,outer_001_feature_032,biomarker_egfr_status,biomarker_egfr_status:category=__missing__,0.0
interaction,outer_001_feature_033,biomarker_fgfr_status,biomarker_fgfr_status:value,0.0
interaction,outer_001_feature_033,biomarker_fgfr_status,biomarker_fgfr_status:missing,0.0
interaction,outer_001_feature_034,biopsy_method,biopsy_method:category=Bronchoscopic,0.0
interaction,outer_001_feature_034,biopsy_method,biopsy_method:category=Needle biopsy,0.0
interaction,outer_001_feature_034,biopsy_method,biopsy_method:category=__missing__,0.0
interaction,outer_001_feature_035,bisphosphonate_therapy_status,bisphosphonate_therapy_status:category=Yes,0.0
interaction,outer_001_feature_035,bisphosphonate_therapy_status,bisphosphonate_therapy_status:category=No,0.0
interaction,outer_001_feature_035,bisphosphonate_therapy_status,bisphosphonate_therapy_status:category=__missing__,0.0
interaction,outer_001_feature_036,blood_pressure,blood_pressure:value,0.0
interaction,outer_001_feature_036,blood_pressure,blood_pressure:missing,0.0
interaction,outer_001_feature_037,blood_urea_nitrogen,blood_urea_nitrogen:value,0.0
interaction,outer_001_feature_037,blood_urea_nitrogen,blood_urea_nitrogen:missing,0.0
interaction,outer_001_feature_038,bmi,bmi:value,0.0
interaction,outer_001_feature_038,bmi,bmi:missing,0.0
interaction,outer_001_feature_039,body_temperature,body_temperature:value,0.0
interaction,outer_001_feature_039,body_temperature,body_temperature:missing,0.0
interaction,outer_001_feature_040,body_weight,body_weight:value,0.0
interaction,outer_001_feature_040,body_weight,body_weight:missing,0.0
interaction,outer_001_feature_041,bolus_dose_confirmed,bolus_dose_confirmed:category=Confirmed,0.0
interaction,outer_001_feature_041,bolus_dose_confirmed,bolus_dose_confirmed:category=Not Confirmed,0.0
interaction,outer_001_feature_041,bolus_dose_confirmed,bolus_dose_confirmed:category=__missing__,0.0
interaction,outer_001_feature_042,bone_lesion_characteristics,bone_lesion_characteristics:category=Lytic,0.0
interaction,outer_001_feature_042,bone_lesion_characteristics,bone_lesion_characteristics:category=Blastic,0.0
interaction,outer_001_feature_042,bone_lesion_characteristics,bone_lesion_characteristics:category=Mixed,0.0
interaction,outer_001_feature_042,bone_lesion_characteristics,bone_lesion_characteristics:category=__missing__,0.0
interaction,outer_001_feature_043,bone_metastasis_presence,bone_metastasis_presence:category=present,0.0
interaction,outer_001_feature_043,bone_metastasis_presence,bone_metastasis_presence:category=absent,0.0
interaction,outer_001_feature_043,bone_metastasis_presence,bone_metastasis_presence:category=__missing__,0.0
interaction,outer_001_feature_044,bone_pain_location,bone_pain_location:category=Thoracic spine,0.0
interaction,outer_001_feature_044,bone_pain_location,bone_pain_location:category=Lumbar spine,0.0
interaction,outer_001_feature_044,bone_pain_location,bone_pain_location:category=Femur,0.0
interaction,outer_001_feature_044,bone_pain_location,bone_pain_location:category=Pelvis,0.0
interaction,outer_001_feature_044,bone_pain_location,bone_pain_location:category=Cervical spine,0.0
interaction,outer_001_feature_044,bone_pain_location,bone_pain_location:category=Other,0.0
interaction,outer_001_feature_044,bone_pain_location,bone_pain_location:category=__missing__,0.0
interaction,outer_001_feature_045,bone_pain_status,bone_pain_status:category=Present,0.0
interaction,outer_001_feature_045,bone_pain_status,bone_pain_status:category=Absent,0.0
interaction,outer_001_feature_045,bone_pain_status,bone_pain_status:category=__missing__,0.0
interaction,outer_001_feature_046,booster_vaccination_indication,booster_vaccination_indication:category=Indicated,0.0
interaction,outer_001_feature_046,booster_vaccination_indication,booster_vaccination_indication:category=Not indicated,0.0
interaction,outer_001_feature_046,booster_vaccination_indication,booster_vaccination_indication:category=__missing__,0.0
interaction,outer_001_feature_047,braf_mutation_status,braf_mutation_status:category=Wild-type,0.0
interaction,outer_001_feature_047,braf_mutation_status,braf_mutation_status:category=Mutated,0.0
interaction,outer_001_feature_047,braf_mutation_status,braf_mutation_status:category=__missing__,0.0
interaction,outer_001_feature_048,brain_edema_status,brain_edema_status:category=Present,0.0
interaction,outer_001_feature_048,brain_edema_status,brain_edema_status:category=Absent,0.0
interaction,outer_001_feature_048,brain_edema_status,brain_edema_status:category=__missing__,0.0
interaction,outer_001_feature_049,brain_lesion_count,brain_lesion_count:value,0.042860163248686724
interaction,outer_001_feature_049,brain_lesion_count,brain_lesion_count:missing,0.0
interaction,outer_001_feature_050,brain_lesion_size,brain_lesion_size:value,0.0
interaction,outer_001_feature_050,brain_lesion_size,brain_lesion_size:missing,0.0
interaction,outer_001_feature_051,brain_metastases_location,brain_metastases_location:category=Frontal,0.0
interaction,outer_001_feature_051,brain_metastases_location,brain_metastases_location:category=Parietal,0.0
interaction,outer_001_feature_051,brain_metastases_location,brain_metastases_location:category=Temporal,0.0
interaction,outer_001_feature_051,brain_metastases_location,brain_metastases_location:category=Occipital,0.0
interaction,outer_001_feature_051,brain_metastases_location,brain_metastases_location:category=__missing__,0.0
interaction,outer_001_feature_052,brain_metastases_presence,brain_metastases_presence:category=present,0.0
interaction,outer_001_feature_052,brain_metastases_presence,brain_metastases_presence:category=absent,0.0
interaction,outer_001_feature_052,brain_metastases_presence,brain_metastases_presence:category=__missing__,0.0
interaction,outer_001_feature_053,brain_structure_enhancement,brain_structure_enhancement:category=Present,0.0
interaction,outer_001_feature_053,brain_structure_enhancement,brain_structure_enhancement:category=Absent,0.0
interaction,outer_001_feature_053,brain_structure_enhancement,brain_structure_enhancement:category=__missing__,0.0
interaction,outer_001_feature_054,brainstem_signal,brainstem_signal:category=Normal,0.0
interaction,outer_001_feature_054,brainstem_signal,brainstem_signal:category=Abnormal,0.0
interaction,outer_001_feature_054,brainstem_signal,brainstem_signal:category=__missing__,0.0
interaction,outer_001_feature_055,brainstem_size,brainstem_size:category=Normal,0.0
interaction,outer_001_feature_055,brainstem_size,brainstem_size:category=Abnormal,0.0
interaction,outer_001_feature_055,brainstem_size,brainstem_size:category=__missing__,0.0
interaction,outer_001_feature_056,calorie_intake,calorie_intake:category=low,0.0
interaction,outer_001_feature_056,calorie_intake,calorie_intake:category=adequate,0.0
interaction,outer_001_feature_056,calorie_intake,calorie_intake:category=high,0.0
interaction,outer_001_feature_056,calorie_intake,calorie_intake:category=__missing__,0.0
interaction,outer_001_feature_057,calvarium_lytic_sclerotic_lesions,calvarium_lytic_sclerotic_lesions:category=Present,0.0
interaction,outer_001_feature_057,calvarium_lytic_sclerotic_lesions,calvarium_lytic_sclerotic_lesions:category=Absent,0.0
interaction,outer_001_feature_057,calvarium_lytic_sclerotic_lesions,calvarium_lytic_sclerotic_lesions:category=__missing__,0.0
interaction,outer_001_feature_058,cancer_diagnosis,cancer_diagnosis:category=Yes,0.0
interaction,outer_001_feature_058,cancer_diagnosis,cancer_diagnosis:category=No,0.0
interaction,outer_001_feature_058,cancer_diagnosis,cancer_diagnosis:category=__missing__,0.0
interaction,outer_001_feature_059,cancer_location,cancer_location:category=Lung,0.0
interaction,outer_001_feature_059,cancer_location,cancer_location:category=Upper Abdomen,0.0
interaction,outer_001_feature_059,cancer_location,cancer_location:category=Iliac Crest,0.0
interaction,outer_001_feature_059,cancer_location,cancer_location:category=Liver Segment VII,0.0
interaction,outer_001_feature_059,cancer_location,cancer_location:category=__missing__,0.0
interaction,outer_001_feature_060,cancer_related_fatigue_severity,cancer_related_fatigue_severity:category=0,0.0
interaction,outer_001_feature_060,cancer_related_fatigue_severity,cancer_related_fatigue_severity:category=1,0.0
interaction,outer_001_feature_060,cancer_related_fatigue_severity,cancer_related_fatigue_severity:category=2,0.0
interaction,outer_001_feature_060,cancer_related_fatigue_severity,cancer_related_fatigue_severity:category=3,0.0
interaction,outer_001_feature_060,cancer_related_fatigue_severity,cancer_related_fatigue_severity:category=4,0.0
interaction,outer_001_feature_060,cancer_related_fatigue_severity,cancer_related_fatigue_severity:category=__missing__,0.0
interaction,outer_001_feature_061,carboplatin_administered,carboplatin_administered:category=Yes,0.0
interaction,outer_001_feature_061,carboplatin_administered,carboplatin_administered:category=No,0.0
interaction,outer_001_feature_061,carboplatin_administered,carboplatin_administered:category=__missing__,0.0
interaction,outer_001_feature_062,cataracts,cataracts:category=Present,0.0
interaction,outer_001_feature_062,cataracts,cataracts:category=Absent,0.0
interaction,outer_001_feature_062,cataracts,cataracts:category=__missing__,0.0
interaction,outer_001_feature_063,cavernous_sinus_enhancement,cavernous_sinus_enhancement:category=Present,0.0
interaction,outer_001_feature_063,cavernous_sinus_enhancement,cavernous_sinus_enhancement:category=Absent,0.0
interaction,outer_001_feature_063,cavernous_sinus_enhancement,cavernous_sinus_enhancement:category=__missing__,0.0
interaction,outer_001_feature_064,cdkn2a_mutation_status,cdkn2a_mutation_status:category=homozygous deletion,0.0
interaction,outer_001_feature_064,cdkn2a_mutation_status,cdkn2a_mutation_status:category=wild-type,0.0
interaction,outer_001_feature_064,cdkn2a_mutation_status,cdkn2a_mutation_status:category=__missing__,0.0
interaction,outer_001_feature_065,cea_level,cea_level:value,0.0
interaction,outer_001_feature_065,cea_level,cea_level:missing,0.0
interaction,outer_001_feature_066,cefepime_use,cefepime_use:category=Yes,0.0
interaction,outer_001_feature_066,cefepime_use,cefepime_use:category=No,0.0
interaction,outer_001_feature_066,cefepime_use,cefepime_use:category=__missing__,0.0
interaction,outer_001_feature_067,cerebellar_hemisphere_signal,cerebellar_hemisphere_signal:category=Normal,0.0
interaction,outer_001_feature_067,cerebellar_hemisphere_signal,cerebellar_hemisphere_signal:category=Abnormal,0.0
interaction,outer_001_feature_067,cerebellar_hemisphere_signal,cerebellar_hemisphere_signal:category=__missing__,0.0
interaction,outer_001_feature_068,cerebellar_hemisphere_size,cerebellar_hemisphere_size:category=normal,0.0
interaction,outer_001_feature_068,cerebellar_hemisphere_size,cerebellar_hemisphere_size:category=enlarged,0.0
interaction,outer_001_feature_068,cerebellar_hemisphere_size,cerebellar_hemisphere_size:category=atrophic,0.0
interaction,outer_001_feature_068,cerebellar_hemisphere_size,cerebellar_hemisphere_size:category=small,0.0
interaction,outer_001_feature_068,cerebellar_hemisphere_size,cerebellar_hemisphere_size:category=__missing__,0.0
interaction,outer_001_feature_069,cerebellar_white_matter_lesion_presence,cerebellar_white_matter_lesion_presence:category=Present,0.0
interaction,outer_001_feature_069,cerebellar_white_matter_lesion_presence,cerebellar_white_matter_lesion_presence:category=Absent,0.0
interaction,outer_001_feature_069,cerebellar_white_matter_lesion_presence,cerebellar_white_matter_lesion_presence:category=__missing__,0.0
interaction,outer_001_feature_070,cerebral_gray_matter_signal_intensity,cerebral_gray_matter_signal_intensity:category=normal,0.0
interaction,outer_001_feature_070,cerebral_gray_matter_signal_intensity,cerebral_gray_matter_signal_intensity:category=increased,0.0
interaction,outer_001_feature_070,cerebral_gray_matter_signal_intensity,cerebral_gray_matter_signal_intensity:category=decreased,0.0
interaction,outer_001_feature_070,cerebral_gray_matter_signal_intensity,cerebral_gray_matter_signal_intensity:category=__missing__,0.0
interaction,outer_001_feature_071,cerebral_white_matter_signal_intensity,cerebral_white_matter_signal_intensity:category=Normal,0.0
interaction,outer_001_feature_071,cerebral_white_matter_signal_intensity,cerebral_white_matter_signal_intensity:category=Abnormal,0.0
interaction,outer_001_feature_071,cerebral_white_matter_signal_intensity,cerebral_white_matter_signal_intensity:category=__missing__,0.0
interaction,outer_001_feature_072,chemotherapy_cycle_count,chemotherapy_cycle_count:value,0.0
interaction,outer_001_feature_072,chemotherapy_cycle_count,chemotherapy_cycle_count:missing,0.0
interaction,outer_001_feature_073,chemotherapy_regimen,chemotherapy_regimen:category=Pemetrexed,0.0
interaction,outer_001_feature_073,chemotherapy_regimen,chemotherapy_regimen:category=Cisplatin + Pemetrexed,0.0
interaction,outer_001_feature_073,chemotherapy_regimen,chemotherapy_regimen:category=Taxane-based,0.0
interaction,outer_001_feature_073,chemotherapy_regimen,chemotherapy_regimen:category=__missing__,0.0
interaction,outer_001_feature_074,cholecystectomy_history,cholecystectomy_history:category=Yes,0.0
interaction,outer_001_feature_074,cholecystectomy_history,cholecystectomy_history:category=No,0.0
interaction,outer_001_feature_074,cholecystectomy_history,cholecystectomy_history:category=__missing__,0.0
interaction,outer_001_feature_075,chronic_kidney_disease_stage,chronic_kidney_disease_stage:category=Stage 1,0.0
interaction,outer_001_feature_075,chronic_kidney_disease_stage,chronic_kidney_disease_stage:category=Stage 2,0.0
interaction,outer_001_feature_075,chronic_kidney_disease_stage,chronic_kidney_disease_stage:category=Stage 3,0.0
interaction,outer_001_feature_075,chronic_kidney_disease_stage,chronic_kidney_disease_stage:category=Stage 4,0.0
interaction,outer_001_feature_075,chronic_kidney_disease_stage,chronic_kidney_disease_stage:category=Stage 5,0.0
interaction,outer_001_feature_075,chronic_kidney_disease_stage,chronic_kidney_disease_stage:category=__missing__,0.0
interaction,outer_001_feature_076,ck5_6_expression,ck5_6_expression:category=Positive,0.0
interaction,outer_001_feature_076,ck5_6_expression,ck5_6_expression:category=Negative,0.0
interaction,outer_001_feature_076,ck5_6_expression,ck5_6_expression:category=__missing__,0.0
interaction,outer_001_feature_077,ck7_expression,ck7_expression:category=Positive,0.0
interaction,outer_001_feature_077,ck7_expression,ck7_expression:category=Negative,0.0
interaction,outer_001_feature_077,ck7_expression,ck7_expression:category=__missing__,0.0
interaction,outer_001_feature_078,clinical_decline,clinical_decline:category=Yes,0.0
interaction,outer_001_feature_078,clinical_decline,clinical_decline:category=No,0.0
interaction,outer_001_feature_078,clinical_decline,clinical_decline:category=__missing__,0.0
interaction,outer_001_feature_079,clinical_phenotype,clinical_phenotype:category=mild,0.0
interaction,outer_001_feature_079,clinical_phenotype,clinical_phenotype:category=intermediate,0.0
interaction,outer_001_feature_079,clinical_phenotype,clinical_phenotype:category=severe,0.0
interaction,outer_001_feature_079,clinical_phenotype,clinical_phenotype:category=__missing__,0.0
interaction,outer_001_feature_080,clinical_severity_score,clinical_severity_score:category=0,0.0
interaction,outer_001_feature_080,clinical_severity_score,clinical_severity_score:category=1,0.0
interaction,outer_001_feature_080,clinical_severity_score,clinical_severity_score:category=2,0.0
interaction,outer_001_feature_080,clinical_severity_score,clinical_severity_score:category=3,0.0
interaction,outer_001_feature_080,clinical_severity_score,clinical_severity_score:category=4,0.0
interaction,outer_001_feature_080,clinical_severity_score,clinical_severity_score:category=__missing__,0.0
interaction,outer_001_feature_081,community_acquired_pneumonia_presence,community_acquired_pneumonia_presence:category=Present,0.0
interaction,outer_001_feature_081,community_acquired_pneumonia_presence,community_acquired_pneumonia_presence:category=Absent,0.0
interaction,outer_001_feature_081,community_acquired_pneumonia_presence,community_acquired_pneumonia_presence:category=__missing__,0.0
interaction,outer_001_feature_082,comorbidities,comorbidities:value,0.0
interaction,outer_001_feature_082,comorbidities,comorbidities:missing,0.0
interaction,outer_001_feature_083,complete_blood_count_result,complete_blood_count_result:category=Normal,0.0
interaction,outer_001_feature_083,complete_blood_count_result,complete_blood_count_result:category=Abnormal,0.0
interaction,outer_001_feature_083,complete_blood_count_result,complete_blood_count_result:category=__missing__,0.0
interaction,outer_001_feature_084,comprehensive_metabolic_panel_result,comprehensive_metabolic_panel_result:category=Normal,0.0
interaction,outer_001_feature_084,comprehensive_metabolic_panel_result,comprehensive_metabolic_panel_result:category=Abnormal,0.0
interaction,outer_001_feature_084,comprehensive_metabolic_panel_result,comprehensive_metabolic_panel_result:category=__missing__,0.0
interaction,outer_001_feature_085,confusion_present,confusion_present:category=present,0.0
interaction,outer_001_feature_085,confusion_present,confusion_present:category=absent,0.0
interaction,outer_001_feature_085,confusion_present,confusion_present:category=__missing__,0.0
interaction,outer_001_feature_086,contrast_agent_concentration,contrast_agent_concentration:value,0.0
interaction,outer_001_feature_086,contrast_agent_concentration,contrast_agent_concentration:missing,0.0
interaction,outer_001_feature_087,copd_presence,copd_presence:category=Present,0.0
interaction,outer_001_feature_087,copd_presence,copd_presence:category=Absent,0.0
interaction,outer_001_feature_087,copd_presence,copd_presence:category=__missing__,0.0
interaction,outer_001_feature_088,copd_severity,copd_severity:category=Mild,0.0
interaction,outer_001_feature_088,copd_severity,copd_severity:category=Moderate,0.0
interaction,outer_001_feature_088,copd_severity,copd_severity:category=Severe,0.0
interaction,outer_001_feature_088,copd_severity,copd_severity:category=Very Severe,0.0
interaction,outer_001_feature_088,copd_severity,copd_severity:category=__missing__,0.0
interaction,outer_001_feature_089,coronary_artery_disease,coronary_artery_disease:category=Present,0.0
interaction,outer_001_feature_089,coronary_artery_disease,coronary_artery_disease:category=Absent,0.0
interaction,outer_001_feature_089,coronary_artery_disease,coronary_artery_disease:category=__missing__,0.0
interaction,outer_001_feature_090,cough_presence,cough_presence:category=present,0.0
interaction,outer_001_feature_090,cough_presence,cough_presence:category=absent,0.0
interaction,outer_001_feature_090,cough_presence,cough_presence:category=__missing__,0.0
interaction,outer_001_feature_091,cough_productivity,cough_productivity:category=productive,0.0
interaction,outer_001_feature_091,cough_productivity,cough_productivity:category=non-productive,0.0
interaction,outer_001_feature_091,cough_productivity,cough_productivity:category=__missing__,0.0
interaction,outer_001_feature_092,cough_severity,cough_severity:category=1,0.0
interaction,outer_001_feature_092,cough_severity,cough_severity:category=2,0.0
interaction,outer_001_feature_092,cough_severity,cough_severity:category=3,0.0
interaction,outer_001_feature_092,cough_severity,cough_severity:category=4,0.0
interaction,outer_001_feature_092,cough_severity,cough_severity:category=__missing__,0.0
interaction,outer_001_feature_093,covid19_infection_status,covid19_infection_status:category=Positive,0.0
interaction,outer_001_feature_093,covid19_infection_status,covid19_infection_status:category=Negative,0.0
interaction,outer_001_feature_093,covid19_infection_status,covid19_infection_status:category=__missing__,0.0
interaction,outer_001_feature_094,cranial_nerve_ii_vi_status,cranial_nerve_ii_vi_status:category=unremarkable,0.0
interaction,outer_001_feature_094,cranial_nerve_ii_vi_status,cranial_nerve_ii_vi_status:category=abnormal,0.0
interaction,outer_001_feature_094,cranial_nerve_ii_vi_status,cranial_nerve_ii_vi_status:category=__missing__,0.0
interaction,outer_001_feature_095,creatinine_clearance,creatinine_clearance:value,0.04238221100360584
interaction,outer_001_feature_095,creatinine_clearance,creatinine_clearance:missing,0.0
interaction,outer_001_feature_096,creatinine_level,creatinine_level:value,0.0
interaction,outer_001_feature_096,creatinine_level,creatinine_level:missing,0.0
interaction,outer_001_feature_097,crp_level,crp_level:value,0.0
interaction,outer_001_feature_097,crp_level,crp_level:missing,0.0
interaction,outer_001_feature_098,current_medications,current_medications:category=Yes,0.0
interaction,outer_001_feature_098,current_medications,current_medications:category=No,0.0
interaction,outer_001_feature_098,current_medications,current_medications:category=__missing__,0.0
interaction,outer_001_feature_099,deconditioning,deconditioning:category=mild,0.0
interaction,outer_001_feature_099,deconditioning,deconditioning:category=moderate,0.0
interaction,outer_001_feature_099,deconditioning,deconditioning:category=severe,0.0
interaction,outer_001_feature_099,deconditioning,deconditioning:category=__missing__,0.0
interaction,outer_001_feature_100,diastolic_blood_pressure,diastolic_blood_pressure:value,0.0
interaction,outer_001_feature_100,diastolic_blood_pressure,diastolic_blood_pressure:missing,0.0
interaction,outer_001_feature_101,disease_recurrence,disease_recurrence:category=Present,0.0
interaction,outer_001_feature_101,disease_recurrence,disease_recurrence:category=Absent,0.0
interaction,outer_001_feature_101,disease_recurrence,disease_recurrence:category=__missing__,0.0
interaction,outer_001_feature_102,disease_status,disease_status:category=No Evidence of Disease,0.0
interaction,outer_001_feature_102,disease_status,disease_status:category=Active Disease,0.0
interaction,outer_001_feature_102,disease_status,disease_status:category=__missing__,0.0
interaction,outer_001_feature_103,dizziness_present,dizziness_present:category=Present,0.0
interaction,outer_001_feature_103,dizziness_present,dizziness_present:category=Absent,0.0
interaction,outer_001_feature_103,dizziness_present,dizziness_present:category=__missing__,0.0
interaction,outer_001_feature_104,dural_sinus_patency,dural_sinus_patency:category=Patent,0.0
interaction,outer_001_feature_104,dural_sinus_patency,dural_sinus_patency:category=Non-patent,0.0
interaction,outer_001_feature_104,dural_sinus_patency,dural_sinus_patency:category=__missing__,0.0
interaction,outer_001_feature_105,dysplasia_status,dysplasia_status:category=Present,0.0
interaction,outer_001_feature_105,dysplasia_status,dysplasia_status:category=Absent,0.0
interaction,outer_001_feature_105,dysplasia_status,dysplasia_status:category=__missing__,0.0
interaction,outer_001_feature_106,dyspnea,dyspnea:category=None,0.0
interaction,outer_001_feature_106,dyspnea,dyspnea:category=Mild,0.0
interaction,outer_001_feature_106,dyspnea,dyspnea:category=Moderate,0.0
interaction,outer_001_feature_106,dyspnea,dyspnea:category=Severe,0.0
interaction,outer_001_feature_106,dyspnea,dyspnea:category=Life-threatening,0.0
interaction,outer_001_feature_106,dyspnea,dyspnea:category=__missing__,0.0
interaction,outer_001_feature_107,dyspnea_on_exertion,dyspnea_on_exertion:category=Present,0.0
interaction,outer_001_feature_107,dyspnea_on_exertion,dyspnea_on_exertion:category=Absent,0.0
interaction,outer_001_feature_107,dyspnea_on_exertion,dyspnea_on_exertion:category=__missing__,0.0
interaction,outer_001_feature_108,dyspnea_severity,dyspnea_severity:category=0,0.0
interaction,outer_001_feature_108,dyspnea_severity,dyspnea_severity:category=1,0.0
interaction,outer_001_feature_108,dyspnea_severity,dyspnea_severity:category=2,0.0
interaction,outer_001_feature_108,dyspnea_severity,dyspnea_severity:category=3,0.0
interaction,outer_001_feature_108,dyspnea_severity,dyspnea_severity:category=4,0.0
interaction,outer_001_feature_108,dyspnea_severity,dyspnea_severity:category=__missing__,0.0
interaction,outer_001_feature_109,ecog_performance_status,ecog_performance_status:category=0,0.0
interaction,outer_001_feature_109,ecog_performance_status,ecog_performance_status:category=1,0.0
interaction,outer_001_feature_109,ecog_performance_status,ecog_performance_status:category=2,0.0
interaction,outer_001_feature_109,ecog_performance_status,ecog_performance_status:category=3,0.0
interaction,outer_001_feature_109,ecog_performance_status,ecog_performance_status:category=4,0.0
interaction,outer_001_feature_109,ecog_performance_status,ecog_performance_status:category=5,0.0
interaction,outer_001_feature_109,ecog_performance_status,ecog_performance_status:category=__missing__,0.0
interaction,outer_001_feature_110,edema_presence,edema_presence:category=present,0.0
interaction,outer_001_feature_110,edema_presence,edema_presence:category=absent,0.0
interaction,outer_001_feature_110,edema_presence,edema_presence:category=__missing__,0.0
interaction,outer_001_feature_111,egfr_mutation_status,egfr_mutation_status:category=Wild-type,0.0
interaction,outer_001_feature_111,egfr_mutation_status,egfr_mutation_status:category=Mutant,0.0
interaction,outer_001_feature_111,egfr_mutation_status,egfr_mutation_status:category=__missing__,0.0
interaction,outer_001_feature_112,embolism_presence,embolism_presence:category=Present,0.0
interaction,outer_001_feature_112,embolism_presence,embolism_presence:category=Absent,0.0
interaction,outer_001_feature_112,embolism_presence,embolism_presence:category=__missing__,0.0
interaction,outer_001_feature_113,emphysema,emphysema:category=Present,0.0
interaction,outer_001_feature_113,emphysema,emphysema:category=Absent,0.0
interaction,outer_001_feature_113,emphysema,emphysema:category=__missing__,0.0
interaction,outer_001_feature_114,employment_status,employment_status:category=Employed,0.0
interaction,outer_001_feature_114,employment_status,employment_status:category=Retired,0.0
interaction,outer_001_feature_114,employment_status,employment_status:category=Unemployed,0.0
interaction,outer_001_feature_114,employment_status,employment_status:category=Student,0.0
interaction,outer_001_feature_114,employment_status,employment_status:category=Disabled,0.0
interaction,outer_001_feature_114,employment_status,employment_status:category=__missing__,0.0
interaction,outer_001_feature_115,enzyme_elevation,enzyme_elevation:category=Present,0.0
interaction,outer_001_feature_115,enzyme_elevation,enzyme_elevation:category=Absent,0.0
interaction,outer_001_feature_115,enzyme_elevation,enzyme_elevation:category=__missing__,0.0
interaction,outer_001_feature_116,eortc_qlq_c30_cognitive_function,eortc_qlq_c30_cognitive_function:value,0.0
interaction,outer_001_feature_116,eortc_qlq_c30_cognitive_function,eortc_qlq_c30_cognitive_function:missing,0.0
interaction,outer_001_feature_117,eortc_qlq_c30_emotional_function,eortc_qlq_c30_emotional_function:value,0.0
interaction,outer_001_feature_117,eortc_qlq_c30_emotional_function,eortc_qlq_c30_emotional_function:missing,0.0
interaction,outer_001_feature_118,eortc_qlq_c30_global_health,eortc_qlq_c30_global_health:value,0.0
interaction,outer_001_feature_118,eortc_qlq_c30_global_health,eortc_qlq_c30_global_health:missing,0.0
interaction,outer_001_feature_119,eortc_qlq_c30_nausea,eortc_qlq_c30_nausea:value,0.0
interaction,outer_001_feature_119,eortc_qlq_c30_nausea,eortc_qlq_c30_nausea:missing,0.0
interaction,outer_001_feature_120,eortc_qlq_c30_physical_function,eortc_qlq_c30_physical_function:value,0.0
interaction,outer_001_feature_120,eortc_qlq_c30_physical_function,eortc_qlq_c30_physical_function:missing,0.0
interaction,outer_001_feature_121,eortc_qlq_c30_social_function,eortc_qlq_c30_social_function:value,0.0
interaction,outer_001_feature_121,eortc_qlq_c30_social_function,eortc_qlq_c30_social_function:missing,0.0
interaction,outer_001_feature_122,epidural_hemorrhage,epidural_hemorrhage:category=present,0.0
interaction,outer_001_feature_122,epidural_hemorrhage,epidural_hemorrhage:category=absent,0.0
interaction,outer_001_feature_122,epidural_hemorrhage,epidural_hemorrhage:category=__missing__,0.0
interaction,outer_001_feature_123,erythema_presence,erythema_presence:category=Present,0.0
interaction,outer_001_feature_123,erythema_presence,erythema_presence:category=Absent,0.0
interaction,outer_001_feature_123,erythema_presence,erythema_presence:category=__missing__,0.0
interaction,outer_001_feature_124,esophagitis,esophagitis:category=Present,0.0
interaction,outer_001_feature_124,esophagitis,esophagitis:category=Absent,0.0
interaction,outer_001_feature_124,esophagitis,esophagitis:category=__missing__,0.0
interaction,outer_001_feature_125,estimated_glomerular_filtration_rate,estimated_glomerular_filtration_rate:value,0.0
interaction,outer_001_feature_125,estimated_glomerular_filtration_rate,estimated_glomerular_filtration_rate:missing,0.0
interaction,outer_001_feature_126,exercise_duration,exercise_duration:value,0.0
interaction,outer_001_feature_126,exercise_duration,exercise_duration:missing,0.0
interaction,outer_001_feature_127,extra_axial_fluid_collection,extra_axial_fluid_collection:category=Present,0.0
interaction,outer_001_feature_127,extra_axial_fluid_collection,extra_axial_fluid_collection:category=Absent,0.0
interaction,outer_001_feature_127,extra_axial_fluid_collection,extra_axial_fluid_collection:category=__missing__,0.0
interaction,outer_001_feature_128,extra_ocular_muscle_appearance,extra_ocular_muscle_appearance:category=Normal,0.0
interaction,outer_001_feature_128,extra_ocular_muscle_appearance,extra_ocular_muscle_appearance:category=Abnormal,0.0
interaction,outer_001_feature_128,extra_ocular_muscle_appearance,extra_ocular_muscle_appearance:category=__missing__,0.0
interaction,outer_001_feature_129,extremity_exam_findings,extremity_exam_findings:category=Normal,0.0
interaction,outer_001_feature_129,extremity_exam_findings,extremity_exam_findings:category=Abnormal,0.0
interaction,outer_001_feature_129,extremity_exam_findings,extremity_exam_findings:category=__missing__,0.0
interaction,outer_001_feature_130,family_history_of_breast_cancer,family_history_of_breast_cancer:category=Yes,0.0
interaction,outer_001_feature_130,family_history_of_breast_cancer,family_history_of_breast_cancer:category=No,0.0
interaction,outer_001_feature_130,family_history_of_breast_cancer,family_history_of_breast_cancer:category=__missing__,0.0
interaction,outer_001_feature_131,family_history_of_colon_cancer,family_history_of_colon_cancer:category=Yes,0.0
interaction,outer_001_feature_131,family_history_of_colon_cancer,family_history_of_colon_cancer:category=No,0.0
interaction,outer_001_feature_131,family_history_of_colon_cancer,family_history_of_colon_cancer:category=__missing__,0.0
interaction,outer_001_feature_132,family_history_of_lung_cancer,family_history_of_lung_cancer:category=Yes,0.0
interaction,outer_001_feature_132,family_history_of_lung_cancer,family_history_of_lung_cancer:category=No,0.0
interaction,outer_001_feature_132,family_history_of_lung_cancer,family_history_of_lung_cancer:category=__missing__,0.0
interaction,outer_001_feature_133,family_history_of_myocardial_infarction,family_history_of_myocardial_infarction:category=Yes,0.0
interaction,outer_001_feature_133,family_history_of_myocardial_infarction,family_history_of_myocardial_infarction:category=No,0.0
interaction,outer_001_feature_133,family_history_of_myocardial_infarction,family_history_of_myocardial_infarction:category=__missing__,0.0
interaction,outer_001_feature_134,fatigue,fatigue:category=0,0.0
interaction,outer_001_feature_134,fatigue,fatigue:category=1,0.0
interaction,outer_001_feature_134,fatigue,fatigue:category=2,0.0
interaction,outer_001_feature_134,fatigue,fatigue:category=3,0.0
interaction,outer_001_feature_134,fatigue,fatigue:category=4,0.0
interaction,outer_001_feature_134,fatigue,fatigue:category=__missing__,0.0
interaction,outer_001_feature_135,febrile_neutropenia_presence,febrile_neutropenia_presence:category=Present,0.0
interaction,outer_001_feature_135,febrile_neutropenia_presence,febrile_neutropenia_presence:category=Absent,0.0
interaction,outer_001_feature_135,febrile_neutropenia_presence,febrile_neutropenia_presence:category=__missing__,0.0
interaction,outer_001_feature_136,fgfr1_amplification_status,fgfr1_amplification_status:category=Amplified,0.0
interaction,outer_001_feature_136,fgfr1_amplification_status,fgfr1_amplification_status:category=Not Amplified,0.0
interaction,outer_001_feature_136,fgfr1_amplification_status,fgfr1_amplification_status:category=__missing__,0.0
interaction,outer_001_feature_137,focal_intra_axial_lesion,focal_intra_axial_lesion:category=Present,0.0
interaction,outer_001_feature_137,focal_intra_axial_lesion,focal_intra_axial_lesion:category=Absent,0.0
interaction,outer_001_feature_137,focal_intra_axial_lesion,focal_intra_axial_lesion:category=__missing__,0.0
interaction,outer_001_feature_138,gadolinium_contrast_use,gadolinium_contrast_use:category=Yes,0.0
interaction,outer_001_feature_138,gadolinium_contrast_use,gadolinium_contrast_use:category=No,0.0
interaction,outer_001_feature_138,gadolinium_contrast_use,gadolinium_contrast_use:category=__missing__,0.0
interaction,outer_001_feature_139,gemcitabine_tolerance,gemcitabine_tolerance:category=Tolerated,0.0
interaction,outer_001_feature_139,gemcitabine_tolerance,gemcitabine_tolerance:category=Not Tolerated,0.0
interaction,outer_001_feature_139,gemcitabine_tolerance,gemcitabine_tolerance:category=__missing__,0.0
interaction,outer_001_feature_140,gender_identity,gender_identity:category=Male,0.0
interaction,outer_001_feature_140,gender_identity,gender_identity:category=Female,0.0
interaction,outer_001_feature_140,gender_identity,gender_identity:category=Other,0.0
interaction,outer_001_feature_140,gender_identity,gender_identity:category=__missing__,0.0
interaction,outer_001_feature_141,gene_amplification_status,gene_amplification_status:category=Amplified,0.0
interaction,outer_001_feature_141,gene_amplification_status,gene_amplification_status:category=Non-amplified,0.0
interaction,outer_001_feature_141,gene_amplification_status,gene_amplification_status:category=__missing__,0.0
interaction,outer_001_feature_142,genetic_mutation_status,genetic_mutation_status:category=Mutant,0.0
interaction,outer_001_feature_142,genetic_mutation_status,genetic_mutation_status:category=Wild-type,0.0
interaction,outer_001_feature_142,genetic_mutation_status,genetic_mutation_status:category=__missing__,0.0
interaction,outer_001_feature_143,genomic_dna_input_amount,genomic_dna_input_amount:value,0.0
interaction,outer_001_feature_143,genomic_dna_input_amount,genomic_dna_input_amount:missing,0.0
interaction,outer_001_feature_144,gerd_presence,gerd_presence:category=Present,0.0
interaction,outer_001_feature_144,gerd_presence,gerd_presence:category=Absent,0.0
interaction,outer_001_feature_144,gerd_presence,gerd_presence:category=__missing__,0.0
interaction,outer_001_feature_145,globe_appearance,globe_appearance:category=Normal,0.0
interaction,outer_001_feature_145,globe_appearance,globe_appearance:category=Abnormal,0.0
interaction,outer_001_feature_145,globe_appearance,globe_appearance:category=__missing__,0.0
interaction,outer_001_feature_146,glucose_level,glucose_level:value,0.0
interaction,outer_001_feature_146,glucose_level,glucose_level:missing,0.0
interaction,outer_001_feature_147,growth_factor_support_use,growth_factor_support_use:category=Yes,0.0
interaction,outer_001_feature_147,growth_factor_support_use,growth_factor_support_use:category=No,0.0
interaction,outer_001_feature_147,growth_factor_support_use,growth_factor_support_use:category=__missing__,0.0
interaction,outer_001_feature_148,head_shape_and_trauma_status,head_shape_and_trauma_status:category=Normocephalic atraumatic,0.0
interaction,outer_001_feature_148,head_shape_and_trauma_status,head_shape_and_trauma_status:category=Abnormal,0.0
interaction,outer_001_feature_148,head_shape_and_trauma_status,head_shape_and_trauma_status:category=__missing__,0.0
interaction,outer_001_feature_149,headache_presence,headache_presence:category=Present,0.0
interaction,outer_001_feature_149,headache_presence,headache_presence:category=Absent,0.0
interaction,outer_001_feature_149,headache_presence,headache_presence:category=__missing__,0.0
interaction,outer_001_feature_150,heart_rate,heart_rate:value,0.0
interaction,outer_001_feature_150,heart_rate,heart_rate:missing,0.0
interaction,outer_001_feature_151,heent_exam_status,heent_exam_status:category=Normal,0.0
interaction,outer_001_feature_151,heent_exam_status,heent_exam_status:category=Abnormal,0.0
interaction,outer_001_feature_151,heent_exam_status,heent_exam_status:category=__missing__,0.0
interaction,outer_001_feature_152,height,height:value,0.0
interaction,outer_001_feature_152,height,height:missing,0.0
interaction,outer_001_feature_153,hematocrit,hematocrit:value,0.0
interaction,outer_001_feature_153,hematocrit,hematocrit:missing,0.0
interaction,outer_001_feature_154,hematuria,hematuria:category=Present,0.0
interaction,outer_001_feature_154,hematuria,hematuria:category=Absent,0.0
interaction,outer_001_feature_154,hematuria,hematuria:category=__missing__,0.0
interaction,outer_001_feature_155,hemoglobin_level,hemoglobin_level:value,0.0
interaction,outer_001_feature_155,hemoglobin_level,hemoglobin_level:missing,0.0
interaction,outer_001_feature_156,hemoptysis_presence,hemoptysis_presence:category=Present,0.0
interaction,outer_001_feature_156,hemoptysis_presence,hemoptysis_presence:category=Absent,0.0
interaction,outer_001_feature_156,hemoptysis_presence,hemoptysis_presence:category=__missing__,0.0
interaction,outer_001_feature_157,hernia_repair_history,hernia_repair_history:category=Yes,0.0
interaction,outer_001_feature_157,hernia_repair_history,hernia_repair_history:category=No,0.0
interaction,outer_001_feature_157,hernia_repair_history,hernia_repair_history:category=__missing__,0.0
interaction,outer_001_feature_158,hilar_lymphadenopathy_presence,hilar_lymphadenopathy_presence:category=Present,0.0
interaction,outer_001_feature_158,hilar_lymphadenopathy_presence,hilar_lymphadenopathy_presence:category=Absent,0.0
interaction,outer_001_feature_158,hilar_lymphadenopathy_presence,hilar_lymphadenopathy_presence:category=__missing__,0.0
interaction,outer_001_feature_159,hyperlipidemia_status,hyperlipidemia_status:category=Present,0.0
interaction,outer_001_feature_159,hyperlipidemia_status,hyperlipidemia_status:category=Absent,0.0
interaction,outer_001_feature_159,hyperlipidemia_status,hyperlipidemia_status:category=__missing__,0.0
interaction,outer_001_feature_160,hypertension_status,hypertension_status:category=Present,0.0
interaction,outer_001_feature_160,hypertension_status,hypertension_status:category=Absent,0.0
interaction,outer_001_feature_160,hypertension_status,hypertension_status:category=__missing__,0.0
interaction,outer_001_feature_161,hypothyroidism_presence,hypothyroidism_presence:category=Present,0.0
interaction,outer_001_feature_161,hypothyroidism_presence,hypothyroidism_presence:category=Absent,0.0
interaction,outer_001_feature_161,hypothyroidism_presence,hypothyroidism_presence:category=__missing__,0.0
interaction,outer_001_feature_162,illicit_drug_use,illicit_drug_use:category=Yes,0.0
interaction,outer_001_feature_162,illicit_drug_use,illicit_drug_use:category=No,0.0
interaction,outer_001_feature_162,illicit_drug_use,illicit_drug_use:category=__missing__,0.0
interaction,outer_001_feature_163,imaging_ct_scan_performed,imaging_ct_scan_performed:category=Yes,0.0
interaction,outer_001_feature_163,imaging_ct_scan_performed,imaging_ct_scan_performed:category=No,0.0
interaction,outer_001_feature_163,imaging_ct_scan_performed,imaging_ct_scan_performed:category=__missing__,0.0
interaction,outer_001_feature_164,imaging_finding_cerebellar_fdg_uptake,imaging_finding_cerebellar_fdg_uptake:category=Normal,0.0
interaction,outer_001_feature_164,imaging_finding_cerebellar_fdg_uptake,imaging_finding_cerebellar_fdg_uptake:category=Decreased,0.0
interaction,outer_001_feature_164,imaging_finding_cerebellar_fdg_uptake,imaging_finding_cerebellar_fdg_uptake:category=Increased,0.0
interaction,outer_001_feature_164,imaging_finding_cerebellar_fdg_uptake,imaging_finding_cerebellar_fdg_uptake:category=__missing__,0.0
interaction,outer_001_feature_165,imaging_finding_right_lower_lobe_mass,imaging_finding_right_lower_lobe_mass:category=Present,0.0
interaction,outer_001_feature_165,imaging_finding_right_lower_lobe_mass,imaging_finding_right_lower_lobe_mass:category=Absent,0.0
interaction,outer_001_feature_165,imaging_finding_right_lower_lobe_mass,imaging_finding_right_lower_lobe_mass:category=__missing__,0.0
interaction,outer_001_feature_166,imaging_finding_upper_lobe_mass,imaging_finding_upper_lobe_mass:category=Present,0.0
interaction,outer_001_feature_166,imaging_finding_upper_lobe_mass,imaging_finding_upper_lobe_mass:category=Absent,0.0
interaction,outer_001_feature_166,imaging_finding_upper_lobe_mass,imaging_finding_upper_lobe_mass:category=__missing__,0.0
interaction,outer_001_feature_167,imaging_mri_performed,imaging_mri_performed:category=Yes,0.0
interaction,outer_001_feature_167,imaging_mri_performed,imaging_mri_performed:category=No,0.0
interaction,outer_001_feature_167,imaging_mri_performed,imaging_mri_performed:category=__missing__,0.0
interaction,outer_001_feature_168,imaging_pet_suv_max,imaging_pet_suv_max:value,0.0
interaction,outer_001_feature_168,imaging_pet_suv_max,imaging_pet_suv_max:missing,0.0
interaction,outer_001_feature_169,immunotherapy_type,immunotherapy_type:category=Checkpoint Blockade,0.0
interaction,outer_001_feature_169,immunotherapy_type,immunotherapy_type:category=PD-1 Inhibitor,0.0
interaction,outer_001_feature_169,immunotherapy_type,immunotherapy_type:category=PD-L1 Inhibitor,0.0
interaction,outer_001_feature_169,immunotherapy_type,immunotherapy_type:category=__missing__,0.0
interaction,outer_001_feature_170,inhaler_usage_dosage,inhaler_usage_dosage:value,0.0
interaction,outer_001_feature_170,inhaler_usage_dosage,inhaler_usage_dosage:missing,0.0
interaction,outer_001_feature_171,intra_orbital_enhancement,intra_orbital_enhancement:category=Present,0.0
interaction,outer_001_feature_171,intra_orbital_enhancement,intra_orbital_enhancement:category=Absent,0.0
interaction,outer_001_feature_171,intra_orbital_enhancement,intra_orbital_enhancement:category=__missing__,0.0
interaction,outer_001_feature_172,intra_orbital_mass,intra_orbital_mass:category=Present,0.0
interaction,outer_001_feature_172,intra_orbital_mass,intra_orbital_mass:category=Absent,0.0
interaction,outer_001_feature_172,intra_orbital_mass,intra_orbital_mass:category=__missing__,0.0
interaction,outer_001_feature_173,intracranial_hemorrhage,intracranial_hemorrhage:category=Present,0.0
interaction,outer_001_feature_173,intracranial_hemorrhage,intracranial_hemorrhage:category=Absent,0.0
interaction,outer_001_feature_173,intracranial_hemorrhage,intracranial_hemorrhage:category=__missing__,0.0
interaction,outer_001_feature_174,jugular_venous_distention_presence,jugular_venous_distention_presence:category=present,0.0
interaction,outer_001_feature_174,jugular_venous_distention_presence,jugular_venous_distention_presence:category=absent,0.0
interaction,outer_001_feature_174,jugular_venous_distention_presence,jugular_venous_distention_presence:category=__missing__,0.0
interaction,outer_001_feature_175,keap1_status,keap1_status:category=Mutated,0.0
interaction,outer_001_feature_175,keap1_status,keap1_status:category=Wild-type,0.0
interaction,outer_001_feature_175,keap1_status,keap1_status:category=__missing__,0.0
interaction,outer_001_feature_176,ki67_proliferation_index,ki67_proliferation_index:value,0.1802512375723856
interaction,outer_001_feature_176,ki67_proliferation_index,ki67_proliferation_index:missing,0.0
interaction,outer_001_feature_177,knee_osteoarthritis_presence,knee_osteoarthritis_presence:category=present,0.0
interaction,outer_001_feature_177,knee_osteoarthritis_presence,knee_osteoarthritis_presence:category=absent,0.0
interaction,outer_001_feature_177,knee_osteoarthritis_presence,knee_osteoarthritis_presence:category=__missing__,0.0
interaction,outer_001_feature_178,known_drug_allergies,known_drug_allergies:category=No,0.0
interaction,outer_001_feature_178,known_drug_allergies,known_drug_allergies:category=Yes,0.0
interaction,outer_001_feature_178,known_drug_allergies,known_drug_allergies:category=__missing__,0.0
interaction,outer_001_feature_179,kras_g12c_variant_allele_frequency,kras_g12c_variant_allele_frequency:value,0.0
interaction,outer_001_feature_179,kras_g12c_variant_allele_frequency,kras_g12c_variant_allele_frequency:missing,0.0
interaction,outer_001_feature_180,ldh_level,ldh_level:value,0.0
interaction,outer_001_feature_180,ldh_level,ldh_level:missing,0.0
interaction,outer_001_feature_181,leptomeningeal_enhancement_presence,leptomeningeal_enhancement_presence:category=Present,0.0
interaction,outer_001_feature_181,leptomeningeal_enhancement_presence,leptomeningeal_enhancement_presence:category=Absent,0.0
interaction,outer_001_feature_181,leptomeningeal_enhancement_presence,leptomeningeal_enhancement_presence:category=__missing__,0.0
interaction,outer_001_feature_182,lesion_presence,lesion_presence:category=Present,0.0
interaction,outer_001_feature_182,lesion_presence,lesion_presence:category=Absent,0.0
interaction,outer_001_feature_182,lesion_presence,lesion_presence:category=__missing__,0.0
interaction,outer_001_feature_183,lesion_size,lesion_size:value,0.009899207295310105
interaction,outer_001_feature_183,lesion_size,lesion_size:missing,0.0
interaction,outer_001_feature_184,line_of_therapy,line_of_therapy:category=First-line,0.0
interaction,outer_001_feature_184,line_of_therapy,line_of_therapy:category=Second-line,0.0
interaction,outer_001_feature_184,line_of_therapy,line_of_therapy:category=Third-line,0.0
interaction,outer_001_feature_184,line_of_therapy,line_of_therapy:category=Fourth-line,0.0
interaction,outer_001_feature_184,line_of_therapy,line_of_therapy:category=Fifth-line,0.0
interaction,outer_001_feature_184,line_of_therapy,line_of_therapy:category=__missing__,0.0
interaction,outer_001_feature_185,lipid_lowering_therapy_use,lipid_lowering_therapy_use:category=Yes,0.0
interaction,outer_001_feature_185,lipid_lowering_therapy_use,lipid_lowering_therapy_use:category=No,0.0
interaction,outer_001_feature_185,lipid_lowering_therapy_use,lipid_lowering_therapy_use:category=__missing__,0.0
interaction,outer_001_feature_186,lisinopril_dose,lisinopril_dose:value,0.0
interaction,outer_001_feature_186,lisinopril_dose,lisinopril_dose:missing,0.0
interaction,outer_001_feature_187,liver_function,liver_function:category=Normal,0.0
interaction,outer_001_feature_187,liver_function,liver_function:category=Abnormal,0.0
interaction,outer_001_feature_187,liver_function,liver_function:category=__missing__,0.0
interaction,outer_001_feature_188,liver_metastasis_presence,liver_metastasis_presence:category=Present,0.0
interaction,outer_001_feature_188,liver_metastasis_presence,liver_metastasis_presence:category=Absent,0.0
interaction,outer_001_feature_188,liver_metastasis_presence,liver_metastasis_presence:category=__missing__,0.0
interaction,outer_001_feature_189,living_situation,living_situation:category=Alone,0.0
interaction,outer_001_feature_189,living_situation,living_situation:category=With spouse/partner,0.0
interaction,outer_001_feature_189,living_situation,living_situation:category=With child,0.0
interaction,outer_001_feature_189,living_situation,living_situation:category=Other,0.0
interaction,outer_001_feature_189,living_situation,living_situation:category=__missing__,0.0
interaction,outer_001_feature_190,lobectomy_type,lobectomy_type:category=Right Upper Lobe,0.0
interaction,outer_001_feature_190,lobectomy_type,lobectomy_type:category=Right Middle Lobe,0.0
interaction,outer_001_feature_190,lobectomy_type,lobectomy_type:category=Right Lower Lobe,0.0
interaction,outer_001_feature_190,lobectomy_type,lobectomy_type:category=Left Upper Lobe,0.0
interaction,outer_001_feature_190,lobectomy_type,lobectomy_type:category=Left Lower Lobe,0.0
interaction,outer_001_feature_190,lobectomy_type,lobectomy_type:category=__missing__,0.0
interaction,outer_001_feature_191,lung_auscultation_findings,lung_auscultation_findings:category=Clear,0.0
interaction,outer_001_feature_191,lung_auscultation_findings,lung_auscultation_findings:category=Wheezes,0.0
interaction,outer_001_feature_191,lung_auscultation_findings,lung_auscultation_findings:category=Rales,0.0
interaction,outer_001_feature_191,lung_auscultation_findings,lung_auscultation_findings:category=__missing__,0.0
interaction,outer_001_feature_192,lung_cancer_histology,lung_cancer_histology:category=Adenocarcinoma,0.0
interaction,outer_001_feature_192,lung_cancer_histology,lung_cancer_histology:category=Squamous cell carcinoma,0.0
interaction,outer_001_feature_192,lung_cancer_histology,lung_cancer_histology:category=Large-cell carcinoma,0.0
interaction,outer_001_feature_192,lung_cancer_histology,lung_cancer_histology:category=Non-small cell lung cancer,0.0
interaction,outer_001_feature_192,lung_cancer_histology,lung_cancer_histology:category=__missing__,0.0
interaction,outer_001_feature_193,lung_cancer_stage,lung_cancer_stage:category=I,0.0
interaction,outer_001_feature_193,lung_cancer_stage,lung_cancer_stage:category=II,0.0
interaction,outer_001_feature_193,lung_cancer_stage,lung_cancer_stage:category=IIIA,0.0
interaction,outer_001_feature_193,lung_cancer_stage,lung_cancer_stage:category=IIIB,0.0
interaction,outer_001_feature_193,lung_cancer_stage,lung_cancer_stage:category=IV,0.0
interaction,outer_001_feature_193,lung_cancer_stage,lung_cancer_stage:category=__missing__,0.0
interaction,outer_001_feature_194,lung_disease_diagnosis,lung_disease_diagnosis:category=Present,0.0
interaction,outer_001_feature_194,lung_disease_diagnosis,lung_disease_diagnosis:category=Absent,0.0
interaction,outer_001_feature_194,lung_disease_diagnosis,lung_disease_diagnosis:category=__missing__,0.0
interaction,outer_001_feature_195,lung_mass_morphology,lung_mass_morphology:category=spiculated,0.0
interaction,outer_001_feature_195,lung_mass_morphology,lung_mass_morphology:category=smooth,0.0
interaction,outer_001_feature_195,lung_mass_morphology,lung_mass_morphology:category=lobulated,0.0
interaction,outer_001_feature_195,lung_mass_morphology,lung_mass_morphology:category=irregular,0.0
interaction,outer_001_feature_195,lung_mass_morphology,lung_mass_morphology:category=__missing__,0.0
interaction,outer_001_feature_196,lung_mass_suvmax,lung_mass_suvmax:value,0.0
interaction,outer_001_feature_196,lung_mass_suvmax,lung_mass_suvmax:missing,0.0
interaction,outer_001_feature_197,lymph_node_dissection_status,lymph_node_dissection_status:category=Performed,0.0
interaction,outer_001_feature_197,lymph_node_dissection_status,lymph_node_dissection_status:category=Not Performed,0.0
interaction,outer_001_feature_197,lymph_node_dissection_status,lymph_node_dissection_status:category=__missing__,0.0
interaction,outer_001_feature_198,lymph_node_metastasis_count,lymph_node_metastasis_count:value,0.0
interaction,outer_001_feature_198,lymph_node_metastasis_count,lymph_node_metastasis_count:missing,0.0
interaction,outer_001_feature_199,lymphadenopathy_status,lymphadenopathy_status:category=Present,0.0
interaction,outer_001_feature_199,lymphadenopathy_status,lymphadenopathy_status:category=Absent,0.0
interaction,outer_001_feature_199,lymphadenopathy_status,lymphadenopathy_status:category=__missing__,0.0
interaction,outer_001_feature_200,m_stage,m_stage:category=M0,0.0
interaction,outer_001_feature_200,m_stage,m_stage:category=M1,0.0
interaction,outer_001_feature_200,m_stage,m_stage:category=__missing__,0.0
interaction,outer_001_feature_201,mediastinal_lymph_node_dissection_performed,mediastinal_lymph_node_dissection_performed:category=Yes,0.0
interaction,outer_001_feature_201,mediastinal_lymph_node_dissection_performed,mediastinal_lymph_node_dissection_performed:category=No,0.0
interaction,outer_001_feature_201,mediastinal_lymph_node_dissection_performed,mediastinal_lymph_node_dissection_performed:category=__missing__,0.0
interaction,outer_001_feature_202,mediastinal_lymph_node_status,mediastinal_lymph_node_status:category=Positive,0.0
interaction,outer_001_feature_202,mediastinal_lymph_node_status,mediastinal_lymph_node_status:category=Negative,0.0
interaction,outer_001_feature_202,mediastinal_lymph_node_status,mediastinal_lymph_node_status:category=__missing__,0.0
interaction,outer_001_feature_203,medication_calcium_carbonate,medication_calcium_carbonate:category=Yes,0.0
interaction,outer_001_feature_203,medication_calcium_carbonate,medication_calcium_carbonate:category=No,0.0
interaction,outer_001_feature_203,medication_calcium_carbonate,medication_calcium_carbonate:category=__missing__,0.0
interaction,outer_001_feature_204,medication_cisplatin,medication_cisplatin:category=Yes,-0.12651607263721767
interaction,outer_001_feature_204,medication_cisplatin,medication_cisplatin:category=No,0.0
interaction,outer_001_feature_204,medication_cisplatin,medication_cisplatin:category=__missing__,0.0
interaction,outer_001_feature_205,medication_denosumab,medication_denosumab:category=Yes,0.0
interaction,outer_001_feature_205,medication_denosumab,medication_denosumab:category=No,0.0
interaction,outer_001_feature_205,medication_denosumab,medication_denosumab:category=__missing__,0.0
interaction,outer_001_feature_206,medication_dexamethasone,medication_dexamethasone:category=Yes,0.0
interaction,outer_001_feature_206,medication_dexamethasone,medication_dexamethasone:category=No,0.0
interaction,outer_001_feature_206,medication_dexamethasone,medication_dexamethasone:category=__missing__,0.0
interaction,outer_001_feature_207,medication_g12c_inhibitor,medication_g12c_inhibitor:category=Yes,0.0
interaction,outer_001_feature_207,medication_g12c_inhibitor,medication_g12c_inhibitor:category=No,0.0
interaction,outer_001_feature_207,medication_g12c_inhibitor,medication_g12c_inhibitor:category=__missing__,0.0
interaction,outer_001_feature_208,medication_gemcitabine,medication_gemcitabine:category=Yes,0.0
interaction,outer_001_feature_208,medication_gemcitabine,medication_gemcitabine:category=No,0.0
interaction,outer_001_feature_208,medication_gemcitabine,medication_gemcitabine:category=__missing__,0.0
interaction,outer_001_feature_209,medication_lisinopril,medication_lisinopril:category=Yes,0.0
interaction,outer_001_feature_209,medication_lisinopril,medication_lisinopril:category=No,0.0
interaction,outer_001_feature_209,medication_lisinopril,medication_lisinopril:category=__missing__,0.0
interaction,outer_001_feature_210,medication_met_inhibitor,medication_met_inhibitor:category=Yes,0.0
interaction,outer_001_feature_210,medication_met_inhibitor,medication_met_inhibitor:category=No,0.0
interaction,outer_001_feature_210,medication_met_inhibitor,medication_met_inhibitor:category=__missing__,0.0
interaction,outer_001_feature_211,medication_oxycodone,medication_oxycodone:category=Yes,0.0
interaction,outer_001_feature_211,medication_oxycodone,medication_oxycodone:category=No,0.0
interaction,outer_001_feature_211,medication_oxycodone,medication_oxycodone:category=__missing__,0.0
interaction,outer_001_feature_212,medication_pemetrexed,medication_pemetrexed:category=Yes,0.0
interaction,outer_001_feature_212,medication_pemetrexed,medication_pemetrexed:category=No,0.0
interaction,outer_001_feature_212,medication_pemetrexed,medication_pemetrexed:category=__missing__,0.0
interaction,outer_001_feature_213,meningeal_thickening,meningeal_thickening:category=Present,0.0
interaction,outer_001_feature_213,meningeal_thickening,meningeal_thickening:category=Absent,0.0
interaction,outer_001_feature_213,meningeal_thickening,meningeal_thickening:category=__missing__,0.0
interaction,outer_001_feature_214,met_amplification_status,met_amplification_status:category=Amplified,-0.0928717022072473
interaction,outer_001_feature_214,met_amplification_status,met_amplification_status:category=Negative,0.0
interaction,outer_001_feature_214,met_amplification_status,met_amplification_status:category=__missing__,0.0
interaction,outer_001_feature_215,metabolic_response,metabolic_response:category=Response,0.0
interaction,outer_001_feature_215,metabolic_response,metabolic_response:category=No Response,0.0
interaction,outer_001_feature_215,metabolic_response,metabolic_response:category=__missing__,0.0
interaction,outer_001_feature_216,metastasis_location,metastasis_location:category=Brain,0.0
interaction,outer_001_feature_216,metastasis_location,metastasis_location:category=Bone,0.0
interaction,outer_001_feature_216,metastasis_location,metastasis_location:category=Liver,0.0
interaction,outer_001_feature_216,metastasis_location,metastasis_location:category=Adrenal,0.0
interaction,outer_001_feature_216,metastasis_location,metastasis_location:category=Pleura,0.0
interaction,outer_001_feature_216,metastasis_location,metastasis_location:category=Lymph nodes,0.0
interaction,outer_001_feature_216,metastasis_location,metastasis_location:category=__missing__,0.0
interaction,outer_001_feature_217,morphine_administered,morphine_administered:category=Yes,0.0
interaction,outer_001_feature_217,morphine_administered,morphine_administered:category=No,0.0
interaction,outer_001_feature_217,morphine_administered,morphine_administered:category=__missing__,0.0
interaction,outer_001_feature_218,mri_flair_hyperintensity_presence,mri_flair_hyperintensity_presence:category=Present,0.0
interaction,outer_001_feature_218,mri_flair_hyperintensity_presence,mri_flair_hyperintensity_presence:category=Absent,0.0
interaction,outer_001_feature_218,mri_flair_hyperintensity_presence,mri_flair_hyperintensity_presence:category=__missing__,0.0
interaction,outer_001_feature_219,msi_status,msi_status:category=Stable,0.0
interaction,outer_001_feature_219,msi_status,msi_status:category=High,0.0
interaction,outer_001_feature_219,msi_status,msi_status:category=__missing__,0.0
interaction,outer_001_feature_220,mucositis_presence,mucositis_presence:category=Present,0.0
interaction,outer_001_feature_220,mucositis_presence,mucositis_presence:category=Absent,0.0
interaction,outer_001_feature_220,mucositis_presence,mucositis_presence:category=__missing__,0.0
interaction,outer_001_feature_221,myelosuppression,myelosuppression:category=Present,0.0
interaction,outer_001_feature_221,myelosuppression,myelosuppression:category=Absent,0.0
interaction,outer_001_feature_221,myelosuppression,myelosuppression:category=__missing__,0.0
interaction,outer_001_feature_222,myocardial_infarction_presence,myocardial_infarction_presence:category=Present,0.0
interaction,outer_001_feature_222,myocardial_infarction_presence,myocardial_infarction_presence:category=Absent,0.0
interaction,outer_001_feature_222,myocardial_infarction_presence,myocardial_infarction_presence:category=__missing__,0.0
interaction,outer_001_feature_223,n_stage,n_stage:category=N0,0.0
interaction,outer_001_feature_223,n_stage,n_stage:category=N1,0.0
interaction,outer_001_feature_223,n_stage,n_stage:category=N2,0.0
interaction,outer_001_feature_223,n_stage,n_stage:category=N3,0.0
interaction,outer_001_feature_223,n_stage,n_stage:category=__missing__,0.0
interaction,outer_001_feature_224,napsin_a_expression,napsin_a_expression:category=Positive,0.0
interaction,outer_001_feature_224,napsin_a_expression,napsin_a_expression:category=Negative,0.0
interaction,outer_001_feature_224,napsin_a_expression,napsin_a_expression:category=__missing__,0.0
interaction,outer_001_feature_225,nausea_severity,nausea_severity:category=1,0.0
interaction,outer_001_feature_225,nausea_severity,nausea_severity:category=2,0.0
interaction,outer_001_feature_225,nausea_severity,nausea_severity:category=3,0.0
interaction,outer_001_feature_225,nausea_severity,nausea_severity:category=4,0.0
interaction,outer_001_feature_225,nausea_severity,nausea_severity:category=__missing__,0.0
interaction,outer_001_feature_226,necrotic_fluid_presence,necrotic_fluid_presence:category=Present,0.0
interaction,outer_001_feature_226,necrotic_fluid_presence,necrotic_fluid_presence:category=Absent,0.0
interaction,outer_001_feature_226,necrotic_fluid_presence,necrotic_fluid_presence:category=__missing__,0.0
interaction,outer_001_feature_227,neurological_symptoms_presence,neurological_symptoms_presence:category=Present,0.0
interaction,outer_001_feature_227,neurological_symptoms_presence,neurological_symptoms_presence:category=Absent,0.0
interaction,outer_001_feature_227,neurological_symptoms_presence,neurological_symptoms_presence:category=__missing__,0.0
interaction,outer_001_feature_228,neutrophil_to_lymphocyte_ratio,neutrophil_to_lymphocyte_ratio:value,-0.5054019563361524
interaction,outer_001_feature_228,neutrophil_to_lymphocyte_ratio,neutrophil_to_lymphocyte_ratio:missing,0.0
interaction,outer_001_feature_229,night_sweats,night_sweats:category=Present,0.0
interaction,outer_001_feature_229,night_sweats,night_sweats:category=Absent,0.0
interaction,outer_001_feature_229,night_sweats,night_sweats:category=__missing__,0.0
interaction,outer_001_feature_230,nsclc_diagnosis,nsclc_diagnosis:category=Present,0.0
interaction,outer_001_feature_230,nsclc_diagnosis,nsclc_diagnosis:category=Absent,0.0
interaction,outer_001_feature_230,nsclc_diagnosis,nsclc_diagnosis:category=__missing__,0.0
interaction,outer_001_feature_231,nyha_class,nyha_class:category=I,0.0
interaction,outer_001_feature_231,nyha_class,nyha_class:category=II,0.0
interaction,outer_001_feature_231,nyha_class,nyha_class:category=III,0.0
interaction,outer_001_feature_231,nyha_class,nyha_class:category=IV,0.0
interaction,outer_001_feature_231,nyha_class,nyha_class:category=__missing__,0.0
interaction,outer_001_feature_232,occupation,occupation:category=Professional,0.0
interaction,outer_001_feature_232,occupation,occupation:category=Other,0.0
interaction,outer_001_feature_232,occupation,occupation:category=__missing__,0.0
interaction,outer_001_feature_233,oncology_management_status,oncology_management_status:category=Active Treatment,0.0
interaction,outer_001_feature_233,oncology_management_status,oncology_management_status:category=Surveillance,0.0
interaction,outer_001_feature_233,oncology_management_status,oncology_management_status:category=Follow-up,0.0
interaction,outer_001_feature_233,oncology_management_status,oncology_management_status:category=None,0.0
interaction,outer_001_feature_233,oncology_management_status,oncology_management_status:category=__missing__,0.0
interaction,outer_001_feature_234,ondansetron_use,ondansetron_use:category=Yes,0.0
interaction,outer_001_feature_234,ondansetron_use,ondansetron_use:category=No,0.0
interaction,outer_001_feature_234,ondansetron_use,ondansetron_use:category=__missing__,0.0
interaction,outer_001_feature_235,optic_chiasm_enhancement,optic_chiasm_enhancement:category=Present,0.0
interaction,outer_001_feature_235,optic_chiasm_enhancement,optic_chiasm_enhancement:category=Absent,0.0
interaction,outer_001_feature_235,optic_chiasm_enhancement,optic_chiasm_enhancement:category=__missing__,0.0
interaction,outer_001_feature_236,optic_nerve_enhancement,optic_nerve_enhancement:category=Present,0.0
interaction,outer_001_feature_236,optic_nerve_enhancement,optic_nerve_enhancement:category=Absent,0.0
interaction,outer_001_feature_236,optic_nerve_enhancement,optic_nerve_enhancement:category=__missing__,0.0
interaction,outer_001_feature_237,orbital_fat_appearance,orbital_fat_appearance:category=Normal,0.0
interaction,outer_001_feature_237,orbital_fat_appearance,orbital_fat_appearance:category=Abnormal,0.0
interaction,outer_001_feature_237,orbital_fat_appearance,orbital_fat_appearance:category=__missing__,0.0
interaction,outer_001_feature_238,organomegaly_presence,organomegaly_presence:category=present,0.0
interaction,outer_001_feature_238,organomegaly_presence,organomegaly_presence:category=absent,0.0
interaction,outer_001_feature_238,organomegaly_presence,organomegaly_presence:category=__missing__,0.0
interaction,outer_001_feature_239,osteoarthritis_presence,osteoarthritis_presence:category=Present,0.0
interaction,outer_001_feature_239,osteoarthritis_presence,osteoarthritis_presence:category=Absent,0.0
interaction,outer_001_feature_239,osteoarthritis_presence,osteoarthritis_presence:category=__missing__,0.0
interaction,outer_001_feature_240,osteopenia,osteopenia:category=Present,0.0
interaction,outer_001_feature_240,osteopenia,osteopenia:category=Absent,0.0
interaction,outer_001_feature_240,osteopenia,osteopenia:category=__missing__,0.0
interaction,outer_001_feature_241,oxygen_saturation,oxygen_saturation:value,0.0
interaction,outer_001_feature_241,oxygen_saturation,oxygen_saturation:missing,0.0
interaction,outer_001_feature_242,oxygen_therapy_use,oxygen_therapy_use:category=Yes,0.0
interaction,outer_001_feature_242,oxygen_therapy_use,oxygen_therapy_use:category=No,0.0
interaction,outer_001_feature_242,oxygen_therapy_use,oxygen_therapy_use:category=__missing__,0.0
interaction,outer_001_feature_243,p40_expression,p40_expression:category=Positive,0.0
interaction,outer_001_feature_243,p40_expression,p40_expression:category=Negative,0.0
interaction,outer_001_feature_243,p40_expression,p40_expression:category=__missing__,0.0
interaction,outer_001_feature_244,paclitaxel_dose,paclitaxel_dose:value,0.0
interaction,outer_001_feature_244,paclitaxel_dose,paclitaxel_dose:missing,0.0
interaction,outer_001_feature_245,pain_severity,pain_severity:category=0,0.0
interaction,outer_001_feature_245,pain_severity,pain_severity:category=1,0.0
interaction,outer_001_feature_245,pain_severity,pain_severity:category=2,0.0
interaction,outer_001_feature_245,pain_severity,pain_severity:category=3,0.0
interaction,outer_001_feature_245,pain_severity,pain_severity:category=4,0.0
interaction,outer_001_feature_245,pain_severity,pain_severity:category=__missing__,0.0
interaction,outer_001_feature_246,palliative_care_status,palliative_care_status:category=Yes,0.0
interaction,outer_001_feature_246,palliative_care_status,palliative_care_status:category=No,0.0
interaction,outer_001_feature_246,palliative_care_status,palliative_care_status:category=__missing__,0.0
interaction,outer_001_feature_247,patient_wishes,patient_wishes:category=Documented,0.0
interaction,outer_001_feature_247,patient_wishes,patient_wishes:category=Not Documented,0.0
interaction,outer_001_feature_247,patient_wishes,patient_wishes:category=__missing__,0.0
interaction,outer_001_feature_248,pd_l1_tps,pd_l1_tps:value,0.0
interaction,outer_001_feature_248,pd_l1_tps,pd_l1_tps:missing,0.0
interaction,outer_001_feature_249,pembrolizumab_dose,pembrolizumab_dose:value,0.0
interaction,outer_001_feature_249,pembrolizumab_dose,pembrolizumab_dose:missing,0.0
interaction,outer_001_feature_250,peripheral_neuropathy_grade,peripheral_neuropathy_grade:category=0,0.0
interaction,outer_001_feature_250,peripheral_neuropathy_grade,peripheral_neuropathy_grade:category=1,0.0
interaction,outer_001_feature_250,peripheral_neuropathy_grade,peripheral_neuropathy_grade:category=2,0.0
interaction,outer_001_feature_250,peripheral_neuropathy_grade,peripheral_neuropathy_grade:category=3,0.0
interaction,outer_001_feature_250,peripheral_neuropathy_grade,peripheral_neuropathy_grade:category=4,0.0
interaction,outer_001_feature_250,peripheral_neuropathy_grade,peripheral_neuropathy_grade:category=__missing__,0.0
interaction,outer_001_feature_251,peritumoral_edema,peritumoral_edema:category=Present,0.0
interaction,outer_001_feature_251,peritumoral_edema,peritumoral_edema:category=Absent,0.0
interaction,outer_001_feature_251,peritumoral_edema,peritumoral_edema:category=__missing__,0.0
interaction,outer_001_feature_252,periventricular_signal_abnormality,periventricular_signal_abnormality:category=Present,0.0
interaction,outer_001_feature_252,periventricular_signal_abnormality,periventricular_signal_abnormality:category=Absent,0.0
interaction,outer_001_feature_252,periventricular_signal_abnormality,periventricular_signal_abnormality:category=__missing__,0.0
interaction,outer_001_feature_253,phospho_met_status,phospho_met_status:category=Positive,0.0
interaction,outer_001_feature_253,phospho_met_status,phospho_met_status:category=Negative,0.0
interaction,outer_001_feature_253,phospho_met_status,phospho_met_status:category=__missing__,0.0
interaction,outer_001_feature_254,pi3k_pathway_activation,pi3k_pathway_activation:category=Activated,0.0
interaction,outer_001_feature_254,pi3k_pathway_activation,pi3k_pathway_activation:category=Not Activated,0.0
interaction,outer_001_feature_254,pi3k_pathway_activation,pi3k_pathway_activation:category=__missing__,0.0
interaction,outer_001_feature_255,pituitary_gland_enhancement,pituitary_gland_enhancement:category=Present,0.0
interaction,outer_001_feature_255,pituitary_gland_enhancement,pituitary_gland_enhancement:category=Absent,0.0
interaction,outer_001_feature_255,pituitary_gland_enhancement,pituitary_gland_enhancement:category=__missing__,0.0
interaction,outer_001_feature_256,pituitary_gland_signal,pituitary_gland_signal:category=Normal,0.0
interaction,outer_001_feature_256,pituitary_gland_signal,pituitary_gland_signal:category=Abnormal,0.0
interaction,outer_001_feature_256,pituitary_gland_signal,pituitary_gland_signal:category=__missing__,0.0
interaction,outer_001_feature_257,pituitary_gland_size,pituitary_gland_size:value,0.0
interaction,outer_001_feature_257,pituitary_gland_size,pituitary_gland_size:missing,0.0
interaction,outer_001_feature_258,platelet_count,platelet_count:value,0.0
interaction,outer_001_feature_258,platelet_count,platelet_count:missing,0.0
interaction,outer_001_feature_259,pleural_effusion,pleural_effusion:category=Absent,0.0
interaction,outer_001_feature_259,pleural_effusion,pleural_effusion:category=Small,0.0
interaction,outer_001_feature_259,pleural_effusion,pleural_effusion:category=Moderate,0.0
interaction,outer_001_feature_259,pleural_effusion,pleural_effusion:category=Large,0.0
interaction,outer_001_feature_259,pleural_effusion,pleural_effusion:category=__missing__,0.0
interaction,outer_001_feature_260,pneumonia_diagnosis,pneumonia_diagnosis:category=Present,0.0
interaction,outer_001_feature_260,pneumonia_diagnosis,pneumonia_diagnosis:category=Absent,0.0
interaction,outer_001_feature_260,pneumonia_diagnosis,pneumonia_diagnosis:category=__missing__,0.0
interaction,outer_001_feature_261,posterior_fossa_enhancement,posterior_fossa_enhancement:category=present,0.0
interaction,outer_001_feature_261,posterior_fossa_enhancement,posterior_fossa_enhancement:category=absent,0.0
interaction,outer_001_feature_261,posterior_fossa_enhancement,posterior_fossa_enhancement:category=__missing__,0.0
interaction,outer_001_feature_262,posterior_fossa_mass_effect,posterior_fossa_mass_effect:category=Present,0.0
interaction,outer_001_feature_262,posterior_fossa_mass_effect,posterior_fossa_mass_effect:category=Absent,0.0
interaction,outer_001_feature_262,posterior_fossa_mass_effect,posterior_fossa_mass_effect:category=__missing__,0.0
interaction,outer_001_feature_263,previous_radiation_therapy,previous_radiation_therapy:category=Yes,0.0
interaction,outer_001_feature_263,previous_radiation_therapy,previous_radiation_therapy:category=No,0.0
interaction,outer_001_feature_263,previous_radiation_therapy,previous_radiation_therapy:category=__missing__,0.0
interaction,outer_001_feature_264,primary_tumor_location,primary_tumor_location:category=Right Upper Lobe,0.0
interaction,outer_001_feature_264,primary_tumor_location,primary_tumor_location:category=Right Middle Lobe,0.0
interaction,outer_001_feature_264,primary_tumor_location,primary_tumor_location:category=Right Lower Lobe,0.0
interaction,outer_001_feature_264,primary_tumor_location,primary_tumor_location:category=Left Upper Lobe,0.0
interaction,outer_001_feature_264,primary_tumor_location,primary_tumor_location:category=Left Lower Lobe,0.0
interaction,outer_001_feature_264,primary_tumor_location,primary_tumor_location:category=Unspecified,0.0
interaction,outer_001_feature_264,primary_tumor_location,primary_tumor_location:category=__missing__,0.0
interaction,outer_001_feature_265,primary_tumor_morphology,primary_tumor_morphology:category=spiculated,0.0
interaction,outer_001_feature_265,primary_tumor_morphology,primary_tumor_morphology:category=lobulated,0.0
interaction,outer_001_feature_265,primary_tumor_morphology,primary_tumor_morphology:category=irregular,0.0
interaction,outer_001_feature_265,primary_tumor_morphology,primary_tumor_morphology:category=circumscribed,0.0
interaction,outer_001_feature_265,primary_tumor_morphology,primary_tumor_morphology:category=smooth,0.0
interaction,outer_001_feature_265,primary_tumor_morphology,primary_tumor_morphology:category=__missing__,0.0
interaction,outer_001_feature_266,primary_tumor_size,primary_tumor_size:value,0.0
interaction,outer_001_feature_266,primary_tumor_size,primary_tumor_size:missing,0.0
interaction,outer_001_feature_267,prior_platinum_chemotherapy,prior_platinum_chemotherapy:category=Yes,0.0
interaction,outer_001_feature_267,prior_platinum_chemotherapy,prior_platinum_chemotherapy:category=No,0.0321238243140138
interaction,outer_001_feature_267,prior_platinum_chemotherapy,prior_platinum_chemotherapy:category=__missing__,0.0
interaction,outer_001_feature_268,prior_treatment_regimen,prior_treatment_regimen:category=Cisplatin/Vinorelbine,0.0
interaction,outer_001_feature_268,prior_treatment_regimen,prior_treatment_regimen:category=Cisplatin/Gemcitabine,0.0
interaction,outer_001_feature_268,prior_treatment_regimen,prior_treatment_regimen:category=Carboplatin/Paclitaxel,0.0
interaction,outer_001_feature_268,prior_treatment_regimen,prior_treatment_regimen:category=Docetaxel,0.0
interaction,outer_001_feature_268,prior_treatment_regimen,prior_treatment_regimen:category=Cisplatin/Pemetrexed,0.0
interaction,outer_001_feature_268,prior_treatment_regimen,prior_treatment_regimen:category=Platinum-based chemotherapy,0.0
interaction,outer_001_feature_268,prior_treatment_regimen,prior_treatment_regimen:category=Single-agent chemotherapy,0.0
interaction,outer_001_feature_268,prior_treatment_regimen,prior_treatment_regimen:category=Platinum-free doublet,0.0
interaction,outer_001_feature_268,prior_treatment_regimen,prior_treatment_regimen:category=Immunotherapy/Chemotherapy,0.0
interaction,outer_001_feature_268,prior_treatment_regimen,prior_treatment_regimen:category=__missing__,0.0
interaction,outer_001_feature_269,pro_ctcae_pain_severity,pro_ctcae_pain_severity:category=0,0.0
interaction,outer_001_feature_269,pro_ctcae_pain_severity,pro_ctcae_pain_severity:category=1,0.0
interaction,outer_001_feature_269,pro_ctcae_pain_severity,pro_ctcae_pain_severity:category=2,0.0
interaction,outer_001_feature_269,pro_ctcae_pain_severity,pro_ctcae_pain_severity:category=3,0.0
interaction,outer_001_feature_269,pro_ctcae_pain_severity,pro_ctcae_pain_severity:category=4,0.0
interaction,outer_001_feature_269,pro_ctcae_pain_severity,pro_ctcae_pain_severity:category=__missing__,0.0
interaction,outer_001_feature_270,progressive_exertional_symptoms,progressive_exertional_symptoms:category=Present,0.0
interaction,outer_001_feature_270,progressive_exertional_symptoms,progressive_exertional_symptoms:category=Absent,0.0
interaction,outer_001_feature_270,progressive_exertional_symptoms,progressive_exertional_symptoms:category=__missing__,0.0
interaction,outer_001_feature_271,proton_pump_inhibitor_use,proton_pump_inhibitor_use:category=Yes,0.0
interaction,outer_001_feature_271,proton_pump_inhibitor_use,proton_pump_inhibitor_use:category=No,0.0
interaction,outer_001_feature_271,proton_pump_inhibitor_use,proton_pump_inhibitor_use:category=__missing__,0.0
interaction,outer_001_feature_272,psychiatric_symptom_presence,psychiatric_symptom_presence:category=Present,0.04546162332520827
interaction,outer_001_feature_272,psychiatric_symptom_presence,psychiatric_symptom_presence:category=Absent,0.0
interaction,outer_001_feature_272,psychiatric_symptom_presence,psychiatric_symptom_presence:category=__missing__,0.0
interaction,outer_001_feature_273,pulmonary_condition,pulmonary_condition:category=Present,0.0
interaction,outer_001_feature_273,pulmonary_condition,pulmonary_condition:category=Absent,0.0
interaction,outer_001_feature_273,pulmonary_condition,pulmonary_condition:category=__missing__,0.0
interaction,outer_001_feature_274,pulmonary_function_test_status,pulmonary_function_test_status:category=Normal,0.0
interaction,outer_001_feature_274,pulmonary_function_test_status,pulmonary_function_test_status:category=Abnormal,0.0
interaction,outer_001_feature_274,pulmonary_function_test_status,pulmonary_function_test_status:category=__missing__,0.0
interaction,outer_001_feature_275,pulmonary_lesion_presence,pulmonary_lesion_presence:category=Present,0.0
interaction,outer_001_feature_275,pulmonary_lesion_presence,pulmonary_lesion_presence:category=Absent,0.0
interaction,outer_001_feature_275,pulmonary_lesion_presence,pulmonary_lesion_presence:category=__missing__,0.0
interaction,outer_001_feature_276,pulmonary_nodules_presence,pulmonary_nodules_presence:category=present,0.0
interaction,outer_001_feature_276,pulmonary_nodules_presence,pulmonary_nodules_presence:category=absent,0.0
interaction,outer_001_feature_276,pulmonary_nodules_presence,pulmonary_nodules_presence:category=__missing__,0.0
interaction,outer_001_feature_277,pupil_reactivity,pupil_reactivity:category=Reactive,0.0
interaction,outer_001_feature_277,pupil_reactivity,pupil_reactivity:category=Non-reactive,0.0
interaction,outer_001_feature_277,pupil_reactivity,pupil_reactivity:category=__missing__,0.0
interaction,outer_001_feature_278,qlq_c30_physical_function,qlq_c30_physical_function:value,0.0
interaction,outer_001_feature_278,qlq_c30_physical_function,qlq_c30_physical_function:missing,0.0
interaction,outer_001_feature_279,qlq_c30_role_function,qlq_c30_role_function:value,0.0
interaction,outer_001_feature_279,qlq_c30_role_function,qlq_c30_role_function:missing,0.0
interaction,outer_001_feature_280,radiation_therapy_history,radiation_therapy_history:category=Yes,0.0
interaction,outer_001_feature_280,radiation_therapy_history,radiation_therapy_history:category=No,0.0
interaction,outer_001_feature_280,radiation_therapy_history,radiation_therapy_history:category=__missing__,0.0
interaction,outer_001_feature_281,radiation_therapy_session_count,radiation_therapy_session_count:value,-0.016546348104346877
interaction,outer_001_feature_281,radiation_therapy_session_count,radiation_therapy_session_count:missing,0.0
interaction,outer_001_feature_282,radiosurgery_history,radiosurgery_history:category=Yes,0.0
interaction,outer_001_feature_282,radiosurgery_history,radiosurgery_history:category=No,0.0
interaction,outer_001_feature_282,radiosurgery_history,radiosurgery_history:category=__missing__,0.0
interaction,outer_001_feature_283,range_of_motion_touch_toes,range_of_motion_touch_toes:category=Able,0.0
interaction,outer_001_feature_283,range_of_motion_touch_toes,range_of_motion_touch_toes:category=Unable,0.0
interaction,outer_001_feature_283,range_of_motion_touch_toes,range_of_motion_touch_toes:category=__missing__,0.0
interaction,outer_001_feature_284,rash_presence,rash_presence:category=Present,0.0
interaction,outer_001_feature_284,rash_presence,rash_presence:category=Absent,0.0
interaction,outer_001_feature_284,rash_presence,rash_presence:category=__missing__,0.0
interaction,outer_001_feature_285,rash_pruritus_presence,rash_pruritus_presence:category=Present,0.0
interaction,outer_001_feature_285,rash_pruritus_presence,rash_pruritus_presence:category=Absent,0.0
interaction,outer_001_feature_285,rash_pruritus_presence,rash_pruritus_presence:category=__missing__,0.0
interaction,outer_001_feature_286,renal_function_status,renal_function_status:value,0.0
interaction,outer_001_feature_286,renal_function_status,renal_function_status:missing,0.0
interaction,outer_001_feature_287,respiratory_rate,respiratory_rate:value,0.0
interaction,outer_001_feature_287,respiratory_rate,respiratory_rate:missing,0.0
interaction,outer_001_feature_288,restricted_diffusion_on_dwi_adc,restricted_diffusion_on_dwi_adc:category=Present,0.0
interaction,outer_001_feature_288,restricted_diffusion_on_dwi_adc,restricted_diffusion_on_dwi_adc:category=Absent,0.0
interaction,outer_001_feature_288,restricted_diffusion_on_dwi_adc,restricted_diffusion_on_dwi_adc:category=__missing__,0.0
interaction,outer_001_feature_289,ret_rearrangement_status,ret_rearrangement_status:category=Detected,0.0
interaction,outer_001_feature_289,ret_rearrangement_status,ret_rearrangement_status:category=Not Detected,0.0
interaction,outer_001_feature_289,ret_rearrangement_status,ret_rearrangement_status:category=__missing__,0.0
interaction,outer_001_feature_290,retroperitoneal_lymphadenopathy_presence,retroperitoneal_lymphadenopathy_presence:category=Present,0.0
interaction,outer_001_feature_290,retroperitoneal_lymphadenopathy_presence,retroperitoneal_lymphadenopathy_presence:category=Absent,0.0
interaction,outer_001_feature_290,retroperitoneal_lymphadenopathy_presence,retroperitoneal_lymphadenopathy_presence:category=__missing__,0.0
interaction,outer_001_feature_291,ros1_mutation_status,ros1_mutation_status:category=Wild type,0.0
interaction,outer_001_feature_291,ros1_mutation_status,ros1_mutation_status:category=Mutated,0.0
interaction,outer_001_feature_291,ros1_mutation_status,ros1_mutation_status:category=__missing__,0.0
interaction,outer_001_feature_292,ros1_rearrangement_status,ros1_rearrangement_status:category=Positive,0.0
interaction,outer_001_feature_292,ros1_rearrangement_status,ros1_rearrangement_status:category=Negative,0.0
interaction,outer_001_feature_292,ros1_rearrangement_status,ros1_rearrangement_status:category=__missing__,0.0
interaction,outer_001_feature_293,rsv_infection_status,rsv_infection_status:category=Positive,0.0
interaction,outer_001_feature_293,rsv_infection_status,rsv_infection_status:category=Negative,0.0
interaction,outer_001_feature_293,rsv_infection_status,rsv_infection_status:category=__missing__,0.0
interaction,outer_001_feature_294,scapular_metastasis,scapular_metastasis:category=Present,0.0
interaction,outer_001_feature_294,scapular_metastasis,scapular_metastasis:category=Absent,0.0
interaction,outer_001_feature_294,scapular_metastasis,scapular_metastasis:category=__missing__,0.0
interaction,outer_001_feature_295,serum_albumin,serum_albumin:value,0.0
interaction,outer_001_feature_295,serum_albumin,serum_albumin:missing,0.0
interaction,outer_001_feature_296,serum_bicarbonate,serum_bicarbonate:value,0.0
interaction,outer_001_feature_296,serum_bicarbonate,serum_bicarbonate:missing,0.0
interaction,outer_001_feature_297,serum_calcium,serum_calcium:value,0.0
interaction,outer_001_feature_297,serum_calcium,serum_calcium:missing,0.0
interaction,outer_001_feature_298,serum_chloride,serum_chloride:value,0.0
interaction,outer_001_feature_298,serum_chloride,serum_chloride:missing,0.0
interaction,outer_001_feature_299,serum_creatinine,serum_creatinine:value,0.0
interaction,outer_001_feature_299,serum_creatinine,serum_creatinine:missing,0.0
interaction,outer_001_feature_300,serum_potassium,serum_potassium:value,0.0
interaction,outer_001_feature_300,serum_potassium,serum_potassium:missing,0.0
interaction,outer_001_feature_301,serum_sodium,serum_sodium:value,0.031245575223366757
interaction,outer_001_feature_301,serum_sodium,serum_sodium:missing,0.0
interaction,outer_001_feature_302,sex,sex:category=Male,0.0
interaction,outer_001_feature_302,sex,sex:category=Female,0.0
interaction,outer_001_feature_302,sex,sex:category=__missing__,0.0
interaction,outer_001_feature_303,skeletal_compression_fracture,skeletal_compression_fracture:category=Present,0.0
interaction,outer_001_feature_303,skeletal_compression_fracture,skeletal_compression_fracture:category=Absent,0.0
interaction,outer_001_feature_303,skeletal_compression_fracture,skeletal_compression_fracture:category=__missing__,0.0
interaction,outer_001_feature_304,skull_base_lytic_sclerotic_lesions,skull_base_lytic_sclerotic_lesions:category=Present,0.0
interaction,outer_001_feature_304,skull_base_lytic_sclerotic_lesions,skull_base_lytic_sclerotic_lesions:category=Absent,0.0
interaction,outer_001_feature_304,skull_base_lytic_sclerotic_lesions,skull_base_lytic_sclerotic_lesions:category=__missing__,0.0
interaction,outer_001_feature_305,smoking_abstinence_date,smoking_abstinence_date:value,0.0
interaction,outer_001_feature_305,smoking_abstinence_date,smoking_abstinence_date:missing,0.0
interaction,outer_001_feature_306,smoking_cessation_duration,smoking_cessation_duration:category=<= 5 years,0.0
interaction,outer_001_feature_306,smoking_cessation_duration,smoking_cessation_duration:category=5-10 years,0.0
interaction,outer_001_feature_306,smoking_cessation_duration,smoking_cessation_duration:category=> 10 years,0.0
interaction,outer_001_feature_306,smoking_cessation_duration,smoking_cessation_duration:category=__missing__,0.0
interaction,outer_001_feature_307,smoking_status,smoking_status:category=Never smoker,0.0
interaction,outer_001_feature_307,smoking_status,smoking_status:category=Former smoker,0.0
interaction,outer_001_feature_307,smoking_status,smoking_status:category=Current smoker,0.0
interaction,outer_001_feature_307,smoking_status,smoking_status:category=__missing__,0.0
interaction,outer_001_feature_308,stk11_mutation_status,stk11_mutation_status:category=Mutated,0.0
interaction,outer_001_feature_308,stk11_mutation_status,stk11_mutation_status:category=Wild-type,0.0
interaction,outer_001_feature_308,stk11_mutation_status,stk11_mutation_status:category=__missing__,0.0
interaction,outer_001_feature_309,subdural_hemorrhage,subdural_hemorrhage:category=present,0.0
interaction,outer_001_feature_309,subdural_hemorrhage,subdural_hemorrhage:category=absent,0.0
interaction,outer_001_feature_309,subdural_hemorrhage,subdural_hemorrhage:category=__missing__,0.0
interaction,outer_001_feature_310,sulci_and_cisterns_appearance,sulci_and_cisterns_appearance:category=unremarkable,0.0
interaction,outer_001_feature_310,sulci_and_cisterns_appearance,sulci_and_cisterns_appearance:category=abnormal,0.0
interaction,outer_001_feature_310,sulci_and_cisterns_appearance,sulci_and_cisterns_appearance:category=__missing__,0.0
interaction,outer_001_feature_311,surgical_margin_status,surgical_margin_status:category=Negative,0.0
interaction,outer_001_feature_311,surgical_margin_status,surgical_margin_status:category=Positive,0.0
interaction,outer_001_feature_311,surgical_margin_status,surgical_margin_status:category=__missing__,0.0
interaction,outer_001_feature_312,surgical_procedure,surgical_procedure:category=Yes,0.0
interaction,outer_001_feature_312,surgical_procedure,surgical_procedure:category=No,0.0
interaction,outer_001_feature_312,surgical_procedure,surgical_procedure:category=__missing__,0.0
interaction,outer_001_feature_313,systolic_blood_pressure,systolic_blood_pressure:value,0.0
interaction,outer_001_feature_313,systolic_blood_pressure,systolic_blood_pressure:missing,0.0
interaction,outer_001_feature_314,t_stage,t_stage:category=T1,0.0
interaction,outer_001_feature_314,t_stage,t_stage:category=T2a,0.0
interaction,outer_001_feature_314,t_stage,t_stage:category=T2b,0.0
interaction,outer_001_feature_314,t_stage,t_stage:category=T3,0.0
interaction,outer_001_feature_314,t_stage,t_stage:category=T4,0.0
interaction,outer_001_feature_314,t_stage,t_stage:category=__missing__,0.0
interaction,outer_001_feature_315,targeted_therapy_use,targeted_therapy_use:category=Yes,0.0
interaction,outer_001_feature_315,targeted_therapy_use,targeted_therapy_use:category=No,0.0
interaction,outer_001_feature_315,targeted_therapy_use,targeted_therapy_use:category=__missing__,0.0
interaction,outer_001_feature_316,test_ngs_performed,test_ngs_performed:category=Yes,0.0
interaction,outer_001_feature_316,test_ngs_performed,test_ngs_performed:category=No,0.0
interaction,outer_001_feature_316,test_ngs_performed,test_ngs_performed:category=__missing__,0.0
interaction,outer_001_feature_317,thyromegaly_presence,thyromegaly_presence:category=Present,0.0
interaction,outer_001_feature_317,thyromegaly_presence,thyromegaly_presence:category=Absent,0.0
interaction,outer_001_feature_317,thyromegaly_presence,thyromegaly_presence:category=__missing__,0.0
interaction,outer_001_feature_318,tiotropium_use,tiotropium_use:category=Yes,0.0
interaction,outer_001_feature_318,tiotropium_use,tiotropium_use:category=No,0.0
interaction,outer_001_feature_318,tiotropium_use,tiotropium_use:category=__missing__,0.0
interaction,outer_001_feature_319,tissue_thickening,tissue_thickening:category=Present,0.0
interaction,outer_001_feature_319,tissue_thickening,tissue_thickening:category=Absent,0.0
interaction,outer_001_feature_319,tissue_thickening,tissue_thickening:category=__missing__,0.0
interaction,outer_001_feature_320,tki_therapy_use,tki_therapy_use:category=Yes,0.0
interaction,outer_001_feature_320,tki_therapy_use,tki_therapy_use:category=No,0.0
interaction,outer_001_feature_320,tki_therapy_use,tki_therapy_use:category=__missing__,0.0
interaction,outer_001_feature_321,tobacco_smoking_history,tobacco_smoking_history:value,0.0
interaction,outer_001_feature_321,tobacco_smoking_history,tobacco_smoking_history:missing,0.0
interaction,outer_001_feature_322,total_bilirubin,total_bilirubin:value,0.0
interaction,outer_001_feature_322,total_bilirubin,total_bilirubin:missing,0.0
interaction,outer_001_feature_323,tp53_mutation_status,tp53_mutation_status:category=Mutant,0.0
interaction,outer_001_feature_323,tp53_mutation_status,tp53_mutation_status:category=Wild-type,0.0
interaction,outer_001_feature_323,tp53_mutation_status,tp53_mutation_status:category=__missing__,0.0
interaction,outer_001_feature_324,tp53_r273h_mutation_status,tp53_r273h_mutation_status:category=Present,0.0
interaction,outer_001_feature_324,tp53_r273h_mutation_status,tp53_r273h_mutation_status:category=Absent,0.0
interaction,outer_001_feature_324,tp53_r273h_mutation_status,tp53_r273h_mutation_status:category=__missing__,0.0
interaction,outer_001_feature_325,tps_score,tps_score:value,0.0
interaction,outer_001_feature_325,tps_score,tps_score:missing,0.0
interaction,outer_001_feature_326,transependymal_flow,transependymal_flow:category=Present,0.0
interaction,outer_001_feature_326,transependymal_flow,transependymal_flow:category=Absent,0.0
interaction,outer_001_feature_326,transependymal_flow,transependymal_flow:category=__missing__,0.0
interaction,outer_001_feature_327,treatment_cycle_frequency,treatment_cycle_frequency:value,0.0
interaction,outer_001_feature_327,treatment_cycle_frequency,treatment_cycle_frequency:missing,0.0
interaction,outer_001_feature_328,treatment_goals,treatment_goals:category=ambulation,0.0
interaction,outer_001_feature_328,treatment_goals,treatment_goals:category=disease progression,0.0
interaction,outer_001_feature_328,treatment_goals,treatment_goals:category=symptom management,0.0
interaction,outer_001_feature_328,treatment_goals,treatment_goals:category=__missing__,0.0
interaction,outer_001_feature_329,treatment_response,treatment_response:category=Complete Response,0.0
interaction,outer_001_feature_329,treatment_response,treatment_response:category=Partial Response,0.0
interaction,outer_001_feature_329,treatment_response,treatment_response:category=Stable Disease,0.0
interaction,outer_001_feature_329,treatment_response,treatment_response:category=Progressive Disease,0.0
interaction,outer_001_feature_329,treatment_response,treatment_response:category=__missing__,0.0
interaction,outer_001_feature_330,ttf1_expression,ttf1_expression:category=Positive,0.0
interaction,outer_001_feature_330,ttf1_expression,ttf1_expression:category=Negative,0.0
interaction,outer_001_feature_330,ttf1_expression,ttf1_expression:category=__missing__,0.0
interaction,outer_001_feature_331,tumor_cell_presence,tumor_cell_presence:category=Present,0.0
interaction,outer_001_feature_331,tumor_cell_presence,tumor_cell_presence:category=Absent,0.0
interaction,outer_001_feature_331,tumor_cell_presence,tumor_cell_presence:category=__missing__,0.0
interaction,outer_001_feature_332,tumor_differentiation,tumor_differentiation:category=Well-differentiated,0.0
interaction,outer_001_feature_332,tumor_differentiation,tumor_differentiation:category=Moderately differentiated,0.0
interaction,outer_001_feature_332,tumor_differentiation,tumor_differentiation:category=Poorly differentiated,0.0
interaction,outer_001_feature_332,tumor_differentiation,tumor_differentiation:category=__missing__,0.0
interaction,outer_001_feature_333,tumor_invasion,tumor_invasion:category=Present,0.0
interaction,outer_001_feature_333,tumor_invasion,tumor_invasion:category=Absent,0.0
interaction,outer_001_feature_333,tumor_invasion,tumor_invasion:category=__missing__,0.0
interaction,outer_001_feature_334,tumor_mutational_burden,tumor_mutational_burden:category=Low,0.0
interaction,outer_001_feature_334,tumor_mutational_burden,tumor_mutational_burden:category=Intermediate,0.0
interaction,outer_001_feature_334,tumor_mutational_burden,tumor_mutational_burden:category=High,0.0
interaction,outer_001_feature_334,tumor_mutational_burden,tumor_mutational_burden:category=__missing__,0.0
interaction,outer_001_feature_335,ulceration,ulceration:category=Present,0.0
interaction,outer_001_feature_335,ulceration,ulceration:category=Absent,0.0
interaction,outer_001_feature_335,ulceration,ulceration:category=__missing__,0.0
interaction,outer_001_feature_336,unintended_weight_change,unintended_weight_change:value,0.0
interaction,outer_001_feature_336,unintended_weight_change,unintended_weight_change:missing,0.0
interaction,outer_001_feature_337,variant_allele_frequency,variant_allele_frequency:value,0.0
interaction,outer_001_feature_337,variant_allele_frequency,variant_allele_frequency:missing,0.0
interaction,outer_001_feature_338,vasogenic_edema_presence,vasogenic_edema_presence:category=Present,0.0
interaction,outer_001_feature_338,vasogenic_edema_presence,vasogenic_edema_presence:category=Absent,0.0
interaction,outer_001_feature_338,vasogenic_edema_presence,vasogenic_edema_presence:category=__missing__,0.0
interaction,outer_001_feature_339,ventricular_edema,ventricular_edema:category=present,0.0
interaction,outer_001_feature_339,ventricular_edema,ventricular_edema:category=absent,0.0
interaction,outer_001_feature_339,ventricular_edema,ventricular_edema:category=__missing__,0.0
interaction,outer_001_feature_340,ventricular_hemorrhage,ventricular_hemorrhage:category=Present,0.0
interaction,outer_001_feature_340,ventricular_hemorrhage,ventricular_hemorrhage:category=Absent,0.0
interaction,outer_001_feature_340,ventricular_hemorrhage,ventricular_hemorrhage:category=__missing__,0.0
interaction,outer_001_feature_341,ventricular_size,ventricular_size:category=Normal,0.0
interaction,outer_001_feature_341,ventricular_size,ventricular_size:category=Enlarged,0.0
interaction,outer_001_feature_341,ventricular_size,ventricular_size:category=__missing__,0.0
interaction,outer_001_feature_342,vertebral_metastasis_presence,vertebral_metastasis_presence:category=Present,0.0
interaction,outer_001_feature_342,vertebral_metastasis_presence,vertebral_metastasis_presence:category=Absent,0.0
interaction,outer_001_feature_342,vertebral_metastasis_presence,vertebral_metastasis_presence:category=__missing__,0.0
interaction,outer_001_feature_343,vinorelbine_administered,vinorelbine_administered:category=Yes,0.0
interaction,outer_001_feature_343,vinorelbine_administered,vinorelbine_administered:category=No,0.0
interaction,outer_001_feature_343,vinorelbine_administered,vinorelbine_administered:category=__missing__,0.0
interaction,outer_001_feature_344,visual_field_deficit,visual_field_deficit:category=Present,0.0
interaction,outer_001_feature_344,visual_field_deficit,visual_field_deficit:category=Absent,0.0
interaction,outer_001_feature_344,visual_field_deficit,visual_field_deficit:category=__missing__,0.0
interaction,outer_001_feature_345,vitamin_deficiency_anemia,vitamin_deficiency_anemia:category=Present,0.0
interaction,outer_001_feature_345,vitamin_deficiency_anemia,vitamin_deficiency_anemia:category=Absent,0.0
interaction,outer_001_feature_345,vitamin_deficiency_anemia,vitamin_deficiency_anemia:category=__missing__,0.0
interaction,outer_001_feature_346,vitamin_supplement_use,vitamin_supplement_use:category=Yes,0.0
interaction,outer_001_feature_346,vitamin_supplement_use,vitamin_supplement_use:category=No,0.0
interaction,outer_001_feature_346,vitamin_supplement_use,vitamin_supplement_use:category=__missing__,0.0
interaction,outer_001_feature_347,weight,weight:value,0.0
interaction,outer_001_feature_347,weight,weight:missing,0.0
interaction,outer_001_feature_348,wheezing_presence,wheezing_presence:category=Present,0.0
interaction,outer_001_feature_348,wheezing_presence,wheezing_presence:category=Absent,0.0
interaction,outer_001_feature_348,wheezing_presence,wheezing_presence:category=__missing__,0.0
interaction,outer_001_feature_349,white_blood_cell_count,white_blood_cell_count:value,0.0
interaction,outer_001_feature_349,white_blood_cell_count,white_blood_cell_count:missing,0.0
interaction,outer_001_feature_350,who_grade,who_grade:category=1,0.0
interaction,outer_001_feature_350,who_grade,who_grade:category=2,0.0
interaction,outer_001_feature_350,who_grade,who_grade:category=3,0.0
interaction,outer_001_feature_350,who_grade,who_grade:category=4,0.0
interaction,outer_001_feature_350,who_grade,who_grade:category=__missing__,0.0
interaction,outer_001_feature_351,whole_brain_radiation_therapy,whole_brain_radiation_therapy:category=Yes,0.0
interaction,outer_001_feature_351,whole_brain_radiation_therapy,whole_brain_radiation_therapy:category=No,0.0
interaction,outer_001_feature_351,whole_brain_radiation_therapy,whole_brain_radiation_therapy:category=__missing__,0.0
interaction,outer_001_feature_352,zoledronic_acid_dose_frequency,zoledronic_acid_dose_frequency:category=q1 week,0.0
interaction,outer_001_feature_352,zoledronic_acid_dose_frequency,zoledronic_acid_dose_frequency:category=q2 weeks,0.0
interaction,outer_001_feature_352,zoledronic_acid_dose_frequency,zoledronic_acid_dose_frequency:category=q4 weeks,0.0
interaction,outer_001_feature_352,zoledronic_acid_dose_frequency,zoledronic_acid_dose_frequency:category=q3 months,0.0
interaction,outer_001_feature_352,zoledronic_acid_dose_frequency,zoledronic_acid_dose_frequency:category=once,0.0
interaction,outer_001_feature_352,zoledronic_acid_dose_frequency,zoledronic_acid_dose_frequency:category=__missing__,0.0
