_oci_row_id,analysis_unit,treatment,outcome,propensity,mu0,mu1,effect_eligible,aipw_score,estimated_cate,estimated_cate_lower_95,estimated_cate_upper_95,estimated_cate_standard_error,true_ite_prob,method,seed,cohort
5,5,1.0,1.0,0.6887162907334484,0.4366031120611945,0.6052890130203392,True,0.7417970532440911,-0.023018405572924366,-0.11430878535112168,0.06827197420527294,,0.29544125881310984,previous_16_forest,100042,native_eligible
12,12,0.0,1.0,0.4554134269055786,0.24521068085119496,0.6768995992585188,True,-0.9542969953840881,-0.016341925965059716,-0.16037384674206476,0.12768999481194532,,-0.1020346687031714,previous_16_forest,100042,native_eligible
15,15,1.0,0.0,0.5739032857281112,0.13073397857059804,0.17434253678014888,True,-0.26017526933721163,-0.07847888578705793,-0.2218729311820702,0.06491515960795431,,-0.003080297422145953,previous_16_forest,100042,native_eligible
30,30,0.0,0.0,0.6165670910827816,0.16498968338044023,0.16918022382606174,True,0.43448663539051535,-0.14398412711731493,-0.21629635258700486,-0.071671901647625,,-0.15824629257148742,previous_16_forest,100042,native_eligible
39,39,1.0,0.0,0.5283406970701073,0.30257488277932826,0.1094604884367615,True,-0.4002922419771903,-0.12020239800084095,-0.2090786249099004,-0.03132617109178153,,-0.0787740414269622,previous_16_forest,100042,native_eligible
40,40,0.0,0.0,0.33086064672178955,0.3723095482018039,0.41470518141820045,True,0.5987962489891883,-0.07405664446423822,-0.27965512149499205,0.13154183256651558,,0.060474988513839145,previous_16_forest,100042,native_eligible
43,43,1.0,0.0,0.7497651166050956,0.4917774292999127,0.239253111372781,True,-0.5716284027585371,-0.1000315627241872,-0.1989061636145698,-0.0011569618338046206,,-0.19702180525731344,previous_16_forest,100042,native_eligible
45,45,0.0,0.0,0.27337056290125283,0.4070795749857122,0.36546384363155043,True,0.5186142210836048,-0.10385381142874872,-0.21470158183136684,0.006993958973869355,,0.13139903885494988,previous_16_forest,100042,native_eligible
48,48,1.0,1.0,0.4801372366044823,0.5797752381422997,0.5642061574567526,True,0.8920752537242765,-0.09234557010869507,-0.20062304211204382,0.015931901894653655,,-0.02351093248221392,previous_16_forest,100042,native_eligible
63,63,1.0,0.0,0.5622881408378549,0.2679891746852552,0.21594399710572293,True,-0.4360902630475431,-0.07950180241192394,-0.22646651802921453,0.06746291320536661,,-0.08061850681857732,previous_16_forest,100042,native_eligible
67,67,1.0,1.0,0.2977750133057562,0.537904217926469,0.19875407818266613,True,2.351626070530806,-0.18750888886755213,-0.3293984582369744,-0.04561931949812989,,-0.4040936263411786,previous_16_forest,100042,native_eligible
69,69,0.0,0.0,0.4830438756401033,0.6240608341728163,0.25357522591413484,True,0.8366977575357336,-0.1385700578067742,-0.256513234798456,-0.020626880815092438,,-0.2535047085663173,previous_16_forest,100042,native_eligible
72,72,1.0,0.0,0.7162682305391473,0.5477684334523646,0.53799034220756,True,-0.760879870256566,-0.07883864846300198,-0.19474147050638557,0.037064173580381596,,0.03393963416448598,previous_16_forest,100042,native_eligible
93,93,0.0,1.0,0.19487823858586856,0.3790784417545554,0.145987617966676,True,-1.004305300906031,-0.14203190881911162,-0.29460710799835693,0.010543290360133628,,-0.24763340158643393,previous_16_forest,100042,native_eligible
115,115,0.0,0.0,0.3320856385129984,0.12578474758529193,0.21459993936615554,True,0.27713985559742366,-0.08369454242516074,-0.2319255979068936,0.06453651305657206,,-0.036066766855671034,previous_16_forest,100042,native_eligible
116,116,0.0,1.0,0.25144313211091396,0.41712346427830704,0.29236293722290196,True,-0.9034275338325816,-0.11580393206941182,-0.2912761787987735,0.059668314659949775,,-0.014342061446469406,previous_16_forest,100042,native_eligible
121,121,1.0,0.0,0.8398616308550118,0.5162173821639424,0.3010077377611166,True,-0.573611227119111,-0.1329772057598629,-0.2468502915906013,-0.01910411992912457,,-0.578150415838105,previous_16_forest,100042,native_eligible
122,122,1.0,0.0,0.7251945430660629,0.29193791604481295,0.1386862167841343,True,-0.34449171631566144,-0.11165394634795799,-0.2007481523702766,-0.0225597403256394,,-0.1662835077113541,previous_16_forest,100042,native_eligible
123,123,0.0,1.0,0.4462741037158824,0.5354390250144854,0.5137579153993502,True,-0.8606539264962653,0.02403975381900508,-0.20205900402078344,0.2501385116587935,,0.03246765507545743,previous_16_forest,100042,native_eligible
126,126,0.0,0.0,0.20314875400575907,0.24423058753722124,0.1650561222183361,True,0.227320114146184,-0.1706475823188918,-0.28868943793857105,-0.05260572669921254,,-0.3010231687743369,previous_16_forest,100042,native_eligible
130,130,0.0,0.0,0.20822503772719578,0.05522623933905533,0.12330638073875085,True,0.13783006021567754,-0.036899873476450566,-0.14266853892923162,0.06886879197633045,,0.006309753656425152,previous_16_forest,100042,native_eligible
137,137,0.0,0.0,0.18865558766310853,0.1103143598170894,0.23732194398718473,True,0.2629724816164883,-0.07249309566277921,-0.1977247799497786,0.052738588624220165,,-0.035394603233024145,previous_16_forest,100042,native_eligible
145,145,1.0,0.0,0.32003779935301435,0.23541508041735526,0.3225580150535419,True,-0.9207318092397629,-0.0171419861913374,-0.17152294568498588,0.13723897330231108,,-0.33769143797714973,previous_16_forest,100042,native_eligible
151,151,0.0,1.0,0.5588474290441887,0.2615051176657724,0.4414357452885093,True,-1.4940817911062023,0.002889236559959425,-0.15142423495686863,0.15720270807678743,,-0.31487008056515453,previous_16_forest,100042,native_eligible
162,162,0.0,0.0,0.5945247572662293,0.5248014647149774,0.3150335773381157,True,1.084519431317845,-0.07117981050078481,-0.21642908338006783,0.07406946237849818,,-0.1770906937214045,previous_16_forest,100042,native_eligible
167,167,0.0,1.0,0.5910665771674101,0.6751276642684338,0.779441588478521,True,-0.6901242840470138,-0.04409641715114564,-0.2130360850556433,0.124843250753352,,0.060419762402974864,previous_16_forest,100042,native_eligible
169,169,1.0,1.0,0.704431003878445,0.8078537125819205,0.8354972610031414,True,0.26116924233750516,-0.07251726201089878,-0.19101655884418406,0.04598203482238647,,-0.059438745764093026,previous_16_forest,100042,native_eligible
186,186,1.0,0.0,0.6210416095569548,0.5052565072888179,0.6012958360709447,True,-0.8721660648949627,-0.0507733038216303,-0.1789447496084295,0.07739814196516885,,-0.34838730337294177,previous_16_forest,100042,native_eligible
193,193,0.0,0.0,0.6073480641740991,0.6572669469350446,0.37464938196148995,True,1.3912999354013122,-0.1293052157144267,-0.27559059744063974,0.016980166011786313,,-0.07790570380726344,previous_16_forest,100042,native_eligible
196,196,0.0,0.0,0.5532064916211334,0.5202320261512682,0.7172462515378798,True,1.361382141202721,0.008210348430612148,-0.07215197715332736,0.08857267401455164,,0.18500422317417548,previous_16_forest,100042,native_eligible
198,198,0.0,0.0,0.12682007443309062,0.19011891825301033,0.11466254338154797,True,0.14227528922923968,-0.17026361186222475,-0.2742518132269023,-0.06627541049754725,,-0.09796041668062988,previous_16_forest,100042,native_eligible
208,208,1.0,1.0,0.3545552768915456,0.5175507118669418,0.8209588500215467,True,0.8083820072453193,0.03033072777767761,-0.06913308202306204,0.12979453757841725,,-0.38364186382161225,previous_16_forest,100042,native_eligible
211,211,0.0,0.0,0.23696619097318505,0.1611540941333864,0.4056922364598631,True,0.4557399163853808,-0.06510204610527286,-0.210550652370724,0.08034656016017828,,0.039362356322426656,previous_16_forest,100042,native_eligible
229,229,0.0,0.0,0.3395183523854605,0.15628040234195156,0.12171752980821335,True,0.20205294095084422,-0.11469008843481639,-0.2756049302187596,0.04622475334912675,,-0.0181111175885878,previous_16_forest,100042,native_eligible
237,237,0.0,1.0,0.2592376074189541,0.5036957972891597,0.5991847412227724,True,-0.5745021458969097,-0.03912567617401073,-0.1970940601911845,0.11884270784316303,,0.014677238537030401,previous_16_forest,100042,native_eligible
241,241,1.0,0.0,0.3112184000268978,0.29297990624100695,0.32499894153134207,True,-1.0122602923562734,-0.12380847950708763,-0.3274224350364712,0.07980547602229589,,-0.2359562924134932,previous_16_forest,100042,native_eligible
250,250,1.0,1.0,0.8196324133318519,0.6556518835482454,0.7296056603166405,True,0.40385085658761705,-0.1314667619249839,-0.2749801077813665,0.01204658393139868,,-0.14381661120733635,previous_16_forest,100042,native_eligible
254,254,0.0,1.0,0.20082906572515438,0.10122465249865749,0.11599517542776872,True,-1.1098641565301413,-0.10203123689188585,-0.19105564153189886,-0.01300683225187288,,0.11029612787953566,previous_16_forest,100042,native_eligible
261,261,0.0,0.0,0.3575626995097774,0.27738575942958965,0.6590120686821813,True,0.813397252841835,-0.023877886366175143,-0.13071768760139643,0.08296191486904612,,0.31285754382566056,previous_16_forest,100042,native_eligible
264,264,1.0,1.0,0.5575907885662648,0.6661135763294471,0.5574712958384775,True,0.6850019353673987,-0.09005863890737041,-0.21536403905571427,0.03524676124097344,,0.10130985419071503,previous_16_forest,100042,native_eligible
265,265,0.0,0.0,0.4897541888470956,0.4996763705517501,0.14893702683236537,True,0.628546246930987,-0.1673142494159119,-0.3364685658018613,0.001840066970037496,,-0.19966649402570194,previous_16_forest,100042,native_eligible
270,270,0.0,0.0,0.41382967514227564,0.1144462365137714,0.33712055526243906,True,0.41791831466666274,-0.1891534541373279,-0.30340958121268974,-0.07489732706196608,,-0.05981133747776573,previous_16_forest,100042,native_eligible
271,271,1.0,0.0,0.7707164726769933,0.799641172529823,0.7958986074894286,True,-1.0364162338994083,-0.09842084679379556,-0.21375714881839214,0.01691545523080097,,-0.027407061388611043,previous_16_forest,100042,native_eligible
277,277,1.0,1.0,0.8899829644026354,0.6571421160618739,0.5551006496373309,True,0.3978550126741211,0.062380032320125664,-0.10629370835108308,0.2310537729913344,,0.19707323380293573,previous_16_forest,100042,native_eligible
282,282,0.0,0.0,0.6242495481824158,0.7569568217380804,0.658524317399809,True,1.9160875529937176,-0.06421698463387521,-0.2512217423439161,0.12278777307616562,,0.2904593735133494,previous_16_forest,100042,native_eligible
284,284,0.0,1.0,0.16597983639042652,0.26459246271194714,0.5107274563565002,True,-0.6356273058486236,-0.05743485257231903,-0.2037217215208686,0.08885201637623047,,0.18518688543613304,previous_16_forest,100042,native_eligible
288,288,1.0,0.0,0.7505262107367326,0.489617058084552,0.5035139735319437,True,-0.656984349362379,-0.049086430110822095,-0.1459789649979989,0.0478061047763547,,0.004640120746827181,previous_16_forest,100042,native_eligible
294,294,1.0,1.0,0.8452104662822969,0.4293333890647982,0.6534094979960107,True,0.6341402477823155,-0.0749372995820968,-0.21586264887088416,0.06598804970669053,,-0.34951026332690505,previous_16_forest,100042,native_eligible
318,318,0.0,0.0,0.6619452436490905,0.617915985752386,0.4863116694544436,True,1.6962533728598856,-0.03026228645755676,-0.14827996976142893,0.08775539684631538,,-0.20199985734703257,previous_16_forest,100042,native_eligible
328,328,0.0,1.0,0.45537902272348385,0.22955765946395168,0.3763408308894004,True,-1.267856316735283,0.005934512561885755,-0.08961836490585084,0.10148739002962232,,0.10327243996857394,previous_16_forest,100042,native_eligible
334,334,0.0,0.0,0.39307427262976935,0.5571027051118642,0.23251302726307455,True,0.593319515959411,-0.1285902368523476,-0.2469441489949143,-0.010236324709780933,,-0.1484375342195409,previous_16_forest,100042,native_eligible
339,339,0.0,1.0,0.7123204588984382,0.5965822117379189,0.5725643073695623,True,-1.4263344775850084,-0.07017229568795601,-0.22604385448951542,0.08569926311360336,,-0.04096418254395162,previous_16_forest,100042,native_eligible
343,343,1.0,1.0,0.72370610728397,0.42534802491747775,0.2840485121386202,True,0.8479853373218375,-0.061267220794085274,-0.22157817721643694,0.09904373562826635,,-0.252500407706424,previous_16_forest,100042,native_eligible
346,346,0.0,0.0,0.46952221535196176,0.35612217571038957,0.2807649199393508,True,0.5959661926683144,-0.08522193722518587,-0.172279306235807,0.001835431785435243,,0.021257549177203516,previous_16_forest,100042,native_eligible
347,347,0.0,1.0,0.13825562934567645,0.20917435186525285,0.12979650649228353,True,-0.9970811400684394,-0.1378187586378832,-0.276826385756494,0.001188868480727523,,0.0718545920669893,previous_16_forest,100042,native_eligible
349,349,0.0,1.0,0.8193912307622631,0.7568555285781641,0.31957244873460944,True,-1.7835326138392307,-0.083243665216265,-0.20515743618464904,0.038670105752119,,0.03268878550218324,previous_16_forest,100042,native_eligible
354,354,1.0,0.0,0.5853192865958416,0.25187610313375147,0.5873267249104718,True,-0.6679790248462454,0.05365962262308625,-0.1934117936227875,0.30073103886895997,,-0.14297135067526034,previous_16_forest,100042,native_eligible
357,357,1.0,1.0,0.6143485744637762,0.20547834142815696,0.1638253245023903,True,1.3194222915462204,-0.12837724811879753,-0.278767186268095,0.02201269003049991,,0.1013446835796018,previous_16_forest,100042,native_eligible
360,360,1.0,0.0,0.38652785682374197,0.22990715001851458,0.28775504199642987,True,-0.6866134370477108,-0.013714689691225985,-0.17040029559835332,0.1429709162159013,,-0.20995476861796994,previous_16_forest,100042,native_eligible
361,361,0.0,0.0,0.3485290307997674,0.24084322813678039,0.21529991678373056,True,0.3441481093290529,-0.04422359792747841,-0.2006416907821702,0.11219449492721334,,-0.0406445885166562,previous_16_forest,100042,native_eligible
365,365,1.0,0.0,0.560968164264129,0.22990707649628198,0.057451517505475606,True,-0.27487049296631955,-0.1657512755067059,-0.3488940311703444,0.017391480156932565,,-0.3344524588585174,previous_16_forest,100042,native_eligible
368,368,1.0,0.0,0.714401746082142,0.3325430714021838,0.4404902305995466,True,-0.508639002601994,-0.07056814913047338,-0.18505698681950947,0.04392068855856268,,-0.05427466854280549,previous_16_forest,100042,native_eligible
370,370,1.0,0.0,0.15655583027297423,0.026180644320393996,0.05088199013154265,True,-0.30030724724363367,-0.1236783371926781,-0.22245690711079963,-0.02489976727455659,,-0.11224918810400103,previous_16_forest,100042,native_eligible
380,380,0.0,1.0,0.6878999118223514,0.3647722971129069,0.13198009280819878,True,-2.2681255058625056,-0.13955367458526255,-0.22549553818955598,-0.05361181098096915,,-0.4595323870462047,previous_16_forest,100042,native_eligible
384,384,1.0,1.0,0.6991657742207109,0.5952412355676518,0.6246393200088214,True,0.5662674419401905,-0.04800072120397378,-0.24133455646958304,0.14533311406163546,,0.0703099140074529,previous_16_forest,100042,native_eligible
392,392,1.0,1.0,0.8614465356044667,0.5798850089186182,0.6888676648749268,True,0.4701569392874911,-0.07826353579939581,-0.24051549131715816,0.0839884197183665,,0.0859568948245617,previous_16_forest,100042,native_eligible
398,398,0.0,1.0,0.31302957451177105,0.33381973356651834,0.33215952029375795,True,-0.9713966702097943,-0.07330199303784748,-0.22716812465673278,0.08056413858103778,,-0.3498504475078327,previous_16_forest,100042,native_eligible
409,409,0.0,0.0,0.11682656775470664,0.15123398986267242,0.46857335647580484,True,0.48857865477671547,-0.08769543173299363,-0.2590299913444073,0.08363912787842001,,0.14554265152238055,previous_16_forest,100042,native_eligible
422,422,1.0,1.0,0.5507360321013497,0.31760002962145684,0.6819276988330695,True,0.9418680563065267,0.04637991982453443,-0.08019655516440719,0.17295639481347602,,0.04875396248008518,previous_16_forest,100042,native_eligible
424,424,1.0,0.0,0.7465341465314489,0.8800407534092558,0.602025218270948,True,-1.084442436128813,-0.12118719279882277,-0.29770322962744594,0.05532884402980033,,-0.411950972386599,previous_16_forest,100042,native_eligible
431,431,1.0,1.0,0.36720906701781686,0.5902148769128996,0.17218863553357494,True,1.8363063413895535,-0.11518324326053352,-0.2093372362958893,-0.021029250225177737,,-0.32665406706368566,previous_16_forest,100042,native_eligible
435,435,0.0,1.0,0.4129597617278917,0.9294681770496492,0.5356881294942271,True,-0.513928239028555,-0.09135698160055467,-0.22568732196561722,0.04297335876450786,,-0.10742312894197681,previous_16_forest,100042,native_eligible
446,446,1.0,0.0,0.20767483528290356,0.23299736512473415,0.03245674123556289,True,-0.35682697024090393,-0.08717696262549843,-0.28240330538554786,0.10804938013455095,,-0.06432527410523083,previous_16_forest,100042,native_eligible
447,447,1.0,1.0,0.498122190950462,0.1973540987878996,0.4233606929287111,True,1.3836328102525837,-0.06725843085085502,-0.25616052127938665,0.12164365957767655,,0.034144994760945346,previous_16_forest,100042,native_eligible
451,451,1.0,1.0,0.8206256180127607,0.39967917906064826,0.30304354025262625,True,0.7526632917263842,-0.00013235909492851099,-0.1594756713462247,0.15921095315636766,,-0.17663563846118313,previous_16_forest,100042,native_eligible
460,460,1.0,0.0,0.5181511359956863,0.5618316897543361,0.347020025485144,True,-0.8845390881381093,-0.012119425046236799,-0.11486083541085905,0.09062198531838543,,-0.15089969081385596,previous_16_forest,100042,native_eligible
462,462,0.0,0.0,0.551316614167244,0.3284713478246153,0.5807058016115656,True,0.9843127036088659,0.009157335683168611,-0.10652101938607113,0.12483569075240832,,-0.02877369342676961,previous_16_forest,100042,native_eligible
465,465,0.0,1.0,0.3616233046467343,0.660070389755208,0.43078777373728433,True,-0.7617732484597632,-0.13308910579701938,-0.29632746020047723,0.030149248606438417,,-0.07352311822592295,previous_16_forest,100042,native_eligible
467,467,0.0,0.0,0.3694281366177929,0.708800248902517,0.32099015097049677,True,0.7362493313941081,-0.07918402913853502,-0.23832954768924325,0.07996148941217317,,0.18109530692018136,previous_16_forest,100042,native_eligible
468,468,1.0,0.0,0.44479245539550216,0.6226652874239057,0.25712449964217554,True,-0.9436182630697151,-0.09472365785505266,-0.19872052948962726,0.009273213779521908,,-0.36394341785118856,previous_16_forest,100042,native_eligible
474,474,0.0,0.0,0.41083214624870906,0.27277813259325345,0.40347479288266264,True,0.5936854857259086,0.01913428679332437,-0.19907640795764303,0.23734498154429173,,0.27024214191256124,previous_16_forest,100042,native_eligible
478,478,1.0,0.0,0.6224598671868002,0.3502824012175236,0.03380013994568696,True,-0.3707831756399328,-0.11310625354542785,-0.24158388355919858,0.01537137646834287,,-0.14113139488284232,previous_16_forest,100042,native_eligible
481,481,0.0,1.0,0.4199162936208889,0.33924749562426026,0.23456459148839118,True,-1.243746968700213,-0.09464399241723775,-0.24455989182359214,0.055271906989116576,,0.24256774419822325,previous_16_forest,100042,native_eligible
486,486,1.0,1.0,0.7384055566399511,0.8210043466092619,0.18422501047676934,True,0.46799971406228436,-0.20252828602544956,-0.36025386146922245,-0.044802710581676675,,-0.6892153014395378,previous_16_forest,100042,native_eligible
487,487,1.0,1.0,0.895668901272474,0.7919646850018982,0.7468746810030763,True,0.23752036534336396,-0.03526611200433191,-0.16081416787353292,0.09028194386486907,,-0.028156691615068175,previous_16_forest,100042,native_eligible
498,498,0.0,0.0,0.3064014197369522,0.42045644978845054,0.1158018167205046,True,0.3015410278703913,-0.10589260907334191,-0.23551258850347623,0.02372737035679237,,-0.1062618189134249,previous_16_forest,100042,native_eligible
503,503,0.0,0.0,0.3395701409354137,0.2764864179390915,0.20385506791381997,True,0.3460148001210875,-0.02898825118489135,-0.27895125295171375,0.22097475058193097,,-0.16728505428348134,previous_16_forest,100042,native_eligible
507,507,1.0,1.0,0.8858981163113235,0.8863696284512167,0.840065087390369,True,0.1342296644701035,-0.0731819399361103,-0.19076916593242044,0.04440528606019979,,-0.030854928811506976,previous_16_forest,100042,native_eligible
508,508,0.0,0.0,0.47980167435767335,0.15852874462973168,0.23164430011447898,True,0.37786229690108064,-0.09400607291856598,-0.22282926769732542,0.03481712186019344,,-0.05620972089686527,previous_16_forest,100042,native_eligible
514,514,1.0,1.0,0.8430372848886678,0.8415692978009905,0.5891515030670276,True,0.23492541569975994,-0.14527122031669318,-0.3277685030887626,0.03722606245537621,,-0.061478120138046544,previous_16_forest,100042,native_eligible
526,526,0.0,0.0,0.10134168599592924,0.042408465761656446,0.11028934388860774,True,0.11507174600275258,-0.022018624825889056,-0.16901684320124155,0.1249795935494634,,0.020299231269924375,previous_16_forest,100042,native_eligible
528,528,1.0,1.0,0.4976120907871823,0.40495308519453926,0.5045166001211492,True,1.0952857030571996,0.005125555427610013,-0.09586620450820993,0.10611731536342991,,-0.3151680255715663,previous_16_forest,100042,native_eligible
532,532,1.0,0.0,0.6244960886001973,0.521710363804407,0.2917989843566197,True,-0.6971664826954068,-0.17205057299132748,-0.25227662930879186,-0.09182451667386313,,-0.5334643262344162,previous_16_forest,100042,native_eligible
534,534,0.0,1.0,0.6779672984620977,0.3583107858963352,0.7257498440335198,True,-1.6251822223700678,-0.031677257317537816,-0.16162850035845244,0.09827398572337678,,0.13543398492073888,previous_16_forest,100042,native_eligible
535,535,0.0,0.0,0.6611913117082947,0.4531931837133799,0.4118173978436599,True,1.2962321308528657,0.021926140938786937,-0.0811985272449174,0.12505080912249125,,0.03704061610492676,previous_16_forest,100042,native_eligible
538,538,1.0,0.0,0.665198048203201,0.47958156722214806,0.5514956055176145,True,-0.7571557507805632,-0.02478513823358483,-0.16635149095424925,0.11678121448707954,,-0.06212851278558973,previous_16_forest,100042,native_eligible
539,539,0.0,1.0,0.37152500868260463,0.295928758284995,0.32270647450261525,True,-1.0935075002858183,-0.11097150022655196,-0.2609772499565674,0.03903424950346347,,-0.11126006308263126,previous_16_forest,100042,native_eligible
546,546,0.0,0.0,0.28274147540780453,0.13370380419464747,0.04761960877790484,True,0.10032530633252709,-0.09736749764365793,-0.18244975172367492,-0.012285243563640955,,-0.06620608679353736,previous_16_forest,100042,native_eligible
549,549,1.0,0.0,0.8288785135352711,0.6162671534676794,0.6685932769715425,True,-0.7542978461776624,-0.10450848432272683,-0.23934025563049433,0.030323286985040637,,-0.22605679180368443,previous_16_forest,100042,native_eligible
550,550,0.0,0.0,0.19512718703527704,0.07014033554748035,0.09634872036851012,True,0.1133530049618452,-0.10321494001330649,-0.21931730498844892,0.012887424961835925,,-0.08381602753461014,previous_16_forest,100042,native_eligible
552,552,1.0,0.0,0.5434281370728052,0.2793283117474655,0.16202579348381976,True,-0.4154574764455635,-0.1807829864984319,-0.25101007568021183,-0.110555897316652,,0.08753892270289004,previous_16_forest,100042,native_eligible
559,559,1.0,0.0,0.31492404354128245,0.475686642417275,0.2913028627112861,True,-1.1093778177464666,-0.1709528503623349,-0.2975909276966312,-0.0443147730280386,,-0.36576085048430995,previous_16_forest,100042,native_eligible
560,560,1.0,1.0,0.8811481636111244,0.6338436535646556,0.40954491636167856,True,0.4457986516612481,-0.0641984391463862,-0.259121973768171,0.1307250954753985,,-0.06469990771798673,previous_16_forest,100042,native_eligible
561,561,1.0,0.0,0.6604851438798335,0.4885965494899231,0.47518011098337043,True,-0.7328574666454433,-0.10219411684306842,-0.3169728228283074,0.11258458914217051,,-0.14847635272894044,previous_16_forest,100042,native_eligible
563,563,0.0,0.0,0.2974382055528853,0.21550771996437326,0.34695492281230195,True,0.4381927755045921,-0.09121129043872642,-0.25774017156009477,0.07531759068264188,,0.08723419972137467,previous_16_forest,100042,native_eligible
568,568,1.0,1.0,0.8593255853043639,0.7796908673770818,0.6281500638371472,True,0.28118218588571775,-0.1363422304948319,-0.31817525422705795,0.04549079323739405,,-0.11006768648138565,previous_16_forest,100042,native_eligible
569,569,0.0,1.0,0.5528048922578694,0.6611938447671052,0.512722477178401,True,-0.9060962820103152,-0.088066257703164,-0.2513251222558377,0.07519260684950967,,-0.03506472883281053,previous_16_forest,100042,native_eligible
578,578,0.0,0.0,0.4971559752754181,0.48007250512293087,0.1985550319104386,True,0.6731970734819355,-0.11173909267292001,-0.1983724554241701,-0.025105729921669956,,-0.1661069213092291,previous_16_forest,100042,native_eligible
580,580,1.0,1.0,0.8996632265537816,0.5065571255147049,0.9007793119395556,True,0.5045086637776216,-0.08347271569420152,-0.32681937877690537,0.1598739473885023,,0.041240948763694774,previous_16_forest,100042,native_eligible
584,584,1.0,0.0,0.3530020950388765,0.3002764965511114,0.49428169929480315,True,-1.206217929757455,-0.039917365982490634,-0.17966390543766547,0.09982917347268419,,-0.18620539681394355,previous_16_forest,100042,native_eligible
588,588,1.0,1.0,0.7599037798222803,0.5989536181828509,0.7068717062070728,True,0.4936620487418295,-0.05198492235489657,-0.25194096185424275,0.14797111714444955,,0.05151712594740754,previous_16_forest,100042,native_eligible
594,594,0.0,1.0,0.4358862117958283,0.3450173762070346,0.2893044246180034,True,-1.2167954095769313,-0.1553059258932735,-0.23430633324082506,-0.07630551854572196,,-0.1845762402931477,previous_16_forest,100042,native_eligible
599,599,0.0,1.0,0.5047157237367998,0.32586425805549957,0.19413390627280455,True,-1.4928390609682385,-0.07677400894841535,-0.19925422041964141,0.04570620252281067,,-0.017020805613165407,previous_16_forest,100042,native_eligible
603,603,1.0,1.0,0.8965984662730258,0.8240408711123715,0.43645704463981083,True,0.240950547116902,-0.11269124098144978,-0.2178961079317191,-0.007486374031180507,,-0.4064471216929251,previous_16_forest,100042,native_eligible
606,606,0.0,1.0,0.182420673272415,0.35574959054089994,0.44566286354294443,True,-0.698084158437122,-0.08527205890389035,-0.31546356836843004,0.1449194505606493,,-0.0810499975355446,previous_16_forest,100042,native_eligible
607,607,0.0,0.0,0.23286299971686428,0.4112209572309557,0.6418304150684969,True,0.7666557664879934,-0.016705059490262558,-0.15242508560336465,0.11901496662283952,,-0.20262165996000597,previous_16_forest,100042,native_eligible
609,609,0.0,1.0,0.2628351951498874,0.3611880740509345,0.28592851337063,True,-0.9418390850228358,-0.12471465862980237,-0.24452576721133057,-0.004903550048274183,,-0.17815202596793825,previous_16_forest,100042,native_eligible
614,614,1.0,1.0,0.5726448508420163,0.32134840229738393,0.13572284796780826,True,1.3236469917543707,-0.1529276224723919,-0.3041020765555408,-0.0017531683892429983,,0.13800989485438941,previous_16_forest,100042,native_eligible
617,617,1.0,0.0,0.7178793441680776,0.8048943701497815,0.4648705377590742,True,-0.9875846537677238,-0.12776544764237466,-0.2539082388356281,-0.0016226564491212958,,-0.32977963417948597,previous_16_forest,100042,native_eligible
621,621,1.0,1.0,0.719441708520127,0.6338426538062932,0.46081922314654916,True,0.5764198813808268,-0.10924840630779041,-0.20226992468186017,-0.016226887933720652,,-0.10300534475910206,previous_16_forest,100042,native_eligible
626,626,1.0,0.0,0.37375575622168683,0.06730359278770888,0.03902723129941696,True,-0.13269543905366493,-0.17119037533361792,-0.2532334013935064,-0.08914734927372943,,-0.14734105843629364,previous_16_forest,100042,native_eligible
638,638,1.0,0.0,0.26982284499575265,0.11795731343678195,0.06941434204727653,True,-0.3058019223444151,-0.13756570557048026,-0.2486908939593005,-0.02644051718166006,,-0.028967779075204383,previous_16_forest,100042,native_eligible
648,648,1.0,1.0,0.4853098968455891,0.7157742453353908,0.4598434715346434,True,0.8570828531132284,-0.17802626298199023,-0.3033434287931209,-0.052709097170859615,,0.22657797391420198,previous_16_forest,100042,native_eligible
651,651,1.0,0.0,0.8400908645880912,0.5063475662804772,0.1512717979811567,True,-0.5351417639643579,-0.10114588136106008,-0.2801444583066491,0.07785269558452888,,0.14285091672279376,previous_16_forest,100042,native_eligible
656,656,0.0,0.0,0.31016645628077394,0.3391480446162763,0.577527158664023,True,0.7300166224063072,0.023233938012871574,-0.06572455804961506,0.1121924340753582,,0.008071797181922913,previous_16_forest,100042,native_eligible
662,662,0.0,0.0,0.795984834636873,0.602560464413763,0.578846128743734,True,2.9297938672190273,0.005300530813033555,-0.18885352769916627,0.19945458932523336,,0.12090442381375327,previous_16_forest,100042,native_eligible
663,663,1.0,1.0,0.6611570820652285,0.5600201820424707,0.6238168988065418,True,0.6327736080323169,-0.08566528587682147,-0.20407924355116125,0.03274867179751827,,-0.0006267839972746714,previous_16_forest,100042,native_eligible
676,676,1.0,0.0,0.5074586085423022,0.5128618451234043,0.2370410744422043,True,-0.7429348770378061,-0.08548719068310351,-0.216402591271421,0.045428209905213957,,0.288078314021742,previous_16_forest,100042,native_eligible
680,680,1.0,0.0,0.8142674081481726,0.28649380658491874,0.1732185453036293,True,-0.32600457301632163,-0.0416506055877611,-0.12031675817033702,0.03701554699481481,,-0.21676132704337042,previous_16_forest,100042,native_eligible
684,684,0.0,0.0,0.4767038477674782,0.07500734791932387,0.09431201241262713,True,0.1626409905857509,-0.06831329210936447,-0.15598941572950079,0.019362831510771825,,-0.09365228131014089,previous_16_forest,100042,native_eligible
707,707,1.0,0.0,0.37689242235308673,0.21942363162716366,0.07825928097591793,True,-0.3488079017932789,-0.07299175678013571,-0.1760393002364819,0.030055786676210436,,-0.18261274863827542,previous_16_forest,100042,native_eligible
708,708,0.0,0.0,0.36990990607935353,0.4354379599761319,0.17009379219190304,True,0.42572836958369076,-0.12743741341908835,-0.29130140278189615,0.0364265759437194,,-0.3033594815556778,previous_16_forest,100042,native_eligible
712,712,0.0,0.0,0.18173934950556428,0.3483191284650163,0.24537611120481098,True,0.32273934722175246,-0.0607650988078234,-0.2020276351524539,0.08049743753680705,,0.20262182932038472,previous_16_forest,100042,native_eligible
713,713,0.0,1.0,0.30180578383099915,0.7428200384844842,0.6583644031663684,True,-0.45280581003979287,-0.05786816367671336,-0.23863293699158497,0.12289660963815824,,0.18351149860665072,previous_16_forest,100042,native_eligible
735,735,1.0,1.0,0.8694429309898267,0.5841917632953256,0.529552822750379,True,0.4864514064822416,0.0003860218170866675,-0.08970450968592776,0.09047655332010107,,0.2892291597635016,previous_16_forest,100042,native_eligible
739,739,0.0,1.0,0.14064771931795442,0.4137860739356773,0.3384220702151873,True,-0.7575218791834607,-0.02864503071355071,-0.22751554190614426,0.1702254804790428,,0.04653584065128688,previous_16_forest,100042,native_eligible
743,743,1.0,0.0,0.5692106179706797,0.708079890191026,0.2085803051763669,True,-0.8659374176748906,-0.16642281837060507,-0.3163615280429485,-0.016484108698261668,,-0.3588049137290085,previous_16_forest,100042,native_eligible
744,744,0.0,0.0,0.3118452004905281,0.21006615632254447,0.16582631502354478,True,0.2610201909964709,0.0018185658608848724,-0.1988351107694172,0.20247224249118692,,0.00043827428651807554,previous_16_forest,100042,native_eligible
752,752,1.0,0.0,0.4976120907871823,0.40495308519453926,0.5045166001211492,True,-0.914311769580735,0.005125555427610013,-0.09586620450820993,0.10611731536342991,,-0.048624029853681416,previous_16_forest,100042,native_eligible
760,760,1.0,1.0,0.6923646690804353,0.8499391231971852,0.4038038648525092,True,0.4149660684161611,-0.18172923252029677,-0.36885524896142385,0.0053967839208302615,,-0.1049719012824385,previous_16_forest,100042,native_eligible
773,773,1.0,1.0,0.8692254357777036,0.8437628935615387,0.8802790763467855,True,0.1742490639521436,-0.04519924247400699,-0.24560290526173995,0.15520442031372594,,-0.05078761983714952,previous_16_forest,100042,native_eligible
776,776,0.0,0.0,0.3167064190307683,0.07997546902444524,0.41053740430750363,True,0.44760601597089744,0.028006727272941064,-0.13251693387366878,0.18853038841955086,,0.11215936655437345,previous_16_forest,100042,native_eligible
779,779,0.0,0.0,0.2678627871247748,0.08326897522402205,0.14434178930057648,True,0.17480692533284592,-0.09869233232668287,-0.18063907168044915,-0.016745592972916598,,0.2102850669914252,previous_16_forest,100042,native_eligible
781,781,1.0,1.0,0.7124159078673112,0.6524985949433281,0.5685012955705222,True,0.521686402611352,-0.12275965612433014,-0.22542005224655928,-0.02009926000210102,,0.031273744586730046,previous_16_forest,100042,native_eligible
798,798,1.0,1.0,0.5738501829537611,0.4610066469393637,0.6899678586580268,True,0.7692279059735196,0.002612133884393442,-0.23260728767965155,0.23783155544843837,,-0.012829595656138837,previous_16_forest,100042,native_eligible
822,822,0.0,0.0,0.7851643283955761,0.7039467014881663,0.8549548974861817,True,3.4276833227634667,0.08845300340899974,-0.05285024273659837,0.22975624955459784,,0.15687867128973654,previous_16_forest,100042,native_eligible
827,827,0.0,1.0,0.20292414528693528,0.5238508273207104,0.1083530628806362,True,-1.012867725986201,-0.15763785005591233,-0.315927649143283,0.0006519490314582654,,-0.47170840662307595,previous_16_forest,100042,native_eligible
839,839,0.0,0.0,0.34581130524434806,0.1126466506091078,0.086969561538685,True,0.14651581415787712,-0.12515603456334823,-0.23488794941915864,-0.015424119707537862,,-0.082870305049013,previous_16_forest,100042,native_eligible
845,845,1.0,1.0,0.752910890896712,0.5246796930671129,0.7724547060476488,True,0.5499957627446231,0.03541929822369861,-0.15272678566151326,0.22356538210891042,,-0.054967122143437575,previous_16_forest,100042,native_eligible
848,848,0.0,0.0,0.17488544575211756,0.28132520448773546,0.20464188183823775,True,0.26426958266456757,-0.07749759534685983,-0.2157464266531866,0.06075123595946692,,0.0857810802170664,previous_16_forest,100042,native_eligible
859,859,1.0,1.0,0.7373700262799631,0.6352483735197884,0.7457560343927967,True,0.4553060070844293,-0.0659144618929148,-0.17731465065648955,0.04548572687065991,,0.10091643251497262,previous_16_forest,100042,native_eligible
868,868,1.0,0.0,0.3158631133936012,0.28142855356043467,0.1800533921448985,True,-0.6714113084363869,-0.07401005027748273,-0.21810870845325855,0.07008860789829305,,-0.03768758335333155,previous_16_forest,100042,native_eligible
875,875,1.0,1.0,0.2954085010099827,0.07893179342112945,0.6520298895516717,True,1.7510266569493433,0.007599235262336684,-0.107928977452441,0.12312744797711435,,0.2750351541256375,previous_16_forest,100042,native_eligible
892,892,0.0,0.0,0.2735318871361978,0.1691753800978599,0.26355112855595086,True,0.3272495347980797,-0.07134158763516345,-0.22191036835012773,0.07922719307980079,,-0.4218944972490402,previous_16_forest,100042,native_eligible
893,893,0.0,1.0,0.4209871190121045,0.5576017615513111,0.2601762911485843,True,-1.0614814231716556,-0.11312012733989948,-0.22735230467055,0.001112049990750999,,-0.13899119129057289,previous_16_forest,100042,native_eligible
898,898,1.0,1.0,0.45930358416275124,0.3544588116907033,0.29474590032829595,True,1.4757728196215727,-0.08427754278893392,-0.19549379376235257,0.02693870818448471,,0.11489019733853345,previous_16_forest,100042,native_eligible
908,908,1.0,1.0,0.6365359451118013,0.6292463172641775,0.5328327175584007,True,0.6375076910385282,-0.09370618346515087,-0.218073792232503,0.03066142530220123,,0.2700079153490359,previous_16_forest,100042,native_eligible
913,913,0.0,0.0,0.5308330470719369,0.11324866872774632,0.22968695448626023,True,0.3578207361228528,0.01171976654884009,-0.19472195661502886,0.21816148971270896,,0.5763362625455206,previous_16_forest,100042,native_eligible
915,915,1.0,1.0,0.8985953873026874,0.7229760087050645,0.9147129207113539,True,0.28664846006648165,0.019576234138712505,-0.08142218191843487,0.12057465019585986,,-0.10460704553612188,previous_16_forest,100042,native_eligible
929,929,1.0,0.0,0.6917161097835349,0.6851695589553498,0.6757085587757535,True,-0.9863192072079235,-0.026629306707557282,-0.18874225346390658,0.13548364004879196,,-0.2246108655442407,previous_16_forest,100042,native_eligible
934,934,0.0,0.0,0.1659961305234345,0.08206063993600862,0.15114782231020452,True,0.1674807785424142,-0.1682320753487734,-0.31224136825504967,-0.024222782442497204,,-0.17923562100166213,previous_16_forest,100042,native_eligible
955,955,1.0,1.0,0.8062636411829276,0.7848808130485062,0.6112018042000369,True,0.308543152663774,-0.12321956641676701,-0.2821337570620035,0.035694624228469474,,-0.4074361291328243,previous_16_forest,100042,native_eligible
960,960,1.0,1.0,0.6170074518662535,0.7907987537759217,0.8506454031331226,True,0.3019095230147665,0.05298656804355911,-0.03321470150522793,0.13918783759234615,,0.30302428580824725,previous_16_forest,100042,native_eligible
961,961,0.0,1.0,0.6459993475063636,0.39297221034769936,0.4621709136327996,True,-1.6455659034361054,-0.01782490795278902,-0.1607755706741321,0.12512575476855403,,-0.17386110854674186,previous_16_forest,100042,native_eligible
967,967,0.0,0.0,0.7025460266514392,0.49954450850912324,0.4913003757456682,True,1.6711568948494786,-0.0889461282784453,-0.1772751927695438,-0.0006170637873468138,,0.11315424130412288,previous_16_forest,100042,native_eligible
976,976,0.0,0.0,0.22031990702892976,0.14739526230042968,0.045474238188630285,True,0.0871247956150597,-0.17398561632627782,-0.3756099819283575,0.02763874927580179,,-0.10435438224184548,previous_16_forest,100042,native_eligible
980,980,1.0,1.0,0.7864499826541237,0.6496228188243901,0.4709241106118068,True,0.4940406916951638,-0.09217707355479106,-0.22405506299840894,0.03970091588882681,,-0.1328309937568829,previous_16_forest,100042,native_eligible
986,986,1.0,0.0,0.7205177971515432,0.5970190404474943,0.5037849136811311,True,-0.7924325583287308,-0.1255639445716387,-0.3061935656020135,0.055065676458736085,,-0.21930664730454208,previous_16_forest,100042,native_eligible
987,987,0.0,0.0,0.5668629658807873,0.5378360873560974,0.55011370370387,True,1.2540003160697926,-0.09906694744691168,-0.23987312734733557,0.0417392324535122,,0.16537846499403014,previous_16_forest,100042,native_eligible
989,989,0.0,0.0,0.44506160418132035,0.5113528573076289,0.3022166274550165,True,0.7123225503661348,0.008727089278705927,-0.13676896139315775,0.15422313995056958,,-0.22553091570484401,previous_16_forest,100042,native_eligible
5,5,1.0,1.0,0.6887162907334484,0.39457763011235203,0.7060856591969616,True,0.7382648007155439,0.0286294687967088,,,,0.29544125881310984,overlap_architecture_selected,100042,native_eligible
12,12,0.0,1.0,0.4554134269055786,0.19518429746545804,0.706555092089941,True,-0.9664763325300854,0.07825305025610035,,,,-0.1020346687031714,overlap_architecture_selected,100042,native_eligible
15,15,1.0,0.0,0.5739032857281112,0.1615829255637264,0.1698620898906206,True,-0.2876976912074255,0.029309990897229327,,,,-0.003080297422145953,overlap_architecture_selected,100042,native_eligible
30,30,0.0,0.0,0.6165670910827816,0.1568468224851443,0.21894385276575343,True,0.4711563959153072,-0.03874460202873234,,,,-0.15824629257148742,overlap_architecture_selected,100042,native_eligible
39,39,1.0,0.0,0.5283406970701073,0.3220692489477943,0.1187718570586148,True,-0.4280990354446722,-0.0030202622936623125,,,,-0.0787740414269622,overlap_architecture_selected,100042,native_eligible
40,40,0.0,0.0,0.33086064672178955,0.31446023061508954,0.493862257026252,True,0.6493493237484114,-0.005464845173307198,,,,0.060474988513839145,overlap_architecture_selected,100042,native_eligible
43,43,1.0,0.0,0.7497651166050956,0.4427031002884563,0.2038898642693068,True,-0.510751553438492,-0.04455309093446719,,,,-0.19702180525731344,overlap_architecture_selected,100042,native_eligible
45,45,0.0,0.0,0.27337056290125283,0.4075902860277805,0.2983721274592388,True,0.45171464323919736,0.09368525496153529,,,,0.13139903885494988,overlap_architecture_selected,100042,native_eligible
48,48,1.0,1.0,0.4801372366044823,0.549804308535623,0.503566594436039,True,0.9877029339424732,0.10330482820058706,,,,-0.02351093248221392,overlap_architecture_selected,100042,native_eligible
63,63,1.0,0.0,0.5622881408378549,0.29167786867372897,0.20239426740523805,True,-0.44923120233945457,0.0028164623701779634,,,,-0.08061850681857732,overlap_architecture_selected,100042,native_eligible
67,67,1.0,1.0,0.2977750133057562,0.4688926581657937,0.18399671325199904,True,2.455439040514034,-0.08142409361397118,,,,-0.4040936263411786,overlap_architecture_selected,100042,native_eligible
69,69,0.0,0.0,0.4830438756401033,0.5308174432414061,0.30418683487826637,True,0.8001827288396504,-0.010341084633331388,,,,-0.2535047085663173,overlap_architecture_selected,100042,native_eligible
72,72,1.0,0.0,0.7162682305391473,0.5883518641502772,0.6027804270633947,True,-0.8271282748230355,-0.010865155482072009,,,,0.03393963416448598,overlap_architecture_selected,100042,native_eligible
93,93,0.0,1.0,0.19487823858586856,0.37553909184497897,0.1861696739615187,True,-0.964979938034109,-0.1026365370143475,,,,-0.24763340158643393,overlap_architecture_selected,100042,native_eligible
115,115,0.0,0.0,0.3320856385129984,0.11160554645850203,0.2330602542471561,True,0.2885503010171491,0.09044202346235158,,,,-0.036066766855671034,overlap_architecture_selected,100042,native_eligible
116,116,0.0,1.0,0.25144313211091396,0.41909504951925247,0.41295946350878043,True,-0.782168744478294,-0.024193282091945323,,,,-0.014342061446469406,overlap_architecture_selected,100042,native_eligible
121,121,1.0,0.0,0.8398616308550118,0.49644157537418954,0.2857621218186133,True,-0.5509285033040405,-0.04114282678763814,,,,-0.578150415838105,overlap_architecture_selected,100042,native_eligible
122,122,1.0,0.0,0.7251945430660629,0.26710468237805235,0.20662160931374454,True,-0.34540194247576994,-0.07651169049931025,,,,-0.1662835077113541,overlap_architecture_selected,100042,native_eligible
123,123,0.0,1.0,0.4462741037158824,0.48402101198085795,0.46014663519817345,True,-0.9557054352210141,0.013775112617220697,,,,0.03246765507545743,overlap_architecture_selected,100042,native_eligible
126,126,0.0,0.0,0.20314875400575907,0.27674734355183767,0.15954978332835604,True,0.23010357652323535,-0.07880848060518009,,,,-0.3010231687743369,overlap_architecture_selected,100042,native_eligible
130,130,0.0,0.0,0.20822503772719578,0.06749963882254066,0.11961508304823562,True,0.13736648402718316,-0.006745893080918802,,,,0.006309753656425152,overlap_architecture_selected,100042,native_eligible
137,137,0.0,0.0,0.18865558766310853,0.11012106486305877,0.3195411486409762,True,0.34514674090233183,-0.03146216574929259,,,,-0.035394603233024145,overlap_architecture_selected,100042,native_eligible
145,145,1.0,0.0,0.32003779935301435,0.19821029419604655,0.2973380786842982,True,-0.829943966677999,-0.02787005212666155,,,,-0.33769143797714973,overlap_architecture_selected,100042,native_eligible
151,151,0.0,1.0,0.5588474290441887,0.2576891576666268,0.46221590612787533,True,-1.4781356481900176,0.11549946561350294,,,,-0.31487008056515453,overlap_architecture_selected,100042,native_eligible
162,162,0.0,0.0,0.5945247572662293,0.6192290713195026,0.30711379641072667,True,1.215053356015701,-0.11146074342964452,,,,-0.1770906937214045,overlap_architecture_selected,100042,native_eligible
167,167,0.0,1.0,0.5910665771674101,0.7024816099439591,0.7731418873097704,True,-0.6568869795817814,-0.009128930107046074,,,,0.060419762402974864,overlap_architecture_selected,100042,native_eligible
169,169,1.0,1.0,0.704431003878445,0.8323225242633676,0.8508029039324003,True,0.2302784056590199,0.02869841221452263,,,,-0.059438745764093026,overlap_architecture_selected,100042,native_eligible
186,186,1.0,0.0,0.6210416095569548,0.5415835730771587,0.6622354683001399,True,-0.9456783765482973,0.07750782125396594,,,,-0.34838730337294177,overlap_architecture_selected,100042,native_eligible
193,193,0.0,0.0,0.6073480641740991,0.5753595035300365,0.36073449408231,True,1.250691855270717,0.0041768931156812295,,,,-0.07790570380726344,overlap_architecture_selected,100042,native_eligible
196,196,0.0,0.0,0.5532064916211334,0.5765090380439146,0.7316473270645497,True,1.4454637463794593,0.1777230509902622,,,,0.18500422317417548,overlap_architecture_selected,100042,native_eligible
198,198,0.0,0.0,0.12682007443309062,0.21669574665820981,0.11371384033879653,True,0.14518658715290375,-0.009313099636429678,,,,-0.09796041668062988,overlap_architecture_selected,100042,native_eligible
208,208,1.0,1.0,0.3545552768915456,0.5234984069566025,0.8335007677363978,True,0.7796025701557014,0.17763724448626733,,,,-0.38364186382161225,overlap_architecture_selected,100042,native_eligible
211,211,0.0,0.0,0.23696619097318505,0.15375993956344317,0.5029357218247893,True,0.5506870885028756,-0.0056533203184073455,,,,0.039362356322426656,overlap_architecture_selected,100042,native_eligible
229,229,0.0,0.0,0.3395183523854605,0.14519378035628186,0.12086773237574895,True,0.19550410306254,0.03830200885270052,,,,-0.0181111175885878,overlap_architecture_selected,100042,native_eligible
237,237,0.0,1.0,0.2592376074189541,0.4676027164671278,0.5309747866701757,True,-0.655343254528591,0.019923327868384133,,,,0.014677238537030401,overlap_architecture_selected,100042,native_eligible
241,241,1.0,0.0,0.3112184000268978,0.3303421331223137,0.3372263716605031,True,-1.0766839940321131,-0.01054558569749875,,,,-0.2359562924134932,overlap_architecture_selected,100042,native_eligible
250,250,1.0,1.0,0.8196324133318519,0.6065483256397042,0.6846847120286106,True,0.46283967879484605,-0.009956215076644459,,,,-0.14381661120733635,overlap_architecture_selected,100042,native_eligible
254,254,0.0,1.0,0.20082906572515438,0.07780361540613785,0.09710086093523423,True,-1.1346441017380533,-0.009548541388450349,,,,0.11029612787953566,overlap_architecture_selected,100042,native_eligible
261,261,0.0,0.0,0.3575626995097774,0.23713432492994757,0.7383361997660709,True,0.8703185571162435,0.06810477744709195,,,,0.31285754382566056,overlap_architecture_selected,100042,native_eligible
264,264,1.0,1.0,0.5575907885662648,0.707238429633488,0.5329856538106807,True,0.6633047229123403,0.012604711374417432,,,,0.10130985419071503,overlap_architecture_selected,100042,native_eligible
265,265,0.0,0.0,0.4897541888470956,0.5559114572070168,0.13648784351619592,True,0.6700737325998434,-0.08733873155063171,,,,-0.19966649402570194,overlap_architecture_selected,100042,native_eligible
270,270,0.0,0.0,0.41382967514227564,0.12428053585158023,0.32155690418865357,True,0.40929756862855127,-0.03573534087241992,,,,-0.05981133747776573,overlap_architecture_selected,100042,native_eligible
271,271,1.0,0.0,0.7707164726769933,0.7962049616016965,0.8638597739973116,True,-1.0531980623285957,-0.08315223110070702,,,,-0.027407061388611043,overlap_architecture_selected,100042,native_eligible
277,277,1.0,1.0,0.8899829644026354,0.6263525407609971,0.543782433449561,True,0.430043712051563,0.012553481595821592,,,,0.19707323380293573,overlap_architecture_selected,100042,native_eligible
282,282,0.0,0.0,0.6242495481824158,0.7296838340561169,0.7279389757995958,True,1.9401924848031675,-0.0057138343754245535,,,,0.2904593735133494,overlap_architecture_selected,100042,native_eligible
284,284,0.0,1.0,0.16597983639042652,0.2597060180350009,0.4598437436880725,True,-0.6874834785646601,0.06545478880637462,,,,0.18518688543613304,overlap_architecture_selected,100042,native_eligible
288,288,1.0,0.0,0.7505262107367326,0.5300132619598691,0.49783371185116226,True,-0.6954924427556912,-0.005548907833381023,,,,0.004640120746827181,overlap_architecture_selected,100042,native_eligible
294,294,1.0,1.0,0.8452104662822969,0.4088249613434373,0.6340439951153924,True,0.6581952207497199,-0.08657374691277825,,,,-0.34951026332690505,overlap_architecture_selected,100042,native_eligible
318,318,0.0,0.0,0.6619452436490905,0.6473516624235862,0.4743139805441213,True,1.7418937020517777,0.0021373721323485473,,,,-0.20199985734703257,overlap_architecture_selected,100042,native_eligible
328,328,0.0,1.0,0.45537902272348385,0.20546993201407993,0.46869987636659466,True,-1.195637967711988,0.012365240018001822,,,,0.10327243996857394,overlap_architecture_selected,100042,native_eligible
334,334,0.0,0.0,0.39307427262976935,0.5247805994246846,0.19845115774471808,True,0.5383242972520187,-0.056261908968004426,,,,-0.1484375342195409,overlap_architecture_selected,100042,native_eligible
339,339,0.0,1.0,0.7123204588984382,0.6478336270217404,0.5667399691425468,True,-1.3052556946711373,0.029041608271638708,,,,-0.04096418254395162,overlap_architecture_selected,100042,native_eligible
343,343,1.0,1.0,0.72370610728397,0.4311670010719119,0.2858280045863008,True,0.8414869929950471,-0.013964333122105765,,,,-0.252500407706424,overlap_architecture_selected,100042,native_eligible
346,346,0.0,0.0,0.46952221535196176,0.34644907444996254,0.3883476653681653,True,0.6949873431264122,-0.06615225482515813,,,,0.021257549177203516,overlap_architecture_selected,100042,native_eligible
347,347,0.0,1.0,0.13825562934567645,0.20230936920106016,0.1403391533126108,True,-0.9876398900555721,-0.037929748184045264,,,,0.0718545920669893,overlap_architecture_selected,100042,native_eligible
349,349,0.0,1.0,0.8193912307622631,0.7670553532171555,0.49416989110018805,True,-1.562660303980916,-0.09658150417245726,,,,0.03268878550218324,overlap_architecture_selected,100042,native_eligible
354,354,1.0,0.0,0.5853192865958416,0.22236686320965218,0.5849830297000846,True,-0.6368093489445489,0.007949751426606977,,,,-0.14297135067526034,overlap_architecture_selected,100042,native_eligible
357,357,1.0,1.0,0.6143485744637762,0.21221500783418734,0.180313598507792,True,1.3023352692687449,-0.036724053888826935,,,,0.1013446835796018,overlap_architecture_selected,100042,native_eligible
360,360,1.0,0.0,0.38652785682374197,0.19353640474324732,0.29071696261525154,True,-0.6549436615935529,-0.04366997911535764,,,,-0.20995476861796994,overlap_architecture_selected,100042,native_eligible
361,361,0.0,0.0,0.3485290307997674,0.20236959104514468,0.2717066829848148,True,0.37997194846072174,0.025233576254882012,,,,-0.0406445885166562,overlap_architecture_selected,100042,native_eligible
365,365,1.0,0.0,0.560968164264129,0.18919831896191047,0.050598137209959156,True,-0.22879805826840777,-0.10394762885855482,,,,-0.3344524588585174,overlap_architecture_selected,100042,native_eligible
368,368,1.0,0.0,0.714401746082142,0.30483135497537406,0.49591036017259754,True,-0.5030827362769885,-0.0576687477914265,,,,-0.05427466854280549,overlap_architecture_selected,100042,native_eligible
370,370,1.0,0.0,0.15655583027297423,0.029645564572776544,0.04271827450241067,True,-0.25979016862254845,-0.041232617715857,,,,-0.11224918810400103,overlap_architecture_selected,100042,native_eligible
380,380,0.0,1.0,0.6878999118223514,0.3787701358915368,0.12745499810067784,True,-2.2417979592979673,-0.11889185462161844,,,,-0.4595323870462047,overlap_architecture_selected,100042,native_eligible
384,384,1.0,1.0,0.6991657742207109,0.5875792827039311,0.697820508513803,True,0.5424412885532259,-0.00571252882355977,,,,0.0703099140074529,overlap_architecture_selected,100042,native_eligible
392,392,1.0,1.0,0.8614465356044667,0.6420254023007248,0.6740199313666481,True,0.4104046278477538,0.012611940463705507,,,,0.0859568948245617,overlap_architecture_selected,100042,native_eligible
398,398,0.0,1.0,0.31302957451177105,0.36416648826717,0.3397740770285335,True,-0.9499541066798107,-0.09123124927915277,,,,-0.3498504475078327,overlap_architecture_selected,100042,native_eligible
409,409,0.0,0.0,0.11682656775470664,0.14426515340807394,0.4469342888375887,True,0.46601774640540017,0.1362476578705818,,,,0.14554265152238055,overlap_architecture_selected,100042,native_eligible
422,422,1.0,1.0,0.5507360321013497,0.2921018036175489,0.6389638181111046,True,1.0024141498992438,0.059158112146927455,,,,0.04875396248008518,overlap_architecture_selected,100042,native_eligible
424,424,1.0,0.0,0.7465341465314489,0.8856531974364826,0.5567080075642102,True,-1.0746686241596257,-0.012622364719293788,,,,-0.411950972386599,overlap_architecture_selected,100042,native_eligible
431,431,1.0,1.0,0.36720906701781686,0.6191041552604842,0.23340348718589468,True,1.701928918634146,-0.0944924076359338,,,,-0.32665406706368566,overlap_architecture_selected,100042,native_eligible
435,435,0.0,1.0,0.4129597617278917,0.918402048311795,0.5023210099062423,True,-0.5550799457519726,0.044404061915570114,,,,-0.10742312894197681,overlap_architecture_selected,100042,native_eligible
446,446,1.0,0.0,0.20767483528290356,0.2393937894200436,0.05132815753695223,True,-0.43522199758830943,-0.0854678958074208,,,,-0.06432527410523083,overlap_architecture_selected,100042,native_eligible
447,447,1.0,1.0,0.498122190950462,0.23495229609661417,0.4979101120199894,True,1.2709231246400536,-0.023602189849700306,,,,0.034144994760945346,overlap_architecture_selected,100042,native_eligible
451,451,1.0,1.0,0.8206256180127607,0.367540507094985,0.320123206414308,True,0.7810686479204547,-0.11685598074520626,,,,-0.17663563846118313,overlap_architecture_selected,100042,native_eligible
460,460,1.0,0.0,0.5181511359956863,0.5608741465445396,0.3379080093436256,True,-0.8751079272489024,0.023206984422334986,,,,-0.15089969081385596,overlap_architecture_selected,100042,native_eligible
462,462,0.0,0.0,0.551316614167244,0.33836305260684457,0.577831729959538,True,0.9935929959495209,0.06813805975883025,,,,-0.02877369342676961,overlap_architecture_selected,100042,native_eligible
465,465,0.0,1.0,0.3616233046467343,0.5964008950628473,0.3960117175020207,True,-0.8326163686142352,-0.013414316553493011,,,,-0.07352311822592295,overlap_architecture_selected,100042,native_eligible
467,467,0.0,0.0,0.3694281366177929,0.6513552530476591,0.2847435767378825,True,0.6663479130286627,-0.01151896376156386,,,,0.18109530692018136,overlap_architecture_selected,100042,native_eligible
468,468,1.0,0.0,0.44479245539550216,0.6424952400336056,0.2493699166853509,True,-0.9537686383604558,-0.13111733325827152,,,,-0.36394341785118856,overlap_architecture_selected,100042,native_eligible
474,474,0.0,0.0,0.41083214624870906,0.243640147015906,0.4044340343609296,True,0.5743265427073702,0.12468059965444456,,,,0.27024214191256124,overlap_architecture_selected,100042,native_eligible
478,478,1.0,0.0,0.6224598671868002,0.3128968634641953,0.029622548494645864,True,-0.33086380636684165,-0.047848385522158005,,,,-0.14113139488284232,overlap_architecture_selected,100042,native_eligible
481,481,0.0,1.0,0.4199162936208889,0.35382759863843366,0.23679841041555466,True,-1.2309587715841865,0.026297894044113923,,,,0.24256774419822325,overlap_architecture_selected,100042,native_eligible
486,486,1.0,1.0,0.7384055566399511,0.7922957664771428,0.1579404896133391,True,0.5060200938449134,-0.26148959246542763,,,,-0.6892153014395378,overlap_architecture_selected,100042,native_eligible
487,487,1.0,1.0,0.895668901272474,0.7510802764831837,0.7558740251831916,True,0.27735649423016917,0.10162916605787486,,,,-0.028156691615068175,overlap_architecture_selected,100042,native_eligible
498,498,0.0,0.0,0.3064014197369522,0.46447113094271464,0.09291719424116861,True,0.2981001602929484,-0.11621707220620256,,,,-0.1062618189134249,overlap_architecture_selected,100042,native_eligible
503,503,0.0,0.0,0.3395701409354137,0.29615920686302444,0.1473338832151557,True,0.2996086815657898,-0.061086593220294305,,,,-0.16728505428348134,overlap_architecture_selected,100042,native_eligible
507,507,1.0,1.0,0.8858981163113235,0.8794557520703622,0.8750954720621776,True,0.1366316982318146,-0.003813572948790034,,,,-0.030854928811506976,overlap_architecture_selected,100042,native_eligible
508,508,0.0,0.0,0.47980167435767335,0.19704663791694896,0.22543072110479906,True,0.40717545602366456,0.004627158112880114,,,,-0.05620972089686527,overlap_architecture_selected,100042,native_eligible
514,514,1.0,1.0,0.8430372848886678,0.798004009921344,0.5368151008749237,True,0.2882350694983067,-0.022633872206831884,,,,-0.061478120138046544,overlap_architecture_selected,100042,native_eligible
526,526,0.0,0.0,0.10134168599592924,0.03783589160329599,0.18875171059674647,True,0.19301846358448976,0.011422041499280888,,,,0.020299231269924375,overlap_architecture_selected,100042,native_eligible
528,528,1.0,1.0,0.4976120907871823,0.41331127769087145,0.4977358657965083,True,1.0937733227976543,0.014129146571004392,,,,-0.3151680255715663,overlap_architecture_selected,100042,native_eligible
532,532,1.0,0.0,0.6244960886001973,0.6012901666575527,0.2892323514534872,True,-0.7752029921447234,-0.12466914193364997,,,,-0.5334643262344162,overlap_architecture_selected,100042,native_eligible
534,534,0.0,1.0,0.6779672984620977,0.36349267123690693,0.6690296287305753,True,-1.6709931455777989,0.05182115452838759,,,,0.13543398492073888,overlap_architecture_selected,100042,native_eligible
535,535,0.0,0.0,0.6611913117082947,0.4863849195980119,0.3233043043422747,True,1.2724933130587792,-0.02693019970260524,,,,0.03704061610492676,overlap_architecture_selected,100042,native_eligible
538,538,1.0,0.0,0.665198048203201,0.44164788046998427,0.526419876979105,True,-0.7066011567961895,0.035071174159640894,,,,-0.06212851278558973,overlap_architecture_selected,100042,native_eligible
539,539,0.0,1.0,0.37152500868260463,0.2785129483486311,0.3560241873934478,True,-1.070485199348068,-0.09190297933827996,,,,-0.11126006308263126,overlap_architecture_selected,100042,native_eligible
546,546,0.0,0.0,0.28274147540780453,0.11409823720753424,0.04144270743453649,True,0.08641994064041553,-0.026161313451353252,,,,-0.06620608679353736,overlap_architecture_selected,100042,native_eligible
549,549,1.0,0.0,0.8288785135352711,0.6567298810352284,0.671302062165025,True,-0.7953198008710847,0.065070585383458,,,,-0.22605679180368443,overlap_architecture_selected,100042,native_eligible
550,550,0.0,0.0,0.19512718703527704,0.1026245391478364,0.07388660976491751,True,0.09876611534909566,-0.03450458179357341,,,,-0.08381602753461014,overlap_architecture_selected,100042,native_eligible
552,552,1.0,0.0,0.5434281370728052,0.3215112765243788,0.20931513170158977,True,-0.4973715110249755,-0.032980039352074664,,,,0.08753892270289004,overlap_architecture_selected,100042,native_eligible
559,559,1.0,0.0,0.31492404354128245,0.48082583058116646,0.4084774340966456,True,-1.3694149192668612,-0.005543382070623826,,,,-0.36576085048430995,overlap_architecture_selected,100042,native_eligible
560,560,1.0,1.0,0.8811481636111244,0.6736599996089748,0.5649101157748712,True,0.3850261940073822,-0.14803658142724496,,,,-0.06469990771798673,overlap_architecture_selected,100042,native_eligible
561,561,1.0,0.0,0.6604851438798335,0.4895278400167251,0.39027271467711466,True,-0.6901430783745081,-0.00810320875800355,,,,-0.14847635272894044,overlap_architecture_selected,100042,native_eligible
563,563,0.0,0.0,0.2974382055528853,0.21819357960758334,0.49326052695163836,True,0.5856354714683879,-0.03984690308563471,,,,0.08723419972137467,overlap_architecture_selected,100042,native_eligible
568,568,1.0,1.0,0.8593255853043639,0.7867091921178313,0.6406129101306653,True,0.2721236523605861,-0.08958663930001443,,,,-0.11006768648138565,overlap_architecture_selected,100042,native_eligible
569,569,0.0,1.0,0.5528048922578694,0.6233810860208449,0.5376799376125064,True,-0.9278814573135238,0.028342839598191394,,,,-0.03506472883281053,overlap_architecture_selected,100042,native_eligible
578,578,0.0,0.0,0.4971559752754181,0.42370318990797556,0.1927182791863654,True,0.6116286415425269,-0.02065126315676513,,,,-0.1661069213092291,overlap_architecture_selected,100042,native_eligible
580,580,1.0,1.0,0.8996632265537816,0.475139915358283,0.8924940627143791,True,0.5368499032262447,-0.00665545383241084,,,,0.041240948763694774,overlap_architecture_selected,100042,native_eligible
584,584,1.0,0.0,0.3530020950388765,0.2727868911250345,0.48680095016509656,True,-1.16501727535325,0.01129077330478867,,,,-0.18620539681394355,overlap_architecture_selected,100042,native_eligible
588,588,1.0,1.0,0.7599037798222803,0.5810015661664076,0.7060396752533654,True,0.5118769859976418,-0.008627731862195898,,,,0.05151712594740754,overlap_architecture_selected,100042,native_eligible
594,594,0.0,1.0,0.4358862117958283,0.3035070010217128,0.2986386827422029,True,-1.239535886316693,-0.023331241852445755,,,,-0.1845762402931477,overlap_architecture_selected,100042,native_eligible
599,599,0.0,1.0,0.5047157237367998,0.27750831145569693,0.19859238849608546,True,-1.5376573431301201,-0.011766941540131304,,,,-0.017020805613165407,overlap_architecture_selected,100042,native_eligible
603,603,1.0,1.0,0.8965984662730258,0.8459913045213421,0.4286286688717048,True,0.21990293263018323,-0.1789704047321622,,,,-0.4064471216929251,overlap_architecture_selected,100042,native_eligible
606,606,0.0,1.0,0.182420673272415,0.43039155306408483,0.5348694063168193,True,-0.592223284257445,-0.0054397848832464235,,,,-0.0810499975355446,overlap_architecture_selected,100042,native_eligible
607,607,0.0,0.0,0.23286299971686428,0.34937424107390497,0.6674977534126172,True,0.7735496499711789,0.01858664510763436,,,,-0.20262165996000597,overlap_architecture_selected,100042,native_eligible
609,609,0.0,1.0,0.2628351951498874,0.31516727358278845,0.32667418481981336,True,-0.9175020727939724,-0.0005750884109608223,,,,-0.17815202596793825,overlap_architecture_selected,100042,native_eligible
614,614,1.0,1.0,0.5726448508420163,0.2778314486821369,0.1659373912189954,True,1.3446153437033928,-0.05267150817621474,,,,0.13800989485438941,overlap_architecture_selected,100042,native_eligible
617,617,1.0,0.0,0.7178793441680776,0.8317617006912283,0.4325706337823106,True,-1.001758388696954,-0.009141635703756812,,,,-0.32977963417948597,overlap_architecture_selected,100042,native_eligible
621,621,1.0,1.0,0.719441708520127,0.5660280452558584,0.44923767578854135,True,0.6487509074547042,-0.04689146088192031,,,,-0.10300534475910206,overlap_architecture_selected,100042,native_eligible
626,626,1.0,0.0,0.37375575622168683,0.0694299861632853,0.0283961551639712,True,-0.11700899577277248,-0.029525748419767586,,,,-0.14734105843629364,overlap_architecture_selected,100042,native_eligible
638,638,1.0,0.0,0.26982284499575265,0.11810209154116146,0.04509953314088562,True,-0.2401475351037701,-0.04780727712096898,,,,-0.028967779075204383,overlap_architecture_selected,100042,native_eligible
648,648,1.0,1.0,0.4853098968455891,0.7531064564404794,0.5620300176952285,True,0.7113778181151243,-0.06352680032268077,,,,0.22657797391420198,overlap_architecture_selected,100042,native_eligible
651,651,1.0,0.0,0.8400908645880912,0.5008464627035012,0.1602026721858622,True,-0.5313406293225841,0.03094739194789317,,,,0.14285091672279376,overlap_architecture_selected,100042,native_eligible
656,656,0.0,0.0,0.31016645628077394,0.32598148882183137,0.570914615756088,True,0.7174840659105025,-0.016584826165838784,,,,0.008071797181922913,overlap_architecture_selected,100042,native_eligible
662,662,0.0,0.0,0.795984834636873,0.5562563130549412,0.5474855631663434,True,2.7177731914152723,0.09956499711057915,,,,0.12090442381375327,overlap_architecture_selected,100042,native_eligible
663,663,1.0,1.0,0.6611570820652285,0.5349797941400755,0.615503361958631,True,0.6620746824800412,-0.03212912038613158,,,,-0.0006267839972746714,overlap_architecture_selected,100042,native_eligible
676,676,1.0,0.0,0.5074586085423022,0.4741164687194168,0.24413442119362094,True,-0.7110743318697508,-0.001844084866995721,,,,0.288078314021742,overlap_architecture_selected,100042,native_eligible
680,680,1.0,0.0,0.8142674081481726,0.3228113151056895,0.16250713224246713,True,-0.3598788319481525,-0.018747865879621517,,,,-0.21676132704337042,overlap_architecture_selected,100042,native_eligible
684,684,0.0,0.0,0.4767038477674782,0.09860905890338358,0.09229144945779723,True,0.18212073179329125,-0.0350248420194573,,,,-0.09365228131014089,overlap_architecture_selected,100042,native_eligible
707,707,1.0,0.0,0.37689242235308673,0.27648948938235274,0.060980454291121325,True,-0.37730707260654284,-0.15323393987789252,,,,-0.18261274863827542,overlap_architecture_selected,100042,native_eligible
708,708,0.0,0.0,0.36990990607935353,0.45385169561450384,0.15996595483056059,True,0.42641076918096654,-0.015028275927827933,,,,-0.3033594815556778,overlap_architecture_selected,100042,native_eligible
712,712,0.0,0.0,0.18173934950556428,0.3759628629129327,0.37337507702764794,True,0.45687811008045226,0.05931464165665146,,,,0.20262182932038472,overlap_architecture_selected,100042,native_eligible
713,713,0.0,1.0,0.30180578383099915,0.7137872265833177,0.6757028935585937,True,-0.44801722388585835,0.10617356394525335,,,,0.18351149860665072,overlap_architecture_selected,100042,native_eligible
735,735,1.0,1.0,0.8694429309898267,0.5453146243170407,0.4971350381427524,True,0.530196456615266,0.05598183145668589,,,,0.2892291597635016,overlap_architecture_selected,100042,native_eligible
739,739,0.0,1.0,0.14064771931795442,0.36784240297791504,0.5432575047351734,True,-0.5602059133174417,0.08126011813796014,,,,0.04653584065128688,overlap_architecture_selected,100042,native_eligible
743,743,1.0,0.0,0.5692106179706797,0.6791144891265062,0.3130496261461684,True,-0.916036378378692,-0.17556587693231185,,,,-0.3588049137290085,overlap_architecture_selected,100042,native_eligible
744,744,0.0,0.0,0.3118452004905281,0.22685144424217774,0.1562015375430548,True,0.2590018582873034,-0.006415766817892882,,,,0.00043827428651807554,overlap_architecture_selected,100042,native_eligible
752,752,1.0,0.0,0.4976120907871823,0.41331127769087145,0.4977358657965083,True,-0.9158241498402804,0.024510991317443942,,,,-0.048624029853681416,overlap_architecture_selected,100042,native_eligible
760,760,1.0,1.0,0.6923646690804353,0.8080252926247856,0.514223532774691,True,0.40781761635304614,-0.09767435934317215,,,,-0.1049719012824385,overlap_architecture_selected,100042,native_eligible
773,773,1.0,1.0,0.8692254357777036,0.8372308519511571,0.8710915862853346,True,0.1821633591869925,0.031546830743709564,,,,-0.05078761983714952,overlap_architecture_selected,100042,native_eligible
776,776,0.0,0.0,0.3167064190307683,0.08142870928402837,0.4335170649475163,True,0.4712592531399784,0.15688473089165536,,,,0.11215936655437345,overlap_architecture_selected,100042,native_eligible
779,779,0.0,0.0,0.2678627871247748,0.09073318593890534,0.14640824406629135,True,0.17960426749318364,-0.010996229951059866,,,,0.2102850669914252,overlap_architecture_selected,100042,native_eligible
781,781,1.0,1.0,0.7124159078673112,0.6863593364009701,0.6032366066346835,True,0.4738039039371461,0.09505918333468966,,,,0.031273744586730046,overlap_architecture_selected,100042,native_eligible
798,798,1.0,1.0,0.5738501829537611,0.46437670606883436,0.6339833037950076,True,0.8074328232420493,-0.009283560160398774,,,,-0.012829595656138837,overlap_architecture_selected,100042,native_eligible
822,822,0.0,0.0,0.7851643283955761,0.7104365794535891,0.8750967771230466,True,3.4715438922996187,0.16512024066152753,,,,0.15687867128973654,overlap_architecture_selected,100042,native_eligible
827,827,0.0,1.0,0.20292414528693528,0.5088645622580602,0.12224277326508116,True,-1.0027933049633644,-0.14600871224231543,,,,-0.47170840662307595,overlap_architecture_selected,100042,native_eligible
839,839,0.0,0.0,0.34581130524434806,0.13927828412855595,0.08392859995177694,True,0.1575526255774093,-0.07101181638558224,,,,-0.082870305049013,overlap_architecture_selected,100042,native_eligible
845,845,1.0,1.0,0.752910890896712,0.524949663238777,0.7796203571195667,True,0.5473741805018459,0.03090668929462137,,,,-0.054967122143437575,overlap_architecture_selected,100042,native_eligible
848,848,0.0,0.0,0.17488544575211756,0.280789950360269,0.19391997241034725,True,0.25343422455710807,0.03676284584114081,,,,0.0857810802170664,overlap_architecture_selected,100042,native_eligible
859,859,1.0,1.0,0.7373700262799631,0.6783813233671842,0.7609635907190654,True,0.4067565635147928,0.0599673381859106,,,,0.10091643251497262,overlap_architecture_selected,100042,native_eligible
868,868,1.0,0.0,0.3158631133936012,0.3165338660479182,0.15017168138796058,True,-0.6417949750688512,-0.010328269672999518,,,,-0.03768758335333155,overlap_architecture_selected,100042,native_eligible
875,875,1.0,1.0,0.2954085010099827,0.07685509816609035,0.6078969896121059,True,1.8583666266764474,0.09000098671557116,,,,0.2750351541256375,overlap_architecture_selected,100042,native_eligible
892,892,0.0,0.0,0.2735318871361978,0.1472886082394164,0.22257657318766005,True,0.27803410842148096,-0.06700992210923981,,,,-0.4218944972490402,overlap_architecture_selected,100042,native_eligible
893,893,0.0,1.0,0.4209871190121045,0.500986764246934,0.28520181242976034,True,-1.0776193809608978,-0.012814363851355093,,,,-0.13899119129057289,overlap_architecture_selected,100042,native_eligible
898,898,1.0,1.0,0.45930358416275124,0.44794845638051445,0.28434504397982696,True,1.3945271589614234,-0.024734166985279304,,,,0.11489019733853345,overlap_architecture_selected,100042,native_eligible
908,908,1.0,1.0,0.6365359451118013,0.6544832861495371,0.6649891594857914,True,0.5368089723000798,0.1075492202222329,,,,0.2700079153490359,overlap_architecture_selected,100042,native_eligible
913,913,0.0,0.0,0.5308330470719369,0.10552878922980433,0.18603179965361613,True,0.30543102074338124,0.01113195885543325,,,,0.5763362625455206,overlap_architecture_selected,100042,native_eligible
915,915,1.0,1.0,0.8985953873026874,0.7120864409557004,0.9466954170669838,True,0.2939288698990987,0.03845231428983542,,,,-0.10460704553612188,overlap_architecture_selected,100042,native_eligible
929,929,1.0,0.0,0.6917161097835349,0.5673059888012935,0.6458684146840175,True,-0.8551564879157922,0.06523768920882855,,,,-0.2246108655442407,overlap_architecture_selected,100042,native_eligible
934,934,0.0,0.0,0.1659961305234345,0.09065158335254181,0.1399463144026264,True,0.15798917081261976,-0.02513081277942314,,,,-0.17923562100166213,overlap_architecture_selected,100042,native_eligible
955,955,1.0,1.0,0.8062636411829276,0.7628104663682931,0.5378464307411973,True,0.34823999547710216,-0.009424296901315521,,,,-0.4074361291328243,overlap_architecture_selected,100042,native_eligible
960,960,1.0,1.0,0.6170074518662535,0.8002949444461239,0.8548806474182241,True,0.2897844062338444,0.11471071657790982,,,,0.30302428580824725,overlap_architecture_selected,100042,native_eligible
961,961,0.0,1.0,0.6459993475063636,0.35835836357647716,0.48112216225048426,True,-1.6897798559879207,0.008116033375255294,,,,-0.17386110854674186,overlap_architecture_selected,100042,native_eligible
967,967,0.0,0.0,0.7025460266514392,0.5189089009594806,0.48247057022148493,True,1.7080631634525552,0.009516622655332152,,,,0.11315424130412288,overlap_architecture_selected,100042,native_eligible
976,976,0.0,0.0,0.22031990702892976,0.15045926891187097,0.04740668348699322,True,0.089923059674033,-0.026386818114513877,,,,-0.10435438224184548,overlap_architecture_selected,100042,native_eligible
980,980,1.0,1.0,0.7864499826541237,0.6250314001004874,0.4226897948776039,True,0.5317294963798918,-0.008830618564070858,,,,-0.1328309937568829,overlap_architecture_selected,100042,native_eligible
986,986,1.0,0.0,0.7205177971515432,0.5532449641577905,0.4677268936647017,True,-0.7346719089045595,-0.013907036365902903,,,,-0.21930664730454208,overlap_architecture_selected,100042,native_eligible
987,987,0.0,0.0,0.5668629658807873,0.5664976857117914,0.6051557359774214,True,1.3465528758922787,-0.005436031852044332,,,,0.16537846499403014,overlap_architecture_selected,100042,native_eligible
989,989,0.0,0.0,0.44506160418132035,0.5268518314944199,0.30230864920342876,True,0.7248447776413458,-0.08985402746148047,,,,-0.22553091570484401,overlap_architecture_selected,100042,native_eligible
5,5,1.0,1.0,0.6887162907334484,0.4366031120611945,0.6052890130203392,True,0.7417970532440911,-0.023018405572924366,-0.11430878535112168,0.06827197420527294,,0.29544125881310984,previous_16_forest,100042,common_eligible
12,12,0.0,1.0,0.4554134269055786,0.24521068085119496,0.6768995992585188,True,-0.9542969953840881,-0.016341925965059716,-0.16037384674206476,0.12768999481194532,,-0.1020346687031714,previous_16_forest,100042,common_eligible
15,15,1.0,0.0,0.5739032857281112,0.13073397857059804,0.17434253678014888,True,-0.26017526933721163,-0.07847888578705793,-0.2218729311820702,0.06491515960795431,,-0.003080297422145953,previous_16_forest,100042,common_eligible
30,30,0.0,0.0,0.6165670910827816,0.16498968338044023,0.16918022382606174,True,0.43448663539051535,-0.14398412711731493,-0.21629635258700486,-0.071671901647625,,-0.15824629257148742,previous_16_forest,100042,common_eligible
39,39,1.0,0.0,0.5283406970701073,0.30257488277932826,0.1094604884367615,True,-0.4002922419771903,-0.12020239800084095,-0.2090786249099004,-0.03132617109178153,,-0.0787740414269622,previous_16_forest,100042,common_eligible
40,40,0.0,0.0,0.33086064672178955,0.3723095482018039,0.41470518141820045,True,0.5987962489891883,-0.07405664446423822,-0.27965512149499205,0.13154183256651558,,0.060474988513839145,previous_16_forest,100042,common_eligible
43,43,1.0,0.0,0.7497651166050956,0.4917774292999127,0.239253111372781,True,-0.5716284027585371,-0.1000315627241872,-0.1989061636145698,-0.0011569618338046206,,-0.19702180525731344,previous_16_forest,100042,common_eligible
45,45,0.0,0.0,0.27337056290125283,0.4070795749857122,0.36546384363155043,True,0.5186142210836048,-0.10385381142874872,-0.21470158183136684,0.006993958973869355,,0.13139903885494988,previous_16_forest,100042,common_eligible
48,48,1.0,1.0,0.4801372366044823,0.5797752381422997,0.5642061574567526,True,0.8920752537242765,-0.09234557010869507,-0.20062304211204382,0.015931901894653655,,-0.02351093248221392,previous_16_forest,100042,common_eligible
63,63,1.0,0.0,0.5622881408378549,0.2679891746852552,0.21594399710572293,True,-0.4360902630475431,-0.07950180241192394,-0.22646651802921453,0.06746291320536661,,-0.08061850681857732,previous_16_forest,100042,common_eligible
67,67,1.0,1.0,0.2977750133057562,0.537904217926469,0.19875407818266613,True,2.351626070530806,-0.18750888886755213,-0.3293984582369744,-0.04561931949812989,,-0.4040936263411786,previous_16_forest,100042,common_eligible
69,69,0.0,0.0,0.4830438756401033,0.6240608341728163,0.25357522591413484,True,0.8366977575357336,-0.1385700578067742,-0.256513234798456,-0.020626880815092438,,-0.2535047085663173,previous_16_forest,100042,common_eligible
72,72,1.0,0.0,0.7162682305391473,0.5477684334523646,0.53799034220756,True,-0.760879870256566,-0.07883864846300198,-0.19474147050638557,0.037064173580381596,,0.03393963416448598,previous_16_forest,100042,common_eligible
93,93,0.0,1.0,0.19487823858586856,0.3790784417545554,0.145987617966676,True,-1.004305300906031,-0.14203190881911162,-0.29460710799835693,0.010543290360133628,,-0.24763340158643393,previous_16_forest,100042,common_eligible
115,115,0.0,0.0,0.3320856385129984,0.12578474758529193,0.21459993936615554,True,0.27713985559742366,-0.08369454242516074,-0.2319255979068936,0.06453651305657206,,-0.036066766855671034,previous_16_forest,100042,common_eligible
116,116,0.0,1.0,0.25144313211091396,0.41712346427830704,0.29236293722290196,True,-0.9034275338325816,-0.11580393206941182,-0.2912761787987735,0.059668314659949775,,-0.014342061446469406,previous_16_forest,100042,common_eligible
121,121,1.0,0.0,0.8398616308550118,0.5162173821639424,0.3010077377611166,True,-0.573611227119111,-0.1329772057598629,-0.2468502915906013,-0.01910411992912457,,-0.578150415838105,previous_16_forest,100042,common_eligible
122,122,1.0,0.0,0.7251945430660629,0.29193791604481295,0.1386862167841343,True,-0.34449171631566144,-0.11165394634795799,-0.2007481523702766,-0.0225597403256394,,-0.1662835077113541,previous_16_forest,100042,common_eligible
123,123,0.0,1.0,0.4462741037158824,0.5354390250144854,0.5137579153993502,True,-0.8606539264962653,0.02403975381900508,-0.20205900402078344,0.2501385116587935,,0.03246765507545743,previous_16_forest,100042,common_eligible
126,126,0.0,0.0,0.20314875400575907,0.24423058753722124,0.1650561222183361,True,0.227320114146184,-0.1706475823188918,-0.28868943793857105,-0.05260572669921254,,-0.3010231687743369,previous_16_forest,100042,common_eligible
130,130,0.0,0.0,0.20822503772719578,0.05522623933905533,0.12330638073875085,True,0.13783006021567754,-0.036899873476450566,-0.14266853892923162,0.06886879197633045,,0.006309753656425152,previous_16_forest,100042,common_eligible
137,137,0.0,0.0,0.18865558766310853,0.1103143598170894,0.23732194398718473,True,0.2629724816164883,-0.07249309566277921,-0.1977247799497786,0.052738588624220165,,-0.035394603233024145,previous_16_forest,100042,common_eligible
145,145,1.0,0.0,0.32003779935301435,0.23541508041735526,0.3225580150535419,True,-0.9207318092397629,-0.0171419861913374,-0.17152294568498588,0.13723897330231108,,-0.33769143797714973,previous_16_forest,100042,common_eligible
151,151,0.0,1.0,0.5588474290441887,0.2615051176657724,0.4414357452885093,True,-1.4940817911062023,0.002889236559959425,-0.15142423495686863,0.15720270807678743,,-0.31487008056515453,previous_16_forest,100042,common_eligible
162,162,0.0,0.0,0.5945247572662293,0.5248014647149774,0.3150335773381157,True,1.084519431317845,-0.07117981050078481,-0.21642908338006783,0.07406946237849818,,-0.1770906937214045,previous_16_forest,100042,common_eligible
167,167,0.0,1.0,0.5910665771674101,0.6751276642684338,0.779441588478521,True,-0.6901242840470138,-0.04409641715114564,-0.2130360850556433,0.124843250753352,,0.060419762402974864,previous_16_forest,100042,common_eligible
169,169,1.0,1.0,0.704431003878445,0.8078537125819205,0.8354972610031414,True,0.26116924233750516,-0.07251726201089878,-0.19101655884418406,0.04598203482238647,,-0.059438745764093026,previous_16_forest,100042,common_eligible
186,186,1.0,0.0,0.6210416095569548,0.5052565072888179,0.6012958360709447,True,-0.8721660648949627,-0.0507733038216303,-0.1789447496084295,0.07739814196516885,,-0.34838730337294177,previous_16_forest,100042,common_eligible
193,193,0.0,0.0,0.6073480641740991,0.6572669469350446,0.37464938196148995,True,1.3912999354013122,-0.1293052157144267,-0.27559059744063974,0.016980166011786313,,-0.07790570380726344,previous_16_forest,100042,common_eligible
196,196,0.0,0.0,0.5532064916211334,0.5202320261512682,0.7172462515378798,True,1.361382141202721,0.008210348430612148,-0.07215197715332736,0.08857267401455164,,0.18500422317417548,previous_16_forest,100042,common_eligible
198,198,0.0,0.0,0.12682007443309062,0.19011891825301033,0.11466254338154797,True,0.14227528922923968,-0.17026361186222475,-0.2742518132269023,-0.06627541049754725,,-0.09796041668062988,previous_16_forest,100042,common_eligible
208,208,1.0,1.0,0.3545552768915456,0.5175507118669418,0.8209588500215467,True,0.8083820072453193,0.03033072777767761,-0.06913308202306204,0.12979453757841725,,-0.38364186382161225,previous_16_forest,100042,common_eligible
211,211,0.0,0.0,0.23696619097318505,0.1611540941333864,0.4056922364598631,True,0.4557399163853808,-0.06510204610527286,-0.210550652370724,0.08034656016017828,,0.039362356322426656,previous_16_forest,100042,common_eligible
229,229,0.0,0.0,0.3395183523854605,0.15628040234195156,0.12171752980821335,True,0.20205294095084422,-0.11469008843481639,-0.2756049302187596,0.04622475334912675,,-0.0181111175885878,previous_16_forest,100042,common_eligible
237,237,0.0,1.0,0.2592376074189541,0.5036957972891597,0.5991847412227724,True,-0.5745021458969097,-0.03912567617401073,-0.1970940601911845,0.11884270784316303,,0.014677238537030401,previous_16_forest,100042,common_eligible
241,241,1.0,0.0,0.3112184000268978,0.29297990624100695,0.32499894153134207,True,-1.0122602923562734,-0.12380847950708763,-0.3274224350364712,0.07980547602229589,,-0.2359562924134932,previous_16_forest,100042,common_eligible
250,250,1.0,1.0,0.8196324133318519,0.6556518835482454,0.7296056603166405,True,0.40385085658761705,-0.1314667619249839,-0.2749801077813665,0.01204658393139868,,-0.14381661120733635,previous_16_forest,100042,common_eligible
254,254,0.0,1.0,0.20082906572515438,0.10122465249865749,0.11599517542776872,True,-1.1098641565301413,-0.10203123689188585,-0.19105564153189886,-0.01300683225187288,,0.11029612787953566,previous_16_forest,100042,common_eligible
261,261,0.0,0.0,0.3575626995097774,0.27738575942958965,0.6590120686821813,True,0.813397252841835,-0.023877886366175143,-0.13071768760139643,0.08296191486904612,,0.31285754382566056,previous_16_forest,100042,common_eligible
264,264,1.0,1.0,0.5575907885662648,0.6661135763294471,0.5574712958384775,True,0.6850019353673987,-0.09005863890737041,-0.21536403905571427,0.03524676124097344,,0.10130985419071503,previous_16_forest,100042,common_eligible
265,265,0.0,0.0,0.4897541888470956,0.4996763705517501,0.14893702683236537,True,0.628546246930987,-0.1673142494159119,-0.3364685658018613,0.001840066970037496,,-0.19966649402570194,previous_16_forest,100042,common_eligible
270,270,0.0,0.0,0.41382967514227564,0.1144462365137714,0.33712055526243906,True,0.41791831466666274,-0.1891534541373279,-0.30340958121268974,-0.07489732706196608,,-0.05981133747776573,previous_16_forest,100042,common_eligible
271,271,1.0,0.0,0.7707164726769933,0.799641172529823,0.7958986074894286,True,-1.0364162338994083,-0.09842084679379556,-0.21375714881839214,0.01691545523080097,,-0.027407061388611043,previous_16_forest,100042,common_eligible
277,277,1.0,1.0,0.8899829644026354,0.6571421160618739,0.5551006496373309,True,0.3978550126741211,0.062380032320125664,-0.10629370835108308,0.2310537729913344,,0.19707323380293573,previous_16_forest,100042,common_eligible
282,282,0.0,0.0,0.6242495481824158,0.7569568217380804,0.658524317399809,True,1.9160875529937176,-0.06421698463387521,-0.2512217423439161,0.12278777307616562,,0.2904593735133494,previous_16_forest,100042,common_eligible
284,284,0.0,1.0,0.16597983639042652,0.26459246271194714,0.5107274563565002,True,-0.6356273058486236,-0.05743485257231903,-0.2037217215208686,0.08885201637623047,,0.18518688543613304,previous_16_forest,100042,common_eligible
288,288,1.0,0.0,0.7505262107367326,0.489617058084552,0.5035139735319437,True,-0.656984349362379,-0.049086430110822095,-0.1459789649979989,0.0478061047763547,,0.004640120746827181,previous_16_forest,100042,common_eligible
294,294,1.0,1.0,0.8452104662822969,0.4293333890647982,0.6534094979960107,True,0.6341402477823155,-0.0749372995820968,-0.21586264887088416,0.06598804970669053,,-0.34951026332690505,previous_16_forest,100042,common_eligible
318,318,0.0,0.0,0.6619452436490905,0.617915985752386,0.4863116694544436,True,1.6962533728598856,-0.03026228645755676,-0.14827996976142893,0.08775539684631538,,-0.20199985734703257,previous_16_forest,100042,common_eligible
328,328,0.0,1.0,0.45537902272348385,0.22955765946395168,0.3763408308894004,True,-1.267856316735283,0.005934512561885755,-0.08961836490585084,0.10148739002962232,,0.10327243996857394,previous_16_forest,100042,common_eligible
334,334,0.0,0.0,0.39307427262976935,0.5571027051118642,0.23251302726307455,True,0.593319515959411,-0.1285902368523476,-0.2469441489949143,-0.010236324709780933,,-0.1484375342195409,previous_16_forest,100042,common_eligible
339,339,0.0,1.0,0.7123204588984382,0.5965822117379189,0.5725643073695623,True,-1.4263344775850084,-0.07017229568795601,-0.22604385448951542,0.08569926311360336,,-0.04096418254395162,previous_16_forest,100042,common_eligible
343,343,1.0,1.0,0.72370610728397,0.42534802491747775,0.2840485121386202,True,0.8479853373218375,-0.061267220794085274,-0.22157817721643694,0.09904373562826635,,-0.252500407706424,previous_16_forest,100042,common_eligible
346,346,0.0,0.0,0.46952221535196176,0.35612217571038957,0.2807649199393508,True,0.5959661926683144,-0.08522193722518587,-0.172279306235807,0.001835431785435243,,0.021257549177203516,previous_16_forest,100042,common_eligible
347,347,0.0,1.0,0.13825562934567645,0.20917435186525285,0.12979650649228353,True,-0.9970811400684394,-0.1378187586378832,-0.276826385756494,0.001188868480727523,,0.0718545920669893,previous_16_forest,100042,common_eligible
349,349,0.0,1.0,0.8193912307622631,0.7568555285781641,0.31957244873460944,True,-1.7835326138392307,-0.083243665216265,-0.20515743618464904,0.038670105752119,,0.03268878550218324,previous_16_forest,100042,common_eligible
354,354,1.0,0.0,0.5853192865958416,0.25187610313375147,0.5873267249104718,True,-0.6679790248462454,0.05365962262308625,-0.1934117936227875,0.30073103886895997,,-0.14297135067526034,previous_16_forest,100042,common_eligible
357,357,1.0,1.0,0.6143485744637762,0.20547834142815696,0.1638253245023903,True,1.3194222915462204,-0.12837724811879753,-0.278767186268095,0.02201269003049991,,0.1013446835796018,previous_16_forest,100042,common_eligible
360,360,1.0,0.0,0.38652785682374197,0.22990715001851458,0.28775504199642987,True,-0.6866134370477108,-0.013714689691225985,-0.17040029559835332,0.1429709162159013,,-0.20995476861796994,previous_16_forest,100042,common_eligible
361,361,0.0,0.0,0.3485290307997674,0.24084322813678039,0.21529991678373056,True,0.3441481093290529,-0.04422359792747841,-0.2006416907821702,0.11219449492721334,,-0.0406445885166562,previous_16_forest,100042,common_eligible
365,365,1.0,0.0,0.560968164264129,0.22990707649628198,0.057451517505475606,True,-0.27487049296631955,-0.1657512755067059,-0.3488940311703444,0.017391480156932565,,-0.3344524588585174,previous_16_forest,100042,common_eligible
368,368,1.0,0.0,0.714401746082142,0.3325430714021838,0.4404902305995466,True,-0.508639002601994,-0.07056814913047338,-0.18505698681950947,0.04392068855856268,,-0.05427466854280549,previous_16_forest,100042,common_eligible
370,370,1.0,0.0,0.15655583027297423,0.026180644320393996,0.05088199013154265,True,-0.30030724724363367,-0.1236783371926781,-0.22245690711079963,-0.02489976727455659,,-0.11224918810400103,previous_16_forest,100042,common_eligible
380,380,0.0,1.0,0.6878999118223514,0.3647722971129069,0.13198009280819878,True,-2.2681255058625056,-0.13955367458526255,-0.22549553818955598,-0.05361181098096915,,-0.4595323870462047,previous_16_forest,100042,common_eligible
384,384,1.0,1.0,0.6991657742207109,0.5952412355676518,0.6246393200088214,True,0.5662674419401905,-0.04800072120397378,-0.24133455646958304,0.14533311406163546,,0.0703099140074529,previous_16_forest,100042,common_eligible
392,392,1.0,1.0,0.8614465356044667,0.5798850089186182,0.6888676648749268,True,0.4701569392874911,-0.07826353579939581,-0.24051549131715816,0.0839884197183665,,0.0859568948245617,previous_16_forest,100042,common_eligible
398,398,0.0,1.0,0.31302957451177105,0.33381973356651834,0.33215952029375795,True,-0.9713966702097943,-0.07330199303784748,-0.22716812465673278,0.08056413858103778,,-0.3498504475078327,previous_16_forest,100042,common_eligible
409,409,0.0,0.0,0.11682656775470664,0.15123398986267242,0.46857335647580484,True,0.48857865477671547,-0.08769543173299363,-0.2590299913444073,0.08363912787842001,,0.14554265152238055,previous_16_forest,100042,common_eligible
422,422,1.0,1.0,0.5507360321013497,0.31760002962145684,0.6819276988330695,True,0.9418680563065267,0.04637991982453443,-0.08019655516440719,0.17295639481347602,,0.04875396248008518,previous_16_forest,100042,common_eligible
424,424,1.0,0.0,0.7465341465314489,0.8800407534092558,0.602025218270948,True,-1.084442436128813,-0.12118719279882277,-0.29770322962744594,0.05532884402980033,,-0.411950972386599,previous_16_forest,100042,common_eligible
431,431,1.0,1.0,0.36720906701781686,0.5902148769128996,0.17218863553357494,True,1.8363063413895535,-0.11518324326053352,-0.2093372362958893,-0.021029250225177737,,-0.32665406706368566,previous_16_forest,100042,common_eligible
435,435,0.0,1.0,0.4129597617278917,0.9294681770496492,0.5356881294942271,True,-0.513928239028555,-0.09135698160055467,-0.22568732196561722,0.04297335876450786,,-0.10742312894197681,previous_16_forest,100042,common_eligible
446,446,1.0,0.0,0.20767483528290356,0.23299736512473415,0.03245674123556289,True,-0.35682697024090393,-0.08717696262549843,-0.28240330538554786,0.10804938013455095,,-0.06432527410523083,previous_16_forest,100042,common_eligible
447,447,1.0,1.0,0.498122190950462,0.1973540987878996,0.4233606929287111,True,1.3836328102525837,-0.06725843085085502,-0.25616052127938665,0.12164365957767655,,0.034144994760945346,previous_16_forest,100042,common_eligible
451,451,1.0,1.0,0.8206256180127607,0.39967917906064826,0.30304354025262625,True,0.7526632917263842,-0.00013235909492851099,-0.1594756713462247,0.15921095315636766,,-0.17663563846118313,previous_16_forest,100042,common_eligible
460,460,1.0,0.0,0.5181511359956863,0.5618316897543361,0.347020025485144,True,-0.8845390881381093,-0.012119425046236799,-0.11486083541085905,0.09062198531838543,,-0.15089969081385596,previous_16_forest,100042,common_eligible
462,462,0.0,0.0,0.551316614167244,0.3284713478246153,0.5807058016115656,True,0.9843127036088659,0.009157335683168611,-0.10652101938607113,0.12483569075240832,,-0.02877369342676961,previous_16_forest,100042,common_eligible
465,465,0.0,1.0,0.3616233046467343,0.660070389755208,0.43078777373728433,True,-0.7617732484597632,-0.13308910579701938,-0.29632746020047723,0.030149248606438417,,-0.07352311822592295,previous_16_forest,100042,common_eligible
467,467,0.0,0.0,0.3694281366177929,0.708800248902517,0.32099015097049677,True,0.7362493313941081,-0.07918402913853502,-0.23832954768924325,0.07996148941217317,,0.18109530692018136,previous_16_forest,100042,common_eligible
468,468,1.0,0.0,0.44479245539550216,0.6226652874239057,0.25712449964217554,True,-0.9436182630697151,-0.09472365785505266,-0.19872052948962726,0.009273213779521908,,-0.36394341785118856,previous_16_forest,100042,common_eligible
474,474,0.0,0.0,0.41083214624870906,0.27277813259325345,0.40347479288266264,True,0.5936854857259086,0.01913428679332437,-0.19907640795764303,0.23734498154429173,,0.27024214191256124,previous_16_forest,100042,common_eligible
478,478,1.0,0.0,0.6224598671868002,0.3502824012175236,0.03380013994568696,True,-0.3707831756399328,-0.11310625354542785,-0.24158388355919858,0.01537137646834287,,-0.14113139488284232,previous_16_forest,100042,common_eligible
481,481,0.0,1.0,0.4199162936208889,0.33924749562426026,0.23456459148839118,True,-1.243746968700213,-0.09464399241723775,-0.24455989182359214,0.055271906989116576,,0.24256774419822325,previous_16_forest,100042,common_eligible
486,486,1.0,1.0,0.7384055566399511,0.8210043466092619,0.18422501047676934,True,0.46799971406228436,-0.20252828602544956,-0.36025386146922245,-0.044802710581676675,,-0.6892153014395378,previous_16_forest,100042,common_eligible
487,487,1.0,1.0,0.895668901272474,0.7919646850018982,0.7468746810030763,True,0.23752036534336396,-0.03526611200433191,-0.16081416787353292,0.09028194386486907,,-0.028156691615068175,previous_16_forest,100042,common_eligible
498,498,0.0,0.0,0.3064014197369522,0.42045644978845054,0.1158018167205046,True,0.3015410278703913,-0.10589260907334191,-0.23551258850347623,0.02372737035679237,,-0.1062618189134249,previous_16_forest,100042,common_eligible
503,503,0.0,0.0,0.3395701409354137,0.2764864179390915,0.20385506791381997,True,0.3460148001210875,-0.02898825118489135,-0.27895125295171375,0.22097475058193097,,-0.16728505428348134,previous_16_forest,100042,common_eligible
507,507,1.0,1.0,0.8858981163113235,0.8863696284512167,0.840065087390369,True,0.1342296644701035,-0.0731819399361103,-0.19076916593242044,0.04440528606019979,,-0.030854928811506976,previous_16_forest,100042,common_eligible
508,508,0.0,0.0,0.47980167435767335,0.15852874462973168,0.23164430011447898,True,0.37786229690108064,-0.09400607291856598,-0.22282926769732542,0.03481712186019344,,-0.05620972089686527,previous_16_forest,100042,common_eligible
514,514,1.0,1.0,0.8430372848886678,0.8415692978009905,0.5891515030670276,True,0.23492541569975994,-0.14527122031669318,-0.3277685030887626,0.03722606245537621,,-0.061478120138046544,previous_16_forest,100042,common_eligible
526,526,0.0,0.0,0.10134168599592924,0.042408465761656446,0.11028934388860774,True,0.11507174600275258,-0.022018624825889056,-0.16901684320124155,0.1249795935494634,,0.020299231269924375,previous_16_forest,100042,common_eligible
528,528,1.0,1.0,0.4976120907871823,0.40495308519453926,0.5045166001211492,True,1.0952857030571996,0.005125555427610013,-0.09586620450820993,0.10611731536342991,,-0.3151680255715663,previous_16_forest,100042,common_eligible
532,532,1.0,0.0,0.6244960886001973,0.521710363804407,0.2917989843566197,True,-0.6971664826954068,-0.17205057299132748,-0.25227662930879186,-0.09182451667386313,,-0.5334643262344162,previous_16_forest,100042,common_eligible
534,534,0.0,1.0,0.6779672984620977,0.3583107858963352,0.7257498440335198,True,-1.6251822223700678,-0.031677257317537816,-0.16162850035845244,0.09827398572337678,,0.13543398492073888,previous_16_forest,100042,common_eligible
535,535,0.0,0.0,0.6611913117082947,0.4531931837133799,0.4118173978436599,True,1.2962321308528657,0.021926140938786937,-0.0811985272449174,0.12505080912249125,,0.03704061610492676,previous_16_forest,100042,common_eligible
538,538,1.0,0.0,0.665198048203201,0.47958156722214806,0.5514956055176145,True,-0.7571557507805632,-0.02478513823358483,-0.16635149095424925,0.11678121448707954,,-0.06212851278558973,previous_16_forest,100042,common_eligible
539,539,0.0,1.0,0.37152500868260463,0.295928758284995,0.32270647450261525,True,-1.0935075002858183,-0.11097150022655196,-0.2609772499565674,0.03903424950346347,,-0.11126006308263126,previous_16_forest,100042,common_eligible
546,546,0.0,0.0,0.28274147540780453,0.13370380419464747,0.04761960877790484,True,0.10032530633252709,-0.09736749764365793,-0.18244975172367492,-0.012285243563640955,,-0.06620608679353736,previous_16_forest,100042,common_eligible
549,549,1.0,0.0,0.8288785135352711,0.6162671534676794,0.6685932769715425,True,-0.7542978461776624,-0.10450848432272683,-0.23934025563049433,0.030323286985040637,,-0.22605679180368443,previous_16_forest,100042,common_eligible
550,550,0.0,0.0,0.19512718703527704,0.07014033554748035,0.09634872036851012,True,0.1133530049618452,-0.10321494001330649,-0.21931730498844892,0.012887424961835925,,-0.08381602753461014,previous_16_forest,100042,common_eligible
552,552,1.0,0.0,0.5434281370728052,0.2793283117474655,0.16202579348381976,True,-0.4154574764455635,-0.1807829864984319,-0.25101007568021183,-0.110555897316652,,0.08753892270289004,previous_16_forest,100042,common_eligible
559,559,1.0,0.0,0.31492404354128245,0.475686642417275,0.2913028627112861,True,-1.1093778177464666,-0.1709528503623349,-0.2975909276966312,-0.0443147730280386,,-0.36576085048430995,previous_16_forest,100042,common_eligible
560,560,1.0,1.0,0.8811481636111244,0.6338436535646556,0.40954491636167856,True,0.4457986516612481,-0.0641984391463862,-0.259121973768171,0.1307250954753985,,-0.06469990771798673,previous_16_forest,100042,common_eligible
561,561,1.0,0.0,0.6604851438798335,0.4885965494899231,0.47518011098337043,True,-0.7328574666454433,-0.10219411684306842,-0.3169728228283074,0.11258458914217051,,-0.14847635272894044,previous_16_forest,100042,common_eligible
563,563,0.0,0.0,0.2974382055528853,0.21550771996437326,0.34695492281230195,True,0.4381927755045921,-0.09121129043872642,-0.25774017156009477,0.07531759068264188,,0.08723419972137467,previous_16_forest,100042,common_eligible
568,568,1.0,1.0,0.8593255853043639,0.7796908673770818,0.6281500638371472,True,0.28118218588571775,-0.1363422304948319,-0.31817525422705795,0.04549079323739405,,-0.11006768648138565,previous_16_forest,100042,common_eligible
569,569,0.0,1.0,0.5528048922578694,0.6611938447671052,0.512722477178401,True,-0.9060962820103152,-0.088066257703164,-0.2513251222558377,0.07519260684950967,,-0.03506472883281053,previous_16_forest,100042,common_eligible
578,578,0.0,0.0,0.4971559752754181,0.48007250512293087,0.1985550319104386,True,0.6731970734819355,-0.11173909267292001,-0.1983724554241701,-0.025105729921669956,,-0.1661069213092291,previous_16_forest,100042,common_eligible
580,580,1.0,1.0,0.8996632265537816,0.5065571255147049,0.9007793119395556,True,0.5045086637776216,-0.08347271569420152,-0.32681937877690537,0.1598739473885023,,0.041240948763694774,previous_16_forest,100042,common_eligible
584,584,1.0,0.0,0.3530020950388765,0.3002764965511114,0.49428169929480315,True,-1.206217929757455,-0.039917365982490634,-0.17966390543766547,0.09982917347268419,,-0.18620539681394355,previous_16_forest,100042,common_eligible
588,588,1.0,1.0,0.7599037798222803,0.5989536181828509,0.7068717062070728,True,0.4936620487418295,-0.05198492235489657,-0.25194096185424275,0.14797111714444955,,0.05151712594740754,previous_16_forest,100042,common_eligible
594,594,0.0,1.0,0.4358862117958283,0.3450173762070346,0.2893044246180034,True,-1.2167954095769313,-0.1553059258932735,-0.23430633324082506,-0.07630551854572196,,-0.1845762402931477,previous_16_forest,100042,common_eligible
599,599,0.0,1.0,0.5047157237367998,0.32586425805549957,0.19413390627280455,True,-1.4928390609682385,-0.07677400894841535,-0.19925422041964141,0.04570620252281067,,-0.017020805613165407,previous_16_forest,100042,common_eligible
603,603,1.0,1.0,0.8965984662730258,0.8240408711123715,0.43645704463981083,True,0.240950547116902,-0.11269124098144978,-0.2178961079317191,-0.007486374031180507,,-0.4064471216929251,previous_16_forest,100042,common_eligible
606,606,0.0,1.0,0.182420673272415,0.35574959054089994,0.44566286354294443,True,-0.698084158437122,-0.08527205890389035,-0.31546356836843004,0.1449194505606493,,-0.0810499975355446,previous_16_forest,100042,common_eligible
607,607,0.0,0.0,0.23286299971686428,0.4112209572309557,0.6418304150684969,True,0.7666557664879934,-0.016705059490262558,-0.15242508560336465,0.11901496662283952,,-0.20262165996000597,previous_16_forest,100042,common_eligible
609,609,0.0,1.0,0.2628351951498874,0.3611880740509345,0.28592851337063,True,-0.9418390850228358,-0.12471465862980237,-0.24452576721133057,-0.004903550048274183,,-0.17815202596793825,previous_16_forest,100042,common_eligible
614,614,1.0,1.0,0.5726448508420163,0.32134840229738393,0.13572284796780826,True,1.3236469917543707,-0.1529276224723919,-0.3041020765555408,-0.0017531683892429983,,0.13800989485438941,previous_16_forest,100042,common_eligible
617,617,1.0,0.0,0.7178793441680776,0.8048943701497815,0.4648705377590742,True,-0.9875846537677238,-0.12776544764237466,-0.2539082388356281,-0.0016226564491212958,,-0.32977963417948597,previous_16_forest,100042,common_eligible
621,621,1.0,1.0,0.719441708520127,0.6338426538062932,0.46081922314654916,True,0.5764198813808268,-0.10924840630779041,-0.20226992468186017,-0.016226887933720652,,-0.10300534475910206,previous_16_forest,100042,common_eligible
626,626,1.0,0.0,0.37375575622168683,0.06730359278770888,0.03902723129941696,True,-0.13269543905366493,-0.17119037533361792,-0.2532334013935064,-0.08914734927372943,,-0.14734105843629364,previous_16_forest,100042,common_eligible
638,638,1.0,0.0,0.26982284499575265,0.11795731343678195,0.06941434204727653,True,-0.3058019223444151,-0.13756570557048026,-0.2486908939593005,-0.02644051718166006,,-0.028967779075204383,previous_16_forest,100042,common_eligible
648,648,1.0,1.0,0.4853098968455891,0.7157742453353908,0.4598434715346434,True,0.8570828531132284,-0.17802626298199023,-0.3033434287931209,-0.052709097170859615,,0.22657797391420198,previous_16_forest,100042,common_eligible
651,651,1.0,0.0,0.8400908645880912,0.5063475662804772,0.1512717979811567,True,-0.5351417639643579,-0.10114588136106008,-0.2801444583066491,0.07785269558452888,,0.14285091672279376,previous_16_forest,100042,common_eligible
656,656,0.0,0.0,0.31016645628077394,0.3391480446162763,0.577527158664023,True,0.7300166224063072,0.023233938012871574,-0.06572455804961506,0.1121924340753582,,0.008071797181922913,previous_16_forest,100042,common_eligible
662,662,0.0,0.0,0.795984834636873,0.602560464413763,0.578846128743734,True,2.9297938672190273,0.005300530813033555,-0.18885352769916627,0.19945458932523336,,0.12090442381375327,previous_16_forest,100042,common_eligible
663,663,1.0,1.0,0.6611570820652285,0.5600201820424707,0.6238168988065418,True,0.6327736080323169,-0.08566528587682147,-0.20407924355116125,0.03274867179751827,,-0.0006267839972746714,previous_16_forest,100042,common_eligible
676,676,1.0,0.0,0.5074586085423022,0.5128618451234043,0.2370410744422043,True,-0.7429348770378061,-0.08548719068310351,-0.216402591271421,0.045428209905213957,,0.288078314021742,previous_16_forest,100042,common_eligible
680,680,1.0,0.0,0.8142674081481726,0.28649380658491874,0.1732185453036293,True,-0.32600457301632163,-0.0416506055877611,-0.12031675817033702,0.03701554699481481,,-0.21676132704337042,previous_16_forest,100042,common_eligible
684,684,0.0,0.0,0.4767038477674782,0.07500734791932387,0.09431201241262713,True,0.1626409905857509,-0.06831329210936447,-0.15598941572950079,0.019362831510771825,,-0.09365228131014089,previous_16_forest,100042,common_eligible
707,707,1.0,0.0,0.37689242235308673,0.21942363162716366,0.07825928097591793,True,-0.3488079017932789,-0.07299175678013571,-0.1760393002364819,0.030055786676210436,,-0.18261274863827542,previous_16_forest,100042,common_eligible
708,708,0.0,0.0,0.36990990607935353,0.4354379599761319,0.17009379219190304,True,0.42572836958369076,-0.12743741341908835,-0.29130140278189615,0.0364265759437194,,-0.3033594815556778,previous_16_forest,100042,common_eligible
712,712,0.0,0.0,0.18173934950556428,0.3483191284650163,0.24537611120481098,True,0.32273934722175246,-0.0607650988078234,-0.2020276351524539,0.08049743753680705,,0.20262182932038472,previous_16_forest,100042,common_eligible
713,713,0.0,1.0,0.30180578383099915,0.7428200384844842,0.6583644031663684,True,-0.45280581003979287,-0.05786816367671336,-0.23863293699158497,0.12289660963815824,,0.18351149860665072,previous_16_forest,100042,common_eligible
735,735,1.0,1.0,0.8694429309898267,0.5841917632953256,0.529552822750379,True,0.4864514064822416,0.0003860218170866675,-0.08970450968592776,0.09047655332010107,,0.2892291597635016,previous_16_forest,100042,common_eligible
739,739,0.0,1.0,0.14064771931795442,0.4137860739356773,0.3384220702151873,True,-0.7575218791834607,-0.02864503071355071,-0.22751554190614426,0.1702254804790428,,0.04653584065128688,previous_16_forest,100042,common_eligible
743,743,1.0,0.0,0.5692106179706797,0.708079890191026,0.2085803051763669,True,-0.8659374176748906,-0.16642281837060507,-0.3163615280429485,-0.016484108698261668,,-0.3588049137290085,previous_16_forest,100042,common_eligible
744,744,0.0,0.0,0.3118452004905281,0.21006615632254447,0.16582631502354478,True,0.2610201909964709,0.0018185658608848724,-0.1988351107694172,0.20247224249118692,,0.00043827428651807554,previous_16_forest,100042,common_eligible
752,752,1.0,0.0,0.4976120907871823,0.40495308519453926,0.5045166001211492,True,-0.914311769580735,0.005125555427610013,-0.09586620450820993,0.10611731536342991,,-0.048624029853681416,previous_16_forest,100042,common_eligible
760,760,1.0,1.0,0.6923646690804353,0.8499391231971852,0.4038038648525092,True,0.4149660684161611,-0.18172923252029677,-0.36885524896142385,0.0053967839208302615,,-0.1049719012824385,previous_16_forest,100042,common_eligible
773,773,1.0,1.0,0.8692254357777036,0.8437628935615387,0.8802790763467855,True,0.1742490639521436,-0.04519924247400699,-0.24560290526173995,0.15520442031372594,,-0.05078761983714952,previous_16_forest,100042,common_eligible
776,776,0.0,0.0,0.3167064190307683,0.07997546902444524,0.41053740430750363,True,0.44760601597089744,0.028006727272941064,-0.13251693387366878,0.18853038841955086,,0.11215936655437345,previous_16_forest,100042,common_eligible
779,779,0.0,0.0,0.2678627871247748,0.08326897522402205,0.14434178930057648,True,0.17480692533284592,-0.09869233232668287,-0.18063907168044915,-0.016745592972916598,,0.2102850669914252,previous_16_forest,100042,common_eligible
781,781,1.0,1.0,0.7124159078673112,0.6524985949433281,0.5685012955705222,True,0.521686402611352,-0.12275965612433014,-0.22542005224655928,-0.02009926000210102,,0.031273744586730046,previous_16_forest,100042,common_eligible
798,798,1.0,1.0,0.5738501829537611,0.4610066469393637,0.6899678586580268,True,0.7692279059735196,0.002612133884393442,-0.23260728767965155,0.23783155544843837,,-0.012829595656138837,previous_16_forest,100042,common_eligible
822,822,0.0,0.0,0.7851643283955761,0.7039467014881663,0.8549548974861817,True,3.4276833227634667,0.08845300340899974,-0.05285024273659837,0.22975624955459784,,0.15687867128973654,previous_16_forest,100042,common_eligible
827,827,0.0,1.0,0.20292414528693528,0.5238508273207104,0.1083530628806362,True,-1.012867725986201,-0.15763785005591233,-0.315927649143283,0.0006519490314582654,,-0.47170840662307595,previous_16_forest,100042,common_eligible
839,839,0.0,0.0,0.34581130524434806,0.1126466506091078,0.086969561538685,True,0.14651581415787712,-0.12515603456334823,-0.23488794941915864,-0.015424119707537862,,-0.082870305049013,previous_16_forest,100042,common_eligible
845,845,1.0,1.0,0.752910890896712,0.5246796930671129,0.7724547060476488,True,0.5499957627446231,0.03541929822369861,-0.15272678566151326,0.22356538210891042,,-0.054967122143437575,previous_16_forest,100042,common_eligible
848,848,0.0,0.0,0.17488544575211756,0.28132520448773546,0.20464188183823775,True,0.26426958266456757,-0.07749759534685983,-0.2157464266531866,0.06075123595946692,,0.0857810802170664,previous_16_forest,100042,common_eligible
859,859,1.0,1.0,0.7373700262799631,0.6352483735197884,0.7457560343927967,True,0.4553060070844293,-0.0659144618929148,-0.17731465065648955,0.04548572687065991,,0.10091643251497262,previous_16_forest,100042,common_eligible
868,868,1.0,0.0,0.3158631133936012,0.28142855356043467,0.1800533921448985,True,-0.6714113084363869,-0.07401005027748273,-0.21810870845325855,0.07008860789829305,,-0.03768758335333155,previous_16_forest,100042,common_eligible
875,875,1.0,1.0,0.2954085010099827,0.07893179342112945,0.6520298895516717,True,1.7510266569493433,0.007599235262336684,-0.107928977452441,0.12312744797711435,,0.2750351541256375,previous_16_forest,100042,common_eligible
892,892,0.0,0.0,0.2735318871361978,0.1691753800978599,0.26355112855595086,True,0.3272495347980797,-0.07134158763516345,-0.22191036835012773,0.07922719307980079,,-0.4218944972490402,previous_16_forest,100042,common_eligible
893,893,0.0,1.0,0.4209871190121045,0.5576017615513111,0.2601762911485843,True,-1.0614814231716556,-0.11312012733989948,-0.22735230467055,0.001112049990750999,,-0.13899119129057289,previous_16_forest,100042,common_eligible
898,898,1.0,1.0,0.45930358416275124,0.3544588116907033,0.29474590032829595,True,1.4757728196215727,-0.08427754278893392,-0.19549379376235257,0.02693870818448471,,0.11489019733853345,previous_16_forest,100042,common_eligible
908,908,1.0,1.0,0.6365359451118013,0.6292463172641775,0.5328327175584007,True,0.6375076910385282,-0.09370618346515087,-0.218073792232503,0.03066142530220123,,0.2700079153490359,previous_16_forest,100042,common_eligible
913,913,0.0,0.0,0.5308330470719369,0.11324866872774632,0.22968695448626023,True,0.3578207361228528,0.01171976654884009,-0.19472195661502886,0.21816148971270896,,0.5763362625455206,previous_16_forest,100042,common_eligible
915,915,1.0,1.0,0.8985953873026874,0.7229760087050645,0.9147129207113539,True,0.28664846006648165,0.019576234138712505,-0.08142218191843487,0.12057465019585986,,-0.10460704553612188,previous_16_forest,100042,common_eligible
929,929,1.0,0.0,0.6917161097835349,0.6851695589553498,0.6757085587757535,True,-0.9863192072079235,-0.026629306707557282,-0.18874225346390658,0.13548364004879196,,-0.2246108655442407,previous_16_forest,100042,common_eligible
934,934,0.0,0.0,0.1659961305234345,0.08206063993600862,0.15114782231020452,True,0.1674807785424142,-0.1682320753487734,-0.31224136825504967,-0.024222782442497204,,-0.17923562100166213,previous_16_forest,100042,common_eligible
955,955,1.0,1.0,0.8062636411829276,0.7848808130485062,0.6112018042000369,True,0.308543152663774,-0.12321956641676701,-0.2821337570620035,0.035694624228469474,,-0.4074361291328243,previous_16_forest,100042,common_eligible
960,960,1.0,1.0,0.6170074518662535,0.7907987537759217,0.8506454031331226,True,0.3019095230147665,0.05298656804355911,-0.03321470150522793,0.13918783759234615,,0.30302428580824725,previous_16_forest,100042,common_eligible
961,961,0.0,1.0,0.6459993475063636,0.39297221034769936,0.4621709136327996,True,-1.6455659034361054,-0.01782490795278902,-0.1607755706741321,0.12512575476855403,,-0.17386110854674186,previous_16_forest,100042,common_eligible
967,967,0.0,0.0,0.7025460266514392,0.49954450850912324,0.4913003757456682,True,1.6711568948494786,-0.0889461282784453,-0.1772751927695438,-0.0006170637873468138,,0.11315424130412288,previous_16_forest,100042,common_eligible
976,976,0.0,0.0,0.22031990702892976,0.14739526230042968,0.045474238188630285,True,0.0871247956150597,-0.17398561632627782,-0.3756099819283575,0.02763874927580179,,-0.10435438224184548,previous_16_forest,100042,common_eligible
980,980,1.0,1.0,0.7864499826541237,0.6496228188243901,0.4709241106118068,True,0.4940406916951638,-0.09217707355479106,-0.22405506299840894,0.03970091588882681,,-0.1328309937568829,previous_16_forest,100042,common_eligible
986,986,1.0,0.0,0.7205177971515432,0.5970190404474943,0.5037849136811311,True,-0.7924325583287308,-0.1255639445716387,-0.3061935656020135,0.055065676458736085,,-0.21930664730454208,previous_16_forest,100042,common_eligible
987,987,0.0,0.0,0.5668629658807873,0.5378360873560974,0.55011370370387,True,1.2540003160697926,-0.09906694744691168,-0.23987312734733557,0.0417392324535122,,0.16537846499403014,previous_16_forest,100042,common_eligible
989,989,0.0,0.0,0.44506160418132035,0.5113528573076289,0.3022166274550165,True,0.7123225503661348,0.008727089278705927,-0.13676896139315775,0.15422313995056958,,-0.22553091570484401,previous_16_forest,100042,common_eligible
5,5,1.0,1.0,0.6887162907334484,0.39457763011235203,0.7060856591969616,True,0.7382648007155439,0.0286294687967088,,,,0.29544125881310984,overlap_architecture_selected,100042,common_eligible
12,12,0.0,1.0,0.4554134269055786,0.19518429746545804,0.706555092089941,True,-0.9664763325300854,0.07825305025610035,,,,-0.1020346687031714,overlap_architecture_selected,100042,common_eligible
15,15,1.0,0.0,0.5739032857281112,0.1615829255637264,0.1698620898906206,True,-0.2876976912074255,0.029309990897229327,,,,-0.003080297422145953,overlap_architecture_selected,100042,common_eligible
30,30,0.0,0.0,0.6165670910827816,0.1568468224851443,0.21894385276575343,True,0.4711563959153072,-0.03874460202873234,,,,-0.15824629257148742,overlap_architecture_selected,100042,common_eligible
39,39,1.0,0.0,0.5283406970701073,0.3220692489477943,0.1187718570586148,True,-0.4280990354446722,-0.0030202622936623125,,,,-0.0787740414269622,overlap_architecture_selected,100042,common_eligible
40,40,0.0,0.0,0.33086064672178955,0.31446023061508954,0.493862257026252,True,0.6493493237484114,-0.005464845173307198,,,,0.060474988513839145,overlap_architecture_selected,100042,common_eligible
43,43,1.0,0.0,0.7497651166050956,0.4427031002884563,0.2038898642693068,True,-0.510751553438492,-0.04455309093446719,,,,-0.19702180525731344,overlap_architecture_selected,100042,common_eligible
45,45,0.0,0.0,0.27337056290125283,0.4075902860277805,0.2983721274592388,True,0.45171464323919736,0.09368525496153529,,,,0.13139903885494988,overlap_architecture_selected,100042,common_eligible
48,48,1.0,1.0,0.4801372366044823,0.549804308535623,0.503566594436039,True,0.9877029339424732,0.10330482820058706,,,,-0.02351093248221392,overlap_architecture_selected,100042,common_eligible
63,63,1.0,0.0,0.5622881408378549,0.29167786867372897,0.20239426740523805,True,-0.44923120233945457,0.0028164623701779634,,,,-0.08061850681857732,overlap_architecture_selected,100042,common_eligible
67,67,1.0,1.0,0.2977750133057562,0.4688926581657937,0.18399671325199904,True,2.455439040514034,-0.08142409361397118,,,,-0.4040936263411786,overlap_architecture_selected,100042,common_eligible
69,69,0.0,0.0,0.4830438756401033,0.5308174432414061,0.30418683487826637,True,0.8001827288396504,-0.010341084633331388,,,,-0.2535047085663173,overlap_architecture_selected,100042,common_eligible
72,72,1.0,0.0,0.7162682305391473,0.5883518641502772,0.6027804270633947,True,-0.8271282748230355,-0.010865155482072009,,,,0.03393963416448598,overlap_architecture_selected,100042,common_eligible
93,93,0.0,1.0,0.19487823858586856,0.37553909184497897,0.1861696739615187,True,-0.964979938034109,-0.1026365370143475,,,,-0.24763340158643393,overlap_architecture_selected,100042,common_eligible
115,115,0.0,0.0,0.3320856385129984,0.11160554645850203,0.2330602542471561,True,0.2885503010171491,0.09044202346235158,,,,-0.036066766855671034,overlap_architecture_selected,100042,common_eligible
116,116,0.0,1.0,0.25144313211091396,0.41909504951925247,0.41295946350878043,True,-0.782168744478294,-0.024193282091945323,,,,-0.014342061446469406,overlap_architecture_selected,100042,common_eligible
121,121,1.0,0.0,0.8398616308550118,0.49644157537418954,0.2857621218186133,True,-0.5509285033040405,-0.04114282678763814,,,,-0.578150415838105,overlap_architecture_selected,100042,common_eligible
122,122,1.0,0.0,0.7251945430660629,0.26710468237805235,0.20662160931374454,True,-0.34540194247576994,-0.07651169049931025,,,,-0.1662835077113541,overlap_architecture_selected,100042,common_eligible
123,123,0.0,1.0,0.4462741037158824,0.48402101198085795,0.46014663519817345,True,-0.9557054352210141,0.013775112617220697,,,,0.03246765507545743,overlap_architecture_selected,100042,common_eligible
126,126,0.0,0.0,0.20314875400575907,0.27674734355183767,0.15954978332835604,True,0.23010357652323535,-0.07880848060518009,,,,-0.3010231687743369,overlap_architecture_selected,100042,common_eligible
130,130,0.0,0.0,0.20822503772719578,0.06749963882254066,0.11961508304823562,True,0.13736648402718316,-0.006745893080918802,,,,0.006309753656425152,overlap_architecture_selected,100042,common_eligible
137,137,0.0,0.0,0.18865558766310853,0.11012106486305877,0.3195411486409762,True,0.34514674090233183,-0.03146216574929259,,,,-0.035394603233024145,overlap_architecture_selected,100042,common_eligible
145,145,1.0,0.0,0.32003779935301435,0.19821029419604655,0.2973380786842982,True,-0.829943966677999,-0.02787005212666155,,,,-0.33769143797714973,overlap_architecture_selected,100042,common_eligible
151,151,0.0,1.0,0.5588474290441887,0.2576891576666268,0.46221590612787533,True,-1.4781356481900176,0.11549946561350294,,,,-0.31487008056515453,overlap_architecture_selected,100042,common_eligible
162,162,0.0,0.0,0.5945247572662293,0.6192290713195026,0.30711379641072667,True,1.215053356015701,-0.11146074342964452,,,,-0.1770906937214045,overlap_architecture_selected,100042,common_eligible
167,167,0.0,1.0,0.5910665771674101,0.7024816099439591,0.7731418873097704,True,-0.6568869795817814,-0.009128930107046074,,,,0.060419762402974864,overlap_architecture_selected,100042,common_eligible
169,169,1.0,1.0,0.704431003878445,0.8323225242633676,0.8508029039324003,True,0.2302784056590199,0.02869841221452263,,,,-0.059438745764093026,overlap_architecture_selected,100042,common_eligible
186,186,1.0,0.0,0.6210416095569548,0.5415835730771587,0.6622354683001399,True,-0.9456783765482973,0.07750782125396594,,,,-0.34838730337294177,overlap_architecture_selected,100042,common_eligible
193,193,0.0,0.0,0.6073480641740991,0.5753595035300365,0.36073449408231,True,1.250691855270717,0.0041768931156812295,,,,-0.07790570380726344,overlap_architecture_selected,100042,common_eligible
196,196,0.0,0.0,0.5532064916211334,0.5765090380439146,0.7316473270645497,True,1.4454637463794593,0.1777230509902622,,,,0.18500422317417548,overlap_architecture_selected,100042,common_eligible
198,198,0.0,0.0,0.12682007443309062,0.21669574665820981,0.11371384033879653,True,0.14518658715290375,-0.009313099636429678,,,,-0.09796041668062988,overlap_architecture_selected,100042,common_eligible
208,208,1.0,1.0,0.3545552768915456,0.5234984069566025,0.8335007677363978,True,0.7796025701557014,0.17763724448626733,,,,-0.38364186382161225,overlap_architecture_selected,100042,common_eligible
211,211,0.0,0.0,0.23696619097318505,0.15375993956344317,0.5029357218247893,True,0.5506870885028756,-0.0056533203184073455,,,,0.039362356322426656,overlap_architecture_selected,100042,common_eligible
229,229,0.0,0.0,0.3395183523854605,0.14519378035628186,0.12086773237574895,True,0.19550410306254,0.03830200885270052,,,,-0.0181111175885878,overlap_architecture_selected,100042,common_eligible
237,237,0.0,1.0,0.2592376074189541,0.4676027164671278,0.5309747866701757,True,-0.655343254528591,0.019923327868384133,,,,0.014677238537030401,overlap_architecture_selected,100042,common_eligible
241,241,1.0,0.0,0.3112184000268978,0.3303421331223137,0.3372263716605031,True,-1.0766839940321131,-0.01054558569749875,,,,-0.2359562924134932,overlap_architecture_selected,100042,common_eligible
250,250,1.0,1.0,0.8196324133318519,0.6065483256397042,0.6846847120286106,True,0.46283967879484605,-0.009956215076644459,,,,-0.14381661120733635,overlap_architecture_selected,100042,common_eligible
254,254,0.0,1.0,0.20082906572515438,0.07780361540613785,0.09710086093523423,True,-1.1346441017380533,-0.009548541388450349,,,,0.11029612787953566,overlap_architecture_selected,100042,common_eligible
261,261,0.0,0.0,0.3575626995097774,0.23713432492994757,0.7383361997660709,True,0.8703185571162435,0.06810477744709195,,,,0.31285754382566056,overlap_architecture_selected,100042,common_eligible
264,264,1.0,1.0,0.5575907885662648,0.707238429633488,0.5329856538106807,True,0.6633047229123403,0.012604711374417432,,,,0.10130985419071503,overlap_architecture_selected,100042,common_eligible
265,265,0.0,0.0,0.4897541888470956,0.5559114572070168,0.13648784351619592,True,0.6700737325998434,-0.08733873155063171,,,,-0.19966649402570194,overlap_architecture_selected,100042,common_eligible
270,270,0.0,0.0,0.41382967514227564,0.12428053585158023,0.32155690418865357,True,0.40929756862855127,-0.03573534087241992,,,,-0.05981133747776573,overlap_architecture_selected,100042,common_eligible
271,271,1.0,0.0,0.7707164726769933,0.7962049616016965,0.8638597739973116,True,-1.0531980623285957,-0.08315223110070702,,,,-0.027407061388611043,overlap_architecture_selected,100042,common_eligible
277,277,1.0,1.0,0.8899829644026354,0.6263525407609971,0.543782433449561,True,0.430043712051563,0.012553481595821592,,,,0.19707323380293573,overlap_architecture_selected,100042,common_eligible
282,282,0.0,0.0,0.6242495481824158,0.7296838340561169,0.7279389757995958,True,1.9401924848031675,-0.0057138343754245535,,,,0.2904593735133494,overlap_architecture_selected,100042,common_eligible
284,284,0.0,1.0,0.16597983639042652,0.2597060180350009,0.4598437436880725,True,-0.6874834785646601,0.06545478880637462,,,,0.18518688543613304,overlap_architecture_selected,100042,common_eligible
288,288,1.0,0.0,0.7505262107367326,0.5300132619598691,0.49783371185116226,True,-0.6954924427556912,-0.005548907833381023,,,,0.004640120746827181,overlap_architecture_selected,100042,common_eligible
294,294,1.0,1.0,0.8452104662822969,0.4088249613434373,0.6340439951153924,True,0.6581952207497199,-0.08657374691277825,,,,-0.34951026332690505,overlap_architecture_selected,100042,common_eligible
318,318,0.0,0.0,0.6619452436490905,0.6473516624235862,0.4743139805441213,True,1.7418937020517777,0.0021373721323485473,,,,-0.20199985734703257,overlap_architecture_selected,100042,common_eligible
328,328,0.0,1.0,0.45537902272348385,0.20546993201407993,0.46869987636659466,True,-1.195637967711988,0.012365240018001822,,,,0.10327243996857394,overlap_architecture_selected,100042,common_eligible
334,334,0.0,0.0,0.39307427262976935,0.5247805994246846,0.19845115774471808,True,0.5383242972520187,-0.056261908968004426,,,,-0.1484375342195409,overlap_architecture_selected,100042,common_eligible
339,339,0.0,1.0,0.7123204588984382,0.6478336270217404,0.5667399691425468,True,-1.3052556946711373,0.029041608271638708,,,,-0.04096418254395162,overlap_architecture_selected,100042,common_eligible
343,343,1.0,1.0,0.72370610728397,0.4311670010719119,0.2858280045863008,True,0.8414869929950471,-0.013964333122105765,,,,-0.252500407706424,overlap_architecture_selected,100042,common_eligible
346,346,0.0,0.0,0.46952221535196176,0.34644907444996254,0.3883476653681653,True,0.6949873431264122,-0.06615225482515813,,,,0.021257549177203516,overlap_architecture_selected,100042,common_eligible
347,347,0.0,1.0,0.13825562934567645,0.20230936920106016,0.1403391533126108,True,-0.9876398900555721,-0.037929748184045264,,,,0.0718545920669893,overlap_architecture_selected,100042,common_eligible
349,349,0.0,1.0,0.8193912307622631,0.7670553532171555,0.49416989110018805,True,-1.562660303980916,-0.09658150417245726,,,,0.03268878550218324,overlap_architecture_selected,100042,common_eligible
354,354,1.0,0.0,0.5853192865958416,0.22236686320965218,0.5849830297000846,True,-0.6368093489445489,0.007949751426606977,,,,-0.14297135067526034,overlap_architecture_selected,100042,common_eligible
357,357,1.0,1.0,0.6143485744637762,0.21221500783418734,0.180313598507792,True,1.3023352692687449,-0.036724053888826935,,,,0.1013446835796018,overlap_architecture_selected,100042,common_eligible
360,360,1.0,0.0,0.38652785682374197,0.19353640474324732,0.29071696261525154,True,-0.6549436615935529,-0.04366997911535764,,,,-0.20995476861796994,overlap_architecture_selected,100042,common_eligible
361,361,0.0,0.0,0.3485290307997674,0.20236959104514468,0.2717066829848148,True,0.37997194846072174,0.025233576254882012,,,,-0.0406445885166562,overlap_architecture_selected,100042,common_eligible
365,365,1.0,0.0,0.560968164264129,0.18919831896191047,0.050598137209959156,True,-0.22879805826840777,-0.10394762885855482,,,,-0.3344524588585174,overlap_architecture_selected,100042,common_eligible
368,368,1.0,0.0,0.714401746082142,0.30483135497537406,0.49591036017259754,True,-0.5030827362769885,-0.0576687477914265,,,,-0.05427466854280549,overlap_architecture_selected,100042,common_eligible
370,370,1.0,0.0,0.15655583027297423,0.029645564572776544,0.04271827450241067,True,-0.25979016862254845,-0.041232617715857,,,,-0.11224918810400103,overlap_architecture_selected,100042,common_eligible
380,380,0.0,1.0,0.6878999118223514,0.3787701358915368,0.12745499810067784,True,-2.2417979592979673,-0.11889185462161844,,,,-0.4595323870462047,overlap_architecture_selected,100042,common_eligible
384,384,1.0,1.0,0.6991657742207109,0.5875792827039311,0.697820508513803,True,0.5424412885532259,-0.00571252882355977,,,,0.0703099140074529,overlap_architecture_selected,100042,common_eligible
392,392,1.0,1.0,0.8614465356044667,0.6420254023007248,0.6740199313666481,True,0.4104046278477538,0.012611940463705507,,,,0.0859568948245617,overlap_architecture_selected,100042,common_eligible
398,398,0.0,1.0,0.31302957451177105,0.36416648826717,0.3397740770285335,True,-0.9499541066798107,-0.09123124927915277,,,,-0.3498504475078327,overlap_architecture_selected,100042,common_eligible
409,409,0.0,0.0,0.11682656775470664,0.14426515340807394,0.4469342888375887,True,0.46601774640540017,0.1362476578705818,,,,0.14554265152238055,overlap_architecture_selected,100042,common_eligible
422,422,1.0,1.0,0.5507360321013497,0.2921018036175489,0.6389638181111046,True,1.0024141498992438,0.059158112146927455,,,,0.04875396248008518,overlap_architecture_selected,100042,common_eligible
424,424,1.0,0.0,0.7465341465314489,0.8856531974364826,0.5567080075642102,True,-1.0746686241596257,-0.012622364719293788,,,,-0.411950972386599,overlap_architecture_selected,100042,common_eligible
431,431,1.0,1.0,0.36720906701781686,0.6191041552604842,0.23340348718589468,True,1.701928918634146,-0.0944924076359338,,,,-0.32665406706368566,overlap_architecture_selected,100042,common_eligible
435,435,0.0,1.0,0.4129597617278917,0.918402048311795,0.5023210099062423,True,-0.5550799457519726,0.044404061915570114,,,,-0.10742312894197681,overlap_architecture_selected,100042,common_eligible
446,446,1.0,0.0,0.20767483528290356,0.2393937894200436,0.05132815753695223,True,-0.43522199758830943,-0.0854678958074208,,,,-0.06432527410523083,overlap_architecture_selected,100042,common_eligible
447,447,1.0,1.0,0.498122190950462,0.23495229609661417,0.4979101120199894,True,1.2709231246400536,-0.023602189849700306,,,,0.034144994760945346,overlap_architecture_selected,100042,common_eligible
451,451,1.0,1.0,0.8206256180127607,0.367540507094985,0.320123206414308,True,0.7810686479204547,-0.11685598074520626,,,,-0.17663563846118313,overlap_architecture_selected,100042,common_eligible
460,460,1.0,0.0,0.5181511359956863,0.5608741465445396,0.3379080093436256,True,-0.8751079272489024,0.023206984422334986,,,,-0.15089969081385596,overlap_architecture_selected,100042,common_eligible
462,462,0.0,0.0,0.551316614167244,0.33836305260684457,0.577831729959538,True,0.9935929959495209,0.06813805975883025,,,,-0.02877369342676961,overlap_architecture_selected,100042,common_eligible
465,465,0.0,1.0,0.3616233046467343,0.5964008950628473,0.3960117175020207,True,-0.8326163686142352,-0.013414316553493011,,,,-0.07352311822592295,overlap_architecture_selected,100042,common_eligible
467,467,0.0,0.0,0.3694281366177929,0.6513552530476591,0.2847435767378825,True,0.6663479130286627,-0.01151896376156386,,,,0.18109530692018136,overlap_architecture_selected,100042,common_eligible
468,468,1.0,0.0,0.44479245539550216,0.6424952400336056,0.2493699166853509,True,-0.9537686383604558,-0.13111733325827152,,,,-0.36394341785118856,overlap_architecture_selected,100042,common_eligible
474,474,0.0,0.0,0.41083214624870906,0.243640147015906,0.4044340343609296,True,0.5743265427073702,0.12468059965444456,,,,0.27024214191256124,overlap_architecture_selected,100042,common_eligible
478,478,1.0,0.0,0.6224598671868002,0.3128968634641953,0.029622548494645864,True,-0.33086380636684165,-0.047848385522158005,,,,-0.14113139488284232,overlap_architecture_selected,100042,common_eligible
481,481,0.0,1.0,0.4199162936208889,0.35382759863843366,0.23679841041555466,True,-1.2309587715841865,0.026297894044113923,,,,0.24256774419822325,overlap_architecture_selected,100042,common_eligible
486,486,1.0,1.0,0.7384055566399511,0.7922957664771428,0.1579404896133391,True,0.5060200938449134,-0.26148959246542763,,,,-0.6892153014395378,overlap_architecture_selected,100042,common_eligible
487,487,1.0,1.0,0.895668901272474,0.7510802764831837,0.7558740251831916,True,0.27735649423016917,0.10162916605787486,,,,-0.028156691615068175,overlap_architecture_selected,100042,common_eligible
498,498,0.0,0.0,0.3064014197369522,0.46447113094271464,0.09291719424116861,True,0.2981001602929484,-0.11621707220620256,,,,-0.1062618189134249,overlap_architecture_selected,100042,common_eligible
503,503,0.0,0.0,0.3395701409354137,0.29615920686302444,0.1473338832151557,True,0.2996086815657898,-0.061086593220294305,,,,-0.16728505428348134,overlap_architecture_selected,100042,common_eligible
507,507,1.0,1.0,0.8858981163113235,0.8794557520703622,0.8750954720621776,True,0.1366316982318146,-0.003813572948790034,,,,-0.030854928811506976,overlap_architecture_selected,100042,common_eligible
508,508,0.0,0.0,0.47980167435767335,0.19704663791694896,0.22543072110479906,True,0.40717545602366456,0.004627158112880114,,,,-0.05620972089686527,overlap_architecture_selected,100042,common_eligible
514,514,1.0,1.0,0.8430372848886678,0.798004009921344,0.5368151008749237,True,0.2882350694983067,-0.022633872206831884,,,,-0.061478120138046544,overlap_architecture_selected,100042,common_eligible
526,526,0.0,0.0,0.10134168599592924,0.03783589160329599,0.18875171059674647,True,0.19301846358448976,0.011422041499280888,,,,0.020299231269924375,overlap_architecture_selected,100042,common_eligible
528,528,1.0,1.0,0.4976120907871823,0.41331127769087145,0.4977358657965083,True,1.0937733227976543,0.014129146571004392,,,,-0.3151680255715663,overlap_architecture_selected,100042,common_eligible
532,532,1.0,0.0,0.6244960886001973,0.6012901666575527,0.2892323514534872,True,-0.7752029921447234,-0.12466914193364997,,,,-0.5334643262344162,overlap_architecture_selected,100042,common_eligible
534,534,0.0,1.0,0.6779672984620977,0.36349267123690693,0.6690296287305753,True,-1.6709931455777989,0.05182115452838759,,,,0.13543398492073888,overlap_architecture_selected,100042,common_eligible
535,535,0.0,0.0,0.6611913117082947,0.4863849195980119,0.3233043043422747,True,1.2724933130587792,-0.02693019970260524,,,,0.03704061610492676,overlap_architecture_selected,100042,common_eligible
538,538,1.0,0.0,0.665198048203201,0.44164788046998427,0.526419876979105,True,-0.7066011567961895,0.035071174159640894,,,,-0.06212851278558973,overlap_architecture_selected,100042,common_eligible
539,539,0.0,1.0,0.37152500868260463,0.2785129483486311,0.3560241873934478,True,-1.070485199348068,-0.09190297933827996,,,,-0.11126006308263126,overlap_architecture_selected,100042,common_eligible
546,546,0.0,0.0,0.28274147540780453,0.11409823720753424,0.04144270743453649,True,0.08641994064041553,-0.026161313451353252,,,,-0.06620608679353736,overlap_architecture_selected,100042,common_eligible
549,549,1.0,0.0,0.8288785135352711,0.6567298810352284,0.671302062165025,True,-0.7953198008710847,0.065070585383458,,,,-0.22605679180368443,overlap_architecture_selected,100042,common_eligible
550,550,0.0,0.0,0.19512718703527704,0.1026245391478364,0.07388660976491751,True,0.09876611534909566,-0.03450458179357341,,,,-0.08381602753461014,overlap_architecture_selected,100042,common_eligible
552,552,1.0,0.0,0.5434281370728052,0.3215112765243788,0.20931513170158977,True,-0.4973715110249755,-0.032980039352074664,,,,0.08753892270289004,overlap_architecture_selected,100042,common_eligible
559,559,1.0,0.0,0.31492404354128245,0.48082583058116646,0.4084774340966456,True,-1.3694149192668612,-0.005543382070623826,,,,-0.36576085048430995,overlap_architecture_selected,100042,common_eligible
560,560,1.0,1.0,0.8811481636111244,0.6736599996089748,0.5649101157748712,True,0.3850261940073822,-0.14803658142724496,,,,-0.06469990771798673,overlap_architecture_selected,100042,common_eligible
561,561,1.0,0.0,0.6604851438798335,0.4895278400167251,0.39027271467711466,True,-0.6901430783745081,-0.00810320875800355,,,,-0.14847635272894044,overlap_architecture_selected,100042,common_eligible
563,563,0.0,0.0,0.2974382055528853,0.21819357960758334,0.49326052695163836,True,0.5856354714683879,-0.03984690308563471,,,,0.08723419972137467,overlap_architecture_selected,100042,common_eligible
568,568,1.0,1.0,0.8593255853043639,0.7867091921178313,0.6406129101306653,True,0.2721236523605861,-0.08958663930001443,,,,-0.11006768648138565,overlap_architecture_selected,100042,common_eligible
569,569,0.0,1.0,0.5528048922578694,0.6233810860208449,0.5376799376125064,True,-0.9278814573135238,0.028342839598191394,,,,-0.03506472883281053,overlap_architecture_selected,100042,common_eligible
578,578,0.0,0.0,0.4971559752754181,0.42370318990797556,0.1927182791863654,True,0.6116286415425269,-0.02065126315676513,,,,-0.1661069213092291,overlap_architecture_selected,100042,common_eligible
580,580,1.0,1.0,0.8996632265537816,0.475139915358283,0.8924940627143791,True,0.5368499032262447,-0.00665545383241084,,,,0.041240948763694774,overlap_architecture_selected,100042,common_eligible
584,584,1.0,0.0,0.3530020950388765,0.2727868911250345,0.48680095016509656,True,-1.16501727535325,0.01129077330478867,,,,-0.18620539681394355,overlap_architecture_selected,100042,common_eligible
588,588,1.0,1.0,0.7599037798222803,0.5810015661664076,0.7060396752533654,True,0.5118769859976418,-0.008627731862195898,,,,0.05151712594740754,overlap_architecture_selected,100042,common_eligible
594,594,0.0,1.0,0.4358862117958283,0.3035070010217128,0.2986386827422029,True,-1.239535886316693,-0.023331241852445755,,,,-0.1845762402931477,overlap_architecture_selected,100042,common_eligible
599,599,0.0,1.0,0.5047157237367998,0.27750831145569693,0.19859238849608546,True,-1.5376573431301201,-0.011766941540131304,,,,-0.017020805613165407,overlap_architecture_selected,100042,common_eligible
603,603,1.0,1.0,0.8965984662730258,0.8459913045213421,0.4286286688717048,True,0.21990293263018323,-0.1789704047321622,,,,-0.4064471216929251,overlap_architecture_selected,100042,common_eligible
606,606,0.0,1.0,0.182420673272415,0.43039155306408483,0.5348694063168193,True,-0.592223284257445,-0.0054397848832464235,,,,-0.0810499975355446,overlap_architecture_selected,100042,common_eligible
607,607,0.0,0.0,0.23286299971686428,0.34937424107390497,0.6674977534126172,True,0.7735496499711789,0.01858664510763436,,,,-0.20262165996000597,overlap_architecture_selected,100042,common_eligible
609,609,0.0,1.0,0.2628351951498874,0.31516727358278845,0.32667418481981336,True,-0.9175020727939724,-0.0005750884109608223,,,,-0.17815202596793825,overlap_architecture_selected,100042,common_eligible
614,614,1.0,1.0,0.5726448508420163,0.2778314486821369,0.1659373912189954,True,1.3446153437033928,-0.05267150817621474,,,,0.13800989485438941,overlap_architecture_selected,100042,common_eligible
617,617,1.0,0.0,0.7178793441680776,0.8317617006912283,0.4325706337823106,True,-1.001758388696954,-0.009141635703756812,,,,-0.32977963417948597,overlap_architecture_selected,100042,common_eligible
621,621,1.0,1.0,0.719441708520127,0.5660280452558584,0.44923767578854135,True,0.6487509074547042,-0.04689146088192031,,,,-0.10300534475910206,overlap_architecture_selected,100042,common_eligible
626,626,1.0,0.0,0.37375575622168683,0.0694299861632853,0.0283961551639712,True,-0.11700899577277248,-0.029525748419767586,,,,-0.14734105843629364,overlap_architecture_selected,100042,common_eligible
638,638,1.0,0.0,0.26982284499575265,0.11810209154116146,0.04509953314088562,True,-0.2401475351037701,-0.04780727712096898,,,,-0.028967779075204383,overlap_architecture_selected,100042,common_eligible
648,648,1.0,1.0,0.4853098968455891,0.7531064564404794,0.5620300176952285,True,0.7113778181151243,-0.06352680032268077,,,,0.22657797391420198,overlap_architecture_selected,100042,common_eligible
651,651,1.0,0.0,0.8400908645880912,0.5008464627035012,0.1602026721858622,True,-0.5313406293225841,0.03094739194789317,,,,0.14285091672279376,overlap_architecture_selected,100042,common_eligible
656,656,0.0,0.0,0.31016645628077394,0.32598148882183137,0.570914615756088,True,0.7174840659105025,-0.016584826165838784,,,,0.008071797181922913,overlap_architecture_selected,100042,common_eligible
662,662,0.0,0.0,0.795984834636873,0.5562563130549412,0.5474855631663434,True,2.7177731914152723,0.09956499711057915,,,,0.12090442381375327,overlap_architecture_selected,100042,common_eligible
663,663,1.0,1.0,0.6611570820652285,0.5349797941400755,0.615503361958631,True,0.6620746824800412,-0.03212912038613158,,,,-0.0006267839972746714,overlap_architecture_selected,100042,common_eligible
676,676,1.0,0.0,0.5074586085423022,0.4741164687194168,0.24413442119362094,True,-0.7110743318697508,-0.001844084866995721,,,,0.288078314021742,overlap_architecture_selected,100042,common_eligible
680,680,1.0,0.0,0.8142674081481726,0.3228113151056895,0.16250713224246713,True,-0.3598788319481525,-0.018747865879621517,,,,-0.21676132704337042,overlap_architecture_selected,100042,common_eligible
684,684,0.0,0.0,0.4767038477674782,0.09860905890338358,0.09229144945779723,True,0.18212073179329125,-0.0350248420194573,,,,-0.09365228131014089,overlap_architecture_selected,100042,common_eligible
707,707,1.0,0.0,0.37689242235308673,0.27648948938235274,0.060980454291121325,True,-0.37730707260654284,-0.15323393987789252,,,,-0.18261274863827542,overlap_architecture_selected,100042,common_eligible
708,708,0.0,0.0,0.36990990607935353,0.45385169561450384,0.15996595483056059,True,0.42641076918096654,-0.015028275927827933,,,,-0.3033594815556778,overlap_architecture_selected,100042,common_eligible
712,712,0.0,0.0,0.18173934950556428,0.3759628629129327,0.37337507702764794,True,0.45687811008045226,0.05931464165665146,,,,0.20262182932038472,overlap_architecture_selected,100042,common_eligible
713,713,0.0,1.0,0.30180578383099915,0.7137872265833177,0.6757028935585937,True,-0.44801722388585835,0.10617356394525335,,,,0.18351149860665072,overlap_architecture_selected,100042,common_eligible
735,735,1.0,1.0,0.8694429309898267,0.5453146243170407,0.4971350381427524,True,0.530196456615266,0.05598183145668589,,,,0.2892291597635016,overlap_architecture_selected,100042,common_eligible
739,739,0.0,1.0,0.14064771931795442,0.36784240297791504,0.5432575047351734,True,-0.5602059133174417,0.08126011813796014,,,,0.04653584065128688,overlap_architecture_selected,100042,common_eligible
743,743,1.0,0.0,0.5692106179706797,0.6791144891265062,0.3130496261461684,True,-0.916036378378692,-0.17556587693231185,,,,-0.3588049137290085,overlap_architecture_selected,100042,common_eligible
744,744,0.0,0.0,0.3118452004905281,0.22685144424217774,0.1562015375430548,True,0.2590018582873034,-0.006415766817892882,,,,0.00043827428651807554,overlap_architecture_selected,100042,common_eligible
752,752,1.0,0.0,0.4976120907871823,0.41331127769087145,0.4977358657965083,True,-0.9158241498402804,0.024510991317443942,,,,-0.048624029853681416,overlap_architecture_selected,100042,common_eligible
760,760,1.0,1.0,0.6923646690804353,0.8080252926247856,0.514223532774691,True,0.40781761635304614,-0.09767435934317215,,,,-0.1049719012824385,overlap_architecture_selected,100042,common_eligible
773,773,1.0,1.0,0.8692254357777036,0.8372308519511571,0.8710915862853346,True,0.1821633591869925,0.031546830743709564,,,,-0.05078761983714952,overlap_architecture_selected,100042,common_eligible
776,776,0.0,0.0,0.3167064190307683,0.08142870928402837,0.4335170649475163,True,0.4712592531399784,0.15688473089165536,,,,0.11215936655437345,overlap_architecture_selected,100042,common_eligible
779,779,0.0,0.0,0.2678627871247748,0.09073318593890534,0.14640824406629135,True,0.17960426749318364,-0.010996229951059866,,,,0.2102850669914252,overlap_architecture_selected,100042,common_eligible
781,781,1.0,1.0,0.7124159078673112,0.6863593364009701,0.6032366066346835,True,0.4738039039371461,0.09505918333468966,,,,0.031273744586730046,overlap_architecture_selected,100042,common_eligible
798,798,1.0,1.0,0.5738501829537611,0.46437670606883436,0.6339833037950076,True,0.8074328232420493,-0.009283560160398774,,,,-0.012829595656138837,overlap_architecture_selected,100042,common_eligible
822,822,0.0,0.0,0.7851643283955761,0.7104365794535891,0.8750967771230466,True,3.4715438922996187,0.16512024066152753,,,,0.15687867128973654,overlap_architecture_selected,100042,common_eligible
827,827,0.0,1.0,0.20292414528693528,0.5088645622580602,0.12224277326508116,True,-1.0027933049633644,-0.14600871224231543,,,,-0.47170840662307595,overlap_architecture_selected,100042,common_eligible
839,839,0.0,0.0,0.34581130524434806,0.13927828412855595,0.08392859995177694,True,0.1575526255774093,-0.07101181638558224,,,,-0.082870305049013,overlap_architecture_selected,100042,common_eligible
845,845,1.0,1.0,0.752910890896712,0.524949663238777,0.7796203571195667,True,0.5473741805018459,0.03090668929462137,,,,-0.054967122143437575,overlap_architecture_selected,100042,common_eligible
848,848,0.0,0.0,0.17488544575211756,0.280789950360269,0.19391997241034725,True,0.25343422455710807,0.03676284584114081,,,,0.0857810802170664,overlap_architecture_selected,100042,common_eligible
859,859,1.0,1.0,0.7373700262799631,0.6783813233671842,0.7609635907190654,True,0.4067565635147928,0.0599673381859106,,,,0.10091643251497262,overlap_architecture_selected,100042,common_eligible
868,868,1.0,0.0,0.3158631133936012,0.3165338660479182,0.15017168138796058,True,-0.6417949750688512,-0.010328269672999518,,,,-0.03768758335333155,overlap_architecture_selected,100042,common_eligible
875,875,1.0,1.0,0.2954085010099827,0.07685509816609035,0.6078969896121059,True,1.8583666266764474,0.09000098671557116,,,,0.2750351541256375,overlap_architecture_selected,100042,common_eligible
892,892,0.0,0.0,0.2735318871361978,0.1472886082394164,0.22257657318766005,True,0.27803410842148096,-0.06700992210923981,,,,-0.4218944972490402,overlap_architecture_selected,100042,common_eligible
893,893,0.0,1.0,0.4209871190121045,0.500986764246934,0.28520181242976034,True,-1.0776193809608978,-0.012814363851355093,,,,-0.13899119129057289,overlap_architecture_selected,100042,common_eligible
898,898,1.0,1.0,0.45930358416275124,0.44794845638051445,0.28434504397982696,True,1.3945271589614234,-0.024734166985279304,,,,0.11489019733853345,overlap_architecture_selected,100042,common_eligible
908,908,1.0,1.0,0.6365359451118013,0.6544832861495371,0.6649891594857914,True,0.5368089723000798,0.1075492202222329,,,,0.2700079153490359,overlap_architecture_selected,100042,common_eligible
913,913,0.0,0.0,0.5308330470719369,0.10552878922980433,0.18603179965361613,True,0.30543102074338124,0.01113195885543325,,,,0.5763362625455206,overlap_architecture_selected,100042,common_eligible
915,915,1.0,1.0,0.8985953873026874,0.7120864409557004,0.9466954170669838,True,0.2939288698990987,0.03845231428983542,,,,-0.10460704553612188,overlap_architecture_selected,100042,common_eligible
929,929,1.0,0.0,0.6917161097835349,0.5673059888012935,0.6458684146840175,True,-0.8551564879157922,0.06523768920882855,,,,-0.2246108655442407,overlap_architecture_selected,100042,common_eligible
934,934,0.0,0.0,0.1659961305234345,0.09065158335254181,0.1399463144026264,True,0.15798917081261976,-0.02513081277942314,,,,-0.17923562100166213,overlap_architecture_selected,100042,common_eligible
955,955,1.0,1.0,0.8062636411829276,0.7628104663682931,0.5378464307411973,True,0.34823999547710216,-0.009424296901315521,,,,-0.4074361291328243,overlap_architecture_selected,100042,common_eligible
960,960,1.0,1.0,0.6170074518662535,0.8002949444461239,0.8548806474182241,True,0.2897844062338444,0.11471071657790982,,,,0.30302428580824725,overlap_architecture_selected,100042,common_eligible
961,961,0.0,1.0,0.6459993475063636,0.35835836357647716,0.48112216225048426,True,-1.6897798559879207,0.008116033375255294,,,,-0.17386110854674186,overlap_architecture_selected,100042,common_eligible
967,967,0.0,0.0,0.7025460266514392,0.5189089009594806,0.48247057022148493,True,1.7080631634525552,0.009516622655332152,,,,0.11315424130412288,overlap_architecture_selected,100042,common_eligible
976,976,0.0,0.0,0.22031990702892976,0.15045926891187097,0.04740668348699322,True,0.089923059674033,-0.026386818114513877,,,,-0.10435438224184548,overlap_architecture_selected,100042,common_eligible
980,980,1.0,1.0,0.7864499826541237,0.6250314001004874,0.4226897948776039,True,0.5317294963798918,-0.008830618564070858,,,,-0.1328309937568829,overlap_architecture_selected,100042,common_eligible
986,986,1.0,0.0,0.7205177971515432,0.5532449641577905,0.4677268936647017,True,-0.7346719089045595,-0.013907036365902903,,,,-0.21930664730454208,overlap_architecture_selected,100042,common_eligible
987,987,0.0,0.0,0.5668629658807873,0.5664976857117914,0.6051557359774214,True,1.3465528758922787,-0.005436031852044332,,,,0.16537846499403014,overlap_architecture_selected,100042,common_eligible
989,989,0.0,0.0,0.44506160418132035,0.5268518314944199,0.30230864920342876,True,0.7248447776413458,-0.08985402746148047,,,,-0.22553091570484401,overlap_architecture_selected,100042,common_eligible
5,5,1.0,1.0,0.6886902448318962,0.436869463575793,0.5563771029888113,True,0.7636621055757755,0.014993458368514918,-0.152546181155791,0.1825330978928208,,0.29544125881310984,previous_16_forest,1100042,native_eligible
12,12,0.0,1.0,0.45536377990472693,0.24645890841754597,0.6602884528093935,True,-0.969738172515848,0.015919945427769894,-0.07566203868530232,0.10750192954084208,,-0.1020346687031714,previous_16_forest,1100042,native_eligible
15,15,1.0,0.0,0.5738846364811898,0.13068128536769022,0.3566387868423867,True,-0.39548932628695976,-0.04181461761631941,-0.19330778010592325,0.1096785448732844,,-0.003080297422145953,previous_16_forest,1100042,native_eligible
30,30,0.0,0.0,0.6165081669579549,0.1657138222447978,0.32224796045393633,True,0.5886523946274684,-0.08459100546442858,-0.2207498876117606,0.05156787668290341,,-0.15824629257148742,previous_16_forest,1100042,native_eligible
39,39,1.0,0.0,0.5283941923786181,0.30313386738707415,0.23644799791723228,True,-0.5141699662439538,-0.12213120187409275,-0.2979777120803188,0.05371530833213327,,-0.0787740414269622,previous_16_forest,1100042,native_eligible
40,40,0.0,0.0,0.33082502417666987,0.37202877846755783,0.4377745420691134,True,0.621697184244305,-0.07599191232703145,-0.205370545765937,0.053386721111874064,,0.060474988513839145,previous_16_forest,1100042,native_eligible
43,43,1.0,0.0,0.7497677015962065,0.4915776500966521,0.30588806634765114,True,-0.5936667021237128,-0.0517025587151128,-0.13969830721474769,0.03629318978452209,,-0.19702180525731344,previous_16_forest,1100042,native_eligible
45,45,0.0,0.0,0.27336578646015486,0.4062813012462171,0.4193159180642081,True,0.5721622957460059,-0.06669957704278763,-0.16799359269125924,0.03459443860568395,,0.13139903885494988,previous_16_forest,1100042,native_eligible
48,48,1.0,1.0,0.4802296576804731,0.57930584117436,0.6213666020522713,True,0.830503106934883,-0.07498392885353869,-0.18687991305258794,0.03691205534551052,,-0.02351093248221392,previous_16_forest,1100042,native_eligible
63,63,1.0,0.0,0.5623417191235032,0.2683335387771679,0.37403126778982104,True,-0.5594339072685868,-0.06079985566929729,-0.14673505125915798,0.02513533992056336,,-0.08061850681857732,previous_16_forest,1100042,native_eligible
67,67,1.0,1.0,0.2977390283601627,0.5374850231627089,0.32738663202323465,True,2.04897181433971,-0.16987203729706463,-0.3695952553214812,0.029851180727351878,,-0.4040936263411786,previous_16_forest,1100042,native_eligible
69,69,0.0,0.0,0.48300845845554913,0.6239468831564683,0.47577081481561473,True,1.0587041860101192,-0.1551951036329595,-0.30424777072637266,-0.006142436539546353,,-0.2535047085663173,previous_16_forest,1100042,native_eligible
72,72,1.0,0.0,0.7162128710145098,0.5479107949471418,0.5940508288367171,True,-0.7832932992411863,-0.07623951931731149,-0.19261844541917883,0.04013940678455581,,0.03393963416448598,previous_16_forest,1100042,native_eligible
93,93,0.0,1.0,0.19488947670716955,0.3791112222666339,0.34059502502318567,True,-0.8097007238025922,-0.09866602372168062,-0.21880217003319521,0.02147012258983394,,-0.24763340158643393,previous_16_forest,1100042,native_eligible
115,115,0.0,0.0,0.33194066857065085,0.1257739703176438,0.40399319060663696,True,0.4664868851512496,-0.03995214244031616,-0.13835824619037082,0.05845396130973846,,-0.036066766855671034,previous_16_forest,1100042,native_eligible
116,116,0.0,1.0,0.25141780854303075,0.4165717628881893,0.35064228287642396,True,-0.8453071405680249,-0.1365839321085247,-0.24238423712171728,-0.030783627095332167,,-0.014342061446469406,previous_16_forest,1100042,native_eligible
121,121,1.0,0.0,0.8398652597050242,0.5168700464176565,0.4357356706283728,True,-0.5999505377786617,-0.10010305854860874,-0.21867445160978438,0.018468334512566895,,-0.578150415838105,previous_16_forest,1100042,native_eligible
122,122,1.0,0.0,0.7252031656863603,0.2920913854880677,0.2956844901129171,True,-0.4041333148166182,-0.11148301741603694,-0.20222964933536686,-0.02073638549670706,,-0.1662835077113541,previous_16_forest,1100042,native_eligible
123,123,0.0,1.0,0.44628072784866835,0.5355272122153055,0.5662630292789583,True,-0.8080877730564937,0.04737064127969813,-0.08082028727184144,0.17556156983123766,,0.03246765507545743,previous_16_forest,1100042,native_eligible
126,126,0.0,0.0,0.20310721895170644,0.24464835572786683,0.2759082813996213,True,0.3382627766776799,-0.15053158449424242,-0.28276513311271545,-0.01829803587576942,,-0.3010231687743369,previous_16_forest,1100042,native_eligible
130,130,0.0,0.0,0.2081933019164116,0.05524381063816981,0.2504347806984203,True,0.2649602846819587,-0.030402048001576296,-0.1996391495353288,0.13883505353217618,,0.006309753656425152,previous_16_forest,1100042,native_eligible
137,137,0.0,0.0,0.18858854536980185,0.11059877190987134,0.25968689897985386,True,0.28539230576841723,-0.04814459752723027,-0.13459454306743313,0.03830534801297254,,-0.035394603233024145,previous_16_forest,1100042,native_eligible
145,145,1.0,0.0,0.3198898517416831,0.2346168970823563,0.41009016375957313,True,-1.10649976724925,0.020169305258251825,-0.11305793976791743,0.15339655028442106,,-0.33769143797714973,previous_16_forest,1100042,native_eligible
151,151,0.0,1.0,0.558857976371215,0.26254058846075673,0.5965967610554329,True,-1.3376490199258289,0.0050046158280436575,-0.17884688926806797,0.18885612092415524,,-0.31487008056515453,previous_16_forest,1100042,native_eligible
162,162,0.0,0.0,0.5944369767255,0.5247823541122371,0.5063121023499314,True,1.275489808686906,-0.028860304448008214,-0.16143079493931764,0.10371018604330118,,-0.1770906937214045,previous_16_forest,1100042,native_eligible
167,167,0.0,1.0,0.5909803121276174,0.6758239348402422,0.6338175275970521,True,-0.834574771974091,-0.017547972879773437,-0.10858832895176085,0.07349238319221396,,0.060419762402974864,previous_16_forest,1100042,native_eligible
169,169,1.0,1.0,0.7043465498986552,0.8080895396899739,0.7908871453804304,True,0.27968676437187234,-0.019700978301771883,-0.19324267303283926,0.15384071642929542,,-0.059438745764093026,previous_16_forest,1100042,native_eligible
186,186,1.0,0.0,0.6209286059275656,0.5054311882044153,0.6155723060554532,True,-0.8812326088206285,-0.013738629834501588,-0.15799075996452863,0.13051350029552541,,-0.34838730337294177,previous_16_forest,1100042,native_eligible
193,193,0.0,0.0,0.6073541896643015,0.6570499562685844,0.4936443132449457,True,1.5099853342207883,-0.1177956658386382,-0.2725991997816477,0.0370078681043713,,-0.07790570380726344,previous_16_forest,1100042,native_eligible
196,196,0.0,0.0,0.5530932063049111,0.5203675340416859,0.6989246078922509,True,1.3429330497430172,0.031993187216238075,-0.10341238018014907,0.16739875461262516,,0.18500422317417548,previous_16_forest,1100042,native_eligible
198,198,0.0,0.0,0.12679552460219823,0.1897968777745573,0.304279603327485,True,0.3318394651505946,-0.19847636095464669,-0.39936210705241426,0.0024093851431208346,,-0.09796041668062988,previous_16_forest,1100042,native_eligible
208,208,1.0,1.0,0.3545069252882911,0.5179995943234708,0.734279767481147,True,0.9658289508092406,0.08709669421629573,-0.010990554609669911,0.18518394304226138,,-0.38364186382161225,previous_16_forest,1100042,native_eligible
211,211,0.0,0.0,0.23691414764834637,0.16182866965325765,0.4632898488816142,True,0.5135325590797051,-0.014127018641563117,-0.08879080729836618,0.06053677001523994,,0.039362356322426656,previous_16_forest,1100042,native_eligible
229,229,0.0,0.0,0.33945930940289487,0.15637920074389478,0.23957002670765404,True,0.3199350613605727,-0.09109698194832985,-0.22939901670238977,0.047205052805730036,,-0.0181111175885878,previous_16_forest,1100042,native_eligible
237,237,0.0,1.0,0.25921703022348735,0.5032563451206615,0.5821117319187779,True,-0.5917103188757079,-0.00908548099336604,-0.10885885939498237,0.09068789740825028,,0.014677238537030401,previous_16_forest,1100042,native_eligible
241,241,1.0,0.0,0.31115273270856575,0.2934010368360736,0.48456355230700154,True,-1.3661548446849834,-0.09501665146685986,-0.2698848700948394,0.07985156716111963,,-0.2359562924134932,previous_16_forest,1100042,native_eligible
250,250,1.0,1.0,0.8196009580552618,0.6554120082232769,0.5017334263730471,True,0.4542594259447259,-0.10260364450618124,-0.31743373974186007,0.11222645072949754,,-0.14381661120733635,previous_16_forest,1100042,native_eligible
254,254,0.0,1.0,0.2007675237597971,0.10128287323355588,0.2767494654084215,True,-0.949008643108669,-0.0791424598355867,-0.17230862642527356,0.014023706754100154,,0.11029612787953566,previous_16_forest,1100042,native_eligible
261,261,0.0,0.0,0.3575553857892817,0.2781247992277156,0.5356057484125786,True,0.690397333065532,0.043521253204139444,-0.0817938458590576,0.16883635226733645,,0.31285754382566056,previous_16_forest,1100042,native_eligible
264,264,1.0,1.0,0.5575716301467317,0.6663461100592949,0.66172618784581,True,0.6020712971105132,-0.07506625822378246,-0.16393404892771735,0.013801532480152381,,0.10130985419071503,previous_16_forest,1100042,native_eligible
265,265,0.0,0.0,0.48982120123956585,0.5003667245198625,0.3390313206520044,True,0.8194319775591794,-0.15672301598386182,-0.23338720367063515,-0.0800588282970885,,-0.19966649402570194,previous_16_forest,1100042,native_eligible
270,270,0.0,0.0,0.4135551614132835,0.11457502203786288,0.4437635565188595,True,0.5245607408661346,-0.1303461426802298,-0.2634654883545893,0.00277320299412967,,-0.05981133747776573,previous_16_forest,1100042,native_eligible
271,271,1.0,0.0,0.7706975289433841,0.7996360510308226,0.6761698232046275,True,-1.0008140819599007,-0.05065026474919083,-0.21129772463654076,0.10999719513815909,,-0.027407061388611043,previous_16_forest,1100042,native_eligible
277,277,1.0,1.0,0.8899587640399118,0.6571883102984911,0.6949602826877443,True,0.38052910860480893,0.04486534436704849,-0.13363026895608038,0.22336095769017733,,0.19707323380293573,previous_16_forest,1100042,native_eligible
282,282,0.0,0.0,0.6242142583352659,0.7571276832097704,0.5971964131695995,True,1.8548542826412273,-0.02160854098539285,-0.1211191052206424,0.07790202324985669,,0.2904593735133494,previous_16_forest,1100042,native_eligible
284,284,0.0,1.0,0.165961740107582,0.2648228095315991,0.514195344235494,True,-0.6320944504716184,-0.014910915911756372,-0.1828449728571391,0.15302314103362635,,0.18518688543613304,previous_16_forest,1100042,native_eligible
288,288,1.0,0.0,0.7505225115757947,0.4903908062603042,0.5449901216819462,True,-0.6715482861175665,-0.03886980122254554,-0.1938398486657993,0.11610024622070816,,0.004640120746827181,previous_16_forest,1100042,native_eligible
294,294,1.0,1.0,0.8451910646332451,0.43013622511656785,0.4917343574441283,True,0.6629599590482724,-0.0199990782696643,-0.14367908526812312,0.1036809287287945,,-0.34951026332690505,previous_16_forest,1100042,native_eligible
318,318,0.0,0.0,0.66189466139291,0.6176196453370544,0.6093684360437954,True,1.8184565495415876,-0.09129178444700375,-0.20231122140063743,0.01972765250662989,,-0.20199985734703257,previous_16_forest,1100042,native_eligible
328,328,0.0,1.0,0.4554382669663533,0.23050839088612612,0.37745815080023437,True,-1.266097765161124,0.007189974012851394,-0.06645539083553383,0.08083533886123659,,0.10327243996857394,previous_16_forest,1100042,native_eligible
334,334,0.0,0.0,0.3930094599324805,0.5568270299570499,0.4154695361894817,True,0.7759995212117927,-0.15360224720386353,-0.31054499321097795,0.0033404988032508798,,-0.1484375342195409,previous_16_forest,1100042,native_eligible
339,339,0.0,1.0,0.7123287684958649,0.5965313646162235,0.5338441386443092,True,-1.4652210604265317,-0.04630622089113474,-0.17445944070493974,0.08184699892267025,,-0.04096418254395162,previous_16_forest,1100042,native_eligible
343,343,1.0,1.0,0.7236263266837605,0.42606457600615094,0.48352841076254344,True,0.7711907545664358,-0.05955675845746092,-0.283899897578871,0.16478638066394913,,-0.252500407706424,previous_16_forest,1100042,native_eligible
346,346,0.0,0.0,0.46943483162071914,0.35636071460224444,0.36214937357924687,True,0.6774511348436724,-0.06782566738527933,-0.15863038620690895,0.022979051436350248,,0.021257549177203516,previous_16_forest,1100042,native_eligible
347,347,0.0,1.0,0.13819900543485328,0.20854809659149431,0.21954158118379383,True,-0.9073761951826255,-0.11333614043640881,-0.23101974268955522,0.004347461816737563,,0.0718545920669893,previous_16_forest,1100042,native_eligible
349,349,0.0,1.0,0.819374021936378,0.7568505325005744,0.39240068020192026,True,-1.7105987845069595,-0.12029248441598822,-0.28710969952321025,0.04652473069123378,,0.03268878550218324,previous_16_forest,1100042,native_eligible
354,354,1.0,0.0,0.5853055428676434,0.2524622983928083,0.4628861890372528,True,-0.5804214971668349,0.05260662609454639,-0.10131685018033879,0.20653010236943153,,-0.14297135067526034,previous_16_forest,1100042,native_eligible
357,357,1.0,1.0,0.6142655521764459,0.2060803248032176,0.41291894608640156,True,1.1625833343530798,-0.09291350726347125,-0.24215670924757685,0.056329694720634316,,0.1013446835796018,previous_16_forest,1100042,native_eligible
360,360,1.0,0.0,0.38651790888521204,0.2306072169413372,0.40016875934609153,True,-0.8657559684972658,0.01359516751818046,-0.1027996415606488,0.1299899765970097,,-0.20995476861796994,previous_16_forest,1100042,native_eligible
361,361,0.0,0.0,0.34851287331494013,0.24121341654366313,0.3061734745952691,True,0.43521053064501125,-0.04173448539302918,-0.2411405598153944,0.15767158902933598,,-0.0406445885166562,previous_16_forest,1100042,native_eligible
365,365,1.0,0.0,0.5609949998357885,0.22974825153255124,0.15583176245573074,True,-0.35169394253245734,-0.13510456406545138,-0.33575693257451905,0.06554780444361624,,-0.3344524588585174,previous_16_forest,1100042,native_eligible
368,368,1.0,0.0,0.7144763471109917,0.33453049369043947,0.38201820790762825,True,-0.4871950775257867,-0.022965522539986495,-0.15510405390722737,0.10917300882725436,,-0.05427466854280549,previous_16_forest,1100042,native_eligible
370,370,1.0,0.0,0.15653430465777965,0.02629126316192854,0.10967260497774348,True,-0.6172484991478848,-0.05506726353852939,-0.15748880625154432,0.04735427917448551,,-0.11224918810400103,previous_16_forest,1100042,native_eligible
380,380,0.0,1.0,0.6878149029069726,0.36463910669929406,0.29591553046516367,True,-2.103929289821977,-0.12550142403564715,-0.25394933059652847,0.002946482525234162,,-0.4595323870462047,previous_16_forest,1100042,native_eligible
384,384,1.0,1.0,0.6991269922243776,0.5966318783852748,0.5366048230438505,True,0.6027926928731142,-0.003829495076678073,-0.16471273513924917,0.157053744985893,,0.0703099140074529,previous_16_forest,1100042,native_eligible
392,392,1.0,1.0,0.8614603243019535,0.5800537910376975,0.6846734150242414,True,0.4706568935860111,-0.09338294486117006,-0.2731697784097475,0.0864038886874073,,0.0859568948245617,previous_16_forest,1100042,native_eligible
398,398,0.0,1.0,0.3129762713834932,0.33417631649904134,0.4021437689251464,True,-0.9011747413111626,-0.018152116811801962,-0.09617167817380098,0.05986744455019704,,-0.3498504475078327,previous_16_forest,1100042,native_eligible
409,409,0.0,0.0,0.11679745745352858,0.15127360948487623,0.5812057701001653,True,0.6012106637870761,-0.0456436809048277,-0.20653119084808239,0.11524382903842695,,0.14554265152238055,previous_16_forest,1100042,native_eligible
422,422,1.0,1.0,0.5507129822708522,0.31836206027305547,0.6701453942680505,True,0.9507425311648197,0.08872019661777855,-0.037991291625828455,0.21543168486138553,,0.04875396248008518,previous_16_forest,1100042,native_eligible
424,424,1.0,0.0,0.7464954807780942,0.879790735231433,0.7592146742920766,True,-1.1376146014817918,-0.15110118246191692,-0.3260595244838425,0.02385715956000864,,-0.411950972386599,previous_16_forest,1100042,native_eligible
431,431,1.0,1.0,0.36713437304234525,0.5899530811313569,0.34167287885306774,True,1.54487012492085,-0.08157103382181942,-0.17259749056765988,0.009455422924021031,,-0.32665406706368566,previous_16_forest,1100042,native_eligible
435,435,0.0,1.0,0.4128119791021276,0.9292238902404534,0.5903191812691675,True,-0.459438689980167,-0.10280507691708325,-0.20379029160702178,-0.0018198622271447529,,-0.10742312894197681,previous_16_forest,1100042,native_eligible
446,446,1.0,0.0,0.207651917069783,0.23371002250850403,0.1656214793364926,True,-0.8656804059085074,-0.08440526622750949,-0.28929095273812244,0.12048042028310338,,-0.06432527410523083,previous_16_forest,1100042,native_eligible
447,447,1.0,1.0,0.4981023071067494,0.19797201696763686,0.4276344421336481,True,1.3787547897265453,-0.05204509966554333,-0.17417951346767846,0.07008931413659178,,0.034144994760945346,previous_16_forest,1100042,native_eligible
451,451,1.0,1.0,0.8205827986502092,0.399979156334014,0.4679764481797659,True,0.7163457006783143,0.007328566557458976,-0.0945265665169757,0.10918369963189363,,-0.17663563846118313,previous_16_forest,1100042,native_eligible
460,460,1.0,0.0,0.5181717365597479,0.5632388279026856,0.4861193019321206,True,-1.0152627469026247,0.02415130117379152,-0.11478194792285223,0.16308455027043522,,-0.15089969081385596,previous_16_forest,1100042,native_eligible
462,462,0.0,0.0,0.5513082068767605,0.32863695498584805,0.6698210466834671,True,1.0736177132227254,0.025000165975525148,-0.2030695065768571,0.2530698385279073,,-0.02877369342676961,previous_16_forest,1100042,native_eligible
465,465,0.0,1.0,0.36159156033250706,0.6600450693607679,0.4784235442227994,True,-0.7141253416857155,-0.12839789269217125,-0.21841949794093038,-0.03837628744341215,,-0.07352311822592295,previous_16_forest,1100042,native_eligible
467,467,0.0,0.0,0.36947761306840915,0.708265262541474,0.45763720043747363,True,0.8726710898709444,-0.06709639481421754,-0.22715639285359268,0.09296360322515752,,0.18109530692018136,previous_16_forest,1100042,native_eligible
468,468,1.0,0.0,0.44478569594771444,0.6228285830035913,0.4086554395175758,True,-1.1329424367449745,-0.05516526265771708,-0.14594714897083502,0.03561662365540083,,-0.36394341785118856,previous_16_forest,1100042,native_eligible
474,474,0.0,0.0,0.4108135907084943,0.27221874486849695,0.46016852109909073,True,0.6499745965176722,0.09330747544389588,-0.06334529960641826,0.24996025049421,,0.27024214191256124,previous_16_forest,1100042,native_eligible
478,478,1.0,0.0,0.6224540581629963,0.3505206618163778,0.24860237781718628,True,-0.5013090093980563,-0.07244436836876095,-0.13200537621600075,-0.01288336052152115,,-0.14113139488284232,previous_16_forest,1100042,native_eligible
481,481,0.0,1.0,0.4198005895923617,0.3394131586665939,0.37760715606594353,True,-1.1003573859419211,-0.05051774601220167,-0.14317760699300178,0.042142114968598404,,0.24256774419822325,previous_16_forest,1100042,native_eligible
486,486,1.0,1.0,0.7383468135190601,0.8212550591490275,0.4197877770369635,True,0.38435885316665014,-0.22597856382897366,-0.40408615766700484,-0.04787096999094251,,-0.6892153014395378,previous_16_forest,1100042,native_eligible
487,487,1.0,1.0,0.8956480543249549,0.7915344635172233,0.7679999847268586,True,0.23549585589617522,0.014772810784036515,-0.08854607402036177,0.11809169558843478,,-0.028156691615068175,previous_16_forest,1100042,native_eligible
498,498,0.0,0.0,0.3063541399044933,0.42088359610743853,0.1848035134497123,True,0.370690058015337,-0.10121342934551178,-0.2818390224279127,0.07941216373688909,,-0.1062618189134249,previous_16_forest,1100042,native_eligible
503,503,0.0,0.0,0.3395268014625856,0.27617554440285463,0.35000809390435395,True,0.491980545535906,-0.0729913717029898,-0.23737300872325387,0.09139026531727423,,-0.16728505428348134,previous_16_forest,1100042,native_eligible
507,507,1.0,1.0,0.8859001102129943,0.8865966398875496,0.7968638611966213,True,0.1395663674109266,-0.04588788216222706,-0.18733772771871865,0.09556196339426451,,-0.030854928811506976,previous_16_forest,1100042,native_eligible
508,508,0.0,0.0,0.47975197312686757,0.15859282696980662,0.39000642469903857,True,0.5362544020721209,-0.08989760349378402,-0.29005174397906663,0.11025653699149852,,-0.05620972089686527,previous_16_forest,1100042,native_eligible
514,514,1.0,1.0,0.843033792160751,0.8414953015516639,0.5764315146626963,True,0.2373697920209239,-0.13540443511672723,-0.24928292841885405,-0.021525941814600436,,-0.061478120138046544,previous_16_forest,1100042,native_eligible
526,526,0.0,0.0,0.10129153091652868,0.042358734823905134,0.17655423756550753,True,0.18132840098512712,-0.03744619799723679,-0.23311541561115273,0.15822301961667912,,0.020299231269924375,previous_16_forest,1100042,native_eligible
528,528,1.0,1.0,0.49758777811122273,0.40558051953528407,0.4872264650150014,True,1.1121646952195503,0.0004701356832759045,-0.16611405021160414,0.1670543215781559,,-0.3151680255715663,previous_16_forest,1100042,native_eligible
532,532,1.0,0.0,0.6245267529523751,0.5227295667184925,0.4736574578423922,True,-0.807498318166949,-0.11713480674214038,-0.21188650281931992,-0.022383110664960862,,-0.5334643262344162,previous_16_forest,1100042,native_eligible
534,534,0.0,1.0,0.6778816007416822,0.3604319205984162,0.6706277882037434,True,-1.6753103340714428,0.022804474676853773,-0.1488225051945387,0.19443145454824617,,0.13543398492073888,previous_16_forest,1100042,native_eligible
535,535,0.0,0.0,0.6611535468240362,0.4533109510913328,0.41224325440128784,True,1.2967386956818039,0.026313119897535174,-0.08165288485204308,0.1342791246471134,,0.03704061610492676,previous_16_forest,1100042,native_eligible
538,538,1.0,0.0,0.6651563250956901,0.4798587808904419,0.5372023338324997,True,-0.7502896508092818,-0.023289037627367205,-0.16637887720867173,0.11980080195393727,,-0.06212851278558973,previous_16_forest,1100042,native_eligible
539,539,0.0,1.0,0.37142869831887027,0.2961151931347471,0.33558299942911807,True,-1.0803491579588416,-0.13215053968749527,-0.28821855848532874,0.023917479110338175,,-0.11126006308263126,previous_16_forest,1100042,native_eligible
546,546,0.0,0.0,0.2826828458712721,0.13386795259805961,0.20604327009386322,True,0.25879841974219997,-0.0946063157632545,-0.26506838028757745,0.07585574876106844,,-0.06620608679353736,previous_16_forest,1100042,native_eligible
549,549,1.0,0.0,0.8288674099529224,0.6164001135106475,0.6946438574038599,True,-0.759820160010687,-0.07108285501047404,-0.25334260267544534,0.11117689265449723,,-0.22605679180368443,previous_16_forest,1100042,native_eligible
550,550,0.0,0.0,0.19509711431448118,0.07036984122804744,0.19908605935459367,True,0.2161427169992828,-0.0744972532786707,-0.22221923787300718,0.07322473131566577,,-0.08381602753461014,previous_16_forest,1100042,native_eligible
552,552,1.0,0.0,0.5434486420815731,0.27889118915067584,0.3382245502757843,True,-0.56303372949873,-0.21702384798731728,-0.38579733791514914,-0.04825035805948541,,0.08753892270289004,previous_16_forest,1100042,native_eligible
559,559,1.0,0.0,0.3149490545208386,0.47624399226816577,0.3554436130238959,True,-1.24937532786466,-0.18680512373770647,-0.3492107831578462,-0.02439946431756676,,-0.36576085048430995,previous_16_forest,1100042,native_eligible
560,560,1.0,1.0,0.8811256561259284,0.633593720452972,0.5199736851452917,True,0.4311675458022086,-0.08849577183924685,-0.2993067951456774,0.1223152514671836,,-0.06469990771798673,previous_16_forest,1100042,native_eligible
561,561,1.0,0.0,0.6603182319591235,0.4897205678553892,0.48361254515846835,True,-0.7385011655056839,-0.06645936786922367,-0.14739497128359372,0.014476235545146363,,-0.14847635272894044,previous_16_forest,1100042,native_eligible
563,563,0.0,0.0,0.29740626879709164,0.2161160761345033,0.31620921790220086,True,0.40769064304982783,-0.08395713713238806,-0.21154279422064182,0.04362851995586567,,0.08723419972137467,previous_16_forest,1100042,native_eligible
568,568,1.0,1.0,0.8593155144113875,0.7799031568173304,0.6140000986800206,True,0.28329155646752596,-0.1356085595172724,-0.2844704245780396,0.013253305543494798,,-0.11006768648138565,previous_16_forest,1100042,native_eligible
569,569,0.0,1.0,0.552713430927472,0.6607694981461454,0.6407965245335957,True,-0.7783916816843498,-0.07364290557493128,-0.18843906281318398,0.0411532516633214,,-0.03506472883281053,previous_16_forest,1100042,native_eligible
578,578,0.0,0.0,0.49708576653314507,0.4801091001523106,0.497821696551284,True,0.972366627251637,-0.07123275301204711,-0.16684166201677625,0.024376155992682003,,-0.1661069213092291,previous_16_forest,1100042,native_eligible
580,580,1.0,1.0,0.899605100669862,0.50710398066814,0.7915147094541785,True,0.516162739074308,-0.035639522208716766,-0.1546655621941123,0.08338651777667871,,0.041240948763694774,previous_16_forest,1100042,native_eligible
584,584,1.0,0.0,0.35287417389370207,0.30021953433182547,0.49331001190337975,True,-1.2048866156797695,-0.019730845669547702,-0.11808124274778586,0.07861955140869042,,-0.18620539681394355,previous_16_forest,1100042,native_eligible
588,588,1.0,1.0,0.7598583745967782,0.5995424759900885,0.7148204578731395,True,0.49058415953515905,-0.005867129436930766,-0.1150789109810197,0.10334465210715814,,0.05151712594740754,previous_16_forest,1100042,native_eligible
594,594,0.0,1.0,0.4358582421572592,0.3460334094865359,0.38424756729146553,True,-1.1210097099942038,-0.10647442197230607,-0.22990780827342366,0.0169589643288115,,-0.1845762402931477,previous_16_forest,1100042,native_eligible
599,599,0.0,1.0,0.5046755161900264,0.3266497288880581,0.385273608128354,True,-1.3007885728408457,-0.040563166615053006,-0.14222251311885686,0.06109617988875084,,-0.017020805613165407,previous_16_forest,1100042,native_eligible
603,603,1.0,1.0,0.8965925840325221,0.8243380364181743,0.4892260527434843,True,0.23457145599782514,-0.07784983534808322,-0.15642196000299063,0.0007222893068241643,,-0.4064471216929251,previous_16_forest,1100042,native_eligible
606,606,0.0,1.0,0.18237376499033633,0.3560698797170154,0.47612523671269574,True,-0.6675051354527719,-0.0618693970554383,-0.14309281506340799,0.01935402095253136,,-0.0810499975355446,previous_16_forest,1100042,native_eligible
607,607,0.0,0.0,0.23280415264097337,0.41170132174618174,0.5372793268353263,True,0.6622093270174512,-0.00813152656430742,-0.15465816542676042,0.13839511229814555,,-0.20262165996000597,previous_16_forest,1100042,native_eligible
609,609,0.0,1.0,0.2628374819709594,0.36078643162062185,0.35464751610762496,True,-0.873265977383221,-0.13763497540979006,-0.2845989038830199,0.009328953063439754,,-0.17815202596793825,previous_16_forest,1100042,native_eligible
614,614,1.0,1.0,0.5725481025159181,0.3211491897096859,0.24990459102627388,True,1.2388556456063187,-0.13754485273555292,-0.3406239734378733,0.06553426796676745,,0.13800989485438941,previous_16_forest,1100042,native_eligible
617,617,1.0,0.0,0.7178628683233365,0.8046924935842484,0.5572084569123933,True,-1.0236886315881897,-0.09819822992295915,-0.2254519103391739,0.02905545049325553,,-0.32977963417948597,previous_16_forest,1100042,native_eligible
621,621,1.0,1.0,0.7193845650821762,0.6344655398288193,0.5948234146883061,True,0.5235845619172083,-0.1082030752874578,-0.23302154612744774,0.01661539555253211,,-0.10300534475910206,previous_16_forest,1100042,native_eligible
626,626,1.0,0.0,0.3736141740442338,0.06745964454305278,0.12729022832165562,True,-0.2808690929595318,-0.1176466726726364,-0.21922974994778038,-0.016063595397492456,,-0.14734105843629364,previous_16_forest,1100042,native_eligible
638,638,1.0,0.0,0.2697830694999069,0.11823365301753028,0.21871791402465623,True,-0.7102334553791936,-0.17304783163794857,-0.2903148211626846,-0.055780842113212534,,-0.028967779075204383,previous_16_forest,1100042,native_eligible
648,648,1.0,1.0,0.4852006994696448,0.7157485743563327,0.5651797961163051,True,0.7455968793094794,-0.12096786653320996,-0.26271951411636313,0.02078378104994319,,0.22657797391420198,previous_16_forest,1100042,native_eligible
651,651,1.0,0.0,0.8401183931465057,0.5071258397571329,0.556199610400912,True,-0.6129753106979241,-0.13292448869029155,-0.2218663830337521,-0.04398259434683101,,0.14285091672279376,previous_16_forest,1100042,native_eligible
656,656,0.0,0.0,0.3101450412208527,0.340387868789398,0.5407822713688586,True,0.6938138735241799,0.027294555178623735,-0.09210764771452305,0.1466967580717705,,0.008071797181922913,previous_16_forest,1100042,native_eligible
662,662,0.0,0.0,0.7959842692459583,0.6034198165118695,0.7499445238456008,True,3.1042369106115437,0.09578770135323889,0.0003767831383266751,0.19119861956815107,,0.12090442381375327,previous_16_forest,1100042,native_eligible
663,663,1.0,1.0,0.6610798634547888,0.5618716603340234,0.6409124924563105,True,0.622224080311252,-0.01796079801800486,-0.0975097057637322,0.06158810972772247,,-0.0006267839972746714,previous_16_forest,1100042,native_eligible
676,676,1.0,0.0,0.507401880629761,0.5127802999231931,0.4499318617727279,True,-0.9495851235058599,-0.07400946072478971,-0.22180307614519346,0.07378415469561396,,0.288078314021742,previous_16_forest,1100042,native_eligible
680,680,1.0,0.0,0.8141978420868451,0.2869393845191941,0.4172902560208017,True,-0.38216615378460306,-0.02968844712522943,-0.11837858537588065,0.05900169112542178,,-0.21676132704337042,previous_16_forest,1100042,native_eligible
684,684,0.0,0.0,0.4766523045361201,0.07513178652844553,0.2174767696942824,True,0.285904966671355,-0.03440030851955389,-0.13897107227161148,0.07017045523250366,,-0.09365228131014089,previous_16_forest,1100042,native_eligible
707,707,1.0,0.0,0.3768236162512079,0.21999018957436853,0.15244492978645324,True,-0.47209774326290654,-0.006000225832172694,-0.14629574829075234,0.13429529662640693,,-0.18261274863827542,previous_16_forest,1100042,native_eligible
708,708,0.0,0.0,0.3698832267762659,0.4359452270509308,0.3384426090876757,True,0.5943456958351474,-0.10254494146776817,-0.1718549234708224,-0.033234959464713956,,-0.3033594815556778,previous_16_forest,1100042,native_eligible
712,712,0.0,0.0,0.18169942803019956,0.3483755324711836,0.4638729077443998,True,0.5412279007115395,0.018958754872161015,-0.14928820100054085,0.18720571074486284,,0.20262182932038472,previous_16_forest,1100042,native_eligible
713,713,0.0,1.0,0.30172304816197165,0.7423430634699268,0.7439440798937178,True,-0.36738858841975974,0.004003268680367278,-0.11470025474964093,0.12270679211037547,,0.18351149860665072,previous_16_forest,1100042,native_eligible
735,735,1.0,1.0,0.8694686080795979,0.5844308610603225,0.6425500366292001,True,0.46923230840561386,0.05465607603360618,-0.10853381121270522,0.21784596327991754,,0.2892291597635016,previous_16_forest,1100042,native_eligible
739,739,0.0,1.0,0.14059620722970467,0.41427891808859935,0.5058978375242775,True,-0.5899245957765644,0.0031135069559730037,-0.2257633690866266,0.23199038299857255,,0.04653584065128688,previous_16_forest,1100042,native_eligible
743,743,1.0,0.0,0.5692538911841943,0.7080620099968636,0.32731312680490154,True,-0.9557350745450087,-0.17399641840641045,-0.26334574174970615,-0.08464709506311473,,-0.3588049137290085,previous_16_forest,1100042,native_eligible
744,744,0.0,0.0,0.3118142009206158,0.210505656527709,0.2889662622933762,True,0.3843455234860146,0.033084551973569895,-0.11308102288288864,0.1792501268300284,,0.00043827428651807554,previous_16_forest,1100042,native_eligible
752,752,1.0,0.0,0.49758777811122273,0.40558051953528407,0.4872264650150014,True,-0.8975309685201571,0.0004701356832759045,-0.16611405021160414,0.1670543215781559,,-0.048624029853681416,previous_16_forest,1100042,native_eligible
760,760,1.0,1.0,0.6923625177555169,0.850217956227505,0.4855566687010878,True,0.37836468240422183,-0.17085028085468232,-0.3365550257965122,-0.005145535912852439,,-0.1049719012824385,previous_16_forest,1100042,native_eligible
773,773,1.0,1.0,0.8692190214186036,0.8436889406696257,0.8195912350796875,True,0.18345500606825518,-0.035834179926652776,-0.14482918504200226,0.07316082518869667,,-0.05078761983714952,previous_16_forest,1100042,native_eligible
776,776,0.0,0.0,0.31663476014439645,0.08008089698774759,0.5902902966217077,True,0.6273954844934547,0.04519238056968672,-0.05787595936757803,0.14826072050695144,,0.11215936655437345,previous_16_forest,1100042,native_eligible
779,779,0.0,0.0,0.2678184325535205,0.08330175475788688,0.27990551106156925,True,0.31037574738016627,-0.07274333040511939,-0.16809319921389462,0.022606538403655826,,0.2102850669914252,previous_16_forest,1100042,native_eligible
781,781,1.0,1.0,0.7123470085971387,0.6527426477414702,0.7956398525158767,True,0.4297800652591865,-0.08354416048773937,-0.17343378193628495,0.006345460960806196,,0.031273744586730046,previous_16_forest,1100042,native_eligible
798,798,1.0,1.0,0.5738126182125843,0.46068818927264343,0.5976888420277162,True,0.8381200516722238,0.029861938367896947,-0.12307407582380148,0.18279795255959533,,-0.012829595656138837,previous_16_forest,1100042,native_eligible
822,822,0.0,0.0,0.7851162928321804,0.7046278642903282,0.8247738002254398,True,3.3992585014123486,0.1325289218496061,-0.03601330475870995,0.3010711484579221,,0.15687867128973654,previous_16_forest,1100042,native_eligible
827,827,0.0,1.0,0.20288079088929653,0.5241359055390684,0.24605771175222765,True,-0.8750580294526048,-0.1383866603064962,-0.2300081931672544,-0.04676512744573803,,-0.47170840662307595,previous_16_forest,1100042,native_eligible
839,839,0.0,0.0,0.3457686744055575,0.11306920663287603,0.2451795237176338,True,0.3049378816012382,-0.12325284589546279,-0.21473573100431773,-0.03176996078660786,,-0.082870305049013,previous_16_forest,1100042,native_eligible
845,845,1.0,1.0,0.7528255879767299,0.5241888824954964,0.6719913065685705,True,0.5835058574712071,0.06315093209228927,-0.05125048755707093,0.17755235174164943,,-0.054967122143437575,previous_16_forest,1100042,native_eligible
848,848,0.0,0.0,0.17483878760299573,0.28157635521239033,0.4430755041233401,True,0.5027371409324621,-0.035256809637175264,-0.22808083770840726,0.15756721843405672,,0.0857810802170664,previous_16_forest,1100042,native_eligible
859,859,1.0,1.0,0.7373400317381571,0.6355575696528242,0.7193803968714338,True,0.46440653493762757,-0.02933579433272763,-0.20265042751700446,0.1439788388515492,,0.10091643251497262,previous_16_forest,1100042,native_eligible
868,868,1.0,0.0,0.31583729181060693,0.2817127011098317,0.3191643924637717,True,-0.9730825322461023,-0.07155807793325807,-0.2662900720640789,0.12317391619756272,,-0.03768758335333155,previous_16_forest,1100042,native_eligible
875,875,1.0,1.0,0.29531008762210065,0.07912991957847505,0.6109044504212634,True,1.8493575254225414,0.011373152593017672,-0.16554670946305555,0.18829301464909082,,0.2750351541256375,previous_16_forest,1100042,native_eligible
892,892,0.0,0.0,0.27347889324090585,0.16967780186995057,0.2976976430760834,True,0.3615681859016624,-0.024059804892174113,-0.14830894617413576,0.1001893363897875,,-0.4218944972490402,previous_16_forest,1100042,native_eligible
893,893,0.0,1.0,0.42085724154393517,0.5580748909008013,0.45303306307459573,True,-0.868109487132394,-0.058492286245485775,-0.15068175053068486,0.03369717803971328,,-0.13899119129057289,previous_16_forest,1100042,native_eligible
898,898,1.0,1.0,0.45934439356074347,0.35476448765368485,0.3236514930098746,True,1.4413083878121953,-0.03936322438477773,-0.12045188966477843,0.04172544089522296,,0.11489019733853345,previous_16_forest,1100042,native_eligible
908,908,1.0,1.0,0.6365652602732746,0.6295636282019533,0.5896667259332578,True,0.6047082932623769,-0.048010259118745395,-0.25700774285320416,0.1609872246157133,,0.2700079153490359,previous_16_forest,1100042,native_eligible
913,913,0.0,0.0,0.5308264042468199,0.11342777478333023,0.3404191062586567,True,0.4687521121544711,0.022209008369707118,-0.0849796608738441,0.12939767761325832,,0.5763362625455206,previous_16_forest,1100042,native_eligible
915,915,1.0,1.0,0.8985851067619373,0.7232743029046582,0.7980944182188292,True,0.2995128909475666,0.06289554112751924,-0.04131711061660845,0.1671081928716469,,-0.10460704553612188,previous_16_forest,1100042,native_eligible
929,929,1.0,0.0,0.6916926471757976,0.6858593018090088,0.6222244139251306,True,-0.9632026604569887,2.105395153472236e-06,-0.19128693191984428,0.19129114271015116,,-0.2246108655442407,previous_16_forest,1100042,native_eligible
934,934,0.0,0.0,0.16596429850894365,0.0826899077671382,0.18813787977363342,True,0.20459229834565362,-0.16654236252986906,-0.29514944319563746,-0.037935281864100695,,-0.17923562100166213,previous_16_forest,1100042,native_eligible
955,955,1.0,1.0,0.8062389388722103,0.7848820948281187,0.6506758673207707,True,0.2990699587903192,-0.133795576424948,-0.23019187093564972,-0.03739928191424628,,-0.4074361291328243,previous_16_forest,1100042,native_eligible
960,960,1.0,1.0,0.6169205350449707,0.790681783085625,0.7725197484222939,True,0.3505730594944989,0.05099376848588455,-0.04549609717940281,0.14748363415117188,,0.30302428580824725,previous_16_forest,1100042,native_eligible
961,961,0.0,1.0,0.6459631126925524,0.3934689512184359,0.5073995551188606,True,-1.5992554242403352,-0.020267330000515633,-0.11467048060679484,0.07413582060576356,,-0.17386110854674186,previous_16_forest,1100042,native_eligible
967,967,0.0,0.0,0.7025011045969207,0.4999528368047523,0.5838649043767172,True,1.7644320443852217,-0.04701637415957496,-0.15777586491357118,0.06374311659442125,,0.11315424130412288,previous_16_forest,1100042,native_eligible
976,976,0.0,0.0,0.2203148929636295,0.14759079626328167,0.10375342296051097,True,0.14545801650438245,-0.17748102026165577,-0.3315255978132007,-0.02343644271011086,,-0.10435438224184548,previous_16_forest,1100042,native_eligible
980,980,1.0,1.0,0.7864025728605536,0.6500216632542597,0.5197682991302457,True,0.48041567161286414,-0.11671094499710488,-0.2516295458059177,0.018207655811707885,,-0.1328309937568829,previous_16_forest,1100042,native_eligible
986,986,1.0,0.0,0.7204440166871243,0.5976666952471066,0.5353579233876417,True,-0.8054031844543825,-0.10237869997473266,-0.25594317360938074,0.051185773659915376,,-0.21930664730454208,previous_16_forest,1100042,native_eligible
987,987,0.0,0.0,0.5668175067673874,0.538643900822921,0.5568450543270194,True,1.2616583782024131,-0.10070946299386796,-0.2459306869859208,0.04451176099818485,,0.16537846499403014,previous_16_forest,1100042,native_eligible
989,989,0.0,0.0,0.44506880144046523,0.5107233170115604,0.3928889285745585,True,0.8025018952992032,0.030325876133986403,-0.07049959460222376,0.13115134687019653,,-0.22553091570484401,previous_16_forest,1100042,native_eligible
5,5,1.0,1.0,0.6886902448318962,0.43911271353356796,0.6395956711150875,True,0.7238014328895069,0.01949758948166136,,,,0.29544125881310984,overlap_architecture_selected,1100042,native_eligible
12,12,0.0,1.0,0.45536377990472693,0.30277717908963697,0.6586409449246177,True,-0.9242986530147942,0.06128401062210631,,,,-0.1020346687031714,overlap_architecture_selected,1100042,native_eligible
15,15,1.0,0.0,0.5738846364811898,0.17688748329857346,0.34941134840487204,True,-0.43632907535105525,0.021037468199904416,,,,-0.003080297422145953,overlap_architecture_selected,1100042,native_eligible
30,30,0.0,0.0,0.6165081669579549,0.32762515086958754,0.3915613408039559,True,0.9182572540120679,-0.04020939898042611,,,,-0.15824629257148742,overlap_architecture_selected,1100042,native_eligible
39,39,1.0,0.0,0.5283941923786181,0.22693677485561858,0.229158124496928,True,-0.4314664686622005,0.0010790062068289363,,,,-0.0787740414269622,overlap_architecture_selected,1100042,native_eligible
40,40,0.0,0.0,0.33082502417666987,0.32176537208461387,0.5009207508294868,True,0.6599942978761879,0.007842466017090821,,,,0.060474988513839145,overlap_architecture_selected,1100042,native_eligible
43,43,1.0,0.0,0.7497677015962065,0.44851723490608075,0.27217477543619334,True,-0.5393545962380504,-0.045299877534159594,,,,-0.19702180525731344,overlap_architecture_selected,1100042,native_eligible
45,45,0.0,0.0,0.27336578646015486,0.32576131498656064,0.41803561771837555,True,0.5405897122135588,0.06755852132912554,,,,0.13139903885494988,overlap_architecture_selected,1100042,native_eligible
48,48,1.0,1.0,0.4802296576804731,0.4870298570368133,0.5704005270895433,True,0.977941561374682,0.08218002171793648,,,,-0.02351093248221392,overlap_architecture_selected,1100042,native_eligible
63,63,1.0,0.0,0.5623417191235032,0.264572781979675,0.3669001267160975,True,-0.5501231390867736,-0.002109450234577981,,,,-0.08061850681857732,overlap_architecture_selected,1100042,native_eligible
67,67,1.0,1.0,0.2977390283601627,0.3555142218785498,0.2870204669000227,True,2.3261521099818276,-0.07587856511858265,,,,-0.4040936263411786,overlap_architecture_selected,1100042,native_eligible
69,69,0.0,0.0,0.48300845845554913,0.48353278441116976,0.474478833961581,True,0.9262278589329651,-0.015396805088628285,,,,-0.2535047085663173,overlap_architecture_selected,1100042,native_eligible
72,72,1.0,0.0,0.7162128710145098,0.42287528672519464,0.5920177660691969,True,-0.6574522245889338,-0.010384739001380427,,,,0.03393963416448598,overlap_architecture_selected,1100042,native_eligible
93,93,0.0,1.0,0.19488947670716955,0.3361060432206797,0.40484702800871647,True,-0.7558587907360157,-0.09081102070878366,,,,-0.24763340158643393,overlap_architecture_selected,1100042,native_eligible
115,115,0.0,0.0,0.33194066857065085,0.2935587454838745,0.3932281116051261,True,0.5390895368653525,0.06924194970898273,,,,-0.036066766855671034,overlap_architecture_selected,1100042,native_eligible
116,116,0.0,1.0,0.25141780854303075,0.25174638493269663,0.4222174446018431,True,-0.8290900087166425,-0.02353667860744535,,,,-0.014342061446469406,overlap_architecture_selected,1100042,native_eligible
121,121,1.0,0.0,0.8398652597050242,0.5989572842914805,0.4442103852930673,True,-0.683653625595346,-0.0405393510280293,,,,-0.578150415838105,overlap_architecture_selected,1100042,native_eligible
122,122,1.0,0.0,0.7252031656863603,0.31029072531623764,0.36130313149630866,True,-0.44719712818449203,-0.06819296471295697,,,,-0.1662835077113541,overlap_architecture_selected,1100042,native_eligible
123,123,0.0,1.0,0.44628072784866835,0.5117687419252219,0.5412994010046365,True,-0.8521999987282558,0.005033611045012543,,,,0.03246765507545743,overlap_architecture_selected,1100042,native_eligible
126,126,0.0,0.0,0.20310721895170644,0.2440700879173672,0.24850699256609887,True,0.31071410243724573,-0.07279870489826512,,,,-0.3010231687743369,overlap_architecture_selected,1100042,native_eligible
130,130,0.0,0.0,0.2081933019164116,0.14152785465475756,0.22621292181289468,True,0.2634254781666544,0.0014830638412379193,,,,0.006309753656425152,overlap_architecture_selected,1100042,native_eligible
137,137,0.0,0.0,0.18858854536980185,0.15214372756593147,0.31957115049341395,True,0.35493245098414355,-0.0301169325139308,,,,-0.035394603233024145,overlap_architecture_selected,1100042,native_eligible
145,145,1.0,0.0,0.3198898517416831,0.3674625240728213,0.3956536140007415,True,-1.208652191740918,-0.03007375051423905,,,,-0.33769143797714973,overlap_architecture_selected,1100042,native_eligible
151,151,0.0,1.0,0.558857976371215,0.35839342245630085,0.5917593661598988,True,-1.2210558596555907,0.10603005284514233,,,,-0.31487008056515453,overlap_architecture_selected,1100042,native_eligible
162,162,0.0,0.0,0.5944369767255,0.6578015439334658,0.474481764296129,True,1.4386267642620596,-0.08968232170210799,,,,-0.1770906937214045,overlap_architecture_selected,1100042,native_eligible
167,167,0.0,1.0,0.5909803121276174,0.5115611927567805,0.6131517326299353,True,-1.0925788894370947,-0.00020618989816434397,,,,0.060419762402974864,overlap_architecture_selected,1100042,native_eligible
169,169,1.0,1.0,0.7043465498986552,0.7333831467196743,0.7729928930848249,True,0.3619043710038856,0.02599059594623554,,,,-0.059438745764093026,overlap_architecture_selected,1100042,native_eligible
186,186,1.0,0.0,0.6209286059275656,0.4879251516773409,0.620487066288505,True,-0.8667269897252676,0.059391531293585875,,,,-0.34838730337294177,overlap_architecture_selected,1100042,native_eligible
193,193,0.0,0.0,0.6073541896643015,0.5429075493449496,0.45978540460274486,True,1.2995681452185681,2.8030887568447627e-05,,,,-0.07790570380726344,overlap_architecture_selected,1100042,native_eligible
196,196,0.0,0.0,0.5530932063049111,0.43804518892263,0.6865928753613981,True,1.2287189326639822,0.14316871703925965,,,,0.18500422317417548,overlap_architecture_selected,1100042,native_eligible
198,198,0.0,0.0,0.12679552460219823,0.2737565061517209,0.3051085998743602,True,0.34485999921866517,-0.01248492051440675,,,,-0.09796041668062988,overlap_architecture_selected,1100042,native_eligible
208,208,1.0,1.0,0.3545069252882911,0.38470087287856297,0.7242372562432111,True,1.1174132711928166,0.1447054442322313,,,,-0.38364186382161225,overlap_architecture_selected,1100042,native_eligible
211,211,0.0,0.0,0.23691414764834637,0.27207789607028493,0.5454605917212394,True,0.6299322178728696,-0.0081533265340544,,,,0.039362356322426656,overlap_architecture_selected,1100042,native_eligible
229,229,0.0,0.0,0.33945930940289487,0.16041543337143147,0.22242470460253988,True,0.30486400471682545,0.034364842768696585,,,,-0.0181111175885878,overlap_architecture_selected,1100042,native_eligible
237,237,0.0,1.0,0.25921703022348735,0.5765152810446293,0.5611316125306545,True,-0.5870554485538589,0.011001306434498703,,,,0.014677238537030401,overlap_architecture_selected,1100042,native_eligible
241,241,1.0,0.0,0.31115273270856575,0.36077569192973735,0.4658939473929223,True,-1.3921976875380018,0.002647206882850972,,,,-0.2359562924134932,overlap_architecture_selected,1100042,native_eligible
250,250,1.0,1.0,0.8196009580552618,0.4416565611653421,0.48980873579885487,True,0.6706395682692159,-0.00021698250123147744,,,,-0.14381661120733635,overlap_architecture_selected,1100042,native_eligible
254,254,0.0,1.0,0.2007675237597971,0.27705761091077474,0.2620477458900211,True,-0.919555676885324,-0.00019712028767832068,,,,0.11029612787953566,overlap_architecture_selected,1100042,native_eligible
261,261,0.0,0.0,0.3575553857892817,0.3735503319630189,0.6111515316007571,True,0.8190526177058122,0.047511420013036876,,,,0.31285754382566056,overlap_architecture_selected,1100042,native_eligible
264,264,1.0,1.0,0.5575716301467317,0.551370892801076,0.6322981700302076,True,0.7403973974592932,0.03123235260497681,,,,0.10130985419071503,overlap_architecture_selected,1100042,native_eligible
265,265,0.0,0.0,0.48982120123956585,0.43406536564271486,0.3351911794140067,True,0.7519360918489976,-0.07814565205705842,,,,-0.19966649402570194,overlap_architecture_selected,1100042,native_eligible
270,270,0.0,0.0,0.4135551614132835,0.3184063871650789,0.420963600717777,True,0.645500669125454,-0.027850912779359,,,,-0.05981133747776573,overlap_architecture_selected,1100042,native_eligible
271,271,1.0,0.0,0.7706975289433841,0.7562146336316417,0.7384631467996909,True,-0.9759265413337005,-0.06119698087332126,,,,-0.027407061388611043,overlap_architecture_selected,1100042,native_eligible
277,277,1.0,1.0,0.8899587640399118,0.6458708178351532,0.6679903290584489,True,0.395181370218216,0.03152930965092182,,,,0.19707323380293573,overlap_architecture_selected,1100042,native_eligible
282,282,0.0,0.0,0.6242142583352659,0.6385999850852305,0.6582216006086308,True,1.718994194845402,0.008305790542638747,,,,0.2904593735133494,overlap_architecture_selected,1100042,native_eligible
284,284,0.0,1.0,0.165961740107582,0.2877307707237178,0.5002532638450379,True,-0.6414781727092347,0.06756955416304028,,,,0.18518688543613304,overlap_architecture_selected,1100042,native_eligible
288,288,1.0,0.0,0.7505225115757947,0.40965515321277707,0.5626210823141291,True,-0.5966732537831847,-0.009989875800092918,,,,0.004640120746827181,overlap_architecture_selected,1100042,native_eligible
294,294,1.0,1.0,0.8451910646332451,0.3735045928466627,0.48318527729363164,True,0.7211574786682029,-0.07969976609432633,,,,-0.34951026332690505,overlap_architecture_selected,1100042,native_eligible
318,318,0.0,0.0,0.66189466139291,0.610206397200015,0.5866730642050217,True,1.7812485722949787,0.005693847069348723,,,,-0.20199985734703257,overlap_architecture_selected,1100042,native_eligible
328,328,0.0,1.0,0.4554382669663533,0.2656609576154469,0.43784576298192335,True,-1.1763106871347944,0.01564641986223178,,,,0.10327243996857394,overlap_architecture_selected,1100042,native_eligible
334,334,0.0,0.0,0.3930094599324805,0.4317504499128408,0.3681998499036466,True,0.6477462348060805,-0.052935615687927984,,,,-0.1484375342195409,overlap_architecture_selected,1100042,native_eligible
339,339,0.0,1.0,0.7123287684958649,0.462599580719612,0.5171888708417425,True,-1.8135169381944931,0.051923247129614825,,,,-0.04096418254395162,overlap_architecture_selected,1100042,native_eligible
343,343,1.0,1.0,0.7236263266837605,0.4652288292539401,0.46481840935714563,True,0.7391723881188952,-0.00028242128610922457,,,,-0.252500407706424,overlap_architecture_selected,1100042,native_eligible
346,346,0.0,0.0,0.46943483162071914,0.3123441068267794,0.44459946206372875,True,0.7209560944522617,-0.061016953283822395,,,,0.021257549177203516,overlap_architecture_selected,1100042,native_eligible
347,347,0.0,1.0,0.13819900543485328,0.22378960076068227,0.21595655165478395,True,-0.9085170865279985,-0.020237557700525516,,,,0.0718545920669893,overlap_architecture_selected,1100042,native_eligible
349,349,0.0,1.0,0.819374021936378,0.5679724212987114,0.5071123767472285,True,-2.4526952796200243,-0.08582049578099371,,,,0.03268878550218324,overlap_architecture_selected,1100042,native_eligible
354,354,1.0,0.0,0.5853055428676434,0.2175613315314811,0.4370626507960869,True,-0.527224311684905,0.01470735232778686,,,,-0.14297135067526034,overlap_architecture_selected,1100042,native_eligible
357,357,1.0,1.0,0.6142655521764459,0.4219616250791184,0.4005952991841591,True,0.9544407964351951,-0.01919841283728374,,,,0.1013446835796018,overlap_architecture_selected,1100042,native_eligible
360,360,1.0,0.0,0.38651790888521204,0.27887537503539384,0.3728450070006862,True,-0.8706558056400155,-0.04278667451568491,,,,-0.20995476861796994,overlap_architecture_selected,1100042,native_eligible
361,361,0.0,0.0,0.34851287331494013,0.2280082618167971,0.3658238801728333,True,0.48779684204799756,0.020649553735192422,,,,-0.0406445885166562,overlap_architecture_selected,1100042,native_eligible
365,365,1.0,0.0,0.5609949998357885,0.24677152372555747,0.1454220576071962,True,-0.3605711305712769,-0.09644430266768311,,,,-0.3344524588585174,overlap_architecture_selected,1100042,native_eligible
368,368,1.0,0.0,0.7144763471109917,0.3393963309525345,0.40413291859122324,True,-0.5008985383180317,-0.04949985868038759,,,,-0.05427466854280549,overlap_architecture_selected,1100042,native_eligible
370,370,1.0,0.0,0.15653430465777965,0.08636037728443229,0.09665135579421642,True,-0.6071542262682914,-0.034681196964225156,,,,-0.11224918810400103,overlap_architecture_selected,1100042,native_eligible
380,380,0.0,1.0,0.6878149029069726,0.42132136979814333,0.2712031576931967,True,-2.0037577214548032,-0.11030914232780659,,,,-0.4595323870462047,overlap_architecture_selected,1100042,native_eligible
384,384,1.0,1.0,0.6991269922243776,0.4398665773653232,0.6027720238041581,True,0.7310825882367813,0.008271963188452247,,,,0.0703099140074529,overlap_architecture_selected,1100042,native_eligible
392,392,1.0,1.0,0.8614603243019535,0.5662748317055308,0.6880154461934109,True,0.4838983889151493,0.0288702916133744,,,,0.0859568948245617,overlap_architecture_selected,1100042,native_eligible
398,398,0.0,1.0,0.3129762713834932,0.35418840396003975,0.38787152607700975,True,-0.9063304016378244,-0.08353881483368436,,,,-0.3498504475078327,overlap_architecture_selected,1100042,native_eligible
409,409,0.0,0.0,0.11679745745352858,0.20584861948811975,0.556903583214011,True,0.584125646351659,0.10757007201556462,,,,0.14554265152238055,overlap_architecture_selected,1100042,native_eligible
422,422,1.0,1.0,0.5507129822708522,0.5024718989257115,0.6495343239357831,True,0.7834477788092136,0.04352317903831332,,,,0.04875396248008518,overlap_architecture_selected,1100042,native_eligible
424,424,1.0,0.0,0.7464954807780942,0.7704528533042619,0.7154704430569344,True,-1.0134214919028233,-0.016657867721649233,,,,-0.411950972386599,overlap_architecture_selected,1100042,native_eligible
431,431,1.0,1.0,0.36713437304234525,0.5649795561570403,0.4130122565866628,True,1.4468689481748973,-0.08414099616891402,,,,-0.32665406706368566,overlap_architecture_selected,1100042,native_eligible
435,435,0.0,1.0,0.4128119791021276,0.7768638934492976,0.5782650261142901,True,-0.5786068010961625,0.042068850882126085,,,,-0.10742312894197681,overlap_architecture_selected,1100042,native_eligible
446,446,1.0,0.0,0.207651917069783,0.35093674473454545,0.21838905653732335,True,-1.1842550820852933,-0.07361793977249965,,,,-0.06432527410523083,overlap_architecture_selected,1100042,native_eligible
447,447,1.0,1.0,0.4981023071067494,0.32684029737774006,0.5100287082902015,True,1.1668644242917603,-0.029476962589847,,,,0.034144994760945346,overlap_architecture_selected,1100042,native_eligible
451,451,1.0,1.0,0.8205827986502092,0.6222764076430153,0.48099998797343685,True,0.4912009036185471,-0.09455241244023882,,,,-0.17663563846118313,overlap_architecture_selected,1100042,native_eligible
460,460,1.0,0.0,0.5181717365597479,0.3896998531022044,0.4604599959272124,True,-0.8178641557218482,0.013899156101488341,,,,-0.15089969081385596,overlap_architecture_selected,1100042,native_eligible
462,462,0.0,0.0,0.5513082068767605,0.456674495284915,0.6525911175330645,True,1.2137076812423642,0.05216146540476435,,,,-0.02877369342676961,overlap_architecture_selected,1100042,native_eligible
465,465,0.0,1.0,0.36159156033250706,0.5075545825155019,0.47629138868482873,True,-0.8026273971939342,-0.0002726963444726893,,,,-0.07352311822592295,overlap_architecture_selected,1100042,native_eligible
467,467,0.0,0.0,0.36947761306840915,0.5486897344569445,0.43650945327946167,True,0.7580342359106712,-0.00022965519628220799,,,,0.18109530692018136,overlap_architecture_selected,1100042,native_eligible
468,468,1.0,0.0,0.44478569594771444,0.5210206975438746,0.3807930769777579,True,-0.9963546958003908,-0.11753942343511975,,,,-0.36394341785118856,overlap_architecture_selected,1100042,native_eligible
474,474,0.0,0.0,0.4108135907084943,0.261502477166745,0.4461334878720189,True,0.6284675843988197,0.1130448116947545,,,,0.27024214191256124,overlap_architecture_selected,1100042,native_eligible
478,478,1.0,0.0,0.6224540581629963,0.3859675293395507,0.2362993874700465,True,-0.5292935686317938,-0.050312888566012015,,,,-0.14113139488284232,overlap_architecture_selected,1100042,native_eligible
481,481,0.0,1.0,0.4198005895923617,0.35151070545964075,0.3644345166857494,True,-1.1047769015077114,0.05249316570187862,,,,0.24256774419822325,overlap_architecture_selected,1100042,native_eligible
486,486,1.0,1.0,0.7383468135190601,0.7792601907559124,0.40548517418640934,True,0.43142223616875036,-0.22854632469356406,,,,-0.6892153014395378,overlap_architecture_selected,1100042,native_eligible
487,487,1.0,1.0,0.8956480543249549,0.6668464866622823,0.7536496916647527,True,0.36185578524942935,0.08092519253623931,,,,-0.028156691615068175,overlap_architecture_selected,1100042,native_eligible
498,498,0.0,0.0,0.3063541399044933,0.2094697517152317,0.1611011613421027,True,0.2536151217280147,-0.10397231533289664,,,,-0.1062618189134249,overlap_architecture_selected,1100042,native_eligible
503,503,0.0,0.0,0.3395268014625856,0.36736671163217166,0.31537929838211864,True,0.5042300266789059,-0.039848955824143995,,,,-0.16728505428348134,overlap_architecture_selected,1100042,native_eligible
507,507,1.0,1.0,0.8859001102129943,0.7783686163866598,0.8388201820378796,True,0.24239060833106374,0.004665109678016921,,,,-0.030854928811506976,overlap_architecture_selected,1100042,native_eligible
508,508,0.0,0.0,0.47975197312686757,0.2623461318967635,0.37204519721489404,True,0.613970332762532,0.009981241106431366,,,,-0.05620972089686527,overlap_architecture_selected,1100042,native_eligible
514,514,1.0,1.0,0.843033792160751,0.7436810928873221,0.55297906842849,True,0.3395506602239088,-0.02446985460675899,,,,-0.061478120138046544,overlap_architecture_selected,1100042,native_eligible
526,526,0.0,0.0,0.10129153091652868,0.1312251984825204,0.2571005181335073,True,0.27189063273282266,0.011840443730180047,,,,0.020299231269924375,overlap_architecture_selected,1100042,native_eligible
528,528,1.0,1.0,0.49758777811122273,0.40364681795013313,0.476152239056652,True,1.1252799947341203,0.03978842028654572,,,,-0.3151680255715663,overlap_architecture_selected,1100042,native_eligible
532,532,1.0,0.0,0.6245267529523751,0.487858865060757,0.4577934734624465,True,-0.7630899919029137,-0.11253618619672934,,,,-0.5334643262344162,overlap_architecture_selected,1100042,native_eligible
534,534,0.0,1.0,0.6778816007416822,0.5768893203766216,0.6507667054819265,True,-1.2396479540171943,0.03727882814580785,,,,0.13543398492073888,overlap_architecture_selected,1100042,native_eligible
535,535,0.0,0.0,0.6611535468240362,0.4387943271377006,0.37113922332663646,True,1.2273099844315256,-0.021105822230280846,,,,0.03704061610492676,overlap_architecture_selected,1100042,native_eligible
538,538,1.0,0.0,0.6651563250956901,0.3558440700603525,0.5188000188838031,True,-0.6170111044991919,0.022897251364468962,,,,-0.06212851278558973,overlap_architecture_selected,1100042,native_eligible
539,539,0.0,1.0,0.37142869831887027,0.32241875684824894,0.35496829134798885,True,-1.0454208426707465,-0.07176152491611798,,,,-0.11126006308263126,overlap_architecture_selected,1100042,native_eligible
546,546,0.0,0.0,0.2826828458712721,0.24054920571620209,0.19590248430090532,True,0.2906989542480427,-0.021828597205217307,,,,-0.06620608679353736,overlap_architecture_selected,1100042,native_eligible
549,549,1.0,0.0,0.8288674099529224,0.6063574526921309,0.6886420611365013,True,-0.7485383348483505,0.048726431467738696,,,,-0.22605679180368443,overlap_architecture_selected,1100042,native_eligible
550,550,0.0,0.0,0.19509711431448118,0.18185749334469334,0.18095628852037088,True,0.22503598161004987,-0.03456601664303589,,,,-0.08381602753461014,overlap_architecture_selected,1100042,native_eligible
552,552,1.0,0.0,0.5434486420815731,0.31312456750564716,0.40182555300693684,True,-0.650698328236662,-0.03309789227848131,,,,0.08753892270289004,overlap_architecture_selected,1100042,native_eligible
559,559,1.0,0.0,0.3149490545208386,0.43136261212890653,0.4657999974003994,True,-1.4445319614028906,0.007838105126537376,,,,-0.36576085048430995,overlap_architecture_selected,1100042,native_eligible
560,560,1.0,1.0,0.8811256561259284,0.6942200653649382,0.6304779990117297,True,0.3556328530118214,-0.11947754484384898,,,,-0.06469990771798673,overlap_architecture_selected,1100042,native_eligible
561,561,1.0,0.0,0.6603182319591235,0.3348260592647918,0.44520740283293836,True,-0.563850233397456,-0.0001822621208070474,,,,-0.14847635272894044,overlap_architecture_selected,1100042,native_eligible
563,563,0.0,0.0,0.29740626879709164,0.22522163323520084,0.3979479278135266,True,0.49328371379924546,-0.035783077856028606,,,,0.08723419972137467,overlap_architecture_selected,1100042,native_eligible
568,568,1.0,1.0,0.8593155144113875,0.7094766683260109,0.5955948342094739,True,0.3567312980896642,-0.07936245976027778,,,,-0.11006768648138565,overlap_architecture_selected,1100042,native_eligible
569,569,0.0,1.0,0.552713430927472,0.5977298285725453,0.6361111425732119,True,-0.8609753831198906,0.018513083919736606,,,,-0.03506472883281053,overlap_architecture_selected,1100042,native_eligible
578,578,0.0,0.0,0.49708576653314507,0.4564810613835162,0.47211817812303514,True,0.9233089045048994,-0.02347333313516331,,,,-0.1661069213092291,overlap_architecture_selected,1100042,native_eligible
580,580,1.0,1.0,0.899605100669862,0.6162521144977074,0.7973082930545073,True,0.4063680479476746,0.003329045796754526,,,,0.041240948763694774,overlap_architecture_selected,1100042,native_eligible
584,584,1.0,0.0,0.35287417389370207,0.3652633788115692,0.4972709857087327,True,-1.2771943764095774,0.0036002573863849197,,,,-0.18620539681394355,overlap_architecture_selected,1100042,native_eligible
588,588,1.0,1.0,0.7598583745967782,0.5920026715515418,0.7131747127029571,True,0.498644076580712,0.0036830738866154844,,,,0.05151712594740754,overlap_architecture_selected,1100042,native_eligible
594,594,0.0,1.0,0.4358582421572592,0.30562597094754235,0.37081940800547064,True,-1.165656822472089,-0.023293148701745536,,,,-0.1845762402931477,overlap_architecture_selected,1100042,native_eligible
599,599,0.0,1.0,0.5046755161900264,0.3099100195335144,0.3716755886580613,True,-1.3314423239285085,-0.0002529960499823569,,,,-0.017020805613165407,overlap_architecture_selected,1100042,native_eligible
603,603,1.0,1.0,0.8965925840325221,0.7004920804085696,0.4516363476611883,True,0.3627527749568503,-0.14788700552510325,,,,-0.4064471216929251,overlap_architecture_selected,1100042,native_eligible
606,606,0.0,1.0,0.18237376499033633,0.3704197278104294,0.5498987186309451,True,-0.5905308807219862,0.008040080321956744,,,,-0.0810499975355446,overlap_architecture_selected,1100042,native_eligible
607,607,0.0,0.0,0.23280415264097337,0.35691324605120117,0.5146532510872613,True,0.622957911623836,0.008912361713839911,,,,-0.20262165996000597,overlap_architecture_selected,1100042,native_eligible
609,609,0.0,1.0,0.2628374819709594,0.34961744898846403,0.3960827028434945,True,-0.8358131245281661,-0.003099389717758666,,,,-0.17815202596793825,overlap_architecture_selected,1100042,native_eligible
614,614,1.0,1.0,0.5725481025159181,0.36790098182397996,0.3193471867581839,True,1.1402595295279965,-0.04968436067609433,,,,0.13800989485438941,overlap_architecture_selected,1100042,native_eligible
617,617,1.0,0.0,0.7178628683233365,0.6227559695452766,0.5255086241062441,True,-0.8292933214812798,0.0021968465406353443,,,,-0.32977963417948597,overlap_architecture_selected,1100042,native_eligible
621,621,1.0,1.0,0.7193845650821762,0.61348475504577,0.5712424117894398,True,0.5537637555978795,-0.03562276856747981,,,,-0.10300534475910206,overlap_architecture_selected,1100042,native_eligible
626,626,1.0,0.0,0.3736141740442338,0.1399769079821712,0.11202182907044504,True,-0.3277879997504904,-0.04052154799594607,,,,-0.14734105843629364,overlap_architecture_selected,1100042,native_eligible
638,638,1.0,0.0,0.2697830694999069,0.22501456469498046,0.1978728138149036,True,-0.7605933132101285,-0.03521328429008355,,,,-0.028967779075204383,overlap_architecture_selected,1100042,native_eligible
648,648,1.0,1.0,0.4852006994696448,0.5854073853560596,0.6450971395055837,True,0.7911455432329852,-0.05912221683802554,,,,0.22657797391420198,overlap_architecture_selected,1100042,native_eligible
651,651,1.0,0.0,0.8401183931465057,0.5103636045661498,0.5320123963700553,True,-0.6116100449387383,0.03809529390349059,,,,0.14285091672279376,overlap_architecture_selected,1100042,native_eligible
656,656,0.0,0.0,0.3101450412208527,0.3611479520495229,0.5181481859203845,True,0.6805131077779434,-0.015926779821991477,,,,0.008071797181922913,overlap_architecture_selected,1100042,native_eligible
662,662,0.0,0.0,0.7959842692459583,0.6686431016666109,0.7049096458153565,True,3.313676081125662,0.07611623308758741,,,,0.12090442381375327,overlap_architecture_selected,1100042,native_eligible
663,663,1.0,1.0,0.6610798634547888,0.5783832817440812,0.6313720881575953,True,0.6106036003598362,-0.03300737015258437,,,,-0.0006267839972746714,overlap_architecture_selected,1100042,native_eligible
676,676,1.0,0.0,0.507401880629761,0.42369781256114064,0.43791338316828005,True,-0.8488348040283755,0.013257779112013146,,,,0.288078314021742,overlap_architecture_selected,1100042,native_eligible
680,680,1.0,0.0,0.8141978420868451,0.5136476666553113,0.39277554598767095,True,-0.6032801125396897,-0.019751800030961914,,,,-0.21676132704337042,overlap_architecture_selected,1100042,native_eligible
684,684,0.0,0.0,0.4766523045361201,0.20001616345981527,0.23007767822732658,True,0.4122475169099816,-0.03496333808372182,,,,-0.09365228131014089,overlap_architecture_selected,1100042,native_eligible
707,707,1.0,0.0,0.3768236162512079,0.28238615468244704,0.12459686040504774,True,-0.4884396437554579,-0.13107156295512218,,,,-0.18261274863827542,overlap_architecture_selected,1100042,native_eligible
708,708,0.0,0.0,0.3698832267762659,0.34730788439802,0.32505483573606286,True,0.5289271438937204,-0.02988183756606652,,,,-0.3033594815556778,overlap_architecture_selected,1100042,native_eligible
712,712,0.0,0.0,0.18169942803019956,0.34324949462962784,0.5664883152676901,True,0.6427050979295017,0.044370308054763774,,,,0.20262182932038472,overlap_architecture_selected,1100042,native_eligible
713,713,0.0,1.0,0.30172304816197165,0.6272654890828993,0.7831588619147455,True,-0.3778984270205996,0.08483360421159847,,,,0.18351149860665072,overlap_architecture_selected,1100042,native_eligible
735,735,1.0,1.0,0.8694686080795979,0.5022492454283675,0.607981155874319,True,0.5566036733627704,0.04090672899149306,,,,0.2892291597635016,overlap_architecture_selected,1100042,native_eligible
739,739,0.0,1.0,0.14059620722970467,0.44819400354439326,0.6289659341011103,True,-0.4613080801409964,0.059996546768300574,,,,0.04653584065128688,overlap_architecture_selected,1100042,native_eligible
743,743,1.0,0.0,0.5692538911841943,0.5065973101256829,0.4065086670579081,True,-0.8141964837928783,-0.15770528353127133,,,,-0.3588049137290085,overlap_architecture_selected,1100042,native_eligible
744,744,0.0,0.0,0.3118142009206158,0.2546907909530309,0.2672802082584317,True,0.38267957507055916,-0.0001415478659544389,,,,0.00043827428651807554,overlap_architecture_selected,1100042,native_eligible
752,752,1.0,0.0,0.49758777811122273,0.40364681795013313,0.476152239056652,True,-0.8844156690055871,0.04776110441643966,,,,-0.048624029853681416,overlap_architecture_selected,1100042,native_eligible
760,760,1.0,1.0,0.6923625177555169,0.7326150924941106,0.5624076010809564,True,0.46182036638830426,-0.08166660863938935,,,,-0.1049719012824385,overlap_architecture_selected,1100042,native_eligible
773,773,1.0,1.0,0.8692190214186036,0.769469043474185,0.8046519397478397,True,0.259922640157013,0.024339464210949457,,,,-0.05078761983714952,overlap_architecture_selected,1100042,native_eligible
776,776,0.0,0.0,0.31663476014439645,0.2667555918617084,0.5765351945742094,True,0.7001354129057066,0.12459321150267064,,,,0.11215936655437345,overlap_architecture_selected,1100042,native_eligible
779,779,0.0,0.0,0.2678184325535205,0.20561762944673342,0.27378232030679184,True,0.3489934341509273,-0.014069656398791153,,,,0.2102850669914252,overlap_architecture_selected,1100042,native_eligible
781,781,1.0,1.0,0.7123470085971387,0.7851332323158028,0.7958074191961483,True,0.2973218155493822,0.06987997011043812,,,,0.031273744586730046,overlap_architecture_selected,1100042,native_eligible
798,798,1.0,1.0,0.5738126182125843,0.44828184523308506,0.5718375707803567,True,0.8697268894951147,-0.00021229441954973005,,,,-0.012829595656138837,overlap_architecture_selected,1100042,native_eligible
822,822,0.0,0.0,0.7851162928321804,0.6771737564134928,0.8469566600712509,True,3.321132837715972,0.1333394367560613,,,,0.15687867128973654,overlap_architecture_selected,1100042,native_eligible
827,827,0.0,1.0,0.20288079088929653,0.38005412490637897,0.23624821641875116,True,-0.9215388598554117,-0.13060087854864216,,,,-0.47170840662307595,overlap_architecture_selected,1100042,native_eligible
839,839,0.0,0.0,0.3457686744055575,0.28718759933413873,0.22725225463726187,True,0.37903415752498115,-0.0722534881118688,,,,-0.082870305049013,overlap_architecture_selected,1100042,native_eligible
845,845,1.0,1.0,0.7528255879767299,0.48128433965731987,0.6794469981154129,True,0.623962481158189,0.020415526115207472,,,,-0.054967122143437575,overlap_architecture_selected,1100042,native_eligible
848,848,0.0,0.0,0.17483878760299573,0.34670107705206116,0.43560636469100883,True,0.5090669140500244,0.028813778168341048,,,,0.0857810802170664,overlap_architecture_selected,1100042,native_eligible
859,859,1.0,1.0,0.7373400317381571,0.5900180825542665,0.7050620983223179,True,0.5150465776558344,0.054602443443981685,,,,0.10091643251497262,overlap_architecture_selected,1100042,native_eligible
868,868,1.0,0.0,0.31583729181060693,0.24010322081102065,0.30575673730042774,True,-0.9024295605519701,-0.012360775444706457,,,,-0.03768758335333155,overlap_architecture_selected,1100042,native_eligible
875,875,1.0,1.0,0.29531008762210065,0.15677594150319643,0.5921107150588691,True,1.8165584500834262,0.07018661099725967,,,,0.2750351541256375,overlap_architecture_selected,1100042,native_eligible
892,892,0.0,0.0,0.27347889324090585,0.21687695169305896,0.27965111586097063,True,0.3612884807863451,-0.06153203572884322,,,,-0.4218944972490402,overlap_architecture_selected,1100042,native_eligible
893,893,0.0,1.0,0.42085724154393517,0.5362777394374393,0.4481417238960968,True,-0.8888405979465455,-0.0002757582762096811,,,,-0.13899119129057289,overlap_architecture_selected,1100042,native_eligible
898,898,1.0,1.0,0.45934439356074347,0.30339553944254494,0.29134968039825276,True,1.5306970796654533,-0.009344633645578082,,,,0.11489019733853345,overlap_architecture_selected,1100042,native_eligible
908,908,1.0,1.0,0.6365652602732746,0.550805338392301,0.6767519327755668,True,0.6337469526460844,0.08664880495097305,,,,0.2700079153490359,overlap_architecture_selected,1100042,native_eligible
913,913,0.0,0.0,0.5308264042468199,0.22505582982669123,0.31946269001020755,True,0.5740924858534809,0.023360160402909058,,,,0.5763362625455206,overlap_architecture_selected,1100042,native_eligible
915,915,1.0,1.0,0.8985851067619373,0.6637175621320953,0.8434032184865758,True,0.35395605137329256,0.0317345691018992,,,,-0.10460704553612188,overlap_architecture_selected,1100042,native_eligible
929,929,1.0,0.0,0.6916926471757976,0.5656696181488817,0.6248721199854783,True,-0.8441931357155018,0.04889137873919258,,,,-0.2246108655442407,overlap_architecture_selected,1100042,native_eligible
934,934,0.0,0.0,0.16596429850894365,0.17792891176292008,0.16390114894846317,True,0.19930712374354745,-0.023298647632548547,,,,-0.17923562100166213,overlap_architecture_selected,1100042,native_eligible
955,955,1.0,1.0,0.8062389388722103,0.6893816709939335,0.6294100871696927,True,0.3996811257666639,0.002323673669215154,,,,-0.4074361291328243,overlap_architecture_selected,1100042,native_eligible
960,960,1.0,1.0,0.6169205350449707,0.6900790945066724,0.7608995461452692,True,0.45839136275651166,0.10110979174416457,,,,0.30302428580824725,overlap_architecture_selected,1100042,native_eligible
961,961,0.0,1.0,0.6459631126925524,0.3753869314002951,0.49444668868102143,True,-1.645200100922375,0.0016616048864472877,,,,-0.17386110854674186,overlap_architecture_selected,1100042,native_eligible
967,967,0.0,0.0,0.7025011045969207,0.5915621705666106,0.5609924982566216,True,1.9578819814855888,0.02973119061851126,,,,0.11315424130412288,overlap_architecture_selected,1100042,native_eligible
976,976,0.0,0.0,0.2203148929636295,0.153326491333242,0.1202634076590656,True,0.16358873120535247,-0.021368461674455323,,,,-0.10435438224184548,overlap_architecture_selected,1100042,native_eligible
980,980,1.0,1.0,0.7864025728605536,0.5276556940863179,0.5008882909709819,True,0.6079097028019174,-0.003802342133582104,,,,-0.1328309937568829,overlap_architecture_selected,1100042,native_eligible
986,986,1.0,0.0,0.7204440166871243,0.4652056637051505,0.5110328340629754,True,-0.6635032178837192,-0.00028685968486014124,,,,-0.21930664730454208,overlap_architecture_selected,1100042,native_eligible
987,987,0.0,0.0,0.5668175067673874,0.37572091470194285,0.6280434309051642,True,1.1196726990283299,0.00809908626894712,,,,0.16537846499403014,overlap_architecture_selected,1100042,native_eligible
989,989,0.0,0.0,0.44506880144046523,0.4206137972143031,0.37689431392434136,True,0.7142371756726507,-0.08260178338273233,,,,-0.22553091570484401,overlap_architecture_selected,1100042,native_eligible
5,5,1.0,1.0,0.6886902448318962,0.436869463575793,0.5563771029888113,True,0.7636621055757755,0.014993458368514918,-0.152546181155791,0.1825330978928208,,0.29544125881310984,previous_16_forest,1100042,common_eligible
12,12,0.0,1.0,0.45536377990472693,0.24645890841754597,0.6602884528093935,True,-0.969738172515848,0.015919945427769894,-0.07566203868530232,0.10750192954084208,,-0.1020346687031714,previous_16_forest,1100042,common_eligible
15,15,1.0,0.0,0.5738846364811898,0.13068128536769022,0.3566387868423867,True,-0.39548932628695976,-0.04181461761631941,-0.19330778010592325,0.1096785448732844,,-0.003080297422145953,previous_16_forest,1100042,common_eligible
30,30,0.0,0.0,0.6165081669579549,0.1657138222447978,0.32224796045393633,True,0.5886523946274684,-0.08459100546442858,-0.2207498876117606,0.05156787668290341,,-0.15824629257148742,previous_16_forest,1100042,common_eligible
39,39,1.0,0.0,0.5283941923786181,0.30313386738707415,0.23644799791723228,True,-0.5141699662439538,-0.12213120187409275,-0.2979777120803188,0.05371530833213327,,-0.0787740414269622,previous_16_forest,1100042,common_eligible
40,40,0.0,0.0,0.33082502417666987,0.37202877846755783,0.4377745420691134,True,0.621697184244305,-0.07599191232703145,-0.205370545765937,0.053386721111874064,,0.060474988513839145,previous_16_forest,1100042,common_eligible
43,43,1.0,0.0,0.7497677015962065,0.4915776500966521,0.30588806634765114,True,-0.5936667021237128,-0.0517025587151128,-0.13969830721474769,0.03629318978452209,,-0.19702180525731344,previous_16_forest,1100042,common_eligible
45,45,0.0,0.0,0.27336578646015486,0.4062813012462171,0.4193159180642081,True,0.5721622957460059,-0.06669957704278763,-0.16799359269125924,0.03459443860568395,,0.13139903885494988,previous_16_forest,1100042,common_eligible
48,48,1.0,1.0,0.4802296576804731,0.57930584117436,0.6213666020522713,True,0.830503106934883,-0.07498392885353869,-0.18687991305258794,0.03691205534551052,,-0.02351093248221392,previous_16_forest,1100042,common_eligible
63,63,1.0,0.0,0.5623417191235032,0.2683335387771679,0.37403126778982104,True,-0.5594339072685868,-0.06079985566929729,-0.14673505125915798,0.02513533992056336,,-0.08061850681857732,previous_16_forest,1100042,common_eligible
67,67,1.0,1.0,0.2977390283601627,0.5374850231627089,0.32738663202323465,True,2.04897181433971,-0.16987203729706463,-0.3695952553214812,0.029851180727351878,,-0.4040936263411786,previous_16_forest,1100042,common_eligible
69,69,0.0,0.0,0.48300845845554913,0.6239468831564683,0.47577081481561473,True,1.0587041860101192,-0.1551951036329595,-0.30424777072637266,-0.006142436539546353,,-0.2535047085663173,previous_16_forest,1100042,common_eligible
72,72,1.0,0.0,0.7162128710145098,0.5479107949471418,0.5940508288367171,True,-0.7832932992411863,-0.07623951931731149,-0.19261844541917883,0.04013940678455581,,0.03393963416448598,previous_16_forest,1100042,common_eligible
93,93,0.0,1.0,0.19488947670716955,0.3791112222666339,0.34059502502318567,True,-0.8097007238025922,-0.09866602372168062,-0.21880217003319521,0.02147012258983394,,-0.24763340158643393,previous_16_forest,1100042,common_eligible
115,115,0.0,0.0,0.33194066857065085,0.1257739703176438,0.40399319060663696,True,0.4664868851512496,-0.03995214244031616,-0.13835824619037082,0.05845396130973846,,-0.036066766855671034,previous_16_forest,1100042,common_eligible
116,116,0.0,1.0,0.25141780854303075,0.4165717628881893,0.35064228287642396,True,-0.8453071405680249,-0.1365839321085247,-0.24238423712171728,-0.030783627095332167,,-0.014342061446469406,previous_16_forest,1100042,common_eligible
121,121,1.0,0.0,0.8398652597050242,0.5168700464176565,0.4357356706283728,True,-0.5999505377786617,-0.10010305854860874,-0.21867445160978438,0.018468334512566895,,-0.578150415838105,previous_16_forest,1100042,common_eligible
122,122,1.0,0.0,0.7252031656863603,0.2920913854880677,0.2956844901129171,True,-0.4041333148166182,-0.11148301741603694,-0.20222964933536686,-0.02073638549670706,,-0.1662835077113541,previous_16_forest,1100042,common_eligible
123,123,0.0,1.0,0.44628072784866835,0.5355272122153055,0.5662630292789583,True,-0.8080877730564937,0.04737064127969813,-0.08082028727184144,0.17556156983123766,,0.03246765507545743,previous_16_forest,1100042,common_eligible
126,126,0.0,0.0,0.20310721895170644,0.24464835572786683,0.2759082813996213,True,0.3382627766776799,-0.15053158449424242,-0.28276513311271545,-0.01829803587576942,,-0.3010231687743369,previous_16_forest,1100042,common_eligible
130,130,0.0,0.0,0.2081933019164116,0.05524381063816981,0.2504347806984203,True,0.2649602846819587,-0.030402048001576296,-0.1996391495353288,0.13883505353217618,,0.006309753656425152,previous_16_forest,1100042,common_eligible
137,137,0.0,0.0,0.18858854536980185,0.11059877190987134,0.25968689897985386,True,0.28539230576841723,-0.04814459752723027,-0.13459454306743313,0.03830534801297254,,-0.035394603233024145,previous_16_forest,1100042,common_eligible
145,145,1.0,0.0,0.3198898517416831,0.2346168970823563,0.41009016375957313,True,-1.10649976724925,0.020169305258251825,-0.11305793976791743,0.15339655028442106,,-0.33769143797714973,previous_16_forest,1100042,common_eligible
151,151,0.0,1.0,0.558857976371215,0.26254058846075673,0.5965967610554329,True,-1.3376490199258289,0.0050046158280436575,-0.17884688926806797,0.18885612092415524,,-0.31487008056515453,previous_16_forest,1100042,common_eligible
162,162,0.0,0.0,0.5944369767255,0.5247823541122371,0.5063121023499314,True,1.275489808686906,-0.028860304448008214,-0.16143079493931764,0.10371018604330118,,-0.1770906937214045,previous_16_forest,1100042,common_eligible
167,167,0.0,1.0,0.5909803121276174,0.6758239348402422,0.6338175275970521,True,-0.834574771974091,-0.017547972879773437,-0.10858832895176085,0.07349238319221396,,0.060419762402974864,previous_16_forest,1100042,common_eligible
169,169,1.0,1.0,0.7043465498986552,0.8080895396899739,0.7908871453804304,True,0.27968676437187234,-0.019700978301771883,-0.19324267303283926,0.15384071642929542,,-0.059438745764093026,previous_16_forest,1100042,common_eligible
186,186,1.0,0.0,0.6209286059275656,0.5054311882044153,0.6155723060554532,True,-0.8812326088206285,-0.013738629834501588,-0.15799075996452863,0.13051350029552541,,-0.34838730337294177,previous_16_forest,1100042,common_eligible
193,193,0.0,0.0,0.6073541896643015,0.6570499562685844,0.4936443132449457,True,1.5099853342207883,-0.1177956658386382,-0.2725991997816477,0.0370078681043713,,-0.07790570380726344,previous_16_forest,1100042,common_eligible
196,196,0.0,0.0,0.5530932063049111,0.5203675340416859,0.6989246078922509,True,1.3429330497430172,0.031993187216238075,-0.10341238018014907,0.16739875461262516,,0.18500422317417548,previous_16_forest,1100042,common_eligible
198,198,0.0,0.0,0.12679552460219823,0.1897968777745573,0.304279603327485,True,0.3318394651505946,-0.19847636095464669,-0.39936210705241426,0.0024093851431208346,,-0.09796041668062988,previous_16_forest,1100042,common_eligible
208,208,1.0,1.0,0.3545069252882911,0.5179995943234708,0.734279767481147,True,0.9658289508092406,0.08709669421629573,-0.010990554609669911,0.18518394304226138,,-0.38364186382161225,previous_16_forest,1100042,common_eligible
211,211,0.0,0.0,0.23691414764834637,0.16182866965325765,0.4632898488816142,True,0.5135325590797051,-0.014127018641563117,-0.08879080729836618,0.06053677001523994,,0.039362356322426656,previous_16_forest,1100042,common_eligible
229,229,0.0,0.0,0.33945930940289487,0.15637920074389478,0.23957002670765404,True,0.3199350613605727,-0.09109698194832985,-0.22939901670238977,0.047205052805730036,,-0.0181111175885878,previous_16_forest,1100042,common_eligible
237,237,0.0,1.0,0.25921703022348735,0.5032563451206615,0.5821117319187779,True,-0.5917103188757079,-0.00908548099336604,-0.10885885939498237,0.09068789740825028,,0.014677238537030401,previous_16_forest,1100042,common_eligible
241,241,1.0,0.0,0.31115273270856575,0.2934010368360736,0.48456355230700154,True,-1.3661548446849834,-0.09501665146685986,-0.2698848700948394,0.07985156716111963,,-0.2359562924134932,previous_16_forest,1100042,common_eligible
250,250,1.0,1.0,0.8196009580552618,0.6554120082232769,0.5017334263730471,True,0.4542594259447259,-0.10260364450618124,-0.31743373974186007,0.11222645072949754,,-0.14381661120733635,previous_16_forest,1100042,common_eligible
254,254,0.0,1.0,0.2007675237597971,0.10128287323355588,0.2767494654084215,True,-0.949008643108669,-0.0791424598355867,-0.17230862642527356,0.014023706754100154,,0.11029612787953566,previous_16_forest,1100042,common_eligible
261,261,0.0,0.0,0.3575553857892817,0.2781247992277156,0.5356057484125786,True,0.690397333065532,0.043521253204139444,-0.0817938458590576,0.16883635226733645,,0.31285754382566056,previous_16_forest,1100042,common_eligible
264,264,1.0,1.0,0.5575716301467317,0.6663461100592949,0.66172618784581,True,0.6020712971105132,-0.07506625822378246,-0.16393404892771735,0.013801532480152381,,0.10130985419071503,previous_16_forest,1100042,common_eligible
265,265,0.0,0.0,0.48982120123956585,0.5003667245198625,0.3390313206520044,True,0.8194319775591794,-0.15672301598386182,-0.23338720367063515,-0.0800588282970885,,-0.19966649402570194,previous_16_forest,1100042,common_eligible
270,270,0.0,0.0,0.4135551614132835,0.11457502203786288,0.4437635565188595,True,0.5245607408661346,-0.1303461426802298,-0.2634654883545893,0.00277320299412967,,-0.05981133747776573,previous_16_forest,1100042,common_eligible
271,271,1.0,0.0,0.7706975289433841,0.7996360510308226,0.6761698232046275,True,-1.0008140819599007,-0.05065026474919083,-0.21129772463654076,0.10999719513815909,,-0.027407061388611043,previous_16_forest,1100042,common_eligible
277,277,1.0,1.0,0.8899587640399118,0.6571883102984911,0.6949602826877443,True,0.38052910860480893,0.04486534436704849,-0.13363026895608038,0.22336095769017733,,0.19707323380293573,previous_16_forest,1100042,common_eligible
282,282,0.0,0.0,0.6242142583352659,0.7571276832097704,0.5971964131695995,True,1.8548542826412273,-0.02160854098539285,-0.1211191052206424,0.07790202324985669,,0.2904593735133494,previous_16_forest,1100042,common_eligible
284,284,0.0,1.0,0.165961740107582,0.2648228095315991,0.514195344235494,True,-0.6320944504716184,-0.014910915911756372,-0.1828449728571391,0.15302314103362635,,0.18518688543613304,previous_16_forest,1100042,common_eligible
288,288,1.0,0.0,0.7505225115757947,0.4903908062603042,0.5449901216819462,True,-0.6715482861175665,-0.03886980122254554,-0.1938398486657993,0.11610024622070816,,0.004640120746827181,previous_16_forest,1100042,common_eligible
294,294,1.0,1.0,0.8451910646332451,0.43013622511656785,0.4917343574441283,True,0.6629599590482724,-0.0199990782696643,-0.14367908526812312,0.1036809287287945,,-0.34951026332690505,previous_16_forest,1100042,common_eligible
318,318,0.0,0.0,0.66189466139291,0.6176196453370544,0.6093684360437954,True,1.8184565495415876,-0.09129178444700375,-0.20231122140063743,0.01972765250662989,,-0.20199985734703257,previous_16_forest,1100042,common_eligible
328,328,0.0,1.0,0.4554382669663533,0.23050839088612612,0.37745815080023437,True,-1.266097765161124,0.007189974012851394,-0.06645539083553383,0.08083533886123659,,0.10327243996857394,previous_16_forest,1100042,common_eligible
334,334,0.0,0.0,0.3930094599324805,0.5568270299570499,0.4154695361894817,True,0.7759995212117927,-0.15360224720386353,-0.31054499321097795,0.0033404988032508798,,-0.1484375342195409,previous_16_forest,1100042,common_eligible
339,339,0.0,1.0,0.7123287684958649,0.5965313646162235,0.5338441386443092,True,-1.4652210604265317,-0.04630622089113474,-0.17445944070493974,0.08184699892267025,,-0.04096418254395162,previous_16_forest,1100042,common_eligible
343,343,1.0,1.0,0.7236263266837605,0.42606457600615094,0.48352841076254344,True,0.7711907545664358,-0.05955675845746092,-0.283899897578871,0.16478638066394913,,-0.252500407706424,previous_16_forest,1100042,common_eligible
346,346,0.0,0.0,0.46943483162071914,0.35636071460224444,0.36214937357924687,True,0.6774511348436724,-0.06782566738527933,-0.15863038620690895,0.022979051436350248,,0.021257549177203516,previous_16_forest,1100042,common_eligible
347,347,0.0,1.0,0.13819900543485328,0.20854809659149431,0.21954158118379383,True,-0.9073761951826255,-0.11333614043640881,-0.23101974268955522,0.004347461816737563,,0.0718545920669893,previous_16_forest,1100042,common_eligible
349,349,0.0,1.0,0.819374021936378,0.7568505325005744,0.39240068020192026,True,-1.7105987845069595,-0.12029248441598822,-0.28710969952321025,0.04652473069123378,,0.03268878550218324,previous_16_forest,1100042,common_eligible
354,354,1.0,0.0,0.5853055428676434,0.2524622983928083,0.4628861890372528,True,-0.5804214971668349,0.05260662609454639,-0.10131685018033879,0.20653010236943153,,-0.14297135067526034,previous_16_forest,1100042,common_eligible
357,357,1.0,1.0,0.6142655521764459,0.2060803248032176,0.41291894608640156,True,1.1625833343530798,-0.09291350726347125,-0.24215670924757685,0.056329694720634316,,0.1013446835796018,previous_16_forest,1100042,common_eligible
360,360,1.0,0.0,0.38651790888521204,0.2306072169413372,0.40016875934609153,True,-0.8657559684972658,0.01359516751818046,-0.1027996415606488,0.1299899765970097,,-0.20995476861796994,previous_16_forest,1100042,common_eligible
361,361,0.0,0.0,0.34851287331494013,0.24121341654366313,0.3061734745952691,True,0.43521053064501125,-0.04173448539302918,-0.2411405598153944,0.15767158902933598,,-0.0406445885166562,previous_16_forest,1100042,common_eligible
365,365,1.0,0.0,0.5609949998357885,0.22974825153255124,0.15583176245573074,True,-0.35169394253245734,-0.13510456406545138,-0.33575693257451905,0.06554780444361624,,-0.3344524588585174,previous_16_forest,1100042,common_eligible
368,368,1.0,0.0,0.7144763471109917,0.33453049369043947,0.38201820790762825,True,-0.4871950775257867,-0.022965522539986495,-0.15510405390722737,0.10917300882725436,,-0.05427466854280549,previous_16_forest,1100042,common_eligible
370,370,1.0,0.0,0.15653430465777965,0.02629126316192854,0.10967260497774348,True,-0.6172484991478848,-0.05506726353852939,-0.15748880625154432,0.04735427917448551,,-0.11224918810400103,previous_16_forest,1100042,common_eligible
380,380,0.0,1.0,0.6878149029069726,0.36463910669929406,0.29591553046516367,True,-2.103929289821977,-0.12550142403564715,-0.25394933059652847,0.002946482525234162,,-0.4595323870462047,previous_16_forest,1100042,common_eligible
384,384,1.0,1.0,0.6991269922243776,0.5966318783852748,0.5366048230438505,True,0.6027926928731142,-0.003829495076678073,-0.16471273513924917,0.157053744985893,,0.0703099140074529,previous_16_forest,1100042,common_eligible
392,392,1.0,1.0,0.8614603243019535,0.5800537910376975,0.6846734150242414,True,0.4706568935860111,-0.09338294486117006,-0.2731697784097475,0.0864038886874073,,0.0859568948245617,previous_16_forest,1100042,common_eligible
398,398,0.0,1.0,0.3129762713834932,0.33417631649904134,0.4021437689251464,True,-0.9011747413111626,-0.018152116811801962,-0.09617167817380098,0.05986744455019704,,-0.3498504475078327,previous_16_forest,1100042,common_eligible
409,409,0.0,0.0,0.11679745745352858,0.15127360948487623,0.5812057701001653,True,0.6012106637870761,-0.0456436809048277,-0.20653119084808239,0.11524382903842695,,0.14554265152238055,previous_16_forest,1100042,common_eligible
422,422,1.0,1.0,0.5507129822708522,0.31836206027305547,0.6701453942680505,True,0.9507425311648197,0.08872019661777855,-0.037991291625828455,0.21543168486138553,,0.04875396248008518,previous_16_forest,1100042,common_eligible
424,424,1.0,0.0,0.7464954807780942,0.879790735231433,0.7592146742920766,True,-1.1376146014817918,-0.15110118246191692,-0.3260595244838425,0.02385715956000864,,-0.411950972386599,previous_16_forest,1100042,common_eligible
431,431,1.0,1.0,0.36713437304234525,0.5899530811313569,0.34167287885306774,True,1.54487012492085,-0.08157103382181942,-0.17259749056765988,0.009455422924021031,,-0.32665406706368566,previous_16_forest,1100042,common_eligible
435,435,0.0,1.0,0.4128119791021276,0.9292238902404534,0.5903191812691675,True,-0.459438689980167,-0.10280507691708325,-0.20379029160702178,-0.0018198622271447529,,-0.10742312894197681,previous_16_forest,1100042,common_eligible
446,446,1.0,0.0,0.207651917069783,0.23371002250850403,0.1656214793364926,True,-0.8656804059085074,-0.08440526622750949,-0.28929095273812244,0.12048042028310338,,-0.06432527410523083,previous_16_forest,1100042,common_eligible
447,447,1.0,1.0,0.4981023071067494,0.19797201696763686,0.4276344421336481,True,1.3787547897265453,-0.05204509966554333,-0.17417951346767846,0.07008931413659178,,0.034144994760945346,previous_16_forest,1100042,common_eligible
451,451,1.0,1.0,0.8205827986502092,0.399979156334014,0.4679764481797659,True,0.7163457006783143,0.007328566557458976,-0.0945265665169757,0.10918369963189363,,-0.17663563846118313,previous_16_forest,1100042,common_eligible
460,460,1.0,0.0,0.5181717365597479,0.5632388279026856,0.4861193019321206,True,-1.0152627469026247,0.02415130117379152,-0.11478194792285223,0.16308455027043522,,-0.15089969081385596,previous_16_forest,1100042,common_eligible
462,462,0.0,0.0,0.5513082068767605,0.32863695498584805,0.6698210466834671,True,1.0736177132227254,0.025000165975525148,-0.2030695065768571,0.2530698385279073,,-0.02877369342676961,previous_16_forest,1100042,common_eligible
465,465,0.0,1.0,0.36159156033250706,0.6600450693607679,0.4784235442227994,True,-0.7141253416857155,-0.12839789269217125,-0.21841949794093038,-0.03837628744341215,,-0.07352311822592295,previous_16_forest,1100042,common_eligible
467,467,0.0,0.0,0.36947761306840915,0.708265262541474,0.45763720043747363,True,0.8726710898709444,-0.06709639481421754,-0.22715639285359268,0.09296360322515752,,0.18109530692018136,previous_16_forest,1100042,common_eligible
468,468,1.0,0.0,0.44478569594771444,0.6228285830035913,0.4086554395175758,True,-1.1329424367449745,-0.05516526265771708,-0.14594714897083502,0.03561662365540083,,-0.36394341785118856,previous_16_forest,1100042,common_eligible
474,474,0.0,0.0,0.4108135907084943,0.27221874486849695,0.46016852109909073,True,0.6499745965176722,0.09330747544389588,-0.06334529960641826,0.24996025049421,,0.27024214191256124,previous_16_forest,1100042,common_eligible
478,478,1.0,0.0,0.6224540581629963,0.3505206618163778,0.24860237781718628,True,-0.5013090093980563,-0.07244436836876095,-0.13200537621600075,-0.01288336052152115,,-0.14113139488284232,previous_16_forest,1100042,common_eligible
481,481,0.0,1.0,0.4198005895923617,0.3394131586665939,0.37760715606594353,True,-1.1003573859419211,-0.05051774601220167,-0.14317760699300178,0.042142114968598404,,0.24256774419822325,previous_16_forest,1100042,common_eligible
486,486,1.0,1.0,0.7383468135190601,0.8212550591490275,0.4197877770369635,True,0.38435885316665014,-0.22597856382897366,-0.40408615766700484,-0.04787096999094251,,-0.6892153014395378,previous_16_forest,1100042,common_eligible
487,487,1.0,1.0,0.8956480543249549,0.7915344635172233,0.7679999847268586,True,0.23549585589617522,0.014772810784036515,-0.08854607402036177,0.11809169558843478,,-0.028156691615068175,previous_16_forest,1100042,common_eligible
498,498,0.0,0.0,0.3063541399044933,0.42088359610743853,0.1848035134497123,True,0.370690058015337,-0.10121342934551178,-0.2818390224279127,0.07941216373688909,,-0.1062618189134249,previous_16_forest,1100042,common_eligible
503,503,0.0,0.0,0.3395268014625856,0.27617554440285463,0.35000809390435395,True,0.491980545535906,-0.0729913717029898,-0.23737300872325387,0.09139026531727423,,-0.16728505428348134,previous_16_forest,1100042,common_eligible
507,507,1.0,1.0,0.8859001102129943,0.8865966398875496,0.7968638611966213,True,0.1395663674109266,-0.04588788216222706,-0.18733772771871865,0.09556196339426451,,-0.030854928811506976,previous_16_forest,1100042,common_eligible
508,508,0.0,0.0,0.47975197312686757,0.15859282696980662,0.39000642469903857,True,0.5362544020721209,-0.08989760349378402,-0.29005174397906663,0.11025653699149852,,-0.05620972089686527,previous_16_forest,1100042,common_eligible
514,514,1.0,1.0,0.843033792160751,0.8414953015516639,0.5764315146626963,True,0.2373697920209239,-0.13540443511672723,-0.24928292841885405,-0.021525941814600436,,-0.061478120138046544,previous_16_forest,1100042,common_eligible
526,526,0.0,0.0,0.10129153091652868,0.042358734823905134,0.17655423756550753,True,0.18132840098512712,-0.03744619799723679,-0.23311541561115273,0.15822301961667912,,0.020299231269924375,previous_16_forest,1100042,common_eligible
528,528,1.0,1.0,0.49758777811122273,0.40558051953528407,0.4872264650150014,True,1.1121646952195503,0.0004701356832759045,-0.16611405021160414,0.1670543215781559,,-0.3151680255715663,previous_16_forest,1100042,common_eligible
532,532,1.0,0.0,0.6245267529523751,0.5227295667184925,0.4736574578423922,True,-0.807498318166949,-0.11713480674214038,-0.21188650281931992,-0.022383110664960862,,-0.5334643262344162,previous_16_forest,1100042,common_eligible
534,534,0.0,1.0,0.6778816007416822,0.3604319205984162,0.6706277882037434,True,-1.6753103340714428,0.022804474676853773,-0.1488225051945387,0.19443145454824617,,0.13543398492073888,previous_16_forest,1100042,common_eligible
535,535,0.0,0.0,0.6611535468240362,0.4533109510913328,0.41224325440128784,True,1.2967386956818039,0.026313119897535174,-0.08165288485204308,0.1342791246471134,,0.03704061610492676,previous_16_forest,1100042,common_eligible
538,538,1.0,0.0,0.6651563250956901,0.4798587808904419,0.5372023338324997,True,-0.7502896508092818,-0.023289037627367205,-0.16637887720867173,0.11980080195393727,,-0.06212851278558973,previous_16_forest,1100042,common_eligible
539,539,0.0,1.0,0.37142869831887027,0.2961151931347471,0.33558299942911807,True,-1.0803491579588416,-0.13215053968749527,-0.28821855848532874,0.023917479110338175,,-0.11126006308263126,previous_16_forest,1100042,common_eligible
546,546,0.0,0.0,0.2826828458712721,0.13386795259805961,0.20604327009386322,True,0.25879841974219997,-0.0946063157632545,-0.26506838028757745,0.07585574876106844,,-0.06620608679353736,previous_16_forest,1100042,common_eligible
549,549,1.0,0.0,0.8288674099529224,0.6164001135106475,0.6946438574038599,True,-0.759820160010687,-0.07108285501047404,-0.25334260267544534,0.11117689265449723,,-0.22605679180368443,previous_16_forest,1100042,common_eligible
550,550,0.0,0.0,0.19509711431448118,0.07036984122804744,0.19908605935459367,True,0.2161427169992828,-0.0744972532786707,-0.22221923787300718,0.07322473131566577,,-0.08381602753461014,previous_16_forest,1100042,common_eligible
552,552,1.0,0.0,0.5434486420815731,0.27889118915067584,0.3382245502757843,True,-0.56303372949873,-0.21702384798731728,-0.38579733791514914,-0.04825035805948541,,0.08753892270289004,previous_16_forest,1100042,common_eligible
559,559,1.0,0.0,0.3149490545208386,0.47624399226816577,0.3554436130238959,True,-1.24937532786466,-0.18680512373770647,-0.3492107831578462,-0.02439946431756676,,-0.36576085048430995,previous_16_forest,1100042,common_eligible
560,560,1.0,1.0,0.8811256561259284,0.633593720452972,0.5199736851452917,True,0.4311675458022086,-0.08849577183924685,-0.2993067951456774,0.1223152514671836,,-0.06469990771798673,previous_16_forest,1100042,common_eligible
561,561,1.0,0.0,0.6603182319591235,0.4897205678553892,0.48361254515846835,True,-0.7385011655056839,-0.06645936786922367,-0.14739497128359372,0.014476235545146363,,-0.14847635272894044,previous_16_forest,1100042,common_eligible
563,563,0.0,0.0,0.29740626879709164,0.2161160761345033,0.31620921790220086,True,0.40769064304982783,-0.08395713713238806,-0.21154279422064182,0.04362851995586567,,0.08723419972137467,previous_16_forest,1100042,common_eligible
568,568,1.0,1.0,0.8593155144113875,0.7799031568173304,0.6140000986800206,True,0.28329155646752596,-0.1356085595172724,-0.2844704245780396,0.013253305543494798,,-0.11006768648138565,previous_16_forest,1100042,common_eligible
569,569,0.0,1.0,0.552713430927472,0.6607694981461454,0.6407965245335957,True,-0.7783916816843498,-0.07364290557493128,-0.18843906281318398,0.0411532516633214,,-0.03506472883281053,previous_16_forest,1100042,common_eligible
578,578,0.0,0.0,0.49708576653314507,0.4801091001523106,0.497821696551284,True,0.972366627251637,-0.07123275301204711,-0.16684166201677625,0.024376155992682003,,-0.1661069213092291,previous_16_forest,1100042,common_eligible
580,580,1.0,1.0,0.899605100669862,0.50710398066814,0.7915147094541785,True,0.516162739074308,-0.035639522208716766,-0.1546655621941123,0.08338651777667871,,0.041240948763694774,previous_16_forest,1100042,common_eligible
584,584,1.0,0.0,0.35287417389370207,0.30021953433182547,0.49331001190337975,True,-1.2048866156797695,-0.019730845669547702,-0.11808124274778586,0.07861955140869042,,-0.18620539681394355,previous_16_forest,1100042,common_eligible
588,588,1.0,1.0,0.7598583745967782,0.5995424759900885,0.7148204578731395,True,0.49058415953515905,-0.005867129436930766,-0.1150789109810197,0.10334465210715814,,0.05151712594740754,previous_16_forest,1100042,common_eligible
594,594,0.0,1.0,0.4358582421572592,0.3460334094865359,0.38424756729146553,True,-1.1210097099942038,-0.10647442197230607,-0.22990780827342366,0.0169589643288115,,-0.1845762402931477,previous_16_forest,1100042,common_eligible
599,599,0.0,1.0,0.5046755161900264,0.3266497288880581,0.385273608128354,True,-1.3007885728408457,-0.040563166615053006,-0.14222251311885686,0.06109617988875084,,-0.017020805613165407,previous_16_forest,1100042,common_eligible
603,603,1.0,1.0,0.8965925840325221,0.8243380364181743,0.4892260527434843,True,0.23457145599782514,-0.07784983534808322,-0.15642196000299063,0.0007222893068241643,,-0.4064471216929251,previous_16_forest,1100042,common_eligible
606,606,0.0,1.0,0.18237376499033633,0.3560698797170154,0.47612523671269574,True,-0.6675051354527719,-0.0618693970554383,-0.14309281506340799,0.01935402095253136,,-0.0810499975355446,previous_16_forest,1100042,common_eligible
607,607,0.0,0.0,0.23280415264097337,0.41170132174618174,0.5372793268353263,True,0.6622093270174512,-0.00813152656430742,-0.15465816542676042,0.13839511229814555,,-0.20262165996000597,previous_16_forest,1100042,common_eligible
609,609,0.0,1.0,0.2628374819709594,0.36078643162062185,0.35464751610762496,True,-0.873265977383221,-0.13763497540979006,-0.2845989038830199,0.009328953063439754,,-0.17815202596793825,previous_16_forest,1100042,common_eligible
614,614,1.0,1.0,0.5725481025159181,0.3211491897096859,0.24990459102627388,True,1.2388556456063187,-0.13754485273555292,-0.3406239734378733,0.06553426796676745,,0.13800989485438941,previous_16_forest,1100042,common_eligible
617,617,1.0,0.0,0.7178628683233365,0.8046924935842484,0.5572084569123933,True,-1.0236886315881897,-0.09819822992295915,-0.2254519103391739,0.02905545049325553,,-0.32977963417948597,previous_16_forest,1100042,common_eligible
621,621,1.0,1.0,0.7193845650821762,0.6344655398288193,0.5948234146883061,True,0.5235845619172083,-0.1082030752874578,-0.23302154612744774,0.01661539555253211,,-0.10300534475910206,previous_16_forest,1100042,common_eligible
626,626,1.0,0.0,0.3736141740442338,0.06745964454305278,0.12729022832165562,True,-0.2808690929595318,-0.1176466726726364,-0.21922974994778038,-0.016063595397492456,,-0.14734105843629364,previous_16_forest,1100042,common_eligible
638,638,1.0,0.0,0.2697830694999069,0.11823365301753028,0.21871791402465623,True,-0.7102334553791936,-0.17304783163794857,-0.2903148211626846,-0.055780842113212534,,-0.028967779075204383,previous_16_forest,1100042,common_eligible
648,648,1.0,1.0,0.4852006994696448,0.7157485743563327,0.5651797961163051,True,0.7455968793094794,-0.12096786653320996,-0.26271951411636313,0.02078378104994319,,0.22657797391420198,previous_16_forest,1100042,common_eligible
651,651,1.0,0.0,0.8401183931465057,0.5071258397571329,0.556199610400912,True,-0.6129753106979241,-0.13292448869029155,-0.2218663830337521,-0.04398259434683101,,0.14285091672279376,previous_16_forest,1100042,common_eligible
656,656,0.0,0.0,0.3101450412208527,0.340387868789398,0.5407822713688586,True,0.6938138735241799,0.027294555178623735,-0.09210764771452305,0.1466967580717705,,0.008071797181922913,previous_16_forest,1100042,common_eligible
662,662,0.0,0.0,0.7959842692459583,0.6034198165118695,0.7499445238456008,True,3.1042369106115437,0.09578770135323889,0.0003767831383266751,0.19119861956815107,,0.12090442381375327,previous_16_forest,1100042,common_eligible
663,663,1.0,1.0,0.6610798634547888,0.5618716603340234,0.6409124924563105,True,0.622224080311252,-0.01796079801800486,-0.0975097057637322,0.06158810972772247,,-0.0006267839972746714,previous_16_forest,1100042,common_eligible
676,676,1.0,0.0,0.507401880629761,0.5127802999231931,0.4499318617727279,True,-0.9495851235058599,-0.07400946072478971,-0.22180307614519346,0.07378415469561396,,0.288078314021742,previous_16_forest,1100042,common_eligible
680,680,1.0,0.0,0.8141978420868451,0.2869393845191941,0.4172902560208017,True,-0.38216615378460306,-0.02968844712522943,-0.11837858537588065,0.05900169112542178,,-0.21676132704337042,previous_16_forest,1100042,common_eligible
684,684,0.0,0.0,0.4766523045361201,0.07513178652844553,0.2174767696942824,True,0.285904966671355,-0.03440030851955389,-0.13897107227161148,0.07017045523250366,,-0.09365228131014089,previous_16_forest,1100042,common_eligible
707,707,1.0,0.0,0.3768236162512079,0.21999018957436853,0.15244492978645324,True,-0.47209774326290654,-0.006000225832172694,-0.14629574829075234,0.13429529662640693,,-0.18261274863827542,previous_16_forest,1100042,common_eligible
708,708,0.0,0.0,0.3698832267762659,0.4359452270509308,0.3384426090876757,True,0.5943456958351474,-0.10254494146776817,-0.1718549234708224,-0.033234959464713956,,-0.3033594815556778,previous_16_forest,1100042,common_eligible
712,712,0.0,0.0,0.18169942803019956,0.3483755324711836,0.4638729077443998,True,0.5412279007115395,0.018958754872161015,-0.14928820100054085,0.18720571074486284,,0.20262182932038472,previous_16_forest,1100042,common_eligible
713,713,0.0,1.0,0.30172304816197165,0.7423430634699268,0.7439440798937178,True,-0.36738858841975974,0.004003268680367278,-0.11470025474964093,0.12270679211037547,,0.18351149860665072,previous_16_forest,1100042,common_eligible
735,735,1.0,1.0,0.8694686080795979,0.5844308610603225,0.6425500366292001,True,0.46923230840561386,0.05465607603360618,-0.10853381121270522,0.21784596327991754,,0.2892291597635016,previous_16_forest,1100042,common_eligible
739,739,0.0,1.0,0.14059620722970467,0.41427891808859935,0.5058978375242775,True,-0.5899245957765644,0.0031135069559730037,-0.2257633690866266,0.23199038299857255,,0.04653584065128688,previous_16_forest,1100042,common_eligible
743,743,1.0,0.0,0.5692538911841943,0.7080620099968636,0.32731312680490154,True,-0.9557350745450087,-0.17399641840641045,-0.26334574174970615,-0.08464709506311473,,-0.3588049137290085,previous_16_forest,1100042,common_eligible
744,744,0.0,0.0,0.3118142009206158,0.210505656527709,0.2889662622933762,True,0.3843455234860146,0.033084551973569895,-0.11308102288288864,0.1792501268300284,,0.00043827428651807554,previous_16_forest,1100042,common_eligible
752,752,1.0,0.0,0.49758777811122273,0.40558051953528407,0.4872264650150014,True,-0.8975309685201571,0.0004701356832759045,-0.16611405021160414,0.1670543215781559,,-0.048624029853681416,previous_16_forest,1100042,common_eligible
760,760,1.0,1.0,0.6923625177555169,0.850217956227505,0.4855566687010878,True,0.37836468240422183,-0.17085028085468232,-0.3365550257965122,-0.005145535912852439,,-0.1049719012824385,previous_16_forest,1100042,common_eligible
773,773,1.0,1.0,0.8692190214186036,0.8436889406696257,0.8195912350796875,True,0.18345500606825518,-0.035834179926652776,-0.14482918504200226,0.07316082518869667,,-0.05078761983714952,previous_16_forest,1100042,common_eligible
776,776,0.0,0.0,0.31663476014439645,0.08008089698774759,0.5902902966217077,True,0.6273954844934547,0.04519238056968672,-0.05787595936757803,0.14826072050695144,,0.11215936655437345,previous_16_forest,1100042,common_eligible
779,779,0.0,0.0,0.2678184325535205,0.08330175475788688,0.27990551106156925,True,0.31037574738016627,-0.07274333040511939,-0.16809319921389462,0.022606538403655826,,0.2102850669914252,previous_16_forest,1100042,common_eligible
781,781,1.0,1.0,0.7123470085971387,0.6527426477414702,0.7956398525158767,True,0.4297800652591865,-0.08354416048773937,-0.17343378193628495,0.006345460960806196,,0.031273744586730046,previous_16_forest,1100042,common_eligible
798,798,1.0,1.0,0.5738126182125843,0.46068818927264343,0.5976888420277162,True,0.8381200516722238,0.029861938367896947,-0.12307407582380148,0.18279795255959533,,-0.012829595656138837,previous_16_forest,1100042,common_eligible
822,822,0.0,0.0,0.7851162928321804,0.7046278642903282,0.8247738002254398,True,3.3992585014123486,0.1325289218496061,-0.03601330475870995,0.3010711484579221,,0.15687867128973654,previous_16_forest,1100042,common_eligible
827,827,0.0,1.0,0.20288079088929653,0.5241359055390684,0.24605771175222765,True,-0.8750580294526048,-0.1383866603064962,-0.2300081931672544,-0.04676512744573803,,-0.47170840662307595,previous_16_forest,1100042,common_eligible
839,839,0.0,0.0,0.3457686744055575,0.11306920663287603,0.2451795237176338,True,0.3049378816012382,-0.12325284589546279,-0.21473573100431773,-0.03176996078660786,,-0.082870305049013,previous_16_forest,1100042,common_eligible
845,845,1.0,1.0,0.7528255879767299,0.5241888824954964,0.6719913065685705,True,0.5835058574712071,0.06315093209228927,-0.05125048755707093,0.17755235174164943,,-0.054967122143437575,previous_16_forest,1100042,common_eligible
848,848,0.0,0.0,0.17483878760299573,0.28157635521239033,0.4430755041233401,True,0.5027371409324621,-0.035256809637175264,-0.22808083770840726,0.15756721843405672,,0.0857810802170664,previous_16_forest,1100042,common_eligible
859,859,1.0,1.0,0.7373400317381571,0.6355575696528242,0.7193803968714338,True,0.46440653493762757,-0.02933579433272763,-0.20265042751700446,0.1439788388515492,,0.10091643251497262,previous_16_forest,1100042,common_eligible
868,868,1.0,0.0,0.31583729181060693,0.2817127011098317,0.3191643924637717,True,-0.9730825322461023,-0.07155807793325807,-0.2662900720640789,0.12317391619756272,,-0.03768758335333155,previous_16_forest,1100042,common_eligible
875,875,1.0,1.0,0.29531008762210065,0.07912991957847505,0.6109044504212634,True,1.8493575254225414,0.011373152593017672,-0.16554670946305555,0.18829301464909082,,0.2750351541256375,previous_16_forest,1100042,common_eligible
892,892,0.0,0.0,0.27347889324090585,0.16967780186995057,0.2976976430760834,True,0.3615681859016624,-0.024059804892174113,-0.14830894617413576,0.1001893363897875,,-0.4218944972490402,previous_16_forest,1100042,common_eligible
893,893,0.0,1.0,0.42085724154393517,0.5580748909008013,0.45303306307459573,True,-0.868109487132394,-0.058492286245485775,-0.15068175053068486,0.03369717803971328,,-0.13899119129057289,previous_16_forest,1100042,common_eligible
898,898,1.0,1.0,0.45934439356074347,0.35476448765368485,0.3236514930098746,True,1.4413083878121953,-0.03936322438477773,-0.12045188966477843,0.04172544089522296,,0.11489019733853345,previous_16_forest,1100042,common_eligible
908,908,1.0,1.0,0.6365652602732746,0.6295636282019533,0.5896667259332578,True,0.6047082932623769,-0.048010259118745395,-0.25700774285320416,0.1609872246157133,,0.2700079153490359,previous_16_forest,1100042,common_eligible
913,913,0.0,0.0,0.5308264042468199,0.11342777478333023,0.3404191062586567,True,0.4687521121544711,0.022209008369707118,-0.0849796608738441,0.12939767761325832,,0.5763362625455206,previous_16_forest,1100042,common_eligible
915,915,1.0,1.0,0.8985851067619373,0.7232743029046582,0.7980944182188292,True,0.2995128909475666,0.06289554112751924,-0.04131711061660845,0.1671081928716469,,-0.10460704553612188,previous_16_forest,1100042,common_eligible
929,929,1.0,0.0,0.6916926471757976,0.6858593018090088,0.6222244139251306,True,-0.9632026604569887,2.105395153472236e-06,-0.19128693191984428,0.19129114271015116,,-0.2246108655442407,previous_16_forest,1100042,common_eligible
934,934,0.0,0.0,0.16596429850894365,0.0826899077671382,0.18813787977363342,True,0.20459229834565362,-0.16654236252986906,-0.29514944319563746,-0.037935281864100695,,-0.17923562100166213,previous_16_forest,1100042,common_eligible
955,955,1.0,1.0,0.8062389388722103,0.7848820948281187,0.6506758673207707,True,0.2990699587903192,-0.133795576424948,-0.23019187093564972,-0.03739928191424628,,-0.4074361291328243,previous_16_forest,1100042,common_eligible
960,960,1.0,1.0,0.6169205350449707,0.790681783085625,0.7725197484222939,True,0.3505730594944989,0.05099376848588455,-0.04549609717940281,0.14748363415117188,,0.30302428580824725,previous_16_forest,1100042,common_eligible
961,961,0.0,1.0,0.6459631126925524,0.3934689512184359,0.5073995551188606,True,-1.5992554242403352,-0.020267330000515633,-0.11467048060679484,0.07413582060576356,,-0.17386110854674186,previous_16_forest,1100042,common_eligible
967,967,0.0,0.0,0.7025011045969207,0.4999528368047523,0.5838649043767172,True,1.7644320443852217,-0.04701637415957496,-0.15777586491357118,0.06374311659442125,,0.11315424130412288,previous_16_forest,1100042,common_eligible
976,976,0.0,0.0,0.2203148929636295,0.14759079626328167,0.10375342296051097,True,0.14545801650438245,-0.17748102026165577,-0.3315255978132007,-0.02343644271011086,,-0.10435438224184548,previous_16_forest,1100042,common_eligible
980,980,1.0,1.0,0.7864025728605536,0.6500216632542597,0.5197682991302457,True,0.48041567161286414,-0.11671094499710488,-0.2516295458059177,0.018207655811707885,,-0.1328309937568829,previous_16_forest,1100042,common_eligible
986,986,1.0,0.0,0.7204440166871243,0.5976666952471066,0.5353579233876417,True,-0.8054031844543825,-0.10237869997473266,-0.25594317360938074,0.051185773659915376,,-0.21930664730454208,previous_16_forest,1100042,common_eligible
987,987,0.0,0.0,0.5668175067673874,0.538643900822921,0.5568450543270194,True,1.2616583782024131,-0.10070946299386796,-0.2459306869859208,0.04451176099818485,,0.16537846499403014,previous_16_forest,1100042,common_eligible
989,989,0.0,0.0,0.44506880144046523,0.5107233170115604,0.3928889285745585,True,0.8025018952992032,0.030325876133986403,-0.07049959460222376,0.13115134687019653,,-0.22553091570484401,previous_16_forest,1100042,common_eligible
5,5,1.0,1.0,0.6886902448318962,0.43911271353356796,0.6395956711150875,True,0.7238014328895069,0.01949758948166136,,,,0.29544125881310984,overlap_architecture_selected,1100042,common_eligible
12,12,0.0,1.0,0.45536377990472693,0.30277717908963697,0.6586409449246177,True,-0.9242986530147942,0.06128401062210631,,,,-0.1020346687031714,overlap_architecture_selected,1100042,common_eligible
15,15,1.0,0.0,0.5738846364811898,0.17688748329857346,0.34941134840487204,True,-0.43632907535105525,0.021037468199904416,,,,-0.003080297422145953,overlap_architecture_selected,1100042,common_eligible
30,30,0.0,0.0,0.6165081669579549,0.32762515086958754,0.3915613408039559,True,0.9182572540120679,-0.04020939898042611,,,,-0.15824629257148742,overlap_architecture_selected,1100042,common_eligible
39,39,1.0,0.0,0.5283941923786181,0.22693677485561858,0.229158124496928,True,-0.4314664686622005,0.0010790062068289363,,,,-0.0787740414269622,overlap_architecture_selected,1100042,common_eligible
40,40,0.0,0.0,0.33082502417666987,0.32176537208461387,0.5009207508294868,True,0.6599942978761879,0.007842466017090821,,,,0.060474988513839145,overlap_architecture_selected,1100042,common_eligible
43,43,1.0,0.0,0.7497677015962065,0.44851723490608075,0.27217477543619334,True,-0.5393545962380504,-0.045299877534159594,,,,-0.19702180525731344,overlap_architecture_selected,1100042,common_eligible
45,45,0.0,0.0,0.27336578646015486,0.32576131498656064,0.41803561771837555,True,0.5405897122135588,0.06755852132912554,,,,0.13139903885494988,overlap_architecture_selected,1100042,common_eligible
48,48,1.0,1.0,0.4802296576804731,0.4870298570368133,0.5704005270895433,True,0.977941561374682,0.08218002171793648,,,,-0.02351093248221392,overlap_architecture_selected,1100042,common_eligible
63,63,1.0,0.0,0.5623417191235032,0.264572781979675,0.3669001267160975,True,-0.5501231390867736,-0.002109450234577981,,,,-0.08061850681857732,overlap_architecture_selected,1100042,common_eligible
67,67,1.0,1.0,0.2977390283601627,0.3555142218785498,0.2870204669000227,True,2.3261521099818276,-0.07587856511858265,,,,-0.4040936263411786,overlap_architecture_selected,1100042,common_eligible
69,69,0.0,0.0,0.48300845845554913,0.48353278441116976,0.474478833961581,True,0.9262278589329651,-0.015396805088628285,,,,-0.2535047085663173,overlap_architecture_selected,1100042,common_eligible
72,72,1.0,0.0,0.7162128710145098,0.42287528672519464,0.5920177660691969,True,-0.6574522245889338,-0.010384739001380427,,,,0.03393963416448598,overlap_architecture_selected,1100042,common_eligible
93,93,0.0,1.0,0.19488947670716955,0.3361060432206797,0.40484702800871647,True,-0.7558587907360157,-0.09081102070878366,,,,-0.24763340158643393,overlap_architecture_selected,1100042,common_eligible
115,115,0.0,0.0,0.33194066857065085,0.2935587454838745,0.3932281116051261,True,0.5390895368653525,0.06924194970898273,,,,-0.036066766855671034,overlap_architecture_selected,1100042,common_eligible
116,116,0.0,1.0,0.25141780854303075,0.25174638493269663,0.4222174446018431,True,-0.8290900087166425,-0.02353667860744535,,,,-0.014342061446469406,overlap_architecture_selected,1100042,common_eligible
121,121,1.0,0.0,0.8398652597050242,0.5989572842914805,0.4442103852930673,True,-0.683653625595346,-0.0405393510280293,,,,-0.578150415838105,overlap_architecture_selected,1100042,common_eligible
122,122,1.0,0.0,0.7252031656863603,0.31029072531623764,0.36130313149630866,True,-0.44719712818449203,-0.06819296471295697,,,,-0.1662835077113541,overlap_architecture_selected,1100042,common_eligible
123,123,0.0,1.0,0.44628072784866835,0.5117687419252219,0.5412994010046365,True,-0.8521999987282558,0.005033611045012543,,,,0.03246765507545743,overlap_architecture_selected,1100042,common_eligible
126,126,0.0,0.0,0.20310721895170644,0.2440700879173672,0.24850699256609887,True,0.31071410243724573,-0.07279870489826512,,,,-0.3010231687743369,overlap_architecture_selected,1100042,common_eligible
130,130,0.0,0.0,0.2081933019164116,0.14152785465475756,0.22621292181289468,True,0.2634254781666544,0.0014830638412379193,,,,0.006309753656425152,overlap_architecture_selected,1100042,common_eligible
137,137,0.0,0.0,0.18858854536980185,0.15214372756593147,0.31957115049341395,True,0.35493245098414355,-0.0301169325139308,,,,-0.035394603233024145,overlap_architecture_selected,1100042,common_eligible
145,145,1.0,0.0,0.3198898517416831,0.3674625240728213,0.3956536140007415,True,-1.208652191740918,-0.03007375051423905,,,,-0.33769143797714973,overlap_architecture_selected,1100042,common_eligible
151,151,0.0,1.0,0.558857976371215,0.35839342245630085,0.5917593661598988,True,-1.2210558596555907,0.10603005284514233,,,,-0.31487008056515453,overlap_architecture_selected,1100042,common_eligible
162,162,0.0,0.0,0.5944369767255,0.6578015439334658,0.474481764296129,True,1.4386267642620596,-0.08968232170210799,,,,-0.1770906937214045,overlap_architecture_selected,1100042,common_eligible
167,167,0.0,1.0,0.5909803121276174,0.5115611927567805,0.6131517326299353,True,-1.0925788894370947,-0.00020618989816434397,,,,0.060419762402974864,overlap_architecture_selected,1100042,common_eligible
169,169,1.0,1.0,0.7043465498986552,0.7333831467196743,0.7729928930848249,True,0.3619043710038856,0.02599059594623554,,,,-0.059438745764093026,overlap_architecture_selected,1100042,common_eligible
186,186,1.0,0.0,0.6209286059275656,0.4879251516773409,0.620487066288505,True,-0.8667269897252676,0.059391531293585875,,,,-0.34838730337294177,overlap_architecture_selected,1100042,common_eligible
193,193,0.0,0.0,0.6073541896643015,0.5429075493449496,0.45978540460274486,True,1.2995681452185681,2.8030887568447627e-05,,,,-0.07790570380726344,overlap_architecture_selected,1100042,common_eligible
196,196,0.0,0.0,0.5530932063049111,0.43804518892263,0.6865928753613981,True,1.2287189326639822,0.14316871703925965,,,,0.18500422317417548,overlap_architecture_selected,1100042,common_eligible
198,198,0.0,0.0,0.12679552460219823,0.2737565061517209,0.3051085998743602,True,0.34485999921866517,-0.01248492051440675,,,,-0.09796041668062988,overlap_architecture_selected,1100042,common_eligible
208,208,1.0,1.0,0.3545069252882911,0.38470087287856297,0.7242372562432111,True,1.1174132711928166,0.1447054442322313,,,,-0.38364186382161225,overlap_architecture_selected,1100042,common_eligible
211,211,0.0,0.0,0.23691414764834637,0.27207789607028493,0.5454605917212394,True,0.6299322178728696,-0.0081533265340544,,,,0.039362356322426656,overlap_architecture_selected,1100042,common_eligible
229,229,0.0,0.0,0.33945930940289487,0.16041543337143147,0.22242470460253988,True,0.30486400471682545,0.034364842768696585,,,,-0.0181111175885878,overlap_architecture_selected,1100042,common_eligible
237,237,0.0,1.0,0.25921703022348735,0.5765152810446293,0.5611316125306545,True,-0.5870554485538589,0.011001306434498703,,,,0.014677238537030401,overlap_architecture_selected,1100042,common_eligible
241,241,1.0,0.0,0.31115273270856575,0.36077569192973735,0.4658939473929223,True,-1.3921976875380018,0.002647206882850972,,,,-0.2359562924134932,overlap_architecture_selected,1100042,common_eligible
250,250,1.0,1.0,0.8196009580552618,0.4416565611653421,0.48980873579885487,True,0.6706395682692159,-0.00021698250123147744,,,,-0.14381661120733635,overlap_architecture_selected,1100042,common_eligible
254,254,0.0,1.0,0.2007675237597971,0.27705761091077474,0.2620477458900211,True,-0.919555676885324,-0.00019712028767832068,,,,0.11029612787953566,overlap_architecture_selected,1100042,common_eligible
261,261,0.0,0.0,0.3575553857892817,0.3735503319630189,0.6111515316007571,True,0.8190526177058122,0.047511420013036876,,,,0.31285754382566056,overlap_architecture_selected,1100042,common_eligible
264,264,1.0,1.0,0.5575716301467317,0.551370892801076,0.6322981700302076,True,0.7403973974592932,0.03123235260497681,,,,0.10130985419071503,overlap_architecture_selected,1100042,common_eligible
265,265,0.0,0.0,0.48982120123956585,0.43406536564271486,0.3351911794140067,True,0.7519360918489976,-0.07814565205705842,,,,-0.19966649402570194,overlap_architecture_selected,1100042,common_eligible
270,270,0.0,0.0,0.4135551614132835,0.3184063871650789,0.420963600717777,True,0.645500669125454,-0.027850912779359,,,,-0.05981133747776573,overlap_architecture_selected,1100042,common_eligible
271,271,1.0,0.0,0.7706975289433841,0.7562146336316417,0.7384631467996909,True,-0.9759265413337005,-0.06119698087332126,,,,-0.027407061388611043,overlap_architecture_selected,1100042,common_eligible
277,277,1.0,1.0,0.8899587640399118,0.6458708178351532,0.6679903290584489,True,0.395181370218216,0.03152930965092182,,,,0.19707323380293573,overlap_architecture_selected,1100042,common_eligible
282,282,0.0,0.0,0.6242142583352659,0.6385999850852305,0.6582216006086308,True,1.718994194845402,0.008305790542638747,,,,0.2904593735133494,overlap_architecture_selected,1100042,common_eligible
284,284,0.0,1.0,0.165961740107582,0.2877307707237178,0.5002532638450379,True,-0.6414781727092347,0.06756955416304028,,,,0.18518688543613304,overlap_architecture_selected,1100042,common_eligible
288,288,1.0,0.0,0.7505225115757947,0.40965515321277707,0.5626210823141291,True,-0.5966732537831847,-0.009989875800092918,,,,0.004640120746827181,overlap_architecture_selected,1100042,common_eligible
294,294,1.0,1.0,0.8451910646332451,0.3735045928466627,0.48318527729363164,True,0.7211574786682029,-0.07969976609432633,,,,-0.34951026332690505,overlap_architecture_selected,1100042,common_eligible
318,318,0.0,0.0,0.66189466139291,0.610206397200015,0.5866730642050217,True,1.7812485722949787,0.005693847069348723,,,,-0.20199985734703257,overlap_architecture_selected,1100042,common_eligible
328,328,0.0,1.0,0.4554382669663533,0.2656609576154469,0.43784576298192335,True,-1.1763106871347944,0.01564641986223178,,,,0.10327243996857394,overlap_architecture_selected,1100042,common_eligible
334,334,0.0,0.0,0.3930094599324805,0.4317504499128408,0.3681998499036466,True,0.6477462348060805,-0.052935615687927984,,,,-0.1484375342195409,overlap_architecture_selected,1100042,common_eligible
339,339,0.0,1.0,0.7123287684958649,0.462599580719612,0.5171888708417425,True,-1.8135169381944931,0.051923247129614825,,,,-0.04096418254395162,overlap_architecture_selected,1100042,common_eligible
343,343,1.0,1.0,0.7236263266837605,0.4652288292539401,0.46481840935714563,True,0.7391723881188952,-0.00028242128610922457,,,,-0.252500407706424,overlap_architecture_selected,1100042,common_eligible
346,346,0.0,0.0,0.46943483162071914,0.3123441068267794,0.44459946206372875,True,0.7209560944522617,-0.061016953283822395,,,,0.021257549177203516,overlap_architecture_selected,1100042,common_eligible
347,347,0.0,1.0,0.13819900543485328,0.22378960076068227,0.21595655165478395,True,-0.9085170865279985,-0.020237557700525516,,,,0.0718545920669893,overlap_architecture_selected,1100042,common_eligible
349,349,0.0,1.0,0.819374021936378,0.5679724212987114,0.5071123767472285,True,-2.4526952796200243,-0.08582049578099371,,,,0.03268878550218324,overlap_architecture_selected,1100042,common_eligible
354,354,1.0,0.0,0.5853055428676434,0.2175613315314811,0.4370626507960869,True,-0.527224311684905,0.01470735232778686,,,,-0.14297135067526034,overlap_architecture_selected,1100042,common_eligible
357,357,1.0,1.0,0.6142655521764459,0.4219616250791184,0.4005952991841591,True,0.9544407964351951,-0.01919841283728374,,,,0.1013446835796018,overlap_architecture_selected,1100042,common_eligible
360,360,1.0,0.0,0.38651790888521204,0.27887537503539384,0.3728450070006862,True,-0.8706558056400155,-0.04278667451568491,,,,-0.20995476861796994,overlap_architecture_selected,1100042,common_eligible
361,361,0.0,0.0,0.34851287331494013,0.2280082618167971,0.3658238801728333,True,0.48779684204799756,0.020649553735192422,,,,-0.0406445885166562,overlap_architecture_selected,1100042,common_eligible
365,365,1.0,0.0,0.5609949998357885,0.24677152372555747,0.1454220576071962,True,-0.3605711305712769,-0.09644430266768311,,,,-0.3344524588585174,overlap_architecture_selected,1100042,common_eligible
368,368,1.0,0.0,0.7144763471109917,0.3393963309525345,0.40413291859122324,True,-0.5008985383180317,-0.04949985868038759,,,,-0.05427466854280549,overlap_architecture_selected,1100042,common_eligible
370,370,1.0,0.0,0.15653430465777965,0.08636037728443229,0.09665135579421642,True,-0.6071542262682914,-0.034681196964225156,,,,-0.11224918810400103,overlap_architecture_selected,1100042,common_eligible
380,380,0.0,1.0,0.6878149029069726,0.42132136979814333,0.2712031576931967,True,-2.0037577214548032,-0.11030914232780659,,,,-0.4595323870462047,overlap_architecture_selected,1100042,common_eligible
384,384,1.0,1.0,0.6991269922243776,0.4398665773653232,0.6027720238041581,True,0.7310825882367813,0.008271963188452247,,,,0.0703099140074529,overlap_architecture_selected,1100042,common_eligible
392,392,1.0,1.0,0.8614603243019535,0.5662748317055308,0.6880154461934109,True,0.4838983889151493,0.0288702916133744,,,,0.0859568948245617,overlap_architecture_selected,1100042,common_eligible
398,398,0.0,1.0,0.3129762713834932,0.35418840396003975,0.38787152607700975,True,-0.9063304016378244,-0.08353881483368436,,,,-0.3498504475078327,overlap_architecture_selected,1100042,common_eligible
409,409,0.0,0.0,0.11679745745352858,0.20584861948811975,0.556903583214011,True,0.584125646351659,0.10757007201556462,,,,0.14554265152238055,overlap_architecture_selected,1100042,common_eligible
422,422,1.0,1.0,0.5507129822708522,0.5024718989257115,0.6495343239357831,True,0.7834477788092136,0.04352317903831332,,,,0.04875396248008518,overlap_architecture_selected,1100042,common_eligible
424,424,1.0,0.0,0.7464954807780942,0.7704528533042619,0.7154704430569344,True,-1.0134214919028233,-0.016657867721649233,,,,-0.411950972386599,overlap_architecture_selected,1100042,common_eligible
431,431,1.0,1.0,0.36713437304234525,0.5649795561570403,0.4130122565866628,True,1.4468689481748973,-0.08414099616891402,,,,-0.32665406706368566,overlap_architecture_selected,1100042,common_eligible
435,435,0.0,1.0,0.4128119791021276,0.7768638934492976,0.5782650261142901,True,-0.5786068010961625,0.042068850882126085,,,,-0.10742312894197681,overlap_architecture_selected,1100042,common_eligible
446,446,1.0,0.0,0.207651917069783,0.35093674473454545,0.21838905653732335,True,-1.1842550820852933,-0.07361793977249965,,,,-0.06432527410523083,overlap_architecture_selected,1100042,common_eligible
447,447,1.0,1.0,0.4981023071067494,0.32684029737774006,0.5100287082902015,True,1.1668644242917603,-0.029476962589847,,,,0.034144994760945346,overlap_architecture_selected,1100042,common_eligible
451,451,1.0,1.0,0.8205827986502092,0.6222764076430153,0.48099998797343685,True,0.4912009036185471,-0.09455241244023882,,,,-0.17663563846118313,overlap_architecture_selected,1100042,common_eligible
460,460,1.0,0.0,0.5181717365597479,0.3896998531022044,0.4604599959272124,True,-0.8178641557218482,0.013899156101488341,,,,-0.15089969081385596,overlap_architecture_selected,1100042,common_eligible
462,462,0.0,0.0,0.5513082068767605,0.456674495284915,0.6525911175330645,True,1.2137076812423642,0.05216146540476435,,,,-0.02877369342676961,overlap_architecture_selected,1100042,common_eligible
465,465,0.0,1.0,0.36159156033250706,0.5075545825155019,0.47629138868482873,True,-0.8026273971939342,-0.0002726963444726893,,,,-0.07352311822592295,overlap_architecture_selected,1100042,common_eligible
467,467,0.0,0.0,0.36947761306840915,0.5486897344569445,0.43650945327946167,True,0.7580342359106712,-0.00022965519628220799,,,,0.18109530692018136,overlap_architecture_selected,1100042,common_eligible
468,468,1.0,0.0,0.44478569594771444,0.5210206975438746,0.3807930769777579,True,-0.9963546958003908,-0.11753942343511975,,,,-0.36394341785118856,overlap_architecture_selected,1100042,common_eligible
474,474,0.0,0.0,0.4108135907084943,0.261502477166745,0.4461334878720189,True,0.6284675843988197,0.1130448116947545,,,,0.27024214191256124,overlap_architecture_selected,1100042,common_eligible
478,478,1.0,0.0,0.6224540581629963,0.3859675293395507,0.2362993874700465,True,-0.5292935686317938,-0.050312888566012015,,,,-0.14113139488284232,overlap_architecture_selected,1100042,common_eligible
481,481,0.0,1.0,0.4198005895923617,0.35151070545964075,0.3644345166857494,True,-1.1047769015077114,0.05249316570187862,,,,0.24256774419822325,overlap_architecture_selected,1100042,common_eligible
486,486,1.0,1.0,0.7383468135190601,0.7792601907559124,0.40548517418640934,True,0.43142223616875036,-0.22854632469356406,,,,-0.6892153014395378,overlap_architecture_selected,1100042,common_eligible
487,487,1.0,1.0,0.8956480543249549,0.6668464866622823,0.7536496916647527,True,0.36185578524942935,0.08092519253623931,,,,-0.028156691615068175,overlap_architecture_selected,1100042,common_eligible
498,498,0.0,0.0,0.3063541399044933,0.2094697517152317,0.1611011613421027,True,0.2536151217280147,-0.10397231533289664,,,,-0.1062618189134249,overlap_architecture_selected,1100042,common_eligible
503,503,0.0,0.0,0.3395268014625856,0.36736671163217166,0.31537929838211864,True,0.5042300266789059,-0.039848955824143995,,,,-0.16728505428348134,overlap_architecture_selected,1100042,common_eligible
507,507,1.0,1.0,0.8859001102129943,0.7783686163866598,0.8388201820378796,True,0.24239060833106374,0.004665109678016921,,,,-0.030854928811506976,overlap_architecture_selected,1100042,common_eligible
508,508,0.0,0.0,0.47975197312686757,0.2623461318967635,0.37204519721489404,True,0.613970332762532,0.009981241106431366,,,,-0.05620972089686527,overlap_architecture_selected,1100042,common_eligible
514,514,1.0,1.0,0.843033792160751,0.7436810928873221,0.55297906842849,True,0.3395506602239088,-0.02446985460675899,,,,-0.061478120138046544,overlap_architecture_selected,1100042,common_eligible
526,526,0.0,0.0,0.10129153091652868,0.1312251984825204,0.2571005181335073,True,0.27189063273282266,0.011840443730180047,,,,0.020299231269924375,overlap_architecture_selected,1100042,common_eligible
528,528,1.0,1.0,0.49758777811122273,0.40364681795013313,0.476152239056652,True,1.1252799947341203,0.03978842028654572,,,,-0.3151680255715663,overlap_architecture_selected,1100042,common_eligible
532,532,1.0,0.0,0.6245267529523751,0.487858865060757,0.4577934734624465,True,-0.7630899919029137,-0.11253618619672934,,,,-0.5334643262344162,overlap_architecture_selected,1100042,common_eligible
534,534,0.0,1.0,0.6778816007416822,0.5768893203766216,0.6507667054819265,True,-1.2396479540171943,0.03727882814580785,,,,0.13543398492073888,overlap_architecture_selected,1100042,common_eligible
535,535,0.0,0.0,0.6611535468240362,0.4387943271377006,0.37113922332663646,True,1.2273099844315256,-0.021105822230280846,,,,0.03704061610492676,overlap_architecture_selected,1100042,common_eligible
538,538,1.0,0.0,0.6651563250956901,0.3558440700603525,0.5188000188838031,True,-0.6170111044991919,0.022897251364468962,,,,-0.06212851278558973,overlap_architecture_selected,1100042,common_eligible
539,539,0.0,1.0,0.37142869831887027,0.32241875684824894,0.35496829134798885,True,-1.0454208426707465,-0.07176152491611798,,,,-0.11126006308263126,overlap_architecture_selected,1100042,common_eligible
546,546,0.0,0.0,0.2826828458712721,0.24054920571620209,0.19590248430090532,True,0.2906989542480427,-0.021828597205217307,,,,-0.06620608679353736,overlap_architecture_selected,1100042,common_eligible
549,549,1.0,0.0,0.8288674099529224,0.6063574526921309,0.6886420611365013,True,-0.7485383348483505,0.048726431467738696,,,,-0.22605679180368443,overlap_architecture_selected,1100042,common_eligible
550,550,0.0,0.0,0.19509711431448118,0.18185749334469334,0.18095628852037088,True,0.22503598161004987,-0.03456601664303589,,,,-0.08381602753461014,overlap_architecture_selected,1100042,common_eligible
552,552,1.0,0.0,0.5434486420815731,0.31312456750564716,0.40182555300693684,True,-0.650698328236662,-0.03309789227848131,,,,0.08753892270289004,overlap_architecture_selected,1100042,common_eligible
559,559,1.0,0.0,0.3149490545208386,0.43136261212890653,0.4657999974003994,True,-1.4445319614028906,0.007838105126537376,,,,-0.36576085048430995,overlap_architecture_selected,1100042,common_eligible
560,560,1.0,1.0,0.8811256561259284,0.6942200653649382,0.6304779990117297,True,0.3556328530118214,-0.11947754484384898,,,,-0.06469990771798673,overlap_architecture_selected,1100042,common_eligible
561,561,1.0,0.0,0.6603182319591235,0.3348260592647918,0.44520740283293836,True,-0.563850233397456,-0.0001822621208070474,,,,-0.14847635272894044,overlap_architecture_selected,1100042,common_eligible
563,563,0.0,0.0,0.29740626879709164,0.22522163323520084,0.3979479278135266,True,0.49328371379924546,-0.035783077856028606,,,,0.08723419972137467,overlap_architecture_selected,1100042,common_eligible
568,568,1.0,1.0,0.8593155144113875,0.7094766683260109,0.5955948342094739,True,0.3567312980896642,-0.07936245976027778,,,,-0.11006768648138565,overlap_architecture_selected,1100042,common_eligible
569,569,0.0,1.0,0.552713430927472,0.5977298285725453,0.6361111425732119,True,-0.8609753831198906,0.018513083919736606,,,,-0.03506472883281053,overlap_architecture_selected,1100042,common_eligible
578,578,0.0,0.0,0.49708576653314507,0.4564810613835162,0.47211817812303514,True,0.9233089045048994,-0.02347333313516331,,,,-0.1661069213092291,overlap_architecture_selected,1100042,common_eligible
580,580,1.0,1.0,0.899605100669862,0.6162521144977074,0.7973082930545073,True,0.4063680479476746,0.003329045796754526,,,,0.041240948763694774,overlap_architecture_selected,1100042,common_eligible
584,584,1.0,0.0,0.35287417389370207,0.3652633788115692,0.4972709857087327,True,-1.2771943764095774,0.0036002573863849197,,,,-0.18620539681394355,overlap_architecture_selected,1100042,common_eligible
588,588,1.0,1.0,0.7598583745967782,0.5920026715515418,0.7131747127029571,True,0.498644076580712,0.0036830738866154844,,,,0.05151712594740754,overlap_architecture_selected,1100042,common_eligible
594,594,0.0,1.0,0.4358582421572592,0.30562597094754235,0.37081940800547064,True,-1.165656822472089,-0.023293148701745536,,,,-0.1845762402931477,overlap_architecture_selected,1100042,common_eligible
599,599,0.0,1.0,0.5046755161900264,0.3099100195335144,0.3716755886580613,True,-1.3314423239285085,-0.0002529960499823569,,,,-0.017020805613165407,overlap_architecture_selected,1100042,common_eligible
603,603,1.0,1.0,0.8965925840325221,0.7004920804085696,0.4516363476611883,True,0.3627527749568503,-0.14788700552510325,,,,-0.4064471216929251,overlap_architecture_selected,1100042,common_eligible
606,606,0.0,1.0,0.18237376499033633,0.3704197278104294,0.5498987186309451,True,-0.5905308807219862,0.008040080321956744,,,,-0.0810499975355446,overlap_architecture_selected,1100042,common_eligible
607,607,0.0,0.0,0.23280415264097337,0.35691324605120117,0.5146532510872613,True,0.622957911623836,0.008912361713839911,,,,-0.20262165996000597,overlap_architecture_selected,1100042,common_eligible
609,609,0.0,1.0,0.2628374819709594,0.34961744898846403,0.3960827028434945,True,-0.8358131245281661,-0.003099389717758666,,,,-0.17815202596793825,overlap_architecture_selected,1100042,common_eligible
614,614,1.0,1.0,0.5725481025159181,0.36790098182397996,0.3193471867581839,True,1.1402595295279965,-0.04968436067609433,,,,0.13800989485438941,overlap_architecture_selected,1100042,common_eligible
617,617,1.0,0.0,0.7178628683233365,0.6227559695452766,0.5255086241062441,True,-0.8292933214812798,0.0021968465406353443,,,,-0.32977963417948597,overlap_architecture_selected,1100042,common_eligible
621,621,1.0,1.0,0.7193845650821762,0.61348475504577,0.5712424117894398,True,0.5537637555978795,-0.03562276856747981,,,,-0.10300534475910206,overlap_architecture_selected,1100042,common_eligible
626,626,1.0,0.0,0.3736141740442338,0.1399769079821712,0.11202182907044504,True,-0.3277879997504904,-0.04052154799594607,,,,-0.14734105843629364,overlap_architecture_selected,1100042,common_eligible
638,638,1.0,0.0,0.2697830694999069,0.22501456469498046,0.1978728138149036,True,-0.7605933132101285,-0.03521328429008355,,,,-0.028967779075204383,overlap_architecture_selected,1100042,common_eligible
648,648,1.0,1.0,0.4852006994696448,0.5854073853560596,0.6450971395055837,True,0.7911455432329852,-0.05912221683802554,,,,0.22657797391420198,overlap_architecture_selected,1100042,common_eligible
651,651,1.0,0.0,0.8401183931465057,0.5103636045661498,0.5320123963700553,True,-0.6116100449387383,0.03809529390349059,,,,0.14285091672279376,overlap_architecture_selected,1100042,common_eligible
656,656,0.0,0.0,0.3101450412208527,0.3611479520495229,0.5181481859203845,True,0.6805131077779434,-0.015926779821991477,,,,0.008071797181922913,overlap_architecture_selected,1100042,common_eligible
662,662,0.0,0.0,0.7959842692459583,0.6686431016666109,0.7049096458153565,True,3.313676081125662,0.07611623308758741,,,,0.12090442381375327,overlap_architecture_selected,1100042,common_eligible
663,663,1.0,1.0,0.6610798634547888,0.5783832817440812,0.6313720881575953,True,0.6106036003598362,-0.03300737015258437,,,,-0.0006267839972746714,overlap_architecture_selected,1100042,common_eligible
676,676,1.0,0.0,0.507401880629761,0.42369781256114064,0.43791338316828005,True,-0.8488348040283755,0.013257779112013146,,,,0.288078314021742,overlap_architecture_selected,1100042,common_eligible
680,680,1.0,0.0,0.8141978420868451,0.5136476666553113,0.39277554598767095,True,-0.6032801125396897,-0.019751800030961914,,,,-0.21676132704337042,overlap_architecture_selected,1100042,common_eligible
684,684,0.0,0.0,0.4766523045361201,0.20001616345981527,0.23007767822732658,True,0.4122475169099816,-0.03496333808372182,,,,-0.09365228131014089,overlap_architecture_selected,1100042,common_eligible
707,707,1.0,0.0,0.3768236162512079,0.28238615468244704,0.12459686040504774,True,-0.4884396437554579,-0.13107156295512218,,,,-0.18261274863827542,overlap_architecture_selected,1100042,common_eligible
708,708,0.0,0.0,0.3698832267762659,0.34730788439802,0.32505483573606286,True,0.5289271438937204,-0.02988183756606652,,,,-0.3033594815556778,overlap_architecture_selected,1100042,common_eligible
712,712,0.0,0.0,0.18169942803019956,0.34324949462962784,0.5664883152676901,True,0.6427050979295017,0.044370308054763774,,,,0.20262182932038472,overlap_architecture_selected,1100042,common_eligible
713,713,0.0,1.0,0.30172304816197165,0.6272654890828993,0.7831588619147455,True,-0.3778984270205996,0.08483360421159847,,,,0.18351149860665072,overlap_architecture_selected,1100042,common_eligible
735,735,1.0,1.0,0.8694686080795979,0.5022492454283675,0.607981155874319,True,0.5566036733627704,0.04090672899149306,,,,0.2892291597635016,overlap_architecture_selected,1100042,common_eligible
739,739,0.0,1.0,0.14059620722970467,0.44819400354439326,0.6289659341011103,True,-0.4613080801409964,0.059996546768300574,,,,0.04653584065128688,overlap_architecture_selected,1100042,common_eligible
743,743,1.0,0.0,0.5692538911841943,0.5065973101256829,0.4065086670579081,True,-0.8141964837928783,-0.15770528353127133,,,,-0.3588049137290085,overlap_architecture_selected,1100042,common_eligible
744,744,0.0,0.0,0.3118142009206158,0.2546907909530309,0.2672802082584317,True,0.38267957507055916,-0.0001415478659544389,,,,0.00043827428651807554,overlap_architecture_selected,1100042,common_eligible
752,752,1.0,0.0,0.49758777811122273,0.40364681795013313,0.476152239056652,True,-0.8844156690055871,0.04776110441643966,,,,-0.048624029853681416,overlap_architecture_selected,1100042,common_eligible
760,760,1.0,1.0,0.6923625177555169,0.7326150924941106,0.5624076010809564,True,0.46182036638830426,-0.08166660863938935,,,,-0.1049719012824385,overlap_architecture_selected,1100042,common_eligible
773,773,1.0,1.0,0.8692190214186036,0.769469043474185,0.8046519397478397,True,0.259922640157013,0.024339464210949457,,,,-0.05078761983714952,overlap_architecture_selected,1100042,common_eligible
776,776,0.0,0.0,0.31663476014439645,0.2667555918617084,0.5765351945742094,True,0.7001354129057066,0.12459321150267064,,,,0.11215936655437345,overlap_architecture_selected,1100042,common_eligible
779,779,0.0,0.0,0.2678184325535205,0.20561762944673342,0.27378232030679184,True,0.3489934341509273,-0.014069656398791153,,,,0.2102850669914252,overlap_architecture_selected,1100042,common_eligible
781,781,1.0,1.0,0.7123470085971387,0.7851332323158028,0.7958074191961483,True,0.2973218155493822,0.06987997011043812,,,,0.031273744586730046,overlap_architecture_selected,1100042,common_eligible
798,798,1.0,1.0,0.5738126182125843,0.44828184523308506,0.5718375707803567,True,0.8697268894951147,-0.00021229441954973005,,,,-0.012829595656138837,overlap_architecture_selected,1100042,common_eligible
822,822,0.0,0.0,0.7851162928321804,0.6771737564134928,0.8469566600712509,True,3.321132837715972,0.1333394367560613,,,,0.15687867128973654,overlap_architecture_selected,1100042,common_eligible
827,827,0.0,1.0,0.20288079088929653,0.38005412490637897,0.23624821641875116,True,-0.9215388598554117,-0.13060087854864216,,,,-0.47170840662307595,overlap_architecture_selected,1100042,common_eligible
839,839,0.0,0.0,0.3457686744055575,0.28718759933413873,0.22725225463726187,True,0.37903415752498115,-0.0722534881118688,,,,-0.082870305049013,overlap_architecture_selected,1100042,common_eligible
845,845,1.0,1.0,0.7528255879767299,0.48128433965731987,0.6794469981154129,True,0.623962481158189,0.020415526115207472,,,,-0.054967122143437575,overlap_architecture_selected,1100042,common_eligible
848,848,0.0,0.0,0.17483878760299573,0.34670107705206116,0.43560636469100883,True,0.5090669140500244,0.028813778168341048,,,,0.0857810802170664,overlap_architecture_selected,1100042,common_eligible
859,859,1.0,1.0,0.7373400317381571,0.5900180825542665,0.7050620983223179,True,0.5150465776558344,0.054602443443981685,,,,0.10091643251497262,overlap_architecture_selected,1100042,common_eligible
868,868,1.0,0.0,0.31583729181060693,0.24010322081102065,0.30575673730042774,True,-0.9024295605519701,-0.012360775444706457,,,,-0.03768758335333155,overlap_architecture_selected,1100042,common_eligible
875,875,1.0,1.0,0.29531008762210065,0.15677594150319643,0.5921107150588691,True,1.8165584500834262,0.07018661099725967,,,,0.2750351541256375,overlap_architecture_selected,1100042,common_eligible
892,892,0.0,0.0,0.27347889324090585,0.21687695169305896,0.27965111586097063,True,0.3612884807863451,-0.06153203572884322,,,,-0.4218944972490402,overlap_architecture_selected,1100042,common_eligible
893,893,0.0,1.0,0.42085724154393517,0.5362777394374393,0.4481417238960968,True,-0.8888405979465455,-0.0002757582762096811,,,,-0.13899119129057289,overlap_architecture_selected,1100042,common_eligible
898,898,1.0,1.0,0.45934439356074347,0.30339553944254494,0.29134968039825276,True,1.5306970796654533,-0.009344633645578082,,,,0.11489019733853345,overlap_architecture_selected,1100042,common_eligible
908,908,1.0,1.0,0.6365652602732746,0.550805338392301,0.6767519327755668,True,0.6337469526460844,0.08664880495097305,,,,0.2700079153490359,overlap_architecture_selected,1100042,common_eligible
913,913,0.0,0.0,0.5308264042468199,0.22505582982669123,0.31946269001020755,True,0.5740924858534809,0.023360160402909058,,,,0.5763362625455206,overlap_architecture_selected,1100042,common_eligible
915,915,1.0,1.0,0.8985851067619373,0.6637175621320953,0.8434032184865758,True,0.35395605137329256,0.0317345691018992,,,,-0.10460704553612188,overlap_architecture_selected,1100042,common_eligible
929,929,1.0,0.0,0.6916926471757976,0.5656696181488817,0.6248721199854783,True,-0.8441931357155018,0.04889137873919258,,,,-0.2246108655442407,overlap_architecture_selected,1100042,common_eligible
934,934,0.0,0.0,0.16596429850894365,0.17792891176292008,0.16390114894846317,True,0.19930712374354745,-0.023298647632548547,,,,-0.17923562100166213,overlap_architecture_selected,1100042,common_eligible
955,955,1.0,1.0,0.8062389388722103,0.6893816709939335,0.6294100871696927,True,0.3996811257666639,0.002323673669215154,,,,-0.4074361291328243,overlap_architecture_selected,1100042,common_eligible
960,960,1.0,1.0,0.6169205350449707,0.6900790945066724,0.7608995461452692,True,0.45839136275651166,0.10110979174416457,,,,0.30302428580824725,overlap_architecture_selected,1100042,common_eligible
961,961,0.0,1.0,0.6459631126925524,0.3753869314002951,0.49444668868102143,True,-1.645200100922375,0.0016616048864472877,,,,-0.17386110854674186,overlap_architecture_selected,1100042,common_eligible
967,967,0.0,0.0,0.7025011045969207,0.5915621705666106,0.5609924982566216,True,1.9578819814855888,0.02973119061851126,,,,0.11315424130412288,overlap_architecture_selected,1100042,common_eligible
976,976,0.0,0.0,0.2203148929636295,0.153326491333242,0.1202634076590656,True,0.16358873120535247,-0.021368461674455323,,,,-0.10435438224184548,overlap_architecture_selected,1100042,common_eligible
980,980,1.0,1.0,0.7864025728605536,0.5276556940863179,0.5008882909709819,True,0.6079097028019174,-0.003802342133582104,,,,-0.1328309937568829,overlap_architecture_selected,1100042,common_eligible
986,986,1.0,0.0,0.7204440166871243,0.4652056637051505,0.5110328340629754,True,-0.6635032178837192,-0.00028685968486014124,,,,-0.21930664730454208,overlap_architecture_selected,1100042,common_eligible
987,987,0.0,0.0,0.5668175067673874,0.37572091470194285,0.6280434309051642,True,1.1196726990283299,0.00809908626894712,,,,0.16537846499403014,overlap_architecture_selected,1100042,common_eligible
989,989,0.0,0.0,0.44506880144046523,0.4206137972143031,0.37689431392434136,True,0.7142371756726507,-0.08260178338273233,,,,-0.22553091570484401,overlap_architecture_selected,1100042,common_eligible
5,5,1.0,1.0,0.6888429079206844,0.43699417705911736,0.6052596433798898,True,0.7413139104307057,0.023313447471026445,-0.16777491560191798,0.21440181054397087,,0.29544125881310984,previous_16_forest,2100042,native_eligible
12,12,0.0,1.0,0.4555099905752087,0.24702091830165532,0.6768927213503215,True,-0.953035263499359,-0.021501736022831883,-0.14280232032740067,0.09979884828173688,,-0.1020346687031714,previous_16_forest,2100042,native_eligible
15,15,1.0,0.0,0.5739156143217101,0.13046634881915595,0.1743406843461793,True,-0.2598997385626426,-0.0652208930468465,-0.20229030498173378,0.07184851888804075,,-0.003080297422145953,previous_16_forest,2100042,native_eligible
30,30,0.0,0.0,0.6167789596155766,0.16615957397581543,0.16920853509505324,True,0.43663573341424156,-0.12842085351418925,-0.24267090947687447,-0.014170797551504036,,-0.15824629257148742,previous_16_forest,2100042,native_eligible
39,39,1.0,0.0,0.5282969793648782,0.3033211124563737,0.10945683923022827,True,-0.40105235778006043,-0.07956816024145291,-0.19275409209539532,0.03361777161248947,,-0.0787740414269622,previous_16_forest,2100042,native_eligible
40,40,0.0,0.0,0.33092338229154283,0.3716448228600635,0.4147210318343586,True,0.5985354987233859,-0.05524262851236866,-0.22085819867843687,0.11037294165369949,,0.060474988513839145,previous_16_forest,2100042,native_eligible
43,43,1.0,0.0,0.7499100517415233,0.4918085512489384,0.2392998723452813,True,-0.571613445921452,-0.0800913381768707,-0.1738219353793435,0.01363925902560209,,-0.19702180525731344,previous_16_forest,2100042,native_eligible
45,45,0.0,0.0,0.27332329498748414,0.4055059458486812,0.3654864028507682,True,0.5180084535672129,-0.08722107238717605,-0.2105239207114524,0.03608177593710027,,0.13139903885494988,previous_16_forest,2100042,native_eligible
48,48,1.0,1.0,0.4799245881793292,0.5790620517284546,0.5641893264156257,True,0.8932088448307053,-0.071566199035169,-0.17623013683454403,0.03309773876420599,,-0.02351093248221392,previous_16_forest,2100042,native_eligible
63,63,1.0,0.0,0.5622680303294618,0.268588944891946,0.2159726439772507,True,-0.43672607121534923,-0.05357466606426937,-0.17312575101786484,0.0659764188893261,,-0.08061850681857732,previous_16_forest,2100042,native_eligible
67,67,1.0,1.0,0.29786360027698494,0.537047565581503,0.19876863752871582,True,2.35164814503105,-0.1427015261559622,-0.3216145330052614,0.036211480693336934,,-0.4040936263411786,previous_16_forest,2100042,native_eligible
69,69,0.0,0.0,0.4831759230160343,0.6236666574216633,0.2535821805031771,True,0.8366446311006288,-0.15929920599566955,-0.27977897600242646,-0.03881943598891266,,-0.2535047085663173,previous_16_forest,2100042,native_eligible
72,72,1.0,0.0,0.71646138813945,0.5481713372780633,0.5379778482647082,True,-0.7610753329906856,-0.04522870573386099,-0.13803515563966348,0.04757774417194149,,0.03393963416448598,previous_16_forest,2100042,native_eligible
93,93,0.0,1.0,0.1948777864758479,0.37928907344816115,0.1459636064801219,True,-1.004277896456831,-0.13455245790873258,-0.26452132069688716,-0.004583595120578016,,-0.24763340158643393,previous_16_forest,2100042,native_eligible
115,115,0.0,0.0,0.3323517282712486,0.12576733899207254,0.2145591337327655,True,0.27716544044252533,-0.08353754328055436,-0.16694547102206603,-0.0001296155390427267,,-0.036066766855671034,previous_16_forest,2100042,native_eligible
116,116,0.0,1.0,0.2514571714944329,0.4160258491047233,0.2923667304994469,True,-0.9038070655987109,-0.1103291711655114,-0.21748085554170404,-0.003177486789318798,,-0.014342061446469406,previous_16_forest,2100042,native_eligible
121,121,1.0,0.0,0.839897775353946,0.5171300476682221,0.3010174588078971,True,-0.5745103220618967,-0.11539855931087668,-0.2023745998087775,-0.028422518812975875,,-0.578150415838105,previous_16_forest,2100042,native_eligible
122,122,1.0,0.0,0.7252873966557368,0.2918522391066807,0.1386755626419931,True,-0.34437752082158535,-0.1321445428036299,-0.25870775796973566,-0.005581327637524142,,-0.1662835077113541,previous_16_forest,2100042,native_eligible
123,123,0.0,1.0,0.4463624958895889,0.5354031328855453,0.5137566869010839,True,-0.8608180405117729,0.011428101313222928,-0.10622177642737654,0.12907797905382237,,0.03246765507545743,previous_16_forest,2100042,native_eligible
126,126,0.0,0.0,0.20318848123782796,0.24497065852054464,0.16503068989463135,True,0.2274986824883437,-0.18156238775084832,-0.2944472588570211,-0.06867751664467557,,-0.3010231687743369,previous_16_forest,2100042,native_eligible
130,130,0.0,0.0,0.20823427707608877,0.0552155672104727,0.12328712467809151,True,0.1378088113191333,-0.033240075893519974,-0.1353468939687566,0.06886674218171664,,0.006309753656425152,previous_16_forest,2100042,native_eligible
137,137,0.0,0.0,0.18867972712031328,0.11075004233841171,0.23729268586774213,True,0.2630485907372282,-0.06418183382662875,-0.18304779607259516,0.054684128419337646,,-0.035394603233024145,previous_16_forest,2100042,native_eligible
145,145,1.0,0.0,0.3203390685100596,0.2339813046402772,0.3225126067134111,True,-0.9182538153758893,-0.033108224281006675,-0.18039930160777992,0.11418285304576653,,-0.33769143797714973,previous_16_forest,2100042,native_eligible
151,151,0.0,1.0,0.5588700460852095,0.2631499193840017,0.441432815561561,True,-1.4920867399735367,0.0006435927784189887,-0.25922539382815246,0.26051257938499034,,-0.31487008056515453,previous_16_forest,2100042,native_eligible
162,162,0.0,0.0,0.5946045765665231,0.5251960458889096,0.314987760507382,True,1.0853071929156548,-0.061653648286632085,-0.14275529635971662,0.01944799978645241,,-0.1770906937214045,previous_16_forest,2100042,native_eligible
167,167,0.0,1.0,0.591077812446843,0.6770658835068206,0.7794222260660464,True,-0.6873638690671003,-0.038394851983928,-0.16729884637497058,0.09050914240711452,,0.060419762402974864,previous_16_forest,2100042,native_eligible
169,169,1.0,1.0,0.7044572522132421,0.8085044904050129,0.83550593000267,True,0.26050612633418735,-0.05223292358885455,-0.1464671237838629,0.04200127660615377,,-0.059438745764093026,previous_16_forest,2100042,native_eligible
186,186,1.0,0.0,0.6214045214338907,0.5057243504008702,0.6012945541272088,True,-0.8720676768924278,-0.03396546626023056,-0.16686992859519456,0.09893899607473339,,-0.34838730337294177,previous_16_forest,2100042,native_eligible
193,193,0.0,0.0,0.6074217274460321,0.6566288869850165,0.3746459334953363,True,1.390623333947558,-0.08722657569295623,-0.20478792187428996,0.030334770488377447,,-0.07790570380726344,previous_16_forest,2100042,native_eligible
196,196,0.0,0.0,0.5535117382824412,0.520817834484793,0.7172213903961263,True,1.3628795400308304,0.025253405577245067,-0.12410743807493743,0.17461424922942753,,0.18500422317417548,previous_16_forest,2100042,native_eligible
198,198,0.0,0.0,0.12684198956953327,0.1896248787255068,0.11465386752575203,True,0.14220030998187394,-0.13771975352006469,-0.24982036892470566,-0.025619138115423754,,-0.09796041668062988,previous_16_forest,2100042,native_eligible
208,208,1.0,1.0,0.35467140082198473,0.5183363785252109,0.8209575400900114,True,0.8074333891507876,0.02813956720901502,-0.11053853261428818,0.1668176670323182,,-0.38364186382161225,previous_16_forest,2100042,native_eligible
211,211,0.0,0.0,0.23702846239208153,0.16194675264063907,0.4056558204098955,True,0.45596698914385625,-0.031053652886526378,-0.12601233069911633,0.06390502492606356,,0.039362356322426656,previous_16_forest,2100042,native_eligible
229,229,0.0,0.0,0.3394977187615838,0.1561523573667378,0.12172119327578088,True,0.20198339767854698,-0.08133372425005365,-0.2536528190037247,0.09098537050361737,,-0.0181111175885878,previous_16_forest,2100042,native_eligible
237,237,0.0,1.0,0.2593173138758353,0.5028288332381493,0.5991678979726561,True,-0.5748946174829647,-0.02880214625188607,-0.11448399373093601,0.05687970122716386,,0.014677238537030401,previous_16_forest,2100042,native_eligible
241,241,1.0,0.0,0.31133716450021137,0.2936001012234516,0.32498507053499115,True,-1.0124514485369005,-0.12458868000472959,-0.2732842492931472,0.02410688928368801,,-0.2359562924134932,previous_16_forest,2100042,native_eligible
250,250,1.0,1.0,0.8198052666700606,0.6551541426800359,0.7296263160486465,True,0.40427449953513456,-0.09714524235767061,-0.19274316740117403,-0.0015473173141672264,,-0.14381661120733635,previous_16_forest,2100042,native_eligible
254,254,0.0,1.0,0.20102201366299613,0.10126615976650807,0.11599084369461068,True,-1.1101296369698097,-0.09029697706308566,-0.16880267861900267,-0.011791275507168658,,0.11029612787953566,previous_16_forest,2100042,native_eligible
261,261,0.0,0.0,0.35753980453270195,0.2785988192206918,0.6589952073092201,True,0.8140400926888591,-0.009560941510896218,-0.19144499201924298,0.1723231089974505,,0.31285754382566056,previous_16_forest,2100042,native_eligible
264,264,1.0,1.0,0.5577264707247881,0.6665464777032166,0.5574176838994969,True,0.684418472341546,-0.07512394307089156,-0.17800347568354702,0.027755589541763895,,0.10130985419071503,previous_16_forest,2100042,native_eligible
265,265,0.0,0.0,0.4894535840263993,0.5006139848059962,0.14893160696021945,True,0.6288631105626308,-0.14166036687125347,-0.2500550352671327,-0.03326569847537429,,-0.19966649402570194,previous_16_forest,2100042,native_eligible
270,270,0.0,0.0,0.41393476570015036,0.1148700995275879,0.33706307509973593,True,0.4181952169690788,-0.15728843561746542,-0.24521072643610242,-0.06936614479882841,,-0.05981133747776573,previous_16_forest,2100042,native_eligible
271,271,1.0,0.0,0.7707584173609587,0.7998676313445633,0.795862120980071,True,-1.0365756426571322,-0.06617507927629712,-0.13705371376871822,0.004703555216123964,,-0.027407061388611043,previous_16_forest,2100042,native_eligible
277,277,1.0,1.0,0.8900167605613836,0.6576842784313262,0.555041619585739,True,0.39730116258716963,0.004144407775446694,-0.0934086854251981,0.10169750097609148,,0.19707323380293573,previous_16_forest,2100042,native_eligible
282,282,0.0,0.0,0.6245541802214628,0.7574877452705053,0.6585424184141007,True,1.9186234017482229,-0.03866897811040939,-0.21550950084035048,0.13817154461953166,,0.2904593735133494,previous_16_forest,2100042,native_eligible
284,284,0.0,1.0,0.16600055712416817,0.26498765127645074,0.5106804072998317,True,-0.6356176033565353,-0.015879367337107323,-0.10749528701861767,0.075736552344403,,0.18518688543613304,previous_16_forest,2100042,native_eligible
288,288,1.0,0.0,0.7506277655281091,0.49042082542508364,0.5035044554687025,True,-0.6576941889922365,-0.08251352752330414,-0.19787363852358422,0.032846583476975916,,0.004640120746827181,previous_16_forest,2100042,native_eligible
294,294,1.0,1.0,0.8452096511713626,0.42950380368310603,0.6534516749663593,True,0.6339625044022255,-0.07824946064650302,-0.27505011342221486,0.11855119212920874,,-0.34951026332690505,previous_16_forest,2100042,native_eligible
318,318,0.0,0.0,0.6620889375925935,0.6177708988002548,0.4862644728087786,True,1.69669918053416,-0.0844018339897729,-0.2414853032183999,0.07268163523885408,,-0.20199985734703257,previous_16_forest,2100042,native_eligible
328,328,0.0,1.0,0.45530493745300465,0.23247920567265026,0.3763465495751734,True,-1.2652160994803137,0.003906700311360022,-0.08672179299034462,0.09453519361306464,,0.10327243996857394,previous_16_forest,2100042,native_eligible
334,334,0.0,0.0,0.39321898348527956,0.5566262261903688,0.2324994625665003,True,0.5932160850162638,-0.12861078016678662,-0.273934010671551,0.01671245033797769,,-0.1484375342195409,previous_16_forest,2100042,native_eligible
339,339,0.0,1.0,0.7124040323095259,0.5966154132283535,0.572560997398563,True,-1.4266630476927729,-0.07892005338908528,-0.17651447239828663,0.018674365620116054,,-0.04096418254395162,previous_16_forest,2100042,native_eligible
343,343,1.0,1.0,0.723941868261697,0.4265499375713729,0.284031250089037,True,0.8464678338113161,-0.047297087101418944,-0.18928941770801344,0.09469524350517552,,-0.252500407706424,previous_16_forest,2100042,native_eligible
346,346,0.0,0.0,0.46966547388737484,0.3565057768765634,0.2807250397295689,True,0.59644737421088,-0.08183975323581474,-0.19884574481405093,0.03516623834242141,,0.021257549177203516,previous_16_forest,2100042,native_eligible
347,347,0.0,1.0,0.1383250060729554,0.2081859107711311,0.12976542320076578,True,-0.9973447859536945,-0.10801360339268105,-0.25587950294631906,0.03985229616095691,,0.0718545920669893,previous_16_forest,2100042,native_eligible
349,349,0.0,1.0,0.8193402204937518,0.7570960355708786,0.31955563076880944,True,-1.7820785476747636,-0.08714506561722711,-0.20774243763011868,0.03345230639566442,,0.03268878550218324,previous_16_forest,2100042,native_eligible
354,354,1.0,0.0,0.5852910889203498,0.25277917669012223,0.5873389454012542,True,-0.6689390996633755,-0.010896159765837927,-0.15367654480637225,0.13188422527469634,,-0.14297135067526034,previous_16_forest,2100042,native_eligible
357,357,1.0,1.0,0.6144194034511296,0.2063502090409239,0.16381927095495594,True,1.3183973209310882,-0.09960109484503567,-0.26064376340957907,0.06144157371950772,,0.1013446835796018,previous_16_forest,2100042,native_eligible
360,360,1.0,0.0,0.3865766579199204,0.23088821075182098,0.2877461860085727,True,-0.6874864648780158,-0.04033569584905815,-0.1511916149004118,0.07052022320229548,,-0.20995476861796994,previous_16_forest,2100042,native_eligible
361,361,0.0,0.0,0.34845164804898915,0.24140037377646498,0.215291687718608,True,0.3443939375058591,-0.09428186176323192,-0.2255193076918165,0.036955584165352634,,-0.0406445885166562,previous_16_forest,2100042,native_eligible
365,365,1.0,0.0,0.560935123331112,0.22944909742202702,0.05745072706689556,True,-0.27441792776441715,-0.1274814162094858,-0.2895945983150615,0.03463176589608985,,-0.3344524588585174,previous_16_forest,2100042,native_eligible
368,368,1.0,0.0,0.7143540874732927,0.3354298152467648,0.4405133347405736,True,-0.5115761209636176,-0.0589942066109348,-0.20891456917019455,0.09092615594832493,,-0.05427466854280549,previous_16_forest,2100042,native_eligible
370,370,1.0,0.0,0.1564647786101973,0.026306841515846193,0.05088982445233996,True,-0.3006648134325691,-0.10009598742909374,-0.23153987114464408,0.03134789628645655,,-0.11224918810400103,previous_16_forest,2100042,native_eligible
380,380,0.0,1.0,0.6881981509560702,0.36501910375935226,0.13196621498829042,True,-2.26954144131709,-0.14832596792648195,-0.22925662962469204,-0.06739530622827189,,-0.4595323870462047,previous_16_forest,2100042,native_eligible
384,384,1.0,1.0,0.6990770925814441,0.5977753393097551,0.6246897818516577,True,0.5637797212516578,-0.02722401985292317,-0.19816436501945422,0.14371632531360787,,0.0703099140074529,previous_16_forest,2100042,native_eligible
392,392,1.0,1.0,0.8614449858240005,0.5818211611059491,0.6888604734426235,True,0.4682225935415227,-0.08764809977648572,-0.2110144082837045,0.035718208730733045,,0.0859568948245617,previous_16_forest,2100042,native_eligible
398,398,0.0,1.0,0.3131607508660323,0.33485519501973005,0.3321802678834462,True,-0.9710890150308646,-0.06892919623038364,-0.149419344419694,0.011560951958926702,,-0.3498504475078327,previous_16_forest,2100042,native_eligible
409,409,0.0,0.0,0.11684459674257594,0.15139129803673113,0.46852599782497284,True,0.488555604284031,-0.0945952548760885,-0.20153172405201364,0.012341214299836617,,0.14554265152238055,previous_16_forest,2100042,native_eligible
422,422,1.0,1.0,0.5508828176109196,0.31864102879639317,0.6818870489663359,True,0.9407063091171695,0.04552106816354385,-0.07610102055785264,0.1671431568849403,,0.04875396248008518,previous_16_forest,2100042,native_eligible
424,424,1.0,0.0,0.7466109835887913,0.8796605989012212,0.6020384175395098,True,-1.0839837682829838,-0.10660898675434743,-0.18806737914677868,-0.02515059436191619,,-0.411950972386599,previous_16_forest,2100042,native_eligible
431,431,1.0,1.0,0.3674722731125876,0.5897121901989381,0.17217568658925994,True,1.8352166263036307,-0.1288629016867522,-0.22256250018160834,-0.03516330319189609,,-0.32665406706368566,previous_16_forest,2100042,native_eligible
435,435,0.0,1.0,0.41302370277667033,0.9292717068106677,0.5356297449128721,True,-0.5141379572623613,-0.06780048005979775,-0.2214537749408263,0.08585281482123075,,-0.10742312894197681,previous_16_forest,2100042,native_eligible
446,446,1.0,0.0,0.20767700289576774,0.2341095543481177,0.03245483244137395,True,-0.3579302458638325,-0.09890798147715513,-0.24227633607449298,0.044460373120182695,,-0.06432527410523083,previous_16_forest,2100042,native_eligible
447,447,1.0,1.0,0.4982389863696391,0.19847430208523242,0.4233556255647233,True,1.3822463435011665,-0.11259293493907713,-0.2872493921920995,0.06206352231394521,,0.034144994760945346,previous_16_forest,2100042,native_eligible
451,451,1.0,1.0,0.8206682361055784,0.40071931388015986,0.30300287102420115,True,0.7515879390016214,-0.052073978830584455,-0.1561508343551274,0.05200287669395848,,-0.17663563846118313,previous_16_forest,2100042,native_eligible
460,460,1.0,0.0,0.5182035749471302,0.5640906816776052,0.34700853727614317,True,-0.8867196267587514,0.006947197410597511,-0.15539640454718726,0.16929079936838223,,-0.15089969081385596,previous_16_forest,2100042,native_eligible
462,462,0.0,0.0,0.5514406082505877,0.3287124013045629,0.5807318933526753,True,0.9848375031091718,-0.0022042065449972017,-0.1738218118019619,0.16941339871196748,,-0.02877369342676961,previous_16_forest,2100042,native_eligible
465,465,0.0,1.0,0.361708783408197,0.659955959805942,0.43078553961949784,True,-0.7619116382306859,-0.12332641783527179,-0.27914809923500766,0.032495263564464055,,-0.07352311822592295,previous_16_forest,2100042,native_eligible
467,467,0.0,0.0,0.3693607047623265,0.707935400528667,0.32097897600831604,True,0.7356114298374439,-0.07375625886615211,-0.23152749117605073,0.08401497344374648,,0.18109530692018136,previous_16_forest,2100042,native_eligible
468,468,1.0,0.0,0.4448880946094457,0.6231548365065902,0.2571049130668231,True,-0.943959101460204,-0.08623330308244756,-0.20460275838151148,0.03213615221661634,,-0.36394341785118856,previous_16_forest,2100042,native_eligible
474,474,0.0,0.0,0.4108234879924554,0.2714611876846242,0.4034729635960534,True,0.5927585676659994,0.028728278094135386,-0.12464371513820174,0.18210027132647247,,0.27024214191256124,previous_16_forest,2100042,native_eligible
478,478,1.0,0.0,0.6225870999267122,0.35069386002231934,0.033797581117353905,True,-0.3711819862723882,-0.08957285197087794,-0.27225083210188217,0.09310512816012623,,-0.14113139488284232,previous_16_forest,2100042,native_eligible
481,481,0.0,1.0,0.420213565981122,0.33959457955344047,0.23455066232198296,True,-1.2440933700943997,-0.07126815826554048,-0.2002667563151036,0.05773043978402262,,0.24256774419822325,previous_16_forest,2100042,native_eligible
486,486,1.0,1.0,0.7385547122988297,0.8215464096997189,0.18420174046413507,True,0.46724277154670635,-0.18401997459762118,-0.3098927350435009,-0.05814721415174148,,-0.6892153014395378,previous_16_forest,2100042,native_eligible
487,487,1.0,1.0,0.8957691408253676,0.7915358888400815,0.7468849375100581,True,0.23791634302521636,-0.021448949291941296,-0.11628079888371994,0.07338290029983732,,-0.028156691615068175,previous_16_forest,2100042,native_eligible
498,498,0.0,0.0,0.30641748843266653,0.42097201765816294,0.11582126492766688,True,0.3018022927072631,-0.12087094801383952,-0.2774260208283809,0.03568412480070182,,-0.1062618189134249,previous_16_forest,2100042,native_eligible
503,503,0.0,0.0,0.33964182522487846,0.2760260137667328,0.2038559736552115,True,0.345824351887534,-0.03871628545299819,-0.13363141695623668,0.05619884605024026,,-0.16728505428348134,previous_16_forest,2100042,native_eligible
507,507,1.0,1.0,0.8859227434798067,0.8866726388012552,0.8400551411156183,True,0.13392291631946687,-0.10324673194482104,-0.18912251130876,-0.017370952580882087,,-0.030854928811506976,previous_16_forest,2100042,native_eligible
508,508,0.0,0.0,0.47961773593549384,0.1587337476048604,0.23163131670851234,True,0.3779305392226795,-0.070518517584816,-0.20712137213978896,0.06608433697015692,,-0.05620972089686527,previous_16_forest,2100042,native_eligible
514,514,1.0,1.0,0.843086072389648,0.841583462799129,0.5891243672558772,True,0.2348880997194271,-0.10980163876789066,-0.2447970724290532,0.02519379489327185,,-0.061478120138046544,previous_16_forest,2100042,native_eligible
526,526,0.0,0.0,0.10152917974981396,0.042346788474242364,0.11028970130044835,True,0.11507498158103831,-0.0333714746205158,-0.12592041230037926,0.05917746305934766,,0.020299231269924375,previous_16_forest,2100042,native_eligible
528,528,1.0,1.0,0.4977416098184984,0.4062411854542049,0.5044248717814264,True,1.0938310632850876,-0.05154854853338824,-0.1880949983386312,0.08499790127185466,,-0.3151680255715663,previous_16_forest,2100042,native_eligible
532,532,1.0,0.0,0.6245694080965795,0.5230767682790182,0.29181989868985814,True,-0.6984906067957268,-0.16060757097460687,-0.29386160679350704,-0.02735353515570671,,-0.5334643262344162,previous_16_forest,2100042,native_eligible
534,534,0.0,1.0,0.6780604532969082,0.36269303043286594,0.7257551995718217,True,-1.6165236757615757,-0.010421156189202741,-0.09860497124762875,0.07776265886922326,,0.13543398492073888,previous_16_forest,2100042,native_eligible
535,535,0.0,0.0,0.6613810404542477,0.45373637395159466,0.41182668096069897,True,1.2980518217461088,0.004431249696898372,-0.08102776495612704,0.08989026434992377,,0.03704061610492676,previous_16_forest,2100042,native_eligible
538,538,1.0,0.0,0.665348251047622,0.480213592538757,0.5514707188637674,True,-0.757588095700374,-0.053407510172313155,-0.21735016937775845,0.11053514903313211,,-0.06212851278558973,previous_16_forest,2100042,native_eligible
539,539,0.0,1.0,0.3717068052280005,0.29640190762183233,0.3227093276547636,True,-1.093548879912344,-0.08967627743087513,-0.18906501629921174,0.009712461437461475,,-0.11126006308263126,previous_16_forest,2100042,native_eligible
546,546,0.0,0.0,0.2828480244849467,0.13386181609349404,0.04761344194579458,True,0.10040915544685472,-0.09751461689173643,-0.2853823770039895,0.09035314322051657,,-0.06620608679353736,previous_16_forest,2100042,native_eligible
549,549,1.0,0.0,0.8288814024149394,0.6165336941019548,0.6685976942690085,True,-0.7545624874354603,-0.0478695581968669,-0.18006338871783237,0.08432427232409856,,-0.22605679180368443,previous_16_forest,2100042,native_eligible
550,550,0.0,0.0,0.19510893245956237,0.07044483784642437,0.09635780933748149,True,0.11343393014908724,-0.0783017222682824,-0.1923178974582658,0.03571445292170097,,-0.08381602753461014,previous_16_forest,2100042,native_eligible
552,552,1.0,0.0,0.5434797101420065,0.2781385544604744,0.16202883013139976,True,-0.4142419767531128,-0.16348136340096536,-0.27511304140306414,-0.05184968539886664,,0.08753892270289004,previous_16_forest,2100042,native_eligible
559,559,1.0,0.0,0.3150026421812423,0.47656818944081397,0.29129129460069497,True,-1.1100034069215492,-0.1451455580989917,-0.2518030024841515,-0.03848811371383194,,-0.36576085048430995,previous_16_forest,2100042,native_eligible
560,560,1.0,1.0,0.8811227497695345,0.6337781819755377,0.4095447192804437,True,0.44588347716827353,-0.09642956020041059,-0.1910446684404015,-0.0018144519604196968,,-0.06469990771798673,previous_16_forest,2100042,native_eligible
561,561,1.0,0.0,0.6604639872001546,0.4903967070256075,0.4752187573526214,True,-0.734700537675359,-0.060473191085192515,-0.1391184325708631,0.018172050400478035,,-0.14847635272894044,previous_16_forest,2100042,native_eligible
563,563,0.0,0.0,0.2974283910573885,0.2162553259263757,0.34694608627864854,True,0.43849614726770136,-0.07479113742968979,-0.2384887950086993,0.08890652014931966,,0.08723419972137467,previous_16_forest,2100042,native_eligible
568,568,1.0,1.0,0.8593905682620838,0.7801353382402321,0.6281287823601043,True,0.28070847657818526,-0.12916528067545555,-0.24427033917786903,-0.014060222173042092,,-0.11006768648138565,previous_16_forest,2100042,native_eligible
569,569,0.0,1.0,0.553028204006383,0.6606831942305311,0.5127484656364223,True,-0.9070806273082963,-0.05073417850425432,-0.14580115346520373,0.04433279645669507,,-0.03506472883281053,previous_16_forest,2100042,native_eligible
578,578,0.0,0.0,0.4971835570525107,0.4805825212183716,0.19853162204410557,True,0.6737303366206826,-0.1165384629140615,-0.23053341546785686,-0.002543510360266163,,-0.1661069213092291,previous_16_forest,2100042,native_eligible
580,580,1.0,1.0,0.8997032491347503,0.5069286737154761,0.9007717434613617,True,0.5041330532866438,-0.06583914843654058,-0.2239319862602136,0.09225368938713242,,0.041240948763694774,previous_16_forest,2100042,native_eligible
584,584,1.0,0.0,0.3532827057050765,0.29972739868755166,0.49425706742814707,True,-1.2045115507884385,-0.03962918007748391,-0.22001446466714858,0.14075610451218074,,-0.18620539681394355,previous_16_forest,2100042,native_eligible
588,588,1.0,1.0,0.759956906756567,0.5998282433275446,0.7068773940630702,True,0.4927586604864834,-0.0267776507094849,-0.15712608513674628,0.10357078371777642,,0.05151712594740754,previous_16_forest,2100042,native_eligible
594,594,0.0,1.0,0.43590444979293064,0.3464728483188269,0.28930286426270324,True,-1.2157097942731607,-0.15572253526191396,-0.31779429578951046,0.006349225265682518,,-0.1845762402931477,previous_16_forest,2100042,native_eligible
599,599,0.0,1.0,0.5048358008073318,0.32715287825177797,0.194124813104239,True,-1.4918644326499835,-0.06146189265355081,-0.16099278578237974,0.03806900047527811,,-0.017020805613165407,previous_16_forest,2100042,native_eligible
603,603,1.0,1.0,0.8966416880277465,0.8247274700856947,0.43644868217783406,True,0.24023461420904713,-0.1137579113892065,-0.20051010072730385,-0.027005722051109182,,-0.4064471216929251,previous_16_forest,2100042,native_eligible
606,606,0.0,1.0,0.18248752287730916,0.35626502642264,0.4456393905040396,True,-0.6980570104745503,-0.07445629764818817,-0.15577396594307813,0.006861370646701753,,-0.0810499975355446,previous_16_forest,2100042,native_eligible
607,607,0.0,0.0,0.23293563131751685,0.41211590468749426,0.6418071546779853,True,0.7669550332051231,-0.02333188085889652,-0.201638036610627,0.1549742748928339,,-0.20262165996000597,previous_16_forest,2100042,native_eligible
609,609,0.0,1.0,0.26284358490807525,0.36044876403423876,0.2859316861868087,True,-0.9421093864431682,-0.11767266297843504,-0.2415020666614736,0.006156740704603494,,-0.17815202596793825,previous_16_forest,2100042,native_eligible
614,614,1.0,1.0,0.5728457196351098,0.32089821819194225,0.13572822587489133,True,1.3235639381304543,-0.1186377512891227,-0.2421215221416077,0.0048460195633622805,,0.13800989485438941,previous_16_forest,2100042,native_eligible
617,617,1.0,0.0,0.717937892072409,0.8046733218804598,0.46483823090044607,True,-0.9872981041922541,-0.09235382726306154,-0.2657125536947381,0.08100489916861497,,-0.32977963417948597,previous_16_forest,2100042,native_eligible
621,621,1.0,1.0,0.7194912762194604,0.6356082596584629,0.4607930497505432,True,0.5746128485985005,-0.12446236862276791,-0.3037439037831069,0.054819166537571046,,-0.10300534475910206,previous_16_forest,2100042,native_eligible
626,626,1.0,0.0,0.3741161985593069,0.06750369725493231,0.03903657736627407,True,-0.1328105765916852,-0.15466559286923173,-0.31387524075673356,0.004544055018270071,,-0.14734105843629364,previous_16_forest,2100042,native_eligible
638,638,1.0,0.0,0.2698635255566812,0.11903654961532546,0.06940965166190949,True,-0.3068296878403765,-0.12366162143342607,-0.20915399786924221,-0.038169244997609944,,-0.028967779075204383,previous_16_forest,2100042,native_eligible
648,648,1.0,1.0,0.4856425777554027,0.715620986616657,0.4598288448952389,True,0.8564891528911439,-0.14792402746759498,-0.22604713500913987,-0.06980091992605009,,0.22657797391420198,previous_16_forest,2100042,native_eligible
651,651,1.0,0.0,0.8399045585002217,0.5073983721728478,0.15126167360777013,True,-0.5362305819437689,-0.11673372855669853,-0.2162923749057204,-0.01717508220767669,,0.14285091672279376,previous_16_forest,2100042,native_eligible
656,656,0.0,0.0,0.3102452295851893,0.3412051292959959,0.5774763921126581,True,0.7309472606220837,0.002162795630934315,-0.1492676723593164,0.153593263621185,,0.008071797181922913,previous_16_forest,2100042,native_eligible
662,662,0.0,0.0,0.796021678525125,0.603750627728667,0.5788942100554652,True,2.935020020975862,0.03305160252116666,-0.17494736547175682,0.2410505705140901,,0.12090442381375327,previous_16_forest,2100042,native_eligible
663,663,1.0,1.0,0.6611959780134389,0.5635490536455565,0.6237970493941173,True,0.6292214364766535,-0.06228459369480576,-0.2639499601636759,0.13938077277406433,,-0.0006267839972746714,previous_16_forest,2100042,native_eligible
676,676,1.0,0.0,0.5076521251405558,0.5130942528665638,0.2370425866646032,True,-0.7429906878774283,-0.08184023687956919,-0.22293065543453872,0.05925018167540029,,0.288078314021742,previous_16_forest,2100042,native_eligible
680,680,1.0,0.0,0.814365313281024,0.28737609466825015,0.17323382838171414,True,-0.326864770003899,-0.07040166984627573,-0.23840140506288438,0.09759806537033287,,-0.21676132704337042,previous_16_forest,2100042,native_eligible
684,684,0.0,0.0,0.47678596847590454,0.07525373928976373,0.09431315676823952,True,0.16288915971714146,-0.0681743801089199,-0.1765358883335864,0.04018712811574661,,-0.09365228131014089,previous_16_forest,2100042,native_eligible
707,707,1.0,0.0,0.3770278451165394,0.22017937453251216,0.07826244798000445,True,-0.3494942951572417,-0.09377636652498225,-0.2698558222221293,0.08230308917216472,,-0.18261274863827542,previous_16_forest,2100042,native_eligible
708,708,0.0,0.0,0.3700018688658759,0.4360270532329129,0.17011021853644775,True,0.4261916521144021,-0.11382750985246307,-0.20349887352521961,-0.02415614617970656,,-0.3033594815556778,previous_16_forest,2100042,native_eligible
712,712,0.0,0.0,0.18179165970476213,0.3485754276781115,0.24535582259953842,True,0.3228032188299848,-0.020385695249755736,-0.1258420477346213,0.0850706572351098,,0.20262182932038472,previous_16_forest,2100042,native_eligible
713,713,0.0,1.0,0.3020884902611134,0.7423689212002202,0.658342180523671,True,-0.4531725065862828,-0.04397021430942413,-0.2399434152157848,0.15200298659693648,,0.18351149860665072,previous_16_forest,2100042,native_eligible
735,735,1.0,1.0,0.8693676395139803,0.5845592701708947,0.5295854786037464,True,0.48612585375578854,0.04180013859279226,-0.051627067782368835,0.13522734496795333,,0.2892291597635016,previous_16_forest,2100042,native_eligible
739,739,0.0,1.0,0.14071677625198042,0.41456404962329907,0.3383766432639824,True,-0.7574947264570462,0.0018460500705426946,-0.26011826210279754,0.2638103622438828,,0.04653584065128688,previous_16_forest,2100042,native_eligible
743,743,1.0,0.0,0.568977714745772,0.7079089097100427,0.20858373971265898,True,-0.8659190352876217,-0.16350486946656695,-0.24741771333659118,-0.07959202559654274,,-0.3588049137290085,previous_16_forest,2100042,native_eligible
744,744,0.0,0.0,0.31184754546715604,0.21061196514373906,0.16583973847102715,True,0.26128199685936015,-0.027734496730285683,-0.11352895716198683,0.05805996370141544,,0.00043827428651807554,previous_16_forest,2100042,native_eligible
752,752,1.0,0.0,0.4977416098184984,0.4062411854542049,0.5044248717814264,True,-0.9152434851832436,-0.05154854853338824,-0.1880949983386312,0.08499790127185466,,-0.048624029853681416,previous_16_forest,2100042,native_eligible
760,760,1.0,1.0,0.692406335628685,0.8504216001206358,0.4037842921018924,True,0.4144404684530171,-0.14791662062986316,-0.29785977130388414,0.0020265300441577594,,-0.1049719012824385,previous_16_forest,2100042,native_eligible
773,773,1.0,1.0,0.8692835421061869,0.8439282558612524,0.880262563658666,True,0.17407697810176814,-0.07778652422336095,-0.2438122815141298,0.08823923306740787,,-0.05078761983714952,previous_16_forest,2100042,native_eligible
776,776,0.0,0.0,0.3168621649850765,0.08025735149070425,0.41048375096792183,True,0.44770979356993534,0.017694983835622333,-0.17175525213066523,0.20714521980190986,,0.11215936655437345,previous_16_forest,2100042,native_eligible
779,779,0.0,0.0,0.2679093156148856,0.08324687392578212,0.14435321073719035,True,0.17481748722128057,-0.05927684685208297,-0.234812429421498,0.11625873571733199,,0.2102850669914252,previous_16_forest,2100042,native_eligible
781,781,1.0,1.0,0.7124763823714944,0.653230631069435,0.5684789522681134,True,0.5209119732281796,-0.08793859687248412,-0.2149083701458448,0.03903117640087653,,0.031273744586730046,previous_16_forest,2100042,native_eligible
798,798,1.0,1.0,0.5738280382772704,0.46095050392149967,0.6899656127734846,True,0.7693065664762786,-0.003372567338683174,-0.1704862138572246,0.1637410791798582,,-0.012829595656138837,previous_16_forest,2100042,native_eligible
822,822,0.0,0.0,0.7852116852351514,0.7051796696276489,0.8549330596284612,True,3.4328913502743186,0.07371290067706474,-0.1360893749708707,0.2835151763250001,,0.15687867128973654,previous_16_forest,2100042,native_eligible
827,827,0.0,1.0,0.20298206856941894,0.5242892059437693,0.10834864527525576,True,-1.0128039125411235,-0.12699322735506186,-0.2100898408707766,-0.04389661383934715,,-0.47170840662307595,previous_16_forest,2100042,native_eligible
839,839,0.0,0.0,0.3459267656741221,0.1133646466488581,0.08696392637917823,True,0.14692030969984277,-0.15465778123495594,-0.27596539385512,-0.03335016861479194,,-0.082870305049013,previous_16_forest,2100042,native_eligible
845,845,1.0,1.0,0.7529859679004913,0.5244563611479922,0.7724707399784841,True,0.5501837016611988,0.04975788707922562,-0.13590058942827182,0.23541636358672305,,-0.054967122143437575,previous_16_forest,2100042,native_eligible
848,848,0.0,0.0,0.1749639197908613,0.2818343353833745,0.2046225235807358,True,0.26439062491980403,-0.04512176817280422,-0.1800612206141999,0.08981768426859141,,0.0857810802170664,previous_16_forest,2100042,native_eligible
859,859,1.0,1.0,0.7373945455411194,0.6358205668837489,0.7457448830464631,True,0.45472632004376795,-0.026423268499573844,-0.20785153358267666,0.1550049965835289,,0.10091643251497262,previous_16_forest,2100042,native_eligible
868,868,1.0,0.0,0.3159122574538403,0.2818690234024054,0.18006004545095927,True,-0.6717775094107512,-0.06905298314620216,-0.18683809925483807,0.04873213296243374,,-0.03768758335333155,previous_16_forest,2100042,native_eligible
875,875,1.0,1.0,0.29545258998674867,0.0797790185638954,0.6520218609164056,True,1.7500228005488543,0.005141828558391154,-0.22252079239225253,0.23280444950903478,,0.2750351541256375,previous_16_forest,2100042,native_eligible
892,892,0.0,0.0,0.27357765438948894,0.16976147777879536,0.26353527697542245,True,0.32746908514783474,-0.09759402251420335,-0.1903787415458265,-0.004809303482580213,,-0.4218944972490402,previous_16_forest,2100042,native_eligible
893,893,0.0,1.0,0.42129548299625,0.5583282137207654,0.26017006665443126,True,-1.0613659211580173,-0.06964818233248359,-0.17675950227049358,0.037463137605526386,,-0.13899119129057289,previous_16_forest,2100042,native_eligible
898,898,1.0,1.0,0.45929653428546496,0.3552714655745849,0.2947146030465132,True,1.4750205788534765,-0.06955292885057306,-0.20758011844337942,0.06847426074223324,,0.11489019733853345,previous_16_forest,2100042,native_eligible
908,908,1.0,1.0,0.636625508000223,0.6297859664368327,0.5328035977251335,True,0.6368814121198769,-0.04898147041084811,-0.18296418948927962,0.08500124866758338,,0.2700079153490359,previous_16_forest,2100042,native_eligible
913,913,0.0,0.0,0.5308310973701791,0.11364248426741586,0.22967835933526815,True,0.35825671202106557,0.015855078741233895,-0.07757185676764469,0.10928201425011244,,0.5763362625455206,previous_16_forest,2100042,native_eligible
915,915,1.0,1.0,0.8986249317981637,0.7235519719705151,0.914716760234959,True,0.2860689432096976,0.019664975739112207,-0.09903070364388027,0.13836065512210466,,-0.10460704553612188,previous_16_forest,2100042,native_eligible
929,929,1.0,0.0,0.691834970304069,0.686422578769275,0.6757264289490346,True,-0.9874123580975489,-0.03926282621323875,-0.150007539430343,0.07148188700386547,,-0.2246108655442407,previous_16_forest,2100042,native_eligible
934,934,0.0,0.0,0.16601323370192786,0.08307144657108569,0.15115421460548312,True,0.16769039962767313,-0.11457575978271033,-0.24633961302259055,0.01718809345716986,,-0.17923562100166213,previous_16_forest,2100042,native_eligible
955,955,1.0,1.0,0.8063026278441041,0.7849398769881853,0.6111974246850524,True,0.30846182421588303,-0.13843321416854845,-0.2921556509739164,0.01528922263681945,,-0.4074361291328243,previous_16_forest,2100042,native_eligible
960,960,1.0,1.0,0.6172626909048147,0.7910047302801388,0.8506416223766895,True,0.3016057974330671,0.06568327273008358,-0.09636076963671879,0.22772731509688593,,0.30302428580824725,previous_16_forest,2100042,native_eligible
961,961,0.0,1.0,0.6461268777651206,0.3941809314419699,0.46218432616941435,True,-1.6439634953601394,-0.003592284915799981,-0.15429985569834756,0.14711528586674755,,-0.17386110854674186,previous_16_forest,2100042,native_eligible
967,967,0.0,0.0,0.7026413980310109,0.5004380186019796,0.4912493474360472,True,1.6737558116513804,-0.05571553835696774,-0.145085538612233,0.03365446189829749,,0.11315424130412288,previous_16_forest,2100042,native_eligible
976,976,0.0,0.0,0.22027082721031438,0.14760056689821816,0.04547490713802453,True,0.08717156297951538,-0.1542822366972946,-0.29973306031776104,-0.008831413076828193,,-0.10435438224184548,previous_16_forest,2100042,native_eligible
980,980,1.0,1.0,0.7866648679715428,0.6503251054921231,0.4709186186460403,True,0.4931561289450916,-0.06985852674684544,-0.2113645737431652,0.07164752024947431,,-0.1328309937568829,previous_16_forest,2100042,native_eligible
986,986,1.0,0.0,0.7207856920055237,0.5982136470548695,0.5038205634311207,True,-0.793381103251724,-0.12687434376880857,-0.27685964591094947,0.023110958373332297,,-0.21930664730454208,previous_16_forest,2100042,native_eligible
987,987,0.0,0.0,0.5670098268288295,0.5390382204000436,0.5500841740903227,True,1.2559661708217427,-0.11989616056328492,-0.24230455637281445,0.002512235246244568,,0.16537846499403014,previous_16_forest,2100042,native_eligible
989,989,0.0,0.0,0.4451457975026464,0.5106244545299412,0.30221137863673003,True,0.7118727437539358,-0.031230617207583643,-0.12260836794918256,0.060147133534015254,,-0.22553091570484401,previous_16_forest,2100042,native_eligible
5,5,1.0,1.0,0.6888429079206844,0.3946870118834284,0.7061931204706653,True,0.7380284348694501,0.01978993516449823,,,,0.29544125881310984,overlap_architecture_selected,2100042,native_eligible
12,12,0.0,1.0,0.4555099905752087,0.19531416035446247,0.7064717346404512,True,-0.9667131409097255,0.0740693034600099,,,,-0.1020346687031714,overlap_architecture_selected,2100042,native_eligible
15,15,1.0,0.0,0.5739156143217101,0.16158410622789957,0.16947097166064773,True,-0.28740214122886576,0.0257263482374315,,,,-0.003080297422145953,overlap_architecture_selected,2100042,native_eligible
30,30,0.0,0.0,0.6167789596155766,0.15731565023733743,0.2188616704845488,True,0.47205492675069616,-0.040910729852254135,,,,-0.15824629257148742,overlap_architecture_selected,2100042,native_eligible
39,39,1.0,0.0,0.5282969793648782,0.3233163335011604,0.11867555488026614,True,-0.4292787370338661,0.001686779229387536,,,,-0.0787740414269622,overlap_architecture_selected,2100042,native_eligible
40,40,0.0,0.0,0.33092338229154283,0.3135286825814046,0.4945468433136819,True,0.6496172333694581,-0.012261117417480594,,,,0.060474988513839145,overlap_architecture_selected,2100042,native_eligible
43,43,1.0,0.0,0.7499100517415233,0.44367732465266807,0.2039016097891397,True,-0.5116771373282853,-0.0454945654698346,,,,-0.19702180525731344,overlap_architecture_selected,2100042,native_eligible
45,45,0.0,0.0,0.27332329498748414,0.40652805995461844,0.2986026616139638,True,0.45150915783879064,0.08685983244508155,,,,0.13139903885494988,overlap_architecture_selected,2100042,native_eligible
48,48,1.0,1.0,0.4799245881793292,0.5486404992514584,0.5036195226556844,True,0.9892675128258962,0.09673269118768113,,,,-0.02351093248221392,overlap_architecture_selected,2100042,native_eligible
63,63,1.0,0.0,0.5622680303294618,0.2923920177519762,0.20255847180750164,True,-0.45008606054825206,0.0018159646028529097,,,,-0.08061850681857732,overlap_architecture_selected,2100042,native_eligible
67,67,1.0,1.0,0.29786360027698494,0.4679197980360741,0.18384044642604735,True,2.455965262149431,-0.08028638489567413,,,,-0.4040936263411786,overlap_architecture_selected,2100042,native_eligible
69,69,0.0,0.0,0.4831759230160343,0.5306311188959979,0.30432719544141756,True,0.8004112442918723,-0.013916470929865532,,,,-0.2535047085663173,overlap_architecture_selected,2100042,native_eligible
72,72,1.0,0.0,0.71646138813945,0.5875040309171368,0.6025555760993164,True,-0.8259645738637733,-0.008484371657823453,,,,0.03393963416448598,overlap_architecture_selected,2100042,native_eligible
93,93,0.0,1.0,0.1948777864758479,0.3739643593993959,0.1862414282846455,True,-0.9652889081610715,-0.1059721323521432,,,,-0.24763340158643393,overlap_architecture_selected,2100042,native_eligible
115,115,0.0,0.0,0.3323517282712486,0.11139442913668329,0.2326002702021081,True,0.28805181948494213,0.08460055216393275,,,,-0.036066766855671034,overlap_architecture_selected,2100042,native_eligible
116,116,0.0,1.0,0.2514571714944329,0.4196848406139575,0.4134192550503539,True,-0.7815253800427202,-0.029794610636775132,,,,-0.014342061446469406,overlap_architecture_selected,2100042,native_eligible
121,121,1.0,0.0,0.839897775353946,0.4990332033858317,0.28576489634539376,True,-0.5535060177844245,-0.044206547665065044,,,,-0.578150415838105,overlap_architecture_selected,2100042,native_eligible
122,122,1.0,0.0,0.7252873966557368,0.2665500540009225,0.20689751221099273,True,-0.34491533990966355,-0.07774978959408366,,,,-0.1662835077113541,overlap_architecture_selected,2100042,native_eligible
123,123,0.0,1.0,0.4463624958895889,0.48146018459393874,0.46030249815453433,True,-0.9577629770062978,0.011887881097649211,,,,0.03246765507545743,overlap_architecture_selected,2100042,native_eligible
126,126,0.0,0.0,0.20318848123782796,0.2775487738674757,0.1596686487015686,True,0.23044412383420926,-0.07689682814351606,,,,-0.3010231687743369,overlap_architecture_selected,2100042,native_eligible
130,130,0.0,0.0,0.20823427707608877,0.0675331607025196,0.11931555144376856,True,0.1370767634922269,-0.008090999607947957,,,,0.006309753656425152,overlap_architecture_selected,2100042,native_eligible
137,137,0.0,0.0,0.18867972712031328,0.11044261692522143,0.31955646683419486,True,0.3452408771965059,-0.03385399946453663,,,,-0.035394603233024145,overlap_architecture_selected,2100042,native_eligible
145,145,1.0,0.0,0.3203390685100596,0.19586926662949372,0.2971712031024018,True,-0.8263751167338248,-0.028026000939437357,,,,-0.33769143797714973,overlap_architecture_selected,2100042,native_eligible
151,151,0.0,1.0,0.5588700460852095,0.2593456994877547,0.46203497374590086,True,-1.476304169599696,0.11536682296363954,,,,-0.31487008056515453,overlap_architecture_selected,2100042,native_eligible
162,162,0.0,0.0,0.5946045765665231,0.6190854984844048,0.30667951343858135,True,1.214709178813428,-0.10143724248075003,,,,-0.1770906937214045,overlap_architecture_selected,2100042,native_eligible
167,167,0.0,1.0,0.591077812446843,0.7026454510624279,0.7733114182962864,True,-0.6565006135692878,-0.00915453353036566,,,,0.060419762402974864,overlap_architecture_selected,2100042,native_eligible
169,169,1.0,1.0,0.7044572522132421,0.8323850715322415,0.8506476625885422,True,0.2302730955151976,0.03013320198602798,,,,-0.059438745764093026,overlap_architecture_selected,2100042,native_eligible
186,186,1.0,0.0,0.6214045214338907,0.5427647571381181,0.6614020347309405,True,-0.9457290279576354,0.07042444800053244,,,,-0.34838730337294177,overlap_architecture_selected,2100042,native_eligible
193,193,0.0,0.0,0.6074217274460321,0.5754029831207266,0.3604637521523285,True,1.250763339317444,0.0020614080012119063,,,,-0.07790570380726344,overlap_architecture_selected,2100042,native_eligible
196,196,0.0,0.0,0.5535117382824412,0.5755619865144694,0.731539126421774,True,1.4450636307825349,0.17864718415660324,,,,0.18500422317417548,overlap_architecture_selected,2100042,native_eligible
198,198,0.0,0.0,0.12684198956953327,0.21577446760498067,0.11351971253025772,True,0.14486485561132448,-0.00981432488360201,,,,-0.09796041668062988,overlap_architecture_selected,2100042,native_eligible
208,208,1.0,1.0,0.35467140082198473,0.5231764242563964,0.8334391780693375,True,0.7798828628621678,0.17824773909263436,,,,-0.38364186382161225,overlap_architecture_selected,2100042,native_eligible
211,211,0.0,0.0,0.23702846239208153,0.15419783581879015,0.5025815197901572,True,0.550485372197161,-0.010737324062901815,,,,0.039362356322426656,overlap_architecture_selected,2100042,native_eligible
229,229,0.0,0.0,0.3394977187615838,0.14389817321385817,0.12087608358119724,True,0.19483964574856238,0.03722682467104077,,,,-0.0181111175885878,overlap_architecture_selected,2100042,native_eligible
237,237,0.0,1.0,0.2593173138758353,0.46567527758163085,0.5303704679596145,True,-0.6566997232987178,0.01800337410664632,,,,0.014677238537030401,overlap_architecture_selected,2100042,native_eligible
241,241,1.0,0.0,0.31133716450021137,0.3316409307700747,0.3371235178681553,True,-1.0773419398399053,-0.013454008422496888,,,,-0.2359562924134932,overlap_architecture_selected,2100042,native_eligible
250,250,1.0,1.0,0.8198052666700606,0.6052038476825689,0.6847745888605471,True,0.46408328818789973,-0.009709665835374803,,,,-0.14381661120733635,overlap_architecture_selected,2100042,native_eligible
254,254,0.0,1.0,0.20102201366299613,0.07793532874053138,0.09710731601862482,True,-1.134883176978394,-0.009507054373244644,,,,0.11029612787953566,overlap_architecture_selected,2100042,native_eligible
261,261,0.0,0.0,0.35753980453270195,0.2379800673530981,0.7381090708816396,True,0.8705489439888241,0.05711967656697403,,,,0.31285754382566056,overlap_architecture_selected,2100042,native_eligible
264,264,1.0,1.0,0.5577264707247881,0.7081582766574693,0.5321984635767364,True,0.6628053540366474,0.014578299204161205,,,,0.10130985419071503,overlap_architecture_selected,2100042,native_eligible
265,265,0.0,0.0,0.4894535840263993,0.5564742259071577,0.13636166385515705,True,0.6698455857218383,-0.08726483301779586,,,,-0.19966649402570194,overlap_architecture_selected,2100042,native_eligible
270,270,0.0,0.0,0.41393476570015036,0.12494350527437559,0.3212568442341826,True,0.4095037791394586,-0.03379726102258143,,,,-0.05981133747776573,overlap_architecture_selected,2100042,native_eligible
271,271,1.0,0.0,0.7707584173609587,0.7959676352958603,0.863532991139438,True,-1.0528025463275528,-0.07722959124238138,,,,-0.027407061388611043,overlap_architecture_selected,2100042,native_eligible
277,277,1.0,1.0,0.8900167605613836,0.6252763047268965,0.5437300975774809,True,0.431106950230142,0.014603549839876218,,,,0.19707323380293573,overlap_architecture_selected,2100042,native_eligible
282,282,0.0,0.0,0.6245541802214628,0.7307034151446676,0.7282141335630116,True,1.9437393795223215,-0.012921415057076113,,,,0.2904593735133494,overlap_architecture_selected,2100042,native_eligible
284,284,0.0,1.0,0.16600055712416817,0.2592637861620926,0.45919849449119815,True,-0.688238803254631,0.07203333635100972,,,,0.18518688543613304,overlap_architecture_selected,2100042,native_eligible
288,288,1.0,0.0,0.7506277655281091,0.5290416851646706,0.4978949148520252,True,-0.6944514570260766,-0.010437820949796062,,,,0.004640120746827181,overlap_architecture_selected,2100042,native_eligible
294,294,1.0,1.0,0.8452096511713626,0.405842856416113,0.6341387922733526,True,0.6611603822340719,-0.08804705222311238,,,,-0.34951026332690505,overlap_architecture_selected,2100042,native_eligible
318,318,0.0,0.0,0.6620889375925935,0.6459232227676104,0.4741732440579968,True,1.7397684491447705,0.006895268978488189,,,,-0.20199985734703257,overlap_architecture_selected,2100042,native_eligible
328,328,0.0,1.0,0.45530493745300465,0.2088551925321321,0.46891843020249063,True,-1.1923912857256735,0.011780339988565702,,,,0.10327243996857394,overlap_architecture_selected,2100042,native_eligible
334,334,0.0,0.0,0.39321898348527956,0.5242578430181876,0.19825029976362235,True,0.5379908824533839,-0.05527020320268056,,,,-0.1484375342195409,overlap_architecture_selected,2100042,native_eligible
339,339,0.0,1.0,0.7124040323095259,0.6462790089264917,0.566851285342531,True,-1.3093510563554458,0.03266117739257457,,,,-0.04096418254395162,overlap_architecture_selected,2100042,native_eligible
343,343,1.0,1.0,0.723941868261697,0.4324928077355152,0.28606401590014985,True,0.8397498164196417,-0.013785204358337078,,,,-0.252500407706424,overlap_architecture_selected,2100042,native_eligible
346,346,0.0,0.0,0.46966547388737484,0.34502536700677705,0.38860485114700843,True,0.6941601082904783,-0.07054267148803683,,,,0.021257549177203516,overlap_architecture_selected,2100042,native_eligible
347,347,0.0,1.0,0.1383250060729554,0.20050943253194,0.1399110405643247,True,-0.9884314764864292,-0.029809985709894293,,,,0.0718545920669893,overlap_architecture_selected,2100042,native_eligible
349,349,0.0,1.0,0.8193402204937518,0.76817468848142,0.49436048686510725,True,-1.5570290497256682,-0.09700916306103524,,,,0.03268878550218324,overlap_architecture_selected,2100042,native_eligible
354,354,1.0,0.0,0.5852910889203498,0.2230769857318286,0.584921836189836,True,-0.63752426221515,0.014297436763358595,,,,-0.14297135067526034,overlap_architecture_selected,2100042,native_eligible
357,357,1.0,1.0,0.6144194034511296,0.21297388087310265,0.18011879124319352,True,1.301544840046171,-0.02798092185803952,,,,0.1013446835796018,overlap_architecture_selected,2100042,native_eligible
360,360,1.0,0.0,0.3865766579199204,0.1939027361494352,0.29086730847300307,True,-0.6554536156707429,-0.043179934177523804,,,,-0.20995476861796994,overlap_architecture_selected,2100042,native_eligible
361,361,0.0,0.0,0.34845164804898915,0.20205928609529325,0.27186215507680755,True,0.37992457443935557,0.02583945771026888,,,,-0.0406445885166562,overlap_architecture_selected,2100042,native_eligible
365,365,1.0,0.0,0.560935123331112,0.18836309522854952,0.05063820982244043,True,-0.22799951381897354,-0.10350297436979605,,,,-0.3344524588585174,overlap_architecture_selected,2100042,native_eligible
368,368,1.0,0.0,0.7143540874732927,0.3080982007764622,0.49608653367380895,True,-0.506466339334589,-0.059905246866191586,,,,-0.05427466854280549,overlap_architecture_selected,2100042,native_eligible
370,370,1.0,0.0,0.1564647786101973,0.02985048762436758,0.04271707574302309,True,-0.2601474161988573,-0.03872636565629893,,,,-0.11224918810400103,overlap_architecture_selected,2100042,native_eligible
380,380,0.0,1.0,0.6881981509560702,0.3797883518090483,0.12740369342474195,True,-2.241505794428531,-0.11630628234001056,,,,-0.4595323870462047,overlap_architecture_selected,2100042,native_eligible
384,384,1.0,1.0,0.6990770925814441,0.5866847578315317,0.6984133098567042,True,0.5431354645727471,-0.01293641099481202,,,,0.0703099140074529,overlap_architecture_selected,2100042,native_eligible
392,392,1.0,1.0,0.8614449858240005,0.6439343870057795,0.6741102661527234,True,0.40848179445220545,0.013260640167962578,,,,0.0859568948245617,overlap_architecture_selected,2100042,native_eligible
398,398,0.0,1.0,0.3131607508660323,0.3654809630169323,0.3398970008679549,True,-0.9494086238629517,-0.08832795367440394,,,,-0.3498504475078327,overlap_architecture_selected,2100042,native_eligible
409,409,0.0,0.0,0.11684459674257594,0.14404787530331722,0.44661476762073676,True,0.4656728131689617,0.12894824565109342,,,,0.14554265152238055,overlap_architecture_selected,2100042,native_eligible
422,422,1.0,1.0,0.5508828176109196,0.2915921017670429,0.6383246183455636,True,1.0032702957435307,0.05146224970855631,,,,0.04875396248008518,overlap_architecture_selected,2100042,native_eligible
424,424,1.0,0.0,0.7466109835887913,0.885587740458582,0.5560926210747671,True,-1.0743175681532593,-0.014079925976885121,,,,-0.411950972386599,overlap_architecture_selected,2100042,native_eligible
431,431,1.0,1.0,0.3674722731125876,0.6193602368554867,0.23358765777984436,True,1.6998605374815332,-0.09440293422227153,,,,-0.32665406706368566,overlap_architecture_selected,2100042,native_eligible
435,435,0.0,1.0,0.41302370277667033,0.9177879386915504,0.5024090372965818,True,-0.555439175885354,0.047814697501227243,,,,-0.10742312894197681,overlap_architecture_selected,2100042,native_eligible
446,446,1.0,0.0,0.20767700289576774,0.24111384469134842,0.05132486560623881,True,-0.4369269139097881,-0.08630313211458776,,,,-0.06432527410523083,overlap_architecture_selected,2100042,native_eligible
447,447,1.0,1.0,0.4982389863696391,0.23552543518656913,0.49799353993739853,True,1.2700296842257992,-0.023610121458825906,,,,0.034144994760945346,overlap_architecture_selected,2100042,native_eligible
451,451,1.0,1.0,0.8206682361055784,0.3670854866306896,0.3199319262258314,True,0.7815224427037578,-0.11134960763880969,,,,-0.17663563846118313,overlap_architecture_selected,2100042,native_eligible
460,460,1.0,0.0,0.5182035749471302,0.5635962256132908,0.33768486228120703,True,-0.8775565441196911,0.0181840883972883,,,,-0.15089969081385596,overlap_architecture_selected,2100042,native_eligible
462,462,0.0,0.0,0.5514406082505877,0.3387305486786039,0.57788716044058,True,0.9943086716877121,0.0638123288934771,,,,-0.02877369342676961,overlap_architecture_selected,2100042,native_eligible
465,465,0.0,1.0,0.361708783408197,0.5939305110382173,0.3960143962033593,True,-0.8340982812290892,-0.013267421568050941,,,,-0.07352311822592295,overlap_architecture_selected,2100042,native_eligible
467,467,0.0,0.0,0.3693607047623265,0.6520405476110495,0.28485097682516053,True,0.6667462345706585,-0.011859124096496754,,,,0.18109530692018136,overlap_architecture_selected,2100042,native_eligible
468,468,1.0,0.0,0.4448880946094457,0.6430063869854825,0.24905471022892264,True,-0.9537659609476451,-0.1266799124559742,,,,-0.36394341785118856,overlap_architecture_selected,2100042,native_eligible
474,474,0.0,0.0,0.4108234879924554,0.24130271951818083,0.4049962437148072,True,0.5732528236601645,0.1255298069458966,,,,0.27024214191256124,overlap_architecture_selected,2100042,native_eligible
478,478,1.0,0.0,0.6225870999267122,0.31343286002785775,0.029629055260317227,True,-0.3313940218854426,-0.05005182605154379,,,,-0.14113139488284232,overlap_architecture_selected,2100042,native_eligible
481,481,0.0,1.0,0.420213565981122,0.35440759320370596,0.23668318493335233,True,-1.2312247748126885,0.03373765437269416,,,,0.24256774419822325,overlap_architecture_selected,2100042,native_eligible
486,486,1.0,1.0,0.7385547122988297,0.792525121518485,0.1578342230008308,True,0.5055980509331442,-0.248257119491825,,,,-0.6892153014395378,overlap_architecture_selected,2100042,native_eligible
487,487,1.0,1.0,0.8957691408253676,0.7509155611161193,0.7558132118912592,True,0.2774977850951785,0.09559494713179717,,,,-0.028156691615068175,overlap_architecture_selected,2100042,native_eligible
498,498,0.0,0.0,0.30641748843266653,0.46413869787523465,0.09298180809711744,True,0.2980334230318039,-0.10919848855342773,,,,-0.1062618189134249,overlap_architecture_selected,2100042,native_eligible
503,503,0.0,0.0,0.33964182522487846,0.2941888779495104,0.14778418445857963,True,0.29909426326794264,-0.05031662692376063,,,,-0.16728505428348134,overlap_architecture_selected,2100042,native_eligible
507,507,1.0,1.0,0.8859227434798067,0.8790333404368461,0.8752008561987862,True,0.13703662056786994,-0.008030506488406752,,,,-0.030854928811506976,overlap_architecture_selected,2100042,native_eligible
508,508,0.0,0.0,0.47961773593549384,0.19890127351498318,0.22511698331397795,True,0.408437178996353,0.010026290467714277,,,,-0.05620972089686527,overlap_architecture_selected,2100042,native_eligible
514,514,1.0,1.0,0.843086072389648,0.798071949906678,0.5366108810083545,True,0.28817334467728306,-0.02472371361059511,,,,-0.061478120138046544,overlap_architecture_selected,2100042,native_eligible
526,526,0.0,0.0,0.10152917974981396,0.03748684107892431,0.18867670945980305,True,0.19291280499053493,0.010389634395150171,,,,0.020299231269924375,overlap_architecture_selected,2100042,native_eligible
528,528,1.0,1.0,0.4977416098184984,0.41550557113765935,0.4943183776471951,True,1.0947648836067303,0.01828727919956008,,,,-0.3151680255715663,overlap_architecture_selected,2100042,native_eligible
532,532,1.0,0.0,0.6245694080965795,0.602543346095397,0.289370578733164,True,-0.7764848908539067,-0.12474915832424183,,,,-0.5334643262344162,overlap_architecture_selected,2100042,native_eligible
534,534,0.0,1.0,0.6780604532969082,0.36656252697194586,0.6683709551729843,True,-1.6657580901560267,0.04801810966644621,,,,0.13543398492073888,overlap_architecture_selected,2100042,native_eligible
535,535,0.0,0.0,0.6613810404542477,0.48648391261818086,0.32365232033584296,True,1.2738390338125067,-0.021105210542313513,,,,0.03704061610492676,overlap_architecture_selected,2100042,native_eligible
538,538,1.0,0.0,0.665348251047622,0.44195948859885753,0.5266420102122487,True,-0.7068458387347816,0.02974656267688147,,,,-0.06212851278558973,overlap_architecture_selected,2100042,native_eligible
539,539,0.0,1.0,0.3717068052280005,0.27781403913269903,0.35573055530498576,True,-1.0715244882450443,-0.08757736778263164,,,,-0.11126006308263126,overlap_architecture_selected,2100042,native_eligible
546,546,0.0,0.0,0.2828480244849467,0.11446037441871075,0.041438964315685854,True,0.086582660340351,-0.02431081764069097,,,,-0.06620608679353736,overlap_architecture_selected,2100042,native_eligible
549,549,1.0,0.0,0.8288814024149394,0.657627197281283,0.6710129934177679,True,-0.7961546175617558,0.058537936376333366,,,,-0.22605679180368443,overlap_architecture_selected,2100042,native_eligible
550,550,0.0,0.0,0.19510893245956237,0.10261838700602366,0.07388862769207688,True,0.09876375023586337,-0.03310081196233908,,,,-0.08381602753461014,overlap_architecture_selected,2100042,native_eligible
552,552,1.0,0.0,0.5434797101420065,0.3200162208238149,0.20927757920323403,True,-0.4958083605040175,-0.035551032589650394,,,,0.08753892270289004,overlap_architecture_selected,2100042,native_eligible
559,559,1.0,0.0,0.3150026421812423,0.4842315373432193,0.4081477611391963,True,-1.3717800862824678,-0.012539366578154354,,,,-0.36576085048430995,overlap_architecture_selected,2100042,native_eligible
560,560,1.0,1.0,0.8811227497695345,0.673861094009574,0.5648731663976497,True,0.38484432642550875,-0.14177191402449685,,,,-0.06469990771798673,overlap_architecture_selected,2100042,native_eligible
561,561,1.0,0.0,0.6604639872001546,0.4915194109848702,0.3903247291134878,True,-0.6921803172398696,-0.008128930240198035,,,,-0.14847635272894044,overlap_architecture_selected,2100042,native_eligible
563,563,0.0,0.0,0.2974283910573885,0.21826060706005299,0.49359263819115895,True,0.5859916198220593,-0.043687179818869715,,,,0.08723419972137467,overlap_architecture_selected,2100042,native_eligible
568,568,1.0,1.0,0.8593905682620838,0.7875985459188949,0.6404592563122256,True,0.27122781490421843,-0.0844984722289358,,,,-0.11006768648138565,overlap_architecture_selected,2100042,native_eligible
569,569,0.0,1.0,0.553028204006383,0.6227291374426895,0.5378637443508555,True,-0.9289250539897626,0.026500340712425907,,,,-0.03506472883281053,overlap_architecture_selected,2100042,native_eligible
578,578,0.0,0.0,0.4971835570525107,0.4245811032635116,0.1924470220070073,True,0.6122716839460707,-0.02089549499138721,,,,-0.1661069213092291,overlap_architecture_selected,2100042,native_eligible
580,580,1.0,1.0,0.8997032491347503,0.4736050083035237,0.8925326438325157,True,0.5383751936775663,-0.008721243356921593,,,,0.041240948763694774,overlap_architecture_selected,2100042,native_eligible
584,584,1.0,0.0,0.3532827057050765,0.27071004577043567,0.48645499556172883,True,-1.1612117698728324,0.0059150104345754295,,,,-0.18620539681394355,overlap_architecture_selected,2100042,native_eligible
588,588,1.0,1.0,0.759956906756567,0.5822111945126298,0.7063091984940578,True,0.5105551818750933,-0.012148146790332826,,,,0.05151712594740754,overlap_architecture_selected,2100042,native_eligible
594,594,0.0,1.0,0.43590444979293064,0.30463237545755556,0.29850872042080717,True,-1.238836134841256,-0.023550401617510958,,,,-0.1845762402931477,overlap_architecture_selected,2100042,native_eligible
599,599,0.0,1.0,0.5048358008073318,0.27817401260270225,0.19854963878901968,True,-1.5373751332065997,-0.011714098783848825,,,,-0.017020805613165407,overlap_architecture_selected,2100042,native_eligible
603,603,1.0,1.0,0.8966416880277465,0.8466990277452016,0.4284954677770611,True,0.21917984507966687,-0.16656071924574223,,,,-0.4064471216929251,overlap_architecture_selected,2100042,native_eligible
606,606,0.0,1.0,0.18248752287730916,0.430611830693307,0.5349752952558778,True,-0.5921251949264026,-0.012323533399237085,,,,-0.0810499975355446,overlap_architecture_selected,2100042,native_eligible
607,607,0.0,0.0,0.23293563131751685,0.35011907431845224,0.6674359522614915,True,0.7737571567684265,0.016567067895125298,,,,-0.20262165996000597,overlap_architecture_selected,2100042,native_eligible
609,609,0.0,1.0,0.26284358490807525,0.31432442901460894,0.3266520417716286,True,-0.9178353173178492,-0.003616146217365085,,,,-0.17815202596793825,overlap_architecture_selected,2100042,native_eligible
614,614,1.0,1.0,0.5728457196351098,0.2777800615052748,0.1659687809482254,True,1.3441325983341714,-0.05894766699823778,,,,0.13800989485438941,overlap_architecture_selected,2100042,native_eligible
617,617,1.0,0.0,0.717937892072409,0.8316949682191158,0.43268137213866764,True,-1.001686023481771,-0.011459498433512127,,,,-0.32977963417948597,overlap_architecture_selected,2100042,native_eligible
621,621,1.0,1.0,0.7194912762194604,0.5669474068586907,0.4491467131431642,True,0.6478142693334676,-0.04279756728116724,,,,-0.10300534475910206,overlap_architecture_selected,2100042,native_eligible
626,626,1.0,0.0,0.3741161985593069,0.06956205003912319,0.028400073685736143,True,-0.11707441691357308,-0.028675634959866803,,,,-0.14734105843629364,overlap_architecture_selected,2100042,native_eligible
638,638,1.0,0.0,0.2698635255566812,0.11939729046640864,0.045084007416677396,True,-0.24137553173145648,-0.039161987411095195,,,,-0.028967779075204383,overlap_architecture_selected,2100042,native_eligible
648,648,1.0,1.0,0.4856425777554027,0.7536200266034522,0.5617048825881574,True,0.7105903970713292,-0.06851019797518909,,,,0.22657797391420198,overlap_architecture_selected,2100042,native_eligible
651,651,1.0,0.0,0.8399045585002217,0.5013366851173673,0.16024717716923606,True,-0.5318816349195361,0.033227950413329266,,,,0.14285091672279376,overlap_architecture_selected,2100042,native_eligible
656,656,0.0,0.0,0.3102452295851893,0.3275088534981522,0.5703133899393636,True,0.7176238019914767,-0.014107688722679479,,,,0.008071797181922913,overlap_architecture_selected,2100042,native_eligible
662,662,0.0,0.0,0.796021678525125,0.5574844537577952,0.547538450854551,True,2.7231113618543294,0.09293671530067171,,,,0.12090442381375327,overlap_architecture_selected,2100042,native_eligible
663,663,1.0,1.0,0.6611959780134389,0.536596752310817,0.6151902599697336,True,0.6605839504719929,-0.03162558288311346,,,,-0.0006267839972746714,overlap_architecture_selected,2100042,native_eligible
676,676,1.0,0.0,0.5076521251405558,0.4743534077595283,0.24391568437702546,True,-0.7109157363712034,0.00023958353611258643,,,,0.288078314021742,overlap_architecture_selected,2100042,native_eligible
680,680,1.0,0.0,0.814365313281024,0.32398802252395714,0.16236471821632734,True,-0.3609990826817978,-0.01874255371120767,,,,-0.21676132704337042,overlap_architecture_selected,2100042,native_eligible
684,684,0.0,0.0,0.47678596847590454,0.09916652457390339,0.09218129859676177,True,0.18254815539077857,-0.03562448771871238,,,,-0.09365228131014089,overlap_architecture_selected,2100042,native_eligible
707,707,1.0,0.0,0.3770278451165394,0.27702773953317045,0.06104613272036008,True,-0.3778957293665191,-0.15093482719465534,,,,-0.18261274863827542,overlap_architecture_selected,2100042,native_eligible
708,708,0.0,0.0,0.3700018688658759,0.45297367806765865,0.15987237552994094,True,0.42590666856882253,-0.015005157039780948,,,,-0.3033594815556778,overlap_architecture_selected,2100042,native_eligible
712,712,0.0,0.0,0.18179165970476213,0.37700983963665285,0.3727581959416832,True,0.4565232238657969,0.04854947178970209,,,,0.20262182932038472,overlap_architecture_selected,2100042,native_eligible
713,713,0.0,1.0,0.3020884902611134,0.7133563595857324,0.675573299921819,True,-0.44849937027686076,0.09695054469952058,,,,0.18351149860665072,overlap_architecture_selected,2100042,native_eligible
735,735,1.0,1.0,0.8693676395139803,0.5464435207603578,0.49735423804082685,True,0.5290847130829548,0.052618517615216964,,,,0.2892291597635016,overlap_architecture_selected,2100042,native_eligible
739,739,0.0,1.0,0.14071677625198042,0.3675202823947093,0.5430338245779597,True,-0.5605414628784593,0.06848391039189466,,,,0.04653584065128688,overlap_architecture_selected,2100042,native_eligible
743,743,1.0,0.0,0.568977714745772,0.6790883539213093,0.31325596509810255,True,-0.9163916760846949,-0.17627316530823667,,,,-0.3588049137290085,overlap_architecture_selected,2100042,native_eligible
744,744,0.0,0.0,0.31184754546715604,0.2275922705050214,0.1563064791697305,True,0.2594436407925414,-0.006057046723275089,,,,0.00043827428651807554,overlap_architecture_selected,2100042,native_eligible
752,752,1.0,0.0,0.4977416098184984,0.41550557113765935,0.4943183776471951,True,-0.9143096648616007,0.03142850341462611,,,,-0.048624029853681416,overlap_architecture_selected,2100042,native_eligible
760,760,1.0,1.0,0.692406335628685,0.8089135619834148,0.5138887019265986,True,0.4070358708462688,-0.09826617945406879,,,,-0.1049719012824385,overlap_architecture_selected,2100042,native_eligible
773,773,1.0,1.0,0.8692835421061869,0.8376378318413408,0.8708394268361767,True,0.18178438404762323,0.029730844360071007,,,,-0.05078761983714952,overlap_architecture_selected,2100042,native_eligible
776,776,0.0,0.0,0.3168621649850765,0.08111318937021376,0.4334441127166775,True,0.4710671215376264,0.14522016703965698,,,,0.11215936655437345,overlap_architecture_selected,2100042,native_eligible
779,779,0.0,0.0,0.2679093156148856,0.09067591852276166,0.14631298399083753,True,0.1794959267496133,-0.011414841209390736,,,,0.2102850669914252,overlap_architecture_selected,2100042,native_eligible
781,781,1.0,1.0,0.7124763823714944,0.6875240053032831,0.6026252275295791,True,0.4728386887620283,0.08486287121491598,,,,0.031273744586730046,overlap_architecture_selected,2100042,native_eligible
798,798,1.0,1.0,0.5738280382772704,0.4638337131808297,0.6341812421663501,True,0.8078534252325915,-0.00956082498233557,,,,-0.012829595656138837,overlap_architecture_selected,2100042,native_eligible
822,822,0.0,0.0,0.7852116852351514,0.7102265722388443,0.875041412082636,True,3.471449900584429,0.16018972406146492,,,,0.15687867128973654,overlap_architecture_selected,2100042,native_eligible
827,827,0.0,1.0,0.20298206856941894,0.5097253738134615,0.12212656601773449,True,-1.0027350636470054,-0.14393835991873488,,,,-0.47170840662307595,overlap_architecture_selected,2100042,native_eligible
839,839,0.0,0.0,0.3459267656741221,0.1401821095757308,0.08395416097192661,True,0.1580937851393749,-0.06973921074349533,,,,-0.082870305049013,overlap_architecture_selected,2100042,native_eligible
845,845,1.0,1.0,0.7529859679004913,0.5248007940334674,0.7799319267962778,True,0.5473916563119088,0.02481511966455241,,,,-0.054967122143437575,overlap_architecture_selected,2100042,native_eligible
848,848,0.0,0.0,0.1749639197908613,0.2821484875749489,0.1935269176678343,True,0.2533616406979622,0.03482069695173742,,,,0.0857810802170664,overlap_architecture_selected,2100042,native_eligible
859,859,1.0,1.0,0.7373945455411194,0.6793956394528204,0.7607431747239412,True,0.4058099641333873,0.06208898358207704,,,,0.10091643251497262,overlap_architecture_selected,2100042,native_eligible
868,868,1.0,0.0,0.3159122574538403,0.31770449995497996,0.15035233935963022,True,-0.6432828527800272,-0.012144722275353098,,,,-0.03768758335333155,overlap_architecture_selected,2100042,native_eligible
875,875,1.0,1.0,0.29545258998674867,0.07751243491460742,0.607795705339794,True,1.8577527459095502,0.08416895135143435,,,,0.2750351541256375,overlap_architecture_selected,2100042,native_eligible
892,892,0.0,0.0,0.27357765438948894,0.14706419604024,0.2226290495551855,True,0.27801484273800836,-0.06462844639673831,,,,-0.4218944972490402,overlap_architecture_selected,2100042,native_eligible
893,893,0.0,1.0,0.42129548299625,0.5014938404200082,0.28507950720945485,True,-1.0778317663438108,-0.01287585348277559,,,,-0.13899119129057289,overlap_architecture_selected,2100042,native_eligible
898,898,1.0,1.0,0.45929653428546496,0.44897784153115045,0.2841105842588767,True,1.393797705995616,-0.01605688235836933,,,,0.11489019733853345,overlap_architecture_selected,2100042,native_eligible
908,908,1.0,1.0,0.636625508000223,0.6555981214529483,0.6647449139661415,True,0.5357595056716189,0.09510461196910669,,,,0.2700079153490359,overlap_architecture_selected,2100042,native_eligible
913,913,0.0,0.0,0.5308310973701791,0.10520269167481971,0.18629594767707142,True,0.30532527795666864,0.014515015170750573,,,,0.5763362625455206,overlap_architecture_selected,2100042,native_eligible
915,915,1.0,1.0,0.8986249317981637,0.7129591375341129,0.9466965478548389,True,0.2930540954682213,0.03179866006701271,,,,-0.10460704553612188,overlap_architecture_selected,2100042,native_eligible
929,929,1.0,0.0,0.691834970304069,0.5686035820001845,0.645643615023451,True,-0.8561935309575822,0.057573188538341924,,,,-0.2246108655442407,overlap_architecture_selected,2100042,native_eligible
934,934,0.0,0.0,0.16601323370192786,0.09109758225186171,0.1396054538518038,True,0.157739319787338,-0.023900438799099977,,,,-0.17923562100166213,overlap_architecture_selected,2100042,native_eligible
955,955,1.0,1.0,0.8063026278441041,0.7614156546721973,0.5381480265126863,True,0.3495346392995642,-0.012044140032403172,,,,-0.4074361291328243,overlap_architecture_selected,2100042,native_eligible
960,960,1.0,1.0,0.6172626909048147,0.7995641733979254,0.8548447110226751,True,0.2904402048396092,0.11494181641722784,,,,0.30302428580824725,overlap_architecture_selected,2100042,native_eligible
961,961,0.0,1.0,0.6461268777651206,0.3599036249797072,0.4809614797446903,True,-1.687772301585337,0.006930620295732992,,,,-0.17386110854674186,overlap_architecture_selected,2100042,native_eligible
967,967,0.0,0.0,0.7026413980310109,0.5185557642503517,0.48180965151957444,True,1.707127314224703,0.014532650492884103,,,,0.11315424130412288,overlap_architecture_selected,2100042,native_eligible
976,976,0.0,0.0,0.22027082721031438,0.15119641143938492,0.04743296484379531,True,0.090145434482234,-0.02606164306948485,,,,-0.10435438224184548,overlap_architecture_selected,2100042,native_eligible
980,980,1.0,1.0,0.7866648679715428,0.6257814834573552,0.42231044831307174,True,0.5308817689621609,-0.003759355179265289,,,,-0.1328309937568829,overlap_architecture_selected,2100042,native_eligible
986,986,1.0,0.0,0.7207856920055237,0.5520203212732461,0.46810164675234006,True,-0.7333511645719888,-0.013878813394551326,,,,-0.21930664730454208,overlap_architecture_selected,2100042,native_eligible
987,987,0.0,0.0,0.5670098268288295,0.5680649385962345,0.6055460633688425,True,1.3494391639950503,-0.012340466001899086,,,,0.16537846499403014,overlap_architecture_selected,2100042,native_eligible
989,989,0.0,0.0,0.4451457975026464,0.5259495923456203,0.3027454229989937,True,0.7247017669846907,-0.08725041351554375,,,,-0.22553091570484401,overlap_architecture_selected,2100042,native_eligible
5,5,1.0,1.0,0.6888429079206844,0.43699417705911736,0.6052596433798898,True,0.7413139104307057,0.023313447471026445,-0.16777491560191798,0.21440181054397087,,0.29544125881310984,previous_16_forest,2100042,common_eligible
12,12,0.0,1.0,0.4555099905752087,0.24702091830165532,0.6768927213503215,True,-0.953035263499359,-0.021501736022831883,-0.14280232032740067,0.09979884828173688,,-0.1020346687031714,previous_16_forest,2100042,common_eligible
15,15,1.0,0.0,0.5739156143217101,0.13046634881915595,0.1743406843461793,True,-0.2598997385626426,-0.0652208930468465,-0.20229030498173378,0.07184851888804075,,-0.003080297422145953,previous_16_forest,2100042,common_eligible
30,30,0.0,0.0,0.6167789596155766,0.16615957397581543,0.16920853509505324,True,0.43663573341424156,-0.12842085351418925,-0.24267090947687447,-0.014170797551504036,,-0.15824629257148742,previous_16_forest,2100042,common_eligible
39,39,1.0,0.0,0.5282969793648782,0.3033211124563737,0.10945683923022827,True,-0.40105235778006043,-0.07956816024145291,-0.19275409209539532,0.03361777161248947,,-0.0787740414269622,previous_16_forest,2100042,common_eligible
40,40,0.0,0.0,0.33092338229154283,0.3716448228600635,0.4147210318343586,True,0.5985354987233859,-0.05524262851236866,-0.22085819867843687,0.11037294165369949,,0.060474988513839145,previous_16_forest,2100042,common_eligible
43,43,1.0,0.0,0.7499100517415233,0.4918085512489384,0.2392998723452813,True,-0.571613445921452,-0.0800913381768707,-0.1738219353793435,0.01363925902560209,,-0.19702180525731344,previous_16_forest,2100042,common_eligible
45,45,0.0,0.0,0.27332329498748414,0.4055059458486812,0.3654864028507682,True,0.5180084535672129,-0.08722107238717605,-0.2105239207114524,0.03608177593710027,,0.13139903885494988,previous_16_forest,2100042,common_eligible
48,48,1.0,1.0,0.4799245881793292,0.5790620517284546,0.5641893264156257,True,0.8932088448307053,-0.071566199035169,-0.17623013683454403,0.03309773876420599,,-0.02351093248221392,previous_16_forest,2100042,common_eligible
63,63,1.0,0.0,0.5622680303294618,0.268588944891946,0.2159726439772507,True,-0.43672607121534923,-0.05357466606426937,-0.17312575101786484,0.0659764188893261,,-0.08061850681857732,previous_16_forest,2100042,common_eligible
67,67,1.0,1.0,0.29786360027698494,0.537047565581503,0.19876863752871582,True,2.35164814503105,-0.1427015261559622,-0.3216145330052614,0.036211480693336934,,-0.4040936263411786,previous_16_forest,2100042,common_eligible
69,69,0.0,0.0,0.4831759230160343,0.6236666574216633,0.2535821805031771,True,0.8366446311006288,-0.15929920599566955,-0.27977897600242646,-0.03881943598891266,,-0.2535047085663173,previous_16_forest,2100042,common_eligible
72,72,1.0,0.0,0.71646138813945,0.5481713372780633,0.5379778482647082,True,-0.7610753329906856,-0.04522870573386099,-0.13803515563966348,0.04757774417194149,,0.03393963416448598,previous_16_forest,2100042,common_eligible
93,93,0.0,1.0,0.1948777864758479,0.37928907344816115,0.1459636064801219,True,-1.004277896456831,-0.13455245790873258,-0.26452132069688716,-0.004583595120578016,,-0.24763340158643393,previous_16_forest,2100042,common_eligible
115,115,0.0,0.0,0.3323517282712486,0.12576733899207254,0.2145591337327655,True,0.27716544044252533,-0.08353754328055436,-0.16694547102206603,-0.0001296155390427267,,-0.036066766855671034,previous_16_forest,2100042,common_eligible
116,116,0.0,1.0,0.2514571714944329,0.4160258491047233,0.2923667304994469,True,-0.9038070655987109,-0.1103291711655114,-0.21748085554170404,-0.003177486789318798,,-0.014342061446469406,previous_16_forest,2100042,common_eligible
121,121,1.0,0.0,0.839897775353946,0.5171300476682221,0.3010174588078971,True,-0.5745103220618967,-0.11539855931087668,-0.2023745998087775,-0.028422518812975875,,-0.578150415838105,previous_16_forest,2100042,common_eligible
122,122,1.0,0.0,0.7252873966557368,0.2918522391066807,0.1386755626419931,True,-0.34437752082158535,-0.1321445428036299,-0.25870775796973566,-0.005581327637524142,,-0.1662835077113541,previous_16_forest,2100042,common_eligible
123,123,0.0,1.0,0.4463624958895889,0.5354031328855453,0.5137566869010839,True,-0.8608180405117729,0.011428101313222928,-0.10622177642737654,0.12907797905382237,,0.03246765507545743,previous_16_forest,2100042,common_eligible
126,126,0.0,0.0,0.20318848123782796,0.24497065852054464,0.16503068989463135,True,0.2274986824883437,-0.18156238775084832,-0.2944472588570211,-0.06867751664467557,,-0.3010231687743369,previous_16_forest,2100042,common_eligible
130,130,0.0,0.0,0.20823427707608877,0.0552155672104727,0.12328712467809151,True,0.1378088113191333,-0.033240075893519974,-0.1353468939687566,0.06886674218171664,,0.006309753656425152,previous_16_forest,2100042,common_eligible
137,137,0.0,0.0,0.18867972712031328,0.11075004233841171,0.23729268586774213,True,0.2630485907372282,-0.06418183382662875,-0.18304779607259516,0.054684128419337646,,-0.035394603233024145,previous_16_forest,2100042,common_eligible
145,145,1.0,0.0,0.3203390685100596,0.2339813046402772,0.3225126067134111,True,-0.9182538153758893,-0.033108224281006675,-0.18039930160777992,0.11418285304576653,,-0.33769143797714973,previous_16_forest,2100042,common_eligible
151,151,0.0,1.0,0.5588700460852095,0.2631499193840017,0.441432815561561,True,-1.4920867399735367,0.0006435927784189887,-0.25922539382815246,0.26051257938499034,,-0.31487008056515453,previous_16_forest,2100042,common_eligible
162,162,0.0,0.0,0.5946045765665231,0.5251960458889096,0.314987760507382,True,1.0853071929156548,-0.061653648286632085,-0.14275529635971662,0.01944799978645241,,-0.1770906937214045,previous_16_forest,2100042,common_eligible
167,167,0.0,1.0,0.591077812446843,0.6770658835068206,0.7794222260660464,True,-0.6873638690671003,-0.038394851983928,-0.16729884637497058,0.09050914240711452,,0.060419762402974864,previous_16_forest,2100042,common_eligible
169,169,1.0,1.0,0.7044572522132421,0.8085044904050129,0.83550593000267,True,0.26050612633418735,-0.05223292358885455,-0.1464671237838629,0.04200127660615377,,-0.059438745764093026,previous_16_forest,2100042,common_eligible
186,186,1.0,0.0,0.6214045214338907,0.5057243504008702,0.6012945541272088,True,-0.8720676768924278,-0.03396546626023056,-0.16686992859519456,0.09893899607473339,,-0.34838730337294177,previous_16_forest,2100042,common_eligible
193,193,0.0,0.0,0.6074217274460321,0.6566288869850165,0.3746459334953363,True,1.390623333947558,-0.08722657569295623,-0.20478792187428996,0.030334770488377447,,-0.07790570380726344,previous_16_forest,2100042,common_eligible
196,196,0.0,0.0,0.5535117382824412,0.520817834484793,0.7172213903961263,True,1.3628795400308304,0.025253405577245067,-0.12410743807493743,0.17461424922942753,,0.18500422317417548,previous_16_forest,2100042,common_eligible
198,198,0.0,0.0,0.12684198956953327,0.1896248787255068,0.11465386752575203,True,0.14220030998187394,-0.13771975352006469,-0.24982036892470566,-0.025619138115423754,,-0.09796041668062988,previous_16_forest,2100042,common_eligible
208,208,1.0,1.0,0.35467140082198473,0.5183363785252109,0.8209575400900114,True,0.8074333891507876,0.02813956720901502,-0.11053853261428818,0.1668176670323182,,-0.38364186382161225,previous_16_forest,2100042,common_eligible
211,211,0.0,0.0,0.23702846239208153,0.16194675264063907,0.4056558204098955,True,0.45596698914385625,-0.031053652886526378,-0.12601233069911633,0.06390502492606356,,0.039362356322426656,previous_16_forest,2100042,common_eligible
229,229,0.0,0.0,0.3394977187615838,0.1561523573667378,0.12172119327578088,True,0.20198339767854698,-0.08133372425005365,-0.2536528190037247,0.09098537050361737,,-0.0181111175885878,previous_16_forest,2100042,common_eligible
237,237,0.0,1.0,0.2593173138758353,0.5028288332381493,0.5991678979726561,True,-0.5748946174829647,-0.02880214625188607,-0.11448399373093601,0.05687970122716386,,0.014677238537030401,previous_16_forest,2100042,common_eligible
241,241,1.0,0.0,0.31133716450021137,0.2936001012234516,0.32498507053499115,True,-1.0124514485369005,-0.12458868000472959,-0.2732842492931472,0.02410688928368801,,-0.2359562924134932,previous_16_forest,2100042,common_eligible
250,250,1.0,1.0,0.8198052666700606,0.6551541426800359,0.7296263160486465,True,0.40427449953513456,-0.09714524235767061,-0.19274316740117403,-0.0015473173141672264,,-0.14381661120733635,previous_16_forest,2100042,common_eligible
254,254,0.0,1.0,0.20102201366299613,0.10126615976650807,0.11599084369461068,True,-1.1101296369698097,-0.09029697706308566,-0.16880267861900267,-0.011791275507168658,,0.11029612787953566,previous_16_forest,2100042,common_eligible
261,261,0.0,0.0,0.35753980453270195,0.2785988192206918,0.6589952073092201,True,0.8140400926888591,-0.009560941510896218,-0.19144499201924298,0.1723231089974505,,0.31285754382566056,previous_16_forest,2100042,common_eligible
264,264,1.0,1.0,0.5577264707247881,0.6665464777032166,0.5574176838994969,True,0.684418472341546,-0.07512394307089156,-0.17800347568354702,0.027755589541763895,,0.10130985419071503,previous_16_forest,2100042,common_eligible
265,265,0.0,0.0,0.4894535840263993,0.5006139848059962,0.14893160696021945,True,0.6288631105626308,-0.14166036687125347,-0.2500550352671327,-0.03326569847537429,,-0.19966649402570194,previous_16_forest,2100042,common_eligible
270,270,0.0,0.0,0.41393476570015036,0.1148700995275879,0.33706307509973593,True,0.4181952169690788,-0.15728843561746542,-0.24521072643610242,-0.06936614479882841,,-0.05981133747776573,previous_16_forest,2100042,common_eligible
271,271,1.0,0.0,0.7707584173609587,0.7998676313445633,0.795862120980071,True,-1.0365756426571322,-0.06617507927629712,-0.13705371376871822,0.004703555216123964,,-0.027407061388611043,previous_16_forest,2100042,common_eligible
277,277,1.0,1.0,0.8900167605613836,0.6576842784313262,0.555041619585739,True,0.39730116258716963,0.004144407775446694,-0.0934086854251981,0.10169750097609148,,0.19707323380293573,previous_16_forest,2100042,common_eligible
282,282,0.0,0.0,0.6245541802214628,0.7574877452705053,0.6585424184141007,True,1.9186234017482229,-0.03866897811040939,-0.21550950084035048,0.13817154461953166,,0.2904593735133494,previous_16_forest,2100042,common_eligible
284,284,0.0,1.0,0.16600055712416817,0.26498765127645074,0.5106804072998317,True,-0.6356176033565353,-0.015879367337107323,-0.10749528701861767,0.075736552344403,,0.18518688543613304,previous_16_forest,2100042,common_eligible
288,288,1.0,0.0,0.7506277655281091,0.49042082542508364,0.5035044554687025,True,-0.6576941889922365,-0.08251352752330414,-0.19787363852358422,0.032846583476975916,,0.004640120746827181,previous_16_forest,2100042,common_eligible
294,294,1.0,1.0,0.8452096511713626,0.42950380368310603,0.6534516749663593,True,0.6339625044022255,-0.07824946064650302,-0.27505011342221486,0.11855119212920874,,-0.34951026332690505,previous_16_forest,2100042,common_eligible
318,318,0.0,0.0,0.6620889375925935,0.6177708988002548,0.4862644728087786,True,1.69669918053416,-0.0844018339897729,-0.2414853032183999,0.07268163523885408,,-0.20199985734703257,previous_16_forest,2100042,common_eligible
328,328,0.0,1.0,0.45530493745300465,0.23247920567265026,0.3763465495751734,True,-1.2652160994803137,0.003906700311360022,-0.08672179299034462,0.09453519361306464,,0.10327243996857394,previous_16_forest,2100042,common_eligible
334,334,0.0,0.0,0.39321898348527956,0.5566262261903688,0.2324994625665003,True,0.5932160850162638,-0.12861078016678662,-0.273934010671551,0.01671245033797769,,-0.1484375342195409,previous_16_forest,2100042,common_eligible
339,339,0.0,1.0,0.7124040323095259,0.5966154132283535,0.572560997398563,True,-1.4266630476927729,-0.07892005338908528,-0.17651447239828663,0.018674365620116054,,-0.04096418254395162,previous_16_forest,2100042,common_eligible
343,343,1.0,1.0,0.723941868261697,0.4265499375713729,0.284031250089037,True,0.8464678338113161,-0.047297087101418944,-0.18928941770801344,0.09469524350517552,,-0.252500407706424,previous_16_forest,2100042,common_eligible
346,346,0.0,0.0,0.46966547388737484,0.3565057768765634,0.2807250397295689,True,0.59644737421088,-0.08183975323581474,-0.19884574481405093,0.03516623834242141,,0.021257549177203516,previous_16_forest,2100042,common_eligible
347,347,0.0,1.0,0.1383250060729554,0.2081859107711311,0.12976542320076578,True,-0.9973447859536945,-0.10801360339268105,-0.25587950294631906,0.03985229616095691,,0.0718545920669893,previous_16_forest,2100042,common_eligible
349,349,0.0,1.0,0.8193402204937518,0.7570960355708786,0.31955563076880944,True,-1.7820785476747636,-0.08714506561722711,-0.20774243763011868,0.03345230639566442,,0.03268878550218324,previous_16_forest,2100042,common_eligible
354,354,1.0,0.0,0.5852910889203498,0.25277917669012223,0.5873389454012542,True,-0.6689390996633755,-0.010896159765837927,-0.15367654480637225,0.13188422527469634,,-0.14297135067526034,previous_16_forest,2100042,common_eligible
357,357,1.0,1.0,0.6144194034511296,0.2063502090409239,0.16381927095495594,True,1.3183973209310882,-0.09960109484503567,-0.26064376340957907,0.06144157371950772,,0.1013446835796018,previous_16_forest,2100042,common_eligible
360,360,1.0,0.0,0.3865766579199204,0.23088821075182098,0.2877461860085727,True,-0.6874864648780158,-0.04033569584905815,-0.1511916149004118,0.07052022320229548,,-0.20995476861796994,previous_16_forest,2100042,common_eligible
361,361,0.0,0.0,0.34845164804898915,0.24140037377646498,0.215291687718608,True,0.3443939375058591,-0.09428186176323192,-0.2255193076918165,0.036955584165352634,,-0.0406445885166562,previous_16_forest,2100042,common_eligible
365,365,1.0,0.0,0.560935123331112,0.22944909742202702,0.05745072706689556,True,-0.27441792776441715,-0.1274814162094858,-0.2895945983150615,0.03463176589608985,,-0.3344524588585174,previous_16_forest,2100042,common_eligible
368,368,1.0,0.0,0.7143540874732927,0.3354298152467648,0.4405133347405736,True,-0.5115761209636176,-0.0589942066109348,-0.20891456917019455,0.09092615594832493,,-0.05427466854280549,previous_16_forest,2100042,common_eligible
370,370,1.0,0.0,0.1564647786101973,0.026306841515846193,0.05088982445233996,True,-0.3006648134325691,-0.10009598742909374,-0.23153987114464408,0.03134789628645655,,-0.11224918810400103,previous_16_forest,2100042,common_eligible
380,380,0.0,1.0,0.6881981509560702,0.36501910375935226,0.13196621498829042,True,-2.26954144131709,-0.14832596792648195,-0.22925662962469204,-0.06739530622827189,,-0.4595323870462047,previous_16_forest,2100042,common_eligible
384,384,1.0,1.0,0.6990770925814441,0.5977753393097551,0.6246897818516577,True,0.5637797212516578,-0.02722401985292317,-0.19816436501945422,0.14371632531360787,,0.0703099140074529,previous_16_forest,2100042,common_eligible
392,392,1.0,1.0,0.8614449858240005,0.5818211611059491,0.6888604734426235,True,0.4682225935415227,-0.08764809977648572,-0.2110144082837045,0.035718208730733045,,0.0859568948245617,previous_16_forest,2100042,common_eligible
398,398,0.0,1.0,0.3131607508660323,0.33485519501973005,0.3321802678834462,True,-0.9710890150308646,-0.06892919623038364,-0.149419344419694,0.011560951958926702,,-0.3498504475078327,previous_16_forest,2100042,common_eligible
409,409,0.0,0.0,0.11684459674257594,0.15139129803673113,0.46852599782497284,True,0.488555604284031,-0.0945952548760885,-0.20153172405201364,0.012341214299836617,,0.14554265152238055,previous_16_forest,2100042,common_eligible
422,422,1.0,1.0,0.5508828176109196,0.31864102879639317,0.6818870489663359,True,0.9407063091171695,0.04552106816354385,-0.07610102055785264,0.1671431568849403,,0.04875396248008518,previous_16_forest,2100042,common_eligible
424,424,1.0,0.0,0.7466109835887913,0.8796605989012212,0.6020384175395098,True,-1.0839837682829838,-0.10660898675434743,-0.18806737914677868,-0.02515059436191619,,-0.411950972386599,previous_16_forest,2100042,common_eligible
431,431,1.0,1.0,0.3674722731125876,0.5897121901989381,0.17217568658925994,True,1.8352166263036307,-0.1288629016867522,-0.22256250018160834,-0.03516330319189609,,-0.32665406706368566,previous_16_forest,2100042,common_eligible
435,435,0.0,1.0,0.41302370277667033,0.9292717068106677,0.5356297449128721,True,-0.5141379572623613,-0.06780048005979775,-0.2214537749408263,0.08585281482123075,,-0.10742312894197681,previous_16_forest,2100042,common_eligible
446,446,1.0,0.0,0.20767700289576774,0.2341095543481177,0.03245483244137395,True,-0.3579302458638325,-0.09890798147715513,-0.24227633607449298,0.044460373120182695,,-0.06432527410523083,previous_16_forest,2100042,common_eligible
447,447,1.0,1.0,0.4982389863696391,0.19847430208523242,0.4233556255647233,True,1.3822463435011665,-0.11259293493907713,-0.2872493921920995,0.06206352231394521,,0.034144994760945346,previous_16_forest,2100042,common_eligible
451,451,1.0,1.0,0.8206682361055784,0.40071931388015986,0.30300287102420115,True,0.7515879390016214,-0.052073978830584455,-0.1561508343551274,0.05200287669395848,,-0.17663563846118313,previous_16_forest,2100042,common_eligible
460,460,1.0,0.0,0.5182035749471302,0.5640906816776052,0.34700853727614317,True,-0.8867196267587514,0.006947197410597511,-0.15539640454718726,0.16929079936838223,,-0.15089969081385596,previous_16_forest,2100042,common_eligible
462,462,0.0,0.0,0.5514406082505877,0.3287124013045629,0.5807318933526753,True,0.9848375031091718,-0.0022042065449972017,-0.1738218118019619,0.16941339871196748,,-0.02877369342676961,previous_16_forest,2100042,common_eligible
465,465,0.0,1.0,0.361708783408197,0.659955959805942,0.43078553961949784,True,-0.7619116382306859,-0.12332641783527179,-0.27914809923500766,0.032495263564464055,,-0.07352311822592295,previous_16_forest,2100042,common_eligible
467,467,0.0,0.0,0.3693607047623265,0.707935400528667,0.32097897600831604,True,0.7356114298374439,-0.07375625886615211,-0.23152749117605073,0.08401497344374648,,0.18109530692018136,previous_16_forest,2100042,common_eligible
468,468,1.0,0.0,0.4448880946094457,0.6231548365065902,0.2571049130668231,True,-0.943959101460204,-0.08623330308244756,-0.20460275838151148,0.03213615221661634,,-0.36394341785118856,previous_16_forest,2100042,common_eligible
474,474,0.0,0.0,0.4108234879924554,0.2714611876846242,0.4034729635960534,True,0.5927585676659994,0.028728278094135386,-0.12464371513820174,0.18210027132647247,,0.27024214191256124,previous_16_forest,2100042,common_eligible
478,478,1.0,0.0,0.6225870999267122,0.35069386002231934,0.033797581117353905,True,-0.3711819862723882,-0.08957285197087794,-0.27225083210188217,0.09310512816012623,,-0.14113139488284232,previous_16_forest,2100042,common_eligible
481,481,0.0,1.0,0.420213565981122,0.33959457955344047,0.23455066232198296,True,-1.2440933700943997,-0.07126815826554048,-0.2002667563151036,0.05773043978402262,,0.24256774419822325,previous_16_forest,2100042,common_eligible
486,486,1.0,1.0,0.7385547122988297,0.8215464096997189,0.18420174046413507,True,0.46724277154670635,-0.18401997459762118,-0.3098927350435009,-0.05814721415174148,,-0.6892153014395378,previous_16_forest,2100042,common_eligible
487,487,1.0,1.0,0.8957691408253676,0.7915358888400815,0.7468849375100581,True,0.23791634302521636,-0.021448949291941296,-0.11628079888371994,0.07338290029983732,,-0.028156691615068175,previous_16_forest,2100042,common_eligible
498,498,0.0,0.0,0.30641748843266653,0.42097201765816294,0.11582126492766688,True,0.3018022927072631,-0.12087094801383952,-0.2774260208283809,0.03568412480070182,,-0.1062618189134249,previous_16_forest,2100042,common_eligible
503,503,0.0,0.0,0.33964182522487846,0.2760260137667328,0.2038559736552115,True,0.345824351887534,-0.03871628545299819,-0.13363141695623668,0.05619884605024026,,-0.16728505428348134,previous_16_forest,2100042,common_eligible
507,507,1.0,1.0,0.8859227434798067,0.8866726388012552,0.8400551411156183,True,0.13392291631946687,-0.10324673194482104,-0.18912251130876,-0.017370952580882087,,-0.030854928811506976,previous_16_forest,2100042,common_eligible
508,508,0.0,0.0,0.47961773593549384,0.1587337476048604,0.23163131670851234,True,0.3779305392226795,-0.070518517584816,-0.20712137213978896,0.06608433697015692,,-0.05620972089686527,previous_16_forest,2100042,common_eligible
514,514,1.0,1.0,0.843086072389648,0.841583462799129,0.5891243672558772,True,0.2348880997194271,-0.10980163876789066,-0.2447970724290532,0.02519379489327185,,-0.061478120138046544,previous_16_forest,2100042,common_eligible
526,526,0.0,0.0,0.10152917974981396,0.042346788474242364,0.11028970130044835,True,0.11507498158103831,-0.0333714746205158,-0.12592041230037926,0.05917746305934766,,0.020299231269924375,previous_16_forest,2100042,common_eligible
528,528,1.0,1.0,0.4977416098184984,0.4062411854542049,0.5044248717814264,True,1.0938310632850876,-0.05154854853338824,-0.1880949983386312,0.08499790127185466,,-0.3151680255715663,previous_16_forest,2100042,common_eligible
532,532,1.0,0.0,0.6245694080965795,0.5230767682790182,0.29181989868985814,True,-0.6984906067957268,-0.16060757097460687,-0.29386160679350704,-0.02735353515570671,,-0.5334643262344162,previous_16_forest,2100042,common_eligible
534,534,0.0,1.0,0.6780604532969082,0.36269303043286594,0.7257551995718217,True,-1.6165236757615757,-0.010421156189202741,-0.09860497124762875,0.07776265886922326,,0.13543398492073888,previous_16_forest,2100042,common_eligible
535,535,0.0,0.0,0.6613810404542477,0.45373637395159466,0.41182668096069897,True,1.2980518217461088,0.004431249696898372,-0.08102776495612704,0.08989026434992377,,0.03704061610492676,previous_16_forest,2100042,common_eligible
538,538,1.0,0.0,0.665348251047622,0.480213592538757,0.5514707188637674,True,-0.757588095700374,-0.053407510172313155,-0.21735016937775845,0.11053514903313211,,-0.06212851278558973,previous_16_forest,2100042,common_eligible
539,539,0.0,1.0,0.3717068052280005,0.29640190762183233,0.3227093276547636,True,-1.093548879912344,-0.08967627743087513,-0.18906501629921174,0.009712461437461475,,-0.11126006308263126,previous_16_forest,2100042,common_eligible
546,546,0.0,0.0,0.2828480244849467,0.13386181609349404,0.04761344194579458,True,0.10040915544685472,-0.09751461689173643,-0.2853823770039895,0.09035314322051657,,-0.06620608679353736,previous_16_forest,2100042,common_eligible
549,549,1.0,0.0,0.8288814024149394,0.6165336941019548,0.6685976942690085,True,-0.7545624874354603,-0.0478695581968669,-0.18006338871783237,0.08432427232409856,,-0.22605679180368443,previous_16_forest,2100042,common_eligible
550,550,0.0,0.0,0.19510893245956237,0.07044483784642437,0.09635780933748149,True,0.11343393014908724,-0.0783017222682824,-0.1923178974582658,0.03571445292170097,,-0.08381602753461014,previous_16_forest,2100042,common_eligible
552,552,1.0,0.0,0.5434797101420065,0.2781385544604744,0.16202883013139976,True,-0.4142419767531128,-0.16348136340096536,-0.27511304140306414,-0.05184968539886664,,0.08753892270289004,previous_16_forest,2100042,common_eligible
559,559,1.0,0.0,0.3150026421812423,0.47656818944081397,0.29129129460069497,True,-1.1100034069215492,-0.1451455580989917,-0.2518030024841515,-0.03848811371383194,,-0.36576085048430995,previous_16_forest,2100042,common_eligible
560,560,1.0,1.0,0.8811227497695345,0.6337781819755377,0.4095447192804437,True,0.44588347716827353,-0.09642956020041059,-0.1910446684404015,-0.0018144519604196968,,-0.06469990771798673,previous_16_forest,2100042,common_eligible
561,561,1.0,0.0,0.6604639872001546,0.4903967070256075,0.4752187573526214,True,-0.734700537675359,-0.060473191085192515,-0.1391184325708631,0.018172050400478035,,-0.14847635272894044,previous_16_forest,2100042,common_eligible
563,563,0.0,0.0,0.2974283910573885,0.2162553259263757,0.34694608627864854,True,0.43849614726770136,-0.07479113742968979,-0.2384887950086993,0.08890652014931966,,0.08723419972137467,previous_16_forest,2100042,common_eligible
568,568,1.0,1.0,0.8593905682620838,0.7801353382402321,0.6281287823601043,True,0.28070847657818526,-0.12916528067545555,-0.24427033917786903,-0.014060222173042092,,-0.11006768648138565,previous_16_forest,2100042,common_eligible
569,569,0.0,1.0,0.553028204006383,0.6606831942305311,0.5127484656364223,True,-0.9070806273082963,-0.05073417850425432,-0.14580115346520373,0.04433279645669507,,-0.03506472883281053,previous_16_forest,2100042,common_eligible
578,578,0.0,0.0,0.4971835570525107,0.4805825212183716,0.19853162204410557,True,0.6737303366206826,-0.1165384629140615,-0.23053341546785686,-0.002543510360266163,,-0.1661069213092291,previous_16_forest,2100042,common_eligible
580,580,1.0,1.0,0.8997032491347503,0.5069286737154761,0.9007717434613617,True,0.5041330532866438,-0.06583914843654058,-0.2239319862602136,0.09225368938713242,,0.041240948763694774,previous_16_forest,2100042,common_eligible
584,584,1.0,0.0,0.3532827057050765,0.29972739868755166,0.49425706742814707,True,-1.2045115507884385,-0.03962918007748391,-0.22001446466714858,0.14075610451218074,,-0.18620539681394355,previous_16_forest,2100042,common_eligible
588,588,1.0,1.0,0.759956906756567,0.5998282433275446,0.7068773940630702,True,0.4927586604864834,-0.0267776507094849,-0.15712608513674628,0.10357078371777642,,0.05151712594740754,previous_16_forest,2100042,common_eligible
594,594,0.0,1.0,0.43590444979293064,0.3464728483188269,0.28930286426270324,True,-1.2157097942731607,-0.15572253526191396,-0.31779429578951046,0.006349225265682518,,-0.1845762402931477,previous_16_forest,2100042,common_eligible
599,599,0.0,1.0,0.5048358008073318,0.32715287825177797,0.194124813104239,True,-1.4918644326499835,-0.06146189265355081,-0.16099278578237974,0.03806900047527811,,-0.017020805613165407,previous_16_forest,2100042,common_eligible
603,603,1.0,1.0,0.8966416880277465,0.8247274700856947,0.43644868217783406,True,0.24023461420904713,-0.1137579113892065,-0.20051010072730385,-0.027005722051109182,,-0.4064471216929251,previous_16_forest,2100042,common_eligible
606,606,0.0,1.0,0.18248752287730916,0.35626502642264,0.4456393905040396,True,-0.6980570104745503,-0.07445629764818817,-0.15577396594307813,0.006861370646701753,,-0.0810499975355446,previous_16_forest,2100042,common_eligible
607,607,0.0,0.0,0.23293563131751685,0.41211590468749426,0.6418071546779853,True,0.7669550332051231,-0.02333188085889652,-0.201638036610627,0.1549742748928339,,-0.20262165996000597,previous_16_forest,2100042,common_eligible
609,609,0.0,1.0,0.26284358490807525,0.36044876403423876,0.2859316861868087,True,-0.9421093864431682,-0.11767266297843504,-0.2415020666614736,0.006156740704603494,,-0.17815202596793825,previous_16_forest,2100042,common_eligible
614,614,1.0,1.0,0.5728457196351098,0.32089821819194225,0.13572822587489133,True,1.3235639381304543,-0.1186377512891227,-0.2421215221416077,0.0048460195633622805,,0.13800989485438941,previous_16_forest,2100042,common_eligible
617,617,1.0,0.0,0.717937892072409,0.8046733218804598,0.46483823090044607,True,-0.9872981041922541,-0.09235382726306154,-0.2657125536947381,0.08100489916861497,,-0.32977963417948597,previous_16_forest,2100042,common_eligible
621,621,1.0,1.0,0.7194912762194604,0.6356082596584629,0.4607930497505432,True,0.5746128485985005,-0.12446236862276791,-0.3037439037831069,0.054819166537571046,,-0.10300534475910206,previous_16_forest,2100042,common_eligible
626,626,1.0,0.0,0.3741161985593069,0.06750369725493231,0.03903657736627407,True,-0.1328105765916852,-0.15466559286923173,-0.31387524075673356,0.004544055018270071,,-0.14734105843629364,previous_16_forest,2100042,common_eligible
638,638,1.0,0.0,0.2698635255566812,0.11903654961532546,0.06940965166190949,True,-0.3068296878403765,-0.12366162143342607,-0.20915399786924221,-0.038169244997609944,,-0.028967779075204383,previous_16_forest,2100042,common_eligible
648,648,1.0,1.0,0.4856425777554027,0.715620986616657,0.4598288448952389,True,0.8564891528911439,-0.14792402746759498,-0.22604713500913987,-0.06980091992605009,,0.22657797391420198,previous_16_forest,2100042,common_eligible
651,651,1.0,0.0,0.8399045585002217,0.5073983721728478,0.15126167360777013,True,-0.5362305819437689,-0.11673372855669853,-0.2162923749057204,-0.01717508220767669,,0.14285091672279376,previous_16_forest,2100042,common_eligible
656,656,0.0,0.0,0.3102452295851893,0.3412051292959959,0.5774763921126581,True,0.7309472606220837,0.002162795630934315,-0.1492676723593164,0.153593263621185,,0.008071797181922913,previous_16_forest,2100042,common_eligible
662,662,0.0,0.0,0.796021678525125,0.603750627728667,0.5788942100554652,True,2.935020020975862,0.03305160252116666,-0.17494736547175682,0.2410505705140901,,0.12090442381375327,previous_16_forest,2100042,common_eligible
663,663,1.0,1.0,0.6611959780134389,0.5635490536455565,0.6237970493941173,True,0.6292214364766535,-0.06228459369480576,-0.2639499601636759,0.13938077277406433,,-0.0006267839972746714,previous_16_forest,2100042,common_eligible
676,676,1.0,0.0,0.5076521251405558,0.5130942528665638,0.2370425866646032,True,-0.7429906878774283,-0.08184023687956919,-0.22293065543453872,0.05925018167540029,,0.288078314021742,previous_16_forest,2100042,common_eligible
680,680,1.0,0.0,0.814365313281024,0.28737609466825015,0.17323382838171414,True,-0.326864770003899,-0.07040166984627573,-0.23840140506288438,0.09759806537033287,,-0.21676132704337042,previous_16_forest,2100042,common_eligible
684,684,0.0,0.0,0.47678596847590454,0.07525373928976373,0.09431315676823952,True,0.16288915971714146,-0.0681743801089199,-0.1765358883335864,0.04018712811574661,,-0.09365228131014089,previous_16_forest,2100042,common_eligible
707,707,1.0,0.0,0.3770278451165394,0.22017937453251216,0.07826244798000445,True,-0.3494942951572417,-0.09377636652498225,-0.2698558222221293,0.08230308917216472,,-0.18261274863827542,previous_16_forest,2100042,common_eligible
708,708,0.0,0.0,0.3700018688658759,0.4360270532329129,0.17011021853644775,True,0.4261916521144021,-0.11382750985246307,-0.20349887352521961,-0.02415614617970656,,-0.3033594815556778,previous_16_forest,2100042,common_eligible
712,712,0.0,0.0,0.18179165970476213,0.3485754276781115,0.24535582259953842,True,0.3228032188299848,-0.020385695249755736,-0.1258420477346213,0.0850706572351098,,0.20262182932038472,previous_16_forest,2100042,common_eligible
713,713,0.0,1.0,0.3020884902611134,0.7423689212002202,0.658342180523671,True,-0.4531725065862828,-0.04397021430942413,-0.2399434152157848,0.15200298659693648,,0.18351149860665072,previous_16_forest,2100042,common_eligible
735,735,1.0,1.0,0.8693676395139803,0.5845592701708947,0.5295854786037464,True,0.48612585375578854,0.04180013859279226,-0.051627067782368835,0.13522734496795333,,0.2892291597635016,previous_16_forest,2100042,common_eligible
739,739,0.0,1.0,0.14071677625198042,0.41456404962329907,0.3383766432639824,True,-0.7574947264570462,0.0018460500705426946,-0.26011826210279754,0.2638103622438828,,0.04653584065128688,previous_16_forest,2100042,common_eligible
743,743,1.0,0.0,0.568977714745772,0.7079089097100427,0.20858373971265898,True,-0.8659190352876217,-0.16350486946656695,-0.24741771333659118,-0.07959202559654274,,-0.3588049137290085,previous_16_forest,2100042,common_eligible
744,744,0.0,0.0,0.31184754546715604,0.21061196514373906,0.16583973847102715,True,0.26128199685936015,-0.027734496730285683,-0.11352895716198683,0.05805996370141544,,0.00043827428651807554,previous_16_forest,2100042,common_eligible
752,752,1.0,0.0,0.4977416098184984,0.4062411854542049,0.5044248717814264,True,-0.9152434851832436,-0.05154854853338824,-0.1880949983386312,0.08499790127185466,,-0.048624029853681416,previous_16_forest,2100042,common_eligible
760,760,1.0,1.0,0.692406335628685,0.8504216001206358,0.4037842921018924,True,0.4144404684530171,-0.14791662062986316,-0.29785977130388414,0.0020265300441577594,,-0.1049719012824385,previous_16_forest,2100042,common_eligible
773,773,1.0,1.0,0.8692835421061869,0.8439282558612524,0.880262563658666,True,0.17407697810176814,-0.07778652422336095,-0.2438122815141298,0.08823923306740787,,-0.05078761983714952,previous_16_forest,2100042,common_eligible
776,776,0.0,0.0,0.3168621649850765,0.08025735149070425,0.41048375096792183,True,0.44770979356993534,0.017694983835622333,-0.17175525213066523,0.20714521980190986,,0.11215936655437345,previous_16_forest,2100042,common_eligible
779,779,0.0,0.0,0.2679093156148856,0.08324687392578212,0.14435321073719035,True,0.17481748722128057,-0.05927684685208297,-0.234812429421498,0.11625873571733199,,0.2102850669914252,previous_16_forest,2100042,common_eligible
781,781,1.0,1.0,0.7124763823714944,0.653230631069435,0.5684789522681134,True,0.5209119732281796,-0.08793859687248412,-0.2149083701458448,0.03903117640087653,,0.031273744586730046,previous_16_forest,2100042,common_eligible
798,798,1.0,1.0,0.5738280382772704,0.46095050392149967,0.6899656127734846,True,0.7693065664762786,-0.003372567338683174,-0.1704862138572246,0.1637410791798582,,-0.012829595656138837,previous_16_forest,2100042,common_eligible
822,822,0.0,0.0,0.7852116852351514,0.7051796696276489,0.8549330596284612,True,3.4328913502743186,0.07371290067706474,-0.1360893749708707,0.2835151763250001,,0.15687867128973654,previous_16_forest,2100042,common_eligible
827,827,0.0,1.0,0.20298206856941894,0.5242892059437693,0.10834864527525576,True,-1.0128039125411235,-0.12699322735506186,-0.2100898408707766,-0.04389661383934715,,-0.47170840662307595,previous_16_forest,2100042,common_eligible
839,839,0.0,0.0,0.3459267656741221,0.1133646466488581,0.08696392637917823,True,0.14692030969984277,-0.15465778123495594,-0.27596539385512,-0.03335016861479194,,-0.082870305049013,previous_16_forest,2100042,common_eligible
845,845,1.0,1.0,0.7529859679004913,0.5244563611479922,0.7724707399784841,True,0.5501837016611988,0.04975788707922562,-0.13590058942827182,0.23541636358672305,,-0.054967122143437575,previous_16_forest,2100042,common_eligible
848,848,0.0,0.0,0.1749639197908613,0.2818343353833745,0.2046225235807358,True,0.26439062491980403,-0.04512176817280422,-0.1800612206141999,0.08981768426859141,,0.0857810802170664,previous_16_forest,2100042,common_eligible
859,859,1.0,1.0,0.7373945455411194,0.6358205668837489,0.7457448830464631,True,0.45472632004376795,-0.026423268499573844,-0.20785153358267666,0.1550049965835289,,0.10091643251497262,previous_16_forest,2100042,common_eligible
868,868,1.0,0.0,0.3159122574538403,0.2818690234024054,0.18006004545095927,True,-0.6717775094107512,-0.06905298314620216,-0.18683809925483807,0.04873213296243374,,-0.03768758335333155,previous_16_forest,2100042,common_eligible
875,875,1.0,1.0,0.29545258998674867,0.0797790185638954,0.6520218609164056,True,1.7500228005488543,0.005141828558391154,-0.22252079239225253,0.23280444950903478,,0.2750351541256375,previous_16_forest,2100042,common_eligible
892,892,0.0,0.0,0.27357765438948894,0.16976147777879536,0.26353527697542245,True,0.32746908514783474,-0.09759402251420335,-0.1903787415458265,-0.004809303482580213,,-0.4218944972490402,previous_16_forest,2100042,common_eligible
893,893,0.0,1.0,0.42129548299625,0.5583282137207654,0.26017006665443126,True,-1.0613659211580173,-0.06964818233248359,-0.17675950227049358,0.037463137605526386,,-0.13899119129057289,previous_16_forest,2100042,common_eligible
898,898,1.0,1.0,0.45929653428546496,0.3552714655745849,0.2947146030465132,True,1.4750205788534765,-0.06955292885057306,-0.20758011844337942,0.06847426074223324,,0.11489019733853345,previous_16_forest,2100042,common_eligible
908,908,1.0,1.0,0.636625508000223,0.6297859664368327,0.5328035977251335,True,0.6368814121198769,-0.04898147041084811,-0.18296418948927962,0.08500124866758338,,0.2700079153490359,previous_16_forest,2100042,common_eligible
913,913,0.0,0.0,0.5308310973701791,0.11364248426741586,0.22967835933526815,True,0.35825671202106557,0.015855078741233895,-0.07757185676764469,0.10928201425011244,,0.5763362625455206,previous_16_forest,2100042,common_eligible
915,915,1.0,1.0,0.8986249317981637,0.7235519719705151,0.914716760234959,True,0.2860689432096976,0.019664975739112207,-0.09903070364388027,0.13836065512210466,,-0.10460704553612188,previous_16_forest,2100042,common_eligible
929,929,1.0,0.0,0.691834970304069,0.686422578769275,0.6757264289490346,True,-0.9874123580975489,-0.03926282621323875,-0.150007539430343,0.07148188700386547,,-0.2246108655442407,previous_16_forest,2100042,common_eligible
934,934,0.0,0.0,0.16601323370192786,0.08307144657108569,0.15115421460548312,True,0.16769039962767313,-0.11457575978271033,-0.24633961302259055,0.01718809345716986,,-0.17923562100166213,previous_16_forest,2100042,common_eligible
955,955,1.0,1.0,0.8063026278441041,0.7849398769881853,0.6111974246850524,True,0.30846182421588303,-0.13843321416854845,-0.2921556509739164,0.01528922263681945,,-0.4074361291328243,previous_16_forest,2100042,common_eligible
960,960,1.0,1.0,0.6172626909048147,0.7910047302801388,0.8506416223766895,True,0.3016057974330671,0.06568327273008358,-0.09636076963671879,0.22772731509688593,,0.30302428580824725,previous_16_forest,2100042,common_eligible
961,961,0.0,1.0,0.6461268777651206,0.3941809314419699,0.46218432616941435,True,-1.6439634953601394,-0.003592284915799981,-0.15429985569834756,0.14711528586674755,,-0.17386110854674186,previous_16_forest,2100042,common_eligible
967,967,0.0,0.0,0.7026413980310109,0.5004380186019796,0.4912493474360472,True,1.6737558116513804,-0.05571553835696774,-0.145085538612233,0.03365446189829749,,0.11315424130412288,previous_16_forest,2100042,common_eligible
976,976,0.0,0.0,0.22027082721031438,0.14760056689821816,0.04547490713802453,True,0.08717156297951538,-0.1542822366972946,-0.29973306031776104,-0.008831413076828193,,-0.10435438224184548,previous_16_forest,2100042,common_eligible
980,980,1.0,1.0,0.7866648679715428,0.6503251054921231,0.4709186186460403,True,0.4931561289450916,-0.06985852674684544,-0.2113645737431652,0.07164752024947431,,-0.1328309937568829,previous_16_forest,2100042,common_eligible
986,986,1.0,0.0,0.7207856920055237,0.5982136470548695,0.5038205634311207,True,-0.793381103251724,-0.12687434376880857,-0.27685964591094947,0.023110958373332297,,-0.21930664730454208,previous_16_forest,2100042,common_eligible
987,987,0.0,0.0,0.5670098268288295,0.5390382204000436,0.5500841740903227,True,1.2559661708217427,-0.11989616056328492,-0.24230455637281445,0.002512235246244568,,0.16537846499403014,previous_16_forest,2100042,common_eligible
989,989,0.0,0.0,0.4451457975026464,0.5106244545299412,0.30221137863673003,True,0.7118727437539358,-0.031230617207583643,-0.12260836794918256,0.060147133534015254,,-0.22553091570484401,previous_16_forest,2100042,common_eligible
5,5,1.0,1.0,0.6888429079206844,0.3946870118834284,0.7061931204706653,True,0.7380284348694501,0.01978993516449823,,,,0.29544125881310984,overlap_architecture_selected,2100042,common_eligible
12,12,0.0,1.0,0.4555099905752087,0.19531416035446247,0.7064717346404512,True,-0.9667131409097255,0.0740693034600099,,,,-0.1020346687031714,overlap_architecture_selected,2100042,common_eligible
15,15,1.0,0.0,0.5739156143217101,0.16158410622789957,0.16947097166064773,True,-0.28740214122886576,0.0257263482374315,,,,-0.003080297422145953,overlap_architecture_selected,2100042,common_eligible
30,30,0.0,0.0,0.6167789596155766,0.15731565023733743,0.2188616704845488,True,0.47205492675069616,-0.040910729852254135,,,,-0.15824629257148742,overlap_architecture_selected,2100042,common_eligible
39,39,1.0,0.0,0.5282969793648782,0.3233163335011604,0.11867555488026614,True,-0.4292787370338661,0.001686779229387536,,,,-0.0787740414269622,overlap_architecture_selected,2100042,common_eligible
40,40,0.0,0.0,0.33092338229154283,0.3135286825814046,0.4945468433136819,True,0.6496172333694581,-0.012261117417480594,,,,0.060474988513839145,overlap_architecture_selected,2100042,common_eligible
43,43,1.0,0.0,0.7499100517415233,0.44367732465266807,0.2039016097891397,True,-0.5116771373282853,-0.0454945654698346,,,,-0.19702180525731344,overlap_architecture_selected,2100042,common_eligible
45,45,0.0,0.0,0.27332329498748414,0.40652805995461844,0.2986026616139638,True,0.45150915783879064,0.08685983244508155,,,,0.13139903885494988,overlap_architecture_selected,2100042,common_eligible
48,48,1.0,1.0,0.4799245881793292,0.5486404992514584,0.5036195226556844,True,0.9892675128258962,0.09673269118768113,,,,-0.02351093248221392,overlap_architecture_selected,2100042,common_eligible
63,63,1.0,0.0,0.5622680303294618,0.2923920177519762,0.20255847180750164,True,-0.45008606054825206,0.0018159646028529097,,,,-0.08061850681857732,overlap_architecture_selected,2100042,common_eligible
67,67,1.0,1.0,0.29786360027698494,0.4679197980360741,0.18384044642604735,True,2.455965262149431,-0.08028638489567413,,,,-0.4040936263411786,overlap_architecture_selected,2100042,common_eligible
69,69,0.0,0.0,0.4831759230160343,0.5306311188959979,0.30432719544141756,True,0.8004112442918723,-0.013916470929865532,,,,-0.2535047085663173,overlap_architecture_selected,2100042,common_eligible
72,72,1.0,0.0,0.71646138813945,0.5875040309171368,0.6025555760993164,True,-0.8259645738637733,-0.008484371657823453,,,,0.03393963416448598,overlap_architecture_selected,2100042,common_eligible
93,93,0.0,1.0,0.1948777864758479,0.3739643593993959,0.1862414282846455,True,-0.9652889081610715,-0.1059721323521432,,,,-0.24763340158643393,overlap_architecture_selected,2100042,common_eligible
115,115,0.0,0.0,0.3323517282712486,0.11139442913668329,0.2326002702021081,True,0.28805181948494213,0.08460055216393275,,,,-0.036066766855671034,overlap_architecture_selected,2100042,common_eligible
116,116,0.0,1.0,0.2514571714944329,0.4196848406139575,0.4134192550503539,True,-0.7815253800427202,-0.029794610636775132,,,,-0.014342061446469406,overlap_architecture_selected,2100042,common_eligible
121,121,1.0,0.0,0.839897775353946,0.4990332033858317,0.28576489634539376,True,-0.5535060177844245,-0.044206547665065044,,,,-0.578150415838105,overlap_architecture_selected,2100042,common_eligible
122,122,1.0,0.0,0.7252873966557368,0.2665500540009225,0.20689751221099273,True,-0.34491533990966355,-0.07774978959408366,,,,-0.1662835077113541,overlap_architecture_selected,2100042,common_eligible
123,123,0.0,1.0,0.4463624958895889,0.48146018459393874,0.46030249815453433,True,-0.9577629770062978,0.011887881097649211,,,,0.03246765507545743,overlap_architecture_selected,2100042,common_eligible
126,126,0.0,0.0,0.20318848123782796,0.2775487738674757,0.1596686487015686,True,0.23044412383420926,-0.07689682814351606,,,,-0.3010231687743369,overlap_architecture_selected,2100042,common_eligible
130,130,0.0,0.0,0.20823427707608877,0.0675331607025196,0.11931555144376856,True,0.1370767634922269,-0.008090999607947957,,,,0.006309753656425152,overlap_architecture_selected,2100042,common_eligible
137,137,0.0,0.0,0.18867972712031328,0.11044261692522143,0.31955646683419486,True,0.3452408771965059,-0.03385399946453663,,,,-0.035394603233024145,overlap_architecture_selected,2100042,common_eligible
145,145,1.0,0.0,0.3203390685100596,0.19586926662949372,0.2971712031024018,True,-0.8263751167338248,-0.028026000939437357,,,,-0.33769143797714973,overlap_architecture_selected,2100042,common_eligible
151,151,0.0,1.0,0.5588700460852095,0.2593456994877547,0.46203497374590086,True,-1.476304169599696,0.11536682296363954,,,,-0.31487008056515453,overlap_architecture_selected,2100042,common_eligible
162,162,0.0,0.0,0.5946045765665231,0.6190854984844048,0.30667951343858135,True,1.214709178813428,-0.10143724248075003,,,,-0.1770906937214045,overlap_architecture_selected,2100042,common_eligible
167,167,0.0,1.0,0.591077812446843,0.7026454510624279,0.7733114182962864,True,-0.6565006135692878,-0.00915453353036566,,,,0.060419762402974864,overlap_architecture_selected,2100042,common_eligible
169,169,1.0,1.0,0.7044572522132421,0.8323850715322415,0.8506476625885422,True,0.2302730955151976,0.03013320198602798,,,,-0.059438745764093026,overlap_architecture_selected,2100042,common_eligible
186,186,1.0,0.0,0.6214045214338907,0.5427647571381181,0.6614020347309405,True,-0.9457290279576354,0.07042444800053244,,,,-0.34838730337294177,overlap_architecture_selected,2100042,common_eligible
193,193,0.0,0.0,0.6074217274460321,0.5754029831207266,0.3604637521523285,True,1.250763339317444,0.0020614080012119063,,,,-0.07790570380726344,overlap_architecture_selected,2100042,common_eligible
196,196,0.0,0.0,0.5535117382824412,0.5755619865144694,0.731539126421774,True,1.4450636307825349,0.17864718415660324,,,,0.18500422317417548,overlap_architecture_selected,2100042,common_eligible
198,198,0.0,0.0,0.12684198956953327,0.21577446760498067,0.11351971253025772,True,0.14486485561132448,-0.00981432488360201,,,,-0.09796041668062988,overlap_architecture_selected,2100042,common_eligible
208,208,1.0,1.0,0.35467140082198473,0.5231764242563964,0.8334391780693375,True,0.7798828628621678,0.17824773909263436,,,,-0.38364186382161225,overlap_architecture_selected,2100042,common_eligible
211,211,0.0,0.0,0.23702846239208153,0.15419783581879015,0.5025815197901572,True,0.550485372197161,-0.010737324062901815,,,,0.039362356322426656,overlap_architecture_selected,2100042,common_eligible
229,229,0.0,0.0,0.3394977187615838,0.14389817321385817,0.12087608358119724,True,0.19483964574856238,0.03722682467104077,,,,-0.0181111175885878,overlap_architecture_selected,2100042,common_eligible
237,237,0.0,1.0,0.2593173138758353,0.46567527758163085,0.5303704679596145,True,-0.6566997232987178,0.01800337410664632,,,,0.014677238537030401,overlap_architecture_selected,2100042,common_eligible
241,241,1.0,0.0,0.31133716450021137,0.3316409307700747,0.3371235178681553,True,-1.0773419398399053,-0.013454008422496888,,,,-0.2359562924134932,overlap_architecture_selected,2100042,common_eligible
250,250,1.0,1.0,0.8198052666700606,0.6052038476825689,0.6847745888605471,True,0.46408328818789973,-0.009709665835374803,,,,-0.14381661120733635,overlap_architecture_selected,2100042,common_eligible
254,254,0.0,1.0,0.20102201366299613,0.07793532874053138,0.09710731601862482,True,-1.134883176978394,-0.009507054373244644,,,,0.11029612787953566,overlap_architecture_selected,2100042,common_eligible
261,261,0.0,0.0,0.35753980453270195,0.2379800673530981,0.7381090708816396,True,0.8705489439888241,0.05711967656697403,,,,0.31285754382566056,overlap_architecture_selected,2100042,common_eligible
264,264,1.0,1.0,0.5577264707247881,0.7081582766574693,0.5321984635767364,True,0.6628053540366474,0.014578299204161205,,,,0.10130985419071503,overlap_architecture_selected,2100042,common_eligible
265,265,0.0,0.0,0.4894535840263993,0.5564742259071577,0.13636166385515705,True,0.6698455857218383,-0.08726483301779586,,,,-0.19966649402570194,overlap_architecture_selected,2100042,common_eligible
270,270,0.0,0.0,0.41393476570015036,0.12494350527437559,0.3212568442341826,True,0.4095037791394586,-0.03379726102258143,,,,-0.05981133747776573,overlap_architecture_selected,2100042,common_eligible
271,271,1.0,0.0,0.7707584173609587,0.7959676352958603,0.863532991139438,True,-1.0528025463275528,-0.07722959124238138,,,,-0.027407061388611043,overlap_architecture_selected,2100042,common_eligible
277,277,1.0,1.0,0.8900167605613836,0.6252763047268965,0.5437300975774809,True,0.431106950230142,0.014603549839876218,,,,0.19707323380293573,overlap_architecture_selected,2100042,common_eligible
282,282,0.0,0.0,0.6245541802214628,0.7307034151446676,0.7282141335630116,True,1.9437393795223215,-0.012921415057076113,,,,0.2904593735133494,overlap_architecture_selected,2100042,common_eligible
284,284,0.0,1.0,0.16600055712416817,0.2592637861620926,0.45919849449119815,True,-0.688238803254631,0.07203333635100972,,,,0.18518688543613304,overlap_architecture_selected,2100042,common_eligible
288,288,1.0,0.0,0.7506277655281091,0.5290416851646706,0.4978949148520252,True,-0.6944514570260766,-0.010437820949796062,,,,0.004640120746827181,overlap_architecture_selected,2100042,common_eligible
294,294,1.0,1.0,0.8452096511713626,0.405842856416113,0.6341387922733526,True,0.6611603822340719,-0.08804705222311238,,,,-0.34951026332690505,overlap_architecture_selected,2100042,common_eligible
318,318,0.0,0.0,0.6620889375925935,0.6459232227676104,0.4741732440579968,True,1.7397684491447705,0.006895268978488189,,,,-0.20199985734703257,overlap_architecture_selected,2100042,common_eligible
328,328,0.0,1.0,0.45530493745300465,0.2088551925321321,0.46891843020249063,True,-1.1923912857256735,0.011780339988565702,,,,0.10327243996857394,overlap_architecture_selected,2100042,common_eligible
334,334,0.0,0.0,0.39321898348527956,0.5242578430181876,0.19825029976362235,True,0.5379908824533839,-0.05527020320268056,,,,-0.1484375342195409,overlap_architecture_selected,2100042,common_eligible
339,339,0.0,1.0,0.7124040323095259,0.6462790089264917,0.566851285342531,True,-1.3093510563554458,0.03266117739257457,,,,-0.04096418254395162,overlap_architecture_selected,2100042,common_eligible
343,343,1.0,1.0,0.723941868261697,0.4324928077355152,0.28606401590014985,True,0.8397498164196417,-0.013785204358337078,,,,-0.252500407706424,overlap_architecture_selected,2100042,common_eligible
346,346,0.0,0.0,0.46966547388737484,0.34502536700677705,0.38860485114700843,True,0.6941601082904783,-0.07054267148803683,,,,0.021257549177203516,overlap_architecture_selected,2100042,common_eligible
347,347,0.0,1.0,0.1383250060729554,0.20050943253194,0.1399110405643247,True,-0.9884314764864292,-0.029809985709894293,,,,0.0718545920669893,overlap_architecture_selected,2100042,common_eligible
349,349,0.0,1.0,0.8193402204937518,0.76817468848142,0.49436048686510725,True,-1.5570290497256682,-0.09700916306103524,,,,0.03268878550218324,overlap_architecture_selected,2100042,common_eligible
354,354,1.0,0.0,0.5852910889203498,0.2230769857318286,0.584921836189836,True,-0.63752426221515,0.014297436763358595,,,,-0.14297135067526034,overlap_architecture_selected,2100042,common_eligible
357,357,1.0,1.0,0.6144194034511296,0.21297388087310265,0.18011879124319352,True,1.301544840046171,-0.02798092185803952,,,,0.1013446835796018,overlap_architecture_selected,2100042,common_eligible
360,360,1.0,0.0,0.3865766579199204,0.1939027361494352,0.29086730847300307,True,-0.6554536156707429,-0.043179934177523804,,,,-0.20995476861796994,overlap_architecture_selected,2100042,common_eligible
361,361,0.0,0.0,0.34845164804898915,0.20205928609529325,0.27186215507680755,True,0.37992457443935557,0.02583945771026888,,,,-0.0406445885166562,overlap_architecture_selected,2100042,common_eligible
365,365,1.0,0.0,0.560935123331112,0.18836309522854952,0.05063820982244043,True,-0.22799951381897354,-0.10350297436979605,,,,-0.3344524588585174,overlap_architecture_selected,2100042,common_eligible
368,368,1.0,0.0,0.7143540874732927,0.3080982007764622,0.49608653367380895,True,-0.506466339334589,-0.059905246866191586,,,,-0.05427466854280549,overlap_architecture_selected,2100042,common_eligible
370,370,1.0,0.0,0.1564647786101973,0.02985048762436758,0.04271707574302309,True,-0.2601474161988573,-0.03872636565629893,,,,-0.11224918810400103,overlap_architecture_selected,2100042,common_eligible
380,380,0.0,1.0,0.6881981509560702,0.3797883518090483,0.12740369342474195,True,-2.241505794428531,-0.11630628234001056,,,,-0.4595323870462047,overlap_architecture_selected,2100042,common_eligible
384,384,1.0,1.0,0.6990770925814441,0.5866847578315317,0.6984133098567042,True,0.5431354645727471,-0.01293641099481202,,,,0.0703099140074529,overlap_architecture_selected,2100042,common_eligible
392,392,1.0,1.0,0.8614449858240005,0.6439343870057795,0.6741102661527234,True,0.40848179445220545,0.013260640167962578,,,,0.0859568948245617,overlap_architecture_selected,2100042,common_eligible
398,398,0.0,1.0,0.3131607508660323,0.3654809630169323,0.3398970008679549,True,-0.9494086238629517,-0.08832795367440394,,,,-0.3498504475078327,overlap_architecture_selected,2100042,common_eligible
409,409,0.0,0.0,0.11684459674257594,0.14404787530331722,0.44661476762073676,True,0.4656728131689617,0.12894824565109342,,,,0.14554265152238055,overlap_architecture_selected,2100042,common_eligible
422,422,1.0,1.0,0.5508828176109196,0.2915921017670429,0.6383246183455636,True,1.0032702957435307,0.05146224970855631,,,,0.04875396248008518,overlap_architecture_selected,2100042,common_eligible
424,424,1.0,0.0,0.7466109835887913,0.885587740458582,0.5560926210747671,True,-1.0743175681532593,-0.014079925976885121,,,,-0.411950972386599,overlap_architecture_selected,2100042,common_eligible
431,431,1.0,1.0,0.3674722731125876,0.6193602368554867,0.23358765777984436,True,1.6998605374815332,-0.09440293422227153,,,,-0.32665406706368566,overlap_architecture_selected,2100042,common_eligible
435,435,0.0,1.0,0.41302370277667033,0.9177879386915504,0.5024090372965818,True,-0.555439175885354,0.047814697501227243,,,,-0.10742312894197681,overlap_architecture_selected,2100042,common_eligible
446,446,1.0,0.0,0.20767700289576774,0.24111384469134842,0.05132486560623881,True,-0.4369269139097881,-0.08630313211458776,,,,-0.06432527410523083,overlap_architecture_selected,2100042,common_eligible
447,447,1.0,1.0,0.4982389863696391,0.23552543518656913,0.49799353993739853,True,1.2700296842257992,-0.023610121458825906,,,,0.034144994760945346,overlap_architecture_selected,2100042,common_eligible
451,451,1.0,1.0,0.8206682361055784,0.3670854866306896,0.3199319262258314,True,0.7815224427037578,-0.11134960763880969,,,,-0.17663563846118313,overlap_architecture_selected,2100042,common_eligible
460,460,1.0,0.0,0.5182035749471302,0.5635962256132908,0.33768486228120703,True,-0.8775565441196911,0.0181840883972883,,,,-0.15089969081385596,overlap_architecture_selected,2100042,common_eligible
462,462,0.0,0.0,0.5514406082505877,0.3387305486786039,0.57788716044058,True,0.9943086716877121,0.0638123288934771,,,,-0.02877369342676961,overlap_architecture_selected,2100042,common_eligible
465,465,0.0,1.0,0.361708783408197,0.5939305110382173,0.3960143962033593,True,-0.8340982812290892,-0.013267421568050941,,,,-0.07352311822592295,overlap_architecture_selected,2100042,common_eligible
467,467,0.0,0.0,0.3693607047623265,0.6520405476110495,0.28485097682516053,True,0.6667462345706585,-0.011859124096496754,,,,0.18109530692018136,overlap_architecture_selected,2100042,common_eligible
468,468,1.0,0.0,0.4448880946094457,0.6430063869854825,0.24905471022892264,True,-0.9537659609476451,-0.1266799124559742,,,,-0.36394341785118856,overlap_architecture_selected,2100042,common_eligible
474,474,0.0,0.0,0.4108234879924554,0.24130271951818083,0.4049962437148072,True,0.5732528236601645,0.1255298069458966,,,,0.27024214191256124,overlap_architecture_selected,2100042,common_eligible
478,478,1.0,0.0,0.6225870999267122,0.31343286002785775,0.029629055260317227,True,-0.3313940218854426,-0.05005182605154379,,,,-0.14113139488284232,overlap_architecture_selected,2100042,common_eligible
481,481,0.0,1.0,0.420213565981122,0.35440759320370596,0.23668318493335233,True,-1.2312247748126885,0.03373765437269416,,,,0.24256774419822325,overlap_architecture_selected,2100042,common_eligible
486,486,1.0,1.0,0.7385547122988297,0.792525121518485,0.1578342230008308,True,0.5055980509331442,-0.248257119491825,,,,-0.6892153014395378,overlap_architecture_selected,2100042,common_eligible
487,487,1.0,1.0,0.8957691408253676,0.7509155611161193,0.7558132118912592,True,0.2774977850951785,0.09559494713179717,,,,-0.028156691615068175,overlap_architecture_selected,2100042,common_eligible
498,498,0.0,0.0,0.30641748843266653,0.46413869787523465,0.09298180809711744,True,0.2980334230318039,-0.10919848855342773,,,,-0.1062618189134249,overlap_architecture_selected,2100042,common_eligible
503,503,0.0,0.0,0.33964182522487846,0.2941888779495104,0.14778418445857963,True,0.29909426326794264,-0.05031662692376063,,,,-0.16728505428348134,overlap_architecture_selected,2100042,common_eligible
507,507,1.0,1.0,0.8859227434798067,0.8790333404368461,0.8752008561987862,True,0.13703662056786994,-0.008030506488406752,,,,-0.030854928811506976,overlap_architecture_selected,2100042,common_eligible
508,508,0.0,0.0,0.47961773593549384,0.19890127351498318,0.22511698331397795,True,0.408437178996353,0.010026290467714277,,,,-0.05620972089686527,overlap_architecture_selected,2100042,common_eligible
514,514,1.0,1.0,0.843086072389648,0.798071949906678,0.5366108810083545,True,0.28817334467728306,-0.02472371361059511,,,,-0.061478120138046544,overlap_architecture_selected,2100042,common_eligible
526,526,0.0,0.0,0.10152917974981396,0.03748684107892431,0.18867670945980305,True,0.19291280499053493,0.010389634395150171,,,,0.020299231269924375,overlap_architecture_selected,2100042,common_eligible
528,528,1.0,1.0,0.4977416098184984,0.41550557113765935,0.4943183776471951,True,1.0947648836067303,0.01828727919956008,,,,-0.3151680255715663,overlap_architecture_selected,2100042,common_eligible
532,532,1.0,0.0,0.6245694080965795,0.602543346095397,0.289370578733164,True,-0.7764848908539067,-0.12474915832424183,,,,-0.5334643262344162,overlap_architecture_selected,2100042,common_eligible
534,534,0.0,1.0,0.6780604532969082,0.36656252697194586,0.6683709551729843,True,-1.6657580901560267,0.04801810966644621,,,,0.13543398492073888,overlap_architecture_selected,2100042,common_eligible
535,535,0.0,0.0,0.6613810404542477,0.48648391261818086,0.32365232033584296,True,1.2738390338125067,-0.021105210542313513,,,,0.03704061610492676,overlap_architecture_selected,2100042,common_eligible
538,538,1.0,0.0,0.665348251047622,0.44195948859885753,0.5266420102122487,True,-0.7068458387347816,0.02974656267688147,,,,-0.06212851278558973,overlap_architecture_selected,2100042,common_eligible
539,539,0.0,1.0,0.3717068052280005,0.27781403913269903,0.35573055530498576,True,-1.0715244882450443,-0.08757736778263164,,,,-0.11126006308263126,overlap_architecture_selected,2100042,common_eligible
546,546,0.0,0.0,0.2828480244849467,0.11446037441871075,0.041438964315685854,True,0.086582660340351,-0.02431081764069097,,,,-0.06620608679353736,overlap_architecture_selected,2100042,common_eligible
549,549,1.0,0.0,0.8288814024149394,0.657627197281283,0.6710129934177679,True,-0.7961546175617558,0.058537936376333366,,,,-0.22605679180368443,overlap_architecture_selected,2100042,common_eligible
550,550,0.0,0.0,0.19510893245956237,0.10261838700602366,0.07388862769207688,True,0.09876375023586337,-0.03310081196233908,,,,-0.08381602753461014,overlap_architecture_selected,2100042,common_eligible
552,552,1.0,0.0,0.5434797101420065,0.3200162208238149,0.20927757920323403,True,-0.4958083605040175,-0.035551032589650394,,,,0.08753892270289004,overlap_architecture_selected,2100042,common_eligible
559,559,1.0,0.0,0.3150026421812423,0.4842315373432193,0.4081477611391963,True,-1.3717800862824678,-0.012539366578154354,,,,-0.36576085048430995,overlap_architecture_selected,2100042,common_eligible
560,560,1.0,1.0,0.8811227497695345,0.673861094009574,0.5648731663976497,True,0.38484432642550875,-0.14177191402449685,,,,-0.06469990771798673,overlap_architecture_selected,2100042,common_eligible
561,561,1.0,0.0,0.6604639872001546,0.4915194109848702,0.3903247291134878,True,-0.6921803172398696,-0.008128930240198035,,,,-0.14847635272894044,overlap_architecture_selected,2100042,common_eligible
563,563,0.0,0.0,0.2974283910573885,0.21826060706005299,0.49359263819115895,True,0.5859916198220593,-0.043687179818869715,,,,0.08723419972137467,overlap_architecture_selected,2100042,common_eligible
568,568,1.0,1.0,0.8593905682620838,0.7875985459188949,0.6404592563122256,True,0.27122781490421843,-0.0844984722289358,,,,-0.11006768648138565,overlap_architecture_selected,2100042,common_eligible
569,569,0.0,1.0,0.553028204006383,0.6227291374426895,0.5378637443508555,True,-0.9289250539897626,0.026500340712425907,,,,-0.03506472883281053,overlap_architecture_selected,2100042,common_eligible
578,578,0.0,0.0,0.4971835570525107,0.4245811032635116,0.1924470220070073,True,0.6122716839460707,-0.02089549499138721,,,,-0.1661069213092291,overlap_architecture_selected,2100042,common_eligible
580,580,1.0,1.0,0.8997032491347503,0.4736050083035237,0.8925326438325157,True,0.5383751936775663,-0.008721243356921593,,,,0.041240948763694774,overlap_architecture_selected,2100042,common_eligible
584,584,1.0,0.0,0.3532827057050765,0.27071004577043567,0.48645499556172883,True,-1.1612117698728324,0.0059150104345754295,,,,-0.18620539681394355,overlap_architecture_selected,2100042,common_eligible
588,588,1.0,1.0,0.759956906756567,0.5822111945126298,0.7063091984940578,True,0.5105551818750933,-0.012148146790332826,,,,0.05151712594740754,overlap_architecture_selected,2100042,common_eligible
594,594,0.0,1.0,0.43590444979293064,0.30463237545755556,0.29850872042080717,True,-1.238836134841256,-0.023550401617510958,,,,-0.1845762402931477,overlap_architecture_selected,2100042,common_eligible
599,599,0.0,1.0,0.5048358008073318,0.27817401260270225,0.19854963878901968,True,-1.5373751332065997,-0.011714098783848825,,,,-0.017020805613165407,overlap_architecture_selected,2100042,common_eligible
603,603,1.0,1.0,0.8966416880277465,0.8466990277452016,0.4284954677770611,True,0.21917984507966687,-0.16656071924574223,,,,-0.4064471216929251,overlap_architecture_selected,2100042,common_eligible
606,606,0.0,1.0,0.18248752287730916,0.430611830693307,0.5349752952558778,True,-0.5921251949264026,-0.012323533399237085,,,,-0.0810499975355446,overlap_architecture_selected,2100042,common_eligible
607,607,0.0,0.0,0.23293563131751685,0.35011907431845224,0.6674359522614915,True,0.7737571567684265,0.016567067895125298,,,,-0.20262165996000597,overlap_architecture_selected,2100042,common_eligible
609,609,0.0,1.0,0.26284358490807525,0.31432442901460894,0.3266520417716286,True,-0.9178353173178492,-0.003616146217365085,,,,-0.17815202596793825,overlap_architecture_selected,2100042,common_eligible
614,614,1.0,1.0,0.5728457196351098,0.2777800615052748,0.1659687809482254,True,1.3441325983341714,-0.05894766699823778,,,,0.13800989485438941,overlap_architecture_selected,2100042,common_eligible
617,617,1.0,0.0,0.717937892072409,0.8316949682191158,0.43268137213866764,True,-1.001686023481771,-0.011459498433512127,,,,-0.32977963417948597,overlap_architecture_selected,2100042,common_eligible
621,621,1.0,1.0,0.7194912762194604,0.5669474068586907,0.4491467131431642,True,0.6478142693334676,-0.04279756728116724,,,,-0.10300534475910206,overlap_architecture_selected,2100042,common_eligible
626,626,1.0,0.0,0.3741161985593069,0.06956205003912319,0.028400073685736143,True,-0.11707441691357308,-0.028675634959866803,,,,-0.14734105843629364,overlap_architecture_selected,2100042,common_eligible
638,638,1.0,0.0,0.2698635255566812,0.11939729046640864,0.045084007416677396,True,-0.24137553173145648,-0.039161987411095195,,,,-0.028967779075204383,overlap_architecture_selected,2100042,common_eligible
648,648,1.0,1.0,0.4856425777554027,0.7536200266034522,0.5617048825881574,True,0.7105903970713292,-0.06851019797518909,,,,0.22657797391420198,overlap_architecture_selected,2100042,common_eligible
651,651,1.0,0.0,0.8399045585002217,0.5013366851173673,0.16024717716923606,True,-0.5318816349195361,0.033227950413329266,,,,0.14285091672279376,overlap_architecture_selected,2100042,common_eligible
656,656,0.0,0.0,0.3102452295851893,0.3275088534981522,0.5703133899393636,True,0.7176238019914767,-0.014107688722679479,,,,0.008071797181922913,overlap_architecture_selected,2100042,common_eligible
662,662,0.0,0.0,0.796021678525125,0.5574844537577952,0.547538450854551,True,2.7231113618543294,0.09293671530067171,,,,0.12090442381375327,overlap_architecture_selected,2100042,common_eligible
663,663,1.0,1.0,0.6611959780134389,0.536596752310817,0.6151902599697336,True,0.6605839504719929,-0.03162558288311346,,,,-0.0006267839972746714,overlap_architecture_selected,2100042,common_eligible
676,676,1.0,0.0,0.5076521251405558,0.4743534077595283,0.24391568437702546,True,-0.7109157363712034,0.00023958353611258643,,,,0.288078314021742,overlap_architecture_selected,2100042,common_eligible
680,680,1.0,0.0,0.814365313281024,0.32398802252395714,0.16236471821632734,True,-0.3609990826817978,-0.01874255371120767,,,,-0.21676132704337042,overlap_architecture_selected,2100042,common_eligible
684,684,0.0,0.0,0.47678596847590454,0.09916652457390339,0.09218129859676177,True,0.18254815539077857,-0.03562448771871238,,,,-0.09365228131014089,overlap_architecture_selected,2100042,common_eligible
707,707,1.0,0.0,0.3770278451165394,0.27702773953317045,0.06104613272036008,True,-0.3778957293665191,-0.15093482719465534,,,,-0.18261274863827542,overlap_architecture_selected,2100042,common_eligible
708,708,0.0,0.0,0.3700018688658759,0.45297367806765865,0.15987237552994094,True,0.42590666856882253,-0.015005157039780948,,,,-0.3033594815556778,overlap_architecture_selected,2100042,common_eligible
712,712,0.0,0.0,0.18179165970476213,0.37700983963665285,0.3727581959416832,True,0.4565232238657969,0.04854947178970209,,,,0.20262182932038472,overlap_architecture_selected,2100042,common_eligible
713,713,0.0,1.0,0.3020884902611134,0.7133563595857324,0.675573299921819,True,-0.44849937027686076,0.09695054469952058,,,,0.18351149860665072,overlap_architecture_selected,2100042,common_eligible
735,735,1.0,1.0,0.8693676395139803,0.5464435207603578,0.49735423804082685,True,0.5290847130829548,0.052618517615216964,,,,0.2892291597635016,overlap_architecture_selected,2100042,common_eligible
739,739,0.0,1.0,0.14071677625198042,0.3675202823947093,0.5430338245779597,True,-0.5605414628784593,0.06848391039189466,,,,0.04653584065128688,overlap_architecture_selected,2100042,common_eligible
743,743,1.0,0.0,0.568977714745772,0.6790883539213093,0.31325596509810255,True,-0.9163916760846949,-0.17627316530823667,,,,-0.3588049137290085,overlap_architecture_selected,2100042,common_eligible
744,744,0.0,0.0,0.31184754546715604,0.2275922705050214,0.1563064791697305,True,0.2594436407925414,-0.006057046723275089,,,,0.00043827428651807554,overlap_architecture_selected,2100042,common_eligible
752,752,1.0,0.0,0.4977416098184984,0.41550557113765935,0.4943183776471951,True,-0.9143096648616007,0.03142850341462611,,,,-0.048624029853681416,overlap_architecture_selected,2100042,common_eligible
760,760,1.0,1.0,0.692406335628685,0.8089135619834148,0.5138887019265986,True,0.4070358708462688,-0.09826617945406879,,,,-0.1049719012824385,overlap_architecture_selected,2100042,common_eligible
773,773,1.0,1.0,0.8692835421061869,0.8376378318413408,0.8708394268361767,True,0.18178438404762323,0.029730844360071007,,,,-0.05078761983714952,overlap_architecture_selected,2100042,common_eligible
776,776,0.0,0.0,0.3168621649850765,0.08111318937021376,0.4334441127166775,True,0.4710671215376264,0.14522016703965698,,,,0.11215936655437345,overlap_architecture_selected,2100042,common_eligible
779,779,0.0,0.0,0.2679093156148856,0.09067591852276166,0.14631298399083753,True,0.1794959267496133,-0.011414841209390736,,,,0.2102850669914252,overlap_architecture_selected,2100042,common_eligible
781,781,1.0,1.0,0.7124763823714944,0.6875240053032831,0.6026252275295791,True,0.4728386887620283,0.08486287121491598,,,,0.031273744586730046,overlap_architecture_selected,2100042,common_eligible
798,798,1.0,1.0,0.5738280382772704,0.4638337131808297,0.6341812421663501,True,0.8078534252325915,-0.00956082498233557,,,,-0.012829595656138837,overlap_architecture_selected,2100042,common_eligible
822,822,0.0,0.0,0.7852116852351514,0.7102265722388443,0.875041412082636,True,3.471449900584429,0.16018972406146492,,,,0.15687867128973654,overlap_architecture_selected,2100042,common_eligible
827,827,0.0,1.0,0.20298206856941894,0.5097253738134615,0.12212656601773449,True,-1.0027350636470054,-0.14393835991873488,,,,-0.47170840662307595,overlap_architecture_selected,2100042,common_eligible
839,839,0.0,0.0,0.3459267656741221,0.1401821095757308,0.08395416097192661,True,0.1580937851393749,-0.06973921074349533,,,,-0.082870305049013,overlap_architecture_selected,2100042,common_eligible
845,845,1.0,1.0,0.7529859679004913,0.5248007940334674,0.7799319267962778,True,0.5473916563119088,0.02481511966455241,,,,-0.054967122143437575,overlap_architecture_selected,2100042,common_eligible
848,848,0.0,0.0,0.1749639197908613,0.2821484875749489,0.1935269176678343,True,0.2533616406979622,0.03482069695173742,,,,0.0857810802170664,overlap_architecture_selected,2100042,common_eligible
859,859,1.0,1.0,0.7373945455411194,0.6793956394528204,0.7607431747239412,True,0.4058099641333873,0.06208898358207704,,,,0.10091643251497262,overlap_architecture_selected,2100042,common_eligible
868,868,1.0,0.0,0.3159122574538403,0.31770449995497996,0.15035233935963022,True,-0.6432828527800272,-0.012144722275353098,,,,-0.03768758335333155,overlap_architecture_selected,2100042,common_eligible
875,875,1.0,1.0,0.29545258998674867,0.07751243491460742,0.607795705339794,True,1.8577527459095502,0.08416895135143435,,,,0.2750351541256375,overlap_architecture_selected,2100042,common_eligible
892,892,0.0,0.0,0.27357765438948894,0.14706419604024,0.2226290495551855,True,0.27801484273800836,-0.06462844639673831,,,,-0.4218944972490402,overlap_architecture_selected,2100042,common_eligible
893,893,0.0,1.0,0.42129548299625,0.5014938404200082,0.28507950720945485,True,-1.0778317663438108,-0.01287585348277559,,,,-0.13899119129057289,overlap_architecture_selected,2100042,common_eligible
898,898,1.0,1.0,0.45929653428546496,0.44897784153115045,0.2841105842588767,True,1.393797705995616,-0.01605688235836933,,,,0.11489019733853345,overlap_architecture_selected,2100042,common_eligible
908,908,1.0,1.0,0.636625508000223,0.6555981214529483,0.6647449139661415,True,0.5357595056716189,0.09510461196910669,,,,0.2700079153490359,overlap_architecture_selected,2100042,common_eligible
913,913,0.0,0.0,0.5308310973701791,0.10520269167481971,0.18629594767707142,True,0.30532527795666864,0.014515015170750573,,,,0.5763362625455206,overlap_architecture_selected,2100042,common_eligible
915,915,1.0,1.0,0.8986249317981637,0.7129591375341129,0.9466965478548389,True,0.2930540954682213,0.03179866006701271,,,,-0.10460704553612188,overlap_architecture_selected,2100042,common_eligible
929,929,1.0,0.0,0.691834970304069,0.5686035820001845,0.645643615023451,True,-0.8561935309575822,0.057573188538341924,,,,-0.2246108655442407,overlap_architecture_selected,2100042,common_eligible
934,934,0.0,0.0,0.16601323370192786,0.09109758225186171,0.1396054538518038,True,0.157739319787338,-0.023900438799099977,,,,-0.17923562100166213,overlap_architecture_selected,2100042,common_eligible
955,955,1.0,1.0,0.8063026278441041,0.7614156546721973,0.5381480265126863,True,0.3495346392995642,-0.012044140032403172,,,,-0.4074361291328243,overlap_architecture_selected,2100042,common_eligible
960,960,1.0,1.0,0.6172626909048147,0.7995641733979254,0.8548447110226751,True,0.2904402048396092,0.11494181641722784,,,,0.30302428580824725,overlap_architecture_selected,2100042,common_eligible
961,961,0.0,1.0,0.6461268777651206,0.3599036249797072,0.4809614797446903,True,-1.687772301585337,0.006930620295732992,,,,-0.17386110854674186,overlap_architecture_selected,2100042,common_eligible
967,967,0.0,0.0,0.7026413980310109,0.5185557642503517,0.48180965151957444,True,1.707127314224703,0.014532650492884103,,,,0.11315424130412288,overlap_architecture_selected,2100042,common_eligible
976,976,0.0,0.0,0.22027082721031438,0.15119641143938492,0.04743296484379531,True,0.090145434482234,-0.02606164306948485,,,,-0.10435438224184548,overlap_architecture_selected,2100042,common_eligible
980,980,1.0,1.0,0.7866648679715428,0.6257814834573552,0.42231044831307174,True,0.5308817689621609,-0.003759355179265289,,,,-0.1328309937568829,overlap_architecture_selected,2100042,common_eligible
986,986,1.0,0.0,0.7207856920055237,0.5520203212732461,0.46810164675234006,True,-0.7333511645719888,-0.013878813394551326,,,,-0.21930664730454208,overlap_architecture_selected,2100042,common_eligible
987,987,0.0,0.0,0.5670098268288295,0.5680649385962345,0.6055460633688425,True,1.3494391639950503,-0.012340466001899086,,,,0.16537846499403014,overlap_architecture_selected,2100042,common_eligible
989,989,0.0,0.0,0.4451457975026464,0.5259495923456203,0.3027454229989937,True,0.7247017669846907,-0.08725041351554375,,,,-0.22553091570484401,overlap_architecture_selected,2100042,common_eligible
