_oci_row_id,treatment,outcome,propensity,outcome_prediction,effect_eligible,outer_fold,method,replicate,estimated_cate,lower_95,upper_95,true_ite_prob
5,1,1,0.6377114402121038,0.34254974755376194,True,1,current_joint,0,0.029387181672531994,-0.09210290596996684,0.15087726931503082,0.29544125881310984
12,0,1,0.40864594703941975,0.30002689738786964,True,1,current_joint,0,0.008065274981821162,-0.16853198541154882,0.1846625353751911,-0.1020346687031714
15,1,0,0.5202019068490832,0.11807387106554294,True,1,current_joint,0,-0.036370627361453405,-0.2585730763797307,0.18583182165682383,-0.003080297422145953
30,0,0,0.5746897562690604,0.24295906763714584,True,1,current_joint,0,-0.06310083620912812,-0.18008913250901704,0.053887460090760744,-0.15824629257148742
39,1,0,0.6048933776872666,0.3441516064005722,True,1,current_joint,0,-0.05517019971502436,-0.19422385685665366,0.0838834574266049,-0.0787740414269622
40,0,0,0.3543801765148926,0.35057432062020416,True,1,current_joint,0,-0.02084551183829551,-0.17970914816888894,0.13801812449229792,0.060474988513839145
43,1,0,0.7309350546172592,0.38618933830050256,True,1,current_joint,0,-0.0646772550508441,-0.22229769310858313,0.09294318300689491,-0.19702180525731344
45,0,0,0.2877857978025763,0.3689753372039217,True,1,current_joint,0,-0.08648176897657509,-0.2148401999369644,0.041876661983814206,0.13139903885494988
48,1,1,0.4640558918721573,0.5888245392655549,True,1,current_joint,0,-0.10634184576324408,-0.201934753790657,-0.010748937735831174,-0.02351093248221392
63,1,0,0.493740643635318,0.20164355626544486,True,1,current_joint,0,-0.09802045858318513,-0.21819189807584613,0.022150980909475843,-0.08061850681857732
67,1,1,0.4135078007326209,0.532633707078535,True,1,current_joint,0,-0.12110372807284013,-0.2277850640873601,-0.014422392058320174,-0.4040936263411786
69,0,0,0.46600337273861786,0.48630868982475617,True,1,current_joint,0,-0.1014164827709429,-0.2479376599191497,0.04510469437726389,-0.2535047085663173
72,1,0,0.5908011295185976,0.3649110295452353,True,1,current_joint,0,-0.08981663837423179,-0.23741382132545275,0.05778054457698914,0.03393963416448598
75,1,0,0.8971971121686327,0.590906090484836,True,1,current_joint,0,0.07383443982208834,-0.09090665969978493,0.23857553934396156,-0.21905044290968123
93,0,1,0.23435593073816172,0.3708737195266814,True,1,current_joint,0,-0.07997868606085722,-0.17661126503971675,0.016653892918002275,-0.24763340158643393
115,0,0,0.417662784829503,0.3560754401295836,True,1,current_joint,0,-0.08537385590957264,-0.15857230709597758,-0.012175404723167707,-0.036066766855671034
116,0,1,0.2300810466125331,0.24524587329350514,True,1,current_joint,0,-0.12853893039108083,-0.2143951125399891,-0.042682748242172566,-0.014342061446469406
121,1,0,0.829551555662928,0.5644650903605791,True,1,current_joint,0,-0.08485277469006801,-0.23746684996392925,0.06776130058379316,-0.578150415838105
122,1,0,0.6628130336914178,0.16757719199669627,True,1,current_joint,0,-0.09995946814891583,-0.24978420684661723,0.04986527054878552,-0.1662835077113541
123,0,1,0.39744562120923743,0.39243083175848403,True,1,current_joint,0,0.02121197050623509,-0.10590728400127307,0.1483312250137432,0.03246765507545743
126,0,0,0.2904388139791195,0.3909132072928165,True,1,current_joint,0,-0.12283400948791605,-0.21023558327018974,-0.03543243570564239,-0.3010231687743369
130,0,0,0.26863216138852986,0.21849460988274513,True,1,current_joint,0,0.03372591507572496,-0.15312577623608392,0.22057760638753376,0.006309753656425152
137,0,0,0.19104229057139868,0.136704195001431,True,1,current_joint,0,-0.021656496602442274,-0.13625874953735295,0.09294575633246838,-0.035394603233024145
145,1,0,0.4660143956373304,0.44212132263226617,True,1,current_joint,0,-0.00715573522871562,-0.25352524967192364,0.23921377921449236,-0.33769143797714973
151,0,1,0.5191771574449675,0.4662585530143542,True,1,current_joint,0,-0.03169731197819705,-0.12972901359337669,0.06633438963698257,-0.31487008056515453
162,0,0,0.5856731783723788,0.5989655969474362,True,1,current_joint,0,-0.08988241446300799,-0.2287511868646546,0.04898635793863859,-0.1770906937214045
167,0,1,0.6272436550256896,0.707639467658466,True,1,current_joint,0,-0.05375597253464598,-0.22884742673396463,0.12133548166467265,0.060419762402974864
169,1,1,0.718421807752594,0.8744463758885973,True,1,current_joint,0,-0.11704203076123258,-0.255968578967424,0.02188451744495877,-0.059438745764093026
180,1,1,0.8672668628184429,0.5657293381904667,True,1,current_joint,0,-0.1304028868495416,-0.23209075895128967,-0.028715014747793546,0.07214620573564456
186,1,0,0.5911390146431826,0.5179879989770028,True,1,current_joint,0,-0.0053883748044148225,-0.16838675887459165,0.157610009265762,-0.34838730337294177
193,0,0,0.40023106047420476,0.1550758670471376,True,1,current_joint,0,-0.13700309779813047,-0.23781139145523597,-0.03619480414102498,-0.07790570380726344
196,0,0,0.4779684453454312,0.4063942925546509,True,1,current_joint,0,0.014631365656558495,-0.2136949808102243,0.24295771212334127,0.18500422317417548
198,0,0,0.14587366590344183,0.3168318250125152,True,1,current_joint,0,-0.1684645742902188,-0.2809692161346626,-0.055959932445775046,-0.09796041668062988
205,1,1,0.889667935890094,0.4157414662695457,True,1,current_joint,0,-0.033106266119377926,-0.12928456401299496,0.06307203177423909,0.10039000345163385
208,1,1,0.37917397054309765,0.6227098092939151,True,1,current_joint,0,-0.057312768129535965,-0.15911430021660397,0.044488763957532027,-0.38364186382161225
211,0,0,0.231401125726331,0.22905857404779453,True,1,current_joint,0,0.0463476017216752,-0.08936473639171003,0.1820599398350604,0.039362356322426656
229,0,0,0.35491053100236486,0.18642819332391197,True,1,current_joint,0,-0.07636512460753986,-0.18231115478222543,0.029580905567145682,-0.0181111175885878
237,0,1,0.3187585270756577,0.6861105920384603,True,1,current_joint,0,0.04215005315405605,-0.1167381610092831,0.20103826731739516,0.014677238537030401
241,1,0,0.33880276994038705,0.4470269612145222,True,1,current_joint,0,-0.08196087271268361,-0.2108943481310378,0.04697260270567054,-0.2359562924134932
250,1,1,0.8428866494274864,0.703627059039757,True,1,current_joint,0,-0.050631796397468336,-0.194587193756761,0.0933236009618243,-0.14381661120733635
254,0,1,0.20839292854203073,0.24099446092279211,True,1,current_joint,0,-0.005968238928368634,-0.12485883324395046,0.11292235538721317,0.11029612787953566
261,0,0,0.25783316789758004,0.1812073244799295,True,1,current_joint,0,0.07982271458816206,-0.12211828735451452,0.28176371653083865,0.31285754382566056
264,1,1,0.5133701154893368,0.5783417591739412,True,1,current_joint,0,-0.06312504472087006,-0.14057192754685888,0.014321838105118737,0.10130985419071503
265,0,0,0.4673440107611287,0.3563794093146026,True,1,current_joint,0,-0.12392845287191104,-0.2782070225222174,0.030350116778395275,-0.19966649402570194
270,0,0,0.34874073775724557,0.20171397701955088,True,1,current_joint,0,-0.059056778854444346,-0.21100919899682183,0.0928956412879331,-0.05981133747776573
271,1,0,0.8208015211662028,0.8654343342544495,True,1,current_joint,0,-0.08130130908951136,-0.21066335086655893,0.04806073268753619,-0.027407061388611043
277,1,1,0.8458274757149049,0.5796784555469318,True,1,current_joint,0,-0.03217682577145463,-0.12371727175874707,0.059363620215837784,0.19707323380293573
282,0,0,0.4968539889905682,0.48950108386632263,True,1,current_joint,0,0.010959876434861114,-0.10455466895670644,0.12647442182642865,0.2904593735133494
284,0,1,0.26169668314489575,0.48044735559495144,True,1,current_joint,0,-0.009134285417970666,-0.15615956575782608,0.1378909949218847,0.18518688543613304
288,1,0,0.7511605014707504,0.5824804714021297,True,1,current_joint,0,-0.030180650672074077,-0.13981585414036327,0.0794545527962151,0.004640120746827181
294,1,1,0.8164796270017057,0.49031264913350026,True,1,current_joint,0,-0.08310080322053057,-0.1876426150082399,0.021441008567178732,-0.34951026332690505
318,0,0,0.6636540076542939,0.5705544669325786,True,1,current_joint,0,-0.05540785110620858,-0.1991718669665018,0.08835616475408462,-0.20199985734703257
319,1,1,0.8930296774091446,0.7555478412559756,True,1,current_joint,0,-0.078459338801679,-0.23555904640315162,0.0786403687997936,0.04278373950332526
328,0,1,0.39432924248177276,0.18948303187203663,True,1,current_joint,0,0.012360054451896559,-0.13192242646919958,0.15664253537299266,0.10327243996857394
334,0,0,0.32003853805723764,0.2875355167491368,True,1,current_joint,0,-0.07440334043398465,-0.1630474529077724,0.014240772039803076,-0.1484375342195409
339,0,1,0.6907306329755005,0.5644583916735121,True,1,current_joint,0,-0.07506212176053167,-0.2558410458152065,0.10571680229414315,-0.04096418254395162
343,1,1,0.7122793784860058,0.5155210187085154,True,1,current_joint,0,-0.08358227909179185,-0.17945546442660432,0.012290906243020608,-0.252500407706424
346,0,0,0.4668878241550569,0.33951763988107997,True,1,current_joint,0,-0.014341517168262301,-0.20176698028084972,0.1730839459443251,0.021257549177203516
347,0,1,0.20263826870260368,0.2637419376444213,True,1,current_joint,0,-0.13717532679375494,-0.33363566396532945,0.059285010377819525,0.0718545920669893
349,0,1,0.7980010545149436,0.6771543356924604,True,1,current_joint,0,-0.08882337543606364,-0.18634081054687385,0.008694059674746527,0.03268878550218324
354,1,0,0.532805219686784,0.2924577715670299,True,1,current_joint,0,-0.08444100202807778,-0.16199053633024557,-0.006891467725909997,-0.14297135067526034
357,1,1,0.6408274001124588,0.2999253159315922,True,1,current_joint,0,-0.11762405735121342,-0.19871016515867956,-0.0365379495437473,0.1013446835796018
360,1,0,0.3477877504865826,0.3387807653978252,True,1,current_joint,0,-0.09727512506498176,-0.24026499715859204,0.04571474702862849,-0.20995476861796994
361,0,0,0.29661108176182654,0.23059339157774011,True,1,current_joint,0,-0.03486272217466046,-0.1585995779256916,0.08887413357637067,-0.0406445885166562
365,1,0,0.6049751553904226,0.2863717839207137,True,1,current_joint,0,-0.12095141147386969,-0.2637293240575777,0.02182650110983829,-0.3344524588585174
368,1,0,0.6849883638981021,0.32733973117530735,True,1,current_joint,0,-0.021196416052598022,-0.15109514066130109,0.108702308556105,-0.05427466854280549
370,1,0,0.19790340240759838,0.10800260009836761,True,1,current_joint,0,-0.07375470950640366,-0.24492512211988676,0.09741570310707943,-0.11224918810400103
380,0,1,0.7471666727680591,0.4674264398886901,True,1,current_joint,0,-0.062121355960215736,-0.15918773472485864,0.03494502280442715,-0.4595323870462047
384,1,1,0.6900728481780237,0.5112597274821526,True,1,current_joint,0,-0.000377410749664736,-0.09094659268985801,0.09019177119052851,0.0703099140074529
392,1,1,0.7956043945971023,0.7308406047876336,True,1,current_joint,0,-0.061469103461072795,-0.1780767001694138,0.05513849324726817,0.0859568948245617
398,0,1,0.3206138626697417,0.45685223927714724,True,1,current_joint,0,-0.026878008168361726,-0.2565409301881282,0.20278491385140468,-0.3498504475078327
409,0,0,0.18337791691798333,0.4439000770292082,True,1,current_joint,0,-0.0495916975162727,-0.22516723310560383,0.12598383807305838,0.14554265152238055
422,1,1,0.4374280553015159,0.34871246199525907,True,1,current_joint,0,0.050720674413036744,-0.16850641724355317,0.2699477660696266,0.04875396248008518
424,1,0,0.6770097302582416,0.7052642761137701,True,1,current_joint,0,-0.13628454721437958,-0.2501026623495887,-0.02246643207917047,-0.411950972386599
431,1,1,0.4372491262168222,0.6279412483546116,True,1,current_joint,0,-0.11657759231500904,-0.20197246543957942,-0.03118271919043869,-0.32665406706368566
433,0,0,0.10525170726096475,0.10427304962006238,True,1,current_joint,0,-0.13604525826051006,-0.2407270270606611,-0.03136348946035904,-0.03402153155820689
435,0,1,0.4409894527049854,0.6729711349557012,True,1,current_joint,0,-0.047227422516070955,-0.213740724338695,0.11928587930655304,-0.10742312894197681
446,1,0,0.2790381570542702,0.16375999330593335,True,1,current_joint,0,-0.050263922367486544,-0.17590942226395662,0.07538157752898349,-0.06432527410523083
447,1,1,0.536835214889051,0.5503554221394807,True,1,current_joint,0,-0.01584574521553906,-0.19822255485251764,0.16653106442143947,0.034144994760945346
451,1,1,0.7690955084071955,0.6112206494377056,True,1,current_joint,0,-0.11238053246636512,-0.21016449972040807,-0.014596565212322193,-0.17663563846118313
460,1,0,0.39094770965443404,0.27994469973743064,True,1,current_joint,0,-0.04528202889156761,-0.1197112063427757,0.029147148559640457,-0.15089969081385596
462,0,0,0.4757820881301206,0.3798226570352518,True,1,current_joint,0,0.008853008945649025,-0.15598317824220495,0.17368919613350298,-0.02877369342676961
465,0,1,0.4312755600906261,0.6491876730428766,True,1,current_joint,0,-0.02325264613359681,-0.13880783735030836,0.0923025450831147,-0.07352311822592295
467,0,0,0.2562069965782711,0.26684038260745196,True,1,current_joint,0,-0.12575519104362803,-0.2334698834695338,-0.01804049861772232,0.18109530692018136
468,1,0,0.44882293786932376,0.4590625162462623,True,1,current_joint,0,-0.032390875139100286,-0.27244496910144117,0.20766321882324051,-0.36394341785118856
474,0,0,0.4334979519869535,0.38280401600429703,True,1,current_joint,0,-0.007127277176886578,-0.12047576527851546,0.10622121092474228,0.27024214191256124
478,1,0,0.5739982744039367,0.2947270948162633,True,1,current_joint,0,-0.0544370806686344,-0.2131286809011774,0.10425451956390858,-0.14113139488284232
481,0,1,0.5087083360409932,0.40825501741027925,True,1,current_joint,0,-0.060050041586540995,-0.22873400362478213,0.10863392045170008,0.24256774419822325
486,1,1,0.7441202307802978,0.6148549412893181,True,1,current_joint,0,-0.07369991819181562,-0.20614292005509496,0.05874308367146369,-0.6892153014395378
487,1,1,0.8467975192157075,0.5866738910251524,True,1,current_joint,0,0.004065894822292519,-0.15983249801524294,0.16796428765982796,-0.028156691615068175
498,0,0,0.3020648921646804,0.1979830251548477,True,1,current_joint,0,-0.14043301927109703,-0.23484129846248142,-0.046024740079712675,-0.1062618189134249
503,0,0,0.3446948747805175,0.2658055219729751,True,1,current_joint,0,-0.0489268389543505,-0.23778510629752891,0.13993142838882783,-0.16728505428348134
507,1,1,0.8311033999506614,0.7945564212316646,True,1,current_joint,0,-0.008662346609773625,-0.14351050195635517,0.12618580873680788,-0.030854928811506976
508,0,0,0.5229332692489086,0.2601699446166555,True,1,current_joint,0,-0.1520919282945388,-0.2699407781431639,-0.034243078445913705,-0.05620972089686527
514,1,1,0.8270038617254091,0.6943390637417084,True,1,current_joint,0,-0.07780944434091339,-0.19693883638717968,0.04131994770535287,-0.061478120138046544
526,0,0,0.15782593929996835,0.13044474411998602,True,1,current_joint,0,-0.00782630809796879,-0.2610983659544051,0.24544574975846745,0.020299231269924375
528,1,1,0.6647472925894883,0.7352516088728809,True,1,current_joint,0,0.03241200381221794,-0.0608872406265524,0.12571124825098828,-0.3151680255715663
532,1,0,0.5659465902283147,0.4305883970188177,True,1,current_joint,0,-0.13877249621931798,-0.2300051142722382,-0.04753987816639778,-0.5334643262344162
534,0,1,0.6356185713393279,0.49570608184298615,True,1,current_joint,0,0.085545807101558,-0.16316408949562367,0.33425570369873964,0.13543398492073888
535,0,0,0.6385549390569282,0.3491581541021244,True,1,current_joint,0,-0.011005763611655995,-0.16951554311533695,0.14750401589202491,0.03704061610492676
538,1,0,0.7165422603028302,0.5565385298635452,True,1,current_joint,0,0.023602813060187192,-0.09078084324365442,0.13798646936402878,-0.06212851278558973
539,0,1,0.3919352408994978,0.39807883890515544,True,1,current_joint,0,-0.0697748695906484,-0.16851074260509963,0.028961003423802797,-0.11126006308263126
546,0,0,0.30246911548946265,0.1674140399970113,True,1,current_joint,0,-0.09885672182461976,-0.21011462144380116,0.012401177794561638,-0.06620608679353736
549,1,0,0.737809295603759,0.4018100071172399,True,1,current_joint,0,-0.04400873486981451,-0.16832736731436196,0.08030989757473289,-0.22605679180368443
550,0,0,0.22968620364065134,0.12507868829739605,True,1,current_joint,0,-0.1267665807438927,-0.22350707263809277,-0.0300260888496926,-0.08381602753461014
552,1,0,0.5131292585651384,0.19044531066663345,True,1,current_joint,0,-0.07887721591953907,-0.16527136051838323,0.007516928679305063,0.08753892270289004
559,1,0,0.6085123450001269,0.405681505096466,True,1,current_joint,0,-0.046918326352760144,-0.14319240233598332,0.04935574963046301,-0.36576085048430995
560,1,1,0.8655555287273489,0.6294406160354643,True,1,current_joint,0,-0.1065162228007783,-0.20848899140564392,-0.004543454195912705,-0.06469990771798673
561,1,0,0.6004522932294956,0.25193874811218325,True,1,current_joint,0,-0.0029212119596265552,-0.18001190796405217,0.174169484044799,-0.14847635272894044
563,0,0,0.34977696900330585,0.3001244011940171,True,1,current_joint,0,-0.10043261969424258,-0.31268385957374245,0.1118186201852572,0.08723419972137467
568,1,1,0.8420165704415828,0.7241993149028411,True,1,current_joint,0,-0.19466303884199296,-0.33269118421199817,-0.0566348934719878,-0.11006768648138565
569,0,1,0.6204165780663479,0.649966418468412,True,1,current_joint,0,-0.09242021994247986,-0.2310908274140519,0.04625038752909212,-0.03506472883281053
578,0,0,0.528449166106585,0.541129455632692,True,1,current_joint,0,-0.053380825175428574,-0.19963380417046858,0.09287215381961139,-0.1661069213092291
584,1,0,0.4835230499831929,0.6086690571475216,True,1,current_joint,0,0.034954168556970845,-0.09788370015632078,0.16779203727026243,-0.18620539681394355
588,1,1,0.6950874683394853,0.6067692377764136,True,1,current_joint,0,-0.010003325647140186,-0.13266384511454868,0.11265719382026827,0.05151712594740754
594,0,1,0.3845124638174599,0.20204826370818607,True,1,current_joint,0,-0.08440168449449714,-0.17590335763123172,0.0070999886422374175,-0.1845762402931477
599,0,1,0.5139276407168637,0.3069862927665871,True,1,current_joint,0,-0.02225615669789231,-0.14866354962470882,0.10415123622892418,-0.017020805613165407
603,1,1,0.8760250372770755,0.7245136388321798,True,1,current_joint,0,-0.11144141537425815,-0.2544873266428816,0.031604495894365245,-0.4064471216929251
606,0,1,0.21922940776003394,0.3608687382193187,True,1,current_joint,0,-0.020586292965319355,-0.14118403755399436,0.10001145162335563,-0.0810499975355446
607,0,0,0.2306889141131686,0.41349980578355594,True,1,current_joint,0,-0.04976266552059091,-0.13904994151767305,0.03952461047649123,-0.20262165996000597
609,0,1,0.2303519206028594,0.1661800464978828,True,1,current_joint,0,-0.024146567228833443,-0.11446708645860001,0.06617395200093311,-0.17815202596793825
614,1,1,0.6467946600933504,0.454149402724382,True,1,current_joint,0,-0.1477788300052659,-0.2908854171415789,-0.0046722428689529305,0.13800989485438941
617,1,0,0.6802572666640975,0.691208308706228,True,1,current_joint,0,-0.10294254900383067,-0.2195399978963865,0.013654899888725147,-0.32977963417948597
621,1,1,0.627291255719527,0.643934722388693,True,1,current_joint,0,-0.1100441655769747,-0.2068295899184689,-0.013258741235480542,-0.10300534475910206
626,1,0,0.474501537217078,0.16437460061425205,True,1,current_joint,0,-0.07657412972584,-0.22874208540062163,0.07559382594894161,-0.14734105843629364
638,1,0,0.2748012559824055,0.1239220657092472,True,1,current_joint,0,-0.07132447394748563,-0.24326632256711317,0.10061737467214187,-0.028967779075204383
648,1,1,0.5446984576494674,0.4969151883647077,True,1,current_joint,0,-0.07728653237328054,-0.22809643402010776,0.07352336927354666,0.22657797391420198
651,1,0,0.7414638822974168,0.20735604282143721,True,1,current_joint,0,-0.09310968475190232,-0.21402457677082645,0.027805207267021792,0.14285091672279376
656,0,0,0.28204662460451924,0.4366149382471533,True,1,current_joint,0,-0.05330713732142246,-0.21704464794430484,0.11043037330145984,0.008071797181922913
662,0,0,0.6929571721037661,0.5688028871898342,True,1,current_joint,0,0.020532012649628617,-0.1021932213903753,0.14325724668963252,0.12090442381375327
663,1,1,0.6304851473044282,0.5835748670106308,True,1,current_joint,0,-0.041867188741120755,-0.2091706676163741,0.12543629013413254,-0.0006267839972746714
676,1,0,0.4599439184764482,0.29878782114157487,True,1,current_joint,0,-0.058291005169297,-0.2009587634357954,0.08437675309720138,0.288078314021742
680,1,0,0.6829703748258147,0.11385594636738014,True,1,current_joint,0,-0.0015394179711269015,-0.16696834579605552,0.1638895098538017,-0.21676132704337042
684,0,0,0.5697406984360188,0.19983185070397666,True,1,current_joint,0,-0.062456704636253704,-0.18009002421648115,0.05517661494397372,-0.09365228131014089
689,1,1,0.8868225930045658,0.8706173422583725,True,1,current_joint,0,-0.07820283482121243,-0.2436876952860144,0.0872820256435895,0.028437736123359203
707,1,0,0.3095601577041158,0.16574517487960455,True,1,current_joint,0,-0.13407565136452385,-0.2643742776515472,-0.003777025077500523,-0.18261274863827542
708,0,0,0.38944180681518387,0.31109833854695346,True,1,current_joint,0,-0.06952935281964694,-0.18251488677311806,0.04345618113382416,-0.3033594815556778
712,0,0,0.22671743720630477,0.39916050095370287,True,1,current_joint,0,0.08490445531363001,-0.05850139289804711,0.22831030352530712,0.20262182932038472
713,0,1,0.4479973834356069,0.7899673126686212,True,1,current_joint,0,-0.008534583273470054,-0.20481480991469275,0.18774564336775257,0.18351149860665072
723,1,1,0.8791019779208326,0.6312407840166131,True,1,current_joint,0,0.1390112854442135,-0.16056220104378618,0.4385847719322131,-0.013981278819158116
735,1,1,0.7869431386479372,0.5368141960979033,True,1,current_joint,0,0.042205426291396106,-0.1656852359116538,0.250096088494446,0.2892291597635016
739,0,1,0.16567925131260422,0.3625667250095327,True,1,current_joint,0,-0.042322716729218716,-0.21324439091355818,0.1285989574551207,0.04653584065128688
743,1,0,0.6338297786120288,0.6070901283292623,True,1,current_joint,0,-0.03997916228908006,-0.16463621596953384,0.08467789139137369,-0.3588049137290085
744,0,0,0.2696157041235064,0.15264458849958287,True,1,current_joint,0,-0.08444717145538558,-0.1927945593983404,0.023900216487569195,0.00043827428651807554
752,1,0,0.6647472925894883,0.7208329462562315,True,1,current_joint,0,0.051455904148876026,-0.060021633820561755,0.1629334421183138,-0.048624029853681416
760,1,1,0.7134555858731084,0.792566241366111,True,1,current_joint,0,-0.09489886117210868,-0.23646142285808674,0.04666370051386935,-0.1049719012824385
773,1,1,0.8386940353384825,0.852870223315683,True,1,current_joint,0,0.00321704286047537,-0.14039288739242817,0.14682697311337886,-0.05078761983714952
776,0,0,0.3345234242308092,0.20533773166060534,True,1,current_joint,0,0.04168996596676029,-0.139923420076846,0.22330335201036655,0.11215936655437345
779,0,0,0.3257453007133764,0.22754313436062862,True,1,current_joint,0,-0.11133466093291043,-0.2824599523279455,0.059790630462124586,0.2102850669914252
781,1,1,0.6832939038423603,0.63754694937672,True,1,current_joint,0,-0.029694276717769457,-0.10794187367171179,0.048553320236172856,0.031273744586730046
782,1,0,0.7648701537663227,0.4641424883295498,True,1,current_joint,0,0.046041651221691494,-0.0582361778598894,0.15031948030327236,-0.27881971225762575
783,0,0,0.12172989379204215,0.3168675055683017,True,1,current_joint,0,0.008604939301922736,-0.16315045929680588,0.1803603379006513,0.11768093960974968
798,1,1,0.5742961575804171,0.7338549270059888,True,1,current_joint,0,0.00012205522917517605,-0.0854848041790764,0.08572891463742674,-0.012829595656138837
822,0,0,0.7417980053932205,0.6367950734915155,True,1,current_joint,0,0.0765036961960529,-0.08493936409783767,0.23794675648994343,0.15687867128973654
827,0,1,0.264977865904604,0.5063020143310597,True,1,current_joint,0,-0.11888894434665227,-0.23187835914455296,-0.0058995295487516,-0.47170840662307595
839,0,0,0.4808888128545494,0.1562570180525887,True,1,current_joint,0,-0.11805837146118384,-0.20948335453821043,-0.026633388384157283,-0.082870305049013
845,1,1,0.7067711150558171,0.505484558588421,True,1,current_joint,0,0.069203128126337,-0.054945837965171634,0.1933520942178456,-0.054967122143437575
848,0,0,0.1666158023279128,0.2015602546752192,True,1,current_joint,0,-0.004273323759749983,-0.19224140691204217,0.18369475939254215,0.0857810802170664
859,1,1,0.6849906428774399,0.6769103292049636,True,1,current_joint,0,-0.0997901992021471,-0.21818077388818885,0.01860037548389462,0.10091643251497262
868,1,0,0.3082583807209731,0.1535068027524439,True,1,current_joint,0,-0.08280235196254487,-0.25177697306536406,0.08617226914027432,-0.03768758335333155
875,1,1,0.25333963387393715,0.20708796308982624,True,1,current_joint,0,0.0800428036399482,-0.06053790112706134,0.2206235084069577,0.2750351541256375
892,0,0,0.6313698695873204,0.23382463068565157,True,1,current_joint,0,-0.028526459376143475,-0.21568241619249587,0.15862949744020885,-0.4218944972490402
893,0,1,0.45589257876268896,0.39302832109664,True,1,current_joint,0,-0.08297722824189256,-0.18713865400101054,0.021184197517225403,-0.13899119129057289
898,1,1,0.49462645872228006,0.3547315126470555,True,1,current_joint,0,-0.06518367660878226,-0.21188855915787247,0.08152120594030794,0.11489019733853345
908,1,1,0.59795154629418,0.5465323047791424,True,1,current_joint,0,0.00927338642665633,-0.18874782496600506,0.2072945978193177,0.2700079153490359
913,0,0,0.4590740424682504,0.15303561997525103,True,1,current_joint,0,0.034757042186313154,-0.07537168471413841,0.14488576908676468,0.5763362625455206
915,1,1,0.8444617337210738,0.7902472579186703,True,1,current_joint,0,0.07606311900255457,-0.12771871168497212,0.27984494969008117,-0.10460704553612188
924,0,1,0.11064807383603614,0.35875496457481376,True,1,current_joint,0,-0.06984012298284217,-0.1922508269677153,0.052570581002030936,-0.03518580558050255
929,1,0,0.6634216252210545,0.5571596280328351,True,1,current_joint,0,-0.028830556354629736,-0.19410447590470076,0.1364433631954412,-0.2246108655442407
934,0,0,0.17588820990102041,0.1479102128392838,True,1,current_joint,0,-0.10949491319376231,-0.23708537818804734,0.01809555180052269,-0.17923562100166213
955,1,1,0.7279935351733413,0.7193079523925068,True,1,current_joint,0,-0.057046558500384904,-0.2284037001654312,0.11431058316466139,-0.4074361291328243
960,1,1,0.516353381546526,0.48744897008899524,True,1,current_joint,0,0.01773456129339318,-0.13392312193707187,0.1693922445238582,0.30302428580824725
961,0,1,0.5952214322323915,0.2839526673389449,True,1,current_joint,0,0.012763397136162834,-0.2616560718308915,0.2871828661032171,-0.17386110854674186
967,0,0,0.7111062328377343,0.6026371727046967,True,1,current_joint,0,-0.017587648934988338,-0.2187926530709513,0.18361735520097455,0.11315424130412288
976,0,0,0.22296580907529134,0.08518100874594803,True,1,current_joint,0,-0.12138869508471459,-0.26462048019737694,0.02184309002794768,-0.10435438224184548
977,1,0,0.8795089744048036,0.5493546289655924,True,1,current_joint,0,0.029220795181361486,-0.06615109544660082,0.12459268580932377,0.2172265382051104
980,1,1,0.7845093011134376,0.5285083827381312,True,1,current_joint,0,-0.0948919418872993,-0.2529586297284806,0.06317474595388198,-0.1328309937568829
986,1,0,0.6842931095653495,0.4407593834478375,True,1,current_joint,0,-0.05581367790945351,-0.13987829941837518,0.028250943599468135,-0.21930664730454208
987,0,0,0.4937146818591577,0.41011618555896223,True,1,current_joint,0,-0.025672411961057483,-0.12287484999838083,0.07153002607626582,0.16537846499403014
989,0,0,0.502114524477848,0.4557268144672463,True,1,current_joint,0,-0.04344136301406695,-0.2460680813464951,0.15918535531836117,-0.22553091570484401
5,1,1,0.6377114402121038,0.34254974755376194,True,1,current_joint,1,0.04202751017262839,-0.08348848481588243,0.1675435051611392,0.29544125881310984
12,0,1,0.40864594703941975,0.30002689738786964,True,1,current_joint,1,-0.0030263993057401137,-0.13899628338190245,0.1329434847704222,-0.1020346687031714
15,1,0,0.5202019068490832,0.11807387106554294,True,1,current_joint,1,-0.06505085903337426,-0.18625221562467614,0.0561504975579276,-0.003080297422145953
30,0,0,0.5746897562690604,0.24295906763714584,True,1,current_joint,1,-0.0660639687199981,-0.17581324615350707,0.043685308713510854,-0.15824629257148742
39,1,0,0.6048933776872666,0.3441516064005722,True,1,current_joint,1,-0.0210711841333689,-0.15239930773687477,0.11025693947013696,-0.0787740414269622
40,0,0,0.3543801765148926,0.35057432062020416,True,1,current_joint,1,0.0009604534687015476,-0.1322515887793877,0.13417249571679077,0.060474988513839145
43,1,0,0.7309350546172592,0.38618933830050256,True,1,current_joint,1,-0.06020234298582968,-0.20028867474256476,0.07988398877090536,-0.19702180525731344
45,0,0,0.2877857978025763,0.3689753372039217,True,1,current_joint,1,-0.04628111628124002,-0.2248746025138963,0.13231236995141624,0.13139903885494988
48,1,1,0.4640558918721573,0.5888245392655549,True,1,current_joint,1,-0.10106172259810178,-0.22941974458131456,0.027296299385110967,-0.02351093248221392
63,1,0,0.493740643635318,0.20164355626544486,True,1,current_joint,1,-0.09523559008221491,-0.23040166164356343,0.039930481479133584,-0.08061850681857732
67,1,1,0.4135078007326209,0.532633707078535,True,1,current_joint,1,-0.06196451936117993,-0.21597210384965776,0.09204306512729789,-0.4040936263411786
69,0,0,0.46600337273861786,0.48630868982475617,True,1,current_joint,1,-0.09320727210102173,-0.2862283456317176,0.09981380142967408,-0.2535047085663173
72,1,0,0.5908011295185976,0.3649110295452353,True,1,current_joint,1,-0.10165296674961496,-0.2507458845304662,0.047439951031236244,0.03393963416448598
75,1,0,0.8971971121686327,0.590906090484836,True,1,current_joint,1,0.05807795722944205,-0.030987539252274474,0.14714345371115856,-0.21905044290968123
93,0,1,0.23435593073816172,0.3708737195266814,True,1,current_joint,1,-0.07059441458629442,-0.23879275873388922,0.09760392956130032,-0.24763340158643393
115,0,0,0.417662784829503,0.3560754401295836,True,1,current_joint,1,-0.0870233832086084,-0.3516130775996532,0.17756631118243632,-0.036066766855671034
116,0,1,0.2300810466125331,0.24524587329350514,True,1,current_joint,1,-0.1358977471412905,-0.22014799273279928,-0.05164750154978172,-0.014342061446469406
121,1,0,0.829551555662928,0.5644650903605791,True,1,current_joint,1,-0.09765978704675558,-0.17485880991553815,-0.020460764177973045,-0.578150415838105
122,1,0,0.6628130336914178,0.16757719199669627,True,1,current_joint,1,-0.1049255226390127,-0.20482963479851063,-0.005021410479514793,-0.1662835077113541
123,0,1,0.39744562120923743,0.39243083175848403,True,1,current_joint,1,0.02430908553004633,-0.15021360928827227,0.19883178034836488,0.03246765507545743
126,0,0,0.2904388139791195,0.3909132072928165,True,1,current_joint,1,-0.13686561310930537,-0.288418122870175,0.014686896651564196,-0.3010231687743369
130,0,0,0.26863216138852986,0.21849460988274513,True,1,current_joint,1,0.04117175791034046,-0.0645332131880027,0.1468767290086836,0.006309753656425152
137,0,0,0.19104229057139868,0.136704195001431,True,1,current_joint,1,-0.043679126971653735,-0.12661948922633703,0.03926123528302954,-0.035394603233024145
145,1,0,0.4660143956373304,0.44212132263226617,True,1,current_joint,1,0.020576979244081854,-0.07086551332242419,0.11201947181058788,-0.33769143797714973
151,0,1,0.5191771574449675,0.4662585530143542,True,1,current_joint,1,-0.06002832480288875,-0.2164165092482561,0.09635985964247853,-0.31487008056515453
162,0,0,0.5856731783723788,0.5989655969474362,True,1,current_joint,1,-0.08389494292628397,-0.32937260458078743,0.16158271872821942,-0.1770906937214045
167,0,1,0.6272436550256896,0.707639467658466,True,1,current_joint,1,-0.07261939835003942,-0.20489176652340502,0.05965296982332616,0.060419762402974864
169,1,1,0.718421807752594,0.8744463758885973,True,1,current_joint,1,-0.1004198009592307,-0.2251327058720759,0.02429310395361449,-0.059438745764093026
180,1,1,0.8672668628184429,0.5657293381904667,True,1,current_joint,1,-0.12032887098859835,-0.2674662738797844,0.026808531902587696,0.07214620573564456
186,1,0,0.5911390146431826,0.5179879989770028,True,1,current_joint,1,0.021801956825186628,-0.09700895500482194,0.14061286865519518,-0.34838730337294177
193,0,0,0.40023106047420476,0.1550758670471376,True,1,current_joint,1,-0.14451780169201997,-0.3626378768122015,0.0736022734281615,-0.07790570380726344
196,0,0,0.4779684453454312,0.4063942925546509,True,1,current_joint,1,-0.013796525802436748,-0.1695035537913562,0.14191050218648263,0.18500422317417548
198,0,0,0.14587366590344183,0.3168318250125152,True,1,current_joint,1,-0.1547745197207807,-0.318704046335368,0.009155006893806494,-0.09796041668062988
205,1,1,0.889667935890094,0.4157414662695457,True,1,current_joint,1,-0.03604409515529635,-0.11332668904129203,0.04123849873069931,0.10039000345163385
208,1,1,0.37917397054309765,0.6227098092939151,True,1,current_joint,1,-0.06383754454562103,-0.2299482418921177,0.10227315280087561,-0.38364186382161225
211,0,0,0.231401125726331,0.22905857404779453,True,1,current_joint,1,0.03196320674935733,-0.06254302993720415,0.1264694434359188,0.039362356322426656
229,0,0,0.35491053100236486,0.18642819332391197,True,1,current_joint,1,-0.08988411536001314,-0.22382155421296956,0.04405332349294325,-0.0181111175885878
237,0,1,0.3187585270756577,0.6861105920384603,True,1,current_joint,1,0.07239211784912081,-0.08240225368629905,0.22718648938454064,0.014677238537030401
241,1,0,0.33880276994038705,0.4470269612145222,True,1,current_joint,1,-0.09226197357656148,-0.1794888273368785,-0.005035119816244493,-0.2359562924134932
250,1,1,0.8428866494274864,0.703627059039757,True,1,current_joint,1,-0.06096629046717087,-0.2154678570244249,0.09353527609008314,-0.14381661120733635
254,0,1,0.20839292854203073,0.24099446092279211,True,1,current_joint,1,-0.012880038984993868,-0.1353691983508834,0.10960912038089565,0.11029612787953566
261,0,0,0.25783316789758004,0.1812073244799295,True,1,current_joint,1,0.06572228734767477,-0.10031149933244896,0.23175607402779844,0.31285754382566056
264,1,1,0.5133701154893368,0.5783417591739412,True,1,current_joint,1,-0.08866727089819294,-0.21407295839138324,0.03673841659499734,0.10130985419071503
265,0,0,0.4673440107611287,0.3563794093146026,True,1,current_joint,1,-0.12101385610514784,-0.250478383059344,0.008450670849048297,-0.19966649402570194
270,0,0,0.34874073775724557,0.20171397701955088,True,1,current_joint,1,-0.06308323716923801,-0.15563892593670597,0.02947245159822992,-0.05981133747776573
271,1,0,0.8208015211662028,0.8654343342544495,True,1,current_joint,1,-0.049284458167362655,-0.20234815194468786,0.10377923560996252,-0.027407061388611043
277,1,1,0.8458274757149049,0.5796784555469318,True,1,current_joint,1,-0.058349967806112076,-0.20563939214533705,0.08893945653311289,0.19707323380293573
282,0,0,0.4968539889905682,0.48950108386632263,True,1,current_joint,1,0.026419220780881783,-0.05937013178019461,0.11220857334195815,0.2904593735133494
284,0,1,0.26169668314489575,0.48044735559495144,True,1,current_joint,1,-0.036618130533169674,-0.13605837585645655,0.06282211479011718,0.18518688543613304
288,1,0,0.7511605014707504,0.5824804714021297,True,1,current_joint,1,-0.04603837201103448,-0.16482349273768254,0.07274674871561357,0.004640120746827181
294,1,1,0.8164796270017057,0.49031264913350026,True,1,current_joint,1,-0.1127679007032876,-0.28420261615758213,0.05866681475100688,-0.34951026332690505
318,0,0,0.6636540076542939,0.5705544669325786,True,1,current_joint,1,-0.04235917360334046,-0.12338581224184728,0.03866746503516634,-0.20199985734703257
319,1,1,0.8930296774091446,0.7555478412559756,True,1,current_joint,1,-0.09543992489137978,-0.20014628092347642,0.009266431140716819,0.04278373950332526
328,0,1,0.39432924248177276,0.18948303187203663,True,1,current_joint,1,0.045882203856617385,-0.030499342295374987,0.12226375000860973,0.10327243996857394
334,0,0,0.32003853805723764,0.2875355167491368,True,1,current_joint,1,-0.04782514071813421,-0.1382815343368985,0.04263125290063004,-0.1484375342195409
339,0,1,0.6907306329755005,0.5644583916735121,True,1,current_joint,1,-0.046296518754034226,-0.13314662687815076,0.040553589370082306,-0.04096418254395162
343,1,1,0.7122793784860058,0.5155210187085154,True,1,current_joint,1,-0.06916979282102441,-0.2727036512647371,0.1343640656226882,-0.252500407706424
346,0,0,0.4668878241550569,0.33951763988107997,True,1,current_joint,1,0.018808074461342795,-0.06697978382047257,0.10459593274315813,0.021257549177203516
347,0,1,0.20263826870260368,0.2637419376444213,True,1,current_joint,1,-0.15244532057622376,-0.23036833174025503,-0.0745223094121925,0.0718545920669893
349,0,1,0.7980010545149436,0.6771543356924604,True,1,current_joint,1,-0.09330432300334966,-0.20403991095311125,0.01743126494641188,0.03268878550218324
354,1,0,0.532805219686784,0.2924577715670299,True,1,current_joint,1,-0.06084073505535666,-0.16283838938700612,0.04115691927629278,-0.14297135067526034
357,1,1,0.6408274001124588,0.2999253159315922,True,1,current_joint,1,-0.10721798139640146,-0.2058005183737867,-0.00863544441901623,0.1013446835796018
360,1,0,0.3477877504865826,0.3387807653978252,True,1,current_joint,1,-0.08697396840376792,-0.269169647747876,0.0952217109403401,-0.20995476861796994
361,0,0,0.29661108176182654,0.23059339157774011,True,1,current_joint,1,-0.023724631230726944,-0.13764206452076228,0.09019280205930837,-0.0406445885166562
365,1,0,0.6049751553904226,0.2863717839207137,True,1,current_joint,1,-0.05401171441810555,-0.21805273466662622,0.1100293058304151,-0.3344524588585174
368,1,0,0.6849883638981021,0.32733973117530735,True,1,current_joint,1,-0.01973852601835937,-0.15786844653217902,0.11839139449546021,-0.05427466854280549
370,1,0,0.19790340240759838,0.10800260009836761,True,1,current_joint,1,-0.050681029951426745,-0.25048721268675855,0.14912515278390504,-0.11224918810400103
380,0,1,0.7471666727680591,0.4674264398886901,True,1,current_joint,1,-0.06874891659610917,-0.17861780902655688,0.041119975834338504,-0.4595323870462047
384,1,1,0.6900728481780237,0.5112597274821526,True,1,current_joint,1,0.010411574531588964,-0.08117114620609205,0.10199429526926994,0.0703099140074529
392,1,1,0.7956043945971023,0.7308406047876336,True,1,current_joint,1,-0.05950121738337767,-0.16323308760084426,0.04423065283408889,0.0859568948245617
398,0,1,0.3206138626697417,0.45685223927714724,True,1,current_joint,1,-0.012133388403512085,-0.12254595343158416,0.09827917662455997,-0.3498504475078327
409,0,0,0.18337791691798333,0.4439000770292082,True,1,current_joint,1,-0.053819115784943035,-0.20318899947995842,0.09555076791007233,0.14554265152238055
422,1,1,0.4374280553015159,0.34871246199525907,True,1,current_joint,1,0.011330061834062445,-0.15026193870784582,0.17292206237597066,0.04875396248008518
424,1,0,0.6770097302582416,0.7052642761137701,True,1,current_joint,1,-0.10678989573713957,-0.2385686102066592,0.02498881873238004,-0.411950972386599
431,1,1,0.4372491262168222,0.6279412483546116,True,1,current_joint,1,-0.09703818304911083,-0.2392883436160931,0.04521197751787143,-0.32665406706368566
433,0,0,0.10525170726096475,0.10427304962006238,True,1,current_joint,1,-0.1374609382902704,-0.2674442192448403,-0.007477657335700494,-0.03402153155820689
435,0,1,0.4409894527049854,0.6729711349557012,True,1,current_joint,1,-0.053562543805145725,-0.14299463898485637,0.0358695513745649,-0.10742312894197681
446,1,0,0.2790381570542702,0.16375999330593335,True,1,current_joint,1,-0.02258110204544876,-0.1660526238691838,0.12089041977828625,-0.06432527410523083
447,1,1,0.536835214889051,0.5503554221394807,True,1,current_joint,1,-0.019621235007852813,-0.1761329264365769,0.13689045642087122,0.034144994760945346
451,1,1,0.7690955084071955,0.6112206494377056,True,1,current_joint,1,-0.07050491267742559,-0.2193541395078616,0.07834431415301035,-0.17663563846118313
460,1,0,0.39094770965443404,0.27994469973743064,True,1,current_joint,1,-0.06759819231862112,-0.26236624741836645,0.1271698627811242,-0.15089969081385596
462,0,0,0.4757820881301206,0.3798226570352518,True,1,current_joint,1,0.02473436472698059,-0.1716317446209861,0.22110047407494726,-0.02877369342676961
465,0,1,0.4312755600906261,0.6491876730428766,True,1,current_joint,1,-0.04735411653596556,-0.12401794250188189,0.029309709429950752,-0.07352311822592295
467,0,0,0.2562069965782711,0.26684038260745196,True,1,current_joint,1,-0.12516901735244754,-0.2767880359060488,0.026450001201153678,0.18109530692018136
468,1,0,0.44882293786932376,0.4590625162462623,True,1,current_joint,1,-0.03084304612004033,-0.1931592956240128,0.13147320338393212,-0.36394341785118856
474,0,0,0.4334979519869535,0.38280401600429703,True,1,current_joint,1,-0.04349799794870127,-0.17629163464145156,0.089295638744049,0.27024214191256124
478,1,0,0.5739982744039367,0.2947270948162633,True,1,current_joint,1,-0.06311934870475151,-0.1529116021346818,0.026672904725178748,-0.14113139488284232
481,0,1,0.5087083360409932,0.40825501741027925,True,1,current_joint,1,-0.07608833146353447,-0.21655716619269919,0.06438050326563022,0.24256774419822325
486,1,1,0.7441202307802978,0.6148549412893181,True,1,current_joint,1,-0.07253590938875204,-0.17428547670126893,0.029213657923764805,-0.6892153014395378
487,1,1,0.8467975192157075,0.5866738910251524,True,1,current_joint,1,-0.02739806596052357,-0.14877573389451917,0.093979601973472,-0.028156691615068175
498,0,0,0.3020648921646804,0.1979830251548477,True,1,current_joint,1,-0.10713089075822131,-0.2817108370380034,0.06744905552156079,-0.1062618189134249
503,0,0,0.3446948747805175,0.2658055219729751,True,1,current_joint,1,-0.031162788270363808,-0.12729239587888883,0.06496681933816117,-0.16728505428348134
507,1,1,0.8311033999506614,0.7945564212316646,True,1,current_joint,1,-0.041330071348809005,-0.13693961831005436,0.05427947561243632,-0.030854928811506976
508,0,0,0.5229332692489086,0.2601699446166555,True,1,current_joint,1,-0.15250695565249825,-0.2454237290023258,-0.05959018230267071,-0.05620972089686527
514,1,1,0.8270038617254091,0.6943390637417084,True,1,current_joint,1,-0.05681245048411706,-0.21423165787298562,0.10060675690475146,-0.061478120138046544
526,0,0,0.15782593929996835,0.13044474411998602,True,1,current_joint,1,-0.0016667269633493013,-0.1337608878265371,0.1304274338998385,0.020299231269924375
528,1,1,0.6647472925894883,0.7352516088728809,True,1,current_joint,1,0.008777009394352964,-0.0845870941782521,0.10214111296695802,-0.3151680255715663
532,1,0,0.5659465902283147,0.4305883970188177,True,1,current_joint,1,-0.15093159375841006,-0.29602127839701575,-0.005841909119804395,-0.5334643262344162
534,0,1,0.6356185713393279,0.49570608184298615,True,1,current_joint,1,0.07756422777308987,-0.07090391844581372,0.22603237399199344,0.13543398492073888
535,0,0,0.6385549390569282,0.3491581541021244,True,1,current_joint,1,-0.04191005421137616,-0.14043499813492286,0.056614889712170526,0.03704061610492676
538,1,0,0.7165422603028302,0.5565385298635452,True,1,current_joint,1,0.0005821521238077057,-0.17237258518124082,0.1735368894288562,-0.06212851278558973
539,0,1,0.3919352408994978,0.39807883890515544,True,1,current_joint,1,-0.05696390114460047,-0.31016228229419424,0.19623448000499316,-0.11126006308263126
546,0,0,0.30246911548946265,0.1674140399970113,True,1,current_joint,1,-0.06786181069047534,-0.23143257862429825,0.09570895724334755,-0.06620608679353736
549,1,0,0.737809295603759,0.4018100071172399,True,1,current_joint,1,-0.04137326210460448,-0.1876756735356971,0.10492914932648809,-0.22605679180368443
550,0,0,0.22968620364065134,0.12507868829739605,True,1,current_joint,1,-0.11075567759475628,-0.24507531025383084,0.02356395506431823,-0.08381602753461014
552,1,0,0.5131292585651384,0.19044531066663345,True,1,current_joint,1,-0.07504204771065122,-0.16141758424871488,0.011333488827412419,0.08753892270289004
559,1,0,0.6085123450001269,0.405681505096466,True,1,current_joint,1,-0.060530004137185026,-0.1718415411874321,0.05078153291306206,-0.36576085048430995
560,1,1,0.8655555287273489,0.6294406160354643,True,1,current_joint,1,-0.06252872109905347,-0.19667243988014002,0.07161499768203303,-0.06469990771798673
561,1,0,0.6004522932294956,0.25193874811218325,True,1,current_joint,1,-0.014158110118076338,-0.11331967229569978,0.08500345205954707,-0.14847635272894044
563,0,0,0.34977696900330585,0.3001244011940171,True,1,current_joint,1,-0.10942829835524345,-0.21361446944645712,-0.005242127264029783,0.08723419972137467
568,1,1,0.8420165704415828,0.7241993149028411,True,1,current_joint,1,-0.17351859989569754,-0.2548474832884405,-0.09218971650295461,-0.11006768648138565
569,0,1,0.6204165780663479,0.649966418468412,True,1,current_joint,1,-0.11154034888665493,-0.2772440619503096,0.05416336417699971,-0.03506472883281053
578,0,0,0.528449166106585,0.541129455632692,True,1,current_joint,1,-0.023523586913961916,-0.11358619909279051,0.06653902526486666,-0.1661069213092291
584,1,0,0.4835230499831929,0.6086690571475216,True,1,current_joint,1,0.057987301031826526,-0.08540526529632261,0.20137986735997565,-0.18620539681394355
588,1,1,0.6950874683394853,0.6067692377764136,True,1,current_joint,1,-0.0205838419061707,-0.09697237153965783,0.05580468772731642,0.05151712594740754
594,0,1,0.3845124638174599,0.20204826370818607,True,1,current_joint,1,-0.10374168962717048,-0.24610132976455107,0.03861795051021008,-0.1845762402931477
599,0,1,0.5139276407168637,0.3069862927665871,True,1,current_joint,1,-0.002338564602629386,-0.18480137587730872,0.18012424667204993,-0.017020805613165407
603,1,1,0.8760250372770755,0.7245136388321798,True,1,current_joint,1,-0.12705381677744582,-0.22964615476276756,-0.024461478792124083,-0.4064471216929251
606,0,1,0.21922940776003394,0.3608687382193187,True,1,current_joint,1,0.02245360961087528,-0.07835189585463805,0.12325911507638859,-0.0810499975355446
607,0,0,0.2306889141131686,0.41349980578355594,True,1,current_joint,1,-0.05695095264168474,-0.27162871438611935,0.15772680910274983,-0.20262165996000597
609,0,1,0.2303519206028594,0.1661800464978828,True,1,current_joint,1,0.024681064038627094,-0.19916986364685427,0.24853199172410842,-0.17815202596793825
614,1,1,0.6467946600933504,0.454149402724382,True,1,current_joint,1,-0.12918465472986573,-0.21958616658140298,-0.038783142878328514,0.13800989485438941
617,1,0,0.6802572666640975,0.691208308706228,True,1,current_joint,1,-0.07869130420815104,-0.22168053739372548,0.06429792897742337,-0.32977963417948597
621,1,1,0.627291255719527,0.643934722388693,True,1,current_joint,1,-0.1135378463965309,-0.24359712992476007,0.01652143713169825,-0.10300534475910206
626,1,0,0.474501537217078,0.16437460061425205,True,1,current_joint,1,-0.08006867982501686,-0.2740551952295214,0.11391783557948762,-0.14734105843629364
638,1,0,0.2748012559824055,0.1239220657092472,True,1,current_joint,1,-0.0672644361798597,-0.18591350494118108,0.05138463258146167,-0.028967779075204383
648,1,1,0.5446984576494674,0.4969151883647077,True,1,current_joint,1,-0.0860464901599847,-0.17512238978019176,0.003029409460222357,0.22657797391420198
651,1,0,0.7414638822974168,0.20735604282143721,True,1,current_joint,1,-0.13277273941373283,-0.2801327989034962,0.014587320076030502,0.14285091672279376
656,0,0,0.28204662460451924,0.4366149382471533,True,1,current_joint,1,-0.022352804967710808,-0.15883656850217528,0.11413095856675365,0.008071797181922913
662,0,0,0.6929571721037661,0.5688028871898342,True,1,current_joint,1,-0.03793865479230544,-0.20860554530202,0.13272823571740908,0.12090442381375327
663,1,1,0.6304851473044282,0.5835748670106308,True,1,current_joint,1,-0.04314300575333776,-0.13376180037435687,0.04747578886768133,-0.0006267839972746714
676,1,0,0.4599439184764482,0.29878782114157487,True,1,current_joint,1,-0.032358595511664964,-0.18639615644228064,0.12167896541895067,0.288078314021742
680,1,0,0.6829703748258147,0.11385594636738014,True,1,current_joint,1,0.030651622909228755,-0.11211803784767611,0.1734212836661336,-0.21676132704337042
684,0,0,0.5697406984360188,0.19983185070397666,True,1,current_joint,1,-0.06142087070307306,-0.14400168166932442,0.02115994026317826,-0.09365228131014089
689,1,1,0.8868225930045658,0.8706173422583725,True,1,current_joint,1,-0.10141567000718855,-0.19386068261136663,-0.008970657403010493,0.028437736123359203
707,1,0,0.3095601577041158,0.16574517487960455,True,1,current_joint,1,-0.10233992184645378,-0.31064393633222404,0.1059640926393164,-0.18261274863827542
708,0,0,0.38944180681518387,0.31109833854695346,True,1,current_joint,1,-0.05563947478308256,-0.22511661873469307,0.11383766916852792,-0.3033594815556778
712,0,0,0.22671743720630477,0.39916050095370287,True,1,current_joint,1,0.090831342798096,-0.029939206655958853,0.21160189225215081,0.20262182932038472
713,0,1,0.4479973834356069,0.7899673126686212,True,1,current_joint,1,0.030971737836554034,-0.20754982307022218,0.2694932987433302,0.18351149860665072
723,1,1,0.8791019779208326,0.6312407840166131,True,1,current_joint,1,0.14329447107571766,0.000292682896983365,0.2862962592544519,-0.013981278819158116
735,1,1,0.7869431386479372,0.5368141960979033,True,1,current_joint,1,-0.025297615722031156,-0.18611404029426565,0.13551880885020332,0.2892291597635016
739,0,1,0.16567925131260422,0.3625667250095327,True,1,current_joint,1,-0.03040732610715985,-0.25453627098304277,0.19372161876872301,0.04653584065128688
743,1,0,0.6338297786120288,0.6070901283292623,True,1,current_joint,1,-0.05693324529817392,-0.2317842731507895,0.11791778255444163,-0.3588049137290085
744,0,0,0.2696157041235064,0.15264458849958287,True,1,current_joint,1,-0.10640744795707352,-0.262722035233859,0.04990713931971194,0.00043827428651807554
752,1,0,0.6647472925894883,0.7208329462562315,True,1,current_joint,1,0.011007623536915853,-0.11775561565368999,0.13977086272752165,-0.048624029853681416
760,1,1,0.7134555858731084,0.792566241366111,True,1,current_joint,1,-0.09655905820485887,-0.19851404777794512,0.005395931368227344,-0.1049719012824385
773,1,1,0.8386940353384825,0.852870223315683,True,1,current_joint,1,3.931606905993807e-05,-0.1483056793921386,0.1483843115302584,-0.05078761983714952
776,0,0,0.3345234242308092,0.20533773166060534,True,1,current_joint,1,0.02702549001535319,-0.1520702746637202,0.20612125469442655,0.11215936655437345
779,0,0,0.3257453007133764,0.22754313436062862,True,1,current_joint,1,-0.13165720119015434,-0.28082069643898744,0.017506294058678762,0.2102850669914252
781,1,1,0.6832939038423603,0.63754694937672,True,1,current_joint,1,-0.036182534612467065,-0.27115280126323404,0.19878773203829983,0.031273744586730046
782,1,0,0.7648701537663227,0.4641424883295498,True,1,current_joint,1,0.02429460713702935,-0.10569771665618191,0.1542869309302406,-0.27881971225762575
783,0,0,0.12172989379204215,0.3168675055683017,True,1,current_joint,1,0.00028631082958722933,-0.0932325484763261,0.09380517013550055,0.11768093960974968
798,1,1,0.5742961575804171,0.7338549270059888,True,1,current_joint,1,0.016932256755656464,-0.1612766510586681,0.19514116456998096,-0.012829595656138837
822,0,0,0.7417980053932205,0.6367950734915155,True,1,current_joint,1,0.04144826448009336,-0.103270558044803,0.18616708700498968,0.15687867128973654
827,0,1,0.264977865904604,0.5063020143310597,True,1,current_joint,1,-0.09438343233382196,-0.2805768254263408,0.09180996075869688,-0.47170840662307595
839,0,0,0.4808888128545494,0.1562570180525887,True,1,current_joint,1,-0.14154611327445,-0.28294690082025975,-0.00014532572864026094,-0.082870305049013
845,1,1,0.7067711150558171,0.505484558588421,True,1,current_joint,1,0.06162414705781831,-0.03413689309885537,0.15738518721449196,-0.054967122143437575
848,0,0,0.1666158023279128,0.2015602546752192,True,1,current_joint,1,0.04954849278903357,-0.16054973612901854,0.25964672170708564,0.0857810802170664
859,1,1,0.6849906428774399,0.6769103292049636,True,1,current_joint,1,-0.07268212750958154,-0.27432066733351346,0.12895641231435034,0.10091643251497262
868,1,0,0.3082583807209731,0.1535068027524439,True,1,current_joint,1,-0.08134595717345226,-0.1930929888576261,0.030401074510721562,-0.03768758335333155
875,1,1,0.25333963387393715,0.20708796308982624,True,1,current_joint,1,0.05441089194477781,-0.13110076479278196,0.2399225486823375,0.2750351541256375
892,0,0,0.6313698695873204,0.23382463068565157,True,1,current_joint,1,-0.053525225137642754,-0.17242108694626085,0.06537063667097533,-0.4218944972490402
893,0,1,0.45589257876268896,0.39302832109664,True,1,current_joint,1,-0.10665374981808289,-0.25766131665008996,0.04435381701392414,-0.13899119129057289
898,1,1,0.49462645872228006,0.3547315126470555,True,1,current_joint,1,-0.09193227226919472,-0.24230493497323696,0.058440390434847486,0.11489019733853345
908,1,1,0.59795154629418,0.5465323047791424,True,1,current_joint,1,0.014303096943105893,-0.14609934177736797,0.17470553566357971,0.2700079153490359
913,0,0,0.4590740424682504,0.15303561997525103,True,1,current_joint,1,0.06645976694470311,-0.014420540406445997,0.1473400742958522,0.5763362625455206
915,1,1,0.8444617337210738,0.7902472579186703,True,1,current_joint,1,0.06440254258945885,-0.06927480470727079,0.19807988988618846,-0.10460704553612188
924,0,1,0.11064807383603614,0.35875496457481376,True,1,current_joint,1,-0.034137819901260996,-0.18237341497304052,0.1140977751705185,-0.03518580558050255
929,1,0,0.6634216252210545,0.5571596280328351,True,1,current_joint,1,-0.06999826866552492,-0.2194689164180897,0.07947237908703983,-0.2246108655442407
934,0,0,0.17588820990102041,0.1479102128392838,True,1,current_joint,1,-0.07880106093267034,-0.18262804081865514,0.025025918953314435,-0.17923562100166213
955,1,1,0.7279935351733413,0.7193079523925068,True,1,current_joint,1,-0.09150687431822456,-0.20287182740021775,0.01985807876376859,-0.4074361291328243
960,1,1,0.516353381546526,0.48744897008899524,True,1,current_joint,1,0.026424427104180328,-0.14210180673963632,0.19495066094799696,0.30302428580824725
961,0,1,0.5952214322323915,0.2839526673389449,True,1,current_joint,1,0.02684245457952229,-0.13340604046317764,0.18709094962222217,-0.17386110854674186
967,0,0,0.7111062328377343,0.6026371727046967,True,1,current_joint,1,-0.0067034438877373835,-0.1489275449779181,0.1355206572024433,0.11315424130412288
976,0,0,0.22296580907529134,0.08518100874594803,True,1,current_joint,1,-0.12298106717829685,-0.24284092380316602,-0.0031212105534277196,-0.10435438224184548
977,1,0,0.8795089744048036,0.5493546289655924,True,1,current_joint,1,0.028845713721864875,-0.07323970790576204,0.13093113534949177,0.2172265382051104
980,1,1,0.7845093011134376,0.5285083827381312,True,1,current_joint,1,-0.09206492523009177,-0.21510418332917375,0.030974332868990165,-0.1328309937568829
986,1,0,0.6842931095653495,0.4407593834478375,True,1,current_joint,1,-0.06774729852120921,-0.17063115321730454,0.03513655617488609,-0.21930664730454208
987,0,0,0.4937146818591577,0.41011618555896223,True,1,current_joint,1,-0.019727742535794776,-0.14006555310722316,0.10061006803563358,0.16537846499403014
989,0,0,0.502114524477848,0.4557268144672463,True,1,current_joint,1,-0.08884060396887272,-0.1862169582591852,0.00853575032143973,-0.22553091570484401
5,1,1,0.6377114402121038,0.34254974755376194,True,1,current_joint,2,0.02633648487786479,-0.06452839002441006,0.11720135978013961,0.29544125881310984
12,0,1,0.40864594703941975,0.30002689738786964,True,1,current_joint,2,0.00286305379513087,-0.11843191177197397,0.12415801936223568,-0.1020346687031714
15,1,0,0.5202019068490832,0.11807387106554294,True,1,current_joint,2,-0.046493297984564454,-0.1354630128527792,0.042476416883650274,-0.003080297422145953
30,0,0,0.5746897562690604,0.24295906763714584,True,1,current_joint,2,-0.03641418461869569,-0.13550381766711175,0.06267544842972037,-0.15824629257148742
39,1,0,0.6048933776872666,0.3441516064005722,True,1,current_joint,2,-0.0545415396398155,-0.14819787368988496,0.03911479441025394,-0.0787740414269622
40,0,0,0.3543801765148926,0.35057432062020416,True,1,current_joint,2,0.004102942289526909,-0.15785189202024952,0.1660577765993033,0.060474988513839145
43,1,0,0.7309350546172592,0.38618933830050256,True,1,current_joint,2,-0.006685136354339206,-0.08446018337378394,0.07108991066510552,-0.19702180525731344
45,0,0,0.2877857978025763,0.3689753372039217,True,1,current_joint,2,-0.036906556551447645,-0.1244438603958614,0.050630747292966086,0.13139903885494988
48,1,1,0.4640558918721573,0.5888245392655549,True,1,current_joint,2,-0.09539067453730853,-0.21328458111260043,0.02250323203798335,-0.02351093248221392
63,1,0,0.493740643635318,0.20164355626544486,True,1,current_joint,2,-0.07939782409509087,-0.16411941428313298,0.005323766092951238,-0.08061850681857732
67,1,1,0.4135078007326209,0.532633707078535,True,1,current_joint,2,-0.09584064479492557,-0.2504085287941071,0.058727239204255904,-0.4040936263411786
69,0,0,0.46600337273861786,0.48630868982475617,True,1,current_joint,2,-0.1000399932037928,-0.2533258021741285,0.053245815766542845,-0.2535047085663173
72,1,0,0.5908011295185976,0.3649110295452353,True,1,current_joint,2,-0.08358657620601576,-0.16256509019970058,-0.004608062212330941,0.03393963416448598
75,1,0,0.8971971121686327,0.590906090484836,True,1,current_joint,2,0.08818317944510277,0.006804359419063585,0.16956199947114195,-0.21905044290968123
93,0,1,0.23435593073816172,0.3708737195266814,True,1,current_joint,2,-0.027311474677433938,-0.1126327305178382,0.05800978116297032,-0.24763340158643393
115,0,0,0.417662784829503,0.3560754401295836,True,1,current_joint,2,-0.07405996063659091,-0.17824610159253013,0.030126180319348272,-0.036066766855671034
116,0,1,0.2300810466125331,0.24524587329350514,True,1,current_joint,2,-0.11257992792981901,-0.19770617971615326,-0.027453676143484776,-0.014342061446469406
121,1,0,0.829551555662928,0.5644650903605791,True,1,current_joint,2,-0.06115243888578696,-0.16644881669147935,0.044143938919905396,-0.578150415838105
122,1,0,0.6628130336914178,0.16757719199669627,True,1,current_joint,2,-0.07110725511723591,-0.1642151442489328,0.022000634014460965,-0.1662835077113541
123,0,1,0.39744562120923743,0.39243083175848403,True,1,current_joint,2,-0.0035523796918229657,-0.1587046902662857,0.15159993088263976,0.03246765507545743
126,0,0,0.2904388139791195,0.3909132072928165,True,1,current_joint,2,-0.08551301985044543,-0.1630946353249842,-0.007931404375906698,-0.3010231687743369
130,0,0,0.26863216138852986,0.21849460988274513,True,1,current_joint,2,0.029873118201853677,-0.09151616072947623,0.15126239713318357,0.006309753656425152
137,0,0,0.19104229057139868,0.136704195001431,True,1,current_joint,2,0.009322903377276528,-0.13611117683248602,0.15475698358703907,-0.035394603233024145
145,1,0,0.4660143956373304,0.44212132263226617,True,1,current_joint,2,0.05017716396032856,-0.05561445356146625,0.15596878148212334,-0.33769143797714973
151,0,1,0.5191771574449675,0.4662585530143542,True,1,current_joint,2,-0.04430393715170411,-0.15321631123865947,0.06460843693525124,-0.31487008056515453
162,0,0,0.5856731783723788,0.5989655969474362,True,1,current_joint,2,-0.02563358248057855,-0.15526226876263405,0.10399510380147693,-0.1770906937214045
167,0,1,0.6272436550256896,0.707639467658466,True,1,current_joint,2,-0.027986349355187474,-0.1569920269077374,0.10101932819736241,0.060419762402974864
169,1,1,0.718421807752594,0.8744463758885973,True,1,current_joint,2,-0.0730844371244834,-0.21010533475732784,0.06393646050836102,-0.059438745764093026
180,1,1,0.8672668628184429,0.5657293381904667,True,1,current_joint,2,-0.12006170671990593,-0.26034142790292947,0.020218014463117523,0.07214620573564456
186,1,0,0.5911390146431826,0.5179879989770028,True,1,current_joint,2,-0.014490598665043087,-0.14755218386542984,0.1185709865353436,-0.34838730337294177
193,0,0,0.40023106047420476,0.1550758670471376,True,1,current_joint,2,-0.11419541242326299,-0.2749326588047426,0.04654183395821658,-0.07790570380726344
196,0,0,0.4779684453454312,0.4063942925546509,True,1,current_joint,2,0.008502530111760026,-0.12239799833223786,0.13940305855575788,0.18500422317417548
198,0,0,0.14587366590344183,0.3168318250125152,True,1,current_joint,2,-0.15505431255881702,-0.24593479105048816,-0.06417383406714593,-0.09796041668062988
205,1,1,0.889667935890094,0.4157414662695457,True,1,current_joint,2,-0.021190701398551018,-0.12728673443972477,0.08490533164262273,0.10039000345163385
208,1,1,0.37917397054309765,0.6227098092939151,True,1,current_joint,2,-0.0681357045335225,-0.18967886047010862,0.05340745140306359,-0.38364186382161225
211,0,0,0.231401125726331,0.22905857404779453,True,1,current_joint,2,0.011890831451988937,-0.09946267538496807,0.12324433828894592,0.039362356322426656
229,0,0,0.35491053100236486,0.18642819332391197,True,1,current_joint,2,-0.07924445525499345,-0.24429863783882877,0.0858097273288418,-0.0181111175885878
237,0,1,0.3187585270756577,0.6861105920384603,True,1,current_joint,2,0.047297444474326336,-0.1145382334170325,0.20913312236568515,0.014677238537030401
241,1,0,0.33880276994038705,0.4470269612145222,True,1,current_joint,2,-0.035261234633484864,-0.13039723386723417,0.05987476460026442,-0.2359562924134932
250,1,1,0.8428866494274864,0.703627059039757,True,1,current_joint,2,-0.01022789559385785,-0.10701710708937016,0.08656131590165443,-0.14381661120733635
254,0,1,0.20839292854203073,0.24099446092279211,True,1,current_joint,2,0.001516031209268865,-0.12081501604837479,0.1238470784669125,0.11029612787953566
261,0,0,0.25783316789758004,0.1812073244799295,True,1,current_joint,2,0.06003979740446246,-0.08645945044036327,0.20653904524928818,0.31285754382566056
264,1,1,0.5133701154893368,0.5783417591739412,True,1,current_joint,2,-0.05545286175459683,-0.15142993432421925,0.04052421081502557,0.10130985419071503
265,0,0,0.4673440107611287,0.3563794093146026,True,1,current_joint,2,-0.06290308135439514,-0.2045522661817447,0.07874610347295442,-0.19966649402570194
270,0,0,0.34874073775724557,0.20171397701955088,True,1,current_joint,2,-0.04688484757446505,-0.12489790838561138,0.03112821323668126,-0.05981133747776573
271,1,0,0.8208015211662028,0.8654343342544495,True,1,current_joint,2,-0.026561660119595636,-0.14376549657594198,0.09064217633675067,-0.027407061388611043
277,1,1,0.8458274757149049,0.5796784555469318,True,1,current_joint,2,-0.01614057914301681,-0.16557650947487423,0.1332953511888406,0.19707323380293573
282,0,0,0.4968539889905682,0.48950108386632263,True,1,current_joint,2,0.019034064551308936,-0.10920288989820917,0.147271019000827,0.2904593735133494
284,0,1,0.26169668314489575,0.48044735559495144,True,1,current_joint,2,0.0054803112850328834,-0.09779230659352364,0.1087529291635894,0.18518688543613304
288,1,0,0.7511605014707504,0.5824804714021297,True,1,current_joint,2,-0.011396653851703986,-0.12112072893572857,0.09832742123232056,0.004640120746827181
294,1,1,0.8164796270017057,0.49031264913350026,True,1,current_joint,2,-0.053092407991809226,-0.1514491551803691,0.045264339196750616,-0.34951026332690505
318,0,0,0.6636540076542939,0.5705544669325786,True,1,current_joint,2,-0.03636278507380594,-0.1327770273645837,0.060051457216971776,-0.20199985734703257
319,1,1,0.8930296774091446,0.7555478412559756,True,1,current_joint,2,-0.09791500417296863,-0.2120681992238494,0.01623819087791213,0.04278373950332526
328,0,1,0.39432924248177276,0.18948303187203663,True,1,current_joint,2,0.04825097454162324,-0.08444766333839646,0.1809496124216429,0.10327243996857394
334,0,0,0.32003853805723764,0.2875355167491368,True,1,current_joint,2,-0.09635346526617633,-0.18710469977609565,-0.005602230756257029,-0.1484375342195409
339,0,1,0.6907306329755005,0.5644583916735121,True,1,current_joint,2,-0.011323376611676672,-0.10678435564997028,0.08413760242661691,-0.04096418254395162
343,1,1,0.7122793784860058,0.5155210187085154,True,1,current_joint,2,-0.09456887157307929,-0.2662397752086476,0.07710203206248901,-0.252500407706424
346,0,0,0.4668878241550569,0.33951763988107997,True,1,current_joint,2,0.06487036368889408,-0.019845779987928178,0.14958650736571633,0.021257549177203516
347,0,1,0.20263826870260368,0.2637419376444213,True,1,current_joint,2,-0.10484376823858202,-0.1935979365067848,-0.01608959997037926,0.0718545920669893
349,0,1,0.7980010545149436,0.6771543356924604,True,1,current_joint,2,-0.046188271764430834,-0.11462668263066325,0.022250139101801562,0.03268878550218324
354,1,0,0.532805219686784,0.2924577715670299,True,1,current_joint,2,-0.034808056084125474,-0.12157115622400334,0.05195504405575238,-0.14297135067526034
357,1,1,0.6408274001124588,0.2999253159315922,True,1,current_joint,2,-0.054194692222058645,-0.14430868742193576,0.03591930297781846,0.1013446835796018
360,1,0,0.3477877504865826,0.3387807653978252,True,1,current_joint,2,-0.0567917353563522,-0.14288953566316623,0.02930606495046182,-0.20995476861796994
361,0,0,0.29661108176182654,0.23059339157774011,True,1,current_joint,2,0.0261946951498452,-0.0490708160179099,0.10146020631760028,-0.0406445885166562
365,1,0,0.6049751553904226,0.2863717839207137,True,1,current_joint,2,-0.08284832327139696,-0.17468256351747707,0.00898591697468315,-0.3344524588585174
368,1,0,0.6849883638981021,0.32733973117530735,True,1,current_joint,2,0.04866516637385262,-0.05698749385953104,0.15431782660723625,-0.05427466854280549
370,1,0,0.19790340240759838,0.10800260009836761,True,1,current_joint,2,-0.043682428491204545,-0.16609483203440262,0.07872997505199349,-0.11224918810400103
380,0,1,0.7471666727680591,0.4674264398886901,True,1,current_joint,2,-0.05327358105846839,-0.1785287026085589,0.07198154049162211,-0.4595323870462047
384,1,1,0.6900728481780237,0.5112597274821526,True,1,current_joint,2,0.02059480866106673,-0.13004949963515156,0.17123911695728497,0.0703099140074529
392,1,1,0.7956043945971023,0.7308406047876336,True,1,current_joint,2,-0.06436108022166238,-0.18776737949338362,0.05904521905005884,0.0859568948245617
398,0,1,0.3206138626697417,0.45685223927714724,True,1,current_joint,2,-0.008296536930054714,-0.12303861817607398,0.10644554431596454,-0.3498504475078327
409,0,0,0.18337791691798333,0.4439000770292082,True,1,current_joint,2,-0.07549445028480628,-0.2314135481821671,0.08042464761255452,0.14554265152238055
422,1,1,0.4374280553015159,0.34871246199525907,True,1,current_joint,2,0.04313835030992654,-0.16283656357666187,0.24911326419651492,0.04875396248008518
424,1,0,0.6770097302582416,0.7052642761137701,True,1,current_joint,2,-0.10885718979402086,-0.26924601264934983,0.051531633061308105,-0.411950972386599
431,1,1,0.4372491262168222,0.6279412483546116,True,1,current_joint,2,-0.07778442411950849,-0.21071654961729946,0.05514770137828244,-0.32665406706368566
433,0,0,0.10525170726096475,0.10427304962006238,True,1,current_joint,2,-0.12838708058668466,-0.23653412910052482,-0.020240032072844527,-0.03402153155820689
435,0,1,0.4409894527049854,0.6729711349557012,True,1,current_joint,2,-0.018659917645027092,-0.20150529041155324,0.164185455121499,-0.10742312894197681
446,1,0,0.2790381570542702,0.16375999330593335,True,1,current_joint,2,-0.030706182409299662,-0.13860319292265538,0.07719082810405603,-0.06432527410523083
447,1,1,0.536835214889051,0.5503554221394807,True,1,current_joint,2,0.037036371638258334,-0.0703774717681722,0.14445021504468886,0.034144994760945346
451,1,1,0.7690955084071955,0.6112206494377056,True,1,current_joint,2,-0.03529568036651679,-0.12813043265513263,0.05753907192209904,-0.17663563846118313
460,1,0,0.39094770965443404,0.27994469973743064,True,1,current_joint,2,-0.05051998460053044,-0.1439194892723059,0.04287952007124501,-0.15089969081385596
462,0,0,0.4757820881301206,0.3798226570352518,True,1,current_joint,2,0.01987581948414064,-0.08318632423011632,0.12293796319839759,-0.02877369342676961
465,0,1,0.4312755600906261,0.6491876730428766,True,1,current_joint,2,-0.03550753194251041,-0.16169045661879042,0.09067539273376957,-0.07352311822592295
467,0,0,0.2562069965782711,0.26684038260745196,True,1,current_joint,2,-0.06694185751169017,-0.14679872356905851,0.012915008545678161,0.18109530692018136
468,1,0,0.44882293786932376,0.4590625162462623,True,1,current_joint,2,0.02001881822711279,-0.1061338957238408,0.14617153217806636,-0.36394341785118856
474,0,0,0.4334979519869535,0.38280401600429703,True,1,current_joint,2,-0.037362424504228574,-0.2094102713613337,0.1346854223528765,0.27024214191256124
478,1,0,0.5739982744039367,0.2947270948162633,True,1,current_joint,2,-0.03286870005013074,-0.17769671282441246,0.11195931272415097,-0.14113139488284232
481,0,1,0.5087083360409932,0.40825501741027925,True,1,current_joint,2,-0.020215049036041172,-0.15204638263086587,0.11161628455878349,0.24256774419822325
486,1,1,0.7441202307802978,0.6148549412893181,True,1,current_joint,2,-0.03497941833987654,-0.11186502350021994,0.041906186820466845,-0.6892153014395378
487,1,1,0.8467975192157075,0.5866738910251524,True,1,current_joint,2,-0.012065909921544438,-0.10829475024614997,0.08416293040306107,-0.028156691615068175
498,0,0,0.3020648921646804,0.1979830251548477,True,1,current_joint,2,-0.12439006645136716,-0.22881450384516877,-0.019965629057565562,-0.1062618189134249
503,0,0,0.3446948747805175,0.2658055219729751,True,1,current_joint,2,-0.005418963519337152,-0.14844340923937585,0.13760548220070148,-0.16728505428348134
507,1,1,0.8311033999506614,0.7945564212316646,True,1,current_joint,2,-0.004822828187034889,-0.08486550487586537,0.07521984850179557,-0.030854928811506976
508,0,0,0.5229332692489086,0.2601699446166555,True,1,current_joint,2,-0.12662501411059915,-0.2544233375430547,0.0011733093218563861,-0.05620972089686527
514,1,1,0.8270038617254091,0.6943390637417084,True,1,current_joint,2,-0.012573323771308095,-0.09663183035839,0.07148518281577378,-0.061478120138046544
526,0,0,0.15782593929996835,0.13044474411998602,True,1,current_joint,2,0.022605861383213556,-0.16316622444229037,0.2083779472087174,0.020299231269924375
528,1,1,0.6647472925894883,0.7352516088728809,True,1,current_joint,2,0.030499205095417908,-0.13441684325954434,0.19541525345038008,-0.3151680255715663
532,1,0,0.5659465902283147,0.4305883970188177,True,1,current_joint,2,-0.10583528301711774,-0.2074378284768701,-0.004232737557365432,-0.5334643262344162
534,0,1,0.6356185713393279,0.49570608184298615,True,1,current_joint,2,0.0767147329401815,0.002702532517050077,0.1507269333633129,0.13543398492073888
535,0,0,0.6385549390569282,0.3491581541021244,True,1,current_joint,2,0.006741347842988977,-0.17512418507743846,0.18860688076341636,0.03704061610492676
538,1,0,0.7165422603028302,0.5565385298635452,True,1,current_joint,2,0.009122729614489553,-0.2036330451908625,0.22187850441984158,-0.06212851278558973
539,0,1,0.3919352408994978,0.39807883890515544,True,1,current_joint,2,-0.03788232730905315,-0.1621323126828022,0.08636765806469589,-0.11126006308263126
546,0,0,0.30246911548946265,0.1674140399970113,True,1,current_joint,2,-0.038534744742497865,-0.12632957196961403,0.04926008248461829,-0.06620608679353736
549,1,0,0.737809295603759,0.4018100071172399,True,1,current_joint,2,-0.035931982537780835,-0.1676743935522324,0.09581042847667072,-0.22605679180368443
550,0,0,0.22968620364065134,0.12507868829739605,True,1,current_joint,2,-0.11554140043279118,-0.18855044119008654,-0.04253235967549583,-0.08381602753461014
552,1,0,0.5131292585651384,0.19044531066663345,True,1,current_joint,2,-0.02076042080753719,-0.10375692619910182,0.06223608458402742,0.08753892270289004
559,1,0,0.6085123450001269,0.405681505096466,True,1,current_joint,2,-0.021391773795105474,-0.11906690782822045,0.07628336023800948,-0.36576085048430995
560,1,1,0.8655555287273489,0.6294406160354643,True,1,current_joint,2,-0.05127046392895095,-0.17883584272867056,0.07629491487076862,-0.06469990771798673
561,1,0,0.6004522932294956,0.25193874811218325,True,1,current_joint,2,0.01303355502237442,-0.12645902866735667,0.15252613871210546,-0.14847635272894044
563,0,0,0.34977696900330585,0.3001244011940171,True,1,current_joint,2,-0.0922536931115718,-0.1673444766280718,-0.01716290959507183,0.08723419972137467
568,1,1,0.8420165704415828,0.7241993149028411,True,1,current_joint,2,-0.17141962110792358,-0.3543199069966763,0.011480664780829097,-0.11006768648138565
569,0,1,0.6204165780663479,0.649966418468412,True,1,current_joint,2,-0.08068356005822892,-0.23010126638777612,0.06873414627131826,-0.03506472883281053
578,0,0,0.528449166106585,0.541129455632692,True,1,current_joint,2,-0.04767946741981582,-0.14705796425275752,0.05169902941312588,-0.1661069213092291
584,1,0,0.4835230499831929,0.6086690571475216,True,1,current_joint,2,0.05062315888855992,-0.049446028117656846,0.15069234589477667,-0.18620539681394355
588,1,1,0.6950874683394853,0.6067692377764136,True,1,current_joint,2,-0.0006664457962904399,-0.12947157163542794,0.12813868004284704,0.05151712594740754
594,0,1,0.3845124638174599,0.20204826370818607,True,1,current_joint,2,-0.061674783217688794,-0.16402058507741463,0.040671018642037024,-0.1845762402931477
599,0,1,0.5139276407168637,0.3069862927665871,True,1,current_joint,2,-0.021523471497585066,-0.13007872194460574,0.08703177894943559,-0.017020805613165407
603,1,1,0.8760250372770755,0.7245136388321798,True,1,current_joint,2,-0.07832155035999394,-0.2141311448512334,0.0574880441312455,-0.4064471216929251
606,0,1,0.21922940776003394,0.3608687382193187,True,1,current_joint,2,-0.014654166311578534,-0.12882686831007337,0.09951853568691627,-0.0810499975355446
607,0,0,0.2306889141131686,0.41349980578355594,True,1,current_joint,2,-0.047133210175248595,-0.14665551671481425,0.05238909636431704,-0.20262165996000597
609,0,1,0.2303519206028594,0.1661800464978828,True,1,current_joint,2,0.006715062131196538,-0.07989706998834491,0.09332719425073796,-0.17815202596793825
614,1,1,0.6467946600933504,0.454149402724382,True,1,current_joint,2,-0.11604691949322403,-0.2244315244051691,-0.007662314581278987,0.13800989485438941
617,1,0,0.6802572666640975,0.691208308706228,True,1,current_joint,2,-0.12565287683108198,-0.2707478820414976,0.019442128379333595,-0.32977963417948597
621,1,1,0.627291255719527,0.643934722388693,True,1,current_joint,2,-0.05604054869529506,-0.13421532658345015,0.022134229192860018,-0.10300534475910206
626,1,0,0.474501537217078,0.16437460061425205,True,1,current_joint,2,-0.04325888900376523,-0.13462482755217092,0.04810704954464046,-0.14734105843629364
638,1,0,0.2748012559824055,0.1239220657092472,True,1,current_joint,2,-0.0461771717674731,-0.12078070681155258,0.02842636327660636,-0.028967779075204383
648,1,1,0.5446984576494674,0.4969151883647077,True,1,current_joint,2,-0.04224731812355735,-0.1687024212449767,0.08420778499786195,0.22657797391420198
651,1,0,0.7414638822974168,0.20735604282143721,True,1,current_joint,2,-0.09536345987328973,-0.21108801240704272,0.02036109266046325,0.14285091672279376
656,0,0,0.28204662460451924,0.4366149382471533,True,1,current_joint,2,-0.04817834381791454,-0.20495421267424357,0.10859752503841445,0.008071797181922913
662,0,0,0.6929571721037661,0.5688028871898342,True,1,current_joint,2,-0.023479939708935253,-0.19258698406573327,0.14562710464786274,0.12090442381375327
663,1,1,0.6304851473044282,0.5835748670106308,True,1,current_joint,2,-0.026175407216713457,-0.16649711270456335,0.1141462982711364,-0.0006267839972746714
676,1,0,0.4599439184764482,0.29878782114157487,True,1,current_joint,2,-0.06019604853402041,-0.19293455807862697,0.07254246101058612,0.288078314021742
680,1,0,0.6829703748258147,0.11385594636738014,True,1,current_joint,2,0.06510125218121937,-0.0335634199803579,0.16376592434279663,-0.21676132704337042
684,0,0,0.5697406984360188,0.19983185070397666,True,1,current_joint,2,-0.002355561615517197,-0.13565164332049054,0.1309405200894561,-0.09365228131014089
689,1,1,0.8868225930045658,0.8706173422583725,True,1,current_joint,2,-0.0743781686045885,-0.1677072938966554,0.0189509566874784,0.028437736123359203
707,1,0,0.3095601577041158,0.16574517487960455,True,1,current_joint,2,-0.06510320980837281,-0.15283889790103813,0.02263247828429249,-0.18261274863827542
708,0,0,0.38944180681518387,0.31109833854695346,True,1,current_joint,2,-0.034306596827093284,-0.17994736581733625,0.11133417216314964,-0.3033594815556778
712,0,0,0.22671743720630477,0.39916050095370287,True,1,current_joint,2,0.03805119703405935,-0.08398029016077194,0.1600826842288906,0.20262182932038472
713,0,1,0.4479973834356069,0.7899673126686212,True,1,current_joint,2,0.02952689910209924,-0.08258428270609436,0.1416380809102928,0.18351149860665072
723,1,1,0.8791019779208326,0.6312407840166131,True,1,current_joint,2,0.11884245856418091,0.00962595349857956,0.22805896362978223,-0.013981278819158116
735,1,1,0.7869431386479372,0.5368141960979033,True,1,current_joint,2,-0.007059576781075247,-0.14251495427063343,0.12839580070848292,0.2892291597635016
739,0,1,0.16567925131260422,0.3625667250095327,True,1,current_joint,2,0.0024937905682690595,-0.08030537357692971,0.08529295471346782,0.04653584065128688
743,1,0,0.6338297786120288,0.6070901283292623,True,1,current_joint,2,-0.03691859791413547,-0.16425316184588074,0.09041596601760975,-0.3588049137290085
744,0,0,0.2696157041235064,0.15264458849958287,True,1,current_joint,2,-0.05129889713456341,-0.175006715121794,0.07240892085266716,0.00043827428651807554
752,1,0,0.6647472925894883,0.7208329462562315,True,1,current_joint,2,0.02998641232803393,-0.14815243811010323,0.20812526276617102,-0.048624029853681416
760,1,1,0.7134555858731084,0.792566241366111,True,1,current_joint,2,-0.07228145712094625,-0.17146436829387357,0.02690145405198105,-0.1049719012824385
773,1,1,0.8386940353384825,0.852870223315683,True,1,current_joint,2,-0.011691961079215293,-0.1548707818985128,0.13148685974008217,-0.05078761983714952
776,0,0,0.3345234242308092,0.20533773166060534,True,1,current_joint,2,0.024353201748868094,-0.10674827473168652,0.1554546782294227,0.11215936655437345
779,0,0,0.3257453007133764,0.22754313436062862,True,1,current_joint,2,-0.09698508021716568,-0.19718938841860828,0.003219227984276929,0.2102850669914252
781,1,1,0.6832939038423603,0.63754694937672,True,1,current_joint,2,-0.033429564089968285,-0.13194967272778169,0.0650905445478451,0.031273744586730046
782,1,0,0.7648701537663227,0.4641424883295498,True,1,current_joint,2,0.02772429291411606,-0.10193187423410353,0.15738046006233564,-0.27881971225762575
783,0,0,0.12172989379204215,0.3168675055683017,True,1,current_joint,2,-0.0017698718920958433,-0.2075810024810119,0.20404125869682016,0.11768093960974968
798,1,1,0.5742961575804171,0.7338549270059888,True,1,current_joint,2,0.024159013862076077,-0.13340111041999092,0.18171913814414306,-0.012829595656138837
822,0,0,0.7417980053932205,0.6367950734915155,True,1,current_joint,2,0.04539255592978902,-0.0957032132216723,0.18648832508125032,0.15687867128973654
827,0,1,0.264977865904604,0.5063020143310597,True,1,current_joint,2,-0.10220057102574362,-0.2260007668786177,0.021599624827130418,-0.47170840662307595
839,0,0,0.4808888128545494,0.1562570180525887,True,1,current_joint,2,-0.09255866527858245,-0.20413245323642798,0.019015122679263072,-0.082870305049013
845,1,1,0.7067711150558171,0.505484558588421,True,1,current_joint,2,0.06475134482178423,-0.07598692943592657,0.20548961907949498,-0.054967122143437575
848,0,0,0.1666158023279128,0.2015602546752192,True,1,current_joint,2,0.006079459457385762,-0.09493557477306747,0.10709449368783898,0.0857810802170664
859,1,1,0.6849906428774399,0.6769103292049636,True,1,current_joint,2,-0.09940772342390944,-0.27002633476024235,0.07121088791242342,0.10091643251497262
868,1,0,0.3082583807209731,0.1535068027524439,True,1,current_joint,2,-0.05496239522095408,-0.16673393584268928,0.0568091454007811,-0.03768758335333155
875,1,1,0.25333963387393715,0.20708796308982624,True,1,current_joint,2,0.05950036119958848,-0.07176741230579373,0.19076813470497067,0.2750351541256375
892,0,0,0.6313698695873204,0.23382463068565157,True,1,current_joint,2,-0.001580007781841341,-0.17640066201935276,0.17324064645567006,-0.4218944972490402
893,0,1,0.45589257876268896,0.39302832109664,True,1,current_joint,2,-0.05392611109322213,-0.17519904579002135,0.06734682360357705,-0.13899119129057289
898,1,1,0.49462645872228006,0.3547315126470555,True,1,current_joint,2,-0.03561915251826994,-0.13654643450570014,0.06530812946916023,0.11489019733853345
908,1,1,0.59795154629418,0.5465323047791424,True,1,current_joint,2,0.03802562947417153,-0.058178155531579456,0.13422941447992248,0.2700079153490359
913,0,0,0.4590740424682504,0.15303561997525103,True,1,current_joint,2,0.0790767904754006,-0.023814428797833534,0.1819680097486347,0.5763362625455206
915,1,1,0.8444617337210738,0.7902472579186703,True,1,current_joint,2,0.09160532812873569,-0.04743377646646406,0.23064443272393542,-0.10460704553612188
924,0,1,0.11064807383603614,0.35875496457481376,True,1,current_joint,2,-0.020856760673407766,-0.17825864135300604,0.13654512000619046,-0.03518580558050255
929,1,0,0.6634216252210545,0.5571596280328351,True,1,current_joint,2,-0.05178229398960679,-0.14090969271824885,0.03734510473903524,-0.2246108655442407
934,0,0,0.17588820990102041,0.1479102128392838,True,1,current_joint,2,-0.09356031610248726,-0.17931948233019387,-0.007801149874780658,-0.17923562100166213
955,1,1,0.7279935351733413,0.7193079523925068,True,1,current_joint,2,-0.028852213259868163,-0.14472147760766912,0.08701705108793276,-0.4074361291328243
960,1,1,0.516353381546526,0.48744897008899524,True,1,current_joint,2,0.028558973136400517,-0.10410270243839387,0.16122064871119487,0.30302428580824725
961,0,1,0.5952214322323915,0.2839526673389449,True,1,current_joint,2,0.03086052272532971,-0.04670643908053633,0.10842748453119574,-0.17386110854674186
967,0,0,0.7111062328377343,0.6026371727046967,True,1,current_joint,2,0.0025566350850514258,-0.16577719740750219,0.170890467577605,0.11315424130412288
976,0,0,0.22296580907529134,0.08518100874594803,True,1,current_joint,2,-0.06633751169668815,-0.1910072191226002,0.058332195729223865,-0.10435438224184548
977,1,0,0.8795089744048036,0.5493546289655924,True,1,current_joint,2,0.05356142260264011,-0.02818592440891745,0.13530876961419763,0.2172265382051104
980,1,1,0.7845093011134376,0.5285083827381312,True,1,current_joint,2,-0.07255848840116791,-0.19070054482212906,0.04558356801979323,-0.1328309937568829
986,1,0,0.6842931095653495,0.4407593834478375,True,1,current_joint,2,-0.024683881173720657,-0.14127631598706294,0.09190855363962161,-0.21930664730454208
987,0,0,0.4937146818591577,0.41011618555896223,True,1,current_joint,2,-0.005174344649457307,-0.13560976214889225,0.12526107284997756,0.16537846499403014
989,0,0,0.502114524477848,0.4557268144672463,True,1,current_joint,2,-0.02586586150250986,-0.12257074926618587,0.07083902626116613,-0.22553091570484401
5,1,1,0.6377114402121038,0.34254974755376194,True,1,llm_adjudication,0,0.13140659072431668,0.04096337264783566,0.2218498088007977,0.29544125881310984
12,0,1,0.40864594703941975,0.30002689738786964,True,1,llm_adjudication,0,0.001832347715876345,-0.12783783539882088,0.1315025308305735,-0.1020346687031714
15,1,0,0.5202019068490832,0.11807387106554294,True,1,llm_adjudication,0,-0.07666635512018419,-0.16492184034712853,0.011589130106760118,-0.003080297422145953
30,0,0,0.5746897562690604,0.24295906763714584,True,1,llm_adjudication,0,-0.09234039562425629,-0.2326398879947883,0.0479590967462757,-0.15824629257148742
39,1,0,0.6048933776872666,0.3441516064005722,True,1,llm_adjudication,0,-0.09460131464216562,-0.3325382348839149,0.1433356055995836,-0.0787740414269622
40,0,0,0.3543801765148926,0.35057432062020416,True,1,llm_adjudication,0,-0.0025233352558787178,-0.21223651370322405,0.20718984319146658,0.060474988513839145
43,1,0,0.7309350546172592,0.38618933830050256,True,1,llm_adjudication,0,-0.016527610367315447,-0.13990881462798382,0.10685359389335289,-0.19702180525731344
45,0,0,0.2877857978025763,0.3689753372039217,True,1,llm_adjudication,0,0.015484298726169406,-0.08283511585256517,0.11380371330490396,0.13139903885494988
48,1,1,0.4640558918721573,0.5888245392655549,True,1,llm_adjudication,0,-0.19414400928742556,-0.27993873227232735,-0.10834928630252376,-0.02351093248221392
63,1,0,0.493740643635318,0.20164355626544486,True,1,llm_adjudication,0,-0.15678604165090576,-0.24414114302603968,-0.06943094027577187,-0.08061850681857732
67,1,1,0.4135078007326209,0.532633707078535,True,1,llm_adjudication,0,-0.11247663132157845,-0.3282524595278732,0.10329919688471623,-0.4040936263411786
69,0,0,0.46600337273861786,0.48630868982475617,True,1,llm_adjudication,0,-0.12462596739332632,-0.30745743472950327,0.058205499942850625,-0.2535047085663173
72,1,0,0.5908011295185976,0.3649110295452353,True,1,llm_adjudication,0,-0.14216645720264176,-0.2968954908637902,0.012562576458506641,0.03393963416448598
75,1,0,0.8971971121686327,0.590906090484836,True,1,llm_adjudication,0,0.09941163979225039,-0.021175931432654074,0.21999921101715483,-0.21905044290968123
93,0,1,0.23435593073816172,0.3708737195266814,True,1,llm_adjudication,0,-0.107685727214834,-0.19298261498616154,-0.02238883944350649,-0.24763340158643393
115,0,0,0.417662784829503,0.3560754401295836,True,1,llm_adjudication,0,-0.09911946700797994,-0.2823809659058478,0.08414203188988795,-0.036066766855671034
116,0,1,0.2300810466125331,0.24524587329350514,True,1,llm_adjudication,0,-0.09385934986921025,-0.25191256440701715,0.0641938646685966,-0.014342061446469406
121,1,0,0.829551555662928,0.5644650903605791,True,1,llm_adjudication,0,-0.0753653437633617,-0.23232019127289916,0.08158950374617575,-0.578150415838105
122,1,0,0.6628130336914178,0.16757719199669627,True,1,llm_adjudication,0,-0.09528513933889315,-0.2535281939617131,0.06295791528392677,-0.1662835077113541
123,0,1,0.39744562120923743,0.39243083175848403,True,1,llm_adjudication,0,0.030841433480466404,-0.1452224442418244,0.20690531120275718,0.03246765507545743
126,0,0,0.2904388139791195,0.3909132072928165,True,1,llm_adjudication,0,-0.15254986945112306,-0.2644512949680121,-0.040648443934234044,-0.3010231687743369
130,0,0,0.26863216138852986,0.21849460988274513,True,1,llm_adjudication,0,0.07221587400228136,-0.1307539716486676,0.27518571965323024,0.006309753656425152
137,0,0,0.19104229057139868,0.136704195001431,True,1,llm_adjudication,0,0.020321637717795604,-0.11704962366699345,0.15769289910258463,-0.035394603233024145
145,1,0,0.4660143956373304,0.44212132263226617,True,1,llm_adjudication,0,0.07487659042001325,-0.05568301610445607,0.20543619694448256,-0.33769143797714973
151,0,1,0.5191771574449675,0.4662585530143542,True,1,llm_adjudication,0,-0.061385652648762085,-0.24097626803275204,0.11820496273522782,-0.31487008056515453
162,0,0,0.5856731783723788,0.5989655969474362,True,1,llm_adjudication,0,-0.04385955082912996,-0.17056475960797535,0.0828456579497154,-0.1770906937214045
167,0,1,0.6272436550256896,0.707639467658466,True,1,llm_adjudication,0,0.001865348173271122,-0.18025032508343847,0.18398102142998066,0.060419762402974864
169,1,1,0.718421807752594,0.8744463758885973,True,1,llm_adjudication,0,-0.07812345835063184,-0.21203290424022878,0.055785987538965076,-0.059438745764093026
180,1,1,0.8672668628184429,0.5657293381904667,True,1,llm_adjudication,0,-0.11102122369443002,-0.19682576056671414,-0.02521668682214591,0.07214620573564456
186,1,0,0.5911390146431826,0.5179879989770028,True,1,llm_adjudication,0,0.005708070870428708,-0.19452134699173398,0.20593748873259138,-0.34838730337294177
193,0,0,0.40023106047420476,0.1550758670471376,True,1,llm_adjudication,0,-0.15751706501612836,-0.24436962912678425,-0.07066450090547248,-0.07790570380726344
196,0,0,0.4779684453454312,0.4063942925546509,True,1,llm_adjudication,0,0.0025502385977418532,-0.1280288591915579,0.1331293363870416,0.18500422317417548
198,0,0,0.14587366590344183,0.3168318250125152,True,1,llm_adjudication,0,-0.2465752038579263,-0.3916959876542554,-0.10145442006159724,-0.09796041668062988
205,1,1,0.889667935890094,0.4157414662695457,True,1,llm_adjudication,0,-0.035863517451042486,-0.20350865320353068,0.13178161830144566,0.10039000345163385
208,1,1,0.37917397054309765,0.6227098092939151,True,1,llm_adjudication,0,-0.11386884994293313,-0.30124028961239185,0.07350258972652558,-0.38364186382161225
211,0,0,0.231401125726331,0.22905857404779453,True,1,llm_adjudication,0,0.10152594025782442,-0.016597424197935057,0.21964930471358388,0.039362356322426656
229,0,0,0.35491053100236486,0.18642819332391197,True,1,llm_adjudication,0,-0.08836578274177849,-0.23486105175892985,0.05812948627537283,-0.0181111175885878
237,0,1,0.3187585270756577,0.6861105920384603,True,1,llm_adjudication,0,0.05440805428826044,-0.10025168449151055,0.20906779306803136,0.014677238537030401
241,1,0,0.33880276994038705,0.4470269612145222,True,1,llm_adjudication,0,-0.11094307321162633,-0.22482969609512893,0.0029435496718762527,-0.2359562924134932
250,1,1,0.8428866494274864,0.703627059039757,True,1,llm_adjudication,0,0.009807277661850244,-0.2139952214457141,0.23360977676941452,-0.14381661120733635
254,0,1,0.20839292854203073,0.24099446092279211,True,1,llm_adjudication,0,0.026407802618358484,-0.1688954139057542,0.2217110191424711,0.11029612787953566
261,0,0,0.25783316789758004,0.1812073244799295,True,1,llm_adjudication,0,0.1493118834877081,0.04134352346556293,0.25728024350985323,0.31285754382566056
264,1,1,0.5133701154893368,0.5783417591739412,True,1,llm_adjudication,0,-0.11094307321162633,-0.22482969609512893,0.0029435496718762527,0.10130985419071503
265,0,0,0.4673440107611287,0.3563794093146026,True,1,llm_adjudication,0,-0.09980331189675129,-0.2851947224668806,0.08558809867337797,-0.19966649402570194
270,0,0,0.34874073775724557,0.20171397701955088,True,1,llm_adjudication,0,-0.08962214720373335,-0.23843016576949005,0.0591858713620233,-0.05981133747776573
271,1,0,0.8208015211662028,0.8654343342544495,True,1,llm_adjudication,0,-0.08564473149688183,-0.27669197489674013,0.1054025119029764,-0.027407061388611043
277,1,1,0.8458274757149049,0.5796784555469318,True,1,llm_adjudication,0,0.006344628979028537,-0.17076153921048842,0.18345079716854548,0.19707323380293573
282,0,0,0.4968539889905682,0.48950108386632263,True,1,llm_adjudication,0,-0.026244260796082688,-0.15767347947232643,0.10518495788016102,0.2904593735133494
284,0,1,0.26169668314489575,0.48044735559495144,True,1,llm_adjudication,0,-0.05426122309775498,-0.1666271790147535,0.05810473281924351,0.18518688543613304
288,1,0,0.7511605014707504,0.5824804714021297,True,1,llm_adjudication,0,-0.0013142631190589866,-0.07804149033343993,0.07541296409532194,0.004640120746827181
294,1,1,0.8164796270017057,0.49031264913350026,True,1,llm_adjudication,0,-0.0489570474834975,-0.1368602488465716,0.03894615387957658,-0.34951026332690505
318,0,0,0.6636540076542939,0.5705544669325786,True,1,llm_adjudication,0,-0.06882502271567009,-0.25064493305045576,0.11299488761911552,-0.20199985734703257
319,1,1,0.8930296774091446,0.7555478412559756,True,1,llm_adjudication,0,-0.12707655875478685,-0.23123629349819516,-0.022916824011378567,0.04278373950332526
328,0,1,0.39432924248177276,0.18948303187203663,True,1,llm_adjudication,0,-0.007822990258097292,-0.1867284048949941,0.17108242437879947,0.10327243996857394
334,0,0,0.32003853805723764,0.2875355167491368,True,1,llm_adjudication,0,-0.19041308029117796,-0.46860592332758255,0.08777976274522656,-0.1484375342195409
339,0,1,0.6907306329755005,0.5644583916735121,True,1,llm_adjudication,0,-0.025770498438801734,-0.16215472977975776,0.11061373290215427,-0.04096418254395162
343,1,1,0.7122793784860058,0.5155210187085154,True,1,llm_adjudication,0,-0.08809536363876433,-0.25386230328104353,0.07767157600351482,-0.252500407706424
346,0,0,0.4668878241550569,0.33951763988107997,True,1,llm_adjudication,0,0.019682387336373407,-0.11041386725250722,0.149778641925254,0.021257549177203516
347,0,1,0.20263826870260368,0.2637419376444213,True,1,llm_adjudication,0,-0.16913829335524844,-0.2840603493249279,-0.05421623738556898,0.0718545920669893
349,0,1,0.7980010545149436,0.6771543356924604,True,1,llm_adjudication,0,-0.14297084442146712,-0.27148347839596454,-0.014458210446969766,0.03268878550218324
354,1,0,0.532805219686784,0.2924577715670299,True,1,llm_adjudication,0,-0.10458068901197488,-0.22133151197844836,0.012170133954498577,-0.14297135067526034
357,1,1,0.6408274001124588,0.2999253159315922,True,1,llm_adjudication,0,-0.2130648041759133,-0.30338514504867403,-0.1227444633031526,0.1013446835796018
360,1,0,0.3477877504865826,0.3387807653978252,True,1,llm_adjudication,0,-0.10953337126142074,-0.20912849294410968,-0.009938249578731809,-0.20995476861796994
361,0,0,0.29661108176182654,0.23059339157774011,True,1,llm_adjudication,0,-0.07126733263375491,-0.2272795058596398,0.08474484059212993,-0.0406445885166562
365,1,0,0.6049751553904226,0.2863717839207137,True,1,llm_adjudication,0,-0.10936743666478077,-0.3231393243757799,0.10440445104621832,-0.3344524588585174
368,1,0,0.6849883638981021,0.32733973117530735,True,1,llm_adjudication,0,-0.012917440662654161,-0.12741803645067737,0.10158315512536903,-0.05427466854280549
370,1,0,0.19790340240759838,0.10800260009836761,True,1,llm_adjudication,0,-0.08722575081124785,-0.3176463554165809,0.1431948537940851,-0.11224918810400103
380,0,1,0.7471666727680591,0.4674264398886901,True,1,llm_adjudication,0,-0.04645434054626217,-0.2448631179708124,0.15195443687828802,-0.4595323870462047
384,1,1,0.6900728481780237,0.5112597274821526,True,1,llm_adjudication,0,0.05374179212553547,-0.07325385572895667,0.18073743998002756,0.0703099140074529
392,1,1,0.7956043945971023,0.7308406047876336,True,1,llm_adjudication,0,-0.10990506532389697,-0.24750973414466992,0.027699603496875932,0.0859568948245617
398,0,1,0.3206138626697417,0.45685223927714724,True,1,llm_adjudication,0,0.0438269649715343,-0.11022783988250359,0.19788176982557215,-0.3498504475078327
409,0,0,0.18337791691798333,0.4439000770292082,True,1,llm_adjudication,0,-0.13058971764590233,-0.29362589851438065,0.032446463222575966,0.14554265152238055
422,1,1,0.4374280553015159,0.34871246199525907,True,1,llm_adjudication,0,0.13633891206137178,-0.016262514833166375,0.28894033895590987,0.04875396248008518
424,1,0,0.6770097302582416,0.7052642761137701,True,1,llm_adjudication,0,-0.11426970611602295,-0.2732051697312484,0.0446657574992025,-0.411950972386599
431,1,1,0.4372491262168222,0.6279412483546116,True,1,llm_adjudication,0,-0.14771358855675645,-0.2521930833934422,-0.0432340937200707,-0.32665406706368566
433,0,0,0.10525170726096475,0.10427304962006238,True,1,llm_adjudication,0,-0.16977561070213912,-0.2845890921084451,-0.05496212929583322,-0.03402153155820689
435,0,1,0.4409894527049854,0.6729711349557012,True,1,llm_adjudication,0,-0.00494339668484103,-0.18631273413517377,0.17642594076549167,-0.10742312894197681
446,1,0,0.2790381570542702,0.16375999330593335,True,1,llm_adjudication,0,0.0043878867953613945,-0.18162905569064086,0.19040482928136362,-0.06432527410523083
447,1,1,0.536835214889051,0.5503554221394807,True,1,llm_adjudication,0,-0.017207248987778343,-0.22192091164657546,0.18750641367101875,0.034144994760945346
451,1,1,0.7690955084071955,0.6112206494377056,True,1,llm_adjudication,0,-0.08948912811257095,-0.21702970668659902,0.03805145046145708,-0.17663563846118313
460,1,0,0.39094770965443404,0.27994469973743064,True,1,llm_adjudication,0,-0.012362808332341347,-0.1353387178233828,0.11061310115870009,-0.15089969081385596
462,0,0,0.4757820881301206,0.3798226570352518,True,1,llm_adjudication,0,0.018740154524737956,-0.13958122037251514,0.17706152942199102,-0.02877369342676961
465,0,1,0.4312755600906261,0.6491876730428766,True,1,llm_adjudication,0,-0.06773215949450463,-0.24574875436091603,0.11028443537190676,-0.07352311822592295
467,0,0,0.2562069965782711,0.26684038260745196,True,1,llm_adjudication,0,-0.04420604332131735,-0.20533597748602989,0.11692389084339518,0.18109530692018136
468,1,0,0.44882293786932376,0.4590625162462623,True,1,llm_adjudication,0,0.04796765947283816,-0.11790225106591715,0.2138375700115934,-0.36394341785118856
474,0,0,0.4334979519869535,0.38280401600429703,True,1,llm_adjudication,0,0.0058083553554083775,-0.12641632904723676,0.1380330397580535,0.27024214191256124
478,1,0,0.5739982744039367,0.2947270948162633,True,1,llm_adjudication,0,-0.012316144569742319,-0.14743508669977645,0.12280279756029179,-0.14113139488284232
481,0,1,0.5087083360409932,0.40825501741027925,True,1,llm_adjudication,0,-0.060947364302034596,-0.19854072849014043,0.07664599988607121,0.24256774419822325
486,1,1,0.7441202307802978,0.6148549412893181,True,1,llm_adjudication,0,-0.10362664863429735,-0.3057647086002069,0.09851141133161215,-0.6892153014395378
487,1,1,0.8467975192157075,0.5866738910251524,True,1,llm_adjudication,0,-0.041332868035531885,-0.13100244605344066,0.04833670998237686,-0.028156691615068175
498,0,0,0.3020648921646804,0.1979830251548477,True,1,llm_adjudication,0,-0.1225699375601475,-0.3145484228919416,0.0694085477716466,-0.1062618189134249
503,0,0,0.3446948747805175,0.2658055219729751,True,1,llm_adjudication,0,-0.03448577007964088,-0.21121534830796393,0.14224380814868215,-0.16728505428348134
507,1,1,0.8311033999506614,0.7945564212316646,True,1,llm_adjudication,0,-0.03241047019228621,-0.1749424096927438,0.11012146930817135,-0.030854928811506976
508,0,0,0.5229332692489086,0.2601699446166555,True,1,llm_adjudication,0,-0.21056556202631915,-0.30570605084367175,-0.11542507320896656,-0.05620972089686527
514,1,1,0.8270038617254091,0.6943390637417084,True,1,llm_adjudication,0,-0.0031854727783247436,-0.1851763409302718,0.1788053953736223,-0.061478120138046544
526,0,0,0.15782593929996835,0.13044474411998602,True,1,llm_adjudication,0,0.08979112013007258,-0.04560868558851992,0.22519092584866507,0.020299231269924375
528,1,1,0.6647472925894883,0.7352516088728809,True,1,llm_adjudication,0,0.01677438938470992,-0.17026973324134045,0.20381851201076026,-0.3151680255715663
532,1,0,0.5659465902283147,0.4305883970188177,True,1,llm_adjudication,0,-0.16095658772860924,-0.2953266015445753,-0.026586573912643213,-0.5334643262344162
534,0,1,0.6356185713393279,0.49570608184298615,True,1,llm_adjudication,0,0.17008636742546818,0.054578888093544,0.2855938467573923,0.13543398492073888
535,0,0,0.6385549390569282,0.3491581541021244,True,1,llm_adjudication,0,0.02702612567652973,-0.0966873445101973,0.15073959586325672,0.03704061610492676
538,1,0,0.7165422603028302,0.5565385298635452,True,1,llm_adjudication,0,0.05279343995791326,-0.14121810860037953,0.24680498851620603,-0.06212851278558973
539,0,1,0.3919352408994978,0.39807883890515544,True,1,llm_adjudication,0,-0.014816373987183966,-0.15495204356898695,0.125319295594619,-0.11126006308263126
546,0,0,0.30246911548946265,0.1674140399970113,True,1,llm_adjudication,0,-0.03572780855467924,-0.25381344259155525,0.1823578254821967,-0.06620608679353736
549,1,0,0.737809295603759,0.4018100071172399,True,1,llm_adjudication,0,-0.11398841478994559,-0.19307002329857303,-0.034906806281318176,-0.22605679180368443
550,0,0,0.22968620364065134,0.12507868829739605,True,1,llm_adjudication,0,-0.2924472906772583,-0.4425527911595123,-0.14234179019500431,-0.08381602753461014
552,1,0,0.5131292585651384,0.19044531066663345,True,1,llm_adjudication,0,-0.12620323822524993,-0.24988048317435774,-0.002525993276142141,0.08753892270289004
559,1,0,0.6085123450001269,0.405681505096466,True,1,llm_adjudication,0,-0.025458042494685525,-0.2214191423343871,0.17050305734501597,-0.36576085048430995
560,1,1,0.8655555287273489,0.6294406160354643,True,1,llm_adjudication,0,-0.08999675601642124,-0.22474807721910875,0.04475456518626625,-0.06469990771798673
561,1,0,0.6004522932294956,0.25193874811218325,True,1,llm_adjudication,0,0.0629914738886538,-0.12187511156558324,0.2478580593428908,-0.14847635272894044
563,0,0,0.34977696900330585,0.3001244011940171,True,1,llm_adjudication,0,-0.12687668316808898,-0.25082472196119787,-0.0029286443749801244,0.08723419972137467
568,1,1,0.8420165704415828,0.7241993149028411,True,1,llm_adjudication,0,-0.19918304599208145,-0.3410806955172218,-0.05728539646694111,-0.11006768648138565
569,0,1,0.6204165780663479,0.649966418468412,True,1,llm_adjudication,0,-0.07589480597603525,-0.17960306892573852,0.027813456973668008,-0.03506472883281053
578,0,0,0.528449166106585,0.541129455632692,True,1,llm_adjudication,0,-0.09756788531523695,-0.3037464147407947,0.10861064411032077,-0.1661069213092291
584,1,0,0.4835230499831929,0.6086690571475216,True,1,llm_adjudication,0,0.10930680631166538,-0.01619228659054238,0.23480589921387313,-0.18620539681394355
588,1,1,0.6950874683394853,0.6067692377764136,True,1,llm_adjudication,0,0.06276665425653609,-0.1132631886603384,0.23879649717341056,0.05151712594740754
594,0,1,0.3845124638174599,0.20204826370818607,True,1,llm_adjudication,0,-0.13211217052881064,-0.2249745804087967,-0.039249760648824586,-0.1845762402931477
599,0,1,0.5139276407168637,0.3069862927665871,True,1,llm_adjudication,0,0.023831259959125682,-0.15861901522379943,0.20628153514205078,-0.017020805613165407
603,1,1,0.8760250372770755,0.7245136388321798,True,1,llm_adjudication,0,-0.1276900096626724,-0.2649884006166523,0.00960838129130745,-0.4064471216929251
606,0,1,0.21922940776003394,0.3608687382193187,True,1,llm_adjudication,0,0.022771055688401244,-0.16188033840234944,0.20742244977915186,-0.0810499975355446
607,0,0,0.2306889141131686,0.41349980578355594,True,1,llm_adjudication,0,-0.02196716631010467,-0.12847559868918101,0.08454126606897165,-0.20262165996000597
609,0,1,0.2303519206028594,0.1661800464978828,True,1,llm_adjudication,0,0.038801269264309594,-0.10113626164483613,0.1787388001734553,-0.17815202596793825
614,1,1,0.6467946600933504,0.454149402724382,True,1,llm_adjudication,0,-0.1045440091749898,-0.2491222170490238,0.04003419869904418,0.13800989485438941
617,1,0,0.6802572666640975,0.691208308706228,True,1,llm_adjudication,0,-0.17498536785247787,-0.42677306350423533,0.07680232779927954,-0.32977963417948597
621,1,1,0.627291255719527,0.643934722388693,True,1,llm_adjudication,0,-0.14609162983928922,-0.27347393906912004,-0.01870932060945843,-0.10300534475910206
626,1,0,0.474501537217078,0.16437460061425205,True,1,llm_adjudication,0,-0.1126801216834422,-0.29648854998233987,0.07112830661545542,-0.14734105843629364
638,1,0,0.2748012559824055,0.1239220657092472,True,1,llm_adjudication,0,-0.10383204456716581,-0.30766775999407825,0.10000367085974655,-0.028967779075204383
648,1,1,0.5446984576494674,0.4969151883647077,True,1,llm_adjudication,0,-0.08046303859270516,-0.2029254191278309,0.04199934194242057,0.22657797391420198
651,1,0,0.7414638822974168,0.20735604282143721,True,1,llm_adjudication,0,-0.1631605606363077,-0.29599441441225666,-0.030326706860358793,0.14285091672279376
656,0,0,0.28204662460451924,0.4366149382471533,True,1,llm_adjudication,0,-0.028634663846406207,-0.22768967715830685,0.17042034946549442,0.008071797181922913
662,0,0,0.6929571721037661,0.5688028871898342,True,1,llm_adjudication,0,0.012635423479530271,-0.13017092980369271,0.15544177676275325,0.12090442381375327
663,1,1,0.6304851473044282,0.5835748670106308,True,1,llm_adjudication,0,0.025906869316982314,-0.14029326988401286,0.19210700851797746,-0.0006267839972746714
676,1,0,0.4599439184764482,0.29878782114157487,True,1,llm_adjudication,0,-0.06985802550157791,-0.22398875780991426,0.08427270680675839,0.288078314021742
680,1,0,0.6829703748258147,0.11385594636738014,True,1,llm_adjudication,0,0.05260845965508235,-0.09667422918448448,0.20189114849464912,-0.21676132704337042
684,0,0,0.5697406984360188,0.19983185070397666,True,1,llm_adjudication,0,-0.030281497526979548,-0.15478904358606738,0.09422604853210825,-0.09365228131014089
689,1,1,0.8868225930045658,0.8706173422583725,True,1,llm_adjudication,0,-0.10447555936922552,-0.33363238184654503,0.12468126310809392,0.028437736123359203
707,1,0,0.3095601577041158,0.16574517487960455,True,1,llm_adjudication,0,-0.18823370502709638,-0.3464917148162651,-0.029975695237927702,-0.18261274863827542
708,0,0,0.38944180681518387,0.31109833854695346,True,1,llm_adjudication,0,-0.09187337299118262,-0.22459892154411612,0.04085217556175086,-0.3033594815556778
712,0,0,0.22671743720630477,0.39916050095370287,True,1,llm_adjudication,0,0.11502379390411482,-0.07986406359625461,0.3099116514044842,0.20262182932038472
713,0,1,0.4479973834356069,0.7899673126686212,True,1,llm_adjudication,0,0.07838815151366113,-0.04312513699856635,0.19990144002588858,0.18351149860665072
723,1,1,0.8791019779208326,0.6312407840166131,True,1,llm_adjudication,0,0.1893440830768489,0.016721633751400705,0.3619665324022971,-0.013981278819158116
735,1,1,0.7869431386479372,0.5368141960979033,True,1,llm_adjudication,0,0.018297891500710643,-0.10173722524630799,0.13833300824772926,0.2892291597635016
739,0,1,0.16567925131260422,0.3625667250095327,True,1,llm_adjudication,0,0.07687082760146237,-0.024602356911614984,0.1783440121145397,0.04653584065128688
743,1,0,0.6338297786120288,0.6070901283292623,True,1,llm_adjudication,0,-0.03912671031680956,-0.17954177492688278,0.10128835429326363,-0.3588049137290085
744,0,0,0.2696157041235064,0.15264458849958287,True,1,llm_adjudication,0,-0.07117800425073248,-0.21734480027530145,0.07498879177383647,0.00043827428651807554
752,1,0,0.6647472925894883,0.7208329462562315,True,1,llm_adjudication,0,0.03723656878622297,-0.14516372924438953,0.21963686681683542,-0.048624029853681416
760,1,1,0.7134555858731084,0.792566241366111,True,1,llm_adjudication,0,-0.09301170206762206,-0.26908188869725136,0.08305848456200716,-0.1049719012824385
773,1,1,0.8386940353384825,0.852870223315683,True,1,llm_adjudication,0,-0.008125758895267765,-0.22421852518838115,0.20796700739784557,-0.05078761983714952
776,0,0,0.3345234242308092,0.20533773166060534,True,1,llm_adjudication,0,0.06163443137274703,-0.13366142771655304,0.2569302904620471,0.11215936655437345
779,0,0,0.3257453007133764,0.22754313436062862,True,1,llm_adjudication,0,-0.1880448593965255,-0.2829317357795301,-0.09315798301352086,0.2102850669914252
781,1,1,0.6832939038423603,0.63754694937672,True,1,llm_adjudication,0,-0.08306493459240666,-0.2706580779852713,0.10452820880045799,0.031273744586730046
782,1,0,0.7648701537663227,0.4641424883295498,True,1,llm_adjudication,0,0.10773431477977732,-0.03161620869555115,0.24708483825510577,-0.27881971225762575
783,0,0,0.12172989379204215,0.3168675055683017,True,1,llm_adjudication,0,0.08554964805961249,-0.04344555143473172,0.21454484755395667,0.11768093960974968
798,1,1,0.5742961575804171,0.7338549270059888,True,1,llm_adjudication,0,0.0005458463434968371,-0.1689495644579411,0.17004125714493473,-0.012829595656138837
822,0,0,0.7417980053932205,0.6367950734915155,True,1,llm_adjudication,0,0.15874295336229927,0.031426868911615974,0.28605903781298253,0.15687867128973654
827,0,1,0.264977865904604,0.5063020143310597,True,1,llm_adjudication,0,-0.136726244599449,-0.35726582554729125,0.08381333634839325,-0.47170840662307595
839,0,0,0.4808888128545494,0.1562570180525887,True,1,llm_adjudication,0,-0.1550553183912943,-0.29941177369773503,-0.0106988630848536,-0.082870305049013
845,1,1,0.7067711150558171,0.505484558588421,True,1,llm_adjudication,0,0.1435613489511694,-0.017688344013411766,0.3048110419157505,-0.054967122143437575
848,0,0,0.1666158023279128,0.2015602546752192,True,1,llm_adjudication,0,0.0873403196984256,-0.17593962267634733,0.35062026207319846,0.0857810802170664
859,1,1,0.6849906428774399,0.6769103292049636,True,1,llm_adjudication,0,-0.12190105805746221,-0.20894132195406032,-0.034860794160864114,0.10091643251497262
868,1,0,0.3082583807209731,0.1535068027524439,True,1,llm_adjudication,0,-0.030046160656275085,-0.1736224652000768,0.11353014388752661,-0.03768758335333155
875,1,1,0.25333963387393715,0.20708796308982624,True,1,llm_adjudication,0,0.08535146940078352,-0.06783530612632126,0.23853824492788828,0.2750351541256375
892,0,0,0.6313698695873204,0.23382463068565157,True,1,llm_adjudication,0,-0.02074278862031169,-0.19497248272935014,0.15348690548872668,-0.4218944972490402
893,0,1,0.45589257876268896,0.39302832109664,True,1,llm_adjudication,0,-0.06830550117086018,-0.19489797087570887,0.05828696853398849,-0.13899119129057289
898,1,1,0.49462645872228006,0.3547315126470555,True,1,llm_adjudication,0,-0.02847768628806621,-0.16322760401545705,0.1062722314393246,0.11489019733853345
908,1,1,0.59795154629418,0.5465323047791424,True,1,llm_adjudication,0,0.08461293803875193,-0.026517328954230646,0.19574320503173448,0.2700079153490359
913,0,0,0.4590740424682504,0.15303561997525103,True,1,llm_adjudication,0,0.07100773372409501,-0.08614604436165464,0.22816151180984462,0.5763362625455206
915,1,1,0.8444617337210738,0.7902472579186703,True,1,llm_adjudication,0,0.13514212843779264,-0.018293943307776034,0.2885782001833612,-0.10460704553612188
924,0,1,0.11064807383603614,0.35875496457481376,True,1,llm_adjudication,0,-0.03309877130323413,-0.1683075943833679,0.10211005177689961,-0.03518580558050255
929,1,0,0.6634216252210545,0.5571596280328351,True,1,llm_adjudication,0,-0.021532565503586943,-0.2512724660807075,0.2082073350735336,-0.2246108655442407
934,0,0,0.17588820990102041,0.1479102128392838,True,1,llm_adjudication,0,-0.11562258112485968,-0.3157793763017327,0.08453421405201325,-0.17923562100166213
955,1,1,0.7279935351733413,0.7193079523925068,True,1,llm_adjudication,0,-0.051469944178425237,-0.2529314698887819,0.14999158153193143,-0.4074361291328243
960,1,1,0.516353381546526,0.48744897008899524,True,1,llm_adjudication,0,0.057839434613169545,-0.1341307171726874,0.24980958639902645,0.30302428580824725
961,0,1,0.5952214322323915,0.2839526673389449,True,1,llm_adjudication,0,0.1097280142837199,-0.06112140606176886,0.2805774346292086,-0.17386110854674186
967,0,0,0.7111062328377343,0.6026371727046967,True,1,llm_adjudication,0,0.020630193822589342,-0.16715842174273746,0.2084188093879161,0.11315424130412288
976,0,0,0.22296580907529134,0.08518100874594803,True,1,llm_adjudication,0,-0.08950599968878517,-0.26444112573113104,0.08542912635356065,-0.10435438224184548
977,1,0,0.8795089744048036,0.5493546289655924,True,1,llm_adjudication,0,0.04148424987189704,-0.10972164693893789,0.19269014668273193,0.2172265382051104
980,1,1,0.7845093011134376,0.5285083827381312,True,1,llm_adjudication,0,-0.010364185772650197,-0.20782905973615132,0.18710068819085088,-0.1328309937568829
986,1,0,0.6842931095653495,0.4407593834478375,True,1,llm_adjudication,0,-0.1057516834057029,-0.22201878704265116,0.01051542023124534,-0.21930664730454208
987,0,0,0.4937146818591577,0.41011618555896223,True,1,llm_adjudication,0,-0.047406546775718185,-0.16538950185993762,0.0705764083085012,0.16537846499403014
989,0,0,0.502114524477848,0.4557268144672463,True,1,llm_adjudication,0,-0.05159091508366734,-0.21910925394147185,0.11592742377413712,-0.22553091570484401
5,1,1,0.6377114402121038,0.34254974755376194,True,1,llm_adjudication,1,0.12777288744927365,-0.11108119128093447,0.3666269661794817,0.29544125881310984
12,0,1,0.40864594703941975,0.30002689738786964,True,1,llm_adjudication,1,0.003860314884767794,-0.12120302694462615,0.1289236567141617,-0.1020346687031714
15,1,0,0.5202019068490832,0.11807387106554294,True,1,llm_adjudication,1,-0.08796238836527877,-0.21876020382834144,0.04283542709778386,-0.003080297422145953
30,0,0,0.5746897562690604,0.24295906763714584,True,1,llm_adjudication,1,-0.07966593919525575,-0.19931814777669188,0.039986269386180356,-0.15824629257148742
39,1,0,0.6048933776872666,0.3441516064005722,True,1,llm_adjudication,1,-0.05034517910017198,-0.18719982205568006,0.08650946385533609,-0.0787740414269622
40,0,0,0.3543801765148926,0.35057432062020416,True,1,llm_adjudication,1,0.027318152221681533,-0.08251885666087254,0.1371551611042356,0.060474988513839145
43,1,0,0.7309350546172592,0.38618933830050256,True,1,llm_adjudication,1,-0.05509360626089983,-0.22849009661229736,0.11830288409049765,-0.19702180525731344
45,0,0,0.2877857978025763,0.3689753372039217,True,1,llm_adjudication,1,0.027129729831374308,-0.11390797130511258,0.1681674309678612,0.13139903885494988
48,1,1,0.4640558918721573,0.5888245392655549,True,1,llm_adjudication,1,-0.13628432827871725,-0.29539542376323,0.02282676720579549,-0.02351093248221392
63,1,0,0.493740643635318,0.20164355626544486,True,1,llm_adjudication,1,-0.14549987228074945,-0.2986854068863894,0.00768566232489043,-0.08061850681857732
67,1,1,0.4135078007326209,0.532633707078535,True,1,llm_adjudication,1,-0.06904151203410086,-0.22763149768422886,0.08954847361602711,-0.4040936263411786
69,0,0,0.46600337273861786,0.48630868982475617,True,1,llm_adjudication,1,-0.09544881078330834,-0.2184796282359725,0.02758200666935577,-0.2535047085663173
72,1,0,0.5908011295185976,0.3649110295452353,True,1,llm_adjudication,1,-0.13038566774341026,-0.28574545309610894,0.024974117609288388,0.03393963416448598
75,1,0,0.8971971121686327,0.590906090484836,True,1,llm_adjudication,1,0.0960373108464335,-0.11721058721062733,0.30928520890349426,-0.21905044290968123
93,0,1,0.23435593073816172,0.3708737195266814,True,1,llm_adjudication,1,-0.11222962083816226,-0.20075267454609041,-0.023706567130234155,-0.24763340158643393
115,0,0,0.417662784829503,0.3560754401295836,True,1,llm_adjudication,1,-0.08651363242968098,-0.27627620506155753,0.10324894020219554,-0.036066766855671034
116,0,1,0.2300810466125331,0.24524587329350514,True,1,llm_adjudication,1,-0.06086121374085645,-0.13534096189178885,0.01361853441007594,-0.014342061446469406
121,1,0,0.829551555662928,0.5644650903605791,True,1,llm_adjudication,1,-0.05003015746040685,-0.14157884190902342,0.0415185269882097,-0.578150415838105
122,1,0,0.6628130336914178,0.16757719199669627,True,1,llm_adjudication,1,-0.08964385955286569,-0.19678018990575108,0.017492470800019685,-0.1662835077113541
123,0,1,0.39744562120923743,0.39243083175848403,True,1,llm_adjudication,1,0.07796082103762189,-0.12095219558802739,0.2768738376632711,0.03246765507545743
126,0,0,0.2904388139791195,0.3909132072928165,True,1,llm_adjudication,1,-0.18235164335166654,-0.29961546980056913,-0.06508781690276398,-0.3010231687743369
130,0,0,0.26863216138852986,0.21849460988274513,True,1,llm_adjudication,1,0.03173697724290835,-0.12105697899654053,0.18453093348235722,0.006309753656425152
137,0,0,0.19104229057139868,0.136704195001431,True,1,llm_adjudication,1,-0.003982683496803399,-0.11074691378049416,0.10278154678688733,-0.035394603233024145
145,1,0,0.4660143956373304,0.44212132263226617,True,1,llm_adjudication,1,0.10006499640113892,-0.08150880829983576,0.28163880110211353,-0.33769143797714973
151,0,1,0.5191771574449675,0.4662585530143542,True,1,llm_adjudication,1,-0.07837084911520319,-0.24579274781620297,0.08905104958579656,-0.31487008056515453
162,0,0,0.5856731783723788,0.5989655969474362,True,1,llm_adjudication,1,-0.12025215282004513,-0.30698047319485094,0.06647616755476062,-0.1770906937214045
167,0,1,0.6272436550256896,0.707639467658466,True,1,llm_adjudication,1,-0.03591039449189741,-0.1398849626998237,0.06806417371602885,0.060419762402974864
169,1,1,0.718421807752594,0.8744463758885973,True,1,llm_adjudication,1,-0.08973977130834565,-0.18251783243590802,0.003038289819216694,-0.059438745764093026
180,1,1,0.8672668628184429,0.5657293381904667,True,1,llm_adjudication,1,-0.09472425777361933,-0.23889426353189336,0.04944574798465469,0.07214620573564456
186,1,0,0.5911390146431826,0.5179879989770028,True,1,llm_adjudication,1,0.02679130384011031,-0.08144530431826852,0.13502791199848913,-0.34838730337294177
193,0,0,0.40023106047420476,0.1550758670471376,True,1,llm_adjudication,1,-0.14549987228074945,-0.2986854068863894,0.00768566232489043,-0.07790570380726344
196,0,0,0.4779684453454312,0.4063942925546509,True,1,llm_adjudication,1,0.003860314884767794,-0.12120302694462615,0.1289236567141617,0.18500422317417548
198,0,0,0.14587366590344183,0.3168318250125152,True,1,llm_adjudication,1,-0.19761361837390956,-0.31092469510303694,-0.08430254164478221,-0.09796041668062988
205,1,1,0.889667935890094,0.4157414662695457,True,1,llm_adjudication,1,-0.03723566907558432,-0.121840512052619,0.04736917390145034,0.10039000345163385
208,1,1,0.37917397054309765,0.6227098092939151,True,1,llm_adjudication,1,-0.02664934376633071,-0.15588098074817666,0.10258229321551518,-0.38364186382161225
211,0,0,0.231401125726331,0.22905857404779453,True,1,llm_adjudication,1,0.10740789594898047,-0.03371098854068534,0.24852678043864623,0.039362356322426656
229,0,0,0.35491053100236486,0.18642819332391197,True,1,llm_adjudication,1,-0.05671631603681826,-0.1438355391251863,0.030402907051549743,-0.0181111175885878
237,0,1,0.3187585270756577,0.6861105920384603,True,1,llm_adjudication,1,0.10329276792364299,-0.10758961484342904,0.314175150690715,0.014677238537030401
241,1,0,0.33880276994038705,0.4470269612145222,True,1,llm_adjudication,1,-0.12739878857603773,-0.2639017920316885,0.00910421487961302,-0.2359562924134932
250,1,1,0.8428866494274864,0.703627059039757,True,1,llm_adjudication,1,-0.014609665259208158,-0.08695814406345907,0.05773881354504274,-0.14381661120733635
254,0,1,0.20839292854203073,0.24099446092279211,True,1,llm_adjudication,1,0.054960750831150554,-0.03677014153138247,0.14669164319368355,0.11029612787953566
261,0,0,0.25783316789758004,0.1812073244799295,True,1,llm_adjudication,1,0.16323177909191408,0.0142234311306558,0.3122401270531723,0.31285754382566056
264,1,1,0.5133701154893368,0.5783417591739412,True,1,llm_adjudication,1,-0.12739878857603773,-0.2639017920316885,0.00910421487961302,0.10130985419071503
265,0,0,0.4673440107611287,0.3563794093146026,True,1,llm_adjudication,1,-0.08256608079802523,-0.15816555195828977,-0.006966609637760718,-0.19966649402570194
270,0,0,0.34874073775724557,0.20171397701955088,True,1,llm_adjudication,1,-0.0916979422235172,-0.2930766806274643,0.10968079618042982,-0.05981133747776573
271,1,0,0.8208015211662028,0.8654343342544495,True,1,llm_adjudication,1,-0.06585164980226854,-0.1355329066920208,0.0038296070874837135,-0.027407061388611043
277,1,1,0.8458274757149049,0.5796784555469318,True,1,llm_adjudication,1,-0.04269796499129883,-0.11789828336801625,0.03250235338541858,0.19707323380293573
282,0,0,0.4968539889905682,0.48950108386632263,True,1,llm_adjudication,1,0.010608658968010713,-0.13086572791493473,0.15208304585095614,0.2904593735133494
284,0,1,0.26169668314489575,0.48044735559495144,True,1,llm_adjudication,1,-0.0545248715995854,-0.2395471208749319,0.13049737767576108,0.18518688543613304
288,1,0,0.7511605014707504,0.5824804714021297,True,1,llm_adjudication,1,0.003718133517373399,-0.12186671958443053,0.1293029866191773,0.004640120746827181
294,1,1,0.8164796270017057,0.49031264913350026,True,1,llm_adjudication,1,-0.06382692150650021,-0.1531414133198879,0.025487570306887475,-0.34951026332690505
318,0,0,0.6636540076542939,0.5705544669325786,True,1,llm_adjudication,1,-0.08161645259284726,-0.2909480186615795,0.12771511347588488,-0.20199985734703257
319,1,1,0.8930296774091446,0.7555478412559756,True,1,llm_adjudication,1,-0.1121928221442988,-0.24518360091156238,0.020797956622964756,0.04278373950332526
328,0,1,0.39432924248177276,0.18948303187203663,True,1,llm_adjudication,1,0.03053052175281438,-0.06891930250960633,0.1299803460152351,0.10327243996857394
334,0,0,0.32003853805723764,0.2875355167491368,True,1,llm_adjudication,1,-0.10624256658920439,-0.27709743011315235,0.06461229693474357,-0.1484375342195409
339,0,1,0.6907306329755005,0.5644583916735121,True,1,llm_adjudication,1,-0.06675046068484664,-0.15521158999059176,0.021710668620898446,-0.04096418254395162
343,1,1,0.7122793784860058,0.5155210187085154,True,1,llm_adjudication,1,-0.0502734540557476,-0.1737591886132752,0.07321228050177994,-0.252500407706424
346,0,0,0.4668878241550569,0.33951763988107997,True,1,llm_adjudication,1,-0.020662157468635003,-0.12097117206166527,0.07964685712439523,0.021257549177203516
347,0,1,0.20263826870260368,0.2637419376444213,True,1,llm_adjudication,1,-0.1500242464557737,-0.2948875493733424,-0.005160943538205037,0.0718545920669893
349,0,1,0.7980010545149436,0.6771543356924604,True,1,llm_adjudication,1,-0.12247358101661962,-0.23973111899409053,-0.005216043039148743,0.03268878550218324
354,1,0,0.532805219686784,0.2924577715670299,True,1,llm_adjudication,1,-0.0946835456569476,-0.2779076955149288,0.08854060420103353,-0.14297135067526034
357,1,1,0.6408274001124588,0.2999253159315922,True,1,llm_adjudication,1,-0.17473960933717517,-0.2612552734994902,-0.08822394517486015,0.1013446835796018
360,1,0,0.3477877504865826,0.3387807653978252,True,1,llm_adjudication,1,-0.10007855120260219,-0.28180321266985275,0.08164611026464834,-0.20995476861796994
361,0,0,0.29661108176182654,0.23059339157774011,True,1,llm_adjudication,1,-0.04821117886801521,-0.1302464510789163,0.03382409334288587,-0.0406445885166562
365,1,0,0.6049751553904226,0.2863717839207137,True,1,llm_adjudication,1,-0.06681108935818776,-0.211062098142901,0.07743991942652541,-0.3344524588585174
368,1,0,0.6849883638981021,0.32733973117530735,True,1,llm_adjudication,1,-0.03112013336281867,-0.14911999754786384,0.08687973082222647,-0.05427466854280549
370,1,0,0.19790340240759838,0.10800260009836761,True,1,llm_adjudication,1,-0.05820997213053532,-0.22279272096661357,0.10637277670554289,-0.11224918810400103
380,0,1,0.7471666727680591,0.4674264398886901,True,1,llm_adjudication,1,-0.07509689725340593,-0.2792692122358645,0.12907541772905257,-0.4595323870462047
384,1,1,0.6900728481780237,0.5112597274821526,True,1,llm_adjudication,1,0.04890013303643458,-0.070777227926486,0.16857749399935515,0.0703099140074529
392,1,1,0.7956043945971023,0.7308406047876336,True,1,llm_adjudication,1,-0.07377551891563384,-0.2027434036713397,0.05519236584007199,0.0859568948245617
398,0,1,0.3206138626697417,0.45685223927714724,True,1,llm_adjudication,1,-0.0015774401340578907,-0.13582624764225396,0.13267136737413815,-0.3498504475078327
409,0,0,0.18337791691798333,0.4439000770292082,True,1,llm_adjudication,1,-0.0839525574516788,-0.2597296331741382,0.09182451827078057,0.14554265152238055
422,1,1,0.4374280553015159,0.34871246199525907,True,1,llm_adjudication,1,0.12906661569029418,-0.06012750144437695,0.31826073282496525,0.04875396248008518
424,1,0,0.6770097302582416,0.7052642761137701,True,1,llm_adjudication,1,-0.1291693048653035,-0.24855132882691394,-0.009787280903693088,-0.411950972386599
431,1,1,0.4372491262168222,0.6279412483546116,True,1,llm_adjudication,1,-0.12125140691221345,-0.20722092397270866,-0.03528188985171825,-0.32665406706368566
433,0,0,0.10525170726096475,0.10427304962006238,True,1,llm_adjudication,1,-0.13962440915566887,-0.31839728324285166,0.03914846493151386,-0.03402153155820689
435,0,1,0.4409894527049854,0.6729711349557012,True,1,llm_adjudication,1,-0.013633471165116937,-0.12435968542095113,0.09709274309071722,-0.10742312894197681
446,1,0,0.2790381570542702,0.16375999330593335,True,1,llm_adjudication,1,0.03110630237499995,-0.11695927880635493,0.1791718835563548,-0.06432527410523083
447,1,1,0.536835214889051,0.5503554221394807,True,1,llm_adjudication,1,-0.022774793767484834,-0.1681613369769154,0.1226117494419457,0.034144994760945346
451,1,1,0.7690955084071955,0.6112206494377056,True,1,llm_adjudication,1,-0.14619400807782235,-0.28059856195175054,-0.011789454203894184,-0.17663563846118313
460,1,0,0.39094770965443404,0.27994469973743064,True,1,llm_adjudication,1,-0.021656273821858526,-0.15339832216515692,0.11008577452143983,-0.15089969081385596
462,0,0,0.4757820881301206,0.3798226570352518,True,1,llm_adjudication,1,-0.0011105868136049588,-0.14610774418541275,0.1438865705582028,-0.02877369342676961
465,0,1,0.4312755600906261,0.6491876730428766,True,1,llm_adjudication,1,-0.04646881508822006,-0.15394369878418898,0.06100606860774883,-0.07352311822592295
467,0,0,0.2562069965782711,0.26684038260745196,True,1,llm_adjudication,1,-0.029502776655917336,-0.10303634413011978,0.044030790818285086,0.18109530692018136
468,1,0,0.44882293786932376,0.4590625162462623,True,1,llm_adjudication,1,0.011120680457344078,-0.18902441613984192,0.21126577705453,-0.36394341785118856
474,0,0,0.4334979519869535,0.38280401600429703,True,1,llm_adjudication,1,0.013725221390977984,-0.11993214335282859,0.14738258613478453,0.27024214191256124
478,1,0,0.5739982744039367,0.2947270948162633,True,1,llm_adjudication,1,-0.010441295641634594,-0.08195931571204662,0.061076724428777415,-0.14113139488284232
481,0,1,0.5087083360409932,0.40825501741027925,True,1,llm_adjudication,1,-0.09069432786473232,-0.2003577971878001,0.01896914145833546,0.24256774419822325
486,1,1,0.7441202307802978,0.6148549412893181,True,1,llm_adjudication,1,-0.10854203882982257,-0.19295494563569077,-0.024129132023954378,-0.6892153014395378
487,1,1,0.8467975192157075,0.5866738910251524,True,1,llm_adjudication,1,-0.04458368012307296,-0.2098328646509718,0.12066550440482587,-0.028156691615068175
498,0,0,0.3020648921646804,0.1979830251548477,True,1,llm_adjudication,1,-0.0883749439704453,-0.2033187881290841,0.026568900188193453,-0.1062618189134249
503,0,0,0.3446948747805175,0.2658055219729751,True,1,llm_adjudication,1,-0.06915784762347041,-0.1822740096961884,0.04395831444924754,-0.16728505428348134
507,1,1,0.8311033999506614,0.7945564212316646,True,1,llm_adjudication,1,-0.011495585318318164,-0.14298550596876058,0.11999433533212424,-0.030854928811506976
508,0,0,0.5229332692489086,0.2601699446166555,True,1,llm_adjudication,1,-0.17664043306956473,-0.3037480563027044,-0.04953280983642511,-0.05620972089686527
514,1,1,0.8270038617254091,0.6943390637417084,True,1,llm_adjudication,1,-0.029353414075806238,-0.096407592359711,0.0377007642080985,-0.061478120138046544
526,0,0,0.15782593929996835,0.13044474411998602,True,1,llm_adjudication,1,0.08181899902936644,-0.019998831120980387,0.18363682917971325,0.020299231269924375
528,1,1,0.6647472925894883,0.7352516088728809,True,1,llm_adjudication,1,0.009326780789286785,-0.08712329100354294,0.10577685258211647,-0.3151680255715663
532,1,0,0.5659465902283147,0.4305883970188177,True,1,llm_adjudication,1,-0.18275802325925883,-0.29097271909201294,-0.07454332742650471,-0.5334643262344162
534,0,1,0.6356185713393279,0.49570608184298615,True,1,llm_adjudication,1,0.15839064590309196,-0.05692602283247794,0.3737073146386618,0.13543398492073888
535,0,0,0.6385549390569282,0.3491581541021244,True,1,llm_adjudication,1,-0.008934163776240811,-0.07969922488657852,0.06183089733409688,0.03704061610492676
538,1,0,0.7165422603028302,0.5565385298635452,True,1,llm_adjudication,1,0.046675202403416834,-0.18074985559261186,0.27410026039944546,-0.06212851278558973
539,0,1,0.3919352408994978,0.39807883890515544,True,1,llm_adjudication,1,-0.01478044648657962,-0.1379114543874164,0.10835056141425714,-0.11126006308263126
546,0,0,0.30246911548946265,0.1674140399970113,True,1,llm_adjudication,1,-0.04702998809779779,-0.11597328377338056,0.021913307577784966,-0.06620608679353736
549,1,0,0.737809295603759,0.4018100071172399,True,1,llm_adjudication,1,-0.11163600256243632,-0.24250207977936072,0.019230074654488075,-0.22605679180368443
550,0,0,0.22968620364065134,0.12507868829739605,True,1,llm_adjudication,1,-0.20101713839812196,-0.28064597724149376,-0.12138829955475017,-0.08381602753461014
552,1,0,0.5131292585651384,0.19044531066663345,True,1,llm_adjudication,1,-0.11671221396421094,-0.23852966424000943,0.005105236311587519,0.08753892270289004
559,1,0,0.6085123450001269,0.405681505096466,True,1,llm_adjudication,1,-0.014113231334526402,-0.16695912211605357,0.13873265944700072,-0.36576085048430995
560,1,1,0.8655555287273489,0.6294406160354643,True,1,llm_adjudication,1,-0.07316415980177582,-0.2081633794240502,0.06183505982049853,-0.06469990771798673
561,1,0,0.6004522932294956,0.25193874811218325,True,1,llm_adjudication,1,0.05493843109916668,-0.06487185222885872,0.17474871442719203,-0.14847635272894044
563,0,0,0.34977696900330585,0.3001244011940171,True,1,llm_adjudication,1,-0.10252134307210704,-0.216769513113051,0.011726826968836895,0.08723419972137467
568,1,1,0.8420165704415828,0.7241993149028411,True,1,llm_adjudication,1,-0.19728060363489094,-0.30648152988771005,-0.08807967738207187,-0.11006768648138565
569,0,1,0.6204165780663479,0.649966418468412,True,1,llm_adjudication,1,-0.09002646251923341,-0.2589964605756485,0.07894353553718164,-0.03506472883281053
578,0,0,0.528449166106585,0.541129455632692,True,1,llm_adjudication,1,-0.09027439341494906,-0.27856880754255353,0.09802002071265539,-0.1661069213092291
584,1,0,0.4835230499831929,0.6086690571475216,True,1,llm_adjudication,1,0.12004857622196019,-0.06739139282351464,0.30748854526743497,-0.18620539681394355
588,1,1,0.6950874683394853,0.6067692377764136,True,1,llm_adjudication,1,0.0587894358962386,-0.048459032297897206,0.1660379040903744,0.05151712594740754
594,0,1,0.3845124638174599,0.20204826370818607,True,1,llm_adjudication,1,-0.15623554578194115,-0.2674610419283067,-0.045010049635575616,-0.1845762402931477
599,0,1,0.5139276407168637,0.3069862927665871,True,1,llm_adjudication,1,0.002833747802567367,-0.17782060348379666,0.18348809908893138,-0.017020805613165407
603,1,1,0.8760250372770755,0.7245136388321798,True,1,llm_adjudication,1,-0.12385911479355585,-0.2620127970605947,0.014294567473482983,-0.4064471216929251
606,0,1,0.21922940776003394,0.3608687382193187,True,1,llm_adjudication,1,0.055098042526174354,-0.09381713464246029,0.20401321969480896,-0.0810499975355446
607,0,0,0.2306889141131686,0.41349980578355594,True,1,llm_adjudication,1,-0.021656273821858526,-0.15339832216515692,0.11008577452143983,-0.20262165996000597
609,0,1,0.2303519206028594,0.1661800464978828,True,1,llm_adjudication,1,0.06077580303586922,-0.03863701945819053,0.16018862552992896,-0.17815202596793825
614,1,1,0.6467946600933504,0.454149402724382,True,1,llm_adjudication,1,-0.07628502732715842,-0.2082569105264663,0.05568685587214944,0.13800989485438941
617,1,0,0.6802572666640975,0.691208308706228,True,1,llm_adjudication,1,-0.10444537974555058,-0.2929745313965995,0.0840837719054983,-0.32977963417948597
621,1,1,0.627291255719527,0.643934722388693,True,1,llm_adjudication,1,-0.1744784076202218,-0.27081407254665724,-0.07814274269378638,-0.10300534475910206
626,1,0,0.474501537217078,0.16437460061425205,True,1,llm_adjudication,1,-0.10700595288178565,-0.1954149888501613,-0.018596916913410047,-0.14734105843629364
638,1,0,0.2748012559824055,0.1239220657092472,True,1,llm_adjudication,1,-0.11025698643564065,-0.18671234297272593,-0.033801629898555396,-0.028967779075204383
648,1,1,0.5446984576494674,0.4969151883647077,True,1,llm_adjudication,1,-0.07434404269136903,-0.1649606136430007,0.016272528260262625,0.22657797391420198
651,1,0,0.7414638822974168,0.20735604282143721,True,1,llm_adjudication,1,-0.16730118791905293,-0.2988512948164941,-0.035751081021611814,0.14285091672279376
656,0,0,0.28204662460451924,0.4366149382471533,True,1,llm_adjudication,1,-0.003125632878499315,-0.07345377161567838,0.06720250585867973,0.008071797181922913
662,0,0,0.6929571721037661,0.5688028871898342,True,1,llm_adjudication,1,0.01716035023891515,-0.09718104672329905,0.1315017472011293,0.12090442381375327
663,1,1,0.6304851473044282,0.5835748670106308,True,1,llm_adjudication,1,0.025288869568402567,-0.03791553463186659,0.0884932737686717,-0.0006267839972746714
676,1,0,0.4599439184764482,0.29878782114157487,True,1,llm_adjudication,1,-0.03253780688402465,-0.13972336064258103,0.07464774687453171,0.288078314021742
680,1,0,0.6829703748258147,0.11385594636738014,True,1,llm_adjudication,1,0.02273610707483346,-0.11821325440060106,0.16368546855026794,-0.21676132704337042
684,0,0,0.5697406984360188,0.19983185070397666,True,1,llm_adjudication,1,-0.043363735620947697,-0.15087881709448314,0.06415134585258774,-0.09365228131014089
689,1,1,0.8868225930045658,0.8706173422583725,True,1,llm_adjudication,1,-0.06861634820200728,-0.22129861147335672,0.08406591506934212,0.028437736123359203
707,1,0,0.3095601577041158,0.16574517487960455,True,1,llm_adjudication,1,-0.14868397158187266,-0.24230826519058826,-0.055059677973157084,-0.18261274863827542
708,0,0,0.38944180681518387,0.31109833854695346,True,1,llm_adjudication,1,-0.08949621685252816,-0.21716222670039986,0.038169792995343524,-0.3033594815556778
712,0,0,0.22671743720630477,0.39916050095370287,True,1,llm_adjudication,1,0.1638946300419768,-0.08424820128530172,0.41203746136925523,0.20262182932038472
713,0,1,0.4479973834356069,0.7899673126686212,True,1,llm_adjudication,1,0.08751460135265467,-0.0503826786677256,0.22541188137303486,0.18351149860665072
723,1,1,0.8791019779208326,0.6312407840166131,True,1,llm_adjudication,1,0.169074120552468,0.015553638714482121,0.3225946023904539,-0.013981278819158116
735,1,1,0.7869431386479372,0.5368141960979033,True,1,llm_adjudication,1,0.006482703821224221,-0.0901238856052494,0.10308929324769782,0.2892291597635016
739,0,1,0.16567925131260422,0.3625667250095327,True,1,llm_adjudication,1,0.09621194708348979,0.0040520488471727095,0.18837184531980686,0.04653584065128688
743,1,0,0.6338297786120288,0.6070901283292623,True,1,llm_adjudication,1,-0.009499680449216398,-0.14979230219461878,0.13079294129618596,-0.3588049137290085
744,0,0,0.2696157041235064,0.15264458849958287,True,1,llm_adjudication,1,-0.08956863351633913,-0.23763053447844762,0.05849326744576931,0.00043827428651807554
752,1,0,0.6647472925894883,0.7208329462562315,True,1,llm_adjudication,1,0.03137750021305563,-0.06339836743961279,0.126153367865724,-0.048624029853681416
760,1,1,0.7134555858731084,0.792566241366111,True,1,llm_adjudication,1,-0.0620278753947976,-0.17662915339565483,0.052573402606059604,-0.1049719012824385
773,1,1,0.8386940353384825,0.852870223315683,True,1,llm_adjudication,1,-0.055761619896150534,-0.2873591069866211,0.17583586719431996,-0.05078761983714952
776,0,0,0.3345234242308092,0.20533773166060534,True,1,llm_adjudication,1,0.05095356681973765,-0.04789875991559452,0.1498058935550698,0.11215936655437345
779,0,0,0.3257453007133764,0.22754313436062862,True,1,llm_adjudication,1,-0.16116943188508429,-0.3033293455876287,-0.01900951818253993,0.2102850669914252
781,1,1,0.6832939038423603,0.63754694937672,True,1,llm_adjudication,1,-0.05727135936524018,-0.20111310704299112,0.08657038831251075,0.031273744586730046
782,1,0,0.7648701537663227,0.4641424883295498,True,1,llm_adjudication,1,0.11329126120150435,-0.09558030722278638,0.322162829625795,-0.27881971225762575
783,0,0,0.12172989379204215,0.3168675055683017,True,1,llm_adjudication,1,0.08088705544228836,-0.06494066369743925,0.22671477458201594,0.11768093960974968
798,1,1,0.5742961575804171,0.7338549270059888,True,1,llm_adjudication,1,0.006484673040972123,-0.14618977712286452,0.1591591232048087,-0.012829595656138837
822,0,0,0.7417980053932205,0.6367950734915155,True,1,llm_adjudication,1,0.16147122205328812,0.02529585163392445,0.2976465924726518,0.15687867128973654
827,0,1,0.264977865904604,0.5063020143310597,True,1,llm_adjudication,1,-0.0838996565648934,-0.2141874263822539,0.046388113252467084,-0.47170840662307595
839,0,0,0.4808888128545494,0.1562570180525887,True,1,llm_adjudication,1,-0.1735950660914434,-0.2563667356911573,-0.09082339649172952,-0.082870305049013
845,1,1,0.7067711150558171,0.505484558588421,True,1,llm_adjudication,1,0.11356947577000251,-0.08557061192200727,0.3127095634620123,-0.054967122143437575
848,0,0,0.1666158023279128,0.2015602546752192,True,1,llm_adjudication,1,0.12101669468590988,-0.031153056305922563,0.2731864456777423,0.0857810802170664
859,1,1,0.6849906428774399,0.6769103292049636,True,1,llm_adjudication,1,-0.11730126201949269,-0.24366802579287256,0.009065501753887137,0.10091643251497262
868,1,0,0.3082583807209731,0.1535068027524439,True,1,llm_adjudication,1,-0.06209762165293943,-0.1925404295076833,0.06834518620180442,-0.03768758335333155
875,1,1,0.25333963387393715,0.20708796308982624,True,1,llm_adjudication,1,0.11624828927610047,-0.007413646984918337,0.23991022553711924,0.2750351541256375
892,0,0,0.6313698695873204,0.23382463068565157,True,1,llm_adjudication,1,-0.017499699745718317,-0.10609501286432407,0.07109561337288743,-0.4218944972490402
893,0,1,0.45589257876268896,0.39302832109664,True,1,llm_adjudication,1,-0.08246686296939272,-0.21775134595793505,0.052817620019149567,-0.13899119129057289
898,1,1,0.49462645872228006,0.3547315126470555,True,1,llm_adjudication,1,-0.06169602583533177,-0.20972509493393018,0.08633304326326663,0.11489019733853345
908,1,1,0.59795154629418,0.5465323047791424,True,1,llm_adjudication,1,0.09929744120774078,-0.0005483505968018193,0.19914323301228337,0.2700079153490359
913,0,0,0.4590740424682504,0.15303561997525103,True,1,llm_adjudication,1,0.04400688109336444,-0.09153493006994624,0.17954869225667508,0.5763362625455206
915,1,1,0.8444617337210738,0.7902472579186703,True,1,llm_adjudication,1,0.13132256084889662,-0.04649542251917971,0.3091405442169729,-0.10460704553612188
924,0,1,0.11064807383603614,0.35875496457481376,True,1,llm_adjudication,1,0.008875403897189186,-0.13196088717033277,0.14971169496471112,-0.03518580558050255
929,1,0,0.6634216252210545,0.5571596280328351,True,1,llm_adjudication,1,-0.057914002214602814,-0.23084205429195065,0.11501404986274501,-0.2246108655442407
934,0,0,0.17588820990102041,0.1479102128392838,True,1,llm_adjudication,1,-0.08377613925547013,-0.2027631079935096,0.03521082948256932,-0.17923562100166213
955,1,1,0.7279935351733413,0.7193079523925068,True,1,llm_adjudication,1,-0.06805265673183827,-0.21769439838105728,0.0815890849173807,-0.4074361291328243
960,1,1,0.516353381546526,0.48744897008899524,True,1,llm_adjudication,1,0.041978062474464554,-0.07591336131227253,0.1598694862612016,0.30302428580824725
961,0,1,0.5952214322323915,0.2839526673389449,True,1,llm_adjudication,1,0.0988036349627414,0.010458455736195624,0.18714881418928714,-0.17386110854674186
967,0,0,0.7111062328377343,0.6026371727046967,True,1,llm_adjudication,1,0.008680242158794767,-0.15070678876149762,0.1680672730790871,0.11315424130412288
976,0,0,0.22296580907529134,0.08518100874594803,True,1,llm_adjudication,1,-0.06827370157729173,-0.19325843116575547,0.05671102801117196,-0.10435438224184548
977,1,0,0.8795089744048036,0.5493546289655924,True,1,llm_adjudication,1,0.04592935289532097,-0.1474282149700416,0.23928692076068347,0.2172265382051104
980,1,1,0.7845093011134376,0.5285083827381312,True,1,llm_adjudication,1,-0.029254409191047097,-0.09901622952487185,0.04050741114277762,-0.1328309937568829
986,1,0,0.6842931095653495,0.4407593834478375,True,1,llm_adjudication,1,-0.11569389831930035,-0.2276345465536065,-0.0037532500849942613,-0.21930664730454208
987,0,0,0.4937146818591577,0.41011618555896223,True,1,llm_adjudication,1,-0.01890014792636454,-0.13442953544590688,0.09662923959317776,0.16537846499403014
989,0,0,0.502114524477848,0.4557268144672463,True,1,llm_adjudication,1,-0.08297941735606251,-0.2483339296043762,0.08237509489225114,-0.22553091570484401
5,1,1,0.6377114402121038,0.34254974755376194,True,1,llm_adjudication,2,0.144925939674283,0.02412005412517962,0.26573182522338634,0.29544125881310984
12,0,1,0.40864594703941975,0.30002689738786964,True,1,llm_adjudication,2,0.017908077710447827,-0.10646992063018182,0.14228607605107746,-0.1020346687031714
15,1,0,0.5202019068490832,0.11807387106554294,True,1,llm_adjudication,2,-0.06946557471762246,-0.17476931224837094,0.035838162813125976,-0.003080297422145953
30,0,0,0.5746897562690604,0.24295906763714584,True,1,llm_adjudication,2,-0.08972962193264275,-0.2957009449853081,0.11624170112002252,-0.15824629257148742
39,1,0,0.6048933776872666,0.3441516064005722,True,1,llm_adjudication,2,-0.06135974528100809,-0.23275138727198158,0.11003189670996535,-0.0787740414269622
40,0,0,0.3543801765148926,0.35057432062020416,True,1,llm_adjudication,2,0.005223052518532663,-0.1388107920306042,0.1492568970676695,0.060474988513839145
43,1,0,0.7309350546172592,0.38618933830050256,True,1,llm_adjudication,2,-0.0027017441359346757,-0.1503167906613542,0.1449133023894848,-0.19702180525731344
45,0,0,0.2877857978025763,0.3689753372039217,True,1,llm_adjudication,2,-0.032797329339866475,-0.23362655694644063,0.1680318982667076,0.13139903885494988
48,1,1,0.4640558918721573,0.5888245392655549,True,1,llm_adjudication,2,-0.18026746080893144,-0.2710889963030635,-0.0894459253147994,-0.02351093248221392
63,1,0,0.493740643635318,0.20164355626544486,True,1,llm_adjudication,2,-0.10964450047104425,-0.2462303127722963,0.026941311830207773,-0.08061850681857732
67,1,1,0.4135078007326209,0.532633707078535,True,1,llm_adjudication,2,-0.08043274895499834,-0.17397747749322384,0.013111979583227115,-0.4040936263411786
69,0,0,0.46600337273861786,0.48630868982475617,True,1,llm_adjudication,2,-0.10790164158912643,-0.28572075017104287,0.06991746699278997,-0.2535047085663173
72,1,0,0.5908011295185976,0.3649110295452353,True,1,llm_adjudication,2,-0.10351252655416723,-0.23394792381356788,0.026922870705233387,0.03393963416448598
75,1,0,0.8971971121686327,0.590906090484836,True,1,llm_adjudication,2,0.11890679508169133,-0.00473710704687208,0.2425506972102547,-0.21905044290968123
93,0,1,0.23435593073816172,0.3708737195266814,True,1,llm_adjudication,2,-0.1161022446916125,-0.2904242756884938,0.05821978630526879,-0.24763340158643393
115,0,0,0.417662784829503,0.3560754401295836,True,1,llm_adjudication,2,-0.0861727314001097,-0.21432139992978191,0.04197593712956249,-0.036066766855671034
116,0,1,0.2300810466125331,0.24524587329350514,True,1,llm_adjudication,2,-0.07838970204978507,-0.19237320022550697,0.0355937961259368,-0.014342061446469406
121,1,0,0.829551555662928,0.5644650903605791,True,1,llm_adjudication,2,-0.05835139923021734,-0.2791990378098228,0.16249623934938806,-0.578150415838105
122,1,0,0.6628130336914178,0.16757719199669627,True,1,llm_adjudication,2,-0.09263268102200378,-0.28412214638255917,0.09885678433855155,-0.1662835077113541
123,0,1,0.39744562120923743,0.39243083175848403,True,1,llm_adjudication,2,0.04641821178218252,-0.10998063045958106,0.2028170540239461,0.03246765507545743
126,0,0,0.2904388139791195,0.3909132072928165,True,1,llm_adjudication,2,-0.15894031898678135,-0.3105947956470936,-0.007285842326469172,-0.3010231687743369
130,0,0,0.26863216138852986,0.21849460988274513,True,1,llm_adjudication,2,0.08162870427743085,-0.0624751152926592,0.22573252384752088,0.006309753656425152
137,0,0,0.19104229057139868,0.136704195001431,True,1,llm_adjudication,2,0.03228293932315497,-0.16782086806857932,0.23238674671488924,-0.035394603233024145
145,1,0,0.4660143956373304,0.44212132263226617,True,1,llm_adjudication,2,0.08285038706332024,-0.024127502916636345,0.1898282770432768,-0.33769143797714973
151,0,1,0.5191771574449675,0.4662585530143542,True,1,llm_adjudication,2,-0.06000207902912907,-0.1796305163840364,0.05962635832577825,-0.31487008056515453
162,0,0,0.5856731783723788,0.5989655969474362,True,1,llm_adjudication,2,-0.05445564179857709,-0.19748238215874336,0.08857109856158915,-0.1770906937214045
167,0,1,0.6272436550256896,0.707639467658466,True,1,llm_adjudication,2,0.010721098001872991,-0.1089735205403995,0.13041571654414544,0.060419762402974864
169,1,1,0.718421807752594,0.8744463758885973,True,1,llm_adjudication,2,-0.06621335130649407,-0.2065844569790976,0.07415775436610943,-0.059438745764093026
180,1,1,0.8672668628184429,0.5657293381904667,True,1,llm_adjudication,2,-0.09504970280755326,-0.18210607082393626,-0.007993334791170259,0.07214620573564456
186,1,0,0.5911390146431826,0.5179879989770028,True,1,llm_adjudication,2,0.011001425800511392,-0.1359721406001347,0.15797499220115746,-0.34838730337294177
193,0,0,0.40023106047420476,0.1550758670471376,True,1,llm_adjudication,2,-0.10964450047104425,-0.2462303127722963,0.026941311830207773,-0.07790570380726344
196,0,0,0.4779684453454312,0.4063942925546509,True,1,llm_adjudication,2,0.017908077710447827,-0.10646992063018182,0.14228607605107746,0.18500422317417548
198,0,0,0.14587366590344183,0.3168318250125152,True,1,llm_adjudication,2,-0.21104836240923638,-0.28136370704153246,-0.14073301777694036,-0.09796041668062988
205,1,1,0.889667935890094,0.4157414662695457,True,1,llm_adjudication,2,-0.044809756626068835,-0.21672405339776707,0.12710454014562933,0.10039000345163385
208,1,1,0.37917397054309765,0.6227098092939151,True,1,llm_adjudication,2,-0.02444824356917441,-0.20876993224105467,0.1598734451027058,-0.38364186382161225
211,0,0,0.231401125726331,0.22905857404779453,True,1,llm_adjudication,2,0.10602367098110818,-0.03466603027941137,0.2467133722416277,0.039362356322426656
229,0,0,0.35491053100236486,0.18642819332391197,True,1,llm_adjudication,2,-0.04800230096842862,-0.2765496004008771,0.18054499846401983,-0.0181111175885878
237,0,1,0.3187585270756577,0.6861105920384603,True,1,llm_adjudication,2,0.08744397511024679,-0.04892480140835259,0.22381275162884615,0.014677238537030401
241,1,0,0.33880276994038705,0.4470269612145222,True,1,llm_adjudication,2,-0.09512930105137897,-0.24859276834187638,0.0583341662391184,-0.2359562924134932
250,1,1,0.8428866494274864,0.703627059039757,True,1,llm_adjudication,2,0.003890173589307309,-0.2255873115087047,0.23336765868731932,-0.14381661120733635
254,0,1,0.20839292854203073,0.24099446092279211,True,1,llm_adjudication,2,0.024732976727086884,-0.07597620452418792,0.12544215797836167,0.11029612787953566
261,0,0,0.25783316789758004,0.1812073244799295,True,1,llm_adjudication,2,0.16137359829408657,0.014696498389215829,0.30805069819895725,0.31285754382566056
264,1,1,0.5133701154893368,0.5783417591739412,True,1,llm_adjudication,2,-0.09512930105137897,-0.24859276834187638,0.0583341662391184,0.10130985419071503
265,0,0,0.4673440107611287,0.3563794093146026,True,1,llm_adjudication,2,-0.07162539245393794,-0.19173907864093168,0.04848829373305577,-0.19966649402570194
270,0,0,0.34874073775724557,0.20171397701955088,True,1,llm_adjudication,2,-0.08241812384177875,-0.23588344973367786,0.07104720205012031,-0.05981133747776573
271,1,0,0.8208015211662028,0.8654343342544495,True,1,llm_adjudication,2,-0.08354594316093374,-0.2469343710420165,0.07984248472014897,-0.027407061388611043
277,1,1,0.8458274757149049,0.5796784555469318,True,1,llm_adjudication,2,-0.001835963606982389,-0.1296341754265196,0.1259622482125548,0.19707323380293573
282,0,0,0.4968539889905682,0.48950108386632263,True,1,llm_adjudication,2,0.0195519376030763,-0.14349352118073672,0.1825973963868893,0.2904593735133494
284,0,1,0.26169668314489575,0.48044735559495144,True,1,llm_adjudication,2,-0.031006894254399665,-0.17733628593173775,0.11532249742293836,0.18518688543613304
288,1,0,0.7511605014707504,0.5824804714021297,True,1,llm_adjudication,2,-0.017106958730020206,-0.15671410739610744,0.122500189936067,0.004640120746827181
294,1,1,0.8164796270017057,0.49031264913350026,True,1,llm_adjudication,2,-0.06074211106389331,-0.17479943153249144,0.053315209404704814,-0.34951026332690505
318,0,0,0.6636540076542939,0.5705544669325786,True,1,llm_adjudication,2,-0.03086344090798454,-0.19917589418376777,0.13744901236779863,-0.20199985734703257
319,1,1,0.8930296774091446,0.7555478412559756,True,1,llm_adjudication,2,-0.14446784908508084,-0.2829781060126143,-0.005957592157547376,0.04278373950332526
328,0,1,0.39432924248177276,0.18948303187203663,True,1,llm_adjudication,2,0.008126439768923887,-0.18325642974996975,0.1995093092878175,0.10327243996857394
334,0,0,0.32003853805723764,0.2875355167491368,True,1,llm_adjudication,2,-0.13990237889645027,-0.22080133004907915,-0.059003427743821404,-0.1484375342195409
339,0,1,0.6907306329755005,0.5644583916735121,True,1,llm_adjudication,2,0.010439734445432676,-0.11517465279616465,0.13605412168702996,-0.04096418254395162
343,1,1,0.7122793784860058,0.5155210187085154,True,1,llm_adjudication,2,-0.07432376298372462,-0.2880242734090689,0.1393767474416196,-0.252500407706424
346,0,0,0.4668878241550569,0.33951763988107997,True,1,llm_adjudication,2,0.027580509880939266,-0.19310946203206542,0.2482704817939439,0.021257549177203516
347,0,1,0.20263826870260368,0.2637419376444213,True,1,llm_adjudication,2,-0.13081048259286218,-0.21978580196452502,-0.04183516322119937,0.0718545920669893
349,0,1,0.7980010545149436,0.6771543356924604,True,1,llm_adjudication,2,-0.14539834437212182,-0.3239021046648568,0.03310541592061311,0.03268878550218324
354,1,0,0.532805219686784,0.2924577715670299,True,1,llm_adjudication,2,-0.08041899471035426,-0.21226453820802826,0.05142654878731974,-0.14297135067526034
357,1,1,0.6408274001124588,0.2999253159315922,True,1,llm_adjudication,2,-0.17422966540831278,-0.2844171534411512,-0.06404217737547437,0.1013446835796018
360,1,0,0.3477877504865826,0.3387807653978252,True,1,llm_adjudication,2,-0.08686463150899859,-0.22859450005728174,0.05486523703928453,-0.20995476861796994
361,0,0,0.29661108176182654,0.23059339157774011,True,1,llm_adjudication,2,-0.07858560236652835,-0.22681081310495893,0.06963960837190221,-0.0406445885166562
365,1,0,0.6049751553904226,0.2863717839207137,True,1,llm_adjudication,2,-0.090685350358305,-0.20195080842009433,0.020580107703484327,-0.3344524588585174
368,1,0,0.6849883638981021,0.32733973117530735,True,1,llm_adjudication,2,0.00898937367233351,-0.123495070508718,0.141473817853385,-0.05427466854280549
370,1,0,0.19790340240759838,0.10800260009836761,True,1,llm_adjudication,2,-0.06136563845182337,-0.15946698135558318,0.03673570445193641,-0.11224918810400103
380,0,1,0.7471666727680591,0.4674264398886901,True,1,llm_adjudication,2,-0.05510612092357184,-0.17653143144035124,0.06631918959320754,-0.4595323870462047
384,1,1,0.6900728481780237,0.5112597274821526,True,1,llm_adjudication,2,0.07424572911006204,-0.10198714578574762,0.2504786040058717,0.0703099140074529
392,1,1,0.7956043945971023,0.7308406047876336,True,1,llm_adjudication,2,-0.0903288302336719,-0.1964948900589863,0.01583722959164248,0.0859568948245617
398,0,1,0.3206138626697417,0.45685223927714724,True,1,llm_adjudication,2,0.045820750419728364,-0.08600294888107718,0.17764444972053386,-0.3498504475078327
409,0,0,0.18337791691798333,0.4439000770292082,True,1,llm_adjudication,2,-0.10019311276162068,-0.2165223612122595,0.016136135689018116,0.14554265152238055
422,1,1,0.4374280553015159,0.34871246199525907,True,1,llm_adjudication,2,0.13023465994317027,0.0019328763478382027,0.2585364435385023,0.04875396248008518
424,1,0,0.6770097302582416,0.7052642761137701,True,1,llm_adjudication,2,-0.1035665435564654,-0.24490211644645465,0.03776902933352384,-0.411950972386599
431,1,1,0.4372491262168222,0.6279412483546116,True,1,llm_adjudication,2,-0.15009659450762702,-0.30221414570277394,0.002020956687519837,-0.32665406706368566
433,0,0,0.10525170726096475,0.10427304962006238,True,1,llm_adjudication,2,-0.11212891772169127,-0.2552762924198314,0.031018456976448852,-0.03402153155820689
435,0,1,0.4409894527049854,0.6729711349557012,True,1,llm_adjudication,2,-0.0026693624942687602,-0.2166675054776502,0.2113287804891126,-0.10742312894197681
446,1,0,0.2790381570542702,0.16375999330593335,True,1,llm_adjudication,2,-0.007609646571280127,-0.1297938999931769,0.11457460685061661,-0.06432527410523083
447,1,1,0.536835214889051,0.5503554221394807,True,1,llm_adjudication,2,-0.046313894626026184,-0.1963888229364647,0.10376103368441232,0.034144994760945346
451,1,1,0.7690955084071955,0.6112206494377056,True,1,llm_adjudication,2,-0.1045191481514933,-0.24210430280531306,0.03306600650232644,-0.17663563846118313
460,1,0,0.39094770965443404,0.27994469973743064,True,1,llm_adjudication,2,0.018703501324721403,-0.12362957147516743,0.1610365741246102,-0.15089969081385596
462,0,0,0.4757820881301206,0.3798226570352518,True,1,llm_adjudication,2,0.06163118656265451,-0.15053415069912424,0.2737965238244332,-0.02877369342676961
465,0,1,0.4312755600906261,0.6491876730428766,True,1,llm_adjudication,2,-0.058335350537824966,-0.23244933458518144,0.11577863350953149,-0.07352311822592295
467,0,0,0.2562069965782711,0.26684038260745196,True,1,llm_adjudication,2,-0.04562224432511927,-0.2527308447700243,0.16148635611978568,0.18109530692018136
468,1,0,0.44882293786932376,0.4590625162462623,True,1,llm_adjudication,2,0.045283255176863275,-0.05920600713532476,0.1497725174890513,-0.36394341785118856
474,0,0,0.4334979519869535,0.38280401600429703,True,1,llm_adjudication,2,0.030847438583577608,-0.13009379163908466,0.19178866880623985,0.27024214191256124
478,1,0,0.5739982744039367,0.2947270948162633,True,1,llm_adjudication,2,0.006177946874722834,-0.17121611220961713,0.18357200595906278,-0.14113139488284232
481,0,1,0.5087083360409932,0.40825501741027925,True,1,llm_adjudication,2,-0.07838560814534942,-0.21003904459014888,0.05326782829945001,0.24256774419822325
486,1,1,0.7441202307802978,0.6148549412893181,True,1,llm_adjudication,2,-0.13896173732756684,-0.27605005699551943,-0.0018734176596143237,-0.6892153014395378
487,1,1,0.8467975192157075,0.5866738910251524,True,1,llm_adjudication,2,-0.039005395878153354,-0.13440600801887306,0.05639521626256634,-0.028156691615068175
498,0,0,0.3020648921646804,0.1979830251548477,True,1,llm_adjudication,2,-0.104550603174821,-0.23192699323328803,0.02282578688364599,-0.1062618189134249
503,0,0,0.3446948747805175,0.2658055219729751,True,1,llm_adjudication,2,-0.059343223108457674,-0.2394062249921175,0.12071977877520214,-0.16728505428348134
507,1,1,0.8311033999506614,0.7945564212316646,True,1,llm_adjudication,2,-0.02500574185052315,-0.1409693099652326,0.09095782626418629,-0.030854928811506976
508,0,0,0.5229332692489086,0.2601699446166555,True,1,llm_adjudication,2,-0.15642914507754357,-0.31486792812142395,0.002009637966336769,-0.05620972089686527
514,1,1,0.8270038617254091,0.6943390637417084,True,1,llm_adjudication,2,-0.013179453660413558,-0.19065757736191727,0.1642986700410901,-0.061478120138046544
526,0,0,0.15782593929996835,0.13044474411998602,True,1,llm_adjudication,2,0.04610925956832684,-0.04000036775913882,0.13221888689579248,0.020299231269924375
528,1,1,0.6647472925894883,0.7352516088728809,True,1,llm_adjudication,2,0.05199862161411773,-0.18762512986380694,0.29162237309204236,-0.3151680255715663
532,1,0,0.5659465902283147,0.4305883970188177,True,1,llm_adjudication,2,-0.17835973490414972,-0.3328036824664884,-0.0239157873418111,-0.5334643262344162
534,0,1,0.6356185713393279,0.49570608184298615,True,1,llm_adjudication,2,0.16879448604530684,0.0034209062183992445,0.33416806587221437,0.13543398492073888
535,0,0,0.6385549390569282,0.3491581541021244,True,1,llm_adjudication,2,0.028602243460791883,-0.18684669107428015,0.24405117799586384,0.03704061610492676
538,1,0,0.7165422603028302,0.5565385298635452,True,1,llm_adjudication,2,0.1072909905392566,-0.05514837700298879,0.269730358081502,-0.06212851278558973
539,0,1,0.3919352408994978,0.39807883890515544,True,1,llm_adjudication,2,-0.052140193990568524,-0.18057453037683074,0.07629414239569368,-0.11126006308263126
546,0,0,0.30246911548946265,0.1674140399970113,True,1,llm_adjudication,2,-0.04709534652836642,-0.22681850366706074,0.13262781061032788,-0.06620608679353736
549,1,0,0.737809295603759,0.4018100071172399,True,1,llm_adjudication,2,-0.09687088493858687,-0.17693278881227312,-0.016808981064900627,-0.22605679180368443
550,0,0,0.22968620364065134,0.12507868829739605,True,1,llm_adjudication,2,-0.22824653561447805,-0.31997992278927373,-0.13651314843968237,-0.08381602753461014
552,1,0,0.5131292585651384,0.19044531066663345,True,1,llm_adjudication,2,-0.12491922943209458,-0.2786931430786999,0.028854684214510734,0.08753892270289004
559,1,0,0.6085123450001269,0.405681505096466,True,1,llm_adjudication,2,-0.01856855841083884,-0.13887045719514957,0.10173334037347187,-0.36576085048430995
560,1,1,0.8655555287273489,0.6294406160354643,True,1,llm_adjudication,2,-0.08836631173073574,-0.2917388660938098,0.11500624263233826,-0.06469990771798673
561,1,0,0.6004522932294956,0.25193874811218325,True,1,llm_adjudication,2,0.07371841859859947,-0.10135860384949948,0.24879544104669837,-0.14847635272894044
563,0,0,0.34977696900330585,0.3001244011940171,True,1,llm_adjudication,2,-0.11123722857486351,-0.21930285119971243,-0.0031716059500146165,0.08723419972137467
568,1,1,0.8420165704415828,0.7241993149028411,True,1,llm_adjudication,2,-0.1840748110070833,-0.3477171281828777,-0.02043249383128895,-0.11006768648138565
569,0,1,0.6204165780663479,0.649966418468412,True,1,llm_adjudication,2,-0.05811537306753434,-0.15475692421711607,0.03852617808204739,-0.03506472883281053
578,0,0,0.528449166106585,0.541129455632692,True,1,llm_adjudication,2,-0.06425811903023956,-0.19264809130856506,0.0641318532480859,-0.1661069213092291
584,1,0,0.4835230499831929,0.6086690571475216,True,1,llm_adjudication,2,0.12148451668869602,-0.048009414531861375,0.29097844790925337,-0.18620539681394355
588,1,1,0.6950874683394853,0.6067692377764136,True,1,llm_adjudication,2,0.07682333032895661,-0.09894278728632061,0.25258944794423377,0.05151712594740754
594,0,1,0.3845124638174599,0.20204826370818607,True,1,llm_adjudication,2,-0.12955679477689086,-0.29742130660968,0.03830771705589828,-0.1845762402931477
599,0,1,0.5139276407168637,0.3069862927665871,True,1,llm_adjudication,2,0.022230975355212613,-0.09753000032779176,0.14199195103821696,-0.017020805613165407
603,1,1,0.8760250372770755,0.7245136388321798,True,1,llm_adjudication,2,-0.12850358551555816,-0.2877927609784585,0.03078558994734218,-0.4064471216929251
606,0,1,0.21922940776003394,0.3608687382193187,True,1,llm_adjudication,2,0.03835967472387076,-0.10500049253948021,0.1817198419872217,-0.0810499975355446
607,0,0,0.2306889141131686,0.41349980578355594,True,1,llm_adjudication,2,0.015959781496794324,-0.13160098806533982,0.16352055105892846,-0.20262165996000597
609,0,1,0.2303519206028594,0.1661800464978828,True,1,llm_adjudication,2,0.03111428200802184,-0.0685390249548345,0.13076758897087815,-0.17815202596793825
614,1,1,0.6467946600933504,0.454149402724382,True,1,llm_adjudication,2,-0.09364398561737816,-0.20176021204642935,0.014472240811673004,0.13800989485438941
617,1,0,0.6802572666640975,0.691208308706228,True,1,llm_adjudication,2,-0.11476428424657481,-0.2527371176793438,0.02320854918619414,-0.32977963417948597
621,1,1,0.627291255719527,0.643934722388693,True,1,llm_adjudication,2,-0.15438038165017484,-0.28772053269578235,-0.021040230604567334,-0.10300534475910206
626,1,0,0.474501537217078,0.16437460061425205,True,1,llm_adjudication,2,-0.12263483675712984,-0.2989601210107795,0.053690447496519814,-0.14734105843629364
638,1,0,0.2748012559824055,0.1239220657092472,True,1,llm_adjudication,2,-0.13630955685803267,-0.2673431056068947,-0.0052760081091706434,-0.028967779075204383
648,1,1,0.5446984576494674,0.4969151883647077,True,1,llm_adjudication,2,-0.08129177078153094,-0.25286240235327934,0.09027886079021744,0.22657797391420198
651,1,0,0.7414638822974168,0.20735604282143721,True,1,llm_adjudication,2,-0.14540483116050057,-0.2986810615655834,0.007871399244582161,0.14285091672279376
656,0,0,0.28204662460451924,0.4366149382471533,True,1,llm_adjudication,2,-0.009878877226661632,-0.22714290717152852,0.2073851527182052,0.008071797181922913
662,0,0,0.6929571721037661,0.5688028871898342,True,1,llm_adjudication,2,0.027163594551525685,-0.13469426810386553,0.18902145720691688,0.12090442381375327
663,1,1,0.6304851473044282,0.5835748670106308,True,1,llm_adjudication,2,0.04320887844666859,-0.16411999763101925,0.2505377545243564,-0.0006267839972746714
676,1,0,0.4599439184764482,0.29878782114157487,True,1,llm_adjudication,2,-0.04363520132141998,-0.21246814129489827,0.12519773865205827,0.288078314021742
680,1,0,0.6829703748258147,0.11385594636738014,True,1,llm_adjudication,2,0.06672796500752609,-0.07905348961703709,0.21250941963208925,-0.21676132704337042
684,0,0,0.5697406984360188,0.19983185070397666,True,1,llm_adjudication,2,-0.0316177091712272,-0.2590704753252027,0.19583505698274828,-0.09365228131014089
689,1,1,0.8868225930045658,0.8706173422583725,True,1,llm_adjudication,2,-0.041617941062624356,-0.16668515176791787,0.08344926964266912,0.028437736123359203
707,1,0,0.3095601577041158,0.16574517487960455,True,1,llm_adjudication,2,-0.14488588024929283,-0.3037489283229271,0.013977167824341413,-0.18261274863827542
708,0,0,0.38944180681518387,0.31109833854695346,True,1,llm_adjudication,2,-0.0891470580166119,-0.21771293248636586,0.03941881645314206,-0.3033594815556778
712,0,0,0.22671743720630477,0.39916050095370287,True,1,llm_adjudication,2,0.12496049880921621,-0.0009349261959909344,0.2508559238144233,0.20262182932038472
713,0,1,0.4479973834356069,0.7899673126686212,True,1,llm_adjudication,2,0.03955452495525932,-0.12742090908575388,0.2065299589962725,0.18351149860665072
723,1,1,0.8791019779208326,0.6312407840166131,True,1,llm_adjudication,2,0.183620894089581,0.04627543501882847,0.3209663531603335,-0.013981278819158116
735,1,1,0.7869431386479372,0.5368141960979033,True,1,llm_adjudication,2,0.030814602472749853,-0.1252987637546745,0.1869279687001742,0.2892291597635016
739,0,1,0.16567925131260422,0.3625667250095327,True,1,llm_adjudication,2,0.053761132088149054,-0.07563721234663165,0.18315947652292974,0.04653584065128688
743,1,0,0.6338297786120288,0.6070901283292623,True,1,llm_adjudication,2,-0.057509940560147285,-0.1969862281549848,0.08196634703469018,-0.3588049137290085
744,0,0,0.2696157041235064,0.15264458849958287,True,1,llm_adjudication,2,-0.06755750565248182,-0.21156139565749266,0.07644638435252897,0.00043827428651807554
752,1,0,0.6647472925894883,0.7208329462562315,True,1,llm_adjudication,2,0.0638047116158397,-0.14332257914339516,0.27093200237507453,-0.048624029853681416
760,1,1,0.7134555858731084,0.792566241366111,True,1,llm_adjudication,2,-0.07557639672691532,-0.20495816995305358,0.0538053764992229,-0.1049719012824385
773,1,1,0.8386940353384825,0.852870223315683,True,1,llm_adjudication,2,0.003446876437996939,-0.12530275092970458,0.13219650380569842,-0.05078761983714952
776,0,0,0.3345234242308092,0.20533773166060534,True,1,llm_adjudication,2,0.10606195756278089,-0.060025529425947605,0.27214944455150936,0.11215936655437345
779,0,0,0.3257453007133764,0.22754313436062862,True,1,llm_adjudication,2,-0.14808160097151732,-0.29244992594769925,-0.0037132759953353855,0.2102850669914252
781,1,1,0.6832939038423603,0.63754694937672,True,1,llm_adjudication,2,-0.08703367899667527,-0.2737264592031767,0.0996591012098261,0.031273744586730046
782,1,0,0.7648701537663227,0.4641424883295498,True,1,llm_adjudication,2,0.11899497523132152,-0.05138653641110241,0.2893764868737454,-0.27881971225762575
783,0,0,0.12172989379204215,0.3168675055683017,True,1,llm_adjudication,2,0.10731791270401489,-0.007314843754290298,0.22195066916232004,0.11768093960974968
798,1,1,0.5742961575804171,0.7338549270059888,True,1,llm_adjudication,2,0.03472349808219199,-0.13065396884882383,0.2001009650132078,-0.012829595656138837
822,0,0,0.7417980053932205,0.6367950734915155,True,1,llm_adjudication,2,0.1714911964293651,0.03517287680578987,0.3078095160529403,0.15687867128973654
827,0,1,0.264977865904604,0.5063020143310597,True,1,llm_adjudication,2,-0.10620301974344895,-0.22088834856511202,0.008482309078214123,-0.47170840662307595
839,0,0,0.4808888128545494,0.1562570180525887,True,1,llm_adjudication,2,-0.173701293409067,-0.3085383360499765,-0.03886425076815758,-0.082870305049013
845,1,1,0.7067711150558171,0.505484558588421,True,1,llm_adjudication,2,0.16600078368105242,-0.07501930051246905,0.4070208678745738,-0.054967122143437575
848,0,0,0.1666158023279128,0.2015602546752192,True,1,llm_adjudication,2,0.04962141968898735,-0.06267531940891147,0.16191815878688615,0.0857810802170664
859,1,1,0.6849906428774399,0.6769103292049636,True,1,llm_adjudication,2,-0.09993064228748676,-0.18115202302531613,-0.018709261549657394,0.10091643251497262
868,1,0,0.3082583807209731,0.1535068027524439,True,1,llm_adjudication,2,-0.06181421504370562,-0.20126666548599412,0.07763823539858283,-0.03768758335333155
875,1,1,0.25333963387393715,0.20708796308982624,True,1,llm_adjudication,2,0.059559255967472594,-0.1623755240476647,0.28149403598260986,0.2750351541256375
892,0,0,0.6313698695873204,0.23382463068565157,True,1,llm_adjudication,2,-0.0032371787944405327,-0.17264379844425518,0.16616944085537408,-0.4218944972490402
893,0,1,0.45589257876268896,0.39302832109664,True,1,llm_adjudication,2,-0.07061446727524387,-0.20583049080228638,0.06460155625179861,-0.13899119129057289
898,1,1,0.49462645872228006,0.3547315126470555,True,1,llm_adjudication,2,-0.004112170529464885,-0.15297762283843463,0.1447532817795048,0.11489019733853345
908,1,1,0.59795154629418,0.5465323047791424,True,1,llm_adjudication,2,0.059912973881416386,-0.06627201985243444,0.1860979676152672,0.2700079153490359
913,0,0,0.4590740424682504,0.15303561997525103,True,1,llm_adjudication,2,0.09818959866048257,-0.08457893901232505,0.28095813633329014,0.5763362625455206
915,1,1,0.8444617337210738,0.7902472579186703,True,1,llm_adjudication,2,0.1288482997920936,-0.0055948983623828885,0.26329149794657003,-0.10460704553612188
924,0,1,0.11064807383603614,0.35875496457481376,True,1,llm_adjudication,2,0.006319613567347318,-0.1461147885960656,0.15875401573076017,-0.03518580558050255
929,1,0,0.6634216252210545,0.5571596280328351,True,1,llm_adjudication,2,-0.03637260278804945,-0.1744843903696398,0.10173918479354087,-0.2246108655442407
934,0,0,0.17588820990102041,0.1479102128392838,True,1,llm_adjudication,2,-0.08139575012482111,-0.23548229772413745,0.07269079747449517,-0.17923562100166213
955,1,1,0.7279935351733413,0.7193079523925068,True,1,llm_adjudication,2,-0.03338885212109941,-0.1828350879289812,0.11605738368678237,-0.4074361291328243
960,1,1,0.516353381546526,0.48744897008899524,True,1,llm_adjudication,2,0.10794983007938286,-0.06549801263767824,0.2813976727964439,0.30302428580824725
961,0,1,0.5952214322323915,0.2839526673389449,True,1,llm_adjudication,2,0.13667789171158948,-0.03986198199201196,0.31321776541519086,-0.17386110854674186
967,0,0,0.7111062328377343,0.6026371727046967,True,1,llm_adjudication,2,0.0198717244030002,-0.09797200076483148,0.13771544957083184,0.11315424130412288
976,0,0,0.22296580907529134,0.08518100874594803,True,1,llm_adjudication,2,-0.07723585609726914,-0.2050522185914178,0.050580506396879485,-0.10435438224184548
977,1,0,0.8795089744048036,0.5493546289655924,True,1,llm_adjudication,2,0.008046038948260037,-0.21823288728232207,0.23432496517884208,0.2172265382051104
980,1,1,0.7845093011134376,0.5285083827381312,True,1,llm_adjudication,2,-0.014449905311950062,-0.1816062518466266,0.15270644122272645,-0.1328309937568829
986,1,0,0.6842931095653495,0.4407593834478375,True,1,llm_adjudication,2,-0.09245256288234387,-0.23852562876399225,0.0536205029993045,-0.21930664730454208
987,0,0,0.4937146818591577,0.41011618555896223,True,1,llm_adjudication,2,-0.0431513987971471,-0.16099504170448597,0.07469224411019176,0.16537846499403014
989,0,0,0.502114524477848,0.4557268144672463,True,1,llm_adjudication,2,-0.035964015335603464,-0.14960667942109637,0.07767864874988942,-0.22553091570484401
5,1,1,0.6377114402121038,0.34254974755376194,True,1,permissive_union,0,0.012937845324404652,-0.13479549714410463,0.1606711877929139,0.29544125881310984
12,0,1,0.40864594703941975,0.30002689738786964,True,1,permissive_union,0,0.016538912266522637,-0.1470171705930289,0.18009499512607413,-0.1020346687031714
15,1,0,0.5202019068490832,0.11807387106554294,True,1,permissive_union,0,-0.0510638185520461,-0.20050442709274724,0.09837678998865503,-0.003080297422145953
30,0,0,0.5746897562690604,0.24295906763714584,True,1,permissive_union,0,0.02195982807162972,-0.06030230092534959,0.10422195706860901,-0.15824629257148742
39,1,0,0.6048933776872666,0.3441516064005722,True,1,permissive_union,0,-0.028590209107181852,-0.15513263671455865,0.09795221850019492,-0.0787740414269622
40,0,0,0.3543801765148926,0.35057432062020416,True,1,permissive_union,0,-0.04042327328955845,-0.18966619098397663,0.10881964440485972,0.060474988513839145
43,1,0,0.7309350546172592,0.38618933830050256,True,1,permissive_union,0,0.0066598024968093595,-0.14958828269813074,0.1629078876917494,-0.19702180525731344
45,0,0,0.2877857978025763,0.3689753372039217,True,1,permissive_union,0,0.0003814784703136511,-0.13499034021206988,0.13575329715269713,0.13139903885494988
48,1,1,0.4640558918721573,0.5888245392655549,True,1,permissive_union,0,-0.10978252935091025,-0.21012800210757843,-0.009437056594242113,-0.02351093248221392
63,1,0,0.493740643635318,0.20164355626544486,True,1,permissive_union,0,-0.030375334101113892,-0.20121908817281126,0.1404684199705834,-0.08061850681857732
67,1,1,0.4135078007326209,0.532633707078535,True,1,permissive_union,0,-0.10903382202144342,-0.2290442568513294,0.010976612808442518,-0.4040936263411786
69,0,0,0.46600337273861786,0.48630868982475617,True,1,permissive_union,0,-0.09719657896177741,-0.22332816610294368,0.02893500817938882,-0.2535047085663173
72,1,0,0.5908011295185976,0.3649110295452353,True,1,permissive_union,0,-0.008795047796911848,-0.1262060094869694,0.10861591389314566,0.03393963416448598
75,1,0,0.8971971121686327,0.590906090484836,True,1,permissive_union,0,-0.0033481281277380395,-0.22487648860611392,0.21818023235063777,-0.21905044290968123
93,0,1,0.23435593073816172,0.3708737195266814,True,1,permissive_union,0,-0.053403996047048874,-0.2133054222326258,0.106497430138528,-0.24763340158643393
115,0,0,0.417662784829503,0.3560754401295836,True,1,permissive_union,0,-0.029983360816852163,-0.19896074137999345,0.13899401974628908,-0.036066766855671034
116,0,1,0.2300810466125331,0.24524587329350514,True,1,permissive_union,0,-0.1705457666444402,-0.2896491531024227,-0.05144238018645779,-0.014342061446469406
121,1,0,0.829551555662928,0.5644650903605791,True,1,permissive_union,0,-0.04459060026676796,-0.144512046506101,0.055330845972565046,-0.578150415838105
122,1,0,0.6628130336914178,0.16757719199669627,True,1,permissive_union,0,-0.07408313190661646,-0.18991384354889185,0.04174757973565889,-0.1662835077113541
123,0,1,0.39744562120923743,0.39243083175848403,True,1,permissive_union,0,-0.005799584737164042,-0.11937860680741405,0.10777943733308593,0.03246765507545743
126,0,0,0.2904388139791195,0.3909132072928165,True,1,permissive_union,0,-0.12748785370337898,-0.20874006859081118,-0.04623563881594679,-0.3010231687743369
130,0,0,0.26863216138852986,0.21849460988274513,True,1,permissive_union,0,-0.07544676015883336,-0.1534202618719751,0.0025267415543083344,0.006309753656425152
137,0,0,0.19104229057139868,0.136704195001431,True,1,permissive_union,0,-0.07442190499848743,-0.2337488090948101,0.08490499909783523,-0.035394603233024145
145,1,0,0.4660143956373304,0.44212132263226617,True,1,permissive_union,0,0.041270984641581916,-0.11749770323069286,0.20003967251385665,-0.33769143797714973
151,0,1,0.5191771574449675,0.4662585530143542,True,1,permissive_union,0,-0.046949273813778274,-0.19239329027702998,0.09849474264947339,-0.31487008056515453
162,0,0,0.5856731783723788,0.5989655969474362,True,1,permissive_union,0,-0.07249180911597358,-0.16963092989027914,0.02464731165833195,-0.1770906937214045
167,0,1,0.6272436550256896,0.707639467658466,True,1,permissive_union,0,-0.02335978057431257,-0.17513470341960832,0.12841514227098316,0.060419762402974864
169,1,1,0.718421807752594,0.8744463758885973,True,1,permissive_union,0,-0.12027118315912051,-0.2730559654517956,0.03251359913355455,-0.059438745764093026
180,1,1,0.8672668628184429,0.5657293381904667,True,1,permissive_union,0,-0.03361781782568231,-0.12055566819908231,0.05332003254771768,0.07214620573564456
186,1,0,0.5911390146431826,0.5179879989770028,True,1,permissive_union,0,-0.04088392165255471,-0.12210756251897012,0.04033971921386069,-0.34838730337294177
193,0,0,0.40023106047420476,0.1550758670471376,True,1,permissive_union,0,-0.06284069525860556,-0.1846087508015365,0.05892736028432535,-0.07790570380726344
196,0,0,0.4779684453454312,0.4063942925546509,True,1,permissive_union,0,0.006514031674963043,-0.1436530190991346,0.15668108244906065,0.18500422317417548
198,0,0,0.14587366590344183,0.3168318250125152,True,1,permissive_union,0,-0.04713496708818845,-0.17300862487041344,0.0787386906940365,-0.09796041668062988
205,1,1,0.889667935890094,0.4157414662695457,True,1,permissive_union,0,-0.07845446486449673,-0.15348465417056467,-0.00342427555842878,0.10039000345163385
208,1,1,0.37917397054309765,0.6227098092939151,True,1,permissive_union,0,-0.020234516731138887,-0.18642136871678064,0.14595233525450285,-0.38364186382161225
211,0,0,0.231401125726331,0.22905857404779453,True,1,permissive_union,0,-0.020387274206256762,-0.1174882133562959,0.07671366494378236,0.039362356322426656
229,0,0,0.35491053100236486,0.18642819332391197,True,1,permissive_union,0,-0.07484203375295885,-0.16465027570246998,0.014966208196552255,-0.0181111175885878
237,0,1,0.3187585270756577,0.6861105920384603,True,1,permissive_union,0,-0.025307705193315936,-0.12508205565181463,0.07446664526518272,0.014677238537030401
241,1,0,0.33880276994038705,0.4470269612145222,True,1,permissive_union,0,-0.02513266611491275,-0.132787111846624,0.08252177961679849,-0.2359562924134932
250,1,1,0.8428866494274864,0.703627059039757,True,1,permissive_union,0,-0.04377506422884735,-0.13636678743524677,0.048816658977552045,-0.14381661120733635
254,0,1,0.20839292854203073,0.24099446092279211,True,1,permissive_union,0,-0.04257596495535144,-0.20476454897150173,0.11961261906079881,0.11029612787953566
261,0,0,0.25783316789758004,0.1812073244799295,True,1,permissive_union,0,0.004397317696631408,-0.15741931005131055,0.16621394544457332,0.31285754382566056
264,1,1,0.5133701154893368,0.5783417591739412,True,1,permissive_union,0,-0.028689262223295296,-0.1520585855933755,0.09468006114678489,0.10130985419071503
265,0,0,0.4673440107611287,0.3563794093146026,True,1,permissive_union,0,-0.13616798319321607,-0.3151443915046236,0.04280842511819144,-0.19966649402570194
270,0,0,0.34874073775724557,0.20171397701955088,True,1,permissive_union,0,-0.027461771317446974,-0.1883861631793357,0.13346262054444172,-0.05981133747776573
271,1,0,0.8208015211662028,0.8654343342544495,True,1,permissive_union,0,-0.03770927431482671,-0.1825127161503821,0.10709416752072864,-0.027407061388611043
277,1,1,0.8458274757149049,0.5796784555469318,True,1,permissive_union,0,-0.0272602486120753,-0.1703696517857472,0.11584915456159656,0.19707323380293573
282,0,0,0.4968539889905682,0.48950108386632263,True,1,permissive_union,0,-0.01911333211370764,-0.13624268474437962,0.09801602051696431,0.2904593735133494
284,0,1,0.26169668314489575,0.48044735559495144,True,1,permissive_union,0,0.003105163474382322,-0.11348211993795086,0.11969244688671547,0.18518688543613304
288,1,0,0.7511605014707504,0.5824804714021297,True,1,permissive_union,0,-0.060900868489202196,-0.21800255152919798,0.09620081455079352,0.004640120746827181
294,1,1,0.8164796270017057,0.49031264913350026,True,1,permissive_union,0,-0.015288049517007638,-0.17687925256867548,0.14630315353466017,-0.34951026332690505
318,0,0,0.6636540076542939,0.5705544669325786,True,1,permissive_union,0,-0.0013943316188172786,-0.16709545066135034,0.16430678742371577,-0.20199985734703257
319,1,1,0.8930296774091446,0.7555478412559756,True,1,permissive_union,0,-0.020761373142573772,-0.176036640361594,0.13451389407644643,0.04278373950332526
328,0,1,0.39432924248177276,0.18948303187203663,True,1,permissive_union,0,-0.01156384576255757,-0.12511849541239697,0.10199080388728181,0.10327243996857394
334,0,0,0.32003853805723764,0.2875355167491368,True,1,permissive_union,0,-0.0657821901616207,-0.2605036476241275,0.12893926730088606,-0.1484375342195409
339,0,1,0.6907306329755005,0.5644583916735121,True,1,permissive_union,0,-0.08416708827389224,-0.25305820439368554,0.08472402784590097,-0.04096418254395162
343,1,1,0.7122793784860058,0.5155210187085154,True,1,permissive_union,0,-0.04924666410073275,-0.16880075949652254,0.07030743129505701,-0.252500407706424
346,0,0,0.4668878241550569,0.33951763988107997,True,1,permissive_union,0,-0.020744950847989163,-0.11027600898773111,0.06878610729175276,0.021257549177203516
347,0,1,0.20263826870260368,0.2637419376444213,True,1,permissive_union,0,-0.07048111169262043,-0.22116037137969707,0.08019814799445617,0.0718545920669893
349,0,1,0.7980010545149436,0.6771543356924604,True,1,permissive_union,0,-0.054833721915325206,-0.17703220459007624,0.06736476075942581,0.03268878550218324
354,1,0,0.532805219686784,0.2924577715670299,True,1,permissive_union,0,0.013340002217843977,-0.08233978866224038,0.10901979309792832,-0.14297135067526034
357,1,1,0.6408274001124588,0.2999253159315922,True,1,permissive_union,0,-0.06377847612629192,-0.1650294846198555,0.03747253236727162,0.1013446835796018
360,1,0,0.3477877504865826,0.3387807653978252,True,1,permissive_union,0,-0.07414691318018317,-0.1922130708766681,0.043919244516301734,-0.20995476861796994
361,0,0,0.29661108176182654,0.23059339157774011,True,1,permissive_union,0,-0.04262139440853075,-0.1972375335163958,0.11199474469933429,-0.0406445885166562
365,1,0,0.6049751553904226,0.2863717839207137,True,1,permissive_union,0,-0.07426944663375158,-0.18052776165602177,0.03198886838851858,-0.3344524588585174
368,1,0,0.6849883638981021,0.32733973117530735,True,1,permissive_union,0,-0.06248136392903828,-0.15036656294328202,0.025403835085205446,-0.05427466854280549
370,1,0,0.19790340240759838,0.10800260009836761,True,1,permissive_union,0,-0.04773254278231055,-0.18576215531755086,0.09029706975292974,-0.11224918810400103
380,0,1,0.7471666727680591,0.4674264398886901,True,1,permissive_union,0,-0.06393368656016944,-0.1828799684592887,0.05501259533894978,-0.4595323870462047
384,1,1,0.6900728481780237,0.5112597274821526,True,1,permissive_union,0,0.0063100395331961885,-0.11435067774707629,0.12697075681346864,0.0703099140074529
392,1,1,0.7956043945971023,0.7308406047876336,True,1,permissive_union,0,-0.059773934755203276,-0.19376556275129736,0.0742176932408908,0.0859568948245617
398,0,1,0.3206138626697417,0.45685223927714724,True,1,permissive_union,0,-0.02535049248103574,-0.1319829076627051,0.0812819227006336,-0.3498504475078327
409,0,0,0.18337791691798333,0.4439000770292082,True,1,permissive_union,0,-0.0031864251335591287,-0.2190937049347114,0.2127208546675931,0.14554265152238055
422,1,1,0.4374280553015159,0.34871246199525907,True,1,permissive_union,0,0.03762918434806866,-0.0947163888796782,0.1699747575758155,0.04875396248008518
424,1,0,0.6770097302582416,0.7052642761137701,True,1,permissive_union,0,-0.08317234593914853,-0.23428827676702701,0.06794358488872991,-0.411950972386599
431,1,1,0.4372491262168222,0.6279412483546116,True,1,permissive_union,0,-0.1154467697640992,-0.2680196373547014,0.037126097826502974,-0.32665406706368566
433,0,0,0.10525170726096475,0.10427304962006238,True,1,permissive_union,0,-0.11102420161923046,-0.28181765525694014,0.05976925201847916,-0.03402153155820689
435,0,1,0.4409894527049854,0.6729711349557012,True,1,permissive_union,0,-0.07263636496912933,-0.20087958219001312,0.05560685225175442,-0.10742312894197681
446,1,0,0.2790381570542702,0.16375999330593335,True,1,permissive_union,0,-0.1266112875339433,-0.30231097123409073,0.04908839616620411,-0.06432527410523083
447,1,1,0.536835214889051,0.5503554221394807,True,1,permissive_union,0,-0.030408777414640306,-0.11429868106833309,0.05348112623905246,0.034144994760945346
451,1,1,0.7690955084071955,0.6112206494377056,True,1,permissive_union,0,-0.03241948622094676,-0.12866200192281108,0.06382302948091755,-0.17663563846118313
460,1,0,0.39094770965443404,0.27994469973743064,True,1,permissive_union,0,-0.05006070995664529,-0.18118506971477677,0.08106364980148614,-0.15089969081385596
462,0,0,0.4757820881301206,0.3798226570352518,True,1,permissive_union,0,0.03334707757414018,-0.11390912777641823,0.18060328292469857,-0.02877369342676961
465,0,1,0.4312755600906261,0.6491876730428766,True,1,permissive_union,0,-0.030266506655996082,-0.1666660209538168,0.1061330076418246,-0.07352311822592295
467,0,0,0.2562069965782711,0.26684038260745196,True,1,permissive_union,0,-0.07906686095951501,-0.22800467597451404,0.06987095405548396,0.18109530692018136
468,1,0,0.44882293786932376,0.4590625162462623,True,1,permissive_union,0,-0.03483794816495032,-0.12717384406624346,0.05749794773634279,-0.36394341785118856
474,0,0,0.4334979519869535,0.38280401600429703,True,1,permissive_union,0,-0.025873305498404976,-0.21302345124413458,0.16127684024732458,0.27024214191256124
478,1,0,0.5739982744039367,0.2947270948162633,True,1,permissive_union,0,-0.07069808465966591,-0.2011224546088674,0.059726285289535566,-0.14113139488284232
481,0,1,0.5087083360409932,0.40825501741027925,True,1,permissive_union,0,-0.037869937601406646,-0.1639722820298746,0.0882324068270613,0.24256774419822325
486,1,1,0.7441202307802978,0.6148549412893181,True,1,permissive_union,0,-0.06441775744552385,-0.16778524452470592,0.03894972963365821,-0.6892153014395378
487,1,1,0.8467975192157075,0.5866738910251524,True,1,permissive_union,0,0.014004200387122146,-0.09232098448116302,0.12032938525540729,-0.028156691615068175
498,0,0,0.3020648921646804,0.1979830251548477,True,1,permissive_union,0,-0.11423993353684361,-0.29935812190283406,0.07087825482914678,-0.1062618189134249
503,0,0,0.3446948747805175,0.2658055219729751,True,1,permissive_union,0,-0.04080739161258035,-0.1478384998705853,0.06622371664542459,-0.16728505428348134
507,1,1,0.8311033999506614,0.7945564212316646,True,1,permissive_union,0,-0.05614573095490896,-0.161911914203084,0.04962045229326606,-0.030854928811506976
508,0,0,0.5229332692489086,0.2601699446166555,True,1,permissive_union,0,-0.08502578066249718,-0.24624701236390278,0.07619545103890842,-0.05620972089686527
514,1,1,0.8270038617254091,0.6943390637417084,True,1,permissive_union,0,-0.03129404513998235,-0.14682503692433035,0.08423694664436561,-0.061478120138046544
526,0,0,0.15782593929996835,0.13044474411998602,True,1,permissive_union,0,-0.032350612280934256,-0.18690955822641422,0.1222083336645457,0.020299231269924375
528,1,1,0.6647472925894883,0.7352516088728809,True,1,permissive_union,0,-0.0031281738263008968,-0.15218272360430937,0.14592637595170754,-0.3151680255715663
532,1,0,0.5659465902283147,0.4305883970188177,True,1,permissive_union,0,-0.07876031414124524,-0.15049026990045644,-0.007030358382034044,-0.5334643262344162
534,0,1,0.6356185713393279,0.49570608184298615,True,1,permissive_union,0,0.06543760356976297,-0.08275161638780579,0.21362682352733167,0.13543398492073888
535,0,0,0.6385549390569282,0.3491581541021244,True,1,permissive_union,0,0.02668929925801283,-0.06747229761624456,0.1208508961322702,0.03704061610492676
538,1,0,0.7165422603028302,0.5565385298635452,True,1,permissive_union,0,-0.018162577769342495,-0.1968444556445782,0.16051930010589316,-0.06212851278558973
539,0,1,0.3919352408994978,0.39807883890515544,True,1,permissive_union,0,-0.11547758079949262,-0.22491977064117497,-0.006035390957810291,-0.11126006308263126
546,0,0,0.30246911548946265,0.1674140399970113,True,1,permissive_union,0,-0.08258677909849824,-0.1749011324713594,0.009727574274362896,-0.06620608679353736
549,1,0,0.737809295603759,0.4018100071172399,True,1,permissive_union,0,-0.04771264425309262,-0.16028826165324508,0.0648629731470598,-0.22605679180368443
550,0,0,0.22968620364065134,0.12507868829739605,True,1,permissive_union,0,-0.09247155871094845,-0.16828041366587115,-0.016662703756025757,-0.08381602753461014
552,1,0,0.5131292585651384,0.19044531066663345,True,1,permissive_union,0,-0.03744826038324648,-0.13214194751423056,0.057245426747737575,0.08753892270289004
559,1,0,0.6085123450001269,0.405681505096466,True,1,permissive_union,0,-0.08264687114493256,-0.21774879341708864,0.05245505112722344,-0.36576085048430995
560,1,1,0.8655555287273489,0.6294406160354643,True,1,permissive_union,0,-0.08506519477237069,-0.22374115955631274,0.053610770011571315,-0.06469990771798673
561,1,0,0.6004522932294956,0.25193874811218325,True,1,permissive_union,0,-0.02874797594963756,-0.15145008958481873,0.09395413768554359,-0.14847635272894044
563,0,0,0.34977696900330585,0.3001244011940171,True,1,permissive_union,0,-0.08422731205516688,-0.16932170306233724,0.0008670789520034278,0.08723419972137467
568,1,1,0.8420165704415828,0.7241993149028411,True,1,permissive_union,0,-0.10513510846235495,-0.23241328726223026,0.022143070337520318,-0.11006768648138565
569,0,1,0.6204165780663479,0.649966418468412,True,1,permissive_union,0,-0.08615611591229694,-0.20752163705278395,0.03520940522819005,-0.03506472883281053
578,0,0,0.528449166106585,0.541129455632692,True,1,permissive_union,0,-0.07199685291580651,-0.20084687165388965,0.05685316582227659,-0.1661069213092291
584,1,0,0.4835230499831929,0.6086690571475216,True,1,permissive_union,0,0.01297922387623528,-0.1534208584143467,0.17937930616681724,-0.18620539681394355
588,1,1,0.6950874683394853,0.6067692377764136,True,1,permissive_union,0,0.01612596562294577,-0.12518621452456385,0.15743814577045537,0.05151712594740754
594,0,1,0.3845124638174599,0.20204826370818607,True,1,permissive_union,0,-0.07595112620740249,-0.16797696171287185,0.016074709298066828,-0.1845762402931477
599,0,1,0.5139276407168637,0.3069862927665871,True,1,permissive_union,0,-0.013776237372069927,-0.0877945097732019,0.060242035029062016,-0.017020805613165407
603,1,1,0.8760250372770755,0.7245136388321798,True,1,permissive_union,0,-0.06908372451448432,-0.19894779410816454,0.06078034507919587,-0.4064471216929251
606,0,1,0.21922940776003394,0.3608687382193187,True,1,permissive_union,0,-0.07845012655435812,-0.191533884162467,0.034633631053750724,-0.0810499975355446
607,0,0,0.2306889141131686,0.41349980578355594,True,1,permissive_union,0,-0.04852353245504485,-0.20588628607498555,0.10883922116489583,-0.20262165996000597
609,0,1,0.2303519206028594,0.1661800464978828,True,1,permissive_union,0,-0.024263455726209873,-0.12200795536380146,0.0734810439113817,-0.17815202596793825
614,1,1,0.6467946600933504,0.454149402724382,True,1,permissive_union,0,-0.11703913410019126,-0.2570077451346106,0.02292947693422806,0.13800989485438941
617,1,0,0.6802572666640975,0.691208308706228,True,1,permissive_union,0,-0.11790466823397959,-0.21200365644835417,-0.02380568001960502,-0.32977963417948597
621,1,1,0.627291255719527,0.643934722388693,True,1,permissive_union,0,-0.08036559850135312,-0.22310557080078353,0.06237437379807727,-0.10300534475910206
626,1,0,0.474501537217078,0.16437460061425205,True,1,permissive_union,0,-0.06887711491751089,-0.1901458344230304,0.05239160458800861,-0.14734105843629364
638,1,0,0.2748012559824055,0.1239220657092472,True,1,permissive_union,0,-0.029467927855729752,-0.15033166571790052,0.09139581000644098,-0.028967779075204383
648,1,1,0.5446984576494674,0.4969151883647077,True,1,permissive_union,0,-0.04926979032631993,-0.16433002872334157,0.0657904480707017,0.22657797391420198
651,1,0,0.7414638822974168,0.20735604282143721,True,1,permissive_union,0,-0.07156156818244808,-0.1560805069489013,0.012957370584005132,0.14285091672279376
656,0,0,0.28204662460451924,0.4366149382471533,True,1,permissive_union,0,-0.04148863898504593,-0.17463649833729034,0.09165922036719845,0.008071797181922913
662,0,0,0.6929571721037661,0.5688028871898342,True,1,permissive_union,0,0.006325523546787575,-0.09057108906947581,0.10322213616305094,0.12090442381375327
663,1,1,0.6304851473044282,0.5835748670106308,True,1,permissive_union,0,0.014740902252751861,-0.07863516565836681,0.10811697016387051,-0.0006267839972746714
676,1,0,0.4599439184764482,0.29878782114157487,True,1,permissive_union,0,-0.08938394098767624,-0.23810202874241343,0.05933414676706092,0.288078314021742
680,1,0,0.6829703748258147,0.11385594636738014,True,1,permissive_union,0,-0.03857868531967687,-0.1752379156192477,0.09808054497989394,-0.21676132704337042
684,0,0,0.5697406984360188,0.19983185070397666,True,1,permissive_union,0,-0.03874716855022556,-0.11235214569523501,0.034857808594783865,-0.09365228131014089
689,1,1,0.8868225930045658,0.8706173422583725,True,1,permissive_union,0,-0.043009614497902,-0.14605891544998986,0.06003968645418584,0.028437736123359203
707,1,0,0.3095601577041158,0.16574517487960455,True,1,permissive_union,0,-0.08046171665128563,-0.23832700203610457,0.0774035687335333,-0.18261274863827542
708,0,0,0.38944180681518387,0.31109833854695346,True,1,permissive_union,0,-0.10024777726917139,-0.2223975631915077,0.021902008653164884,-0.3033594815556778
712,0,0,0.22671743720630477,0.39916050095370287,True,1,permissive_union,0,-0.025958653766749856,-0.14031852366814662,0.08840121613464688,0.20262182932038472
713,0,1,0.4479973834356069,0.7899673126686212,True,1,permissive_union,0,-0.04212141675762372,-0.15594082324368844,0.07169798972844096,0.18351149860665072
723,1,1,0.8791019779208326,0.6312407840166131,True,1,permissive_union,0,0.03739687522018366,-0.05461386997163638,0.12940762041200365,-0.013981278819158116
735,1,1,0.7869431386479372,0.5368141960979033,True,1,permissive_union,0,0.018997323644669058,-0.08681421251704238,0.12480885980638046,0.2892291597635016
739,0,1,0.16567925131260422,0.3625667250095327,True,1,permissive_union,0,-0.01594137590468374,-0.20823072598035258,0.17634797417098502,0.04653584065128688
743,1,0,0.6338297786120288,0.6070901283292623,True,1,permissive_union,0,-0.07782726067548777,-0.2295671813930928,0.07391266004211718,-0.3588049137290085
744,0,0,0.2696157041235064,0.15264458849958287,True,1,permissive_union,0,-0.03930100769881756,-0.18219779229206512,0.10359577689442998,0.00043827428651807554
752,1,0,0.6647472925894883,0.7208329462562315,True,1,permissive_union,0,0.008273471711356182,-0.14915519708787983,0.16570214051059212,-0.048624029853681416
760,1,1,0.7134555858731084,0.792566241366111,True,1,permissive_union,0,-0.14611120312663847,-0.3420795137369339,0.049857107483656904,-0.1049719012824385
773,1,1,0.8386940353384825,0.852870223315683,True,1,permissive_union,0,0.02375145460902972,-0.19767351431115024,0.24517642352920963,-0.05078761983714952
776,0,0,0.3345234242308092,0.20533773166060534,True,1,permissive_union,0,-0.008730588581689442,-0.1437698156462105,0.1263086384828316,0.11215936655437345
779,0,0,0.3257453007133764,0.22754313436062862,True,1,permissive_union,0,-0.05465797947406929,-0.14555745893007466,0.03624149998193606,0.2102850669914252
781,1,1,0.6832939038423603,0.63754694937672,True,1,permissive_union,0,-0.007631859511352628,-0.08845305663675188,0.0731893376140466,0.031273744586730046
782,1,0,0.7648701537663227,0.4641424883295498,True,1,permissive_union,0,-0.005689451491333016,-0.1586571314521161,0.14727822846945005,-0.27881971225762575
783,0,0,0.12172989379204215,0.3168675055683017,True,1,permissive_union,0,-0.037698136034862356,-0.1505422170270212,0.07514594495729644,0.11768093960974968
798,1,1,0.5742961575804171,0.7338549270059888,True,1,permissive_union,0,-0.07420910475052196,-0.24260014108362482,0.09418193158258086,-0.012829595656138837
822,0,0,0.7417980053932205,0.6367950734915155,True,1,permissive_union,0,0.05791634812406809,-0.09615304753994439,0.21198574378808052,0.15687867128973654
827,0,1,0.264977865904604,0.5063020143310597,True,1,permissive_union,0,-0.11990822316815139,-0.28419550969374885,0.04437906335744607,-0.47170840662307595
839,0,0,0.4808888128545494,0.1562570180525887,True,1,permissive_union,0,-0.07962755955417725,-0.2002988107897613,0.04104369168140677,-0.082870305049013
845,1,1,0.7067711150558171,0.505484558588421,True,1,permissive_union,0,0.0121574077934635,-0.1361580350446752,0.16047285063160213,-0.054967122143437575
848,0,0,0.1666158023279128,0.2015602546752192,True,1,permissive_union,0,-0.06544021361844907,-0.16969171352701065,0.03881128629011249,0.0857810802170664
859,1,1,0.6849906428774399,0.6769103292049636,True,1,permissive_union,0,-0.032824603180221464,-0.11468475290610047,0.04903554654565754,0.10091643251497262
868,1,0,0.3082583807209731,0.1535068027524439,True,1,permissive_union,0,-0.07645842747787947,-0.20586205331498836,0.05294519835922935,-0.03768758335333155
875,1,1,0.25333963387393715,0.20708796308982624,True,1,permissive_union,0,0.032174143608306977,-0.0705194142736246,0.13486770149023852,0.2750351541256375
892,0,0,0.6313698695873204,0.23382463068565157,True,1,permissive_union,0,-0.029262916371749492,-0.12847416613217444,0.06994833338867541,-0.4218944972490402
893,0,1,0.45589257876268896,0.39302832109664,True,1,permissive_union,0,-0.04471317209097692,-0.13084924844844478,0.041422904266490916,-0.13899119129057289
898,1,1,0.49462645872228006,0.3547315126470555,True,1,permissive_union,0,-0.035711895134536015,-0.1912942275293452,0.11987043726027313,0.11489019733853345
908,1,1,0.59795154629418,0.5465323047791424,True,1,permissive_union,0,-0.06829585992123434,-0.2396624423934131,0.10307072255094439,0.2700079153490359
913,0,0,0.4590740424682504,0.15303561997525103,True,1,permissive_union,0,-0.0015699410890656585,-0.1118166518531375,0.10867676967500614,0.5763362625455206
915,1,1,0.8444617337210738,0.7902472579186703,True,1,permissive_union,0,0.029297745796499793,-0.15514813376941042,0.21374362536240998,-0.10460704553612188
924,0,1,0.11064807383603614,0.35875496457481376,True,1,permissive_union,0,-0.08936862896972925,-0.23612821608609375,0.057390958146635224,-0.03518580558050255
929,1,0,0.6634216252210545,0.5571596280328351,True,1,permissive_union,0,-0.02006622420011997,-0.18503994691913433,0.14490749851889437,-0.2246108655442407
934,0,0,0.17588820990102041,0.1479102128392838,True,1,permissive_union,0,-0.10064556878793808,-0.2380059483933084,0.036714810817432234,-0.17923562100166213
955,1,1,0.7279935351733413,0.7193079523925068,True,1,permissive_union,0,-0.0849192116559326,-0.1626755496782207,-0.007162873633644512,-0.4074361291328243
960,1,1,0.516353381546526,0.48744897008899524,True,1,permissive_union,0,0.025082125805014868,-0.15316457679371323,0.20332882840374294,0.30302428580824725
961,0,1,0.5952214322323915,0.2839526673389449,True,1,permissive_union,0,-0.0022271215040065187,-0.15551644083233576,0.15106219782432267,-0.17386110854674186
967,0,0,0.7111062328377343,0.6026371727046967,True,1,permissive_union,0,-0.03526167751815282,-0.13204019254611132,0.061516837509805675,0.11315424130412288
976,0,0,0.22296580907529134,0.08518100874594803,True,1,permissive_union,0,-0.08836833268009761,-0.22182415183664822,0.04508748647645294,-0.10435438224184548
977,1,0,0.8795089744048036,0.5493546289655924,True,1,permissive_union,0,0.009376950893880995,-0.11648978588493383,0.1352436876726958,0.2172265382051104
980,1,1,0.7845093011134376,0.5285083827381312,True,1,permissive_union,0,-0.04471394001668485,-0.18492450145296513,0.09549662141959539,-0.1328309937568829
986,1,0,0.6842931095653495,0.4407593834478375,True,1,permissive_union,0,-0.06901096137099456,-0.1757423567454199,0.03772043400343075,-0.21930664730454208
987,0,0,0.4937146818591577,0.41011618555896223,True,1,permissive_union,0,-0.028429114523934602,-0.15048032744660375,0.0936220983987345,0.16537846499403014
989,0,0,0.502114524477848,0.4557268144672463,True,1,permissive_union,0,-0.05381319401597258,-0.18250080405689123,0.07487441602494606,-0.22553091570484401
5,1,1,0.6377114402121038,0.34254974755376194,True,1,permissive_union,1,0.02295329207928861,-0.16040536993855328,0.2063119540971305,0.29544125881310984
12,0,1,0.40864594703941975,0.30002689738786964,True,1,permissive_union,1,0.03100318542703978,-0.10297406127007128,0.1649804321241508,-0.1020346687031714
15,1,0,0.5202019068490832,0.11807387106554294,True,1,permissive_union,1,-0.08350926441239605,-0.2622565723595176,0.09523804353472544,-0.003080297422145953
30,0,0,0.5746897562690604,0.24295906763714584,True,1,permissive_union,1,0.0037857780878316903,-0.0831651377608869,0.09073669393655025,-0.15824629257148742
39,1,0,0.6048933776872666,0.3441516064005722,True,1,permissive_union,1,-0.0005151843358288072,-0.10093522814063774,0.0999048594689801,-0.0787740414269622
40,0,0,0.3543801765148926,0.35057432062020416,True,1,permissive_union,1,0.011446711178581573,-0.15530601063707816,0.17819943299424126,0.060474988513839145
43,1,0,0.7309350546172592,0.38618933830050256,True,1,permissive_union,1,-0.060485648879811574,-0.26074725099756935,0.13977595323794617,-0.19702180525731344
45,0,0,0.2877857978025763,0.3689753372039217,True,1,permissive_union,1,-0.004429251553036399,-0.20050788090143784,0.191649377795365,0.13139903885494988
48,1,1,0.4640558918721573,0.5888245392655549,True,1,permissive_union,1,-0.06918967700105295,-0.1782086487103248,0.03982929470821886,-0.02351093248221392
63,1,0,0.493740643635318,0.20164355626544486,True,1,permissive_union,1,-0.08755268230850881,-0.27948517295637754,0.1043798083393599,-0.08061850681857732
67,1,1,0.4135078007326209,0.532633707078535,True,1,permissive_union,1,-0.1417493019598611,-0.2856089261689667,0.0021103222492445117,-0.4040936263411786
69,0,0,0.46600337273861786,0.48630868982475617,True,1,permissive_union,1,-0.03866030807239879,-0.1846405309464968,0.10731991480169917,-0.2535047085663173
72,1,0,0.5908011295185976,0.3649110295452353,True,1,permissive_union,1,-0.0184839390937694,-0.0957430284806442,0.058775150293105385,0.03393963416448598
75,1,0,0.8971971121686327,0.590906090484836,True,1,permissive_union,1,-0.0057056004055083135,-0.20200845217675015,0.19059725136573344,-0.21905044290968123
93,0,1,0.23435593073816172,0.3708737195266814,True,1,permissive_union,1,-0.034413847078277236,-0.13682491088450974,0.06799721672795525,-0.24763340158643393
115,0,0,0.417662784829503,0.3560754401295836,True,1,permissive_union,1,-0.017307678444650868,-0.1657376669309605,0.13112231004165875,-0.036066766855671034
116,0,1,0.2300810466125331,0.24524587329350514,True,1,permissive_union,1,-0.11879401864495202,-0.3126574477735184,0.0750694104836143,-0.014342061446469406
121,1,0,0.829551555662928,0.5644650903605791,True,1,permissive_union,1,-0.012699737038135544,-0.11414766690189383,0.08874819282562274,-0.578150415838105
122,1,0,0.6628130336914178,0.16757719199669627,True,1,permissive_union,1,-0.059529106696174186,-0.2587900121404403,0.13973179874809188,-0.1662835077113541
123,0,1,0.39744562120923743,0.39243083175848403,True,1,permissive_union,1,-0.010193791830263518,-0.1881178011717632,0.16773021751123612,0.03246765507545743
126,0,0,0.2904388139791195,0.3909132072928165,True,1,permissive_union,1,-0.14156442048659143,-0.3184558309134611,0.03532698994027822,-0.3010231687743369
130,0,0,0.26863216138852986,0.21849460988274513,True,1,permissive_union,1,-0.05947552791630692,-0.1741075456790776,0.05515648984646376,0.006309753656425152
137,0,0,0.19104229057139868,0.136704195001431,True,1,permissive_union,1,-0.02618100937617966,-0.11080800932341114,0.058445990571051806,-0.035394603233024145
145,1,0,0.4660143956373304,0.44212132263226617,True,1,permissive_union,1,0.04483859888751289,-0.05380821549641081,0.14348541327143655,-0.33769143797714973
151,0,1,0.5191771574449675,0.4662585530143542,True,1,permissive_union,1,-0.032981411381197145,-0.19792882386307514,0.13196600110068082,-0.31487008056515453
162,0,0,0.5856731783723788,0.5989655969474362,True,1,permissive_union,1,-0.02610103122418973,-0.16315116666063498,0.1109491042122555,-0.1770906937214045
167,0,1,0.6272436550256896,0.707639467658466,True,1,permissive_union,1,-0.05455014192659904,-0.15125962478323315,0.04215934093003507,0.060419762402974864
169,1,1,0.718421807752594,0.8744463758885973,True,1,permissive_union,1,-0.10725451944159863,-0.20204104525433617,-0.012467993628861113,-0.059438745764093026
180,1,1,0.8672668628184429,0.5657293381904667,True,1,permissive_union,1,-0.028283979813733755,-0.13521877646737424,0.07865081683990671,0.07214620573564456
186,1,0,0.5911390146431826,0.5179879989770028,True,1,permissive_union,1,-0.06358476211749528,-0.24683720705714696,0.11966768282215634,-0.34838730337294177
193,0,0,0.40023106047420476,0.1550758670471376,True,1,permissive_union,1,-0.028836494509119303,-0.173596007222595,0.11592301820435637,-0.07790570380726344
196,0,0,0.4779684453454312,0.4063942925546509,True,1,permissive_union,1,0.021715111805882266,-0.08059365185863815,0.12402387547040267,0.18500422317417548
198,0,0,0.14587366590344183,0.3168318250125152,True,1,permissive_union,1,-0.022890789580790553,-0.14228094789350473,0.0964993687319236,-0.09796041668062988
205,1,1,0.889667935890094,0.4157414662695457,True,1,permissive_union,1,-0.06235246130940183,-0.2019292832147793,0.07722436059597557,0.10039000345163385
208,1,1,0.37917397054309765,0.6227098092939151,True,1,permissive_union,1,-0.030280026015070072,-0.193379914827337,0.13281986279719682,-0.38364186382161225
211,0,0,0.231401125726331,0.22905857404779453,True,1,permissive_union,1,0.04730821365092898,-0.055355224741926834,0.14997165204378476,0.039362356322426656
229,0,0,0.35491053100236486,0.18642819332391197,True,1,permissive_union,1,-0.07895291571321679,-0.1642418139240038,0.006335982497570211,-0.0181111175885878
237,0,1,0.3187585270756577,0.6861105920384603,True,1,permissive_union,1,0.011752785251032412,-0.09415710338516955,0.11766267388723436,0.014677238537030401
241,1,0,0.33880276994038705,0.4470269612145222,True,1,permissive_union,1,-0.07911803734381495,-0.1709965188913597,0.012760444203729779,-0.2359562924134932
250,1,1,0.8428866494274864,0.703627059039757,True,1,permissive_union,1,-0.05099963761512241,-0.15417187862074677,0.05217260339050192,-0.14381661120733635
254,0,1,0.20839292854203073,0.24099446092279211,True,1,permissive_union,1,0.015735670737325676,-0.07809979286572742,0.10957113434037875,0.11029612787953566
261,0,0,0.25783316789758004,0.1812073244799295,True,1,permissive_union,1,0.05477477723234428,-0.0585640539547931,0.16811360841948164,0.31285754382566056
264,1,1,0.5133701154893368,0.5783417591739412,True,1,permissive_union,1,-0.019965962900175004,-0.15191567322563493,0.1119837474252849,0.10130985419071503
265,0,0,0.4673440107611287,0.3563794093146026,True,1,permissive_union,1,-0.06929466087369104,-0.25701583689491536,0.11842651514753322,-0.19966649402570194
270,0,0,0.34874073775724557,0.20171397701955088,True,1,permissive_union,1,-0.001102011617101346,-0.09636146403501641,0.0941574408008137,-0.05981133747776573
271,1,0,0.8208015211662028,0.8654343342544495,True,1,permissive_union,1,-0.02849432281269506,-0.12112368812464663,0.0641350424992565,-0.027407061388611043
277,1,1,0.8458274757149049,0.5796784555469318,True,1,permissive_union,1,0.0011882825490492901,-0.10022109294219085,0.1025976580402894,0.19707323380293573
282,0,0,0.4968539889905682,0.48950108386632263,True,1,permissive_union,1,-0.02328867640775134,-0.20137970855228676,0.15480235573678403,0.2904593735133494
284,0,1,0.26169668314489575,0.48044735559495144,True,1,permissive_union,1,-0.011329648987734137,-0.11234794737578623,0.08968864940031793,0.18518688543613304
288,1,0,0.7511605014707504,0.5824804714021297,True,1,permissive_union,1,0.006265826408313247,-0.11086066294609355,0.12339231576272003,0.004640120746827181
294,1,1,0.8164796270017057,0.49031264913350026,True,1,permissive_union,1,0.0013248510377338386,-0.13962101342208097,0.1422707154975486,-0.34951026332690505
318,0,0,0.6636540076542939,0.5705544669325786,True,1,permissive_union,1,-0.03261754645381017,-0.19392296268668419,0.12868786977906382,-0.20199985734703257
319,1,1,0.8930296774091446,0.7555478412559756,True,1,permissive_union,1,-0.05158395804789821,-0.19227637331379305,0.08910845721799661,0.04278373950332526
328,0,1,0.39432924248177276,0.18948303187203663,True,1,permissive_union,1,0.015136043320184997,-0.08443186408767785,0.11470395072804782,0.10327243996857394
334,0,0,0.32003853805723764,0.2875355167491368,True,1,permissive_union,1,-0.02561781642070635,-0.18530362367344302,0.1340679908320303,-0.1484375342195409
339,0,1,0.6907306329755005,0.5644583916735121,True,1,permissive_union,1,-0.06704909769315884,-0.16760164684003204,0.03350345145371435,-0.04096418254395162
343,1,1,0.7122793784860058,0.5155210187085154,True,1,permissive_union,1,-0.04183059191202973,-0.1730864995472952,0.08942531572323567,-0.252500407706424
346,0,0,0.4668878241550569,0.33951763988107997,True,1,permissive_union,1,-0.02837207662071185,-0.2008504147276451,0.14410626148622138,0.021257549177203516
347,0,1,0.20263826870260368,0.2637419376444213,True,1,permissive_union,1,-0.07626129932731161,-0.20649499240031627,0.053972393745693,0.0718545920669893
349,0,1,0.7980010545149436,0.6771543356924604,True,1,permissive_union,1,-0.034702608239804644,-0.15934126982129249,0.08993605334168316,0.03268878550218324
354,1,0,0.532805219686784,0.2924577715670299,True,1,permissive_union,1,0.004996975907902523,-0.11641527531711704,0.12640922713292205,-0.14297135067526034
357,1,1,0.6408274001124588,0.2999253159315922,True,1,permissive_union,1,-0.05733494287827909,-0.17728197734752488,0.06261209159096669,0.1013446835796018
360,1,0,0.3477877504865826,0.3387807653978252,True,1,permissive_union,1,-0.07004821814662845,-0.16642210659394224,0.02632567030068529,-0.20995476861796994
361,0,0,0.29661108176182654,0.23059339157774011,True,1,permissive_union,1,-0.036236958110791674,-0.14006636429992614,0.06759244807834278,-0.0406445885166562
365,1,0,0.6049751553904226,0.2863717839207137,True,1,permissive_union,1,-0.07620061876818197,-0.204561753970799,0.05216051643443502,-0.3344524588585174
368,1,0,0.6849883638981021,0.32733973117530735,True,1,permissive_union,1,-0.020638520392284497,-0.16485790912754436,0.12358086834297533,-0.05427466854280549
370,1,0,0.19790340240759838,0.10800260009836761,True,1,permissive_union,1,-0.057411010774828214,-0.16051471318786964,0.04569269163821317,-0.11224918810400103
380,0,1,0.7471666727680591,0.4674264398886901,True,1,permissive_union,1,-0.058823640142556755,-0.19248545875895123,0.0748381784738377,-0.4595323870462047
384,1,1,0.6900728481780237,0.5112597274821526,True,1,permissive_union,1,-0.00213189525746775,-0.15230078803792824,0.1480369975229927,0.0703099140074529
392,1,1,0.7956043945971023,0.7308406047876336,True,1,permissive_union,1,-0.015893232426768773,-0.09781892890527771,0.06603246405174015,0.0859568948245617
398,0,1,0.3206138626697417,0.45685223927714724,True,1,permissive_union,1,-0.00790330076898562,-0.15162294019803318,0.1358163386600619,-0.3498504475078327
409,0,0,0.18337791691798333,0.4439000770292082,True,1,permissive_union,1,-0.041759232434652904,-0.17377743262120754,0.09025896775190168,0.14554265152238055
422,1,1,0.4374280553015159,0.34871246199525907,True,1,permissive_union,1,0.025904574769848022,-0.13624569503776002,0.18805484457745605,0.04875396248008518
424,1,0,0.6770097302582416,0.7052642761137701,True,1,permissive_union,1,-0.07903830202793917,-0.1814845295182409,0.023407925462362547,-0.411950972386599
431,1,1,0.4372491262168222,0.6279412483546116,True,1,permissive_union,1,-0.07347970750089951,-0.23287802530035145,0.0859186102985524,-0.32665406706368566
433,0,0,0.10525170726096475,0.10427304962006238,True,1,permissive_union,1,-0.11301725074179501,-0.2845206164145761,0.05848611493098606,-0.03402153155820689
435,0,1,0.4409894527049854,0.6729711349557012,True,1,permissive_union,1,-0.02861508920985777,-0.13551542547244289,0.07828524705272731,-0.10742312894197681
446,1,0,0.2790381570542702,0.16375999330593335,True,1,permissive_union,1,-0.027357563712272145,-0.11043214497337715,0.05571701754883285,-0.06432527410523083
447,1,1,0.536835214889051,0.5503554221394807,True,1,permissive_union,1,-0.010360274370478218,-0.10299671992929894,0.08227617118834249,0.034144994760945346
451,1,1,0.7690955084071955,0.6112206494377056,True,1,permissive_union,1,-0.03286234853879005,-0.13107820133981807,0.06535350426223796,-0.17663563846118313
460,1,0,0.39094770965443404,0.27994469973743064,True,1,permissive_union,1,-0.036159890223280505,-0.2140990480534128,0.14177926760685172,-0.15089969081385596
462,0,0,0.4757820881301206,0.3798226570352518,True,1,permissive_union,1,-0.019877855914340097,-0.20761096228994907,0.16785525046126884,-0.02877369342676961
465,0,1,0.4312755600906261,0.6491876730428766,True,1,permissive_union,1,-0.02333182074351976,-0.13355104194823536,0.08688740046119584,-0.07352311822592295
467,0,0,0.2562069965782711,0.26684038260745196,True,1,permissive_union,1,-0.028915118632064946,-0.18039643586332466,0.12256619859919474,0.18109530692018136
468,1,0,0.44882293786932376,0.4590625162462623,True,1,permissive_union,1,-0.015490868158772769,-0.15532062969967503,0.12433889338212947,-0.36394341785118856
474,0,0,0.4334979519869535,0.38280401600429703,True,1,permissive_union,1,-0.010980166911756854,-0.12628470788048585,0.10432437405697212,0.27024214191256124
478,1,0,0.5739982744039367,0.2947270948162633,True,1,permissive_union,1,-0.04770645613608879,-0.1805799050627349,0.08516699279055731,-0.14113139488284232
481,0,1,0.5087083360409932,0.40825501741027925,True,1,permissive_union,1,-0.04490616204262577,-0.15674641288574437,0.06693408880049281,0.24256774419822325
486,1,1,0.7441202307802978,0.6148549412893181,True,1,permissive_union,1,-0.04267125259400738,-0.20724847998009172,0.12190597479207692,-0.6892153014395378
487,1,1,0.8467975192157075,0.5866738910251524,True,1,permissive_union,1,0.01065394611990352,-0.11314264626922729,0.1344505385090343,-0.028156691615068175
498,0,0,0.3020648921646804,0.1979830251548477,True,1,permissive_union,1,-0.09627990594332993,-0.18446714316038254,-0.008092668726277327,-0.1062618189134249
503,0,0,0.3446948747805175,0.2658055219729751,True,1,permissive_union,1,-0.023693246427428937,-0.11896114371097263,0.07157465085611472,-0.16728505428348134
507,1,1,0.8311033999506614,0.7945564212316646,True,1,permissive_union,1,-0.018846139053321165,-0.13813450942704214,0.10044223132039978,-0.030854928811506976
508,0,0,0.5229332692489086,0.2601699446166555,True,1,permissive_union,1,-0.0541796823832634,-0.18709454051976238,0.07873517575323555,-0.05620972089686527
514,1,1,0.8270038617254091,0.6943390637417084,True,1,permissive_union,1,-0.007150914648370876,-0.09099751896256689,0.0766956896658251,-0.061478120138046544
526,0,0,0.15782593929996835,0.13044474411998602,True,1,permissive_union,1,0.015852929748442397,-0.1233867274844581,0.15509258698134287,0.020299231269924375
528,1,1,0.6647472925894883,0.7352516088728809,True,1,permissive_union,1,-0.024954596208054222,-0.12852671743631933,0.07861752502021087,-0.3151680255715663
532,1,0,0.5659465902283147,0.4305883970188177,True,1,permissive_union,1,-0.1215337204749663,-0.20948500169067424,-0.0335824392592584,-0.5334643262344162
534,0,1,0.6356185713393279,0.49570608184298615,True,1,permissive_union,1,0.06401454517005677,-0.04279590770819143,0.17082499804830492,0.13543398492073888
535,0,0,0.6385549390569282,0.3491581541021244,True,1,permissive_union,1,0.03012214313858067,-0.08016281091962177,0.1404070971967831,0.03704061610492676
538,1,0,0.7165422603028302,0.5565385298635452,True,1,permissive_union,1,-0.017985464707026486,-0.19506863804349073,0.15909770862943773,-0.06212851278558973
539,0,1,0.3919352408994978,0.39807883890515544,True,1,permissive_union,1,-0.03980793734343496,-0.12838261915414223,0.048766744467272305,-0.11126006308263126
546,0,0,0.30246911548946265,0.1674140399970113,True,1,permissive_union,1,-0.02440629916681276,-0.11455657572731393,0.06574397739368838,-0.06620608679353736
549,1,0,0.737809295603759,0.4018100071172399,True,1,permissive_union,1,-0.044508647551538036,-0.15320735837025234,0.06419006326717627,-0.22605679180368443
550,0,0,0.22968620364065134,0.12507868829739605,True,1,permissive_union,1,-0.08246986115956295,-0.18364575318289078,0.01870603086376485,-0.08381602753461014
552,1,0,0.5131292585651384,0.19044531066663345,True,1,permissive_union,1,0.015192902522420131,-0.1648710253528609,0.19525683039770117,0.08753892270289004
559,1,0,0.6085123450001269,0.405681505096466,True,1,permissive_union,1,-0.05530962780482015,-0.1510414803375783,0.04042222472793797,-0.36576085048430995
560,1,1,0.8655555287273489,0.6294406160354643,True,1,permissive_union,1,0.017531551911484637,-0.09972331373403903,0.1347864175570083,-0.06469990771798673
561,1,0,0.6004522932294956,0.25193874811218325,True,1,permissive_union,1,-0.031225820191547675,-0.1426846477670821,0.08023300738398673,-0.14847635272894044
563,0,0,0.34977696900330585,0.3001244011940171,True,1,permissive_union,1,-0.03407159414228932,-0.17609719560625886,0.10795400732168015,0.08723419972137467
568,1,1,0.8420165704415828,0.7241993149028411,True,1,permissive_union,1,-0.10587991512167251,-0.22586673939281426,0.014106909149469216,-0.11006768648138565
569,0,1,0.6204165780663479,0.649966418468412,True,1,permissive_union,1,-0.06692133328332778,-0.17519842583859152,0.04135575927193595,-0.03506472883281053
578,0,0,0.528449166106585,0.541129455632692,True,1,permissive_union,1,-0.06651083481085582,-0.17361495755965367,0.04059328793794201,-0.1661069213092291
584,1,0,0.4835230499831929,0.6086690571475216,True,1,permissive_union,1,0.001909039819921667,-0.12002102517352183,0.12383910481336514,-0.18620539681394355
588,1,1,0.6950874683394853,0.6067692377764136,True,1,permissive_union,1,-0.0010884109443966214,-0.09287342412991995,0.09069660224112669,0.05151712594740754
594,0,1,0.3845124638174599,0.20204826370818607,True,1,permissive_union,1,-0.01935500662228928,-0.1530749747096141,0.1143649614650355,-0.1845762402931477
599,0,1,0.5139276407168637,0.3069862927665871,True,1,permissive_union,1,-0.021951197269197982,-0.13112477140096254,0.08722237686256656,-0.017020805613165407
603,1,1,0.8760250372770755,0.7245136388321798,True,1,permissive_union,1,-0.0950779347445352,-0.1878447430904323,-0.0023111263986381053,-0.4064471216929251
606,0,1,0.21922940776003394,0.3608687382193187,True,1,permissive_union,1,-0.050002611160528794,-0.15630750454955938,0.05630228222850179,-0.0810499975355446
607,0,0,0.2306889141131686,0.41349980578355594,True,1,permissive_union,1,-0.001613595747604941,-0.13597623472190043,0.1327490432266905,-0.20262165996000597
609,0,1,0.2303519206028594,0.1661800464978828,True,1,permissive_union,1,0.0016662847992053383,-0.07758340225195856,0.08091597185036924,-0.17815202596793825
614,1,1,0.6467946600933504,0.454149402724382,True,1,permissive_union,1,-0.06734466617767638,-0.2265734704890885,0.09188413813373568,0.13800989485438941
617,1,0,0.6802572666640975,0.691208308706228,True,1,permissive_union,1,-0.07362251088100154,-0.20376190571693575,0.05651688395493261,-0.32977963417948597
621,1,1,0.627291255719527,0.643934722388693,True,1,permissive_union,1,-0.09462270030681365,-0.2033679074934049,0.014122506879777563,-0.10300534475910206
626,1,0,0.474501537217078,0.16437460061425205,True,1,permissive_union,1,0.010692746478294914,-0.07552802944534678,0.0969135224019366,-0.14734105843629364
638,1,0,0.2748012559824055,0.1239220657092472,True,1,permissive_union,1,-0.0002098395132509607,-0.09205999689590567,0.09164031786940373,-0.028967779075204383
648,1,1,0.5446984576494674,0.4969151883647077,True,1,permissive_union,1,-0.02285250930388161,-0.17881969082303692,0.13311467221527368,0.22657797391420198
651,1,0,0.7414638822974168,0.20735604282143721,True,1,permissive_union,1,-0.06929211910196724,-0.1776527967962418,0.039068558592307304,0.14285091672279376
656,0,0,0.28204662460451924,0.4366149382471533,True,1,permissive_union,1,-0.02202649570380263,-0.1344610829426094,0.0904080915350041,0.008071797181922913
662,0,0,0.6929571721037661,0.5688028871898342,True,1,permissive_union,1,-0.021840260652739495,-0.2199904834291085,0.17630996212362948,0.12090442381375327
663,1,1,0.6304851473044282,0.5835748670106308,True,1,permissive_union,1,0.0221250701835139,-0.08936680855739779,0.13361694892442555,-0.0006267839972746714
676,1,0,0.4599439184764482,0.29878782114157487,True,1,permissive_union,1,-0.08513823369184967,-0.23045173995754217,0.06017527257384281,0.288078314021742
680,1,0,0.6829703748258147,0.11385594636738014,True,1,permissive_union,1,-0.019461551927675673,-0.1440232106533862,0.1051001067980348,-0.21676132704337042
684,0,0,0.5697406984360188,0.19983185070397666,True,1,permissive_union,1,-0.028691785796250733,-0.12443948246975574,0.06705591087725427,-0.09365228131014089
689,1,1,0.8868225930045658,0.8706173422583725,True,1,permissive_union,1,-0.06568450898051853,-0.1687415625955887,0.03737254463455161,0.028437736123359203
707,1,0,0.3095601577041158,0.16574517487960455,True,1,permissive_union,1,-0.07268485070424816,-0.15809821229860088,0.012728510890104558,-0.18261274863827542
708,0,0,0.38944180681518387,0.31109833854695346,True,1,permissive_union,1,-0.11408381883967994,-0.23067806710047317,0.002510429421113264,-0.3033594815556778
712,0,0,0.22671743720630477,0.39916050095370287,True,1,permissive_union,1,-0.02492321709199609,-0.15309977610676567,0.10325334192277345,0.20262182932038472
713,0,1,0.4479973834356069,0.7899673126686212,True,1,permissive_union,1,-0.02656785973313081,-0.10768923356371164,0.05455351409745002,0.18351149860665072
723,1,1,0.8791019779208326,0.6312407840166131,True,1,permissive_union,1,0.06476532558744161,-0.09958379015683674,0.2291144413317199,-0.013981278819158116
735,1,1,0.7869431386479372,0.5368141960979033,True,1,permissive_union,1,-0.02124273616136821,-0.1246594658514108,0.08217399352867437,0.2892291597635016
739,0,1,0.16567925131260422,0.3625667250095327,True,1,permissive_union,1,-0.025498847341576484,-0.2275680137629752,0.17657031907982218,0.04653584065128688
743,1,0,0.6338297786120288,0.6070901283292623,True,1,permissive_union,1,-0.024448601461540473,-0.2701677182597898,0.22127051533670877,-0.3588049137290085
744,0,0,0.2696157041235064,0.15264458849958287,True,1,permissive_union,1,-0.04858305844059881,-0.13420956631119335,0.03704344942999569,0.00043827428651807554
752,1,0,0.6647472925894883,0.7208329462562315,True,1,permissive_union,1,-0.029328111171406098,-0.11594069942625997,0.057284477083447735,-0.048624029853681416
760,1,1,0.7134555858731084,0.792566241366111,True,1,permissive_union,1,-0.0984180478389368,-0.2673253782901358,0.07048928261226219,-0.1049719012824385
773,1,1,0.8386940353384825,0.852870223315683,True,1,permissive_union,1,0.07070338217313424,-0.054640224008914884,0.19604698835518333,-0.05078761983714952
776,0,0,0.3345234242308092,0.20533773166060534,True,1,permissive_union,1,-0.0016613695102424737,-0.11060324863439475,0.10728050961390978,0.11215936655437345
779,0,0,0.3257453007133764,0.22754313436062862,True,1,permissive_union,1,-0.02322670698834368,-0.11870371452254214,0.07225030054585474,0.2102850669914252
781,1,1,0.6832939038423603,0.63754694937672,True,1,permissive_union,1,0.003949125409573941,-0.11431226416441687,0.12221051498356472,0.031273744586730046
782,1,0,0.7648701537663227,0.4641424883295498,True,1,permissive_union,1,0.004978506428637861,-0.1514688968928601,0.16142590975013582,-0.27881971225762575
783,0,0,0.12172989379204215,0.3168675055683017,True,1,permissive_union,1,-0.05794615825475758,-0.17173814550474553,0.05584582899523035,0.11768093960974968
798,1,1,0.5742961575804171,0.7338549270059888,True,1,permissive_union,1,-0.020596625975079864,-0.12579068814395603,0.08459743619379625,-0.012829595656138837
822,0,0,0.7417980053932205,0.6367950734915155,True,1,permissive_union,1,0.0806438021072454,-0.011789583064266557,0.17307718727875732,0.15687867128973654
827,0,1,0.264977865904604,0.5063020143310597,True,1,permissive_union,1,-0.10939536179030807,-0.22458147377807836,0.0057907501974622105,-0.47170840662307595
839,0,0,0.4808888128545494,0.1562570180525887,True,1,permissive_union,1,-0.11681303227221242,-0.23273565898857151,-0.0008904055558533464,-0.082870305049013
845,1,1,0.7067711150558171,0.505484558588421,True,1,permissive_union,1,0.06541197093924028,-0.10870749359541665,0.2395314354738972,-0.054967122143437575
848,0,0,0.1666158023279128,0.2015602546752192,True,1,permissive_union,1,-0.03495466631044544,-0.15101535295527868,0.08110602033438778,0.0857810802170664
859,1,1,0.6849906428774399,0.6769103292049636,True,1,permissive_union,1,-0.0316695076955622,-0.1242028074130401,0.0608637920219157,0.10091643251497262
868,1,0,0.3082583807209731,0.1535068027524439,True,1,permissive_union,1,-0.04977861638241179,-0.18706712188120803,0.08750988911638438,-0.03768758335333155
875,1,1,0.25333963387393715,0.20708796308982624,True,1,permissive_union,1,0.07078353793631072,-0.09403007958822489,0.2355971554608463,0.2750351541256375
892,0,0,0.6313698695873204,0.23382463068565157,True,1,permissive_union,1,-0.010105314941124904,-0.20382087462782034,0.18361024474557047,-0.4218944972490402
893,0,1,0.45589257876268896,0.39302832109664,True,1,permissive_union,1,-0.07099200135962036,-0.28247904357270226,0.1404950408534615,-0.13899119129057289
898,1,1,0.49462645872228006,0.3547315126470555,True,1,permissive_union,1,-0.040800972451028636,-0.18661979658947214,0.10501785168741483,0.11489019733853345
908,1,1,0.59795154629418,0.5465323047791424,True,1,permissive_union,1,-0.03431566558082719,-0.18132139804705677,0.11269006688540237,0.2700079153490359
913,0,0,0.4590740424682504,0.15303561997525103,True,1,permissive_union,1,0.01774355720171944,-0.07224198563446171,0.10772910003790058,0.5763362625455206
915,1,1,0.8444617337210738,0.7902472579186703,True,1,permissive_union,1,0.030452446960421882,-0.06718461059854178,0.1280895045193855,-0.10460704553612188
924,0,1,0.11064807383603614,0.35875496457481376,True,1,permissive_union,1,-0.04475576493884098,-0.16000302853625237,0.07049149865857038,-0.03518580558050255
929,1,0,0.6634216252210545,0.5571596280328351,True,1,permissive_union,1,-0.039295585215927,-0.2545290106387032,0.17593784020684913,-0.2246108655442407
934,0,0,0.17588820990102041,0.1479102128392838,True,1,permissive_union,1,-0.04346534475683079,-0.15149667240563736,0.06456598289197577,-0.17923562100166213
955,1,1,0.7279935351733413,0.7193079523925068,True,1,permissive_union,1,-0.07669312143716213,-0.19236527630393907,0.038979033429614784,-0.4074361291328243
960,1,1,0.516353381546526,0.48744897008899524,True,1,permissive_union,1,-0.010107054304025887,-0.2232233038861558,0.20300919527810396,0.30302428580824725
961,0,1,0.5952214322323915,0.2839526673389449,True,1,permissive_union,1,0.0032309623536562757,-0.11543329797227712,0.12189522267958965,-0.17386110854674186
967,0,0,0.7111062328377343,0.6026371727046967,True,1,permissive_union,1,0.017199892006936963,-0.06766377236241405,0.10206355637628796,0.11315424130412288
976,0,0,0.22296580907529134,0.08518100874594803,True,1,permissive_union,1,-0.008732195039344068,-0.10703892419833609,0.08957453411964793,-0.10435438224184548
977,1,0,0.8795089744048036,0.5493546289655924,True,1,permissive_union,1,0.0011593197064779922,-0.13423917379497596,0.1365578132079319,0.2172265382051104
980,1,1,0.7845093011134376,0.5285083827381312,True,1,permissive_union,1,0.011327325760859444,-0.08970115866190308,0.11235581018362195,-0.1328309937568829
986,1,0,0.6842931095653495,0.4407593834478375,True,1,permissive_union,1,-0.06575605545703878,-0.1934394100180653,0.061927299103987726,-0.21930664730454208
987,0,0,0.4937146818591577,0.41011618555896223,True,1,permissive_union,1,-0.017684914408043945,-0.1237982428233085,0.08842841400722058,0.16537846499403014
989,0,0,0.502114524477848,0.4557268144672463,True,1,permissive_union,1,-0.09313008926070775,-0.21269621363671365,0.026436035115298115,-0.22553091570484401
5,1,1,0.6377114402121038,0.34254974755376194,True,1,permissive_union,2,0.009629421874084894,-0.15674073223546614,0.17599957598363586,0.29544125881310984
12,0,1,0.40864594703941975,0.30002689738786964,True,1,permissive_union,2,0.04423627808170743,-0.05705650205438512,0.14552905821779996,-0.1020346687031714
15,1,0,0.5202019068490832,0.11807387106554294,True,1,permissive_union,2,-0.046329452038275994,-0.2312118618197291,0.13855295774317708,-0.003080297422145953
30,0,0,0.5746897562690604,0.24295906763714584,True,1,permissive_union,2,-0.006540841209565499,-0.16210380679055236,0.14902212437142134,-0.15824629257148742
39,1,0,0.6048933776872666,0.3441516064005722,True,1,permissive_union,2,-0.03362917657648202,-0.17509861858338252,0.10784026543041847,-0.0787740414269622
40,0,0,0.3543801765148926,0.35057432062020416,True,1,permissive_union,2,0.003662721933299729,-0.09640693163624667,0.10373237550284609,0.060474988513839145
43,1,0,0.7309350546172592,0.38618933830050256,True,1,permissive_union,2,0.016628636337538753,-0.09308057460057817,0.12633784727565564,-0.19702180525731344
45,0,0,0.2877857978025763,0.3689753372039217,True,1,permissive_union,2,0.014535261634245912,-0.07961123587657916,0.10868175914507097,0.13139903885494988
48,1,1,0.4640558918721573,0.5888245392655549,True,1,permissive_union,2,-0.055414548380284284,-0.1521266021718533,0.04129750541128473,-0.02351093248221392
63,1,0,0.493740643635318,0.20164355626544486,True,1,permissive_union,2,-0.05849275647828321,-0.27998656541450684,0.1630010524579404,-0.08061850681857732
67,1,1,0.4135078007326209,0.532633707078535,True,1,permissive_union,2,-0.08953138381125858,-0.18918378309955955,0.010121015477042361,-0.4040936263411786
69,0,0,0.46600337273861786,0.48630868982475617,True,1,permissive_union,2,-0.0494611426838209,-0.1742629836130813,0.07534069824543944,-0.2535047085663173
72,1,0,0.5908011295185976,0.3649110295452353,True,1,permissive_union,2,-0.026226892577744996,-0.19146416453971116,0.13901037938422114,0.03393963416448598
75,1,0,0.8971971121686327,0.590906090484836,True,1,permissive_union,2,-0.03405959320373843,-0.1863929532895272,0.11827376688205034,-0.21905044290968123
93,0,1,0.23435593073816172,0.3708737195266814,True,1,permissive_union,2,-0.02011237832170865,-0.138249372311852,0.09802461566843468,-0.24763340158643393
115,0,0,0.417662784829503,0.3560754401295836,True,1,permissive_union,2,-0.016818869301137837,-0.15945543892557412,0.12581770032329842,-0.036066766855671034
116,0,1,0.2300810466125331,0.24524587329350514,True,1,permissive_union,2,-0.14075848608526403,-0.2203329509944466,-0.06118402117608149,-0.014342061446469406
121,1,0,0.829551555662928,0.5644650903605791,True,1,permissive_union,2,-0.029578271076195754,-0.18227362638892355,0.123117084236532,-0.578150415838105
122,1,0,0.6628130336914178,0.16757719199669627,True,1,permissive_union,2,-0.05739032665094327,-0.15122482128337703,0.03644416798149048,-0.1662835077113541
123,0,1,0.39744562120923743,0.39243083175848403,True,1,permissive_union,2,-0.06840507601492887,-0.1475696953928809,0.010759543363023136,0.03246765507545743
126,0,0,0.2904388139791195,0.3909132072928165,True,1,permissive_union,2,-0.08279058015699582,-0.18801663645393896,0.022435476139947272,-0.3010231687743369
130,0,0,0.26863216138852986,0.21849460988274513,True,1,permissive_union,2,-0.019276836977546685,-0.1807821319440997,0.14222845798900632,0.006309753656425152
137,0,0,0.19104229057139868,0.136704195001431,True,1,permissive_union,2,-0.04784107937494504,-0.15792241198419277,0.06224025323430264,-0.035394603233024145
145,1,0,0.4660143956373304,0.44212132263226617,True,1,permissive_union,2,0.008104531380636345,-0.13847823282565314,0.15468729558692582,-0.33769143797714973
151,0,1,0.5191771574449675,0.4662585530143542,True,1,permissive_union,2,0.0028563190347723278,-0.15508382615625138,0.160796464225796,-0.31487008056515453
162,0,0,0.5856731783723788,0.5989655969474362,True,1,permissive_union,2,-0.03899346161444911,-0.15618830566536307,0.07820138243646481,-0.1770906937214045
167,0,1,0.6272436550256896,0.707639467658466,True,1,permissive_union,2,-0.009954567450464002,-0.14553630103559437,0.12562716613466635,0.060419762402974864
169,1,1,0.718421807752594,0.8744463758885973,True,1,permissive_union,2,-0.060912943069670746,-0.19481613568501538,0.07299024954567387,-0.059438745764093026
180,1,1,0.8672668628184429,0.5657293381904667,True,1,permissive_union,2,-0.03296133926157506,-0.13207688663088082,0.06615420810773069,0.07214620573564456
186,1,0,0.5911390146431826,0.5179879989770028,True,1,permissive_union,2,-0.008798806386875949,-0.1538103402131871,0.1362127274394352,-0.34838730337294177
193,0,0,0.40023106047420476,0.1550758670471376,True,1,permissive_union,2,-0.031242241463419182,-0.12397412461118362,0.06148964168434523,-0.07790570380726344
196,0,0,0.4779684453454312,0.4063942925546509,True,1,permissive_union,2,0.013619712329820132,-0.1709690680678809,0.19820849272752109,0.18500422317417548
198,0,0,0.14587366590344183,0.3168318250125152,True,1,permissive_union,2,-0.06381029315368687,-0.14905024178579596,0.021429655478422183,-0.09796041668062988
205,1,1,0.889667935890094,0.4157414662695457,True,1,permissive_union,2,-0.05348439644318658,-0.16584843031836494,0.05887963743199174,0.10039000345163385
208,1,1,0.37917397054309765,0.6227098092939151,True,1,permissive_union,2,-0.048565554993895685,-0.1613079970183283,0.0641768870305369,-0.38364186382161225
211,0,0,0.231401125726331,0.22905857404779453,True,1,permissive_union,2,0.032935995898031485,-0.0515973749045665,0.11746936670062946,0.039362356322426656
229,0,0,0.35491053100236486,0.18642819332391197,True,1,permissive_union,2,-0.05399575077682216,-0.1679337360721886,0.05994223451854423,-0.0181111175885878
237,0,1,0.3187585270756577,0.6861105920384603,True,1,permissive_union,2,0.031419169492868874,-0.15609627241045104,0.21893461139618875,0.014677238537030401
241,1,0,0.33880276994038705,0.4470269612145222,True,1,permissive_union,2,-0.03271299199853912,-0.1385313589152279,0.0731053749181496,-0.2359562924134932
250,1,1,0.8428866494274864,0.703627059039757,True,1,permissive_union,2,-0.043276556345071146,-0.14977333460630599,0.06322022191616368,-0.14381661120733635
254,0,1,0.20839292854203073,0.24099446092279211,True,1,permissive_union,2,-0.00477091390181934,-0.10306237331795823,0.09352054551431951,0.11029612787953566
261,0,0,0.25783316789758004,0.1812073244799295,True,1,permissive_union,2,0.06154997698245249,-0.05357824322789875,0.1766781971928037,0.31285754382566056
264,1,1,0.5133701154893368,0.5783417591739412,True,1,permissive_union,2,-0.027196275980817985,-0.18757459857200565,0.13318204661036964,0.10130985419071503
265,0,0,0.4673440107611287,0.3563794093146026,True,1,permissive_union,2,-0.09727135990233461,-0.22358937960752273,0.029046659802853467,-0.19966649402570194
270,0,0,0.34874073775724557,0.20171397701955088,True,1,permissive_union,2,-0.0006700547589584613,-0.08294970850669228,0.08160959898877536,-0.05981133747776573
271,1,0,0.8208015211662028,0.8654343342544495,True,1,permissive_union,2,-0.034951525067807715,-0.13041911898158454,0.060516068845969107,-0.027407061388611043
277,1,1,0.8458274757149049,0.5796784555469318,True,1,permissive_union,2,-0.02023596929191905,-0.20952371174420215,0.16905177316036396,0.19707323380293573
282,0,0,0.4968539889905682,0.48950108386632263,True,1,permissive_union,2,-0.021070015498707056,-0.12086541866243283,0.07872538766501869,0.2904593735133494
284,0,1,0.26169668314489575,0.48044735559495144,True,1,permissive_union,2,0.015959666441734712,-0.09041323646523357,0.12233256934870299,0.18518688543613304
288,1,0,0.7511605014707504,0.5824804714021297,True,1,permissive_union,2,-0.00629903260374441,-0.10145249791236308,0.08885443270487423,0.004640120746827181
294,1,1,0.8164796270017057,0.49031264913350026,True,1,permissive_union,2,-0.040810742311012206,-0.1334555005909032,0.05183401596887877,-0.34951026332690505
318,0,0,0.6636540076542939,0.5705544669325786,True,1,permissive_union,2,-0.044824240688413744,-0.1454132970301063,0.0557648156532788,-0.20199985734703257
319,1,1,0.8930296774091446,0.7555478412559756,True,1,permissive_union,2,-0.04432372234630239,-0.24174614118399396,0.15309869649138916,0.04278373950332526
328,0,1,0.39432924248177276,0.18948303187203663,True,1,permissive_union,2,-0.0015381825931884306,-0.13134810281947545,0.12827173763309854,0.10327243996857394
334,0,0,0.32003853805723764,0.2875355167491368,True,1,permissive_union,2,-0.07174683791391136,-0.19509707408073518,0.05160339825291245,-0.1484375342195409
339,0,1,0.6907306329755005,0.5644583916735121,True,1,permissive_union,2,-0.060620834403311515,-0.23909302263974594,0.1178513538331229,-0.04096418254395162
343,1,1,0.7122793784860058,0.5155210187085154,True,1,permissive_union,2,-0.044359732827556404,-0.14417518948288274,0.0554557238277699,-0.252500407706424
346,0,0,0.4668878241550569,0.33951763988107997,True,1,permissive_union,2,-0.0013102669574344278,-0.14986140795765923,0.14724087404279035,0.021257549177203516
347,0,1,0.20263826870260368,0.2637419376444213,True,1,permissive_union,2,-0.06456683944158773,-0.20019417322465827,0.07106049434148279,0.0718545920669893
349,0,1,0.7980010545149436,0.6771543356924604,True,1,permissive_union,2,-0.07658761387864385,-0.16095764876719576,0.007782421009908044,0.03268878550218324
354,1,0,0.532805219686784,0.2924577715670299,True,1,permissive_union,2,-0.009386354130901442,-0.1894427361493289,0.17067002788752597,-0.14297135067526034
357,1,1,0.6408274001124588,0.2999253159315922,True,1,permissive_union,2,-0.08061428360522452,-0.20438434744249906,0.043155780232049995,0.1013446835796018
360,1,0,0.3477877504865826,0.3387807653978252,True,1,permissive_union,2,-0.03935290938398632,-0.1663082012729019,0.08760238250492926,-0.20995476861796994
361,0,0,0.29661108176182654,0.23059339157774011,True,1,permissive_union,2,-0.04780897364948004,-0.21142947350406735,0.11581152620510723,-0.0406445885166562
365,1,0,0.6049751553904226,0.2863717839207137,True,1,permissive_union,2,-0.07303570568596339,-0.16921101636855182,0.023139604996625027,-0.3344524588585174
368,1,0,0.6849883638981021,0.32733973117530735,True,1,permissive_union,2,-0.031710145405774735,-0.18981973046159473,0.12639943965004521,-0.05427466854280549
370,1,0,0.19790340240759838,0.10800260009836761,True,1,permissive_union,2,-0.053364648078230464,-0.222356848443325,0.11562755228686403,-0.11224918810400103
380,0,1,0.7471666727680591,0.4674264398886901,True,1,permissive_union,2,-0.029756961624302698,-0.20357539335425273,0.14406147010564732,-0.4595323870462047
384,1,1,0.6900728481780237,0.5112597274821526,True,1,permissive_union,2,0.0049600347289527075,-0.11810264349623079,0.12802271295413617,0.0703099140074529
392,1,1,0.7956043945971023,0.7308406047876336,True,1,permissive_union,2,-0.040434453844421646,-0.14914994099247977,0.06828103330363647,0.0859568948245617
398,0,1,0.3206138626697417,0.45685223927714724,True,1,permissive_union,2,0.014898374650181748,-0.07334606914201472,0.1031428184423782,-0.3498504475078327
409,0,0,0.18337791691798333,0.4439000770292082,True,1,permissive_union,2,-0.03171517783227923,-0.11419125581478846,0.05076090015022998,0.14554265152238055
422,1,1,0.4374280553015159,0.34871246199525907,True,1,permissive_union,2,0.0292822753452555,-0.08664878681553578,0.14521333750604676,0.04875396248008518
424,1,0,0.6770097302582416,0.7052642761137701,True,1,permissive_union,2,-0.0961877799990741,-0.2019559050014915,0.00958034500334326,-0.411950972386599
431,1,1,0.4372491262168222,0.6279412483546116,True,1,permissive_union,2,-0.08963927412917949,-0.2194009811163514,0.040122432857992385,-0.32665406706368566
433,0,0,0.10525170726096475,0.10427304962006238,True,1,permissive_union,2,-0.08670556863320415,-0.2081035130230815,0.03469237575667315,-0.03402153155820689
435,0,1,0.4409894527049854,0.6729711349557012,True,1,permissive_union,2,-0.03361648475848815,-0.19287331873955116,0.12564034922257483,-0.10742312894197681
446,1,0,0.2790381570542702,0.16375999330593335,True,1,permissive_union,2,-0.0518985882666426,-0.2243514102260139,0.12055423369272866,-0.06432527410523083
447,1,1,0.536835214889051,0.5503554221394807,True,1,permissive_union,2,-0.04873309479366563,-0.22286002524560503,0.12539383565827372,0.034144994760945346
451,1,1,0.7690955084071955,0.6112206494377056,True,1,permissive_union,2,-0.0013461834089780757,-0.10218437086271316,0.099492004044757,-0.17663563846118313
460,1,0,0.39094770965443404,0.27994469973743064,True,1,permissive_union,2,-0.015313538871844983,-0.18524658161082502,0.15461950386713505,-0.15089969081385596
462,0,0,0.4757820881301206,0.3798226570352518,True,1,permissive_union,2,0.03053088195064258,-0.06698285494227685,0.128044618843562,-0.02877369342676961
465,0,1,0.4312755600906261,0.6491876730428766,True,1,permissive_union,2,-0.02814841338024158,-0.17298906784367013,0.11669224108318696,-0.07352311822592295
467,0,0,0.2562069965782711,0.26684038260745196,True,1,permissive_union,2,-0.028974664105577367,-0.1089506605150387,0.051001332303883956,0.18109530692018136
468,1,0,0.44882293786932376,0.4590625162462623,True,1,permissive_union,2,-0.045869953507571753,-0.19705664783899832,0.10531674082385478,-0.36394341785118856
474,0,0,0.4334979519869535,0.38280401600429703,True,1,permissive_union,2,0.01994039579161925,-0.14404777437240368,0.1839285659556421,0.27024214191256124
478,1,0,0.5739982744039367,0.2947270948162633,True,1,permissive_union,2,-0.09320683411444611,-0.2618663853345583,0.07545271710566603,-0.14113139488284232
481,0,1,0.5087083360409932,0.40825501741027925,True,1,permissive_union,2,-0.026061442246783306,-0.1675643128883426,0.11544142839477595,0.24256774419822325
486,1,1,0.7441202307802978,0.6148549412893181,True,1,permissive_union,2,-0.059626387958866656,-0.28415545617500243,0.16490268025726906,-0.6892153014395378
487,1,1,0.8467975192157075,0.5866738910251524,True,1,permissive_union,2,0.009185762294581887,-0.19498165875637485,0.2133531833455386,-0.028156691615068175
498,0,0,0.3020648921646804,0.1979830251548477,True,1,permissive_union,2,-0.10077460960204532,-0.24197091568510987,0.040421696481019204,-0.1062618189134249
503,0,0,0.3446948747805175,0.2658055219729751,True,1,permissive_union,2,-0.009452968921349586,-0.10785469810040811,0.08894876025770891,-0.16728505428348134
507,1,1,0.8311033999506614,0.7945564212316646,True,1,permissive_union,2,-0.04966746255540305,-0.14350153951345457,0.04416661440264842,-0.030854928811506976
508,0,0,0.5229332692489086,0.2601699446166555,True,1,permissive_union,2,-0.06877231845799706,-0.20288034663050825,0.06533570971451408,-0.05620972089686527
514,1,1,0.8270038617254091,0.6943390637417084,True,1,permissive_union,2,-0.05582693102573459,-0.2050588632429718,0.09340500119150259,-0.061478120138046544
526,0,0,0.15782593929996835,0.13044474411998602,True,1,permissive_union,2,0.006081377149055089,-0.09037937493335114,0.1025421292314613,0.020299231269924375
528,1,1,0.6647472925894883,0.7352516088728809,True,1,permissive_union,2,-0.019327208745232843,-0.12783117590183163,0.08917675841136591,-0.3151680255715663
532,1,0,0.5659465902283147,0.4305883970188177,True,1,permissive_union,2,-0.0674966557408233,-0.2465998330096152,0.11160652152796856,-0.5334643262344162
534,0,1,0.6356185713393279,0.49570608184298615,True,1,permissive_union,2,0.07364896784426672,-0.13755968677853006,0.2848576224670635,0.13543398492073888
535,0,0,0.6385549390569282,0.3491581541021244,True,1,permissive_union,2,0.0027430953434573026,-0.22850527983649152,0.23399147052340605,0.03704061610492676
538,1,0,0.7165422603028302,0.5565385298635452,True,1,permissive_union,2,-0.0322111677286208,-0.1278092405738583,0.06338690511661668,-0.06212851278558973
539,0,1,0.3919352408994978,0.39807883890515544,True,1,permissive_union,2,-0.06938376046174988,-0.20477485056493144,0.06600732964143166,-0.11126006308263126
546,0,0,0.30246911548946265,0.1674140399970113,True,1,permissive_union,2,-0.08403257106677327,-0.29216851281752604,0.12410337068397949,-0.06620608679353736
549,1,0,0.737809295603759,0.4018100071172399,True,1,permissive_union,2,-0.06650705139283966,-0.2005585831123099,0.06754448032663055,-0.22605679180368443
550,0,0,0.22968620364065134,0.12507868829739605,True,1,permissive_union,2,-0.096933204689846,-0.1889849488438628,-0.0048814605358292185,-0.08381602753461014
552,1,0,0.5131292585651384,0.19044531066663345,True,1,permissive_union,2,-0.040069217070396235,-0.16609375028851983,0.0859553161477273,0.08753892270289004
559,1,0,0.6085123450001269,0.405681505096466,True,1,permissive_union,2,-0.07698271165045559,-0.1841035404074311,0.03013811710651991,-0.36576085048430995
560,1,1,0.8655555287273489,0.6294406160354643,True,1,permissive_union,2,-0.020550653227403775,-0.16270283344110653,0.12160152698629896,-0.06469990771798673
561,1,0,0.6004522932294956,0.25193874811218325,True,1,permissive_union,2,-0.05550579604370942,-0.2188867098237811,0.10787511773636224,-0.14847635272894044
563,0,0,0.34977696900330585,0.3001244011940171,True,1,permissive_union,2,-0.0504641400125563,-0.24254859051095295,0.14162031048584028,0.08723419972137467
568,1,1,0.8420165704415828,0.7241993149028411,True,1,permissive_union,2,-0.10029789648172202,-0.21357716014487513,0.012981367181431058,-0.11006768648138565
569,0,1,0.6204165780663479,0.649966418468412,True,1,permissive_union,2,-0.08270553495387226,-0.26377969705523086,0.09836862714748631,-0.03506472883281053
578,0,0,0.528449166106585,0.541129455632692,True,1,permissive_union,2,-0.051579993923942836,-0.18213584028184981,0.07897585243396413,-0.1661069213092291
584,1,0,0.4835230499831929,0.6086690571475216,True,1,permissive_union,2,0.013517737494584806,-0.14040516551938742,0.16744064050855695,-0.18620539681394355
588,1,1,0.6950874683394853,0.6067692377764136,True,1,permissive_union,2,0.02105595090659246,-0.14388652402614732,0.1859984258393322,0.05151712594740754
594,0,1,0.3845124638174599,0.20204826370818607,True,1,permissive_union,2,-0.05345908126840384,-0.13695691739215532,0.030038754855347634,-0.1845762402931477
599,0,1,0.5139276407168637,0.3069862927665871,True,1,permissive_union,2,-0.018063433390213907,-0.14203653374200179,0.10590966696157394,-0.017020805613165407
603,1,1,0.8760250372770755,0.7245136388321798,True,1,permissive_union,2,-0.07039750987461495,-0.17596054103586373,0.035165521286633805,-0.4064471216929251
606,0,1,0.21922940776003394,0.3608687382193187,True,1,permissive_union,2,-0.030099938132367863,-0.2508897498392278,0.190689873574492,-0.0810499975355446
607,0,0,0.2306889141131686,0.41349980578355594,True,1,permissive_union,2,0.005460248316965113,-0.14553089406344882,0.15645139069737904,-0.20262165996000597
609,0,1,0.2303519206028594,0.1661800464978828,True,1,permissive_union,2,0.008961772430399022,-0.14415699230119397,0.16208053716199197,-0.17815202596793825
614,1,1,0.6467946600933504,0.454149402724382,True,1,permissive_union,2,-0.06594288879633506,-0.1756904595997219,0.043804682007051746,0.13800989485438941
617,1,0,0.6802572666640975,0.691208308706228,True,1,permissive_union,2,-0.05957314785968078,-0.1519382292517873,0.032791933532425696,-0.32977963417948597
621,1,1,0.627291255719527,0.643934722388693,True,1,permissive_union,2,-0.052061636334525735,-0.24850882517636494,0.1443855525073134,-0.10300534475910206
626,1,0,0.474501537217078,0.16437460061425205,True,1,permissive_union,2,-0.02510935633400865,-0.1281925866565683,0.07797387398855098,-0.14734105843629364
638,1,0,0.2748012559824055,0.1239220657092472,True,1,permissive_union,2,-0.04760793639151441,-0.17898294491785433,0.08376707213482547,-0.028967779075204383
648,1,1,0.5446984576494674,0.4969151883647077,True,1,permissive_union,2,-0.0243611899865003,-0.15687757260895902,0.10815519263595838,0.22657797391420198
651,1,0,0.7414638822974168,0.20735604282143721,True,1,permissive_union,2,-0.04854444634057953,-0.1347574969838065,0.037668604302647415,0.14285091672279376
656,0,0,0.28204662460451924,0.4366149382471533,True,1,permissive_union,2,-0.04136322369673479,-0.15800455227711252,0.0752781048836429,0.008071797181922913
662,0,0,0.6929571721037661,0.5688028871898342,True,1,permissive_union,2,0.01069035815611009,-0.07597675415820268,0.09735747047042284,0.12090442381375327
663,1,1,0.6304851473044282,0.5835748670106308,True,1,permissive_union,2,-0.02565077463768423,-0.16529681723924655,0.11399526796387807,-0.0006267839972746714
676,1,0,0.4599439184764482,0.29878782114157487,True,1,permissive_union,2,-0.0749267291857391,-0.22576711549207418,0.07591365712059593,0.288078314021742
680,1,0,0.6829703748258147,0.11385594636738014,True,1,permissive_union,2,-0.006036479687657056,-0.0949857279339206,0.08291276855860648,-0.21676132704337042
684,0,0,0.5697406984360188,0.19983185070397666,True,1,permissive_union,2,-0.02713237134480551,-0.1417603873431115,0.08749564465350045,-0.09365228131014089
689,1,1,0.8868225930045658,0.8706173422583725,True,1,permissive_union,2,-0.040053075236990685,-0.17263711515201768,0.0925309646780363,0.028437736123359203
707,1,0,0.3095601577041158,0.16574517487960455,True,1,permissive_union,2,-0.06385372353598903,-0.1563169596599478,0.028609512587969732,-0.18261274863827542
708,0,0,0.38944180681518387,0.31109833854695346,True,1,permissive_union,2,-0.08455718053122141,-0.2777156713037844,0.10860131024134154,-0.3033594815556778
712,0,0,0.22671743720630477,0.39916050095370287,True,1,permissive_union,2,-0.0027317164813901824,-0.15611794394216003,0.15065451097937962,0.20262182932038472
713,0,1,0.4479973834356069,0.7899673126686212,True,1,permissive_union,2,-0.03709126152746276,-0.13969157937788107,0.0655090563229555,0.18351149860665072
723,1,1,0.8791019779208326,0.6312407840166131,True,1,permissive_union,2,0.06222381523910225,-0.0707021078297051,0.19514973830790958,-0.013981278819158116
735,1,1,0.7869431386479372,0.5368141960979033,True,1,permissive_union,2,0.03578666161852021,-0.04993663374248652,0.12150995697952693,0.2892291597635016
739,0,1,0.16567925131260422,0.3625667250095327,True,1,permissive_union,2,-0.018683194486529393,-0.1159361488308357,0.0785697598577769,0.04653584065128688
743,1,0,0.6338297786120288,0.6070901283292623,True,1,permissive_union,2,-0.04632206237326563,-0.17757844299016573,0.08493431824363443,-0.3588049137290085
744,0,0,0.2696157041235064,0.15264458849958287,True,1,permissive_union,2,-0.02423756929670694,-0.1591955270245866,0.1107203884311727,0.00043827428651807554
752,1,0,0.6647472925894883,0.7208329462562315,True,1,permissive_union,2,-0.0006806098355981072,-0.12591767765977108,0.12455645798857483,-0.048624029853681416
760,1,1,0.7134555858731084,0.792566241366111,True,1,permissive_union,2,-0.10630216153181345,-0.2211371200392674,0.008532796975640494,-0.1049719012824385
773,1,1,0.8386940353384825,0.852870223315683,True,1,permissive_union,2,0.04301447443968207,-0.1049309815840978,0.1909599304634619,-0.05078761983714952
776,0,0,0.3345234242308092,0.20533773166060534,True,1,permissive_union,2,-0.030470762559091383,-0.146593339953083,0.08565181483490018,0.11215936655437345
779,0,0,0.3257453007133764,0.22754313436062862,True,1,permissive_union,2,-0.013945645139660278,-0.1035611455315035,0.07566985525218294,0.2102850669914252
781,1,1,0.6832939038423603,0.63754694937672,True,1,permissive_union,2,-0.018255977938008434,-0.14762163799932862,0.11110968212331171,0.031273744586730046
782,1,0,0.7648701537663227,0.4641424883295498,True,1,permissive_union,2,-0.015418297897496273,-0.20990393692348933,0.17906734112849676,-0.27881971225762575
783,0,0,0.12172989379204215,0.3168675055683017,True,1,permissive_union,2,0.019708618974124084,-0.18382857170612782,0.22324580965437596,0.11768093960974968
798,1,1,0.5742961575804171,0.7338549270059888,True,1,permissive_union,2,-0.023826926671275696,-0.11677914665620087,0.06912529331364946,-0.012829595656138837
822,0,0,0.7417980053932205,0.6367950734915155,True,1,permissive_union,2,0.10001950833791347,-0.018663967320773092,0.2187029839966,0.15687867128973654
827,0,1,0.264977865904604,0.5063020143310597,True,1,permissive_union,2,-0.10919454775128092,-0.232872228592227,0.014483133089665146,-0.47170840662307595
839,0,0,0.4808888128545494,0.1562570180525887,True,1,permissive_union,2,-0.053527049471178804,-0.24429299818563793,0.13723889924328025,-0.082870305049013
845,1,1,0.7067711150558171,0.505484558588421,True,1,permissive_union,2,0.01807032541455162,-0.0986121273493816,0.13475277817848483,-0.054967122143437575
848,0,0,0.1666158023279128,0.2015602546752192,True,1,permissive_union,2,-0.024957452877836957,-0.15081926252344877,0.10090435676777482,0.0857810802170664
859,1,1,0.6849906428774399,0.6769103292049636,True,1,permissive_union,2,-0.01699019389387832,-0.10232208517882009,0.06834169739106342,0.10091643251497262
868,1,0,0.3082583807209731,0.1535068027524439,True,1,permissive_union,2,-0.08067979147244649,-0.22065331645186492,0.05929373350697191,-0.03768758335333155
875,1,1,0.25333963387393715,0.20708796308982624,True,1,permissive_union,2,0.07838343390429077,-0.07742791838203932,0.23419478619062084,0.2750351541256375
892,0,0,0.6313698695873204,0.23382463068565157,True,1,permissive_union,2,-0.026722799821453112,-0.168473135371695,0.11502753572878874,-0.4218944972490402
893,0,1,0.45589257876268896,0.39302832109664,True,1,permissive_union,2,-0.06591944849458259,-0.18997759521282542,0.05813869822366023,-0.13899119129057289
898,1,1,0.49462645872228006,0.3547315126470555,True,1,permissive_union,2,-0.01750931337277677,-0.1375943033576173,0.10257567661206374,0.11489019733853345
908,1,1,0.59795154629418,0.5465323047791424,True,1,permissive_union,2,-0.05715454280426231,-0.17555540286660234,0.06124631725807769,0.2700079153490359
913,0,0,0.4590740424682504,0.15303561997525103,True,1,permissive_union,2,0.017606293573518027,-0.19640593986536609,0.23161852701240213,0.5763362625455206
915,1,1,0.8444617337210738,0.7902472579186703,True,1,permissive_union,2,0.009299751414612163,-0.125017296531762,0.1436167993609863,-0.10460704553612188
924,0,1,0.11064807383603614,0.35875496457481376,True,1,permissive_union,2,-0.04028770225742753,-0.1821691238670359,0.10159371935218081,-0.03518580558050255
929,1,0,0.6634216252210545,0.5571596280328351,True,1,permissive_union,2,-0.015133459563156594,-0.1008651404290296,0.0705982213027164,-0.2246108655442407
934,0,0,0.17588820990102041,0.1479102128392838,True,1,permissive_union,2,-0.05564099745332622,-0.24025095712491173,0.1289689622182592,-0.17923562100166213
955,1,1,0.7279935351733413,0.7193079523925068,True,1,permissive_union,2,-0.059644992201171795,-0.23448560147757758,0.11519561707523394,-0.4074361291328243
960,1,1,0.516353381546526,0.48744897008899524,True,1,permissive_union,2,0.029154234029435174,-0.12452807653977435,0.18283654459864468,0.30302428580824725
961,0,1,0.5952214322323915,0.2839526673389449,True,1,permissive_union,2,-0.022227418133225724,-0.11834839002430149,0.07389355375785003,-0.17386110854674186
967,0,0,0.7111062328377343,0.6026371727046967,True,1,permissive_union,2,-0.0451708470049005,-0.16725099397727583,0.07690929996747481,0.11315424130412288
976,0,0,0.22296580907529134,0.08518100874594803,True,1,permissive_union,2,-0.05963258775396976,-0.14808656401724396,0.028821388509304435,-0.10435438224184548
977,1,0,0.8795089744048036,0.5493546289655924,True,1,permissive_union,2,-0.015112297188260378,-0.10582296313900832,0.07559836876248756,0.2172265382051104
980,1,1,0.7845093011134376,0.5285083827381312,True,1,permissive_union,2,-0.0629704424500804,-0.17494757148962706,0.04900668658946622,-0.1328309937568829
986,1,0,0.6842931095653495,0.4407593834478375,True,1,permissive_union,2,-0.01323819228203701,-0.15332395126083653,0.12684756669676248,-0.21930664730454208
987,0,0,0.4937146818591577,0.41011618555896223,True,1,permissive_union,2,-0.029997714539931906,-0.18031023340039234,0.12031480432052849,0.16537846499403014
989,0,0,0.502114524477848,0.4557268144672463,True,1,permissive_union,2,-0.06658596038930016,-0.17646418286186452,0.04329226208326417,-0.22553091570484401
5,1,1,0.6377114402121038,0.34254974755376194,True,1,all_candidates,0,-0.028730686794241962,-0.11044098857551399,0.05297961498703004,0.29544125881310984
12,0,1,0.40864594703941975,0.30002689738786964,True,1,all_candidates,0,-0.02523487864743786,-0.10578120374848958,0.05531144645361384,-0.1020346687031714
15,1,0,0.5202019068490832,0.11807387106554294,True,1,all_candidates,0,-0.03276459621540407,-0.18634857801101776,0.1208193855802096,-0.003080297422145953
30,0,0,0.5746897562690604,0.24295906763714584,True,1,all_candidates,0,-0.04282421789074092,-0.15721550036352527,0.07156706458204339,-0.15824629257148742
39,1,0,0.6048933776872666,0.3441516064005722,True,1,all_candidates,0,-0.05946472736820484,-0.27372946097710416,0.15480000624069445,-0.0787740414269622
40,0,0,0.3543801765148926,0.35057432062020416,True,1,all_candidates,0,-0.05926975635420773,-0.1656176494801237,0.0470781367717082,0.060474988513839145
43,1,0,0.7309350546172592,0.38618933830050256,True,1,all_candidates,0,-0.022804347141391772,-0.15958273895706143,0.11397404467427787,-0.19702180525731344
45,0,0,0.2877857978025763,0.3689753372039217,True,1,all_candidates,0,-0.040371647348540346,-0.18897300162918948,0.10822970693210873,0.13139903885494988
48,1,1,0.4640558918721573,0.5888245392655549,True,1,all_candidates,0,-0.06411049679574285,-0.23467645900657488,0.10645546541508913,-0.02351093248221392
63,1,0,0.493740643635318,0.20164355626544486,True,1,all_candidates,0,-0.08153033698940511,-0.20912881473756106,0.046068140758750806,-0.08061850681857732
67,1,1,0.4135078007326209,0.532633707078535,True,1,all_candidates,0,-0.08679916585259402,-0.17371358754799965,0.00011525584281157908,-0.4040936263411786
69,0,0,0.46600337273861786,0.48630868982475617,True,1,all_candidates,0,-0.07114225299911812,-0.15379092065153366,0.011506414653297409,-0.2535047085663173
72,1,0,0.5908011295185976,0.3649110295452353,True,1,all_candidates,0,-0.02340683853233752,-0.22840522627942542,0.18159154921475032,0.03393963416448598
75,1,0,0.8971971121686327,0.590906090484836,True,1,all_candidates,0,-0.027408876912738238,-0.17188056615935696,0.11706281233388041,-0.21905044290968123
93,0,1,0.23435593073816172,0.3708737195266814,True,1,all_candidates,0,-0.041826263129465066,-0.17094696424998668,0.08729443799105648,-0.24763340158643393
115,0,0,0.417662784829503,0.3560754401295836,True,1,all_candidates,0,-0.017165595255591505,-0.15546322526523232,0.12113203475404927,-0.036066766855671034
116,0,1,0.2300810466125331,0.24524587329350514,True,1,all_candidates,0,-0.08790211669420603,-0.23821542585896305,0.062411192470550964,-0.014342061446469406
121,1,0,0.829551555662928,0.5644650903605791,True,1,all_candidates,0,-0.01569552699296377,-0.11805178489684846,0.0866607309109209,-0.578150415838105
122,1,0,0.6628130336914178,0.16757719199669627,True,1,all_candidates,0,-0.07438181799094488,-0.19560590339634876,0.04684226741445896,-0.1662835077113541
123,0,1,0.39744562120923743,0.39243083175848403,True,1,all_candidates,0,-0.05834846938993532,-0.16478826352278705,0.048091324742916386,0.03246765507545743
126,0,0,0.2904388139791195,0.3909132072928165,True,1,all_candidates,0,-0.0802699692384001,-0.23271583889078964,0.07217590041398941,-0.3010231687743369
130,0,0,0.26863216138852986,0.21849460988274513,True,1,all_candidates,0,-0.082214136657612,-0.23949394312094158,0.07506566980571756,0.006309753656425152
137,0,0,0.19104229057139868,0.136704195001431,True,1,all_candidates,0,-0.03957493715761026,-0.22142732846046284,0.1422774541452423,-0.035394603233024145
145,1,0,0.4660143956373304,0.44212132263226617,True,1,all_candidates,0,-0.02837490384354741,-0.13089047189223554,0.07414066420514072,-0.33769143797714973
151,0,1,0.5191771574449675,0.4662585530143542,True,1,all_candidates,0,-0.012611153741190793,-0.13282408117833192,0.1076017736959503,-0.31487008056515453
162,0,0,0.5856731783723788,0.5989655969474362,True,1,all_candidates,0,-0.07885124863472474,-0.18525439569518434,0.02755189842573484,-0.1770906937214045
167,0,1,0.6272436550256896,0.707639467658466,True,1,all_candidates,0,-0.060033079942538876,-0.2986905872640346,0.17862442737895676,0.060419762402974864
169,1,1,0.718421807752594,0.8744463758885973,True,1,all_candidates,0,-0.04150354261785201,-0.21075445479940702,0.12774736956370297,-0.059438745764093026
180,1,1,0.8672668628184429,0.5657293381904667,True,1,all_candidates,0,-0.041657142116429326,-0.24051928475464562,0.15720500052178696,0.07214620573564456
186,1,0,0.5911390146431826,0.5179879989770028,True,1,all_candidates,0,-0.06404160976879698,-0.20607871322265725,0.07799549368506324,-0.34838730337294177
193,0,0,0.40023106047420476,0.1550758670471376,True,1,all_candidates,0,-0.03660179735139653,-0.1989325175660136,0.12572892286322052,-0.07790570380726344
196,0,0,0.4779684453454312,0.4063942925546509,True,1,all_candidates,0,-0.002886156515508846,-0.08861707121057605,0.08284475817955834,0.18500422317417548
198,0,0,0.14587366590344183,0.3168318250125152,True,1,all_candidates,0,-0.06796864865640398,-0.20656212221015985,0.07062482489735186,-0.09796041668062988
205,1,1,0.889667935890094,0.4157414662695457,True,1,all_candidates,0,-0.03058937791718965,-0.11146795433065032,0.050289198496271,0.10039000345163385
208,1,1,0.37917397054309765,0.6227098092939151,True,1,all_candidates,0,-0.017880736674702434,-0.15503480298715824,0.11927332963775333,-0.38364186382161225
211,0,0,0.231401125726331,0.22905857404779453,True,1,all_candidates,0,-0.07239998320402019,-0.17329568765864992,0.028495721250609507,0.039362356322426656
229,0,0,0.35491053100236486,0.18642819332391197,True,1,all_candidates,0,-0.04078814780753176,-0.19566678554249398,0.11409048992743043,-0.0181111175885878
237,0,1,0.3187585270756577,0.6861105920384603,True,1,all_candidates,0,-0.03229667547132439,-0.2201562080609084,0.1555628571182596,0.014677238537030401
241,1,0,0.33880276994038705,0.4470269612145222,True,1,all_candidates,0,-0.04942427338297047,-0.14808886093112747,0.049240314165186504,-0.2359562924134932
250,1,1,0.8428866494274864,0.703627059039757,True,1,all_candidates,0,-0.0596318114099725,-0.1728792625454908,0.053615639725545776,-0.14381661120733635
254,0,1,0.20839292854203073,0.24099446092279211,True,1,all_candidates,0,-0.021770319967900163,-0.1151584009711059,0.07161776103530555,0.11029612787953566
261,0,0,0.25783316789758004,0.1812073244799295,True,1,all_candidates,0,-0.02267968355447191,-0.10513173842928802,0.0597723713203442,0.31285754382566056
264,1,1,0.5133701154893368,0.5783417591739412,True,1,all_candidates,0,-0.06821982906961416,-0.149112839857021,0.012673181717792678,0.10130985419071503
265,0,0,0.4673440107611287,0.3563794093146026,True,1,all_candidates,0,-0.056227339669328226,-0.20512436420419453,0.09266968486553803,-0.19966649402570194
270,0,0,0.34874073775724557,0.20171397701955088,True,1,all_candidates,0,-0.03458301197551136,-0.15947806058100383,0.09031203662998108,-0.05981133747776573
271,1,0,0.8208015211662028,0.8654343342544495,True,1,all_candidates,0,-0.01383573199492084,-0.16575010220829625,0.13807863821845456,-0.027407061388611043
277,1,1,0.8458274757149049,0.5796784555469318,True,1,all_candidates,0,-0.014213659010036211,-0.12551579396743057,0.09708847594735812,0.19707323380293573
282,0,0,0.4968539889905682,0.48950108386632263,True,1,all_candidates,0,-0.04693663929602357,-0.18459039913612768,0.09071712054408052,0.2904593735133494
284,0,1,0.26169668314489575,0.48044735559495144,True,1,all_candidates,0,-0.004186499526909754,-0.09539098834812271,0.08701798929430318,0.18518688543613304
288,1,0,0.7511605014707504,0.5824804714021297,True,1,all_candidates,0,-0.08833932695367515,-0.2233491124782428,0.046670458570892484,0.004640120746827181
294,1,1,0.8164796270017057,0.49031264913350026,True,1,all_candidates,0,-0.043876900133222554,-0.12225475955861959,0.03450095929217446,-0.34951026332690505
318,0,0,0.6636540076542939,0.5705544669325786,True,1,all_candidates,0,-0.049572590719471586,-0.13318727346114267,0.03404209202219947,-0.20199985734703257
319,1,1,0.8930296774091446,0.7555478412559756,True,1,all_candidates,0,-0.06360164955421116,-0.15404651372195444,0.026843214613532104,0.04278373950332526
328,0,1,0.39432924248177276,0.18948303187203663,True,1,all_candidates,0,-0.025461209806937182,-0.11886432774578047,0.06794190813190608,0.10327243996857394
334,0,0,0.32003853805723764,0.2875355167491368,True,1,all_candidates,0,-0.07232347863786198,-0.16606836593844237,0.021421408662718383,-0.1484375342195409
339,0,1,0.6907306329755005,0.5644583916735121,True,1,all_candidates,0,-0.05695381413447799,-0.1449446810083198,0.03103705273936383,-0.04096418254395162
343,1,1,0.7122793784860058,0.5155210187085154,True,1,all_candidates,0,-0.06286301726662938,-0.23524855838861045,0.10952252385535166,-0.252500407706424
346,0,0,0.4668878241550569,0.33951763988107997,True,1,all_candidates,0,-0.04073915329909451,-0.20666945715173585,0.1251911505535468,0.021257549177203516
347,0,1,0.20263826870260368,0.2637419376444213,True,1,all_candidates,0,-0.07815012194377799,-0.2627512327580597,0.1064509888705037,0.0718545920669893
349,0,1,0.7980010545149436,0.6771543356924604,True,1,all_candidates,0,-0.04949198471525387,-0.18144638300583496,0.08246241357532719,0.03268878550218324
354,1,0,0.532805219686784,0.2924577715670299,True,1,all_candidates,0,-0.03470976937774653,-0.18074513289521968,0.11132559413972659,-0.14297135067526034
357,1,1,0.6408274001124588,0.2999253159315922,True,1,all_candidates,0,-0.05215277753391619,-0.19138896743508743,0.087083412367255,0.1013446835796018
360,1,0,0.3477877504865826,0.3387807653978252,True,1,all_candidates,0,-0.04240295908407963,-0.17581677409271093,0.09101085592455166,-0.20995476861796994
361,0,0,0.29661108176182654,0.23059339157774011,True,1,all_candidates,0,-0.03862616284640539,-0.19015917776607197,0.11290685207326118,-0.0406445885166562
365,1,0,0.6049751553904226,0.2863717839207137,True,1,all_candidates,0,-0.08876169418757741,-0.2318324122412192,0.05430902386606433,-0.3344524588585174
368,1,0,0.6849883638981021,0.32733973117530735,True,1,all_candidates,0,-0.0577249739121632,-0.1945411539604226,0.07909120613609619,-0.05427466854280549
370,1,0,0.19790340240759838,0.10800260009836761,True,1,all_candidates,0,-0.041645331715541765,-0.23025598355109586,0.14696532012001226,-0.11224918810400103
380,0,1,0.7471666727680591,0.4674264398886901,True,1,all_candidates,0,-0.06515847327807515,-0.13551049148451555,0.00519354492836524,-0.4595323870462047
384,1,1,0.6900728481780237,0.5112597274821526,True,1,all_candidates,0,-0.03801955557046225,-0.12993111738517035,0.05389200624424583,0.0703099140074529
392,1,1,0.7956043945971023,0.7308406047876336,True,1,all_candidates,0,-0.0250978395786187,-0.1516516488299965,0.10145596967275908,0.0859568948245617
398,0,1,0.3206138626697417,0.45685223927714724,True,1,all_candidates,0,-0.06139955789083026,-0.2970440750742904,0.17424495929262984,-0.3498504475078327
409,0,0,0.18337791691798333,0.4439000770292082,True,1,all_candidates,0,-0.05676731573567013,-0.16810778765994067,0.05457315618860039,0.14554265152238055
422,1,1,0.4374280553015159,0.34871246199525907,True,1,all_candidates,0,0.004234177715428694,-0.11995347235997496,0.12842182779083233,0.04875396248008518
424,1,0,0.6770097302582416,0.7052642761137701,True,1,all_candidates,0,-0.07994417236266274,-0.29228552790248574,0.1323971831771602,-0.411950972386599
431,1,1,0.4372491262168222,0.6279412483546116,True,1,all_candidates,0,-0.08500023315533363,-0.24335610051095585,0.07335563420028858,-0.32665406706368566
433,0,0,0.10525170726096475,0.10427304962006238,True,1,all_candidates,0,-0.0818233429976373,-0.18718837513510034,0.02354168913982574,-0.03402153155820689
435,0,1,0.4409894527049854,0.6729711349557012,True,1,all_candidates,0,-0.07250664522264941,-0.19355897013688317,0.04854567969158431,-0.10742312894197681
446,1,0,0.2790381570542702,0.16375999330593335,True,1,all_candidates,0,-0.08154427233674995,-0.2455635284262052,0.08247498375270527,-0.06432527410523083
447,1,1,0.536835214889051,0.5503554221394807,True,1,all_candidates,0,-0.02806774435593432,-0.14987846040136538,0.0937429716894967,0.034144994760945346
451,1,1,0.7690955084071955,0.6112206494377056,True,1,all_candidates,0,-0.032993717040868155,-0.13600148458964345,0.07001405050790713,-0.17663563846118313
460,1,0,0.39094770965443404,0.27994469973743064,True,1,all_candidates,0,-0.06631102375031171,-0.14709056589356986,0.014468518392946411,-0.15089969081385596
462,0,0,0.4757820881301206,0.3798226570352518,True,1,all_candidates,0,-0.021084554344822416,-0.1298619447582986,0.08769283606865375,-0.02877369342676961
465,0,1,0.4312755600906261,0.6491876730428766,True,1,all_candidates,0,-0.03421523493856788,-0.11917006967636434,0.050739599799228575,-0.07352311822592295
467,0,0,0.2562069965782711,0.26684038260745196,True,1,all_candidates,0,-0.059022111470590825,-0.18184542122553177,0.0638011982843501,0.18109530692018136
468,1,0,0.44882293786932376,0.4590625162462623,True,1,all_candidates,0,-0.0923426444047292,-0.1894624057511109,0.00477711694165249,-0.36394341785118856
474,0,0,0.4334979519869535,0.38280401600429703,True,1,all_candidates,0,-0.07685769708012288,-0.22798448012796754,0.07426908596772175,0.27024214191256124
478,1,0,0.5739982744039367,0.2947270948162633,True,1,all_candidates,0,-0.06601945647222109,-0.22154999303536033,0.08951108009091811,-0.14113139488284232
481,0,1,0.5087083360409932,0.40825501741027925,True,1,all_candidates,0,-0.020846975509004287,-0.12770189821829322,0.08600794720028464,0.24256774419822325
486,1,1,0.7441202307802978,0.6148549412893181,True,1,all_candidates,0,-0.0734081558052479,-0.21696534721055447,0.07014903560005864,-0.6892153014395378
487,1,1,0.8467975192157075,0.5866738910251524,True,1,all_candidates,0,-0.02703872470087659,-0.13205696747814677,0.07797951807639357,-0.028156691615068175
498,0,0,0.3020648921646804,0.1979830251548477,True,1,all_candidates,0,-0.08852772496383943,-0.25276958344930267,0.07571413352162382,-0.1062618189134249
503,0,0,0.3446948747805175,0.2658055219729751,True,1,all_candidates,0,-0.037806086363292114,-0.13945849136521252,0.06384631863862825,-0.16728505428348134
507,1,1,0.8311033999506614,0.7945564212316646,True,1,all_candidates,0,-0.0864329907111077,-0.15939575168643813,-0.013470229735777287,-0.030854928811506976
508,0,0,0.5229332692489086,0.2601699446166555,True,1,all_candidates,0,-0.028125316287128894,-0.17509294678681667,0.11884231421255886,-0.05620972089686527
514,1,1,0.8270038617254091,0.6943390637417084,True,1,all_candidates,0,-0.046024413032895325,-0.2091860943926483,0.11713726832685763,-0.061478120138046544
526,0,0,0.15782593929996835,0.13044474411998602,True,1,all_candidates,0,-0.04337251348791186,-0.22332825740853138,0.13658323043270765,0.020299231269924375
528,1,1,0.6647472925894883,0.7352516088728809,True,1,all_candidates,0,0.021771295150027424,-0.11005829129733641,0.15360088159739124,-0.3151680255715663
532,1,0,0.5659465902283147,0.4305883970188177,True,1,all_candidates,0,-0.04902999361305213,-0.20619772656644675,0.10813773934034246,-0.5334643262344162
534,0,1,0.6356185713393279,0.49570608184298615,True,1,all_candidates,0,0.010382030034454823,-0.11968585315547507,0.1404499132243847,0.13543398492073888
535,0,0,0.6385549390569282,0.3491581541021244,True,1,all_candidates,0,-0.03192732721581664,-0.14920670484083684,0.08535205040920354,0.03704061610492676
538,1,0,0.7165422603028302,0.5565385298635452,True,1,all_candidates,0,-0.02661060113842169,-0.24211662642712856,0.18889542415028515,-0.06212851278558973
539,0,1,0.3919352408994978,0.39807883890515544,True,1,all_candidates,0,-0.05129175125208602,-0.16968206130985186,0.0670985588056798,-0.11126006308263126
546,0,0,0.30246911548946265,0.1674140399970113,True,1,all_candidates,0,-0.08359468480933878,-0.17282142461493968,0.005632054996262098,-0.06620608679353736
549,1,0,0.737809295603759,0.4018100071172399,True,1,all_candidates,0,-0.026626697045476166,-0.16323199140348968,0.10997859731253733,-0.22605679180368443
550,0,0,0.22968620364065134,0.12507868829739605,True,1,all_candidates,0,-0.0853248493561062,-0.2641515971945299,0.0935018984823175,-0.08381602753461014
552,1,0,0.5131292585651384,0.19044531066663345,True,1,all_candidates,0,-0.06513017790197992,-0.18255680084017156,0.05229644503621171,0.08753892270289004
559,1,0,0.6085123450001269,0.405681505096466,True,1,all_candidates,0,-0.07533700078524355,-0.22482672762156095,0.07415272605107381,-0.36576085048430995
560,1,1,0.8655555287273489,0.6294406160354643,True,1,all_candidates,0,-0.06213594697396473,-0.2010049854769336,0.0767330915290041,-0.06469990771798673
561,1,0,0.6004522932294956,0.25193874811218325,True,1,all_candidates,0,-0.030824701826827176,-0.10871167246441205,0.047062268810757674,-0.14847635272894044
563,0,0,0.34977696900330585,0.3001244011940171,True,1,all_candidates,0,-0.05733157883421882,-0.2027082600032696,0.08804510233483193,0.08723419972137467
568,1,1,0.8420165704415828,0.7241993149028411,True,1,all_candidates,0,-0.10673744828362708,-0.28378683993083376,0.0703119433635796,-0.11006768648138565
569,0,1,0.6204165780663479,0.649966418468412,True,1,all_candidates,0,-0.08097156877634121,-0.18916829765483245,0.02722516010215001,-0.03506472883281053
578,0,0,0.528449166106585,0.541129455632692,True,1,all_candidates,0,-0.09287791881518484,-0.2836959871611706,0.09794014953080091,-0.1661069213092291
584,1,0,0.4835230499831929,0.6086690571475216,True,1,all_candidates,0,0.0013833498991456716,-0.09720726851854966,0.09997396831684097,-0.18620539681394355
588,1,1,0.6950874683394853,0.6067692377764136,True,1,all_candidates,0,-0.04346906593285317,-0.15373197999145274,0.06679384812574637,0.05151712594740754
594,0,1,0.3845124638174599,0.20204826370818607,True,1,all_candidates,0,-0.05194978821675957,-0.14952006724214878,0.0456204908086296,-0.1845762402931477
599,0,1,0.5139276407168637,0.3069862927665871,True,1,all_candidates,0,-0.045069481736960675,-0.1278201150935965,0.037681151619675134,-0.017020805613165407
603,1,1,0.8760250372770755,0.7245136388321798,True,1,all_candidates,0,-0.05961506249438473,-0.19115611983854777,0.0719259948497783,-0.4064471216929251
606,0,1,0.21922940776003394,0.3608687382193187,True,1,all_candidates,0,-0.047182003979510355,-0.2134633079350385,0.11909929997601776,-0.0810499975355446
607,0,0,0.2306889141131686,0.41349980578355594,True,1,all_candidates,0,-0.038843854569906675,-0.2290937344937901,0.15140602535397674,-0.20262165996000597
609,0,1,0.2303519206028594,0.1661800464978828,True,1,all_candidates,0,-0.03999389270252729,-0.12747828717932067,0.04749050177426607,-0.17815202596793825
614,1,1,0.6467946600933504,0.454149402724382,True,1,all_candidates,0,-0.06693182359404831,-0.19306022693654834,0.05919657974845169,0.13800989485438941
617,1,0,0.6802572666640975,0.691208308706228,True,1,all_candidates,0,-0.07404915795271623,-0.26831375138210367,0.12021543547667114,-0.32977963417948597
621,1,1,0.627291255719527,0.643934722388693,True,1,all_candidates,0,-0.02285021090398944,-0.11035561837048735,0.06465519656250845,-0.10300534475910206
626,1,0,0.474501537217078,0.16437460061425205,True,1,all_candidates,0,-0.07580931318775201,-0.16791011899067862,0.01629149261517457,-0.14734105843629364
638,1,0,0.2748012559824055,0.1239220657092472,True,1,all_candidates,0,-0.05623052650373979,-0.19539358486910152,0.0829325318616219,-0.028967779075204383
648,1,1,0.5446984576494674,0.4969151883647077,True,1,all_candidates,0,-0.055228901455950594,-0.14406114800278513,0.033603345090883904,0.22657797391420198
651,1,0,0.7414638822974168,0.20735604282143721,True,1,all_candidates,0,-0.025293005316562527,-0.10820802984539099,0.05762201921226592,0.14285091672279376
656,0,0,0.28204662460451924,0.4366149382471533,True,1,all_candidates,0,-0.04701864375251837,-0.24396004875609364,0.14992276125105683,0.008071797181922913
662,0,0,0.6929571721037661,0.5688028871898342,True,1,all_candidates,0,-0.042733222299279124,-0.1837891024101857,0.09832265781162744,0.12090442381375327
663,1,1,0.6304851473044282,0.5835748670106308,True,1,all_candidates,0,-0.02854653896462558,-0.10612388396704359,0.04903080603779239,-0.0006267839972746714
676,1,0,0.4599439184764482,0.29878782114157487,True,1,all_candidates,0,-0.0802325316642013,-0.17082078371839754,0.01035572038999491,0.288078314021742
680,1,0,0.6829703748258147,0.11385594636738014,True,1,all_candidates,0,-0.04427864832081759,-0.23549009682924674,0.14693280018761148,-0.21676132704337042
684,0,0,0.5697406984360188,0.19983185070397666,True,1,all_candidates,0,-0.05860338703599865,-0.1722018981310819,0.05499512405908457,-0.09365228131014089
689,1,1,0.8868225930045658,0.8706173422583725,True,1,all_candidates,0,-0.02475639832966257,-0.1981575426420786,0.14864474598275346,0.028437736123359203
707,1,0,0.3095601577041158,0.16574517487960455,True,1,all_candidates,0,-0.07169776021089082,-0.26556992965618137,0.12217440923439966,-0.18261274863827542
708,0,0,0.38944180681518387,0.31109833854695346,True,1,all_candidates,0,-0.07732680074895988,-0.26035382770229815,0.10570022620437834,-0.3033594815556778
712,0,0,0.22671743720630477,0.39916050095370287,True,1,all_candidates,0,-0.05162297580896833,-0.18164049805272794,0.07839454643479127,0.20262182932038472
713,0,1,0.4479973834356069,0.7899673126686212,True,1,all_candidates,0,-0.04045561998890129,-0.16587111627498605,0.08495987629718343,0.18351149860665072
723,1,1,0.8791019779208326,0.6312407840166131,True,1,all_candidates,0,-0.015312740419825902,-0.16025220168656817,0.12962672084691634,-0.013981278819158116
735,1,1,0.7869431386479372,0.5368141960979033,True,1,all_candidates,0,-0.03785597719933012,-0.19298140625066787,0.1172694518520076,0.2892291597635016
739,0,1,0.16567925131260422,0.3625667250095327,True,1,all_candidates,0,-0.03396673206782405,-0.21915595804707,0.15122249391142187,0.04653584065128688
743,1,0,0.6338297786120288,0.6070901283292623,True,1,all_candidates,0,-0.06169017473375442,-0.23461826128790103,0.11123791182039215,-0.3588049137290085
744,0,0,0.2696157041235064,0.15264458849958287,True,1,all_candidates,0,-0.06743841980777558,-0.17639810723329474,0.041521267617743565,0.00043827428651807554
752,1,0,0.6647472925894883,0.7208329462562315,True,1,all_candidates,0,0.026202541811794745,-0.10634168585631723,0.15874676947990668,-0.048624029853681416
760,1,1,0.7134555858731084,0.792566241366111,True,1,all_candidates,0,-0.08668991310152784,-0.25007328936158274,0.07669346315852706,-0.1049719012824385
773,1,1,0.8386940353384825,0.852870223315683,True,1,all_candidates,0,-0.02119534902905048,-0.15166894769559325,0.10927824963749225,-0.05078761983714952
776,0,0,0.3345234242308092,0.20533773166060534,True,1,all_candidates,0,-0.003982398912367799,-0.10991910639152372,0.1019543085667881,0.11215936655437345
779,0,0,0.3257453007133764,0.22754313436062862,True,1,all_candidates,0,-0.05484946715944679,-0.16399811657698726,0.054299182258093645,0.2102850669914252
781,1,1,0.6832939038423603,0.63754694937672,True,1,all_candidates,0,-0.0432942790045988,-0.1842460306025202,0.09765747259332254,0.031273744586730046
782,1,0,0.7648701537663227,0.4641424883295498,True,1,all_candidates,0,-0.03899979670412482,-0.17207207850011466,0.094072485091865,-0.27881971225762575
783,0,0,0.12172989379204215,0.3168675055683017,True,1,all_candidates,0,-0.053661467214329094,-0.15661328158656967,0.04929034715791147,0.11768093960974968
798,1,1,0.5742961575804171,0.7338549270059888,True,1,all_candidates,0,-0.07358008292432482,-0.2685505782019485,0.1213904123532988,-0.012829595656138837
822,0,0,0.7417980053932205,0.6367950734915155,True,1,all_candidates,0,-0.01656838096350885,-0.16674866050399856,0.13361189857698083,0.15687867128973654
827,0,1,0.264977865904604,0.5063020143310597,True,1,all_candidates,0,-0.1059410741950937,-0.24480223544087554,0.03292008705068809,-0.47170840662307595
839,0,0,0.4808888128545494,0.1562570180525887,True,1,all_candidates,0,-0.027810168585004177,-0.14695141916935445,0.09133108199934606,-0.082870305049013
845,1,1,0.7067711150558171,0.505484558588421,True,1,all_candidates,0,-0.030588729855617773,-0.19368081659150813,0.13250335688027254,-0.054967122143437575
848,0,0,0.1666158023279128,0.2015602546752192,True,1,all_candidates,0,-0.06420193347613226,-0.21952631958815358,0.09112245263588903,0.0857810802170664
859,1,1,0.6849906428774399,0.6769103292049636,True,1,all_candidates,0,-0.04222362488045933,-0.18464689077153038,0.10019964101061168,0.10091643251497262
868,1,0,0.3082583807209731,0.1535068027524439,True,1,all_candidates,0,-0.0938785573937951,-0.28540584785139017,0.09764873306379994,-0.03768758335333155
875,1,1,0.25333963387393715,0.20708796308982624,True,1,all_candidates,0,0.006475062404728401,-0.07890519862184386,0.09185532343130066,0.2750351541256375
892,0,0,0.6313698695873204,0.23382463068565157,True,1,all_candidates,0,-0.04964462422611369,-0.24053138566343912,0.14124213721121173,-0.4218944972490402
893,0,1,0.45589257876268896,0.39302832109664,True,1,all_candidates,0,-0.054659363288813545,-0.2678362631190657,0.1585175365414386,-0.13899119129057289
898,1,1,0.49462645872228006,0.3547315126470555,True,1,all_candidates,0,-0.04622508016050098,-0.16861319775211256,0.07616303743111055,0.11489019733853345
908,1,1,0.59795154629418,0.5465323047791424,True,1,all_candidates,0,-0.0799806506390055,-0.26082063422726576,0.1008593329492547,0.2700079153490359
913,0,0,0.4590740424682504,0.15303561997525103,True,1,all_candidates,0,-0.00689117298962658,-0.12927864099698452,0.11549629501773134,0.5763362625455206
915,1,1,0.8444617337210738,0.7902472579186703,True,1,all_candidates,0,-0.007446199180145293,-0.17312488627747477,0.1582324879171841,-0.10460704553612188
924,0,1,0.11064807383603614,0.35875496457481376,True,1,all_candidates,0,-0.07380533918425342,-0.19878116341474558,0.05117048504623872,-0.03518580558050255
929,1,0,0.6634216252210545,0.5571596280328351,True,1,all_candidates,0,-0.01225888086701239,-0.13335060865439793,0.10883284692037314,-0.2246108655442407
934,0,0,0.17588820990102041,0.1479102128392838,True,1,all_candidates,0,-0.053135575594562064,-0.21895555671985725,0.11268440553073311,-0.17923562100166213
955,1,1,0.7279935351733413,0.7193079523925068,True,1,all_candidates,0,-0.07031322629467991,-0.1720192851599775,0.03139283257061763,-0.4074361291328243
960,1,1,0.516353381546526,0.48744897008899524,True,1,all_candidates,0,-0.023897999886357726,-0.146224571241306,0.0984285714685905,0.30302428580824725
961,0,1,0.5952214322323915,0.2839526673389449,True,1,all_candidates,0,-0.025617338764843355,-0.1273717560544763,0.07613707852478954,-0.17386110854674186
967,0,0,0.7111062328377343,0.6026371727046967,True,1,all_candidates,0,-0.05031060817343503,-0.14079703842885105,0.040175822081980984,0.11315424130412288
976,0,0,0.22296580907529134,0.08518100874594803,True,1,all_candidates,0,-0.08508404189038994,-0.20541212509254259,0.03524404131176269,-0.10435438224184548
977,1,0,0.8795089744048036,0.5493546289655924,True,1,all_candidates,0,-0.049215007988123394,-0.13867546453245924,0.04024544855621244,0.2172265382051104
980,1,1,0.7845093011134376,0.5285083827381312,True,1,all_candidates,0,-0.054070075626897196,-0.17124213714515368,0.06310198589135928,-0.1328309937568829
986,1,0,0.6842931095653495,0.4407593834478375,True,1,all_candidates,0,-0.06041595164358905,-0.29193396729937066,0.17110206401219252,-0.21930664730454208
987,0,0,0.4937146818591577,0.41011618555896223,True,1,all_candidates,0,-0.030676451861622062,-0.14430103049790505,0.08294812677466092,0.16537846499403014
989,0,0,0.502114524477848,0.4557268144672463,True,1,all_candidates,0,-0.05704835418530066,-0.23642235903519218,0.12232565066459083,-0.22553091570484401
5,1,1,0.6377114402121038,0.34254974755376194,True,1,all_candidates,1,0.026429143867911783,-0.07728691882324912,0.13014520655907266,0.29544125881310984
12,0,1,0.40864594703941975,0.30002689738786964,True,1,all_candidates,1,-0.015257724438872822,-0.18853527912734866,0.15801983024960298,-0.1020346687031714
15,1,0,0.5202019068490832,0.11807387106554294,True,1,all_candidates,1,-0.06664645684402086,-0.20927262653305156,0.07597971284500983,-0.003080297422145953
30,0,0,0.5746897562690604,0.24295906763714584,True,1,all_candidates,1,-0.04509065181057708,-0.13400505229326196,0.04382374867210779,-0.15824629257148742
39,1,0,0.6048933776872666,0.3441516064005722,True,1,all_candidates,1,-0.05922160658094115,-0.21722931179350152,0.09878609863161918,-0.0787740414269622
40,0,0,0.3543801765148926,0.35057432062020416,True,1,all_candidates,1,-0.037366156048035754,-0.1743165805778181,0.09958426848174656,0.060474988513839145
43,1,0,0.7309350546172592,0.38618933830050256,True,1,all_candidates,1,-0.017884500530970036,-0.12061427019119111,0.08484526912925103,-0.19702180525731344
45,0,0,0.2877857978025763,0.3689753372039217,True,1,all_candidates,1,-0.05521602396990044,-0.15505409475403156,0.044622046814230654,0.13139903885494988
48,1,1,0.4640558918721573,0.5888245392655549,True,1,all_candidates,1,-0.06594496236450989,-0.26643259485739845,0.13454267012837862,-0.02351093248221392
63,1,0,0.493740643635318,0.20164355626544486,True,1,all_candidates,1,-0.06195645947806862,-0.19254346338212097,0.0686305444259837,-0.08061850681857732
67,1,1,0.4135078007326209,0.532633707078535,True,1,all_candidates,1,-0.0886663417600058,-0.30104701108749227,0.12371432756748059,-0.4040936263411786
69,0,0,0.46600337273861786,0.48630868982475617,True,1,all_candidates,1,-0.031641599405466486,-0.2786446286365555,0.21536142982562242,-0.2535047085663173
72,1,0,0.5908011295185976,0.3649110295452353,True,1,all_candidates,1,-0.07487482558297165,-0.1625529644924737,0.012803313326530397,0.03393963416448598
75,1,0,0.8971971121686327,0.590906090484836,True,1,all_candidates,1,0.011332194342755099,-0.1381952161799477,0.16085960486545786,-0.21905044290968123
93,0,1,0.23435593073816172,0.3708737195266814,True,1,all_candidates,1,-0.02259629576041776,-0.16578355293417657,0.12059096141334098,-0.24763340158643393
115,0,0,0.417662784829503,0.3560754401295836,True,1,all_candidates,1,-0.02046270174984049,-0.17262857907288554,0.13170317557320452,-0.036066766855671034
116,0,1,0.2300810466125331,0.24524587329350514,True,1,all_candidates,1,-0.0957468512776503,-0.19964586307966803,0.008152160524367416,-0.014342061446469406
121,1,0,0.829551555662928,0.5644650903605791,True,1,all_candidates,1,0.004059924119823366,-0.10038558288111955,0.10850543112076627,-0.578150415838105
122,1,0,0.6628130336914178,0.16757719199669627,True,1,all_candidates,1,-0.018038085556677668,-0.1404884854410503,0.10441231432769493,-0.1662835077113541
123,0,1,0.39744562120923743,0.39243083175848403,True,1,all_candidates,1,-0.06912075802516592,-0.153354806148284,0.015113290097952162,0.03246765507545743
126,0,0,0.2904388139791195,0.3909132072928165,True,1,all_candidates,1,-0.053114988201518,-0.1497171313282083,0.043487154925172286,-0.3010231687743369
130,0,0,0.26863216138852986,0.21849460988274513,True,1,all_candidates,1,-0.04951782387307286,-0.18357937453575904,0.0845437267896133,0.006309753656425152
137,0,0,0.19104229057139868,0.136704195001431,True,1,all_candidates,1,-0.017439210158366684,-0.1454415032535447,0.11056308293681127,-0.035394603233024145
145,1,0,0.4660143956373304,0.44212132263226617,True,1,all_candidates,1,-0.024374965504392693,-0.14518633299745656,0.09643640198867115,-0.33769143797714973
151,0,1,0.5191771574449675,0.4662585530143542,True,1,all_candidates,1,-0.014800042935060213,-0.10855761330916795,0.0789575274390475,-0.31487008056515453
162,0,0,0.5856731783723788,0.5989655969474362,True,1,all_candidates,1,-0.021219950731834764,-0.09961883769415526,0.05717893623048573,-0.1770906937214045
167,0,1,0.6272436550256896,0.707639467658466,True,1,all_candidates,1,-0.05454710262670939,-0.18093625972696417,0.07184205447354536,0.060419762402974864
169,1,1,0.718421807752594,0.8744463758885973,True,1,all_candidates,1,-0.03503269863115798,-0.1556069303588658,0.08554153309654983,-0.059438745764093026
180,1,1,0.8672668628184429,0.5657293381904667,True,1,all_candidates,1,-0.04559974711594335,-0.22913182240393065,0.13793232817204393,0.07214620573564456
186,1,0,0.5911390146431826,0.5179879989770028,True,1,all_candidates,1,-0.04272711018411575,-0.20878096068156043,0.12332674031332892,-0.34838730337294177
193,0,0,0.40023106047420476,0.1550758670471376,True,1,all_candidates,1,-0.05380219091934496,-0.26431779751740325,0.15671341567871327,-0.07790570380726344
196,0,0,0.4779684453454312,0.4063942925546509,True,1,all_candidates,1,0.00438968076666444,-0.19485305408330503,0.20363241561663387,0.18500422317417548
198,0,0,0.14587366590344183,0.3168318250125152,True,1,all_candidates,1,-0.05258002723074674,-0.18930462748374766,0.08414457302225413,-0.09796041668062988
205,1,1,0.889667935890094,0.4157414662695457,True,1,all_candidates,1,-0.06539292596905587,-0.17533928904748233,0.04455343710937057,0.10039000345163385
208,1,1,0.37917397054309765,0.6227098092939151,True,1,all_candidates,1,-0.027253485904814922,-0.13555160355936868,0.08104463174973882,-0.38364186382161225
211,0,0,0.231401125726331,0.22905857404779453,True,1,all_candidates,1,-0.04044800667712506,-0.1845898884080071,0.10369387505375696,0.039362356322426656
229,0,0,0.35491053100236486,0.18642819332391197,True,1,all_candidates,1,-0.06266341100231652,-0.19599735631262794,0.07067053430799487,-0.0181111175885878
237,0,1,0.3187585270756577,0.6861105920384603,True,1,all_candidates,1,-0.03795522397875118,-0.24608075747609512,0.17017030951859272,0.014677238537030401
241,1,0,0.33880276994038705,0.4470269612145222,True,1,all_candidates,1,-0.064284063813005,-0.2505903784359196,0.12202225080990955,-0.2359562924134932
250,1,1,0.8428866494274864,0.703627059039757,True,1,all_candidates,1,-0.05421409258077135,-0.17566654619853672,0.067238361036994,-0.14381661120733635
254,0,1,0.20839292854203073,0.24099446092279211,True,1,all_candidates,1,-0.061266434187085814,-0.2050112704482812,0.08247840207410957,0.11029612787953566
261,0,0,0.25783316789758004,0.1812073244799295,True,1,all_candidates,1,-0.0016536518069471034,-0.1516331339108558,0.14832583029696159,0.31285754382566056
264,1,1,0.5133701154893368,0.5783417591739412,True,1,all_candidates,1,-0.027879559304309715,-0.15761565959217969,0.10185654098356023,0.10130985419071503
265,0,0,0.4673440107611287,0.3563794093146026,True,1,all_candidates,1,-0.04713947329099877,-0.16395479542302616,0.06967584884102858,-0.19966649402570194
270,0,0,0.34874073775724557,0.20171397701955088,True,1,all_candidates,1,-0.023305871235968736,-0.11568722253241408,0.06907548006047658,-0.05981133747776573
271,1,0,0.8208015211662028,0.8654343342544495,True,1,all_candidates,1,-0.025327109708137004,-0.14843324767399235,0.09777902825771832,-0.027407061388611043
277,1,1,0.8458274757149049,0.5796784555469318,True,1,all_candidates,1,-0.033245966128649315,-0.12727051140028467,0.060778579142986025,0.19707323380293573
282,0,0,0.4968539889905682,0.48950108386632263,True,1,all_candidates,1,-0.02732226813143525,-0.18989902567620226,0.13525448941333168,0.2904593735133494
284,0,1,0.26169668314489575,0.48044735559495144,True,1,all_candidates,1,-0.007038520088589607,-0.11472589212894982,0.10064885195177059,0.18518688543613304
288,1,0,0.7511605014707504,0.5824804714021297,True,1,all_candidates,1,-0.06326449376371332,-0.21076198444393254,0.08423299691650588,0.004640120746827181
294,1,1,0.8164796270017057,0.49031264913350026,True,1,all_candidates,1,-0.040248465797997915,-0.1688562943500621,0.08835936275406624,-0.34951026332690505
318,0,0,0.6636540076542939,0.5705544669325786,True,1,all_candidates,1,-0.06822690021483256,-0.17919223127679412,0.04273843084712897,-0.20199985734703257
319,1,1,0.8930296774091446,0.7555478412559756,True,1,all_candidates,1,-0.027103726469928854,-0.1508391797878789,0.09663172684802115,0.04278373950332526
328,0,1,0.39432924248177276,0.18948303187203663,True,1,all_candidates,1,-0.03102904159392994,-0.12295775964808535,0.06089967646022544,0.10327243996857394
334,0,0,0.32003853805723764,0.2875355167491368,True,1,all_candidates,1,-0.03538307672496198,-0.1705016088964224,0.09973545544649841,-0.1484375342195409
339,0,1,0.6907306329755005,0.5644583916735121,True,1,all_candidates,1,-0.05557802578098758,-0.15211798173576008,0.04096193017378487,-0.04096418254395162
343,1,1,0.7122793784860058,0.5155210187085154,True,1,all_candidates,1,-0.03603322741483737,-0.11762488868362053,0.04555843385394578,-0.252500407706424
346,0,0,0.4668878241550569,0.33951763988107997,True,1,all_candidates,1,-0.0582230359082901,-0.19173050862064495,0.0752844368040647,0.021257549177203516
347,0,1,0.20263826870260368,0.2637419376444213,True,1,all_candidates,1,-0.053567031269710116,-0.19167593872450045,0.08454187618508018,0.0718545920669893
349,0,1,0.7980010545149436,0.6771543356924604,True,1,all_candidates,1,-0.04269521970212728,-0.12645226514391217,0.04106182573965757,0.03268878550218324
354,1,0,0.532805219686784,0.2924577715670299,True,1,all_candidates,1,-0.03434878291777128,-0.17986394764914226,0.11116638181359967,-0.14297135067526034
357,1,1,0.6408274001124588,0.2999253159315922,True,1,all_candidates,1,-0.045001073307405944,-0.18668306154235206,0.09668091492754016,0.1013446835796018
360,1,0,0.3477877504865826,0.3387807653978252,True,1,all_candidates,1,-0.07669560644407146,-0.16632209852870306,0.012930885640560136,-0.20995476861796994
361,0,0,0.29661108176182654,0.23059339157774011,True,1,all_candidates,1,-0.041540778672745755,-0.12796604881956158,0.044884491474070067,-0.0406445885166562
365,1,0,0.6049751553904226,0.2863717839207137,True,1,all_candidates,1,-0.04439150574789141,-0.1773647252632676,0.08858171376748475,-0.3344524588585174
368,1,0,0.6849883638981021,0.32733973117530735,True,1,all_candidates,1,-0.052558895854787645,-0.22861768551265382,0.12349989380307849,-0.05427466854280549
370,1,0,0.19790340240759838,0.10800260009836761,True,1,all_candidates,1,-0.021969724049182036,-0.13072649403694644,0.08678704593858236,-0.11224918810400103
380,0,1,0.7471666727680591,0.4674264398886901,True,1,all_candidates,1,-0.08853370030219775,-0.17755637972164207,0.0004889791172465324,-0.4595323870462047
384,1,1,0.6900728481780237,0.5112597274821526,True,1,all_candidates,1,-0.013279509099819944,-0.14899534445353477,0.12243632625389485,0.0703099140074529
392,1,1,0.7956043945971023,0.7308406047876336,True,1,all_candidates,1,-0.046141846099493025,-0.14433623824544636,0.052052546046460285,0.0859568948245617
398,0,1,0.3206138626697417,0.45685223927714724,True,1,all_candidates,1,-0.04940678842023265,-0.11762430165958965,0.01881072481912434,-0.3498504475078327
409,0,0,0.18337791691798333,0.4439000770292082,True,1,all_candidates,1,-0.027675270957507637,-0.1368419936042226,0.0814914516892073,0.14554265152238055
422,1,1,0.4374280553015159,0.34871246199525907,True,1,all_candidates,1,-0.012859971318260392,-0.10755310753392619,0.0818331648974054,0.04875396248008518
424,1,0,0.6770097302582416,0.7052642761137701,True,1,all_candidates,1,-0.03673481801709639,-0.14079912237778877,0.06732948634359598,-0.411950972386599
431,1,1,0.4372491262168222,0.6279412483546116,True,1,all_candidates,1,-0.06529009491143714,-0.1716523701820517,0.041072180359177396,-0.32665406706368566
433,0,0,0.10525170726096475,0.10427304962006238,True,1,all_candidates,1,-0.041258587045367535,-0.21564045638142038,0.13312328229068526,-0.03402153155820689
435,0,1,0.4409894527049854,0.6729711349557012,True,1,all_candidates,1,-0.02350534158794386,-0.13090711224764612,0.08389642907175836,-0.10742312894197681
446,1,0,0.2790381570542702,0.16375999330593335,True,1,all_candidates,1,-0.0542221054133076,-0.15722538025757676,0.04878116943096153,-0.06432527410523083
447,1,1,0.536835214889051,0.5503554221394807,True,1,all_candidates,1,-0.009960046323980037,-0.1814376010172592,0.1615175083692991,0.034144994760945346
451,1,1,0.7690955084071955,0.6112206494377056,True,1,all_candidates,1,-0.04998402730846698,-0.1749597751599334,0.07499172054299943,-0.17663563846118313
460,1,0,0.39094770965443404,0.27994469973743064,True,1,all_candidates,1,-0.02458088681201665,-0.169624312410367,0.12046253878633367,-0.15089969081385596
462,0,0,0.4757820881301206,0.3798226570352518,True,1,all_candidates,1,-0.027068564024000766,-0.12290586351423759,0.06876873546623605,-0.02877369342676961
465,0,1,0.4312755600906261,0.6491876730428766,True,1,all_candidates,1,-0.04159263827957161,-0.18985432972274893,0.1066690531636057,-0.07352311822592295
467,0,0,0.2562069965782711,0.26684038260745196,True,1,all_candidates,1,-0.07169933655152066,-0.1547887890148724,0.011390115911831034,0.18109530692018136
468,1,0,0.44882293786932376,0.4590625162462623,True,1,all_candidates,1,-0.027211570040732217,-0.14522564774695035,0.09080250766548588,-0.36394341785118856
474,0,0,0.4334979519869535,0.38280401600429703,True,1,all_candidates,1,-0.025350195205503204,-0.2151006091833051,0.16440021877229866,0.27024214191256124
478,1,0,0.5739982744039367,0.2947270948162633,True,1,all_candidates,1,-0.0649529729598124,-0.2288583886050222,0.09895244268539735,-0.14113139488284232
481,0,1,0.5087083360409932,0.40825501741027925,True,1,all_candidates,1,-0.006709552234396353,-0.21871392652879826,0.20529482206000552,0.24256774419822325
486,1,1,0.7441202307802978,0.6148549412893181,True,1,all_candidates,1,-0.06018800136164137,-0.21021613249941234,0.08984012977612957,-0.6892153014395378
487,1,1,0.8467975192157075,0.5866738910251524,True,1,all_candidates,1,-0.02830342631494083,-0.14443569753601138,0.0878288449061297,-0.028156691615068175
498,0,0,0.3020648921646804,0.1979830251548477,True,1,all_candidates,1,-0.07565460684676784,-0.1891967432725242,0.0378875295789885,-0.1062618189134249
503,0,0,0.3446948747805175,0.2658055219729751,True,1,all_candidates,1,-0.05132430402574193,-0.16046328502101379,0.05781467696952989,-0.16728505428348134
507,1,1,0.8311033999506614,0.7945564212316646,True,1,all_candidates,1,-0.057366432857875294,-0.15049723695397482,0.03576437123822421,-0.030854928811506976
508,0,0,0.5229332692489086,0.2601699446166555,True,1,all_candidates,1,-0.0844525674751979,-0.24550034430207096,0.07659520935167514,-0.05620972089686527
514,1,1,0.8270038617254091,0.6943390637417084,True,1,all_candidates,1,-0.05717450849175078,-0.21247873364539366,0.09812971666189206,-0.061478120138046544
526,0,0,0.15782593929996835,0.13044474411998602,True,1,all_candidates,1,-0.031609932331122303,-0.1259588023669646,0.06273893770471997,0.020299231269924375
528,1,1,0.6647472925894883,0.7352516088728809,True,1,all_candidates,1,0.008131989318360034,-0.09318202051222155,0.1094459991489416,-0.3151680255715663
532,1,0,0.5659465902283147,0.4305883970188177,True,1,all_candidates,1,-0.05649351565848432,-0.17582712167192738,0.06284009035495872,-0.5334643262344162
534,0,1,0.6356185713393279,0.49570608184298615,True,1,all_candidates,1,-0.016883385846456773,-0.18692418203742195,0.1531574103445084,0.13543398492073888
535,0,0,0.6385549390569282,0.3491581541021244,True,1,all_candidates,1,-0.01501842352156021,-0.11850862398043091,0.08847177693731047,0.03704061610492676
538,1,0,0.7165422603028302,0.5565385298635452,True,1,all_candidates,1,-0.02089948895530073,-0.1769258722142245,0.135126894303623,-0.06212851278558973
539,0,1,0.3919352408994978,0.39807883890515544,True,1,all_candidates,1,-0.043897866041276316,-0.11635132836073706,0.028555596278184416,-0.11126006308263126
546,0,0,0.30246911548946265,0.1674140399970113,True,1,all_candidates,1,-0.04614235576399618,-0.18015122332372918,0.08786651179573678,-0.06620608679353736
549,1,0,0.737809295603759,0.4018100071172399,True,1,all_candidates,1,-0.07331077219013471,-0.1875762185717186,0.04095467419144917,-0.22605679180368443
550,0,0,0.22968620364065134,0.12507868829739605,True,1,all_candidates,1,-0.04320358596195859,-0.17405108486034054,0.08764391293642335,-0.08381602753461014
552,1,0,0.5131292585651384,0.19044531066663345,True,1,all_candidates,1,-0.04305631032392203,-0.20804257860800396,0.12192995796015989,0.08753892270289004
559,1,0,0.6085123450001269,0.405681505096466,True,1,all_candidates,1,-0.04820712667841186,-0.16466701776192916,0.0682527644051054,-0.36576085048430995
560,1,1,0.8655555287273489,0.6294406160354643,True,1,all_candidates,1,-0.030026170170795896,-0.17149369576133028,0.11144135541973846,-0.06469990771798673
561,1,0,0.6004522932294956,0.25193874811218325,True,1,all_candidates,1,-0.03967412513421894,-0.18542088914141425,0.10607263887297633,-0.14847635272894044
563,0,0,0.34977696900330585,0.3001244011940171,True,1,all_candidates,1,-0.0345008358157873,-0.15184362366356324,0.0828419520319886,0.08723419972137467
568,1,1,0.8420165704415828,0.7241993149028411,True,1,all_candidates,1,-0.06882766169284665,-0.1777294274509182,0.04007410406522485,-0.11006768648138565
569,0,1,0.6204165780663479,0.649966418468412,True,1,all_candidates,1,-0.0715848051128462,-0.16266201916335576,0.019492408937663352,-0.03506472883281053
578,0,0,0.528449166106585,0.541129455632692,True,1,all_candidates,1,-0.025547979949381103,-0.1342253658433811,0.08312940594461887,-0.1661069213092291
584,1,0,0.4835230499831929,0.6086690571475216,True,1,all_candidates,1,-0.01318054802151392,-0.19675741963256993,0.17039632358954204,-0.18620539681394355
588,1,1,0.6950874683394853,0.6067692377764136,True,1,all_candidates,1,-0.018892706153890187,-0.16703515775004307,0.12924974544226267,0.05151712594740754
594,0,1,0.3845124638174599,0.20204826370818607,True,1,all_candidates,1,-0.03274525201988775,-0.19785607318544507,0.1323655691456695,-0.1845762402931477
599,0,1,0.5139276407168637,0.3069862927665871,True,1,all_candidates,1,-0.038056402559556904,-0.1558435334042903,0.07973072828517648,-0.017020805613165407
603,1,1,0.8760250372770755,0.7245136388321798,True,1,all_candidates,1,-0.04359843646579616,-0.1968868852241304,0.10969001229253802,-0.4064471216929251
606,0,1,0.21922940776003394,0.3608687382193187,True,1,all_candidates,1,-0.04458468936517923,-0.13029407600982512,0.04112469727946662,-0.0810499975355446
607,0,0,0.2306889141131686,0.41349980578355594,True,1,all_candidates,1,-0.03431731754740494,-0.14352597183234608,0.07489133673753617,-0.20262165996000597
609,0,1,0.2303519206028594,0.1661800464978828,True,1,all_candidates,1,-0.05898928500991834,-0.1873995421876334,0.06942097216779669,-0.17815202596793825
614,1,1,0.6467946600933504,0.454149402724382,True,1,all_candidates,1,-0.04642950090686378,-0.15036126820329188,0.05750226638956432,0.13800989485438941
617,1,0,0.6802572666640975,0.691208308706228,True,1,all_candidates,1,-0.03198737281935276,-0.19731229378919457,0.133337548150489,-0.32977963417948597
621,1,1,0.627291255719527,0.643934722388693,True,1,all_candidates,1,-0.03734858154838161,-0.18719170108740135,0.1124945379906381,-0.10300534475910206
626,1,0,0.474501537217078,0.16437460061425205,True,1,all_candidates,1,-0.007614822027860593,-0.15251549414182564,0.13728585008610442,-0.14734105843629364
638,1,0,0.2748012559824055,0.1239220657092472,True,1,all_candidates,1,-0.04295518048180469,-0.1948584854866906,0.10894812452308117,-0.028967779075204383
648,1,1,0.5446984576494674,0.4969151883647077,True,1,all_candidates,1,-0.024606003835090554,-0.1585494668276924,0.10933745915751124,0.22657797391420198
651,1,0,0.7414638822974168,0.20735604282143721,True,1,all_candidates,1,-0.06324668515805648,-0.14716567123322294,0.020672300917109976,0.14285091672279376
656,0,0,0.28204662460451924,0.4366149382471533,True,1,all_candidates,1,-0.040548827448593144,-0.1670793111242215,0.08598165622703519,0.008071797181922913
662,0,0,0.6929571721037661,0.5688028871898342,True,1,all_candidates,1,-0.012665960949133113,-0.20065509788445415,0.1753231759861879,0.12090442381375327
663,1,1,0.6304851473044282,0.5835748670106308,True,1,all_candidates,1,-0.034856784103745195,-0.14549570183529748,0.07578213362780707,-0.0006267839972746714
676,1,0,0.4599439184764482,0.29878782114157487,True,1,all_candidates,1,-0.03282596483420825,-0.12791403424481226,0.06226210457639574,0.288078314021742
680,1,0,0.6829703748258147,0.11385594636738014,True,1,all_candidates,1,-0.01361175987221102,-0.13514575977002688,0.10792224002560483,-0.21676132704337042
684,0,0,0.5697406984360188,0.19983185070397666,True,1,all_candidates,1,-0.006177285431174248,-0.1770710597626627,0.1647164889003142,-0.09365228131014089
689,1,1,0.8868225930045658,0.8706173422583725,True,1,all_candidates,1,-0.014366089819201702,-0.16676194797757973,0.13802976833917627,0.028437736123359203
707,1,0,0.3095601577041158,0.16574517487960455,True,1,all_candidates,1,-0.045461581086515476,-0.1438164126117546,0.0528932504387236,-0.18261274863827542
708,0,0,0.38944180681518387,0.31109833854695346,True,1,all_candidates,1,-0.05986582856196655,-0.1664607308958786,0.046729073771945476,-0.3033594815556778
712,0,0,0.22671743720630477,0.39916050095370287,True,1,all_candidates,1,-0.0530136099929339,-0.2171921448687862,0.1111649248829184,0.20262182932038472
713,0,1,0.4479973834356069,0.7899673126686212,True,1,all_candidates,1,-0.05269099025020209,-0.17661234725372993,0.07123036675332571,0.18351149860665072
723,1,1,0.8791019779208326,0.6312407840166131,True,1,all_candidates,1,-0.034736372767175124,-0.14750995206405088,0.07803720652970061,-0.013981278819158116
735,1,1,0.7869431386479372,0.5368141960979033,True,1,all_candidates,1,-0.024284584880830174,-0.1208094783476489,0.07224030858598854,0.2892291597635016
739,0,1,0.16567925131260422,0.3625667250095327,True,1,all_candidates,1,-0.013840681738939093,-0.20739471864153922,0.17971335516366096,0.04653584065128688
743,1,0,0.6338297786120288,0.6070901283292623,True,1,all_candidates,1,-0.058422322304822825,-0.18711877752901643,0.07027413291937074,-0.3588049137290085
744,0,0,0.2696157041235064,0.15264458849958287,True,1,all_candidates,1,-0.025346793294517132,-0.15126131452150327,0.10056772793246896,0.00043827428651807554
752,1,0,0.6647472925894883,0.7208329462562315,True,1,all_candidates,1,0.005111141582198223,-0.08808161690574778,0.09830390007014421,-0.048624029853681416
760,1,1,0.7134555858731084,0.792566241366111,True,1,all_candidates,1,-0.09747723561940937,-0.20114225356144072,0.00618778232262196,-0.1049719012824385
773,1,1,0.8386940353384825,0.852870223315683,True,1,all_candidates,1,0.013194879614342033,-0.09467659475433725,0.12106635398302128,-0.05078761983714952
776,0,0,0.3345234242308092,0.20533773166060534,True,1,all_candidates,1,-0.028751592240139633,-0.15770781248358143,0.10020462800330214,0.11215936655437345
779,0,0,0.3257453007133764,0.22754313436062862,True,1,all_candidates,1,-0.04275741664021802,-0.16421072495836733,0.07869589167793126,0.2102850669914252
781,1,1,0.6832939038423603,0.63754694937672,True,1,all_candidates,1,-0.024802100234833754,-0.1940083759152775,0.14440417544560993,0.031273744586730046
782,1,0,0.7648701537663227,0.4641424883295498,True,1,all_candidates,1,-0.009563346877628939,-0.12334540212552873,0.10421870837027082,-0.27881971225762575
783,0,0,0.12172989379204215,0.3168675055683017,True,1,all_candidates,1,-0.016680176711785275,-0.15853312668706016,0.12517277326348958,0.11768093960974968
798,1,1,0.5742961575804171,0.7338549270059888,True,1,all_candidates,1,-0.023550003698199377,-0.12258205047478626,0.0754820430783875,-0.012829595656138837
822,0,0,0.7417980053932205,0.6367950734915155,True,1,all_candidates,1,-0.012657806308892027,-0.2093579094641817,0.1840422968463976,0.15687867128973654
827,0,1,0.264977865904604,0.5063020143310597,True,1,all_candidates,1,-0.06523857409205834,-0.27535804288815335,0.1448808947040366,-0.47170840662307595
839,0,0,0.4808888128545494,0.1562570180525887,True,1,all_candidates,1,-0.04543677316882507,-0.23218222132104221,0.141308674983392,-0.082870305049013
845,1,1,0.7067711150558171,0.505484558588421,True,1,all_candidates,1,0.007324027694744352,-0.17327765122948627,0.18792570661897495,-0.054967122143437575
848,0,0,0.1666158023279128,0.2015602546752192,True,1,all_candidates,1,-0.033468038487630254,-0.1746589660510776,0.10772288907581709,0.0857810802170664
859,1,1,0.6849906428774399,0.6769103292049636,True,1,all_candidates,1,-0.03360416089035851,-0.1609780670962589,0.09376974531554186,0.10091643251497262
868,1,0,0.3082583807209731,0.1535068027524439,True,1,all_candidates,1,-0.07288392943152006,-0.22687492285898245,0.08110706399594231,-0.03768758335333155
875,1,1,0.25333963387393715,0.20708796308982624,True,1,all_candidates,1,0.0013860030366665331,-0.15418549532431988,0.1569575013976529,0.2750351541256375
892,0,0,0.6313698695873204,0.23382463068565157,True,1,all_candidates,1,-0.030285317120105827,-0.1549532213348413,0.09438258709462963,-0.4218944972490402
893,0,1,0.45589257876268896,0.39302832109664,True,1,all_candidates,1,-0.053142692302662234,-0.20962281685466433,0.10333743224933982,-0.13899119129057289
898,1,1,0.49462645872228006,0.3547315126470555,True,1,all_candidates,1,0.008524625693513336,-0.08275218075737398,0.09980143214440063,0.11489019733853345
908,1,1,0.59795154629418,0.5465323047791424,True,1,all_candidates,1,-0.0458757467779307,-0.2423371761064808,0.15058568255061938,0.2700079153490359
913,0,0,0.4590740424682504,0.15303561997525103,True,1,all_candidates,1,-0.05069872887551104,-0.15563518206436883,0.054237724313346725,0.5763362625455206
915,1,1,0.8444617337210738,0.7902472579186703,True,1,all_candidates,1,0.00040176693699919537,-0.10416825214617338,0.10497178602017175,-0.10460704553612188
924,0,1,0.11064807383603614,0.35875496457481376,True,1,all_candidates,1,-0.039440645718277885,-0.14315777936687835,0.06427648793032253,-0.03518580558050255
929,1,0,0.6634216252210545,0.5571596280328351,True,1,all_candidates,1,-0.01008359321099409,-0.18065085224927213,0.1604836658272839,-0.2246108655442407
934,0,0,0.17588820990102041,0.1479102128392838,True,1,all_candidates,1,-0.04753913861228039,-0.20845675513222284,0.11337847790766205,-0.17923562100166213
955,1,1,0.7279935351733413,0.7193079523925068,True,1,all_candidates,1,-0.0632909210529701,-0.17605880977200802,0.049476967666067795,-0.4074361291328243
960,1,1,0.516353381546526,0.48744897008899524,True,1,all_candidates,1,-0.03372855287648305,-0.1998090383330944,0.13235193258012828,0.30302428580824725
961,0,1,0.5952214322323915,0.2839526673389449,True,1,all_candidates,1,0.024327191305655235,-0.07477489464467287,0.12342927725598331,-0.17386110854674186
967,0,0,0.7111062328377343,0.6026371727046967,True,1,all_candidates,1,-0.04923313707417046,-0.17051500604404296,0.07204873189570202,0.11315424130412288
976,0,0,0.22296580907529134,0.08518100874594803,True,1,all_candidates,1,-0.048149023939599654,-0.20311045819053902,0.10681241031133965,-0.10435438224184548
977,1,0,0.8795089744048036,0.5493546289655924,True,1,all_candidates,1,-0.046529485806585405,-0.21872262147001476,0.12566364985684386,0.2172265382051104
980,1,1,0.7845093011134376,0.5285083827381312,True,1,all_candidates,1,-0.031102844293313073,-0.11595068007593098,0.05374499148930481,-0.1328309937568829
986,1,0,0.6842931095653495,0.4407593834478375,True,1,all_candidates,1,-0.004583211807961603,-0.16098438581068153,0.15181796219475832,-0.21930664730454208
987,0,0,0.4937146818591577,0.41011618555896223,True,1,all_candidates,1,-0.05639405330863968,-0.1572390431383494,0.044450936521070045,0.16537846499403014
989,0,0,0.502114524477848,0.4557268144672463,True,1,all_candidates,1,-0.06263001345379396,-0.15391279765640803,0.028652770748820083,-0.22553091570484401
5,1,1,0.6377114402121038,0.34254974755376194,True,1,all_candidates,2,-0.006421278063153499,-0.15081132274823578,0.13796876662192875,0.29544125881310984
12,0,1,0.40864594703941975,0.30002689738786964,True,1,all_candidates,2,0.004592184327684105,-0.1416722591960657,0.15085662785143386,-0.1020346687031714
15,1,0,0.5202019068490832,0.11807387106554294,True,1,all_candidates,2,-0.07054040108527292,-0.1779861352980675,0.036905333127521645,-0.003080297422145953
30,0,0,0.5746897562690604,0.24295906763714584,True,1,all_candidates,2,-0.026860486230030955,-0.11375972714000811,0.06003875467994618,-0.15824629257148742
39,1,0,0.6048933776872666,0.3441516064005722,True,1,all_candidates,2,-0.028654214808241464,-0.22819216434530062,0.17088373472881765,-0.0787740414269622
40,0,0,0.3543801765148926,0.35057432062020416,True,1,all_candidates,2,-0.02839217967891571,-0.15783928865144237,0.10105492929361092,0.060474988513839145
43,1,0,0.7309350546172592,0.38618933830050256,True,1,all_candidates,2,-0.05381158658780595,-0.20668145373743835,0.09905828056182643,-0.19702180525731344
45,0,0,0.2877857978025763,0.3689753372039217,True,1,all_candidates,2,-0.009985557303961798,-0.23065200760157278,0.21068089299364912,0.13139903885494988
48,1,1,0.4640558918721573,0.5888245392655549,True,1,all_candidates,2,-0.07316618166049606,-0.19598262348349577,0.04965026016250361,-0.02351093248221392
63,1,0,0.493740643635318,0.20164355626544486,True,1,all_candidates,2,-0.0359838945811961,-0.20241542387779196,0.13044763471539972,-0.08061850681857732
67,1,1,0.4135078007326209,0.532633707078535,True,1,all_candidates,2,-0.063733537065835,-0.21803506562440683,0.0905679914927368,-0.4040936263411786
69,0,0,0.46600337273861786,0.48630868982475617,True,1,all_candidates,2,-0.03715702207285586,-0.1770286729522635,0.10271462880655173,-0.2535047085663173
72,1,0,0.5908011295185976,0.3649110295452353,True,1,all_candidates,2,-0.06304682061342629,-0.2255160762044828,0.0994224349776302,0.03393963416448598
75,1,0,0.8971971121686327,0.590906090484836,True,1,all_candidates,2,0.03876207635967381,-0.059312254515057575,0.13683640723440518,-0.21905044290968123
93,0,1,0.23435593073816172,0.3708737195266814,True,1,all_candidates,2,-0.05102492879580022,-0.18864367902140441,0.0865938214298039,-0.24763340158643393
115,0,0,0.417662784829503,0.3560754401295836,True,1,all_candidates,2,0.00570217085747389,-0.09766997295621808,0.10907431467116584,-0.036066766855671034
116,0,1,0.2300810466125331,0.24524587329350514,True,1,all_candidates,2,-0.06757580548890262,-0.17301208531324705,0.03786047433544179,-0.014342061446469406
121,1,0,0.829551555662928,0.5644650903605791,True,1,all_candidates,2,0.023415434760308745,-0.11686450153410688,0.16369537105472434,-0.578150415838105
122,1,0,0.6628130336914178,0.16757719199669627,True,1,all_candidates,2,-0.0390029518305197,-0.12876735431162778,0.05076145065058835,-0.1662835077113541
123,0,1,0.39744562120923743,0.39243083175848403,True,1,all_candidates,2,-0.024196917520252426,-0.17422860874773521,0.1258347737072303,0.03246765507545743
126,0,0,0.2904388139791195,0.3909132072928165,True,1,all_candidates,2,-0.06980420017551209,-0.1947544383277348,0.055146037976710596,-0.3010231687743369
130,0,0,0.26863216138852986,0.21849460988274513,True,1,all_candidates,2,-0.027826277770249094,-0.10101387441202618,0.04536131887152797,0.006309753656425152
137,0,0,0.19104229057139868,0.136704195001431,True,1,all_candidates,2,-0.04363595645860061,-0.16712161413742557,0.0798497012202243,-0.035394603233024145
145,1,0,0.4660143956373304,0.44212132263226617,True,1,all_candidates,2,-0.010391942169641882,-0.11288969553048755,0.09210581119120376,-0.33769143797714973
151,0,1,0.5191771574449675,0.4662585530143542,True,1,all_candidates,2,0.043072632203544965,-0.12411918114978243,0.21026444555687232,-0.31487008056515453
162,0,0,0.5856731783723788,0.5989655969474362,True,1,all_candidates,2,-0.030996129151163152,-0.13769878964341192,0.0757065313410856,-0.1770906937214045
167,0,1,0.6272436550256896,0.707639467658466,True,1,all_candidates,2,-0.014498880432331177,-0.15327113448485002,0.12427337362018763,0.060419762402974864
169,1,1,0.718421807752594,0.8744463758885973,True,1,all_candidates,2,-0.03205520629553834,-0.1393890603240684,0.0752786477329917,-0.059438745764093026
180,1,1,0.8672668628184429,0.5657293381904667,True,1,all_candidates,2,-0.06850461993042099,-0.30240913583541684,0.16539989597457477,0.07214620573564456
186,1,0,0.5911390146431826,0.5179879989770028,True,1,all_candidates,2,-0.04087525765416638,-0.1548724584885982,0.07312194318026544,-0.34838730337294177
193,0,0,0.40023106047420476,0.1550758670471376,True,1,all_candidates,2,-0.03609120039870825,-0.18115693548862002,0.1089745346912035,-0.07790570380726344
196,0,0,0.4779684453454312,0.4063942925546509,True,1,all_candidates,2,0.013212678671256096,-0.08378505287587235,0.11021041021838451,0.18500422317417548
198,0,0,0.14587366590344183,0.3168318250125152,True,1,all_candidates,2,-0.023386519854485494,-0.12390064012694531,0.0771276004179743,-0.09796041668062988
205,1,1,0.889667935890094,0.4157414662695457,True,1,all_candidates,2,-0.029957690611609182,-0.17870589149584118,0.11879051027262277,0.10039000345163385
208,1,1,0.37917397054309765,0.6227098092939151,True,1,all_candidates,2,-0.00361774213481399,-0.15702526584222676,0.14978978157259873,-0.38364186382161225
211,0,0,0.231401125726331,0.22905857404779453,True,1,all_candidates,2,0.0016542696848928006,-0.11897946227847188,0.12228800164825744,0.039362356322426656
229,0,0,0.35491053100236486,0.18642819332391197,True,1,all_candidates,2,0.009492139643710295,-0.07295765926880021,0.09194193855622078,-0.0181111175885878
237,0,1,0.3187585270756577,0.6861105920384603,True,1,all_candidates,2,-0.07389714862278907,-0.2355403889367891,0.08774609169121095,0.014677238537030401
241,1,0,0.33880276994038705,0.4470269612145222,True,1,all_candidates,2,-0.01003656110778059,-0.12873172586764242,0.1086586036520812,-0.2359562924134932
250,1,1,0.8428866494274864,0.703627059039757,True,1,all_candidates,2,-0.03852299696075211,-0.2988178709910293,0.221771877069525,-0.14381661120733635
254,0,1,0.20839292854203073,0.24099446092279211,True,1,all_candidates,2,-0.0295110900469064,-0.18034654371940761,0.12132436362559477,0.11029612787953566
261,0,0,0.25783316789758004,0.1812073244799295,True,1,all_candidates,2,-0.021853212635341547,-0.23527865700617598,0.19157223173549284,0.31285754382566056
264,1,1,0.5133701154893368,0.5783417591739412,True,1,all_candidates,2,0.0033771692529910046,-0.12132885217215957,0.12808319067814156,0.10130985419071503
265,0,0,0.4673440107611287,0.3563794093146026,True,1,all_candidates,2,-0.05437360630126686,-0.17312591557348714,0.06437870297095341,-0.19966649402570194
270,0,0,0.34874073775724557,0.20171397701955088,True,1,all_candidates,2,-0.018623295907900905,-0.1123595244105452,0.07511293259474336,-0.05981133747776573
271,1,0,0.8208015211662028,0.8654343342544495,True,1,all_candidates,2,-0.015589762724120344,-0.11162371793808845,0.08044419248984776,-0.027407061388611043
277,1,1,0.8458274757149049,0.5796784555469318,True,1,all_candidates,2,0.003018609911072126,-0.10217271405365877,0.10820993387580301,0.19707323380293573
282,0,0,0.4968539889905682,0.48950108386632263,True,1,all_candidates,2,-0.03630781114853454,-0.15838557337773213,0.08576995108066301,0.2904593735133494
284,0,1,0.26169668314489575,0.48044735559495144,True,1,all_candidates,2,0.027744329759806306,-0.17523554429886243,0.23072420381847503,0.18518688543613304
288,1,0,0.7511605014707504,0.5824804714021297,True,1,all_candidates,2,-0.022421639446332867,-0.1519107379023491,0.1070674590096833,0.004640120746827181
294,1,1,0.8164796270017057,0.49031264913350026,True,1,all_candidates,2,-0.011590024274554783,-0.1538432766693698,0.13066322812026024,-0.34951026332690505
318,0,0,0.6636540076542939,0.5705544669325786,True,1,all_candidates,2,-0.010274626103497367,-0.11880937964099456,0.09826012743399978,-0.20199985734703257
319,1,1,0.8930296774091446,0.7555478412559756,True,1,all_candidates,2,-0.024575266632241702,-0.1267442793024,0.07759374603791658,0.04278373950332526
328,0,1,0.39432924248177276,0.18948303187203663,True,1,all_candidates,2,0.013263304776339843,-0.07172686422391995,0.09825347377659961,0.10327243996857394
334,0,0,0.32003853805723764,0.2875355167491368,True,1,all_candidates,2,-0.05754382923889749,-0.139976831805473,0.024889173327677996,-0.1484375342195409
339,0,1,0.6907306329755005,0.5644583916735121,True,1,all_candidates,2,-0.01796150290008506,-0.2102946707788726,0.17437166497870243,-0.04096418254395162
343,1,1,0.7122793784860058,0.5155210187085154,True,1,all_candidates,2,-0.04485165372963639,-0.1587264650257334,0.06902315756646057,-0.252500407706424
346,0,0,0.4668878241550569,0.33951763988107997,True,1,all_candidates,2,-0.010349579274459031,-0.19821851773224666,0.17751935918332853,0.021257549177203516
347,0,1,0.20263826870260368,0.2637419376444213,True,1,all_candidates,2,-0.04394255792745222,-0.167447448860286,0.07956233300538156,0.0718545920669893
349,0,1,0.7980010545149436,0.6771543356924604,True,1,all_candidates,2,-0.034750745963123844,-0.18429540276430745,0.11479391083805969,0.03268878550218324
354,1,0,0.532805219686784,0.2924577715670299,True,1,all_candidates,2,-0.00877506962389136,-0.11290648821815089,0.09535634897036813,-0.14297135067526034
357,1,1,0.6408274001124588,0.2999253159315922,True,1,all_candidates,2,-0.02235871458629378,-0.19551650013865873,0.15079907096607115,0.1013446835796018
360,1,0,0.3477877504865826,0.3387807653978252,True,1,all_candidates,2,-0.008101513105969778,-0.1522541815306919,0.13605115531875234,-0.20995476861796994
361,0,0,0.29661108176182654,0.23059339157774011,True,1,all_candidates,2,0.006826703198417064,-0.1521373354989463,0.1657907418957804,-0.0406445885166562
365,1,0,0.6049751553904226,0.2863717839207137,True,1,all_candidates,2,-0.06579784373019076,-0.14012333307379693,0.008527645613415374,-0.3344524588585174
368,1,0,0.6849883638981021,0.32733973117530735,True,1,all_candidates,2,0.0006472298609180446,-0.15418701927590833,0.15548147899774442,-0.05427466854280549
370,1,0,0.19790340240759838,0.10800260009836761,True,1,all_candidates,2,-0.03219261658934422,-0.16397389504347987,0.0995886618647914,-0.11224918810400103
380,0,1,0.7471666727680591,0.4674264398886901,True,1,all_candidates,2,0.006311306265511582,-0.20804189544124754,0.22066450797227063,-0.4595323870462047
384,1,1,0.6900728481780237,0.5112597274821526,True,1,all_candidates,2,-0.008063591827772141,-0.15616197686900418,0.14003479321345988,0.0703099140074529
392,1,1,0.7956043945971023,0.7308406047876336,True,1,all_candidates,2,-0.04963287720466366,-0.20005344984206833,0.10078769543274096,0.0859568948245617
398,0,1,0.3206138626697417,0.45685223927714724,True,1,all_candidates,2,0.0068760339938615375,-0.12647386675494315,0.14022593474266618,-0.3498504475078327
409,0,0,0.18337791691798333,0.4439000770292082,True,1,all_candidates,2,-0.03081860926188124,-0.21355351612275578,0.15191629759899328,0.14554265152238055
422,1,1,0.4374280553015159,0.34871246199525907,True,1,all_candidates,2,0.026068148161697884,-0.13054390257839296,0.18268019890178872,0.04875396248008518
424,1,0,0.6770097302582416,0.7052642761137701,True,1,all_candidates,2,-0.0827422407488461,-0.18644768130559436,0.020963199807902108,-0.411950972386599
431,1,1,0.4372491262168222,0.6279412483546116,True,1,all_candidates,2,-0.05566141140147789,-0.16363363299642197,0.05231081019346616,-0.32665406706368566
433,0,0,0.10525170726096475,0.10427304962006238,True,1,all_candidates,2,-0.07576357792869359,-0.16283303771487667,0.011305881857489472,-0.03402153155820689
435,0,1,0.4409894527049854,0.6729711349557012,True,1,all_candidates,2,-0.04859847933810087,-0.1597799556836072,0.06258299700740545,-0.10742312894197681
446,1,0,0.2790381570542702,0.16375999330593335,True,1,all_candidates,2,-0.008437217559727837,-0.17660275743901002,0.15972832231955428,-0.06432527410523083
447,1,1,0.536835214889051,0.5503554221394807,True,1,all_candidates,2,0.0004645101412268825,-0.08516132653457789,0.08609034681703162,0.034144994760945346
451,1,1,0.7690955084071955,0.6112206494377056,True,1,all_candidates,2,0.015535382012023103,-0.08138713924283858,0.11245790326688478,-0.17663563846118313
460,1,0,0.39094770965443404,0.27994469973743064,True,1,all_candidates,2,-0.002893263155339287,-0.17575274478517813,0.16996621847449955,-0.15089969081385596
462,0,0,0.4757820881301206,0.3798226570352518,True,1,all_candidates,2,-0.011174964628919475,-0.1559658704927372,0.1336159412348982,-0.02877369342676961
465,0,1,0.4312755600906261,0.6491876730428766,True,1,all_candidates,2,-0.0402475726783966,-0.13436507516202223,0.053869929805229005,-0.07352311822592295
467,0,0,0.2562069965782711,0.26684038260745196,True,1,all_candidates,2,-0.04340864411473348,-0.14523347717574892,0.058416188946281936,0.18109530692018136
468,1,0,0.44882293786932376,0.4590625162462623,True,1,all_candidates,2,-0.032786184704575075,-0.15987450144804338,0.09430213203889322,-0.36394341785118856
474,0,0,0.4334979519869535,0.38280401600429703,True,1,all_candidates,2,-0.018857473308687464,-0.11035782939549589,0.07264288277812093,0.27024214191256124
478,1,0,0.5739982744039367,0.2947270948162633,True,1,all_candidates,2,-0.02538703686342955,-0.15777685299875938,0.10700277927190024,-0.14113139488284232
481,0,1,0.5087083360409932,0.40825501741027925,True,1,all_candidates,2,-0.027756558521960743,-0.12529570335822496,0.06978258631430345,0.24256774419822325
486,1,1,0.7441202307802978,0.6148549412893181,True,1,all_candidates,2,-0.047608821149891394,-0.149034797363366,0.05381715506358318,-0.6892153014395378
487,1,1,0.8467975192157075,0.5866738910251524,True,1,all_candidates,2,-0.03971304553015405,-0.20004926228134917,0.12062317122104103,-0.028156691615068175
498,0,0,0.3020648921646804,0.1979830251548477,True,1,all_candidates,2,-0.03574877814035429,-0.1993009889745857,0.12780343269387706,-0.1062618189134249
503,0,0,0.3446948747805175,0.2658055219729751,True,1,all_candidates,2,-0.01601288810879467,-0.14341408100504185,0.11138830478745246,-0.16728505428348134
507,1,1,0.8311033999506614,0.7945564212316646,True,1,all_candidates,2,-0.03698288198698671,-0.22596656919766953,0.15200080522369608,-0.030854928811506976
508,0,0,0.5229332692489086,0.2601699446166555,True,1,all_candidates,2,-0.026060644869552646,-0.17677983459195157,0.12465854485284625,-0.05620972089686527
514,1,1,0.8270038617254091,0.6943390637417084,True,1,all_candidates,2,-0.025662981461126468,-0.16945480798419368,0.11812884506194071,-0.061478120138046544
526,0,0,0.15782593929996835,0.13044474411998602,True,1,all_candidates,2,0.007115802509921652,-0.14473378163352754,0.15896538665337084,0.020299231269924375
528,1,1,0.6647472925894883,0.7352516088728809,True,1,all_candidates,2,0.030262702587378433,-0.09957480392825424,0.16010020910301107,-0.3151680255715663
532,1,0,0.5659465902283147,0.4305883970188177,True,1,all_candidates,2,-0.009300164836477845,-0.18181607754806345,0.16321574787510773,-0.5334643262344162
534,0,1,0.6356185713393279,0.49570608184298615,True,1,all_candidates,2,-0.0010282159942345257,-0.1302957446132801,0.128239312624811,0.13543398492073888
535,0,0,0.6385549390569282,0.3491581541021244,True,1,all_candidates,2,-0.0037432555612359757,-0.12224792992207226,0.11476141879960028,0.03704061610492676
538,1,0,0.7165422603028302,0.5565385298635452,True,1,all_candidates,2,-0.015009848557129349,-0.11588657804770845,0.08586688093344974,-0.06212851278558973
539,0,1,0.3919352408994978,0.39807883890515544,True,1,all_candidates,2,-0.009306780655942697,-0.21811458699509573,0.19950102568321026,-0.11126006308263126
546,0,0,0.30246911548946265,0.1674140399970113,True,1,all_candidates,2,-0.043560971573522886,-0.1691741119020494,0.08205216875500358,-0.06620608679353736
549,1,0,0.737809295603759,0.4018100071172399,True,1,all_candidates,2,-0.03519534270549518,-0.15718890642153577,0.08679822101054538,-0.22605679180368443
550,0,0,0.22968620364065134,0.12507868829739605,True,1,all_candidates,2,-0.07425746667867272,-0.22022376035739688,0.0717088270000514,-0.08381602753461014
552,1,0,0.5131292585651384,0.19044531066663345,True,1,all_candidates,2,-0.04375211861878965,-0.22424889147072236,0.13674465423314297,0.08753892270289004
559,1,0,0.6085123450001269,0.405681505096466,True,1,all_candidates,2,-0.060683559976269674,-0.14101042910928502,0.019643309156745642,-0.36576085048430995
560,1,1,0.8655555287273489,0.6294406160354643,True,1,all_candidates,2,0.0009273709159098771,-0.20976634597353508,0.2116210878053548,-0.06469990771798673
561,1,0,0.6004522932294956,0.25193874811218325,True,1,all_candidates,2,-0.027095299687487702,-0.1376279646813704,0.08343736530639495,-0.14847635272894044
563,0,0,0.34977696900330585,0.3001244011940171,True,1,all_candidates,2,-0.025833411040510543,-0.18022029977433507,0.12855347769331396,0.08723419972137467
568,1,1,0.8420165704415828,0.7241993149028411,True,1,all_candidates,2,-0.06736409287245876,-0.16738605411430957,0.03265786836939204,-0.11006768648138565
569,0,1,0.6204165780663479,0.649966418468412,True,1,all_candidates,2,-0.015066771360113619,-0.17950716365213132,0.14937362093190404,-0.03506472883281053
578,0,0,0.528449166106585,0.541129455632692,True,1,all_candidates,2,-0.029314278984488778,-0.15020340719503175,0.09157484922605418,-0.1661069213092291
584,1,0,0.4835230499831929,0.6086690571475216,True,1,all_candidates,2,0.011619649084474961,-0.08101835093572056,0.10425764910467047,-0.18620539681394355
588,1,1,0.6950874683394853,0.6067692377764136,True,1,all_candidates,2,-0.017941999680403616,-0.15852957353692762,0.12264557417612038,0.05151712594740754
594,0,1,0.3845124638174599,0.20204826370818607,True,1,all_candidates,2,-0.025636634311264526,-0.14382380431836939,0.09255053569584029,-0.1845762402931477
599,0,1,0.5139276407168637,0.3069862927665871,True,1,all_candidates,2,0.004083152804835023,-0.10633538270697415,0.11450168831664417,-0.017020805613165407
603,1,1,0.8760250372770755,0.7245136388321798,True,1,all_candidates,2,-0.04678442102187788,-0.22750373791616785,0.13393489587241203,-0.4064471216929251
606,0,1,0.21922940776003394,0.3608687382193187,True,1,all_candidates,2,-0.06181406777695843,-0.15197377651608887,0.028345640962172,-0.0810499975355446
607,0,0,0.2306889141131686,0.41349980578355594,True,1,all_candidates,2,-0.009737744049566472,-0.20260624484415146,0.18313075674501844,-0.20262165996000597
609,0,1,0.2303519206028594,0.1661800464978828,True,1,all_candidates,2,-0.022177360123500075,-0.1718221266696579,0.12746740642265772,-0.17815202596793825
614,1,1,0.6467946600933504,0.454149402724382,True,1,all_candidates,2,-0.011569919189137533,-0.20900506800319874,0.18586522962492363,0.13800989485438941
617,1,0,0.6802572666640975,0.691208308706228,True,1,all_candidates,2,-0.053722757329289474,-0.15492333060505062,0.04747781594647165,-0.32977963417948597
621,1,1,0.627291255719527,0.643934722388693,True,1,all_candidates,2,0.007421726368302489,-0.09876651299593192,0.11360996573253687,-0.10300534475910206
626,1,0,0.474501537217078,0.16437460061425205,True,1,all_candidates,2,-0.004815581603525786,-0.10248874434834995,0.09285758114129837,-0.14734105843629364
638,1,0,0.2748012559824055,0.1239220657092472,True,1,all_candidates,2,0.0019464954832784161,-0.15905760177159387,0.16295059273815066,-0.028967779075204383
648,1,1,0.5446984576494674,0.4969151883647077,True,1,all_candidates,2,-0.033176806717058756,-0.1374463961769674,0.07109278274284986,0.22657797391420198
651,1,0,0.7414638822974168,0.20735604282143721,True,1,all_candidates,2,-0.033722408727744305,-0.20600721642462305,0.13856239896913441,0.14285091672279376
656,0,0,0.28204662460451924,0.4366149382471533,True,1,all_candidates,2,-0.019276190601273113,-0.11857664873463136,0.08002426753208512,0.008071797181922913
662,0,0,0.6929571721037661,0.5688028871898342,True,1,all_candidates,2,-0.03198279278879185,-0.1756864668815916,0.11172088130400784,0.12090442381375327
663,1,1,0.6304851473044282,0.5835748670106308,True,1,all_candidates,2,-0.016902000123290187,-0.18843206782612804,0.1546280675795476,-0.0006267839972746714
676,1,0,0.4599439184764482,0.29878782114157487,True,1,all_candidates,2,-0.012811519220813838,-0.15414088275663335,0.12851784431500565,0.288078314021742
680,1,0,0.6829703748258147,0.11385594636738014,True,1,all_candidates,2,-0.0004052364043089083,-0.09577656859557021,0.09496609578695238,-0.21676132704337042
684,0,0,0.5697406984360188,0.19983185070397666,True,1,all_candidates,2,0.011534370259678978,-0.08506922280435286,0.1081379633237108,-0.09365228131014089
689,1,1,0.8868225930045658,0.8706173422583725,True,1,all_candidates,2,-0.06545432321808113,-0.17223360575017882,0.04132495931401653,0.028437736123359203
707,1,0,0.3095601577041158,0.16574517487960455,True,1,all_candidates,2,-0.034029634210519494,-0.20069836025167453,0.1326390918306355,-0.18261274863827542
708,0,0,0.38944180681518387,0.31109833854695346,True,1,all_candidates,2,-0.05826474969933707,-0.17272392404841702,0.05619442464974284,-0.3033594815556778
712,0,0,0.22671743720630477,0.39916050095370287,True,1,all_candidates,2,-0.0031050533147179175,-0.14006248266565557,0.13385237603621972,0.20262182932038472
713,0,1,0.4479973834356069,0.7899673126686212,True,1,all_candidates,2,-0.06015092961386338,-0.1721753491763352,0.05187348994860842,0.18351149860665072
723,1,1,0.8791019779208326,0.6312407840166131,True,1,all_candidates,2,0.008776417430556785,-0.14601386789388215,0.16356670275499569,-0.013981278819158116
735,1,1,0.7869431386479372,0.5368141960979033,True,1,all_candidates,2,-0.030281344443972888,-0.13222615519111164,0.07166346630316585,0.2892291597635016
739,0,1,0.16567925131260422,0.3625667250095327,True,1,all_candidates,2,-0.010734308435370345,-0.09500941661731477,0.07354079974657404,0.04653584065128688
743,1,0,0.6338297786120288,0.6070901283292623,True,1,all_candidates,2,-0.03795165452104298,-0.22214579862671674,0.14624248958463074,-0.3588049137290085
744,0,0,0.2696157041235064,0.15264458849958287,True,1,all_candidates,2,-0.019132067185807497,-0.13180709392748508,0.09354295955587005,0.00043827428651807554
752,1,0,0.6647472925894883,0.7208329462562315,True,1,all_candidates,2,0.0352734480775311,-0.08070313915770128,0.15125003531276346,-0.048624029853681416
760,1,1,0.7134555858731084,0.792566241366111,True,1,all_candidates,2,-0.05231722163243774,-0.15453772248078984,0.04990327921591434,-0.1049719012824385
773,1,1,0.8386940353384825,0.852870223315683,True,1,all_candidates,2,-0.017932285815633706,-0.21598779638895776,0.18012322475769033,-0.05078761983714952
776,0,0,0.3345234242308092,0.20533773166060534,True,1,all_candidates,2,0.016928939250033713,-0.08248224955082187,0.11634012805088928,0.11215936655437345
779,0,0,0.3257453007133764,0.22754313436062862,True,1,all_candidates,2,-0.045401373235849064,-0.18328193062705206,0.09247918415535392,0.2102850669914252
781,1,1,0.6832939038423603,0.63754694937672,True,1,all_candidates,2,-0.025872612794170895,-0.16599463424565533,0.11424940865731352,0.031273744586730046
782,1,0,0.7648701537663227,0.4641424883295498,True,1,all_candidates,2,-0.019108323735756,-0.12451384392688603,0.08629719645537398,-0.27881971225762575
783,0,0,0.12172989379204215,0.3168675055683017,True,1,all_candidates,2,-0.03646139886165312,-0.1512757618417139,0.07835296411840761,0.11768093960974968
798,1,1,0.5742961575804171,0.7338549270059888,True,1,all_candidates,2,-0.024358512973059184,-0.1716653690531755,0.1229483431070571,-0.012829595656138837
822,0,0,0.7417980053932205,0.6367950734915155,True,1,all_candidates,2,0.0023517909299240096,-0.11829398431368376,0.12299756617353175,0.15687867128973654
827,0,1,0.264977865904604,0.5063020143310597,True,1,all_candidates,2,-0.0724786385670149,-0.16941707636848094,0.024459799234451116,-0.47170840662307595
839,0,0,0.4808888128545494,0.1562570180525887,True,1,all_candidates,2,-0.048663453192447276,-0.14080260092019103,0.04347569453529647,-0.082870305049013
845,1,1,0.7067711150558171,0.505484558588421,True,1,all_candidates,2,0.005276488160783473,-0.1622586660417129,0.1728116423632798,-0.054967122143437575
848,0,0,0.1666158023279128,0.2015602546752192,True,1,all_candidates,2,-0.05492982070336798,-0.16873889538401676,0.058879253977280804,0.0857810802170664
859,1,1,0.6849906428774399,0.6769103292049636,True,1,all_candidates,2,-0.03702674074905949,-0.12905924367838803,0.05500576218026903,0.10091643251497262
868,1,0,0.3082583807209731,0.1535068027524439,True,1,all_candidates,2,-0.06643350987420078,-0.2322850897753993,0.09941807002699769,-0.03768758335333155
875,1,1,0.25333963387393715,0.20708796308982624,True,1,all_candidates,2,0.05121615516237921,-0.0632978113524403,0.1657301216771987,0.2750351541256375
892,0,0,0.6313698695873204,0.23382463068565157,True,1,all_candidates,2,-0.004841446244675323,-0.1629960972657538,0.1533132047764031,-0.4218944972490402
893,0,1,0.45589257876268896,0.39302832109664,True,1,all_candidates,2,-0.03606948334284706,-0.15177386118829034,0.0796348945025962,-0.13899119129057289
898,1,1,0.49462645872228006,0.3547315126470555,True,1,all_candidates,2,-0.02583223092748629,-0.14003736175259401,0.08837289989762141,0.11489019733853345
908,1,1,0.59795154629418,0.5465323047791424,True,1,all_candidates,2,-0.021321837640791704,-0.2611435880941643,0.21849991281258088,0.2700079153490359
913,0,0,0.4590740424682504,0.15303561997525103,True,1,all_candidates,2,0.019542166875639495,-0.19306666130261296,0.23215099505389192,0.5763362625455206
915,1,1,0.8444617337210738,0.7902472579186703,True,1,all_candidates,2,0.019866003336774518,-0.09062294245260985,0.13035494912615886,-0.10460704553612188
924,0,1,0.11064807383603614,0.35875496457481376,True,1,all_candidates,2,-0.06322309350525353,-0.16407646056431696,0.03763027355380988,-0.03518580558050255
929,1,0,0.6634216252210545,0.5571596280328351,True,1,all_candidates,2,-0.011642290085461882,-0.10523624630228684,0.08195166613136304,-0.2246108655442407
934,0,0,0.17588820990102041,0.1479102128392838,True,1,all_candidates,2,-0.03714379907314692,-0.21902415783527004,0.14473655968897617,-0.17923562100166213
955,1,1,0.7279935351733413,0.7193079523925068,True,1,all_candidates,2,-0.04883665998940925,-0.1770889208808725,0.07941560090205396,-0.4074361291328243
960,1,1,0.516353381546526,0.48744897008899524,True,1,all_candidates,2,0.0028258200890535715,-0.11935535350462627,0.12500699368273338,0.30302428580824725
961,0,1,0.5952214322323915,0.2839526673389449,True,1,all_candidates,2,-0.018079233390624633,-0.1369078132488053,0.100749346467556,-0.17386110854674186
967,0,0,0.7111062328377343,0.6026371727046967,True,1,all_candidates,2,-0.023620816416112092,-0.21194472303582668,0.16470309020360246,0.11315424130412288
976,0,0,0.22296580907529134,0.08518100874594803,True,1,all_candidates,2,-0.03748228326287046,-0.23397653481838437,0.1590119682926434,-0.10435438224184548
977,1,0,0.8795089744048036,0.5493546289655924,True,1,all_candidates,2,-0.03209364680740485,-0.16535857774898896,0.10117128413417925,0.2172265382051104
980,1,1,0.7845093011134376,0.5285083827381312,True,1,all_candidates,2,-0.010132198084952405,-0.2710615560657579,0.250797159895853,-0.1328309937568829
986,1,0,0.6842931095653495,0.4407593834478375,True,1,all_candidates,2,-0.011296140181251794,-0.09755609913507315,0.07496381877256955,-0.21930664730454208
987,0,0,0.4937146818591577,0.41011618555896223,True,1,all_candidates,2,0.014856453575543485,-0.17143342349577778,0.2011463306468647,0.16537846499403014
989,0,0,0.502114524477848,0.4557268144672463,True,1,all_candidates,2,-0.05152904701860675,-0.18615827733791582,0.08310018330070229,-0.22553091570484401
5,1,1,0.6377114402121038,0.34254974755376194,True,1,all_candidates_all_split_features,0,-0.012808262180761197,-0.1621634240530991,0.13654689969157668,0.29544125881310984
12,0,1,0.40864594703941975,0.30002689738786964,True,1,all_candidates_all_split_features,0,-0.006908708254752617,-0.10105758967007099,0.08724017316056572,-0.1020346687031714
15,1,0,0.5202019068490832,0.11807387106554294,True,1,all_candidates_all_split_features,0,-0.013012362761929085,-0.12616965373038402,0.10014492820652582,-0.003080297422145953
30,0,0,0.5746897562690604,0.24295906763714584,True,1,all_candidates_all_split_features,0,-0.07544339111014207,-0.22688071806371035,0.07599393584342619,-0.15824629257148742
39,1,0,0.6048933776872666,0.3441516064005722,True,1,all_candidates_all_split_features,0,-0.10906692067048424,-0.19851333972180063,-0.019620501619167854,-0.0787740414269622
40,0,0,0.3543801765148926,0.35057432062020416,True,1,all_candidates_all_split_features,0,-0.04522452071305892,-0.2756011873152108,0.18515214588909296,0.060474988513839145
43,1,0,0.7309350546172592,0.38618933830050256,True,1,all_candidates_all_split_features,0,-0.040877643444659065,-0.13081867250886742,0.049063385619549246,-0.19702180525731344
45,0,0,0.2877857978025763,0.3689753372039217,True,1,all_candidates_all_split_features,0,-0.013453340397015357,-0.11174511532758391,0.08483843453355316,0.13139903885494988
48,1,1,0.4640558918721573,0.5888245392655549,True,1,all_candidates_all_split_features,0,-0.012490286887473445,-0.1893685521358366,0.16438797836088964,-0.02351093248221392
63,1,0,0.493740643635318,0.20164355626544486,True,1,all_candidates_all_split_features,0,-0.05911124515670523,-0.14728427688068885,0.02906178656727835,-0.08061850681857732
67,1,1,0.4135078007326209,0.532633707078535,True,1,all_candidates_all_split_features,0,-0.08684554064389853,-0.24468303099171296,0.07099194970391585,-0.4040936263411786
69,0,0,0.46600337273861786,0.48630868982475617,True,1,all_candidates_all_split_features,0,-0.05592502237361515,-0.22289133522875204,0.1110412904815217,-0.2535047085663173
72,1,0,0.5908011295185976,0.3649110295452353,True,1,all_candidates_all_split_features,0,-0.06021237547401445,-0.23899385628562275,0.1185691053375938,0.03393963416448598
75,1,0,0.8971971121686327,0.590906090484836,True,1,all_candidates_all_split_features,0,0.003922877561967792,-0.08988715850410388,0.09773291362803944,-0.21905044290968123
93,0,1,0.23435593073816172,0.3708737195266814,True,1,all_candidates_all_split_features,0,-0.0670925384037732,-0.1665818475293534,0.03239677072180697,-0.24763340158643393
115,0,0,0.417662784829503,0.3560754401295836,True,1,all_candidates_all_split_features,0,-0.02418107696936324,-0.14928885009304854,0.10092669615432202,-0.036066766855671034
116,0,1,0.2300810466125331,0.24524587329350514,True,1,all_candidates_all_split_features,0,-0.0908864130162692,-0.17170557153418628,-0.010067254498352121,-0.014342061446469406
121,1,0,0.829551555662928,0.5644650903605791,True,1,all_candidates_all_split_features,0,-0.08957527632584128,-0.19412635020193797,0.014975797550255368,-0.578150415838105
122,1,0,0.6628130336914178,0.16757719199669627,True,1,all_candidates_all_split_features,0,-0.09744575043646077,-0.2562018124398532,0.061310311566931605,-0.1662835077113541
123,0,1,0.39744562120923743,0.39243083175848403,True,1,all_candidates_all_split_features,0,-0.027545115741610778,-0.2119346112321513,0.1568443797489297,0.03246765507545743
126,0,0,0.2904388139791195,0.3909132072928165,True,1,all_candidates_all_split_features,0,-0.09858511018979742,-0.18971668636780925,-0.007453534011785612,-0.3010231687743369
130,0,0,0.26863216138852986,0.21849460988274513,True,1,all_candidates_all_split_features,0,-0.05295791190383312,-0.1506288501988525,0.044713026391186246,0.006309753656425152
137,0,0,0.19104229057139868,0.136704195001431,True,1,all_candidates_all_split_features,0,-0.08393438612589148,-0.16360914564186907,-0.0042596266099139135,-0.035394603233024145
145,1,0,0.4660143956373304,0.44212132263226617,True,1,all_candidates_all_split_features,0,-0.0658076377184875,-0.2500670822816591,0.11845180684468401,-0.33769143797714973
151,0,1,0.5191771574449675,0.4662585530143542,True,1,all_candidates_all_split_features,0,0.049504896302991236,-0.13897041164868645,0.23798020425466887,-0.31487008056515453
162,0,0,0.5856731783723788,0.5989655969474362,True,1,all_candidates_all_split_features,0,-0.04901984104773418,-0.23765665692051263,0.1396169748250442,-0.1770906937214045
167,0,1,0.6272436550256896,0.707639467658466,True,1,all_candidates_all_split_features,0,-0.04350946541406081,-0.23213432868680323,0.14511539785868155,0.060419762402974864
169,1,1,0.718421807752594,0.8744463758885973,True,1,all_candidates_all_split_features,0,-0.07577089443535134,-0.23435874679070917,0.08281695792000643,-0.059438745764093026
180,1,1,0.8672668628184429,0.5657293381904667,True,1,all_candidates_all_split_features,0,0.002262087709148628,-0.09668266339359913,0.10120683881189636,0.07214620573564456
186,1,0,0.5911390146431826,0.5179879989770028,True,1,all_candidates_all_split_features,0,-0.04052570220245285,-0.14794334673911347,0.06689194233420773,-0.34838730337294177
193,0,0,0.40023106047420476,0.1550758670471376,True,1,all_candidates_all_split_features,0,-0.02873032063459847,-0.12447782698214556,0.06701718571294858,-0.07790570380726344
196,0,0,0.4779684453454312,0.4063942925546509,True,1,all_candidates_all_split_features,0,-0.00045082288707396336,-0.20649513354940374,0.20559348777525577,0.18500422317417548
198,0,0,0.14587366590344183,0.3168318250125152,True,1,all_candidates_all_split_features,0,-0.05574172712381278,-0.1982191225111108,0.0867356682634852,-0.09796041668062988
205,1,1,0.889667935890094,0.4157414662695457,True,1,all_candidates_all_split_features,0,-0.07851039036876865,-0.28581633348778407,0.12879555275024673,0.10039000345163385
208,1,1,0.37917397054309765,0.6227098092939151,True,1,all_candidates_all_split_features,0,-0.030308463620675595,-0.16699679912816595,0.10637987188681472,-0.38364186382161225
211,0,0,0.231401125726331,0.22905857404779453,True,1,all_candidates_all_split_features,0,-0.08698455644297211,-0.2685881060194026,0.09461899313345833,0.039362356322426656
229,0,0,0.35491053100236486,0.18642819332391197,True,1,all_candidates_all_split_features,0,-0.01653656360535753,-0.269386719541318,0.23631359233060287,-0.0181111175885878
237,0,1,0.3187585270756577,0.6861105920384603,True,1,all_candidates_all_split_features,0,-0.022032735867384533,-0.15641659981189088,0.11235112807712179,0.014677238537030401
241,1,0,0.33880276994038705,0.4470269612145222,True,1,all_candidates_all_split_features,0,-0.05597129082168407,-0.1529909488752091,0.04104836723184093,-0.2359562924134932
250,1,1,0.8428866494274864,0.703627059039757,True,1,all_candidates_all_split_features,0,-0.06488171383543542,-0.20790696927072497,0.0781435415998541,-0.14381661120733635
254,0,1,0.20839292854203073,0.24099446092279211,True,1,all_candidates_all_split_features,0,-0.0635551485203008,-0.1965003592243711,0.06939006218376949,0.11029612787953566
261,0,0,0.25783316789758004,0.1812073244799295,True,1,all_candidates_all_split_features,0,0.029882667216785147,-0.059826483036629935,0.11959181747020022,0.31285754382566056
264,1,1,0.5133701154893368,0.5783417591739412,True,1,all_candidates_all_split_features,0,-0.052199918168034494,-0.21245640206465247,0.10805656572858346,0.10130985419071503
265,0,0,0.4673440107611287,0.3563794093146026,True,1,all_candidates_all_split_features,0,-0.12666631478899196,-0.2184069072057279,-0.03492572237225605,-0.19966649402570194
270,0,0,0.34874073775724557,0.20171397701955088,True,1,all_candidates_all_split_features,0,-0.006199241741315295,-0.08743043713767304,0.07503195365504244,-0.05981133747776573
271,1,0,0.8208015211662028,0.8654343342544495,True,1,all_candidates_all_split_features,0,-0.07977694934232847,-0.2156044733923806,0.05605057470772361,-0.027407061388611043
277,1,1,0.8458274757149049,0.5796784555469318,True,1,all_candidates_all_split_features,0,-0.04150966613869081,-0.183970135050071,0.10095080277268936,0.19707323380293573
282,0,0,0.4968539889905682,0.48950108386632263,True,1,all_candidates_all_split_features,0,-0.0645250581541797,-0.15909354544067583,0.03004342913231639,0.2904593735133494
284,0,1,0.26169668314489575,0.48044735559495144,True,1,all_candidates_all_split_features,0,-0.010652605647499497,-0.1103630255475934,0.08905781425259439,0.18518688543613304
288,1,0,0.7511605014707504,0.5824804714021297,True,1,all_candidates_all_split_features,0,-0.05426175452202787,-0.21140717455107116,0.10288366550701541,0.004640120746827181
294,1,1,0.8164796270017057,0.49031264913350026,True,1,all_candidates_all_split_features,0,-0.08305701919674296,-0.22913872845102026,0.06302469005753428,-0.34951026332690505
318,0,0,0.6636540076542939,0.5705544669325786,True,1,all_candidates_all_split_features,0,-0.05702833866865443,-0.13361703037194408,0.019560353034635207,-0.20199985734703257
319,1,1,0.8930296774091446,0.7555478412559756,True,1,all_candidates_all_split_features,0,-0.012193005475640947,-0.1184190737914879,0.09403306284020597,0.04278373950332526
328,0,1,0.39432924248177276,0.18948303187203663,True,1,all_candidates_all_split_features,0,-0.05182733800939246,-0.19209361701965852,0.08843894100087357,0.10327243996857394
334,0,0,0.32003853805723764,0.2875355167491368,True,1,all_candidates_all_split_features,0,-0.06665729165793854,-0.21066418021855318,0.07734959690267607,-0.1484375342195409
339,0,1,0.6907306329755005,0.5644583916735121,True,1,all_candidates_all_split_features,0,-0.07088034943973667,-0.23296934218628818,0.0912086433068148,-0.04096418254395162
343,1,1,0.7122793784860058,0.5155210187085154,True,1,all_candidates_all_split_features,0,-0.04480998577325287,-0.1519598028008039,0.06233983125429813,-0.252500407706424
346,0,0,0.4668878241550569,0.33951763988107997,True,1,all_candidates_all_split_features,0,-0.07107602817726319,-0.1989467960967743,0.056794739742247885,0.021257549177203516
347,0,1,0.20263826870260368,0.2637419376444213,True,1,all_candidates_all_split_features,0,-0.029578693702191267,-0.15175186762053514,0.09259448021615257,0.0718545920669893
349,0,1,0.7980010545149436,0.6771543356924604,True,1,all_candidates_all_split_features,0,-0.04720501099296607,-0.2174102118352187,0.12300018984928651,0.03268878550218324
354,1,0,0.532805219686784,0.2924577715670299,True,1,all_candidates_all_split_features,0,-0.03337361698733477,-0.24392635884135722,0.17717912486668763,-0.14297135067526034
357,1,1,0.6408274001124588,0.2999253159315922,True,1,all_candidates_all_split_features,0,-0.06454435304476916,-0.14431870677104003,0.01523000068150171,0.1013446835796018
360,1,0,0.3477877504865826,0.3387807653978252,True,1,all_candidates_all_split_features,0,-0.0647729787503411,-0.1972628681782406,0.06771691067755836,-0.20995476861796994
361,0,0,0.29661108176182654,0.23059339157774011,True,1,all_candidates_all_split_features,0,-0.030245022620219757,-0.18360708341021234,0.1231170381697728,-0.0406445885166562
365,1,0,0.6049751553904226,0.2863717839207137,True,1,all_candidates_all_split_features,0,-0.09546761693978068,-0.20097883287429258,0.010043598994731229,-0.3344524588585174
368,1,0,0.6849883638981021,0.32733973117530735,True,1,all_candidates_all_split_features,0,-0.06369575544027956,-0.1573554842686123,0.029963973388053136,-0.05427466854280549
370,1,0,0.19790340240759838,0.10800260009836761,True,1,all_candidates_all_split_features,0,-0.08124772596120243,-0.18658022794561796,0.024084776023213086,-0.11224918810400103
380,0,1,0.7471666727680591,0.4674264398886901,True,1,all_candidates_all_split_features,0,-0.045537340852947326,-0.15595723551507765,0.06488255380918295,-0.4595323870462047
384,1,1,0.6900728481780237,0.5112597274821526,True,1,all_candidates_all_split_features,0,-0.06367244698722578,-0.1451796407107302,0.017834746736278634,0.0703099140074529
392,1,1,0.7956043945971023,0.7308406047876336,True,1,all_candidates_all_split_features,0,-0.02911111553096697,-0.11304292838606292,0.05482069732412896,0.0859568948245617
398,0,1,0.3206138626697417,0.45685223927714724,True,1,all_candidates_all_split_features,0,-0.0989465936857895,-0.18614899293820825,-0.011744194433370783,-0.3498504475078327
409,0,0,0.18337791691798333,0.4439000770292082,True,1,all_candidates_all_split_features,0,-0.03611407274206795,-0.11494309223553972,0.0427149467514038,0.14554265152238055
422,1,1,0.4374280553015159,0.34871246199525907,True,1,all_candidates_all_split_features,0,-0.006401618091994405,-0.15541865596423562,0.14261541978024678,0.04875396248008518
424,1,0,0.6770097302582416,0.7052642761137701,True,1,all_candidates_all_split_features,0,-0.09615532673069178,-0.1947064048294283,0.0023957513680447073,-0.411950972386599
431,1,1,0.4372491262168222,0.6279412483546116,True,1,all_candidates_all_split_features,0,-0.08926444836555494,-0.26440741175650095,0.08587851502539104,-0.32665406706368566
433,0,0,0.10525170726096475,0.10427304962006238,True,1,all_candidates_all_split_features,0,-0.03552750045016507,-0.21329204940730223,0.14223704850697205,-0.03402153155820689
435,0,1,0.4409894527049854,0.6729711349557012,True,1,all_candidates_all_split_features,0,-0.040729358114299695,-0.1391582300849201,0.05769951385632068,-0.10742312894197681
446,1,0,0.2790381570542702,0.16375999330593335,True,1,all_candidates_all_split_features,0,-0.07392427165440019,-0.18015372814167097,0.03230518483287058,-0.06432527410523083
447,1,1,0.536835214889051,0.5503554221394807,True,1,all_candidates_all_split_features,0,-0.041395261092218236,-0.13216518359701696,0.04937466141258047,0.034144994760945346
451,1,1,0.7690955084071955,0.6112206494377056,True,1,all_candidates_all_split_features,0,-0.07694463546487171,-0.31758011600819885,0.1636908450784554,-0.17663563846118313
460,1,0,0.39094770965443404,0.27994469973743064,True,1,all_candidates_all_split_features,0,-0.03840959810789834,-0.1319621065664391,0.055142910350642414,-0.15089969081385596
462,0,0,0.4757820881301206,0.3798226570352518,True,1,all_candidates_all_split_features,0,0.006750149862136501,-0.08266699389455069,0.09616729361882367,-0.02877369342676961
465,0,1,0.4312755600906261,0.6491876730428766,True,1,all_candidates_all_split_features,0,-0.07680465349426434,-0.21870826204533117,0.06509895505680245,-0.07352311822592295
467,0,0,0.2562069965782711,0.26684038260745196,True,1,all_candidates_all_split_features,0,-0.061879054299435444,-0.15654348958310266,0.03278538098423176,0.18109530692018136
468,1,0,0.44882293786932376,0.4590625162462623,True,1,all_candidates_all_split_features,0,-0.07748545878318214,-0.19790195429468788,0.04293103672832356,-0.36394341785118856
474,0,0,0.4334979519869535,0.38280401600429703,True,1,all_candidates_all_split_features,0,0.010292036453175267,-0.10209932093566589,0.12268339384201639,0.27024214191256124
478,1,0,0.5739982744039367,0.2947270948162633,True,1,all_candidates_all_split_features,0,-0.07505169729114512,-0.21242922893893013,0.06232583435663981,-0.14113139488284232
481,0,1,0.5087083360409932,0.40825501741027925,True,1,all_candidates_all_split_features,0,-0.05198517687609488,-0.17706446356173253,0.07309410980954273,0.24256774419822325
486,1,1,0.7441202307802978,0.6148549412893181,True,1,all_candidates_all_split_features,0,-0.06901176596799226,-0.22151637362033338,0.08349284168434885,-0.6892153014395378
487,1,1,0.8467975192157075,0.5866738910251524,True,1,all_candidates_all_split_features,0,0.022083382749695495,-0.09002881999329976,0.13419558549269073,-0.028156691615068175
498,0,0,0.3020648921646804,0.1979830251548477,True,1,all_candidates_all_split_features,0,-0.09190029484044727,-0.2367181852700711,0.05291759558917654,-0.1062618189134249
503,0,0,0.3446948747805175,0.2658055219729751,True,1,all_candidates_all_split_features,0,-0.06717791418626638,-0.20454213728720155,0.07018630891466877,-0.16728505428348134
507,1,1,0.8311033999506614,0.7945564212316646,True,1,all_candidates_all_split_features,0,-0.04260334564617558,-0.18585950200536955,0.10065281071301838,-0.030854928811506976
508,0,0,0.5229332692489086,0.2601699446166555,True,1,all_candidates_all_split_features,0,-0.08249867829074106,-0.18399546793262517,0.018998111351143016,-0.05620972089686527
514,1,1,0.8270038617254091,0.6943390637417084,True,1,all_candidates_all_split_features,0,-0.03617137805002286,-0.16573882527743267,0.09339606917738694,-0.061478120138046544
526,0,0,0.15782593929996835,0.13044474411998602,True,1,all_candidates_all_split_features,0,-0.05658363442707998,-0.15452244007335625,0.041355171219196275,0.020299231269924375
528,1,1,0.6647472925894883,0.7352516088728809,True,1,all_candidates_all_split_features,0,-0.022017478113688215,-0.18075462421538185,0.13671966798800542,-0.3151680255715663
532,1,0,0.5659465902283147,0.4305883970188177,True,1,all_candidates_all_split_features,0,-0.07021665087444147,-0.250169652731549,0.10973635098266606,-0.5334643262344162
534,0,1,0.6356185713393279,0.49570608184298615,True,1,all_candidates_all_split_features,0,-0.029582763820403715,-0.2133599008161967,0.1541943731753892,0.13543398492073888
535,0,0,0.6385549390569282,0.3491581541021244,True,1,all_candidates_all_split_features,0,-0.03961391016345649,-0.1802895320030541,0.1010617116761411,0.03704061610492676
538,1,0,0.7165422603028302,0.5565385298635452,True,1,all_candidates_all_split_features,0,-0.009236821154604138,-0.1241880573094332,0.10571441500022491,-0.06212851278558973
539,0,1,0.3919352408994978,0.39807883890515544,True,1,all_candidates_all_split_features,0,-0.07102537485588345,-0.22213422235725863,0.0800834726454917,-0.11126006308263126
546,0,0,0.30246911548946265,0.1674140399970113,True,1,all_candidates_all_split_features,0,-0.06939449489151102,-0.18008071184425323,0.04129172206123115,-0.06620608679353736
549,1,0,0.737809295603759,0.4018100071172399,True,1,all_candidates_all_split_features,0,0.013963148380874195,-0.15468136472220087,0.18260766148394922,-0.22605679180368443
550,0,0,0.22968620364065134,0.12507868829739605,True,1,all_candidates_all_split_features,0,-0.12418402533471208,-0.2139183728542266,-0.034449677815197574,-0.08381602753461014
552,1,0,0.5131292585651384,0.19044531066663345,True,1,all_candidates_all_split_features,0,-0.06507651925886714,-0.1515168892592751,0.021363850741540805,0.08753892270289004
559,1,0,0.6085123450001269,0.405681505096466,True,1,all_candidates_all_split_features,0,-0.06389280586511309,-0.26721611813734925,0.139430506407123,-0.36576085048430995
560,1,1,0.8655555287273489,0.6294406160354643,True,1,all_candidates_all_split_features,0,-0.0483466216074502,-0.15375354707872788,0.05706030386382744,-0.06469990771798673
561,1,0,0.6004522932294956,0.25193874811218325,True,1,all_candidates_all_split_features,0,-0.059053116830872165,-0.20930098786030374,0.09119475419855935,-0.14847635272894044
563,0,0,0.34977696900330585,0.3001244011940171,True,1,all_candidates_all_split_features,0,-0.0629898852352562,-0.1543161932996978,0.028336422829185387,0.08723419972137467
568,1,1,0.8420165704415828,0.7241993149028411,True,1,all_candidates_all_split_features,0,-0.08186595276647181,-0.18473240960657106,0.021000504073627413,-0.11006768648138565
569,0,1,0.6204165780663479,0.649966418468412,True,1,all_candidates_all_split_features,0,-0.04346852814693408,-0.14541832235845573,0.058481266064587534,-0.03506472883281053
578,0,0,0.528449166106585,0.541129455632692,True,1,all_candidates_all_split_features,0,-0.08180266804413276,-0.21326512801523645,0.04965979192697091,-0.1661069213092291
584,1,0,0.4835230499831929,0.6086690571475216,True,1,all_candidates_all_split_features,0,-0.0029888970108539687,-0.09634679172405973,0.09036899770235177,-0.18620539681394355
588,1,1,0.6950874683394853,0.6067692377764136,True,1,all_candidates_all_split_features,0,-0.0659682924857246,-0.3351414089051491,0.20320482393369982,0.05151712594740754
594,0,1,0.3845124638174599,0.20204826370818607,True,1,all_candidates_all_split_features,0,-0.05745292611275462,-0.21312958374606142,0.09822373152055211,-0.1845762402931477
599,0,1,0.5139276407168637,0.3069862927665871,True,1,all_candidates_all_split_features,0,-0.07532879344214301,-0.23224998465565921,0.08159239777137316,-0.017020805613165407
603,1,1,0.8760250372770755,0.7245136388321798,True,1,all_candidates_all_split_features,0,-0.09530942092480042,-0.30522817258258006,0.11460933073297914,-0.4064471216929251
606,0,1,0.21922940776003394,0.3608687382193187,True,1,all_candidates_all_split_features,0,-0.036634128011595234,-0.14590388055701792,0.07263562453382744,-0.0810499975355446
607,0,0,0.2306889141131686,0.41349980578355594,True,1,all_candidates_all_split_features,0,-0.047604138886312285,-0.15194216345607026,0.05673388568344565,-0.20262165996000597
609,0,1,0.2303519206028594,0.1661800464978828,True,1,all_candidates_all_split_features,0,0.007138271219594744,-0.17967561963693301,0.19395216207612245,-0.17815202596793825
614,1,1,0.6467946600933504,0.454149402724382,True,1,all_candidates_all_split_features,0,-0.08608897079530572,-0.23566863040899222,0.06349068881838074,0.13800989485438941
617,1,0,0.6802572666640975,0.691208308706228,True,1,all_candidates_all_split_features,0,-0.0362510668545523,-0.16104918282959596,0.08854704912049134,-0.32977963417948597
621,1,1,0.627291255719527,0.643934722388693,True,1,all_candidates_all_split_features,0,-0.04459019292428138,-0.1612346974279909,0.07205431157942813,-0.10300534475910206
626,1,0,0.474501537217078,0.16437460061425205,True,1,all_candidates_all_split_features,0,-0.08635465269000694,-0.25956646733420297,0.086857161954189,-0.14734105843629364
638,1,0,0.2748012559824055,0.1239220657092472,True,1,all_candidates_all_split_features,0,-0.06350025881848391,-0.18263043846540877,0.05562992082844091,-0.028967779075204383
648,1,1,0.5446984576494674,0.4969151883647077,True,1,all_candidates_all_split_features,0,-0.07047536248258185,-0.17092199472133307,0.02997126975616933,0.22657797391420198
651,1,0,0.7414638822974168,0.20735604282143721,True,1,all_candidates_all_split_features,0,-0.04123075337258411,-0.1732503143224744,0.09078880757730615,0.14285091672279376
656,0,0,0.28204662460451924,0.4366149382471533,True,1,all_candidates_all_split_features,0,-0.10189976739174114,-0.22008481211562358,0.016285277332141274,0.008071797181922913
662,0,0,0.6929571721037661,0.5688028871898342,True,1,all_candidates_all_split_features,0,0.004715155040639454,-0.12133889483523681,0.1307692049165157,0.12090442381375327
663,1,1,0.6304851473044282,0.5835748670106308,True,1,all_candidates_all_split_features,0,-0.07653572574789833,-0.23842638443982941,0.08535493294403271,-0.0006267839972746714
676,1,0,0.4599439184764482,0.29878782114157487,True,1,all_candidates_all_split_features,0,-0.07183517451971302,-0.24170669092723382,0.09803634188780774,0.288078314021742
680,1,0,0.6829703748258147,0.11385594636738014,True,1,all_candidates_all_split_features,0,-0.05511177460508716,-0.14963553678569774,0.0394119875755234,-0.21676132704337042
684,0,0,0.5697406984360188,0.19983185070397666,True,1,all_candidates_all_split_features,0,-0.06676552082086179,-0.234739267527704,0.10120822588598039,-0.09365228131014089
689,1,1,0.8868225930045658,0.8706173422583725,True,1,all_candidates_all_split_features,0,-0.05279554586642347,-0.16496681913976124,0.059375727406914276,0.028437736123359203
707,1,0,0.3095601577041158,0.16574517487960455,True,1,all_candidates_all_split_features,0,-0.06494778463913571,-0.15426579194815268,0.024370222669881245,-0.18261274863827542
708,0,0,0.38944180681518387,0.31109833854695346,True,1,all_candidates_all_split_features,0,-0.09071531546402185,-0.19948361020411345,0.01805297927606972,-0.3033594815556778
712,0,0,0.22671743720630477,0.39916050095370287,True,1,all_candidates_all_split_features,0,0.012186077476703097,-0.2014498480743725,0.22582200302777866,0.20262182932038472
713,0,1,0.4479973834356069,0.7899673126686212,True,1,all_candidates_all_split_features,0,-0.024462249087213887,-0.1775783274694291,0.12865382929500124,0.18351149860665072
723,1,1,0.8791019779208326,0.6312407840166131,True,1,all_candidates_all_split_features,0,-0.03427053014418968,-0.28000647374900983,0.2114654134606304,-0.013981278819158116
735,1,1,0.7869431386479372,0.5368141960979033,True,1,all_candidates_all_split_features,0,-0.011266100717184993,-0.09691242058371334,0.07438021914934333,0.2892291597635016
739,0,1,0.16567925131260422,0.3625667250095327,True,1,all_candidates_all_split_features,0,-0.031020237437478657,-0.1674415726639168,0.10540109778895944,0.04653584065128688
743,1,0,0.6338297786120288,0.6070901283292623,True,1,all_candidates_all_split_features,0,-0.10021704521783097,-0.29209718032422094,0.09166308988855897,-0.3588049137290085
744,0,0,0.2696157041235064,0.15264458849958287,True,1,all_candidates_all_split_features,0,-0.06639191500623447,-0.1484889862671414,0.015705156254672448,0.00043827428651807554
752,1,0,0.6647472925894883,0.7208329462562315,True,1,all_candidates_all_split_features,0,-0.02402756871713902,-0.17996605052453374,0.13191091309025568,-0.048624029853681416
760,1,1,0.7134555858731084,0.792566241366111,True,1,all_candidates_all_split_features,0,-0.09680124559203132,-0.21546022891623767,0.021857737732175017,-0.1049719012824385
773,1,1,0.8386940353384825,0.852870223315683,True,1,all_candidates_all_split_features,0,0.024014272638064563,-0.16528423273034976,0.21331277800647885,-0.05078761983714952
776,0,0,0.3345234242308092,0.20533773166060534,True,1,all_candidates_all_split_features,0,0.05634273840424091,-0.12282204351157418,0.23550752032005595,0.11215936655437345
779,0,0,0.3257453007133764,0.22754313436062862,True,1,all_candidates_all_split_features,0,-0.024192306183574274,-0.16319323669805857,0.11480862433091,0.2102850669914252
781,1,1,0.6832939038423603,0.63754694937672,True,1,all_candidates_all_split_features,0,-0.016627048219802605,-0.2308737026343704,0.19761960619476515,0.031273744586730046
782,1,0,0.7648701537663227,0.4641424883295498,True,1,all_candidates_all_split_features,0,-0.04056983289962786,-0.13737558957198542,0.05623592377272969,-0.27881971225762575
783,0,0,0.12172989379204215,0.3168675055683017,True,1,all_candidates_all_split_features,0,-0.030802686712919174,-0.1694374077061471,0.10783203428030873,0.11768093960974968
798,1,1,0.5742961575804171,0.7338549270059888,True,1,all_candidates_all_split_features,0,-0.11412340544411469,-0.3105672859700687,0.08232047508183928,-0.012829595656138837
822,0,0,0.7417980053932205,0.6367950734915155,True,1,all_candidates_all_split_features,0,0.05386707374360339,-0.031229669438953334,0.1389638169261601,0.15687867128973654
827,0,1,0.264977865904604,0.5063020143310597,True,1,all_candidates_all_split_features,0,-0.07329510671415498,-0.23525124454065052,0.08866103111234053,-0.47170840662307595
839,0,0,0.4808888128545494,0.1562570180525887,True,1,all_candidates_all_split_features,0,-0.059989754412698985,-0.18147341865995464,0.06149390983455664,-0.082870305049013
845,1,1,0.7067711150558171,0.505484558588421,True,1,all_candidates_all_split_features,0,-0.0238076197777568,-0.15559642193690904,0.1079811823813954,-0.054967122143437575
848,0,0,0.1666158023279128,0.2015602546752192,True,1,all_candidates_all_split_features,0,-0.02614980161930951,-0.14921516387857184,0.09691556063995278,0.0857810802170664
859,1,1,0.6849906428774399,0.6769103292049636,True,1,all_candidates_all_split_features,0,-0.028081006846169675,-0.15611754847878145,0.09995553478644206,0.10091643251497262
868,1,0,0.3082583807209731,0.1535068027524439,True,1,all_candidates_all_split_features,0,-0.08440873863916401,-0.2478203247939893,0.07900284751566125,-0.03768758335333155
875,1,1,0.25333963387393715,0.20708796308982624,True,1,all_candidates_all_split_features,0,0.02774987784046633,-0.0581746230104466,0.11367437869137924,0.2750351541256375
892,0,0,0.6313698695873204,0.23382463068565157,True,1,all_candidates_all_split_features,0,-0.08714439555850415,-0.17818650835380168,0.0038977172367933577,-0.4218944972490402
893,0,1,0.45589257876268896,0.39302832109664,True,1,all_candidates_all_split_features,0,-0.07108587669991506,-0.1666209046465757,0.024449151246745543,-0.13899119129057289
898,1,1,0.49462645872228006,0.3547315126470555,True,1,all_candidates_all_split_features,0,-0.04533332889995597,-0.15107501160091658,0.0604083538010046,0.11489019733853345
908,1,1,0.59795154629418,0.5465323047791424,True,1,all_candidates_all_split_features,0,-0.018832311408942794,-0.23253243995643016,0.19486781713854454,0.2700079153490359
913,0,0,0.4590740424682504,0.15303561997525103,True,1,all_candidates_all_split_features,0,-0.053540992810220386,-0.27154865390248895,0.1644666682820481,0.5763362625455206
915,1,1,0.8444617337210738,0.7902472579186703,True,1,all_candidates_all_split_features,0,0.01460545912851006,-0.11211927057049569,0.14133018882751577,-0.10460704553612188
924,0,1,0.11064807383603614,0.35875496457481376,True,1,all_candidates_all_split_features,0,-0.062033876284416596,-0.1801031468341155,0.056035394265282264,-0.03518580558050255
929,1,0,0.6634216252210545,0.5571596280328351,True,1,all_candidates_all_split_features,0,-0.005467973168381589,-0.11049055751248255,0.09955461117571934,-0.2246108655442407
934,0,0,0.17588820990102041,0.1479102128392838,True,1,all_candidates_all_split_features,0,-0.06451816529718613,-0.20960000387360125,0.08056367327922898,-0.17923562100166213
955,1,1,0.7279935351733413,0.7193079523925068,True,1,all_candidates_all_split_features,0,-0.06959042640143887,-0.23426382585067368,0.09508297304779592,-0.4074361291328243
960,1,1,0.516353381546526,0.48744897008899524,True,1,all_candidates_all_split_features,0,0.02456320474402752,-0.1837271403540518,0.2328535498421068,0.30302428580824725
961,0,1,0.5952214322323915,0.2839526673389449,True,1,all_candidates_all_split_features,0,-0.03302707166576221,-0.2711080431659548,0.20505389983443034,-0.17386110854674186
967,0,0,0.7111062328377343,0.6026371727046967,True,1,all_candidates_all_split_features,0,-0.056757124227538217,-0.1547294826963937,0.04121523424131725,0.11315424130412288
976,0,0,0.22296580907529134,0.08518100874594803,True,1,all_candidates_all_split_features,0,-0.06996570758199552,-0.15926838196271614,0.019336966798725055,-0.10435438224184548
977,1,0,0.8795089744048036,0.5493546289655924,True,1,all_candidates_all_split_features,0,-0.0009390849914332742,-0.12985897202603988,0.12798080204317328,0.2172265382051104
980,1,1,0.7845093011134376,0.5285083827381312,True,1,all_candidates_all_split_features,0,-0.03179142260062803,-0.16411091066267178,0.10052806546141568,-0.1328309937568829
986,1,0,0.6842931095653495,0.4407593834478375,True,1,all_candidates_all_split_features,0,-0.06308047157158791,-0.18266801913402625,0.05650707599085039,-0.21930664730454208
987,0,0,0.4937146818591577,0.41011618555896223,True,1,all_candidates_all_split_features,0,-0.07388511960463083,-0.1830525542934418,0.03528231508418013,0.16537846499403014
989,0,0,0.502114524477848,0.4557268144672463,True,1,all_candidates_all_split_features,0,-0.06975008551242708,-0.22295534123721283,0.08345517021235867,-0.22553091570484401
5,1,1,0.6377114402121038,0.34254974755376194,True,1,all_candidates_all_split_features,1,0.021952452087596715,-0.11060298034868013,0.15450788452387354,0.29544125881310984
12,0,1,0.40864594703941975,0.30002689738786964,True,1,all_candidates_all_split_features,1,-0.005729646145162791,-0.23806373912898793,0.22660444683866227,-0.1020346687031714
15,1,0,0.5202019068490832,0.11807387106554294,True,1,all_candidates_all_split_features,1,0.037804637494419854,-0.22646880143902554,0.3020780764278652,-0.003080297422145953
30,0,0,0.5746897562690604,0.24295906763714584,True,1,all_candidates_all_split_features,1,-0.021214184279430504,-0.14328451864909691,0.10085615009023587,-0.15824629257148742
39,1,0,0.6048933776872666,0.3441516064005722,True,1,all_candidates_all_split_features,1,-0.04737970158011103,-0.13438326678545365,0.03962386362523156,-0.0787740414269622
40,0,0,0.3543801765148926,0.35057432062020416,True,1,all_candidates_all_split_features,1,-0.04389915657818539,-0.1705492196308668,0.08275090647449601,0.060474988513839145
43,1,0,0.7309350546172592,0.38618933830050256,True,1,all_candidates_all_split_features,1,-0.04190369097108745,-0.15009770220835797,0.06629032026618306,-0.19702180525731344
45,0,0,0.2877857978025763,0.3689753372039217,True,1,all_candidates_all_split_features,1,-0.004618163537242854,-0.11355293528655006,0.10431660821206432,0.13139903885494988
48,1,1,0.4640558918721573,0.5888245392655549,True,1,all_candidates_all_split_features,1,-0.016148937825023746,-0.24708084675204023,0.2147829711019927,-0.02351093248221392
63,1,0,0.493740643635318,0.20164355626544486,True,1,all_candidates_all_split_features,1,-0.06205045252032154,-0.16349793088727566,0.03939702584663253,-0.08061850681857732
67,1,1,0.4135078007326209,0.532633707078535,True,1,all_candidates_all_split_features,1,-0.06352913975112444,-0.1838740322934732,0.05681575279122429,-0.4040936263411786
69,0,0,0.46600337273861786,0.48630868982475617,True,1,all_candidates_all_split_features,1,-0.04923417099514633,-0.24784738373869586,0.14937904174840316,-0.2535047085663173
72,1,0,0.5908011295185976,0.3649110295452353,True,1,all_candidates_all_split_features,1,-0.0566855387928374,-0.15916416316697637,0.045793085581301546,0.03393963416448598
75,1,0,0.8971971121686327,0.590906090484836,True,1,all_candidates_all_split_features,1,0.043907542643067815,-0.13094765633899783,0.2187627416251334,-0.21905044290968123
93,0,1,0.23435593073816172,0.3708737195266814,True,1,all_candidates_all_split_features,1,-0.05657251037687352,-0.23590731598616405,0.12276229523241694,-0.24763340158643393
115,0,0,0.417662784829503,0.3560754401295836,True,1,all_candidates_all_split_features,1,0.0029209911117705737,-0.0910210847620709,0.09686306698561202,-0.036066766855671034
116,0,1,0.2300810466125331,0.24524587329350514,True,1,all_candidates_all_split_features,1,-0.06640047948332033,-0.19760573481305177,0.0648047758464111,-0.014342061446469406
121,1,0,0.829551555662928,0.5644650903605791,True,1,all_candidates_all_split_features,1,-0.025079942134176244,-0.1500102882392529,0.09985040397090036,-0.578150415838105
122,1,0,0.6628130336914178,0.16757719199669627,True,1,all_candidates_all_split_features,1,-0.02367743628559147,-0.14721969254691386,0.0998648199757309,-0.1662835077113541
123,0,1,0.39744562120923743,0.39243083175848403,True,1,all_candidates_all_split_features,1,-0.045621834625025025,-0.17243608576131972,0.08119241651126963,0.03246765507545743
126,0,0,0.2904388139791195,0.3909132072928165,True,1,all_candidates_all_split_features,1,-0.07968989447347553,-0.2069956953621691,0.047615906415218026,-0.3010231687743369
130,0,0,0.26863216138852986,0.21849460988274513,True,1,all_candidates_all_split_features,1,-0.06536070512772131,-0.18631688354889708,0.055595473293454434,0.006309753656425152
137,0,0,0.19104229057139868,0.136704195001431,True,1,all_candidates_all_split_features,1,-0.03991345521602918,-0.16425836285481318,0.0844314524227548,-0.035394603233024145
145,1,0,0.4660143956373304,0.44212132263226617,True,1,all_candidates_all_split_features,1,-0.027109689756602322,-0.14187642074288706,0.08765704122968238,-0.33769143797714973
151,0,1,0.5191771574449675,0.4662585530143542,True,1,all_candidates_all_split_features,1,0.012122983096816049,-0.13217199100837285,0.1564179572020049,-0.31487008056515453
162,0,0,0.5856731783723788,0.5989655969474362,True,1,all_candidates_all_split_features,1,-0.07070561381701465,-0.1962203592317549,0.054809131597725574,-0.1770906937214045
167,0,1,0.6272436550256896,0.707639467658466,True,1,all_candidates_all_split_features,1,-0.01335824467222636,-0.12302182276819454,0.09630533342374178,0.060419762402974864
169,1,1,0.718421807752594,0.8744463758885973,True,1,all_candidates_all_split_features,1,-0.06563365111309447,-0.22371261096619038,0.09244530874000143,-0.059438745764093026
180,1,1,0.8672668628184429,0.5657293381904667,True,1,all_candidates_all_split_features,1,-0.0012746575526790555,-0.19282051027709954,0.1902711951717414,0.07214620573564456
186,1,0,0.5911390146431826,0.5179879989770028,True,1,all_candidates_all_split_features,1,-0.029088725568351827,-0.15502285682455882,0.09684540568785516,-0.34838730337294177
193,0,0,0.40023106047420476,0.1550758670471376,True,1,all_candidates_all_split_features,1,-0.031552016704501785,-0.1539305772918337,0.09082654388283012,-0.07790570380726344
196,0,0,0.4779684453454312,0.4063942925546509,True,1,all_candidates_all_split_features,1,0.0038911506785424465,-0.16265383223671237,0.17043613359379725,0.18500422317417548
198,0,0,0.14587366590344183,0.3168318250125152,True,1,all_candidates_all_split_features,1,-0.038571775415990515,-0.16394220687589403,0.08679865604391296,-0.09796041668062988
205,1,1,0.889667935890094,0.4157414662695457,True,1,all_candidates_all_split_features,1,-0.06116400907193039,-0.21593017282237698,0.09360215467851615,0.10039000345163385
208,1,1,0.37917397054309765,0.6227098092939151,True,1,all_candidates_all_split_features,1,-0.021933315351665608,-0.20427546592600543,0.16040883522267418,-0.38364186382161225
211,0,0,0.231401125726331,0.22905857404779453,True,1,all_candidates_all_split_features,1,-0.02417370821365876,-0.13758330407841593,0.08923588765109838,0.039362356322426656
229,0,0,0.35491053100236486,0.18642819332391197,True,1,all_candidates_all_split_features,1,-0.030209339477135454,-0.1682442193833526,0.10782554042908167,-0.0181111175885878
237,0,1,0.3187585270756577,0.6861105920384603,True,1,all_candidates_all_split_features,1,-0.005915358926102157,-0.14341557400432986,0.13158485615212553,0.014677238537030401
241,1,0,0.33880276994038705,0.4470269612145222,True,1,all_candidates_all_split_features,1,-0.048892422988017686,-0.1974207033455326,0.0996358573694972,-0.2359562924134932
250,1,1,0.8428866494274864,0.703627059039757,True,1,all_candidates_all_split_features,1,-0.07440982736728922,-0.24575641138297,0.09693675664839148,-0.14381661120733635
254,0,1,0.20839292854203073,0.24099446092279211,True,1,all_candidates_all_split_features,1,-0.05083922358778413,-0.20921343687449973,0.10753498969893142,0.11029612787953566
261,0,0,0.25783316789758004,0.1812073244799295,True,1,all_candidates_all_split_features,1,0.026276144340730848,-0.06311634192087014,0.1156686306023318,0.31285754382566056
264,1,1,0.5133701154893368,0.5783417591739412,True,1,all_candidates_all_split_features,1,-0.034595492177430937,-0.14400366704678114,0.07481268269191924,0.10130985419071503
265,0,0,0.4673440107611287,0.3563794093146026,True,1,all_candidates_all_split_features,1,-0.08414445651046315,-0.17656583808704898,0.008276925066122653,-0.19966649402570194
270,0,0,0.34874073775724557,0.20171397701955088,True,1,all_candidates_all_split_features,1,-0.03205751515672005,-0.12026245595463098,0.05614742564119085,-0.05981133747776573
271,1,0,0.8208015211662028,0.8654343342544495,True,1,all_candidates_all_split_features,1,-0.04364531153689622,-0.18316373851481094,0.09587311544101848,-0.027407061388611043
277,1,1,0.8458274757149049,0.5796784555469318,True,1,all_candidates_all_split_features,1,-0.0069168371887831336,-0.1542635726375359,0.1404298982599696,0.19707323380293573
282,0,0,0.4968539889905682,0.48950108386632263,True,1,all_candidates_all_split_features,1,-0.0431425672271932,-0.21425787407595692,0.1279727396215705,0.2904593735133494
284,0,1,0.26169668314489575,0.48044735559495144,True,1,all_candidates_all_split_features,1,-0.03850445735320419,-0.13126440269718545,0.05425548799077704,0.18518688543613304
288,1,0,0.7511605014707504,0.5824804714021297,True,1,all_candidates_all_split_features,1,-0.03905395508436131,-0.12607341079806486,0.047965500629342225,0.004640120746827181
294,1,1,0.8164796270017057,0.49031264913350026,True,1,all_candidates_all_split_features,1,-0.046736117341429254,-0.1398861937887936,0.04641395910593507,-0.34951026332690505
318,0,0,0.6636540076542939,0.5705544669325786,True,1,all_candidates_all_split_features,1,-0.030685554257976404,-0.24985796955739564,0.1884868610414428,-0.20199985734703257
319,1,1,0.8930296774091446,0.7555478412559756,True,1,all_candidates_all_split_features,1,-0.000974759669857106,-0.13242010030536883,0.1304705809656546,0.04278373950332526
328,0,1,0.39432924248177276,0.18948303187203663,True,1,all_candidates_all_split_features,1,-0.022242180587388912,-0.1007092724589576,0.05622491128417974,0.10327243996857394
334,0,0,0.32003853805723764,0.2875355167491368,True,1,all_candidates_all_split_features,1,-0.03805330306857295,-0.1641067556642179,0.08800014952707196,-0.1484375342195409
339,0,1,0.6907306329755005,0.5644583916735121,True,1,all_candidates_all_split_features,1,-0.0331584700620378,-0.201925112211365,0.13560817208728937,-0.04096418254395162
343,1,1,0.7122793784860058,0.5155210187085154,True,1,all_candidates_all_split_features,1,-0.038969217324847184,-0.1829831549216754,0.10504472027198103,-0.252500407706424
346,0,0,0.4668878241550569,0.33951763988107997,True,1,all_candidates_all_split_features,1,-0.05514055168323593,-0.16743739186831463,0.057156288501842754,0.021257549177203516
347,0,1,0.20263826870260368,0.2637419376444213,True,1,all_candidates_all_split_features,1,-0.04881966804538728,-0.20314936409238027,0.10551002800160564,0.0718545920669893
349,0,1,0.7980010545149436,0.6771543356924604,True,1,all_candidates_all_split_features,1,-0.06336830686256482,-0.22513654052931015,0.09839992680418048,0.03268878550218324
354,1,0,0.532805219686784,0.2924577715670299,True,1,all_candidates_all_split_features,1,-0.019091749964962757,-0.14168874244868235,0.10350524251875681,-0.14297135067526034
357,1,1,0.6408274001124588,0.2999253159315922,True,1,all_candidates_all_split_features,1,-0.0574099289478873,-0.19891844479698104,0.08409858690120642,0.1013446835796018
360,1,0,0.3477877504865826,0.3387807653978252,True,1,all_candidates_all_split_features,1,-0.06971665271737507,-0.1977875080614055,0.05835420262665533,-0.20995476861796994
361,0,0,0.29661108176182654,0.23059339157774011,True,1,all_candidates_all_split_features,1,-0.030040084372727403,-0.17889715038942713,0.11881698164397231,-0.0406445885166562
365,1,0,0.6049751553904226,0.2863717839207137,True,1,all_candidates_all_split_features,1,-0.05002842714312214,-0.2045901551388271,0.1045333008525828,-0.3344524588585174
368,1,0,0.6849883638981021,0.32733973117530735,True,1,all_candidates_all_split_features,1,-0.03479072500425193,-0.14127764353154748,0.07169619352304361,-0.05427466854280549
370,1,0,0.19790340240759838,0.10800260009836761,True,1,all_candidates_all_split_features,1,-0.05289721304154248,-0.14167273977992237,0.03587831369683738,-0.11224918810400103
380,0,1,0.7471666727680591,0.4674264398886901,True,1,all_candidates_all_split_features,1,-0.08522357909999423,-0.17502131769417115,0.004574159494182661,-0.4595323870462047
384,1,1,0.6900728481780237,0.5112597274821526,True,1,all_candidates_all_split_features,1,-0.040048806032022086,-0.15350930437363863,0.07341169230959443,0.0703099140074529
392,1,1,0.7956043945971023,0.7308406047876336,True,1,all_candidates_all_split_features,1,-0.058984411629114504,-0.22423784062227933,0.10626901736405028,0.0859568948245617
398,0,1,0.3206138626697417,0.45685223927714724,True,1,all_candidates_all_split_features,1,-0.046565254881031914,-0.1912658715707735,0.09813536180870963,-0.3498504475078327
409,0,0,0.18337791691798333,0.4439000770292082,True,1,all_candidates_all_split_features,1,0.018850894051909806,-0.12198211359433687,0.15968390169815647,0.14554265152238055
422,1,1,0.4374280553015159,0.34871246199525907,True,1,all_candidates_all_split_features,1,0.027409748073861987,-0.17040680587193313,0.22522630201965707,0.04875396248008518
424,1,0,0.6770097302582416,0.7052642761137701,True,1,all_candidates_all_split_features,1,-0.06321440050863465,-0.13976302767534665,0.013334226658077333,-0.411950972386599
431,1,1,0.4372491262168222,0.6279412483546116,True,1,all_candidates_all_split_features,1,-0.057611543165647955,-0.13900255398426825,0.023779467652972314,-0.32665406706368566
433,0,0,0.10525170726096475,0.10427304962006238,True,1,all_candidates_all_split_features,1,-0.048559273440779094,-0.17561227137003477,0.07849372448847655,-0.03402153155820689
435,0,1,0.4409894527049854,0.6729711349557012,True,1,all_candidates_all_split_features,1,-0.04627970706021024,-0.13909608533502005,0.04653667121459952,-0.10742312894197681
446,1,0,0.2790381570542702,0.16375999330593335,True,1,all_candidates_all_split_features,1,-0.0812144926523157,-0.21825469651026477,0.055825711205633344,-0.06432527410523083
447,1,1,0.536835214889051,0.5503554221394807,True,1,all_candidates_all_split_features,1,-0.005016516592249516,-0.15284973143300795,0.14281669824850884,0.034144994760945346
451,1,1,0.7690955084071955,0.6112206494377056,True,1,all_candidates_all_split_features,1,-0.0491543856386476,-0.18811730254738113,0.08980853127008587,-0.17663563846118313
460,1,0,0.39094770965443404,0.27994469973743064,True,1,all_candidates_all_split_features,1,-0.03492843777021385,-0.14050116638157226,0.07064429084114454,-0.15089969081385596
462,0,0,0.4757820881301206,0.3798226570352518,True,1,all_candidates_all_split_features,1,0.026702311319180355,-0.1233700363496496,0.17677465898801026,-0.02877369342676961
465,0,1,0.4312755600906261,0.6491876730428766,True,1,all_candidates_all_split_features,1,-0.06126529960187768,-0.21008115225486473,0.08755055305110934,-0.07352311822592295
467,0,0,0.2562069965782711,0.26684038260745196,True,1,all_candidates_all_split_features,1,-0.04287105004552022,-0.19453289140224708,0.10879079131120661,0.18109530692018136
468,1,0,0.44882293786932376,0.4590625162462623,True,1,all_candidates_all_split_features,1,-0.06321459029985002,-0.22015994583594398,0.09373076523624391,-0.36394341785118856
474,0,0,0.4334979519869535,0.38280401600429703,True,1,all_candidates_all_split_features,1,0.0070422537826558985,-0.14429594048572889,0.15838044805104068,0.27024214191256124
478,1,0,0.5739982744039367,0.2947270948162633,True,1,all_candidates_all_split_features,1,-0.05506518971690455,-0.17291131317254888,0.06278093373873973,-0.14113139488284232
481,0,1,0.5087083360409932,0.40825501741027925,True,1,all_candidates_all_split_features,1,-0.03966918226375022,-0.1600153561369226,0.08067699160942216,0.24256774419822325
486,1,1,0.7441202307802978,0.6148549412893181,True,1,all_candidates_all_split_features,1,-0.05737163023001508,-0.20658247923804512,0.09183921877801492,-0.6892153014395378
487,1,1,0.8467975192157075,0.5866738910251524,True,1,all_candidates_all_split_features,1,-0.01033916350517059,-0.18626413881228898,0.16558581180194779,-0.028156691615068175
498,0,0,0.3020648921646804,0.1979830251548477,True,1,all_candidates_all_split_features,1,-0.08521916456552275,-0.1852357135053379,0.014797384374292386,-0.1062618189134249
503,0,0,0.3446948747805175,0.2658055219729751,True,1,all_candidates_all_split_features,1,-0.06431513223311336,-0.23762630037471272,0.10899603590848597,-0.16728505428348134
507,1,1,0.8311033999506614,0.7945564212316646,True,1,all_candidates_all_split_features,1,-0.03794192087468175,-0.14677689404050748,0.07089305229114395,-0.030854928811506976
508,0,0,0.5229332692489086,0.2601699446166555,True,1,all_candidates_all_split_features,1,-0.04584811325039515,-0.183741923521907,0.09204569702111667,-0.05620972089686527
514,1,1,0.8270038617254091,0.6943390637417084,True,1,all_candidates_all_split_features,1,-0.05298268915475204,-0.1396160595744853,0.03365068126498121,-0.061478120138046544
526,0,0,0.15782593929996835,0.13044474411998602,True,1,all_candidates_all_split_features,1,-0.026124777683270924,-0.11528188790851654,0.06303233254197466,0.020299231269924375
528,1,1,0.6647472925894883,0.7352516088728809,True,1,all_candidates_all_split_features,1,-0.022793609427137554,-0.13907510908679638,0.09348789023252124,-0.3151680255715663
532,1,0,0.5659465902283147,0.4305883970188177,True,1,all_candidates_all_split_features,1,-0.07091586732052464,-0.19909672434871667,0.05726498970766737,-0.5334643262344162
534,0,1,0.6356185713393279,0.49570608184298615,True,1,all_candidates_all_split_features,1,0.03150616653761699,-0.11250164058488918,0.1755139736601231,0.13543398492073888
535,0,0,0.6385549390569282,0.3491581541021244,True,1,all_candidates_all_split_features,1,-0.009208331857956874,-0.2076307458329008,0.189214082116987,0.03704061610492676
538,1,0,0.7165422603028302,0.5565385298635452,True,1,all_candidates_all_split_features,1,0.01462300081286621,-0.12670122237785814,0.1559472240035905,-0.06212851278558973
539,0,1,0.3919352408994978,0.39807883890515544,True,1,all_candidates_all_split_features,1,-0.07851466520185336,-0.1804041707640588,0.023374840360352034,-0.11126006308263126
546,0,0,0.30246911548946265,0.1674140399970113,True,1,all_candidates_all_split_features,1,-0.06271816383817555,-0.24079441276221092,0.11535808508585979,-0.06620608679353736
549,1,0,0.737809295603759,0.4018100071172399,True,1,all_candidates_all_split_features,1,-0.03071368585375098,-0.1756396211639654,0.11421224945646338,-0.22605679180368443
550,0,0,0.22968620364065134,0.12507868829739605,True,1,all_candidates_all_split_features,1,-0.05216790940935072,-0.1799343407328694,0.07559852191416795,-0.08381602753461014
552,1,0,0.5131292585651384,0.19044531066663345,True,1,all_candidates_all_split_features,1,-0.06949712428775133,-0.17336542106938377,0.03437117249388108,0.08753892270289004
559,1,0,0.6085123450001269,0.405681505096466,True,1,all_candidates_all_split_features,1,-0.07172636129160594,-0.20956666805488317,0.06611394547167125,-0.36576085048430995
560,1,1,0.8655555287273489,0.6294406160354643,True,1,all_candidates_all_split_features,1,-0.02597477037603182,-0.1783240060059734,0.1263744652539097,-0.06469990771798673
561,1,0,0.6004522932294956,0.25193874811218325,True,1,all_candidates_all_split_features,1,-0.0400341243558885,-0.18076249281161966,0.10069424409984265,-0.14847635272894044
563,0,0,0.34977696900330585,0.3001244011940171,True,1,all_candidates_all_split_features,1,-0.05291937705667347,-0.165264028382282,0.05942527426893502,0.08723419972137467
568,1,1,0.8420165704415828,0.7241993149028411,True,1,all_candidates_all_split_features,1,-0.06796806463329791,-0.17621890693611986,0.040282777669524025,-0.11006768648138565
569,0,1,0.6204165780663479,0.649966418468412,True,1,all_candidates_all_split_features,1,-0.022082728154599746,-0.13910078206457907,0.09493532575537955,-0.03506472883281053
578,0,0,0.528449166106585,0.541129455632692,True,1,all_candidates_all_split_features,1,-0.08334432830130054,-0.19728631040484604,0.03059765380224494,-0.1661069213092291
584,1,0,0.4835230499831929,0.6086690571475216,True,1,all_candidates_all_split_features,1,0.02578135728871134,-0.05859914727286346,0.11016186185028612,-0.18620539681394355
588,1,1,0.6950874683394853,0.6067692377764136,True,1,all_candidates_all_split_features,1,-0.052329983843273094,-0.14872676411777552,0.04406679643122933,0.05151712594740754
594,0,1,0.3845124638174599,0.20204826370818607,True,1,all_candidates_all_split_features,1,-0.08032942286169328,-0.24485756143886886,0.08419871571548226,-0.1845762402931477
599,0,1,0.5139276407168637,0.3069862927665871,True,1,all_candidates_all_split_features,1,-0.051333302760398276,-0.2585902393860485,0.1559236338652519,-0.017020805613165407
603,1,1,0.8760250372770755,0.7245136388321798,True,1,all_candidates_all_split_features,1,-0.02966458447742854,-0.12084355661893297,0.06151438766407587,-0.4064471216929251
606,0,1,0.21922940776003394,0.3608687382193187,True,1,all_candidates_all_split_features,1,-0.06939648454038409,-0.19134008481428474,0.05254711573351653,-0.0810499975355446
607,0,0,0.2306889141131686,0.41349980578355594,True,1,all_candidates_all_split_features,1,-0.0028932728828528834,-0.15127570809676333,0.14548916233105755,-0.20262165996000597
609,0,1,0.2303519206028594,0.1661800464978828,True,1,all_candidates_all_split_features,1,-0.07312857074159608,-0.26166200312263527,0.11540486163944307,-0.17815202596793825
614,1,1,0.6467946600933504,0.454149402724382,True,1,all_candidates_all_split_features,1,-0.09151486934104874,-0.1728410160413814,-0.010188722640716102,0.13800989485438941
617,1,0,0.6802572666640975,0.691208308706228,True,1,all_candidates_all_split_features,1,-0.08617856400778781,-0.19103547128228476,0.018678343266709127,-0.32977963417948597
621,1,1,0.627291255719527,0.643934722388693,True,1,all_candidates_all_split_features,1,-0.051436116420983814,-0.20731450644083593,0.10444227359886826,-0.10300534475910206
626,1,0,0.474501537217078,0.16437460061425205,True,1,all_candidates_all_split_features,1,-0.06387174702204126,-0.15335582477430248,0.025612330730219943,-0.14734105843629364
638,1,0,0.2748012559824055,0.1239220657092472,True,1,all_candidates_all_split_features,1,-0.06010258075698998,-0.25220771406148346,0.13200255254750345,-0.028967779075204383
648,1,1,0.5446984576494674,0.4969151883647077,True,1,all_candidates_all_split_features,1,-0.0581740050863009,-0.13787910324721153,0.021531093074609736,0.22657797391420198
651,1,0,0.7414638822974168,0.20735604282143721,True,1,all_candidates_all_split_features,1,-0.035369567847456186,-0.24202586538091944,0.17128672968600703,0.14285091672279376
656,0,0,0.28204662460451924,0.4366149382471533,True,1,all_candidates_all_split_features,1,-0.03999740665323821,-0.14166885093001258,0.061674037623536154,0.008071797181922913
662,0,0,0.6929571721037661,0.5688028871898342,True,1,all_candidates_all_split_features,1,0.012037106035935684,-0.257898472826098,0.2819726848979693,0.12090442381375327
663,1,1,0.6304851473044282,0.5835748670106308,True,1,all_candidates_all_split_features,1,-0.048948980311965845,-0.15432561635232733,0.05642765572839563,-0.0006267839972746714
676,1,0,0.4599439184764482,0.29878782114157487,True,1,all_candidates_all_split_features,1,-0.07704113636620494,-0.18057709122545434,0.026494818493044442,0.288078314021742
680,1,0,0.6829703748258147,0.11385594636738014,True,1,all_candidates_all_split_features,1,-0.03559635328432963,-0.2974694319305654,0.22627672536190607,-0.21676132704337042
684,0,0,0.5697406984360188,0.19983185070397666,True,1,all_candidates_all_split_features,1,-0.04642316363707606,-0.2539928342875022,0.16114650701334998,-0.09365228131014089
689,1,1,0.8868225930045658,0.8706173422583725,True,1,all_candidates_all_split_features,1,-0.04265457359200461,-0.14434032992434762,0.05903118274033836,0.028437736123359203
707,1,0,0.3095601577041158,0.16574517487960455,True,1,all_candidates_all_split_features,1,-0.06248241680472003,-0.16694541437906407,0.04198058076962397,-0.18261274863827542
708,0,0,0.38944180681518387,0.31109833854695346,True,1,all_candidates_all_split_features,1,-0.09709460245897793,-0.20423912421105367,0.010049919293097787,-0.3033594815556778
712,0,0,0.22671743720630477,0.39916050095370287,True,1,all_candidates_all_split_features,1,-0.026832581602273257,-0.2489679609908346,0.19530279778628806,0.20262182932038472
713,0,1,0.4479973834356069,0.7899673126686212,True,1,all_candidates_all_split_features,1,-0.02048433594014386,-0.2041196959064056,0.16315102402611784,0.18351149860665072
723,1,1,0.8791019779208326,0.6312407840166131,True,1,all_candidates_all_split_features,1,0.0617245944681571,-0.0441126828593641,0.16756187179567827,-0.013981278819158116
735,1,1,0.7869431386479372,0.5368141960979033,True,1,all_candidates_all_split_features,1,0.03724344702914481,-0.05924392177697352,0.1337308158352631,0.2892291597635016
739,0,1,0.16567925131260422,0.3625667250095327,True,1,all_candidates_all_split_features,1,0.0263134005201409,-0.11726398535643155,0.1698907863967133,0.04653584065128688
743,1,0,0.6338297786120288,0.6070901283292623,True,1,all_candidates_all_split_features,1,-0.056563728115518686,-0.15087290751451962,0.03774545128348224,-0.3588049137290085
744,0,0,0.2696157041235064,0.15264458849958287,True,1,all_candidates_all_split_features,1,-0.042009008018729053,-0.1448155935495984,0.060797577512140245,0.00043827428651807554
752,1,0,0.6647472925894883,0.7208329462562315,True,1,all_candidates_all_split_features,1,-0.02035766098071294,-0.1122383704963957,0.07152304853496981,-0.048624029853681416
760,1,1,0.7134555858731084,0.792566241366111,True,1,all_candidates_all_split_features,1,-0.07882811330179638,-0.1709270345863099,0.013270807982717112,-0.1049719012824385
773,1,1,0.8386940353384825,0.852870223315683,True,1,all_candidates_all_split_features,1,0.002780704035343319,-0.09271797193040719,0.0982793800010938,-0.05078761983714952
776,0,0,0.3345234242308092,0.20533773166060534,True,1,all_candidates_all_split_features,1,0.012481446814303396,-0.25958367790746173,0.2845465715360685,0.11215936655437345
779,0,0,0.3257453007133764,0.22754313436062862,True,1,all_candidates_all_split_features,1,-0.039193679657439195,-0.17881136265817865,0.10042400334330023,0.2102850669914252
781,1,1,0.6832939038423603,0.63754694937672,True,1,all_candidates_all_split_features,1,-0.026306789634524607,-0.13422949152497063,0.0816159122559214,0.031273744586730046
782,1,0,0.7648701537663227,0.4641424883295498,True,1,all_candidates_all_split_features,1,-0.021022754847713578,-0.1297056231893912,0.08766011349396399,-0.27881971225762575
783,0,0,0.12172989379204215,0.3168675055683017,True,1,all_candidates_all_split_features,1,0.013991299995557394,-0.14124062530537548,0.16922322529649025,0.11768093960974968
798,1,1,0.5742961575804171,0.7338549270059888,True,1,all_candidates_all_split_features,1,-0.007805216319678815,-0.1429173745199489,0.12730694188059125,-0.012829595656138837
822,0,0,0.7417980053932205,0.6367950734915155,True,1,all_candidates_all_split_features,1,0.03883465345339272,-0.14601239618781237,0.22368170309459778,0.15687867128973654
827,0,1,0.264977865904604,0.5063020143310597,True,1,all_candidates_all_split_features,1,-0.0783886212766809,-0.22012474874911153,0.06334750619574968,-0.47170840662307595
839,0,0,0.4808888128545494,0.1562570180525887,True,1,all_candidates_all_split_features,1,-0.05046751755955183,-0.14931464513649537,0.04837961001739168,-0.082870305049013
845,1,1,0.7067711150558171,0.505484558588421,True,1,all_candidates_all_split_features,1,0.04621227588138363,-0.11294408109999973,0.20536863286276696,-0.054967122143437575
848,0,0,0.1666158023279128,0.2015602546752192,True,1,all_candidates_all_split_features,1,-0.02067127537952085,-0.1541260710291649,0.11278352027012317,0.0857810802170664
859,1,1,0.6849906428774399,0.6769103292049636,True,1,all_candidates_all_split_features,1,-0.019585321180016727,-0.1788193254476192,0.13964868308758566,0.10091643251497262
868,1,0,0.3082583807209731,0.1535068027524439,True,1,all_candidates_all_split_features,1,-0.03509258844356389,-0.14413680093829329,0.07395162405116547,-0.03768758335333155
875,1,1,0.25333963387393715,0.20708796308982624,True,1,all_candidates_all_split_features,1,0.06840576768147619,-0.13232651685338861,0.2691380522163409,0.2750351541256375
892,0,0,0.6313698695873204,0.23382463068565157,True,1,all_candidates_all_split_features,1,-0.047541283002605475,-0.14044665098831627,0.04536408498310529,-0.4218944972490402
893,0,1,0.45589257876268896,0.39302832109664,True,1,all_candidates_all_split_features,1,-0.022672567521187882,-0.13781595408223313,0.09247081903985735,-0.13899119129057289
898,1,1,0.49462645872228006,0.3547315126470555,True,1,all_candidates_all_split_features,1,-0.06491123318113728,-0.18934483606713348,0.05952236970485887,0.11489019733853345
908,1,1,0.59795154629418,0.5465323047791424,True,1,all_candidates_all_split_features,1,-0.023971973649550293,-0.18611395134183636,0.13817000404273577,0.2700079153490359
913,0,0,0.4590740424682504,0.15303561997525103,True,1,all_candidates_all_split_features,1,-0.045120890883356454,-0.14213720024984805,0.05189541848313514,0.5763362625455206
915,1,1,0.8444617337210738,0.7902472579186703,True,1,all_candidates_all_split_features,1,0.052922494936547625,-0.10171070211617353,0.20755569198926874,-0.10460704553612188
924,0,1,0.11064807383603614,0.35875496457481376,True,1,all_candidates_all_split_features,1,-0.0693615816273411,-0.16247067541142252,0.0237475121567403,-0.03518580558050255
929,1,0,0.6634216252210545,0.5571596280328351,True,1,all_candidates_all_split_features,1,0.00020114968506533808,-0.24406563084884492,0.24446793021897556,-0.2246108655442407
934,0,0,0.17588820990102041,0.1479102128392838,True,1,all_candidates_all_split_features,1,-0.03894794486897176,-0.1649103574471181,0.08701446770917454,-0.17923562100166213
955,1,1,0.7279935351733413,0.7193079523925068,True,1,all_candidates_all_split_features,1,-0.07639506016454187,-0.15624946574061888,0.003459345411535114,-0.4074361291328243
960,1,1,0.516353381546526,0.48744897008899524,True,1,all_candidates_all_split_features,1,-0.00047150701220194944,-0.15586553687165852,0.1549225228472546,0.30302428580824725
961,0,1,0.5952214322323915,0.2839526673389449,True,1,all_candidates_all_split_features,1,0.003582230433707127,-0.08825849032079938,0.09542295118821363,-0.17386110854674186
967,0,0,0.7111062328377343,0.6026371727046967,True,1,all_candidates_all_split_features,1,-0.06926276586622779,-0.15856951359018912,0.02004398185773354,0.11315424130412288
976,0,0,0.22296580907529134,0.08518100874594803,True,1,all_candidates_all_split_features,1,-0.06252512318376181,-0.16387014464847255,0.038819898280948895,-0.10435438224184548
977,1,0,0.8795089744048036,0.5493546289655924,True,1,all_candidates_all_split_features,1,0.016277334994875988,-0.16248245193470262,0.19503712192445458,0.2172265382051104
980,1,1,0.7845093011134376,0.5285083827381312,True,1,all_candidates_all_split_features,1,-0.06436141862184973,-0.19832010349421503,0.06959726625051556,-0.1328309937568829
986,1,0,0.6842931095653495,0.4407593834478375,True,1,all_candidates_all_split_features,1,-0.023971076179306928,-0.1590173331852713,0.11107518082665739,-0.21930664730454208
987,0,0,0.4937146818591577,0.41011618555896223,True,1,all_candidates_all_split_features,1,-0.06619317963022443,-0.1700767005363591,0.0376903412759102,0.16537846499403014
989,0,0,0.502114524477848,0.4557268144672463,True,1,all_candidates_all_split_features,1,-0.06099940836838953,-0.25182042289523077,0.12982160615845167,-0.22553091570484401
5,1,1,0.6377114402121038,0.34254974755376194,True,1,all_candidates_all_split_features,2,-0.01762740942400276,-0.14955800205953484,0.1143031832115293,0.29544125881310984
12,0,1,0.40864594703941975,0.30002689738786964,True,1,all_candidates_all_split_features,2,-0.007253098656194657,-0.21195949609701312,0.19745329878462375,-0.1020346687031714
15,1,0,0.5202019068490832,0.11807387106554294,True,1,all_candidates_all_split_features,2,-0.04549521613823374,-0.13908273900266427,0.048092306726196764,-0.003080297422145953
30,0,0,0.5746897562690604,0.24295906763714584,True,1,all_candidates_all_split_features,2,-0.0529166278672927,-0.20793895920502148,0.10210570347043604,-0.15824629257148742
39,1,0,0.6048933776872666,0.3441516064005722,True,1,all_candidates_all_split_features,2,-0.0488252691498566,-0.1973977493243955,0.09974721102468226,-0.0787740414269622
40,0,0,0.3543801765148926,0.35057432062020416,True,1,all_candidates_all_split_features,2,-0.05601304480882561,-0.15720545242733192,0.045179362809680663,0.060474988513839145
43,1,0,0.7309350546172592,0.38618933830050256,True,1,all_candidates_all_split_features,2,-0.022140803933156306,-0.12443206426085807,0.08015045639454543,-0.19702180525731344
45,0,0,0.2877857978025763,0.3689753372039217,True,1,all_candidates_all_split_features,2,0.01294936448564317,-0.0699760044890857,0.09587473346037202,0.13139903885494988
48,1,1,0.4640558918721573,0.5888245392655549,True,1,all_candidates_all_split_features,2,-0.028494748074294293,-0.16581050258447566,0.10882100643588703,-0.02351093248221392
63,1,0,0.493740643635318,0.20164355626544486,True,1,all_candidates_all_split_features,2,-0.011530550565672787,-0.11371528587247952,0.09065418474113392,-0.08061850681857732
67,1,1,0.4135078007326209,0.532633707078535,True,1,all_candidates_all_split_features,2,-0.08320776418297009,-0.27053312182685035,0.10411759346091014,-0.4040936263411786
69,0,0,0.46600337273861786,0.48630868982475617,True,1,all_candidates_all_split_features,2,-0.02984002042580621,-0.15175686524115084,0.09207682438953838,-0.2535047085663173
72,1,0,0.5908011295185976,0.3649110295452353,True,1,all_candidates_all_split_features,2,-0.04872519349758107,-0.21602568083516926,0.11857529384000712,0.03393963416448598
75,1,0,0.8971971121686327,0.590906090484836,True,1,all_candidates_all_split_features,2,0.009737013070668562,-0.1285128207444094,0.1479868468857465,-0.21905044290968123
93,0,1,0.23435593073816172,0.3708737195266814,True,1,all_candidates_all_split_features,2,-0.08004771150712173,-0.21129203941864233,0.05119661640439885,-0.24763340158643393
115,0,0,0.417662784829503,0.3560754401295836,True,1,all_candidates_all_split_features,2,0.01642131940910793,-0.07091076504751498,0.10375340386573083,-0.036066766855671034
116,0,1,0.2300810466125331,0.24524587329350514,True,1,all_candidates_all_split_features,2,-0.04662735246603994,-0.1373367102991288,0.044082005367048885,-0.014342061446469406
121,1,0,0.829551555662928,0.5644650903605791,True,1,all_candidates_all_split_features,2,-0.031814904550039116,-0.13544963305620672,0.07181982395612846,-0.578150415838105
122,1,0,0.6628130336914178,0.16757719199669627,True,1,all_candidates_all_split_features,2,-0.09832844919504867,-0.23086878171002767,0.03421188331993032,-0.1662835077113541
123,0,1,0.39744562120923743,0.39243083175848403,True,1,all_candidates_all_split_features,2,-0.01188233709754547,-0.1064178935802656,0.08265321938517464,0.03246765507545743
126,0,0,0.2904388139791195,0.3909132072928165,True,1,all_candidates_all_split_features,2,-0.07212612128604395,-0.23450000756435063,0.09024776499226267,-0.3010231687743369
130,0,0,0.26863216138852986,0.21849460988274513,True,1,all_candidates_all_split_features,2,-0.0966875713165105,-0.18570997618548135,-0.007665166447539645,0.006309753656425152
137,0,0,0.19104229057139868,0.136704195001431,True,1,all_candidates_all_split_features,2,-0.0877772856462057,-0.17571283711746472,0.00015826582505332198,-0.035394603233024145
145,1,0,0.4660143956373304,0.44212132263226617,True,1,all_candidates_all_split_features,2,0.00230160010580267,-0.11754126309846769,0.122144463310073,-0.33769143797714973
151,0,1,0.5191771574449675,0.4662585530143542,True,1,all_candidates_all_split_features,2,0.03278793161518005,-0.14245762184415312,0.2080334850745132,-0.31487008056515453
162,0,0,0.5856731783723788,0.5989655969474362,True,1,all_candidates_all_split_features,2,-0.010299148386324345,-0.10077806133123735,0.08017976455858863,-0.1770906937214045
167,0,1,0.6272436550256896,0.707639467658466,True,1,all_candidates_all_split_features,2,-0.022391810766348767,-0.14113653240070953,0.09635291086801198,0.060419762402974864
169,1,1,0.718421807752594,0.8744463758885973,True,1,all_candidates_all_split_features,2,-0.055194383522281454,-0.15369498085567124,0.043306213811108316,-0.059438745764093026
180,1,1,0.8672668628184429,0.5657293381904667,True,1,all_candidates_all_split_features,2,-0.0010632815771389119,-0.13641572070935945,0.13428915755508158,0.07214620573564456
186,1,0,0.5911390146431826,0.5179879989770028,True,1,all_candidates_all_split_features,2,-0.011809253820418739,-0.1550338264534794,0.13141531881264185,-0.34838730337294177
193,0,0,0.40023106047420476,0.1550758670471376,True,1,all_candidates_all_split_features,2,-0.015195081921145836,-0.10645151865662286,0.07606135481433117,-0.07790570380726344
196,0,0,0.4779684453454312,0.4063942925546509,True,1,all_candidates_all_split_features,2,0.016107593509582577,-0.07120827829984847,0.1034234653190136,0.18500422317417548
198,0,0,0.14587366590344183,0.3168318250125152,True,1,all_candidates_all_split_features,2,-0.03828536993823173,-0.21457597622233915,0.13800523634587566,-0.09796041668062988
205,1,1,0.889667935890094,0.4157414662695457,True,1,all_candidates_all_split_features,2,-0.04140986691892001,-0.18142612803656794,0.09860639419872788,0.10039000345163385
208,1,1,0.37917397054309765,0.6227098092939151,True,1,all_candidates_all_split_features,2,-0.026197307503693628,-0.1324285478278581,0.08003393282047082,-0.38364186382161225
211,0,0,0.231401125726331,0.22905857404779453,True,1,all_candidates_all_split_features,2,-0.04974909336952866,-0.22476427205660476,0.12526608531754743,0.039362356322426656
229,0,0,0.35491053100236486,0.18642819332391197,True,1,all_candidates_all_split_features,2,-0.02492205999497975,-0.14749729629137467,0.09765317630141514,-0.0181111175885878
237,0,1,0.3187585270756577,0.6861105920384603,True,1,all_candidates_all_split_features,2,-0.01572872603265344,-0.17066573628435225,0.13920828421904535,0.014677238537030401
241,1,0,0.33880276994038705,0.4470269612145222,True,1,all_candidates_all_split_features,2,-0.02464316123138292,-0.11770821793351416,0.06842189547074828,-0.2359562924134932
250,1,1,0.8428866494274864,0.703627059039757,True,1,all_candidates_all_split_features,2,-0.030483776700454518,-0.18347045608537477,0.1225029026844657,-0.14381661120733635
254,0,1,0.20839292854203073,0.24099446092279211,True,1,all_candidates_all_split_features,2,-0.03881986821750402,-0.1495370543409257,0.07189731790591763,0.11029612787953566
261,0,0,0.25783316789758004,0.1812073244799295,True,1,all_candidates_all_split_features,2,-0.0002452203782398254,-0.09679750961230016,0.09630706885582051,0.31285754382566056
264,1,1,0.5133701154893368,0.5783417591739412,True,1,all_candidates_all_split_features,2,-0.057295125503577266,-0.16500645771203568,0.05041620670488113,0.10130985419071503
265,0,0,0.4673440107611287,0.3563794093146026,True,1,all_candidates_all_split_features,2,-0.07026802373844891,-0.1874853894809803,0.04694934200408246,-0.19966649402570194
270,0,0,0.34874073775724557,0.20171397701955088,True,1,all_candidates_all_split_features,2,-0.03771311286875348,-0.13760998105399808,0.06218375531649109,-0.05981133747776573
271,1,0,0.8208015211662028,0.8654343342544495,True,1,all_candidates_all_split_features,2,-0.030659493789836,-0.19996586030379723,0.13864687272412515,-0.027407061388611043
277,1,1,0.8458274757149049,0.5796784555469318,True,1,all_candidates_all_split_features,2,-0.008849577631726991,-0.09814062871663114,0.08044147345317715,0.19707323380293573
282,0,0,0.4968539889905682,0.48950108386632263,True,1,all_candidates_all_split_features,2,-0.014358101020769815,-0.2080342065426313,0.17931800450109164,0.2904593735133494
284,0,1,0.26169668314489575,0.48044735559495144,True,1,all_candidates_all_split_features,2,0.0006644708352537408,-0.11710504186495294,0.11843398353546039,0.18518688543613304
288,1,0,0.7511605014707504,0.5824804714021297,True,1,all_candidates_all_split_features,2,-0.04737533326223301,-0.19211590665122835,0.09736524012676231,0.004640120746827181
294,1,1,0.8164796270017057,0.49031264913350026,True,1,all_candidates_all_split_features,2,-0.07259989273469718,-0.20862524883709338,0.06342546336769898,-0.34951026332690505
318,0,0,0.6636540076542939,0.5705544669325786,True,1,all_candidates_all_split_features,2,-0.04627037332763439,-0.1437172241492828,0.051176477494014015,-0.20199985734703257
319,1,1,0.8930296774091446,0.7555478412559756,True,1,all_candidates_all_split_features,2,0.013148848997667243,-0.09789186167304799,0.12418955966838247,0.04278373950332526
328,0,1,0.39432924248177276,0.18948303187203663,True,1,all_candidates_all_split_features,2,-0.035721998742809555,-0.16485560138453909,0.09341160389891993,0.10327243996857394
334,0,0,0.32003853805723764,0.2875355167491368,True,1,all_candidates_all_split_features,2,-0.06084925802739804,-0.18019763528173555,0.058499119226939435,-0.1484375342195409
339,0,1,0.6907306329755005,0.5644583916735121,True,1,all_candidates_all_split_features,2,-0.05287683029934386,-0.15955074039930892,0.05379707980062117,-0.04096418254395162
343,1,1,0.7122793784860058,0.5155210187085154,True,1,all_candidates_all_split_features,2,-0.05353738155531766,-0.15510438656076458,0.04802962345012923,-0.252500407706424
346,0,0,0.4668878241550569,0.33951763988107997,True,1,all_candidates_all_split_features,2,-0.04735643037482789,-0.25081552759263853,0.15610266684298268,0.021257549177203516
347,0,1,0.20263826870260368,0.2637419376444213,True,1,all_candidates_all_split_features,2,-0.02423266474489665,-0.1321525688513634,0.08368723936157008,0.0718545920669893
349,0,1,0.7980010545149436,0.6771543356924604,True,1,all_candidates_all_split_features,2,-0.040390213946255006,-0.20362747284503915,0.12284704495252913,0.03268878550218324
354,1,0,0.532805219686784,0.2924577715670299,True,1,all_candidates_all_split_features,2,-0.0140245713779052,-0.19050644355839355,0.16245730080258314,-0.14297135067526034
357,1,1,0.6408274001124588,0.2999253159315922,True,1,all_candidates_all_split_features,2,-0.04744600929306264,-0.1932514084452562,0.0983593898591309,0.1013446835796018
360,1,0,0.3477877504865826,0.3387807653978252,True,1,all_candidates_all_split_features,2,-0.058880346412760846,-0.23117697795171469,0.11341628512619295,-0.20995476861796994
361,0,0,0.29661108176182654,0.23059339157774011,True,1,all_candidates_all_split_features,2,-0.06483028815902184,-0.1548373869238181,0.02517681060577441,-0.0406445885166562
365,1,0,0.6049751553904226,0.2863717839207137,True,1,all_candidates_all_split_features,2,-0.056234166051336285,-0.15550888940394147,0.04304055730126889,-0.3344524588585174
368,1,0,0.6849883638981021,0.32733973117530735,True,1,all_candidates_all_split_features,2,-0.02775512275035142,-0.15223279517451915,0.0967225496738163,-0.05427466854280549
370,1,0,0.19790340240759838,0.10800260009836761,True,1,all_candidates_all_split_features,2,-0.053900749096933376,-0.17964215821892404,0.07184066002505726,-0.11224918810400103
380,0,1,0.7471666727680591,0.4674264398886901,True,1,all_candidates_all_split_features,2,-0.06872931992829466,-0.1615611118986598,0.024102472042070444,-0.4595323870462047
384,1,1,0.6900728481780237,0.5112597274821526,True,1,all_candidates_all_split_features,2,-0.02304404034802144,-0.17187282289894562,0.12578474220290273,0.0703099140074529
392,1,1,0.7956043945971023,0.7308406047876336,True,1,all_candidates_all_split_features,2,-0.02752897716207146,-0.16063144461359843,0.1055734902894555,0.0859568948245617
398,0,1,0.3206138626697417,0.45685223927714724,True,1,all_candidates_all_split_features,2,-0.06534787749143169,-0.15068347370642932,0.01998771872356593,-0.3498504475078327
409,0,0,0.18337791691798333,0.4439000770292082,True,1,all_candidates_all_split_features,2,-0.004275687342674931,-0.10434415496297744,0.09579278027762755,0.14554265152238055
422,1,1,0.4374280553015159,0.34871246199525907,True,1,all_candidates_all_split_features,2,0.02811705681160464,-0.1471088276137916,0.20334294123700086,0.04875396248008518
424,1,0,0.6770097302582416,0.7052642761137701,True,1,all_candidates_all_split_features,2,-0.01551498057891378,-0.13208577354446954,0.10105581238664196,-0.411950972386599
431,1,1,0.4372491262168222,0.6279412483546116,True,1,all_candidates_all_split_features,2,-0.09404111327482648,-0.2659687789138152,0.07788655236416217,-0.32665406706368566
433,0,0,0.10525170726096475,0.10427304962006238,True,1,all_candidates_all_split_features,2,-0.03266217380315151,-0.1636312066092937,0.09830685900299066,-0.03402153155820689
435,0,1,0.4409894527049854,0.6729711349557012,True,1,all_candidates_all_split_features,2,-0.03597062285416191,-0.12047179895254653,0.04853055324422268,-0.10742312894197681
446,1,0,0.2790381570542702,0.16375999330593335,True,1,all_candidates_all_split_features,2,-0.06790919216171441,-0.16158525016752479,0.025766865844095918,-0.06432527410523083
447,1,1,0.536835214889051,0.5503554221394807,True,1,all_candidates_all_split_features,2,-0.06441056200954208,-0.13922878307477946,0.010407659055695281,0.034144994760945346
451,1,1,0.7690955084071955,0.6112206494377056,True,1,all_candidates_all_split_features,2,-0.04975425929914553,-0.13933484688732733,0.039826328289036254,-0.17663563846118313
460,1,0,0.39094770965443404,0.27994469973743064,True,1,all_candidates_all_split_features,2,-0.035984182712495476,-0.20389134524092214,0.13192297981593112,-0.15089969081385596
462,0,0,0.4757820881301206,0.3798226570352518,True,1,all_candidates_all_split_features,2,0.012475557094907405,-0.10037858774220627,0.12532970193202106,-0.02877369342676961
465,0,1,0.4312755600906261,0.6491876730428766,True,1,all_candidates_all_split_features,2,-0.058760250413062064,-0.2786991966089593,0.16117869578283514,-0.07352311822592295
467,0,0,0.2562069965782711,0.26684038260745196,True,1,all_candidates_all_split_features,2,-0.03869372388342765,-0.11918565011587838,0.04179820234902307,0.18109530692018136
468,1,0,0.44882293786932376,0.4590625162462623,True,1,all_candidates_all_split_features,2,-0.03721911183878097,-0.15241159035966872,0.07797336668210675,-0.36394341785118856
474,0,0,0.4334979519869535,0.38280401600429703,True,1,all_candidates_all_split_features,2,-0.013071902185032505,-0.16071910029892109,0.13457529592885603,0.27024214191256124
478,1,0,0.5739982744039367,0.2947270948162633,True,1,all_candidates_all_split_features,2,-0.050913818316733445,-0.20372230938382085,0.10189467275035394,-0.14113139488284232
481,0,1,0.5087083360409932,0.40825501741027925,True,1,all_candidates_all_split_features,2,-0.013842992065569961,-0.11274636106328992,0.08506037693214998,0.24256774419822325
486,1,1,0.7441202307802978,0.6148549412893181,True,1,all_candidates_all_split_features,2,-0.043951574217569324,-0.13794294087379558,0.05003979243865691,-0.6892153014395378
487,1,1,0.8467975192157075,0.5866738910251524,True,1,all_candidates_all_split_features,2,-0.01651793012980783,-0.18085252203887903,0.14781666177926334,-0.028156691615068175
498,0,0,0.3020648921646804,0.1979830251548477,True,1,all_candidates_all_split_features,2,-0.10474539481581517,-0.2900685847618477,0.08057779513021733,-0.1062618189134249
503,0,0,0.3446948747805175,0.2658055219729751,True,1,all_candidates_all_split_features,2,-0.033369794608064995,-0.1365641049456976,0.06982451572956758,-0.16728505428348134
507,1,1,0.8311033999506614,0.7945564212316646,True,1,all_candidates_all_split_features,2,-0.05071788944165645,-0.13905932444821997,0.03762354556490706,-0.030854928811506976
508,0,0,0.5229332692489086,0.2601699446166555,True,1,all_candidates_all_split_features,2,-0.030794941910325578,-0.17157910501652415,0.10998922119587295,-0.05620972089686527
514,1,1,0.8270038617254091,0.6943390637417084,True,1,all_candidates_all_split_features,2,-0.028824615184991163,-0.12594402544492594,0.0682947950749436,-0.061478120138046544
526,0,0,0.15782593929996835,0.13044474411998602,True,1,all_candidates_all_split_features,2,0.027635459965828717,-0.09443844155874886,0.14970936149040628,0.020299231269924375
528,1,1,0.6647472925894883,0.7352516088728809,True,1,all_candidates_all_split_features,2,0.005942687708716068,-0.0868853273452047,0.09877070276263682,-0.3151680255715663
532,1,0,0.5659465902283147,0.4305883970188177,True,1,all_candidates_all_split_features,2,-0.06379272021513481,-0.19484510715691655,0.06725966672664692,-0.5334643262344162
534,0,1,0.6356185713393279,0.49570608184298615,True,1,all_candidates_all_split_features,2,0.052102230771357706,-0.0874362006839147,0.19164066222663007,0.13543398492073888
535,0,0,0.6385549390569282,0.3491581541021244,True,1,all_candidates_all_split_features,2,-0.051449718505751946,-0.15349897378887423,0.05059953677737032,0.03704061610492676
538,1,0,0.7165422603028302,0.5565385298635452,True,1,all_candidates_all_split_features,2,0.004933709118094257,-0.17642796247194734,0.18629538070813584,-0.06212851278558973
539,0,1,0.3919352408994978,0.39807883890515544,True,1,all_candidates_all_split_features,2,-0.07018068017073772,-0.1460372140200685,0.0056758536785930375,-0.11126006308263126
546,0,0,0.30246911548946265,0.1674140399970113,True,1,all_candidates_all_split_features,2,-0.07307250251045533,-0.17142120356017151,0.02527619853926083,-0.06620608679353736
549,1,0,0.737809295603759,0.4018100071172399,True,1,all_candidates_all_split_features,2,-0.029969478799715742,-0.21572668451888838,0.15578772691945686,-0.22605679180368443
550,0,0,0.22968620364065134,0.12507868829739605,True,1,all_candidates_all_split_features,2,-0.06935680381456848,-0.21543324160696986,0.07671963397783287,-0.08381602753461014
552,1,0,0.5131292585651384,0.19044531066663345,True,1,all_candidates_all_split_features,2,-0.022349415011347976,-0.1743151123328166,0.12961628231012062,0.08753892270289004
559,1,0,0.6085123450001269,0.405681505096466,True,1,all_candidates_all_split_features,2,-0.042710435613136866,-0.12925140489924558,0.04383053367297185,-0.36576085048430995
560,1,1,0.8655555287273489,0.6294406160354643,True,1,all_candidates_all_split_features,2,-0.035845822631390245,-0.24123256905250412,0.1695409237897236,-0.06469990771798673
561,1,0,0.6004522932294956,0.25193874811218325,True,1,all_candidates_all_split_features,2,-0.043062137644599506,-0.1443529219777281,0.05822864668852907,-0.14847635272894044
563,0,0,0.34977696900330585,0.3001244011940171,True,1,all_candidates_all_split_features,2,-0.05299351744094811,-0.22211924618443563,0.1161322113025394,0.08723419972137467
568,1,1,0.8420165704415828,0.7241993149028411,True,1,all_candidates_all_split_features,2,-0.0652054288062778,-0.3039110869301963,0.17350022931764067,-0.11006768648138565
569,0,1,0.6204165780663479,0.649966418468412,True,1,all_candidates_all_split_features,2,-0.023623956349173206,-0.12995249889549848,0.08270458619715203,-0.03506472883281053
578,0,0,0.528449166106585,0.541129455632692,True,1,all_candidates_all_split_features,2,-0.0795560669125574,-0.1946633347946045,0.03555120096948966,-0.1661069213092291
584,1,0,0.4835230499831929,0.6086690571475216,True,1,all_candidates_all_split_features,2,0.037404987989350165,-0.09729428142626131,0.1721042574049616,-0.18620539681394355
588,1,1,0.6950874683394853,0.6067692377764136,True,1,all_candidates_all_split_features,2,-0.022456374525264253,-0.1670750915971256,0.12216234254659708,0.05151712594740754
594,0,1,0.3845124638174599,0.20204826370818607,True,1,all_candidates_all_split_features,2,-0.07237299269711185,-0.24959442143498795,0.10484843604076423,-0.1845762402931477
599,0,1,0.5139276407168637,0.3069862927665871,True,1,all_candidates_all_split_features,2,-0.028608012066213783,-0.13602564305906983,0.07880961892664223,-0.017020805613165407
603,1,1,0.8760250372770755,0.7245136388321798,True,1,all_candidates_all_split_features,2,-0.0544084940456569,-0.13190633745392544,0.023089349362611644,-0.4064471216929251
606,0,1,0.21922940776003394,0.3608687382193187,True,1,all_candidates_all_split_features,2,-0.06090003772761655,-0.2478246754215227,0.1260245999662896,-0.0810499975355446
607,0,0,0.2306889141131686,0.41349980578355594,True,1,all_candidates_all_split_features,2,-0.02287531549062369,-0.1811262519369439,0.1353756209556965,-0.20262165996000597
609,0,1,0.2303519206028594,0.1661800464978828,True,1,all_candidates_all_split_features,2,0.012393917641543049,-0.11118592170598211,0.1359737569890682,-0.17815202596793825
614,1,1,0.6467946600933504,0.454149402724382,True,1,all_candidates_all_split_features,2,-0.04488494695775723,-0.14362914637674995,0.05385925246123546,0.13800989485438941
617,1,0,0.6802572666640975,0.691208308706228,True,1,all_candidates_all_split_features,2,-0.05114550681822952,-0.1936031232579917,0.09131210962153263,-0.32977963417948597
621,1,1,0.627291255719527,0.643934722388693,True,1,all_candidates_all_split_features,2,-0.033598297572672325,-0.14767711198804617,0.08048051684270151,-0.10300534475910206
626,1,0,0.474501537217078,0.16437460061425205,True,1,all_candidates_all_split_features,2,-0.05514119670218492,-0.17233628768259884,0.06205389427822899,-0.14734105843629364
638,1,0,0.2748012559824055,0.1239220657092472,True,1,all_candidates_all_split_features,2,-0.03375883416367003,-0.17194003745557798,0.10442236912823788,-0.028967779075204383
648,1,1,0.5446984576494674,0.4969151883647077,True,1,all_candidates_all_split_features,2,-0.03996754515353951,-0.18318755275605392,0.10325246244897485,0.22657797391420198
651,1,0,0.7414638822974168,0.20735604282143721,True,1,all_candidates_all_split_features,2,-0.009422765363624491,-0.19079398077549503,0.17194845004824602,0.14285091672279376
656,0,0,0.28204662460451924,0.4366149382471533,True,1,all_candidates_all_split_features,2,-0.04649832722669507,-0.14206450280931976,0.049067848355929616,0.008071797181922913
662,0,0,0.6929571721037661,0.5688028871898342,True,1,all_candidates_all_split_features,2,0.007567649574452273,-0.08942764538429333,0.10456294453319785,0.12090442381375327
663,1,1,0.6304851473044282,0.5835748670106308,True,1,all_candidates_all_split_features,2,-0.004064356528794455,-0.09373152095066886,0.08560280789307993,-0.0006267839972746714
676,1,0,0.4599439184764482,0.29878782114157487,True,1,all_candidates_all_split_features,2,-0.05096677947033017,-0.14569941429146038,0.04376585535080002,0.288078314021742
680,1,0,0.6829703748258147,0.11385594636738014,True,1,all_candidates_all_split_features,2,-0.040698330831633045,-0.13693866483144862,0.0555420031681825,-0.21676132704337042
684,0,0,0.5697406984360188,0.19983185070397666,True,1,all_candidates_all_split_features,2,-0.048619803906740956,-0.16365402723032757,0.06641441941684564,-0.09365228131014089
689,1,1,0.8868225930045658,0.8706173422583725,True,1,all_candidates_all_split_features,2,-0.06081782403260263,-0.17262747966322403,0.05099183159801877,0.028437736123359203
707,1,0,0.3095601577041158,0.16574517487960455,True,1,all_candidates_all_split_features,2,-0.08738510493006903,-0.25687428968908094,0.08210407982894287,-0.18261274863827542
708,0,0,0.38944180681518387,0.31109833854695346,True,1,all_candidates_all_split_features,2,-0.07283087761147694,-0.1768441743563115,0.031182419133357592,-0.3033594815556778
712,0,0,0.22671743720630477,0.39916050095370287,True,1,all_candidates_all_split_features,2,-0.006394352271252788,-0.1296718584848211,0.11688315394231549,0.20262182932038472
713,0,1,0.4479973834356069,0.7899673126686212,True,1,all_candidates_all_split_features,2,-0.009695004853474002,-0.1791812182919632,0.1597912085850152,0.18351149860665072
723,1,1,0.8791019779208326,0.6312407840166131,True,1,all_candidates_all_split_features,2,0.009732683589619701,-0.14315875632383604,0.16262412350307542,-0.013981278819158116
735,1,1,0.7869431386479372,0.5368141960979033,True,1,all_candidates_all_split_features,2,-0.006701764680715359,-0.11217277319431337,0.09876924383288263,0.2892291597635016
739,0,1,0.16567925131260422,0.3625667250095327,True,1,all_candidates_all_split_features,2,0.01325743188379189,-0.10883086506684346,0.13534572883442722,0.04653584065128688
743,1,0,0.6338297786120288,0.6070901283292623,True,1,all_candidates_all_split_features,2,-0.024684618801311432,-0.28126456030821184,0.2318953227055889,-0.3588049137290085
744,0,0,0.2696157041235064,0.15264458849958287,True,1,all_candidates_all_split_features,2,-0.06635738773195898,-0.1649715688923552,0.032256793428437194,0.00043827428651807554
752,1,0,0.6647472925894883,0.7208329462562315,True,1,all_candidates_all_split_features,2,0.005432732131026738,-0.09907813497696187,0.10994359923901532,-0.048624029853681416
760,1,1,0.7134555858731084,0.792566241366111,True,1,all_candidates_all_split_features,2,-0.08281946744776177,-0.2398685261198113,0.07422959122428775,-0.1049719012824385
773,1,1,0.8386940353384825,0.852870223315683,True,1,all_candidates_all_split_features,2,0.029567318368029397,-0.06849707258695219,0.12763170932301096,-0.05078761983714952
776,0,0,0.3345234242308092,0.20533773166060534,True,1,all_candidates_all_split_features,2,-0.013477686711380856,-0.11374691657032954,0.08679154314756779,0.11215936655437345
779,0,0,0.3257453007133764,0.22754313436062862,True,1,all_candidates_all_split_features,2,-0.0196187949002912,-0.18322071408952972,0.1439831242889473,0.2102850669914252
781,1,1,0.6832939038423603,0.63754694937672,True,1,all_candidates_all_split_features,2,-0.0014340819764094652,-0.16982815555188302,0.16695999159906408,0.031273744586730046
782,1,0,0.7648701537663227,0.4641424883295498,True,1,all_candidates_all_split_features,2,-0.020306811830577497,-0.1188428364631138,0.0782292128019588,-0.27881971225762575
783,0,0,0.12172989379204215,0.3168675055683017,True,1,all_candidates_all_split_features,2,-0.01317151345417937,-0.14439172579779047,0.11804869888943172,0.11768093960974968
798,1,1,0.5742961575804171,0.7338549270059888,True,1,all_candidates_all_split_features,2,-0.08679764676512129,-0.1865853554707883,0.01299006194054568,-0.012829595656138837
822,0,0,0.7417980053932205,0.6367950734915155,True,1,all_candidates_all_split_features,2,0.048968349363650174,-0.0913408631176686,0.1892775618449689,0.15687867128973654
827,0,1,0.264977865904604,0.5063020143310597,True,1,all_candidates_all_split_features,2,-0.09861502090674433,-0.220168591434251,0.02293854962076232,-0.47170840662307595
839,0,0,0.4808888128545494,0.1562570180525887,True,1,all_candidates_all_split_features,2,-0.06586415549641121,-0.23256995569685285,0.10084164470403038,-0.082870305049013
845,1,1,0.7067711150558171,0.505484558588421,True,1,all_candidates_all_split_features,2,0.004448891100607641,-0.1905221021055891,0.19941988430680432,-0.054967122143437575
848,0,0,0.1666158023279128,0.2015602546752192,True,1,all_candidates_all_split_features,2,-0.028683917105455172,-0.17791890144718603,0.12055106723627565,0.0857810802170664
859,1,1,0.6849906428774399,0.6769103292049636,True,1,all_candidates_all_split_features,2,-0.027843935330109697,-0.25926131150742027,0.20357344084720086,0.10091643251497262
868,1,0,0.3082583807209731,0.1535068027524439,True,1,all_candidates_all_split_features,2,-0.06396701860679127,-0.22003919257321083,0.09210515535962827,-0.03768758335333155
875,1,1,0.25333963387393715,0.20708796308982624,True,1,all_candidates_all_split_features,2,0.035196523355998884,-0.0739148366531551,0.14430788336515285,0.2750351541256375
892,0,0,0.6313698695873204,0.23382463068565157,True,1,all_candidates_all_split_features,2,-0.018681170046440175,-0.12930753287144256,0.0919451927785622,-0.4218944972490402
893,0,1,0.45589257876268896,0.39302832109664,True,1,all_candidates_all_split_features,2,-0.04025406478740087,-0.15689244416711778,0.07638431459231601,-0.13899119129057289
898,1,1,0.49462645872228006,0.3547315126470555,True,1,all_candidates_all_split_features,2,-0.03639719334934988,-0.1664385018732078,0.09364411517450802,0.11489019733853345
908,1,1,0.59795154629418,0.5465323047791424,True,1,all_candidates_all_split_features,2,-0.002547960445418101,-0.20510165605085773,0.20000573516002149,0.2700079153490359
913,0,0,0.4590740424682504,0.15303561997525103,True,1,all_candidates_all_split_features,2,-0.010267275565587068,-0.2422895224124033,0.22175497128122912,0.5763362625455206
915,1,1,0.8444617337210738,0.7902472579186703,True,1,all_candidates_all_split_features,2,0.03402973124556588,-0.06303556266737514,0.13109502515850688,-0.10460704553612188
924,0,1,0.11064807383603614,0.35875496457481376,True,1,all_candidates_all_split_features,2,-0.05663632298948499,-0.19494196766037689,0.08166932168140689,-0.03518580558050255
929,1,0,0.6634216252210545,0.5571596280328351,True,1,all_candidates_all_split_features,2,0.018121697181059382,-0.07886811881608473,0.11511151317820346,-0.2246108655442407
934,0,0,0.17588820990102041,0.1479102128392838,True,1,all_candidates_all_split_features,2,-0.05049593377703108,-0.13683378119066675,0.035841913636604585,-0.17923562100166213
955,1,1,0.7279935351733413,0.7193079523925068,True,1,all_candidates_all_split_features,2,-0.05398354001858397,-0.20934105506331885,0.10137397502615089,-0.4074361291328243
960,1,1,0.516353381546526,0.48744897008899524,True,1,all_candidates_all_split_features,2,0.012576359002002163,-0.16627651688430475,0.19142923488830904,0.30302428580824725
961,0,1,0.5952214322323915,0.2839526673389449,True,1,all_candidates_all_split_features,2,-0.025466248245534985,-0.16448431303531166,0.11355181654424168,-0.17386110854674186
967,0,0,0.7111062328377343,0.6026371727046967,True,1,all_candidates_all_split_features,2,-0.05085925314899864,-0.18063862519137797,0.07892011889338066,0.11315424130412288
976,0,0,0.22296580907529134,0.08518100874594803,True,1,all_candidates_all_split_features,2,-0.06882905429541873,-0.2692811814633964,0.13162307287255892,-0.10435438224184548
977,1,0,0.8795089744048036,0.5493546289655924,True,1,all_candidates_all_split_features,2,0.012101520192789691,-0.14623952833047216,0.1704425687160515,0.2172265382051104
980,1,1,0.7845093011134376,0.5285083827381312,True,1,all_candidates_all_split_features,2,-0.016561063734235465,-0.11423633862454306,0.08111421115607212,-0.1328309937568829
986,1,0,0.6842931095653495,0.4407593834478375,True,1,all_candidates_all_split_features,2,-0.04655048563327038,-0.17307570209311118,0.07997473082657039,-0.21930664730454208
987,0,0,0.4937146818591577,0.41011618555896223,True,1,all_candidates_all_split_features,2,-0.04939541845894402,-0.17237535817669852,0.07358452125881047,0.16537846499403014
989,0,0,0.502114524477848,0.4557268144672463,True,1,all_candidates_all_split_features,2,-0.036192419905308054,-0.14235811213035648,0.06997327231974035,-0.22553091570484401
