_oci_row_id,scenario,search,seed,treatment,outcome,propensity,outcome_prediction,estimated_cate,lower_95,upper_95,true_ite_prob,true_y0_prob,true_y1_prob,true_treatment_prob,oracle_marginal_outcome
5,a,all,1120042,1,1,0.5795099407346891,0.45383672466596636,0.05922771734336324,-0.057991074045225424,0.1764465087319519,0.29544125881310984,0.4283602486568981,0.7238015074700079,0.5143494763770452,0.5803203054275963
12,a,all,1120042,0,1,0.2563443628296557,0.31554648939782576,0.01954257819854169,-0.15619881992014994,0.1952839763172333,-0.1020346687031714,0.35251383485816296,0.25047916615499155,0.22807181354145364,0.3292426029229293
15,a,all,1120042,1,0,0.5723121503402373,0.0711800106491393,0.05331424266502009,-0.0940858756387729,0.200714360968813,-0.003080297422145953,0.08496536053642435,0.0818850631142784,0.5888855260374319,0.08315141796863218
30,a,all,1120042,0,0,0.5704623645591489,0.21940483178855139,-0.126796366878054,-0.2096690413706092,-0.043923692385498814,-0.15824629257148742,0.32006203944320166,0.16181574687171424,0.5261665055811847,0.23679814065968435
35,a,all,1120042,1,1,0.9786739657392879,0.9608229058564473,0.002049272274215393,-0.10036250072220111,0.10446104527063187,0.011426825642477212,0.9756257658102383,0.9870525914527155,0.9757346483150356,0.986775315509858
39,a,all,1120042,1,0,0.7563312812814935,0.4430608439787013,-0.07034644015381959,-0.1586187622918469,0.01792588198420772,-0.0787740414269622,0.5056272841792651,0.42685324275230285,0.77152706901285,0.4448509788828241
40,a,all,1120042,0,0,0.3237420599830904,0.2982946082931811,-0.02646917512351058,-0.14134809998528997,0.08840974973826879,0.060474988513839145,0.3131862436036617,0.37366123211750085,0.36407388745256936,0.3352036077655446
43,a,all,1120042,1,0,0.7047099212791663,0.49538448081499037,-0.12559755091426364,-0.30855902094465926,0.057363919116131895,-0.19702180525731344,0.6091152747624241,0.41209346950511067,0.6567057331961557,0.4797299256852899
45,a,all,1120042,0,0,0.14375167160505867,0.2557150926189954,-0.039188178511330975,-0.16332071193154493,0.08494435490888294,0.13139903885494988,0.2165379872607052,0.3479370261156551,0.17346042267748582,0.2393305200799002
48,a,all,1120042,1,1,0.2869094591298208,0.5200283869835888,-0.09551583261782362,-0.21780247721559903,0.026770811979951764,-0.02351093248221392,0.4828213005356463,0.4593103680534324,0.42933764997077845,0.47272717203511094
63,a,all,1120042,1,0,0.6299929194432841,0.09389999784630394,-0.05518849766174223,-0.2183528837273549,0.10797588840387043,-0.08061850681857732,0.15433536704847534,0.07371686022989801,0.6257533169734277,0.10388806899730568
67,a,all,1120042,1,1,0.4513636744214192,0.40273088169296545,-0.19182974626380295,-0.29317303150319585,-0.09048646102441008,-0.4040936263411786,0.6270655271286899,0.22297190078751128,0.5184844589253166,0.41754926192001485
69,a,all,1120042,0,0,0.5079878119731548,0.449753898593139,-0.029554175692511946,-0.10911480587428149,0.050006454489257564,-0.2535047085663173,0.6257136287774533,0.372208920211136,0.5819759402865388,0.4781799876425058
72,a,all,1120042,1,0,0.6876808873098719,0.25816613580701225,-0.0075428699322878205,-0.1583263727224661,0.14324063285789043,0.03393963416448598,0.2845721538079479,0.3185117879724339,0.7269864624971379,0.3092458083876346
75,a,all,1120042,1,0,0.9284421657491837,0.5305457320934457,-0.039973966815500174,-0.1852275648299702,0.10527963119896983,-0.21905044290968123,0.7859902699448377,0.5669398270351564,0.9155184418716508,0.5854455497608714
85,a,all,1120042,0,0,0.008773461662729192,0.05109755699917495,-0.03979719841071708,-0.14379063828589395,0.06419624146445975,-0.03033405828346857,0.05306870888576817,0.022734650602299605,0.012191215162621852,0.05269889985447889
93,a,all,1120042,0,1,0.1300230111624891,0.16701344340059887,-0.18355413123750663,-0.3325227096087789,-0.03458555286623441,-0.24763340158643393,0.32022570877467954,0.0725923071882456,0.13659914574554174,0.28639919765990995
115,a,all,1120042,0,0,0.3157245845303033,0.1643600339313219,-0.017928085489176546,-0.18235222638361168,0.14649605540525856,-0.036066766855671034,0.2053367437300431,0.16926997687437206,0.1881577563382044,0.19855050180010692
116,a,all,1120042,0,1,0.14650089561447635,0.15602766967695844,-0.17154826695122488,-0.35838230564174456,0.015285771739294768,-0.014342061446469406,0.14192494897859992,0.1275828875321305,0.1837349785468509,0.13928981062641524
121,a,all,1120042,1,0,0.928058756616359,0.44493618910240407,-0.19632960220218656,-0.39495454379967454,0.002295339395301327,-0.578150415838105,0.8466828492611407,0.2685324334230356,0.8997037852763005,0.3265187316725304
122,a,all,1120042,1,0,0.7854315242155321,0.07005176903682989,-0.18947401766758468,-0.32066323250567363,-0.05828480282949572,-0.1662835077113541,0.20281166924209829,0.03652816153074418,0.7578750286730987,0.07678955106749236
123,a,all,1120042,0,1,0.24285397886031204,0.2891142413764236,-0.09563759835866983,-0.3243893213091632,0.13311412459182348,0.03246765507545743,0.22412970679849994,0.2565973618739574,0.15541688820093894,0.22917572871750896
126,a,all,1120042,0,0,0.2349973785016529,0.26933851537626746,-0.16084257870515994,-0.24974354828614084,-0.07194160912417906,-0.3010231687743369,0.44215599748635387,0.141132828712017,0.21023743122465782,0.3788696597441307
130,a,all,1120042,0,0,0.13407671620313127,0.0796182747860163,0.005911860019748871,-0.13645534364186815,0.14827906368136584,0.006309753656425152,0.06615229801318433,0.07246205166960948,0.06622810440116784,0.0665701810370877
137,a,all,1120042,0,0,0.12386641372831919,0.06768471258818862,-0.1859662705480088,-0.2741146589388684,-0.09781788215714922,-0.035394603233024145,0.0790729821473732,0.04367837891434905,0.08580984252666052,0.07603577681765378
145,a,all,1120042,1,0,0.41705238531687083,0.4301942386534046,-0.0908426633748671,-0.1967808018770298,0.015095475127295588,-0.33769143797714973,0.6919752618184105,0.3542838238412608,0.43705268699339506,0.5443863114758338
151,a,all,1120042,0,1,0.6197546289092182,0.31810246434372697,-0.2104871192094769,-0.39870282327996964,-0.02227141513898423,-0.31487008056515453,0.48899357852641573,0.17412349796126117,0.5564672015365533,0.31377870594673507
152,a,all,1120042,1,1,0.9830359957167152,0.689861173521717,-0.0643030059415895,-0.18777235733717668,0.05916634545399764,-0.012172431745375523,0.8762847281697077,0.8641122964243322,0.9805114377218112,0.864349519618479
162,a,all,1120042,0,0,0.5552481046088611,0.6615882238485635,-0.19443232021436804,-0.36176691479727263,-0.02709772563146351,-0.1770906937214045,0.7830738531324425,0.605983159411038,0.5328644485720335,0.6887085182753474
167,a,all,1120042,0,1,0.48302295469853956,0.7763439758629804,0.010979690717660136,-0.07454254249455917,0.09650192392987943,0.060419762402974864,0.7836955006531895,0.8441152630561644,0.488703502712227,0.8132228501725638
169,a,all,1120042,1,1,0.7583598332357886,0.8869413440969265,-0.1803185164956725,-0.2738087582099683,-0.08682827478137671,-0.059438745764093026,0.9330844701155844,0.8736457243514913,0.7742167680898258,0.8870659964707954
175,a,all,1120042,1,1,0.9906919064234747,0.6635117293858521,-0.15735483432386405,-0.3090211413860404,-0.005688527261687726,-0.13063141535059297,0.8737444653113482,0.7431130499607552,0.9694429817425687,0.7471047565046174
180,a,all,1120042,1,1,0.9431594287607539,0.6560185830053453,-0.0015010949329724737,-0.1500441445914443,0.1470419547254993,0.07214620573564456,0.7786322158744284,0.850778421610073,0.9543923084224109,0.8474879997103885
186,a,all,1120042,1,0,0.6104696005485021,0.28228750342468656,-0.03792832204287061,-0.10685590119434538,0.030999257108604128,-0.34838730337294177,0.4994029297137133,0.15101562634077156,0.6438615699902365,0.2750897335993462
193,a,all,1120042,0,0,0.35098010209682046,0.2674690607969699,0.010824857776454566,-0.07990873175854939,0.1015584473114585,-0.07790570380726344,0.2953083622437127,0.21740265843644926,0.41432172147108914,0.26303033692987055
196,a,all,1120042,0,0,0.39530832788932513,0.38002664213798026,-0.017822107984682596,-0.20577200601991938,0.17012779005055415,0.18500422317417548,0.32434400872550756,0.509348231899683,0.3716162688907627,0.39309458787052864
198,a,all,1120042,0,0,0.07190005219011496,0.09578625194541364,-0.04206416193515054,-0.21267403054647205,0.12854570667617088,-0.09796041668062988,0.1586915272759424,0.06073111059531252,0.09028587933649393,0.14984708491576237
205,a,all,1120042,1,1,0.9613396544842973,0.5816504119753125,-0.009544654644681532,-0.15882618822827596,0.13973687893891285,0.10039000345163385,0.6891605940965426,0.7895505975481765,0.9624369089430685,0.785779638707317
208,a,all,1120042,1,1,0.40209300774343654,0.5419701539529151,-0.12420847833937501,-0.21089433859317158,-0.037522618085578455,-0.38364186382161225,0.7194421327827453,0.335800268961133,0.4072806738535624,0.5631922159670424
211,a,all,1120042,0,0,0.1245327252569393,0.14224924521077723,-0.07445168281549736,-0.22460571074045804,0.0757023451094633,0.039362356322426656,0.16438647521130773,0.20374883153373438,0.09642181922653781,0.1681818652169593
229,a,all,1120042,0,0,0.2621232533283571,0.06419290388977462,-0.015161765313254888,-0.19952768146883368,0.16920415084232385,-0.0181111175885878,0.06995670563525107,0.05184558804666327,0.30447931100626485,0.0644422450303244
237,a,all,1120042,0,1,0.1708915851071712,0.7903440719712193,-0.026300075023656673,-0.17461512687975037,0.122014976832437,0.014677238537030401,0.7975200380169778,0.8121972765540082,0.18990857655563823,0.8003073714953128
241,a,all,1120042,1,0,0.3026188580935535,0.3445045280194968,-0.13634265616026078,-0.28066679426649144,0.007981481945969815,-0.2359562924134932,0.5015441113192208,0.26558781890572764,0.2950149658609628,0.4319334737681747
246,a,all,1120042,0,0,0.005692338093679034,0.04176496416916498,-0.032901268581952345,-0.12272760640621498,0.05692506924231028,0.01186840094368172,0.018116439756915348,0.02998484070059707,0.0026243135065499405,0.018147586161813004
250,a,all,1120042,1,1,0.9465197750492464,0.6751346002015985,-0.1523163397748637,-0.2748202583076186,-0.029812421242108866,-0.14381661120733635,0.8672152602102811,0.7233986490029447,0.9507090811076705,0.7304875019213353
254,a,all,1120042,0,1,0.15724832167185024,0.16255735638160032,-0.009910584289099912,-0.1565284726628972,0.13670730408469736,0.11029612787953566,0.14744962685810456,0.2577457547376402,0.08493199342585338,0.15681729686606638
261,a,all,1120042,0,0,0.20356688158083033,0.38709333426619397,-0.011006662844009786,-0.14857744639867285,0.12656412071065326,0.31285754382566056,0.3117214313126295,0.6245789751382901,0.1705389734222835,0.3650758356640747
264,a,all,1120042,1,1,0.5687037642510144,0.8295066338001849,0.0035398286516228243,-0.08620381095086924,0.09328346825411486,0.10130985419071503,0.7911490993565368,0.8924589535472518,0.5810993954074002,0.8500201943755732
265,a,all,1120042,0,0,0.5181619610469814,0.28450848679241203,-0.22163595126529,-0.4433491617055408,7.725917496070878e-05,-0.19966649402570194,0.44336264391079605,0.2436961498850941,0.5891544295672154,0.3257282445193978
270,a,all,1120042,0,0,0.1362979548378623,0.09318955076140832,-0.055716980729708855,-0.17852592302115053,0.0670919615617328,-0.05981133747776573,0.12230691731294828,0.06249557983518255,0.15266603857068187,0.11317575735860363
271,a,all,1120042,1,0,0.8546210098694015,0.9541555603427572,-0.14542564591350501,-0.24937281033438183,-0.04147848149262823,-0.027407061388611043,0.972040045003356,0.9446329836147449,0.8799152601270086,0.9479241534522794
277,a,all,1120042,1,1,0.90274839201491,0.7486342783102978,0.05555865317756751,-0.10188955241299388,0.21300685876812883,0.19707323380293573,0.7379585356450379,0.9350317694479736,0.8959221773328886,0.9145208163677975
278,a,all,1120042,1,1,0.9841651279161855,0.9196062819023793,-0.10797190156664468,-0.21795173080344266,0.0020079276701532728,-0.034983579731057146,0.9745499252614708,0.9395663455304136,0.9852240699610291,0.9400832604570325
282,a,all,1120042,0,0,0.6051305496028133,0.44270553227248666,-0.08298050448878985,-0.1804788476190644,0.014517838641484662,0.2904593735133494,0.40130368088367085,0.6917630543970202,0.5875385209157825,0.571959751583829
284,a,all,1120042,0,1,0.2805954426770063,0.5847439734856351,0.024513115920837616,-0.1335354568206873,0.1825616886623625,0.18518688543613304,0.5345000271529722,0.7196869125891052,0.2848632031007027,0.5872529565105519
288,a,all,1120042,1,0,0.852059632776595,0.7137701694666434,-0.043863468188622315,-0.1988853623825934,0.11115842600534874,0.004640120746827181,0.8285928613323575,0.8332329820791847,0.8137217939140347,0.8323686287104435
294,a,all,1120042,1,1,0.8847277472983341,0.42768069035977874,-0.17718888636544472,-0.29027119257720196,-0.06410658015368749,-0.34951026332690505,0.6471311693923253,0.29762090606542024,0.836697904397772,0.35469666450119036
318,a,all,1120042,0,0,0.6250534679475724,0.4899685237307625,-0.05991129747665496,-0.15973150917452675,0.03990891422121679,-0.20199985734703257,0.5879283385482199,0.38592848120118733,0.47898390671963986,0.4911736577193283
319,a,all,1120042,1,1,0.9308190392508674,0.8273636067586752,-0.019865831055791552,-0.16953432924662942,0.1298026671350463,0.04278373950332526,0.8493940089152403,0.8921777484185656,0.9507415839242936,0.8900702891768362
328,a,all,1120042,0,1,0.27963988530501427,0.2923196241303659,0.011145086609393411,-0.09848663482716205,0.12077680804594884,0.10327243996857394,0.20730761169537187,0.3105800516639458,0.24526855774207149,0.23263709410096867
334,a,all,1120042,0,0,0.17600898200510942,0.1259280927677868,-0.15379426883031588,-0.2552484828062385,-0.052340054854393275,-0.1484375342195409,0.1983455391861229,0.049908004966582015,0.20689159123360956,0.16763506153264873
339,a,all,1120042,0,1,0.778250916395819,0.8053296418123737,-0.18862102290960525,-0.29683024616464826,-0.08041179965456223,-0.04096418254395162,0.7913418013853089,0.7503776188413572,0.7738703643510148,0.7596408345146795
343,a,all,1120042,1,1,0.8779920732338832,0.48729871016220205,-0.06618944164283519,-0.2202719981367966,0.08789311485112619,-0.252500407706424,0.7443325037606942,0.49183209605427014,0.8958918058613752,0.5181194575198524
346,a,all,1120042,0,0,0.5658124678015922,0.2916861019350231,-0.08807716164503264,-0.18838454016654338,0.012230216876478059,0.021257549177203516,0.4635368861105099,0.48479443528771343,0.5102592561944268,0.47438374734218625
347,a,all,1120042,0,1,0.09579716585287354,0.4285466470989947,-0.14090204834233824,-0.21290396178431553,-0.06890013490036095,0.0718545920669893,0.2615415662030328,0.3333961582700221,0.14896115907122268,0.27224510952192144
349,a,all,1120042,0,1,0.882923762226896,0.7969397220462902,-0.043135408189345054,-0.15896179130102453,0.0726909749223344,0.03268878550218324,0.8558790417523827,0.888567827254566,0.90689913434711,0.8855244730271711
350,a,all,1120042,1,1,0.9973742424238331,0.920800968679834,-0.049782231304311884,-0.18278583551584715,0.08322137290722334,-0.01526830645046906,0.9870651730971797,0.9717968666467106,0.9973527060325942,0.9718372863422694
354,a,all,1120042,1,0,0.7082491267779003,0.5885550619538567,-0.06511955555458783,-0.19759311755439413,0.06735400644521843,-0.14297135067526034,0.6543294133891959,0.5113580627139356,0.651333622993829,0.5612073655695574
357,a,all,1120042,1,1,0.5663855336684624,0.5832321448491247,-0.13803319520732932,-0.28370627584510183,0.0076398854304431385,0.1013446835796018,0.4463772897496344,0.5477219733292362,0.6846059209937392,0.5157584601894668
360,a,all,1120042,1,0,0.341265762932717,0.19991624681511497,-0.1765248272447214,-0.2934370491316864,-0.05961260535775646,-0.20995476861796994,0.3185615885237857,0.10860681990581575,0.3064633309145173,0.2542181507917359
361,a,all,1120042,0,0,0.2768589477071074,0.20832456250053383,-0.092319668411168,-0.1970189036740187,0.012379566851682677,-0.0406445885166562,0.19061748277556523,0.14997289425890903,0.1473623882639726,0.18462799914174433
365,a,all,1120042,1,0,0.6800472503186336,0.28771294418683135,-0.15506768585574549,-0.3493674868311373,0.03923211511964628,-0.3344524588585174,0.48247634363636255,0.14802388477784517,0.7037892739416086,0.24709229044834086
368,a,all,1120042,1,0,0.7344033841766269,0.3888808466789952,-0.11268259997248008,-0.25192292668015204,0.02655772673519184,-0.05427466854280549,0.4718418589350713,0.4175671903922658,0.6540894483175863,0.4363413709302878
370,a,all,1120042,1,0,0.16386531345106786,0.03801651685690385,-0.24808631356391592,-0.45923675467088654,-0.03693587245694535,-0.11224918810400103,0.11604627447767366,0.003797086373672619,0.11504539026639442,0.10313252282516294
380,a,all,1120042,0,1,0.8334890379545952,0.356587592256022,-0.21097928878291203,-0.30899171252934843,-0.11296686503647561,-0.4595323870462047,0.6433774733254405,0.18384508627923582,0.6529940418405045,0.3433055625515242
384,a,all,1120042,1,1,0.8132495380169068,0.8763864956697166,-0.027313767168696036,-0.23696030128011522,0.18233276694272307,0.0703099140074529,0.8886766336909452,0.9589865476983981,0.8125043706639047,0.945803746123004
392,a,all,1120042,1,1,0.8393814095162521,0.8138724082562885,-0.08408168754138212,-0.1948452012019397,0.02668182611917544,0.0859568948245617,0.7956046715365747,0.8815615663611364,0.8949939681051641,0.8725355739216074
398,a,all,1120042,0,1,0.3785590436181826,0.37164636327183176,-0.18190049582116577,-0.35046973240967905,-0.013331259232652576,-0.3498504475078327,0.5910364248254103,0.2411859773175776,0.36176284124541397,0.4644735329239972
399,a,all,1120042,1,1,0.9970146286266044,0.8330526085140617,-0.1427372467765083,-0.23157565063481222,-0.053898842918204376,-0.029171536123289488,0.9512178017968141,0.9220462656735247,0.9962108424749547,0.9221568012191433
409,a,all,1120042,0,0,0.16108848708925474,0.38505198503875565,-0.0030492910990948248,-0.13888476848615702,0.13278618628796734,0.14554265152238055,0.3680844066924097,0.5136270582147903,0.16618931836081213,0.39227204074133937
422,a,all,1120042,1,1,0.40169812470308697,0.41341350463742554,0.0057829744061803886,-0.30384337948251877,0.31540932829487944,0.04875396248008518,0.4200452914399601,0.4687992539200453,0.33848323217702997,0.436547690241657
424,a,all,1120042,1,0,0.807359895400461,0.5721889064663959,-0.16586272902039256,-0.2945115037312154,-0.03721395430956981,-0.411950972386599,0.8314253440689895,0.4194743716823905,0.8860761566800972,0.46640540971604305
429,a,all,1120042,0,0,0.04054208125764265,0.015415465732562741,-0.14300770002021201,-0.21557244508461107,-0.07044295495581297,0.0037726514360697343,0.01304897486216735,0.016821626298237084,0.014013887068759502,0.013101844373342225
431,a,all,1120042,1,1,0.4190924429359105,0.48339843987886705,-0.20485003759136527,-0.341576376287607,-0.06812369889512357,-0.32665406706368566,0.7123240608538791,0.38566999379019345,0.26194947604164803,0.6267571991396732
433,a,all,1120042,0,0,0.023721087657617025,0.0727646587422517,-0.06976330755704895,-0.20610430339422964,0.0665776882801317,-0.03402153155820689,0.06847959303076086,0.034458061472553966,0.030148742780963526,0.06745388662679803
435,a,all,1120042,0,1,0.30614278754336544,0.700626917437417,-0.0930827481617634,-0.18636019971159545,0.0001947033880686233,-0.10742312894197681,0.7807369553595693,0.6733138264175925,0.43293691335902873,0.734229517492061
436,a,all,1120042,0,1,0.03998367806026931,0.20887029043875627,-0.24012090188072638,-0.34787037035597246,-0.13237143340548035,-0.3201538166817906,0.38261502886035376,0.06246121217856315,0.04558681888213726,0.368020234804856
446,a,all,1120042,1,0,0.12648336866320714,0.08754183965354545,-0.19216770279122403,-0.3668927286767859,-0.017442676905662174,-0.06432527410523083,0.14245327608668318,0.07812800198145235,0.13760778018982345,0.13360161790696043
447,a,all,1120042,1,1,0.5728568074196898,0.6648724371247139,-0.1653668386671013,-0.28875283048005734,-0.0419808468541453,0.034144994760945346,0.7178406560241876,0.7519856507851329,0.5268957316826469,0.735831508022056
451,a,all,1120042,1,1,0.844425481305444,0.6781222161862843,-0.19014848384505884,-0.37906509261271354,-0.0012318750774041876,-0.17663563846118313,0.8287729384589229,0.6521372999977397,0.8242034052032726,0.6831892437589615
460,a,all,1120042,1,0,0.4015081191488898,0.4015520342975686,0.0137643614664964,-0.12886307479472578,0.15639179772771855,-0.15089969081385596,0.4593548416637062,0.30845515084985026,0.3655224480016902,0.40419761727472747
462,a,all,1120042,0,0,0.47995226962218024,0.42316123966686997,0.020969916527225192,-0.18688314330638472,0.22882297636083504,-0.02877369342676961,0.4686118803771519,0.4398381869503823,0.4666605896496557,0.4551843316362172
465,a,all,1120042,0,1,0.4186121225571803,0.6903555027779911,-0.029315953393981603,-0.217966527832628,0.15933462104466475,-0.07352311822592295,0.7800438405311805,0.7065207223052575,0.5135491930884887,0.7422861024929082
467,a,all,1120042,0,0,0.13424017331038868,0.22484105768975207,-0.029459957261805232,-0.12821709555043878,0.0692971810268283,0.18109530692018136,0.12685755243371818,0.30795285935389954,0.1888332524081815,0.16105436823531388
468,a,all,1120042,1,0,0.4473842545395611,0.529895746520903,-0.15038029107331813,-0.34800818624916363,0.04724760410252729,-0.36394341785118856,0.7078781761015418,0.34393475825035325,0.42845601156518937,0.5519444308536183
474,a,all,1120042,0,0,0.33848953380953606,0.44374313031166696,-0.0018744516863515603,-0.1662114469011616,0.16246254352845846,0.27024214191256124,0.30007158198562,0.5703137238981812,0.4170023363305006,0.4127631865381167
478,a,all,1120042,1,0,0.4815879254233275,0.16815828655816528,-0.17520795831743913,-0.3045591701167238,-0.045856746518154495,-0.14113139488284232,0.2377741189742361,0.09664272409139375,0.27379783230036064,0.19913264898578764
481,a,all,1120042,0,1,0.4228237656759795,0.4404462708179714,0.05018486790714711,-0.107998072171551,0.20836780798584517,0.24256774419822325,0.2663753158727359,0.5089430600709591,0.2853642948162681,0.33559548914103476
486,a,all,1120042,1,1,0.7587397429099123,0.4762036150534132,-0.12432649525832516,-0.27932805668843624,0.030675066171785906,-0.6892153014395378,0.8677382394188814,0.1785229379793436,0.807107991999281,0.3114670614188369
487,a,all,1120042,1,1,0.8500060230190345,0.5260554622274926,-0.03891443763112962,-0.19059981296258746,0.1127709377003282,-0.028156691615068175,0.6387406477170029,0.6105839561019347,0.8811791752215618,0.6139295574226692
498,a,all,1120042,0,0,0.180842069467446,0.03474413597458954,-0.2360618683384556,-0.36365614645363253,-0.10846759022327868,-0.1062618189134249,0.10974740599329373,0.003485587079868836,0.19058570392071683,0.0894954224357829
503,a,all,1120042,0,0,0.3158733490225002,0.15853159349320847,-0.08546855348797754,-0.2727846434148725,0.10184753643891738,-0.16728505428348134,0.2635262519296023,0.09624119764612094,0.40711586132784927,0.19542185296770676
507,a,all,1120042,1,1,0.8888542066688003,0.8359920924028177,-0.06227980026555389,-0.2263419844454505,0.10178238391434272,-0.030854928811506976,0.9308527063190833,0.8999977775075764,0.8926277089340195,0.9033107419047457
508,a,all,1120042,0,0,0.4861368559230739,0.22187266355716667,-0.0630525509736106,-0.2305416124368235,0.10443651048960229,-0.05620972089686527,0.2627225744829081,0.20651285358604282,0.5311711209732923,0.23286559402452428
514,a,all,1120042,1,1,0.8647892913411044,0.7761679862678832,-0.037682149168704514,-0.12090118354881982,0.045536885211410784,-0.061478120138046544,0.8845825250519558,0.8231044049139092,0.8943195699412145,0.8296014390893036
526,a,all,1120042,0,0,0.039456746332682736,0.09443630355538442,-0.07857670373760257,-0.1872427287653442,0.030089321290139012,0.020299231269924375,0.06015719113646259,0.08045642240638697,0.05466687900003019,0.06126688675608918
528,a,all,1120042,1,1,0.9257797740573446,0.6608412985589942,-0.1492283727282643,-0.2349935825416677,-0.06346316291486097,-0.3151680255715663,0.877924904862706,0.5627568792911397,0.8946923510881424,0.5959464830762735
532,a,all,1120042,1,0,0.6405983393398482,0.19536453691712466,-0.23192820554611435,-0.44950115438570554,-0.014355256706523212,-0.5334643262344162,0.5735551216747997,0.040090795440383485,0.6066516810570359,0.24992809138073208
534,a,all,1120042,0,1,0.574922516218826,0.9359668565212989,0.049468116846829245,-0.17327120792417428,0.2722074416178327,0.13543398492073888,0.8396523821431012,0.9750863670638401,0.6415710899254514,0.9265429114616468
535,a,all,1120042,0,0,0.6147030586072775,0.21875295045396656,-0.10478735735073562,-0.25722543339412773,0.04765071869265648,0.03704061610492676,0.22099152902364283,0.2580321451285696,0.40412609914286823,0.23596060871997537
538,a,all,1120042,1,0,0.8370200904420659,0.6371842010036332,-0.036345166917876044,-0.23140154005168934,0.1587112062159372,-0.06212851278558973,0.7780343272758928,0.7159058144903031,0.8082821081633567,0.7278169619845023
539,a,all,1120042,0,1,0.3879392846172719,0.3838634013307982,-0.15205494680945095,-0.25685794775717824,-0.047251945861723654,-0.11126006308263126,0.4664730480873413,0.35521298500471005,0.46073813292230986,0.41521129435383136
546,a,all,1120042,0,0,0.2073162133306735,0.09652850182168608,-0.10285439282767168,-0.18330972553949842,-0.022399060115844943,-0.06620608679353736,0.1411022908806444,0.07489620408710705,0.2563020340491129,0.12413353616902867
549,a,all,1120042,1,0,0.739975694816791,0.3100032205687007,-0.016955688504857652,-0.09365714847138666,0.05974577146167134,-0.22605679180368443,0.5078172149242439,0.2817604231205595,0.8011893584262512,0.32670291893115333
550,a,all,1120042,0,0,0.12936583928313697,0.05883171754579175,-0.2148203102614556,-0.301908041835531,-0.1277325786873802,-0.08381602753461014,0.09640615135008752,0.012590123815477389,0.13400979470830476,0.0851739827069088
552,a,all,1120042,1,0,0.45350265207302726,0.18965967460067173,-0.0775704973047048,-0.1647231044967073,0.009582109887297685,0.08753892270289004,0.1992963733242461,0.28683529602713614,0.4572237483724141,0.23932124769094448
559,a,all,1120042,1,0,0.6782126178562653,0.27594932424060925,-0.15319931913521842,-0.3365122940645406,0.030113655794103716,-0.36576085048430995,0.5887644136938451,0.22300356320953515,0.7184678395003896,0.32597700567255794
560,a,all,1120042,1,1,0.9485907983199526,0.6528644179184997,-0.12694346544746496,-0.2815974885383087,0.027710557643378736,-0.06469990771798673,0.840006845109726,0.7753069373917393,0.9520143474859696,0.7784116046811844
561,a,all,1120042,1,0,0.5217864440997997,0.34432787211813587,-0.05780545053010186,-0.1953480281429588,0.07973712708275504,-0.14847635272894044,0.47000754047362386,0.3215311877446834,0.49528534616089104,0.39646937871556404
563,a,all,1120042,0,0,0.2888108870929679,0.18098102712418618,-0.10242269746800328,-0.19461625571967972,-0.010229139216326885,0.08723419972137467,0.16780480528123268,0.25503900500260734,0.31333299897025074,0.19513815869270082
568,a,all,1120042,1,1,0.945792509206312,0.8868332236311733,-0.1321788931713816,-0.29743313894645157,0.033075352603688324,-0.11006768648138565,0.9621006613342603,0.8520329748528747,0.9575199301970099,0.8567086578576576
569,a,all,1120042,0,1,0.5699463291222611,0.7944201465389817,-0.006458850443020172,-0.1521642720536933,0.13924657116765293,-0.03506472883281053,0.8463245486547423,0.8112598198219317,0.667795473870383,0.8229084814476991
571,a,all,1120042,0,0,0.019360718143083263,0.20212904424201789,-0.013544288078531745,-0.20777009630287202,0.1806815201458085,0.17274679823127478,0.07316077366171819,0.24590757189299298,0.020388722435939765,0.07668286018255294
576,a,all,1120042,1,0,0.985657195683646,0.7904012675222625,-0.18095177003990814,-0.34537020335154434,-0.01653333672827198,-0.13762755085764844,0.9336653303150813,0.7960377794574328,0.9855241777839763,0.7980300514156748
578,a,all,1120042,0,0,0.4767550890856799,0.25929069698033747,-0.08412783254197576,-0.1834483286069835,0.015192663523031988,-0.1661069213092291,0.37306363189420844,0.20695671058497933,0.30633299155751065,0.3221796017711443
580,a,all,1120042,1,1,0.9683649971691306,0.9373258311670802,0.032995087634385814,-0.15324589829501034,0.21923607356378194,0.041240948763694774,0.9508598933381807,0.9921008421018754,0.9665661090584269,0.990721996718583
584,a,all,1120042,1,0,0.49698425281219805,0.6131683013636084,-0.008460884471321827,-0.21410586727550449,0.1971840983328608,-0.18620539681394355,0.7916820777128901,0.6054766808989466,0.47263355488663145,0.7036751590776402
588,a,all,1120042,1,1,0.725697380234409,0.6843480839944683,-0.01769957993845292,-0.2346967888236125,0.1992976289467066,0.05151712594740754,0.7716016543161577,0.8231187802635652,0.7264867484806898,0.80902816363676
594,a,all,1120042,0,1,0.3328267557033292,0.25650785824047323,-0.13703871149956037,-0.2522026465249217,-0.021874776474199067,-0.1845762402931477,0.3341791213468299,0.14960288105368222,0.2895476165668742,0.28073551089507437
599,a,all,1120042,0,1,0.23146940847626968,0.09030329016421154,-0.03472455983662139,-0.17047390437475335,0.10102478470151052,-0.017020805613165407,0.0815640556751646,0.0645432500619992,0.1107623584300319,0.07967879110307127
603,a,all,1120042,1,1,0.950662659254123,0.6967093952267789,-0.13525574193945614,-0.3310189706682775,0.06050748678936521,-0.4064471216929251,0.9031243204678541,0.496677198774929,0.8781433534838903,0.546205482010554
606,a,all,1120042,0,1,0.08517606265379608,0.17269328254815747,-0.0601167330070528,-0.24802479594835147,0.1277913299342458,-0.0810499975355446,0.21978098697191426,0.13873098943636966,0.045834318428495995,0.2160661155762413
607,a,all,1120042,0,0,0.07414474202561468,0.2048679698877292,0.0053481145946304535,-0.14259183677053053,0.1532880659597914,-0.20262165996000597,0.3087378023791391,0.10611614241913314,0.07743012434549355,0.29304878205334556
609,a,all,1120042,0,1,0.277521844901034,0.10971715898201154,-0.10014927477269885,-0.2522385300393077,0.05193998049390998,-0.17815202596793825,0.22489714031231664,0.046745114344378384,0.3450213473808075,0.163430888274238
614,a,all,1120042,1,1,0.7368159723539403,0.635921089561127,-0.06410852638465465,-0.18917509376647507,0.060958040997165744,0.13800989485438941,0.6359172787744115,0.7739271736288009,0.8274743251071385,0.7501169233771545
617,a,all,1120042,1,0,0.8010460484695189,0.6505113552194871,-0.16474061725537728,-0.3500578435907614,0.020576609080006858,-0.32977963417948597,0.8338032757051225,0.5040236415256365,0.8485350583833042,0.5539736945630076
621,a,all,1120042,1,1,0.644145557958666,0.5836106553929663,-0.12655439223570852,-0.22242225854008,-0.030686525931337083,-0.10300534475910206,0.7057406494157711,0.602735304656669,0.6270415558891259,0.6411520177731279
626,a,all,1120042,1,0,0.621304359534801,0.15585901537739205,-0.13829643061402633,-0.22656732151467263,-0.05002553971338007,-0.14734105843629364,0.26353475745247545,0.11619369901618182,0.5408398945646613,0.18384683494274479
638,a,all,1120042,1,0,0.20200546242296274,0.05160114561808784,-0.18504965813059035,-0.3091317379908828,-0.06096757827029797,-0.028967779075204383,0.061277322843089226,0.03230954376788484,0.21730089998808788,0.054982598379391213
648,a,all,1120042,1,1,0.40996509811221016,0.8800482851214706,-0.08963330579275518,-0.21814941991276426,0.038882808327253895,0.22657797391420198,0.7325950095116571,0.9591729834258591,0.446193692985528,0.8336926724416136
651,a,all,1120042,1,0,0.6876186017763337,0.41032673117209584,-0.036056235167328296,-0.14887330970052462,0.076760839365868,0.14285091672279376,0.2851618328993221,0.4280127496221159,0.7508626695093064,0.39242325357165064
656,a,all,1120042,0,0,0.2167281587206824,0.5370490537827723,-0.09577747956323568,-0.18675212228236426,-0.004802836844107136,0.008071797181922913,0.46869912424753557,0.4767709214294585,0.22802004329675454,0.4705396557904402
662,a,all,1120042,0,0,0.5412854875092089,0.34301902574651366,-0.03314238697411876,-0.18179065201977312,0.11550587807153559,0.12090442381375327,0.2880053588167833,0.40890978263053657,0.3957846009982411,0.33585746795483185
663,a,all,1120042,1,1,0.5589559669846118,0.5429086181082996,0.0037145707297560064,-0.08821445098112272,0.09564359244063471,-0.0006267839972746714,0.6515715924340533,0.6509448084367786,0.5681953671368609,0.6512154566706063
676,a,all,1120042,1,0,0.5596279154696607,0.5356363889106334,0.014939416315897259,-0.07358500008068541,0.10346383271247993,0.288078314021742,0.4324920904579289,0.7205704044796709,0.6529119529093504,0.6205818650566977
680,a,all,1120042,1,0,0.7326959997507486,0.1170233972345142,-0.11518882697672943,-0.24648439796596655,0.016106744012507654,-0.21676132704337042,0.27484012746336883,0.05807880041999842,0.7595694039485262,0.11019485548194441
684,a,all,1120042,0,0,0.5095809620747207,0.10132008379383026,-0.17668945200919453,-0.35654678676643164,0.0031678827480425553,-0.09365228131014089,0.1535330244619221,0.05988074315178122,0.2799397036695437,0.12731603258398452
689,a,all,1120042,1,1,0.9593965059098839,0.9708116047422297,-0.030116289301723904,-0.15142167562517808,0.09118909702173024,0.028437736123359203,0.9572782937779396,0.9857160299012988,0.9706128031462105,0.9848803245517656
702,a,all,1120042,0,0,0.010011310911000815,0.03830598684834653,-0.10823406962545644,-0.32052288382190514,0.10405474457099222,-0.008814129041007847,0.027598928413820053,0.018784799372812206,0.012737884181278832,0.027486655058936847
705,a,all,1120042,1,0,0.9818387908092856,0.7573522870442213,-0.1931514241002302,-0.34080438272583913,-0.0454984654746213,-0.24861107127745252,0.9414393089611733,0.6928282376837208,0.9809324818902252,0.6975686337875942
707,a,all,1120042,1,0,0.27816788105154977,0.05224217720605555,-0.2305287022318256,-0.3971863124800413,-0.06387109198360985,-0.18261274863827542,0.1878998981069971,0.005287149468721667,0.2347415664691916,0.14503309543440357
708,a,all,1120042,0,0,0.3040798043728327,0.1655436036729748,-0.1476683418824402,-0.2628437203618112,-0.03249296340306927,-0.3033594815556778,0.3504194567553186,0.04705997519964079,0.374407833118835,0.2368392906100041
712,a,all,1120042,0,0,0.12268991638648172,0.16094383124644054,-0.026448570173627537,-0.14071743452282406,0.08782029417556896,0.20262182932038472,0.14691061958728588,0.3495324489076706,0.05606427893599119,0.15827046634482472
713,a,all,1120042,0,1,0.23599487445084782,0.8782731705182755,-0.013709652774308748,-0.11785654659757086,0.09043724104895334,0.18351149860665072,0.775833119343291,0.9593446179499417,0.3611110149512662,0.8421011428603665
723,a,all,1120042,1,1,0.9521620121455607,0.7180788959887858,0.0161997443616672,-0.21282154008905407,0.24522102881238844,-0.013981278819158116,0.8683621139850527,0.8543808351658946,0.9403397493894873,0.855214961764101
727,a,all,1120042,0,0,0.0032718255340256712,0.06262436697095924,-0.11564925642774695,-0.22603499671206834,-0.005263516143425587,0.01940221066508254,0.03568903252242936,0.0550912431875119,0.004415015471387493,0.03577469358269482
735,a,all,1120042,1,1,0.8534351673132365,0.7130838936189544,0.008013573937051221,-0.12591149499806065,0.14193864287216304,0.2892291597635016,0.6042732494725858,0.8935024092360874,0.85753976359256,0.8522987547602537
739,a,all,1120042,0,1,0.0895373639085759,0.1853399503869139,-0.027466854557428755,-0.21275858305641615,0.1578248739415586,0.04653584065128688,0.23099895524207756,0.27753479589336444,0.10826828795026494,0.23603731103771872
743,a,all,1120042,1,0,0.818683828918493,0.6157485834573707,-0.2038850614182767,-0.44341609811585037,0.03564597527929694,-0.3588049137290085,0.8478417441080576,0.48903683037904905,0.8540792214123399,0.5413939227514641
744,a,all,1120042,0,0,0.09329951122621169,0.041473685206252144,0.028418879906216298,-0.06355035179596222,0.12038811160839477,0.00043827428651807554,0.026528100992398846,0.02696637527891692,0.03804426145219432,0.026544774813942913
752,a,all,1120042,1,0,0.3348775343979219,0.24354561544039974,-0.13082740940930504,-0.22078417695521277,-0.04087064186339734,-0.048624029853681416,0.3276257229580346,0.2790016931043532,0.4051996569380795,0.3079232827423759
760,a,all,1120042,1,1,0.7485418695547517,0.8305860348800337,-0.17698287868040713,-0.2954596318723611,-0.0585061254884532,-0.1049719012824385,0.9221465373701752,0.8171746360877367,0.8120115327351075,0.8369081429157039
773,a,all,1120042,1,1,0.914863198781001,0.9121508805594647,-0.02154298693103788,-0.13620118617736207,0.0931152123152863,-0.05078761983714952,0.9666567816878695,0.91586916185072,0.9159070005121013,0.9201400451396771
776,a,all,1120042,0,0,0.14330884330943072,0.09585268083584234,0.009570402076769648,-0.13293436383255483,0.1520751679860941,0.11215936655437345,0.0472359901847925,0.15939535673916594,0.07290723182044223,0.05541321912300616
779,a,all,1120042,0,0,0.25515722437842836,0.42313541948263494,-0.03792556275014375,-0.17492838905526245,0.09907726355497493,0.2102850669914252,0.22621397008186886,0.43649903707329407,0.3629244759380927,0.30253156781733853
781,a,all,1120042,1,1,0.6521171674969055,0.7699677984932016,-0.009057970961269928,-0.19933820670497404,0.18122226478243414,0.031273744586730046,0.8283829563994728,0.8596567009862028,0.7461971474210043,0.8517193353992638
782,a,all,1120042,1,0,0.9196777343953139,0.3558001237336559,-0.17434688467940185,-0.27179953827553727,-0.07689423108326647,-0.27881971225762575,0.5994415106886838,0.32062179843105804,0.8619811840905949,0.3591041649690566
783,a,all,1120042,0,0,0.05272548433485517,0.2406226143633537,-0.01607646774029654,-0.1831345470409224,0.15098161156032933,0.11768093960974968,0.16619341714787256,0.28387435675762224,0.05485994054116541,0.1726493864976919
786,a,all,1120042,0,0,0.03812943704176544,0.11437638706227056,-0.041185740176782684,-0.19478500963876355,0.11241352928519814,-0.1204466128067492,0.16532041866408156,0.044873805857332354,0.05941604163077386,0.15816395770327005
798,a,all,1120042,1,1,0.8327737945049245,0.783285342163915,-0.04792270074131801,-0.21825576580147218,0.12241036431883612,-0.012829595656138837,0.8710496929005754,0.8582200972444366,0.8434126957509361,0.8602290490428369
822,a,all,1120042,0,0,0.7964023859694794,0.7226986869274035,0.0045707670847051985,-0.11104196796248271,0.12018350213189309,0.15687867128973654,0.7780227700505881,0.9349014413403246,0.7866852715996432,0.9014369101823456
827,a,all,1120042,0,1,0.2056433403202506,0.4113805423451876,-0.237348245237471,-0.34639616143512136,-0.12830032903982067,-0.47170840662307595,0.6500277796996768,0.1783193730766009,0.24463777729865077,0.5346300835703194
839,a,all,1120042,0,0,0.3457889297867934,0.05124497227156187,-0.14310416929567935,-0.28984571721847757,0.0036373786271188535,-0.082870305049013,0.09704353328678197,0.01417322823776898,0.162343632639872,0.08359006692715087
841,a,all,1120042,0,0,0.019861527146896228,0.10164040189477093,-0.02528189099287901,-0.13634299598036517,0.08577921399460711,-0.010820327453034226,0.09911358918728445,0.08829326173425023,0.034639969991106065,0.09873877336901742
845,a,all,1120042,1,1,0.7845205245651106,0.5028463854562354,0.02989852368411273,-0.19209842582200937,0.2518954731902348,-0.054967122143437575,0.679755636458759,0.6247885143153215,0.7638252185778449,0.6377703623729527
848,a,all,1120042,0,0,0.04549534038197328,0.20059538901900603,-0.09108605856452784,-0.21401103079041495,0.03183891366135923,0.0857810802170664,0.15080779969315497,0.23658887991022137,0.05969038884345037,0.1559281057267229
859,a,all,1120042,1,1,0.7602096924000427,0.7230801507304334,-0.002096069599341649,-0.08461252289031615,0.08042038369163283,0.10091643251497262,0.7428263810643577,0.8437428135793303,0.8320547758187614,0.8267943806970325
868,a,all,1120042,1,0,0.21062354843487735,0.06359302579297506,-0.05211844688861636,-0.1520336323688019,0.047796738591569146,-0.03768758335333155,0.08397151622017748,0.046283932866845935,0.23923225370276432,0.07495543071794919
875,a,all,1120042,1,1,0.2095630028940588,0.2500639566902867,0.0011915302691223096,-0.13488780987580906,0.13727087041405364,0.2750351541256375,0.13981080528827883,0.41484595941391633,0.19551987810503407,0.19358564509752274
890,a,all,1120042,1,1,0.9876736406620003,0.7278839613296898,-0.04993615844650417,-0.1534210845837885,0.05354876769078013,-0.020946677854016382,0.8906656266682582,0.8697189488142418,0.9874817561550102,0.8699811644353609
892,a,all,1120042,0,0,0.8076451424384118,0.15579588391163252,-0.22092648946421187,-0.35672434109807916,-0.08512863783034458,-0.4218944972490402,0.4749578951993378,0.053063397950297596,0.752638681307789,0.15742377713880756
893,a,all,1120042,0,1,0.3661923861325035,0.2186854365192891,-0.048192991781917854,-0.15680975986471188,0.06042377630087614,-0.13899119129057289,0.2884059010666973,0.1494147097761244,0.20296380287330745,0.2601957203164713
898,a,all,1120042,1,1,0.4525570471867023,0.756871634384734,-0.12252300157101169,-0.33685385102441007,0.09180784788238665,0.11489019733853345,0.5760315391701575,0.6909217365086909,0.47972378810490296,0.6311470998535185
908,a,all,1120042,1,1,0.640993242901371,0.5389593655355164,-0.04176101323007753,-0.1871060612948678,0.10358403483471271,0.2700079153490359,0.5696492081263452,0.8396571234753811,0.6849639978240327,0.7545949092679538
913,a,all,1120042,0,0,0.3899701749588427,0.4784470629741568,0.07230820701087634,-0.04016448344630455,0.1847808974680572,0.5763362625455206,0.21409661929254425,0.7904328818380649,0.36702698783272614,0.4256275817133979
915,a,all,1120042,1,1,0.9523558435925714,0.7524112911697871,-0.12852816088584218,-0.2856728560756276,0.028616534303943203,-0.10460704553612188,0.9122655745034537,0.8076585289673318,0.9415880973154946,0.8137688255313014
917,a,all,1120042,1,0,0.9238051845363644,0.6510453356614134,-0.040381236007021856,-0.1523107304515957,0.07154825843755196,0.012647334156821954,0.7540394926111339,0.7666868267679559,0.9317451813874247,0.7658235852691494
924,a,all,1120042,0,1,0.0417535111573159,0.2874748128522012,-0.17383328615152702,-0.2591520829938764,-0.08851448930917767,-0.03518580558050255,0.34295445282315096,0.3077686472426484,0.03257650484478903,0.34180822225718993
929,a,all,1120042,1,0,0.6620698022112059,0.5400270204453903,0.03232207802290896,-0.10020068160100559,0.16484483764682348,-0.2246108655442407,0.7244357997544417,0.499824934210201,0.6590473051994321,0.5764066140989978
934,a,all,1120042,0,0,0.18036522670882124,0.2064085005755072,-0.11561860649349871,-0.228227757804632,-0.003009455182365464,-0.17923562100166213,0.30255577023811625,0.12332014923645412,0.22882149384738068,0.26154280768985294
955,a,all,1120042,1,1,0.8200078699622655,0.4406715112363194,-0.11429438576002944,-0.24113039673663328,0.012541625216574356,-0.4074361291328243,0.7758676384475641,0.36843150931473984,0.8734804756292069,0.41998013458410177
960,a,all,1120042,1,1,0.36430064625510755,0.5474723955226386,0.05567241970208154,-0.08195111849660963,0.19329595790077267,0.30302428580824725,0.4145443547009303,0.7175686405091776,0.3800930993244424,0.5297217946643626
961,a,all,1120042,0,1,0.5523427628313959,0.3262244000448834,0.018293593068162077,-0.11916890968269231,0.15575609581901645,-0.17386110854674186,0.4319105760822528,0.25804946753551095,0.49347354839846846,0.3461147179192008
967,a,all,1120042,0,0,0.6292753281413976,0.5409563573366718,0.012692109666368908,-0.11559402613006373,0.14097824546280152,0.11315424130412288,0.5413987873849739,0.6545530286890968,0.44694083003004204,0.5919720379148583
976,a,all,1120042,0,0,0.1875189495787529,0.0955061027502557,-0.18278158580668802,-0.41499865170634964,0.04943548009297352,-0.10435438224184548,0.15809386067540734,0.05373947843356186,0.20179595515564355,0.13703556843623702
977,a,all,1120042,1,0,0.9290030480519587,0.6776003156365273,-0.03814922823789676,-0.1868230786419992,0.11052462216620565,0.2172265382051104,0.6784268664625951,0.8956534046677055,0.9400329381747864,0.8826269674210825
980,a,all,1120042,1,1,0.8907828288358244,0.6749097282986456,-0.11431246936895316,-0.2705660627439364,0.04194112400603005,-0.1328309937568829,0.8403143102576274,0.7074833165007445,0.9173360209342071,0.7184636549879518
986,a,all,1120042,1,0,0.7193384695803312,0.254603712244821,-0.14837106167537736,-0.24398428953332632,-0.052757833817428434,-0.21930664730454208,0.3912007173486197,0.17189407004407764,0.6588215068712526,0.24671678150455897
987,a,all,1120042,0,0,0.39239782738313184,0.3616015143122923,-0.04815644811641284,-0.2686725806156176,0.17235968438279187,0.16537846499403014,0.35989141899015303,0.5252698839841832,0.3384405855504341,0.41586220352016456
989,a,all,1120042,0,0,0.4195655553387942,0.2200655918802256,-0.135424020008797,-0.26312552262316824,-0.007722517394425782,-0.22553091570484401,0.34182879340480493,0.11629787769996093,0.2358266405545143,0.2886425952129482
5,a,all,120042,1,1,0.5795099407346891,0.45383672466596636,0.04891087460334182,-0.1648167231381575,0.2626384723448411,0.29544125881310984,0.4283602486568981,0.7238015074700079,0.5143494763770452,0.5803203054275963
12,a,all,120042,0,1,0.2563443628296557,0.31554648939782576,0.013565795624268864,-0.18068949447190702,0.20782108572044472,-0.1020346687031714,0.35251383485816296,0.25047916615499155,0.22807181354145364,0.3292426029229293
15,a,all,120042,1,0,0.5723121503402373,0.0711800106491393,0.03525750628901955,-0.05514045512267668,0.12565546770071576,-0.003080297422145953,0.08496536053642435,0.0818850631142784,0.5888855260374319,0.08315141796863218
30,a,all,120042,0,0,0.5704623645591489,0.21940483178855139,-0.1236389203024439,-0.2717741612394602,0.02449632063457234,-0.15824629257148742,0.32006203944320166,0.16181574687171424,0.5261665055811847,0.23679814065968435
35,a,all,120042,1,1,0.9786739657392879,0.9608229058564473,0.03128590305015789,-0.10809279594438342,0.17066460204469916,0.011426825642477212,0.9756257658102383,0.9870525914527155,0.9757346483150356,0.986775315509858
39,a,all,120042,1,0,0.7563312812814935,0.4430608439787013,-0.12615610921694229,-0.2731241747489165,0.020811956315031854,-0.0787740414269622,0.5056272841792651,0.42685324275230285,0.77152706901285,0.4448509788828241
40,a,all,120042,0,0,0.3237420599830904,0.2982946082931811,-0.002592100101839856,-0.1766818137995496,0.17149761359586985,0.060474988513839145,0.3131862436036617,0.37366123211750085,0.36407388745256936,0.3352036077655446
43,a,all,120042,1,0,0.7047099212791663,0.49538448081499037,-0.0970903498856092,-0.1983337704816603,0.004153070710441867,-0.19702180525731344,0.6091152747624241,0.41209346950511067,0.6567057331961557,0.4797299256852899
45,a,all,120042,0,0,0.14375167160505867,0.2557150926189954,0.003153571288655583,-0.22185069340127564,0.22815783597858677,0.13139903885494988,0.2165379872607052,0.3479370261156551,0.17346042267748582,0.2393305200799002
48,a,all,120042,1,1,0.2869094591298208,0.5200283869835888,-0.09933453543031873,-0.19622378854998446,-0.002445282310653024,-0.02351093248221392,0.4828213005356463,0.4593103680534324,0.42933764997077845,0.47272717203511094
63,a,all,120042,1,0,0.6299929194432841,0.09389999784630394,-0.07057748936914497,-0.16338818370457814,0.022233204966288153,-0.08061850681857732,0.15433536704847534,0.07371686022989801,0.6257533169734277,0.10388806899730568
67,a,all,120042,1,1,0.4513636744214192,0.40273088169296545,-0.16566231376397836,-0.27787727845165777,-0.05344734907629893,-0.4040936263411786,0.6270655271286899,0.22297190078751128,0.5184844589253166,0.41754926192001485
69,a,all,120042,0,0,0.5079878119731548,0.449753898593139,0.0011884346518252803,-0.13106696691228273,0.13344383621593325,-0.2535047085663173,0.6257136287774533,0.372208920211136,0.5819759402865388,0.4781799876425058
72,a,all,120042,1,0,0.6876808873098719,0.25816613580701225,-0.047622265170929684,-0.14653858837419081,0.051294058032331405,0.03393963416448598,0.2845721538079479,0.3185117879724339,0.7269864624971379,0.3092458083876346
75,a,all,120042,1,0,0.9284421657491837,0.5305457320934457,0.01337073101609262,-0.18120135940342416,0.20794282143560938,-0.21905044290968123,0.7859902699448377,0.5669398270351564,0.9155184418716508,0.5854455497608714
85,a,all,120042,0,0,0.008773461662729192,0.05109755699917495,-0.07862366268969927,-0.18350016735313623,0.026252841973737673,-0.03033405828346857,0.05306870888576817,0.022734650602299605,0.012191215162621852,0.05269889985447889
93,a,all,120042,0,1,0.1300230111624891,0.16701344340059887,-0.185416986180594,-0.4443125446019704,0.07347857224078236,-0.24763340158643393,0.32022570877467954,0.0725923071882456,0.13659914574554174,0.28639919765990995
115,a,all,120042,0,0,0.3157245845303033,0.1643600339313219,-0.07525115485419281,-0.3071353681254051,0.15663305841701944,-0.036066766855671034,0.2053367437300431,0.16926997687437206,0.1881577563382044,0.19855050180010692
116,a,all,120042,0,1,0.14650089561447635,0.15602766967695844,-0.14892987194143517,-0.3050119056124142,0.0071521617295438045,-0.014342061446469406,0.14192494897859992,0.1275828875321305,0.1837349785468509,0.13928981062641524
121,a,all,120042,1,0,0.928058756616359,0.44493618910240407,-0.2238108767709394,-0.4072050371220239,-0.04041671641985495,-0.578150415838105,0.8466828492611407,0.2685324334230356,0.8997037852763005,0.3265187316725304
122,a,all,120042,1,0,0.7854315242155321,0.07005176903682989,-0.21274403183638024,-0.31850926800740803,-0.10697879566535247,-0.1662835077113541,0.20281166924209829,0.03652816153074418,0.7578750286730987,0.07678955106749236
123,a,all,120042,0,1,0.24285397886031204,0.2891142413764236,-0.056190505812420175,-0.2853489094786575,0.1729678978538171,0.03246765507545743,0.22412970679849994,0.2565973618739574,0.15541688820093894,0.22917572871750896
126,a,all,120042,0,0,0.2349973785016529,0.26933851537626746,-0.1914894272708123,-0.2614568702735234,-0.12152198426810125,-0.3010231687743369,0.44215599748635387,0.141132828712017,0.21023743122465782,0.3788696597441307
130,a,all,120042,0,0,0.13407671620313127,0.0796182747860163,0.01595382271808734,-0.07739972055971822,0.10930736599589289,0.006309753656425152,0.06615229801318433,0.07246205166960948,0.06622810440116784,0.0665701810370877
137,a,all,120042,0,0,0.12386641372831919,0.06768471258818862,-0.1846193121386604,-0.29571378528697567,-0.07352483899034513,-0.035394603233024145,0.0790729821473732,0.04367837891434905,0.08580984252666052,0.07603577681765378
145,a,all,120042,1,0,0.41705238531687083,0.4301942386534046,-0.09009008295389698,-0.3312571795276741,0.15107701361988005,-0.33769143797714973,0.6919752618184105,0.3542838238412608,0.43705268699339506,0.5443863114758338
151,a,all,120042,0,1,0.6197546289092182,0.31810246434372697,-0.24482991946613675,-0.41516157977704543,-0.07449825915522809,-0.31487008056515453,0.48899357852641573,0.17412349796126117,0.5564672015365533,0.31377870594673507
152,a,all,120042,1,1,0.9830359957167152,0.689861173521717,-0.03634291584576317,-0.1942182510404168,0.12153241934889038,-0.012172431745375523,0.8762847281697077,0.8641122964243322,0.9805114377218112,0.864349519618479
162,a,all,120042,0,0,0.5552481046088611,0.6615882238485635,-0.25075520883372115,-0.33075694442566644,-0.17075347324177587,-0.1770906937214045,0.7830738531324425,0.605983159411038,0.5328644485720335,0.6887085182753474
167,a,all,120042,0,1,0.48302295469853956,0.7763439758629804,-0.021596566236772027,-0.1943739890439008,0.15118085657035668,0.060419762402974864,0.7836955006531895,0.8441152630561644,0.488703502712227,0.8132228501725638
169,a,all,120042,1,1,0.7583598332357886,0.8869413440969265,-0.18255423773805557,-0.27332053767333825,-0.09178793780277292,-0.059438745764093026,0.9330844701155844,0.8736457243514913,0.7742167680898258,0.8870659964707954
175,a,all,120042,1,1,0.9906919064234747,0.6635117293858521,-0.1877424348103479,-0.3486571777867252,-0.02682769183397063,-0.13063141535059297,0.8737444653113482,0.7431130499607552,0.9694429817425687,0.7471047565046174
180,a,all,120042,1,1,0.9431594287607539,0.6560185830053453,0.01592673364810552,-0.10313807833315405,0.13499154562936508,0.07214620573564456,0.7786322158744284,0.850778421610073,0.9543923084224109,0.8474879997103885
186,a,all,120042,1,0,0.6104696005485021,0.28228750342468656,-0.06743871036052969,-0.1976229185449404,0.06274549782388096,-0.34838730337294177,0.4994029297137133,0.15101562634077156,0.6438615699902365,0.2750897335993462
193,a,all,120042,0,0,0.35098010209682046,0.2674690607969699,0.015299807249508652,-0.2138376407679132,0.2444372552669305,-0.07790570380726344,0.2953083622437127,0.21740265843644926,0.41432172147108914,0.26303033692987055
196,a,all,120042,0,0,0.39530832788932513,0.38002664213798026,-0.015420564408129729,-0.18928153465141773,0.15844040583515825,0.18500422317417548,0.32434400872550756,0.509348231899683,0.3716162688907627,0.39309458787052864
198,a,all,120042,0,0,0.07190005219011496,0.09578625194541364,-0.07766583254374063,-0.23850962279008692,0.08317795770260561,-0.09796041668062988,0.1586915272759424,0.06073111059531252,0.09028587933649393,0.14984708491576237
205,a,all,120042,1,1,0.9613396544842973,0.5816504119753125,-0.044797001155574445,-0.23814307150246083,0.14854906919131192,0.10039000345163385,0.6891605940965426,0.7895505975481765,0.9624369089430685,0.785779638707317
208,a,all,120042,1,1,0.40209300774343654,0.5419701539529151,-0.13392040095414862,-0.27300870037924396,0.005167898470946702,-0.38364186382161225,0.7194421327827453,0.335800268961133,0.4072806738535624,0.5631922159670424
211,a,all,120042,0,0,0.1245327252569393,0.14224924521077723,-0.0757092976338449,-0.3074691436871373,0.15605054841944746,0.039362356322426656,0.16438647521130773,0.20374883153373438,0.09642181922653781,0.1681818652169593
229,a,all,120042,0,0,0.2621232533283571,0.06419290388977462,-0.055719486478748165,-0.17380848734010212,0.06236951438260577,-0.0181111175885878,0.06995670563525107,0.05184558804666327,0.30447931100626485,0.0644422450303244
237,a,all,120042,0,1,0.1708915851071712,0.7903440719712193,-0.030062967071240128,-0.2698479875379094,0.2097220533954291,0.014677238537030401,0.7975200380169778,0.8121972765540082,0.18990857655563823,0.8003073714953128
241,a,all,120042,1,0,0.3026188580935535,0.3445045280194968,-0.13622912495480144,-0.32161045077738426,0.049152200867781326,-0.2359562924134932,0.5015441113192208,0.26558781890572764,0.2950149658609628,0.4319334737681747
246,a,all,120042,0,0,0.005692338093679034,0.04176496416916498,-0.04913470278014967,-0.23791890308271774,0.13964949752241837,0.01186840094368172,0.018116439756915348,0.02998484070059707,0.0026243135065499405,0.018147586161813004
250,a,all,120042,1,1,0.9465197750492464,0.6751346002015985,-0.14212777681508387,-0.23475463699150678,-0.04950091663866099,-0.14381661120733635,0.8672152602102811,0.7233986490029447,0.9507090811076705,0.7304875019213353
254,a,all,120042,0,1,0.15724832167185024,0.16255735638160032,-0.025405698944313843,-0.1774129777874424,0.12660157989881465,0.11029612787953566,0.14744962685810456,0.2577457547376402,0.08493199342585338,0.15681729686606638
261,a,all,120042,0,0,0.20356688158083033,0.38709333426619397,0.01989955768995332,-0.11186013397969745,0.15165924935960406,0.31285754382566056,0.3117214313126295,0.6245789751382901,0.1705389734222835,0.3650758356640747
264,a,all,120042,1,1,0.5687037642510144,0.8295066338001849,-0.07129815811822246,-0.1509785251594461,0.00838220892300115,0.10130985419071503,0.7911490993565368,0.8924589535472518,0.5810993954074002,0.8500201943755732
265,a,all,120042,0,0,0.5181619610469814,0.28450848679241203,-0.1826319032455905,-0.2732842993112063,-0.09197950717997472,-0.19966649402570194,0.44336264391079605,0.2436961498850941,0.5891544295672154,0.3257282445193978
270,a,all,120042,0,0,0.1362979548378623,0.09318955076140832,-0.09327388855185667,-0.2430333954371221,0.05648561833340873,-0.05981133747776573,0.12230691731294828,0.06249557983518255,0.15266603857068187,0.11317575735860363
271,a,all,120042,1,0,0.8546210098694015,0.9541555603427572,-0.1305889142495398,-0.3271115242598531,0.06593369576077349,-0.027407061388611043,0.972040045003356,0.9446329836147449,0.8799152601270086,0.9479241534522794
277,a,all,120042,1,1,0.90274839201491,0.7486342783102978,0.06770811470517205,-0.10792662271895023,0.24334285212929427,0.19707323380293573,0.7379585356450379,0.9350317694479736,0.8959221773328886,0.9145208163677975
278,a,all,120042,1,1,0.9841651279161855,0.9196062819023793,-0.09158804756761747,-0.1954090730446763,0.01223297790944132,-0.034983579731057146,0.9745499252614708,0.9395663455304136,0.9852240699610291,0.9400832604570325
282,a,all,120042,0,0,0.6051305496028133,0.44270553227248666,-0.07015451335817685,-0.25071954659741424,0.11041051988106049,0.2904593735133494,0.40130368088367085,0.6917630543970202,0.5875385209157825,0.571959751583829
284,a,all,120042,0,1,0.2805954426770063,0.5847439734856351,-0.0013535820775323131,-0.15051056596083082,0.14780340180576618,0.18518688543613304,0.5345000271529722,0.7196869125891052,0.2848632031007027,0.5872529565105519
288,a,all,120042,1,0,0.852059632776595,0.7137701694666434,-0.05071114356545427,-0.14973962787512468,0.04831734074421613,0.004640120746827181,0.8285928613323575,0.8332329820791847,0.8137217939140347,0.8323686287104435
294,a,all,120042,1,1,0.8847277472983341,0.42768069035977874,-0.1578867298724747,-0.2612883147791052,-0.05448514496584422,-0.34951026332690505,0.6471311693923253,0.29762090606542024,0.836697904397772,0.35469666450119036
318,a,all,120042,0,0,0.6250534679475724,0.4899685237307625,-0.05442521354451583,-0.20916980359098913,0.10031937650195746,-0.20199985734703257,0.5879283385482199,0.38592848120118733,0.47898390671963986,0.4911736577193283
319,a,all,120042,1,1,0.9308190392508674,0.8273636067586752,-0.040690873723414886,-0.14277299754866768,0.06139125010183788,0.04278373950332526,0.8493940089152403,0.8921777484185656,0.9507415839242936,0.8900702891768362
328,a,all,120042,0,1,0.27963988530501427,0.2923196241303659,-0.009925469449723176,-0.13636660731079683,0.11651566841135046,0.10327243996857394,0.20730761169537187,0.3105800516639458,0.24526855774207149,0.23263709410096867
334,a,all,120042,0,0,0.17600898200510942,0.1259280927677868,-0.1589759594259193,-0.24751361172277958,-0.07043830712905906,-0.1484375342195409,0.1983455391861229,0.049908004966582015,0.20689159123360956,0.16763506153264873
339,a,all,120042,0,1,0.778250916395819,0.8053296418123737,-0.25259799338117594,-0.42397702964703243,-0.08121895711531948,-0.04096418254395162,0.7913418013853089,0.7503776188413572,0.7738703643510148,0.7596408345146795
343,a,all,120042,1,1,0.8779920732338832,0.48729871016220205,-0.07289598903494883,-0.1756523119864719,0.029860333916574222,-0.252500407706424,0.7443325037606942,0.49183209605427014,0.8958918058613752,0.5181194575198524
346,a,all,120042,0,0,0.5658124678015922,0.2916861019350231,-0.10915539382067616,-0.25888397468615953,0.04057318704480714,0.021257549177203516,0.4635368861105099,0.48479443528771343,0.5102592561944268,0.47438374734218625
347,a,all,120042,0,1,0.09579716585287354,0.4285466470989947,-0.1858364918165678,-0.2857908632743471,-0.08588212035878853,0.0718545920669893,0.2615415662030328,0.3333961582700221,0.14896115907122268,0.27224510952192144
349,a,all,120042,0,1,0.882923762226896,0.7969397220462902,-0.11081815724751777,-0.2695026721684089,0.047866357673373314,0.03268878550218324,0.8558790417523827,0.888567827254566,0.90689913434711,0.8855244730271711
350,a,all,120042,1,1,0.9973742424238331,0.920800968679834,-0.071033587618912,-0.21218193156248089,0.07011475632465684,-0.01526830645046906,0.9870651730971797,0.9717968666467106,0.9973527060325942,0.9718372863422694
354,a,all,120042,1,0,0.7082491267779003,0.5885550619538567,-0.10145564743220667,-0.24355624370816514,0.04064494884375178,-0.14297135067526034,0.6543294133891959,0.5113580627139356,0.651333622993829,0.5612073655695574
357,a,all,120042,1,1,0.5663855336684624,0.5832321448491247,-0.12631853697630735,-0.21920233581554133,-0.033434738137073414,0.1013446835796018,0.4463772897496344,0.5477219733292362,0.6846059209937392,0.5157584601894668
360,a,all,120042,1,0,0.341265762932717,0.19991624681511497,-0.15999560289184042,-0.3696828742100602,0.04969166842637929,-0.20995476861796994,0.3185615885237857,0.10860681990581575,0.3064633309145173,0.2542181507917359
361,a,all,120042,0,0,0.2768589477071074,0.20832456250053383,-0.13899908399703595,-0.23502508453990362,-0.04297308345416831,-0.0406445885166562,0.19061748277556523,0.14997289425890903,0.1473623882639726,0.18462799914174433
365,a,all,120042,1,0,0.6800472503186336,0.28771294418683135,-0.19426204402024735,-0.3520012477322465,-0.036522840308248206,-0.3344524588585174,0.48247634363636255,0.14802388477784517,0.7037892739416086,0.24709229044834086
368,a,all,120042,1,0,0.7344033841766269,0.3888808466789952,-0.07713897558412426,-0.24335082119558726,0.0890728700273387,-0.05427466854280549,0.4718418589350713,0.4175671903922658,0.6540894483175863,0.4363413709302878
370,a,all,120042,1,0,0.16386531345106786,0.03801651685690385,-0.2739668509823727,-0.4534886004009011,-0.09444510156384439,-0.11224918810400103,0.11604627447767366,0.003797086373672619,0.11504539026639442,0.10313252282516294
380,a,all,120042,0,1,0.8334890379545952,0.356587592256022,-0.2667987024746511,-0.3901453139139364,-0.14345209103536577,-0.4595323870462047,0.6433774733254405,0.18384508627923582,0.6529940418405045,0.3433055625515242
384,a,all,120042,1,1,0.8132495380169068,0.8763864956697166,0.008888602556762423,-0.07500681060902141,0.09278401572254624,0.0703099140074529,0.8886766336909452,0.9589865476983981,0.8125043706639047,0.945803746123004
392,a,all,120042,1,1,0.8393814095162521,0.8138724082562885,-0.07780371366904587,-0.21393149603851627,0.058324068700424475,0.0859568948245617,0.7956046715365747,0.8815615663611364,0.8949939681051641,0.8725355739216074
398,a,all,120042,0,1,0.3785590436181826,0.37164636327183176,-0.18118379092627668,-0.2706072526757515,-0.0917603291768019,-0.3498504475078327,0.5910364248254103,0.2411859773175776,0.36176284124541397,0.4644735329239972
399,a,all,120042,1,1,0.9970146286266044,0.8330526085140617,-0.1476140011570001,-0.31658788189358517,0.021359879579584934,-0.029171536123289488,0.9512178017968141,0.9220462656735247,0.9962108424749547,0.9221568012191433
409,a,all,120042,0,0,0.16108848708925474,0.38505198503875565,0.014622943838376486,-0.18298746588751802,0.21223335356427092,0.14554265152238055,0.3680844066924097,0.5136270582147903,0.16618931836081213,0.39227204074133937
422,a,all,120042,1,1,0.40169812470308697,0.41341350463742554,0.06748731469058691,-0.01259402285278105,0.14756865223395488,0.04875396248008518,0.4200452914399601,0.4687992539200453,0.33848323217702997,0.436547690241657
424,a,all,120042,1,0,0.807359895400461,0.5721889064663959,-0.11828634142515577,-0.23943966277420897,0.0028669799238974086,-0.411950972386599,0.8314253440689895,0.4194743716823905,0.8860761566800972,0.46640540971604305
429,a,all,120042,0,0,0.04054208125764265,0.015415465732562741,-0.15641549945946903,-0.2709351440300124,-0.041895854888925665,0.0037726514360697343,0.01304897486216735,0.016821626298237084,0.014013887068759502,0.013101844373342225
431,a,all,120042,1,1,0.4190924429359105,0.48339843987886705,-0.17932488250173662,-0.3061433391120778,-0.05250642589139545,-0.32665406706368566,0.7123240608538791,0.38566999379019345,0.26194947604164803,0.6267571991396732
433,a,all,120042,0,0,0.023721087657617025,0.0727646587422517,-0.07473629600721321,-0.2118429042543379,0.06237031223991146,-0.03402153155820689,0.06847959303076086,0.034458061472553966,0.030148742780963526,0.06745388662679803
435,a,all,120042,0,1,0.30614278754336544,0.700626917437417,-0.08154051255909057,-0.19648985160687255,0.033408826488691395,-0.10742312894197681,0.7807369553595693,0.6733138264175925,0.43293691335902873,0.734229517492061
436,a,all,120042,0,1,0.03998367806026931,0.20887029043875627,-0.275955982701937,-0.4359664641772458,-0.11594550122662817,-0.3201538166817906,0.38261502886035376,0.06246121217856315,0.04558681888213726,0.368020234804856
446,a,all,120042,1,0,0.12648336866320714,0.08754183965354545,-0.21927031400263283,-0.3428749020662061,-0.09566572593905964,-0.06432527410523083,0.14245327608668318,0.07812800198145235,0.13760778018982345,0.13360161790696043
447,a,all,120042,1,1,0.5728568074196898,0.6648724371247139,-0.15745900147912226,-0.3270556630407785,0.012137660082533891,0.034144994760945346,0.7178406560241876,0.7519856507851329,0.5268957316826469,0.735831508022056
451,a,all,120042,1,1,0.844425481305444,0.6781222161862843,-0.2690730443894393,-0.36775839146643574,-0.17038769731244288,-0.17663563846118313,0.8287729384589229,0.6521372999977397,0.8242034052032726,0.6831892437589615
460,a,all,120042,1,0,0.4015081191488898,0.4015520342975686,0.0035345561261922384,-0.11714748323841606,0.1242165954908005,-0.15089969081385596,0.4593548416637062,0.30845515084985026,0.3655224480016902,0.40419761727472747
462,a,all,120042,0,0,0.47995226962218024,0.42316123966686997,-0.009448697333230161,-0.11170556677793857,0.09280817211147824,-0.02877369342676961,0.4686118803771519,0.4398381869503823,0.4666605896496557,0.4551843316362172
465,a,all,120042,0,1,0.4186121225571803,0.6903555027779911,-0.02239657901324471,-0.21368614327084026,0.1688929852443508,-0.07352311822592295,0.7800438405311805,0.7065207223052575,0.5135491930884887,0.7422861024929082
467,a,all,120042,0,0,0.13424017331038868,0.22484105768975207,-0.053731862332371004,-0.24891365662175463,0.14144993195701258,0.18109530692018136,0.12685755243371818,0.30795285935389954,0.1888332524081815,0.16105436823531388
468,a,all,120042,1,0,0.4473842545395611,0.529895746520903,-0.16652851112851044,-0.3400681535123185,0.007011131255297592,-0.36394341785118856,0.7078781761015418,0.34393475825035325,0.42845601156518937,0.5519444308536183
474,a,all,120042,0,0,0.33848953380953606,0.44374313031166696,0.026234008114417815,-0.1368096144543409,0.1892776306831765,0.27024214191256124,0.30007158198562,0.5703137238981812,0.4170023363305006,0.4127631865381167
478,a,all,120042,1,0,0.4815879254233275,0.16815828655816528,-0.13960475366858133,-0.23418518885888706,-0.04502431847827562,-0.14113139488284232,0.2377741189742361,0.09664272409139375,0.27379783230036064,0.19913264898578764
481,a,all,120042,0,1,0.4228237656759795,0.4404462708179714,-0.021114715571450553,-0.2102852354619873,0.16805580431908615,0.24256774419822325,0.2663753158727359,0.5089430600709591,0.2853642948162681,0.33559548914103476
486,a,all,120042,1,1,0.7587397429099123,0.4762036150534132,-0.1722880945688878,-0.3750247957850318,0.0304486066472561,-0.6892153014395378,0.8677382394188814,0.1785229379793436,0.807107991999281,0.3114670614188369
487,a,all,120042,1,1,0.8500060230190345,0.5260554622274926,-0.06594696612636294,-0.2284140573207708,0.09652012506804486,-0.028156691615068175,0.6387406477170029,0.6105839561019347,0.8811791752215618,0.6139295574226692
498,a,all,120042,0,0,0.180842069467446,0.03474413597458954,-0.22840842934401576,-0.35676203474122264,-0.1000548239468089,-0.1062618189134249,0.10974740599329373,0.003485587079868836,0.19058570392071683,0.0894954224357829
503,a,all,120042,0,0,0.3158733490225002,0.15853159349320847,-0.09504196146428516,-0.2420079270683595,0.051924004139789134,-0.16728505428348134,0.2635262519296023,0.09624119764612094,0.40711586132784927,0.19542185296770676
507,a,all,120042,1,1,0.8888542066688003,0.8359920924028177,-0.0803694313334156,-0.27887323628687133,0.11813437362004008,-0.030854928811506976,0.9308527063190833,0.8999977775075764,0.8926277089340195,0.9033107419047457
508,a,all,120042,0,0,0.4861368559230739,0.22187266355716667,-0.11065688871841792,-0.3425192786867408,0.12120550124990492,-0.05620972089686527,0.2627225744829081,0.20651285358604282,0.5311711209732923,0.23286559402452428
514,a,all,120042,1,1,0.8647892913411044,0.7761679862678832,-0.052284867607654245,-0.18306661913429195,0.07849688391898343,-0.061478120138046544,0.8845825250519558,0.8231044049139092,0.8943195699412145,0.8296014390893036
526,a,all,120042,0,0,0.039456746332682736,0.09443630355538442,-0.1022770208735511,-0.26944941860164695,0.0648953768545447,0.020299231269924375,0.06015719113646259,0.08045642240638697,0.05466687900003019,0.06126688675608918
528,a,all,120042,1,1,0.9257797740573446,0.6608412985589942,-0.18002844702613846,-0.3256790412323899,-0.03437785281988709,-0.3151680255715663,0.877924904862706,0.5627568792911397,0.8946923510881424,0.5959464830762735
532,a,all,120042,1,0,0.6405983393398482,0.19536453691712466,-0.23103089053764747,-0.3506622598102411,-0.11139952126505391,-0.5334643262344162,0.5735551216747997,0.040090795440383485,0.6066516810570359,0.24992809138073208
534,a,all,120042,0,1,0.574922516218826,0.9359668565212989,0.03848611131608487,-0.2156887900905986,0.2926610127227683,0.13543398492073888,0.8396523821431012,0.9750863670638401,0.6415710899254514,0.9265429114616468
535,a,all,120042,0,0,0.6147030586072775,0.21875295045396656,-0.08886150762197398,-0.18479965872618428,0.0070766434822363,0.03704061610492676,0.22099152902364283,0.2580321451285696,0.40412609914286823,0.23596060871997537
538,a,all,120042,1,0,0.8370200904420659,0.6371842010036332,-0.021525494284023356,-0.17525962863747593,0.13220864006942917,-0.06212851278558973,0.7780343272758928,0.7159058144903031,0.8082821081633567,0.7278169619845023
539,a,all,120042,0,1,0.3879392846172719,0.3838634013307982,-0.20438458958468403,-0.3118320079504048,-0.09693717121896331,-0.11126006308263126,0.4664730480873413,0.35521298500471005,0.46073813292230986,0.41521129435383136
546,a,all,120042,0,0,0.2073162133306735,0.09652850182168608,-0.12415644961996018,-0.3135591272468012,0.0652462280068808,-0.06620608679353736,0.1411022908806444,0.07489620408710705,0.2563020340491129,0.12413353616902867
549,a,all,120042,1,0,0.739975694816791,0.3100032205687007,-0.056401424117065606,-0.21441932569795627,0.10161647746382502,-0.22605679180368443,0.5078172149242439,0.2817604231205595,0.8011893584262512,0.32670291893115333
550,a,all,120042,0,0,0.12936583928313697,0.05883171754579175,-0.19852179955027918,-0.3383727721616932,-0.05867082693886519,-0.08381602753461014,0.09640615135008752,0.012590123815477389,0.13400979470830476,0.0851739827069088
552,a,all,120042,1,0,0.45350265207302726,0.18965967460067173,-0.07205418925723045,-0.2750281832992528,0.13091980478479187,0.08753892270289004,0.1992963733242461,0.28683529602713614,0.4572237483724141,0.23932124769094448
559,a,all,120042,1,0,0.6782126178562653,0.27594932424060925,-0.1729511690708715,-0.3377182696323242,-0.008184068509418774,-0.36576085048430995,0.5887644136938451,0.22300356320953515,0.7184678395003896,0.32597700567255794
560,a,all,120042,1,1,0.9485907983199526,0.6528644179184997,-0.17505635993096313,-0.2817665227589633,-0.068346197102963,-0.06469990771798673,0.840006845109726,0.7753069373917393,0.9520143474859696,0.7784116046811844
561,a,all,120042,1,0,0.5217864440997997,0.34432787211813587,-0.0410764390178861,-0.19066976144752606,0.10851688341175383,-0.14847635272894044,0.47000754047362386,0.3215311877446834,0.49528534616089104,0.39646937871556404
563,a,all,120042,0,0,0.2888108870929679,0.18098102712418618,-0.09242454586368691,-0.29368824995326,0.10883915822588612,0.08723419972137467,0.16780480528123268,0.25503900500260734,0.31333299897025074,0.19513815869270082
568,a,all,120042,1,1,0.945792509206312,0.8868332236311733,-0.14364087139788398,-0.25360155440571674,-0.03368018839005127,-0.11006768648138565,0.9621006613342603,0.8520329748528747,0.9575199301970099,0.8567086578576576
569,a,all,120042,0,1,0.5699463291222611,0.7944201465389817,0.02179896665370179,-0.19951589730024452,0.24311383060764807,-0.03506472883281053,0.8463245486547423,0.8112598198219317,0.667795473870383,0.8229084814476991
571,a,all,120042,0,0,0.019360718143083263,0.20212904424201789,-0.006791594750997114,-0.24933980930844307,0.2357566198064488,0.17274679823127478,0.07316077366171819,0.24590757189299298,0.020388722435939765,0.07668286018255294
576,a,all,120042,1,0,0.985657195683646,0.7904012675222625,-0.21003910974507878,-0.37953952629500565,-0.04053869319515194,-0.13762755085764844,0.9336653303150813,0.7960377794574328,0.9855241777839763,0.7980300514156748
578,a,all,120042,0,0,0.4767550890856799,0.25929069698033747,-0.05880894427868824,-0.19491406394978175,0.07729617539240524,-0.1661069213092291,0.37306363189420844,0.20695671058497933,0.30633299155751065,0.3221796017711443
580,a,all,120042,1,1,0.9683649971691306,0.9373258311670802,0.07157547539283789,-0.02894093882396076,0.1720918896096365,0.041240948763694774,0.9508598933381807,0.9921008421018754,0.9665661090584269,0.990721996718583
584,a,all,120042,1,0,0.49698425281219805,0.6131683013636084,-0.021280660047423888,-0.22611221583815358,0.1835508957433058,-0.18620539681394355,0.7916820777128901,0.6054766808989466,0.47263355488663145,0.7036751590776402
588,a,all,120042,1,1,0.725697380234409,0.6843480839944683,-0.0030170431714624125,-0.12045792253550304,0.11442383619257819,0.05151712594740754,0.7716016543161577,0.8231187802635652,0.7264867484806898,0.80902816363676
594,a,all,120042,0,1,0.3328267557033292,0.25650785824047323,-0.1551776422879969,-0.3162677110227601,0.005912426446766261,-0.1845762402931477,0.3341791213468299,0.14960288105368222,0.2895476165668742,0.28073551089507437
599,a,all,120042,0,1,0.23146940847626968,0.09030329016421154,-0.08225221482599561,-0.2747942950949006,0.11028986544290935,-0.017020805613165407,0.0815640556751646,0.0645432500619992,0.1107623584300319,0.07967879110307127
603,a,all,120042,1,1,0.950662659254123,0.6967093952267789,-0.18727589687245288,-0.38363008809549304,0.009078294350587213,-0.4064471216929251,0.9031243204678541,0.496677198774929,0.8781433534838903,0.546205482010554
606,a,all,120042,0,1,0.08517606265379608,0.17269328254815747,-0.03339959789726831,-0.16681283638744376,0.1000136405929071,-0.0810499975355446,0.21978098697191426,0.13873098943636966,0.045834318428495995,0.2160661155762413
607,a,all,120042,0,0,0.07414474202561468,0.2048679698877292,-0.0011770741220794453,-0.2684644745952151,0.26611032635105614,-0.20262165996000597,0.3087378023791391,0.10611614241913314,0.07743012434549355,0.29304878205334556
609,a,all,120042,0,1,0.277521844901034,0.10971715898201154,-0.11065431732123814,-0.2744308384696995,0.05312220382722323,-0.17815202596793825,0.22489714031231664,0.046745114344378384,0.3450213473808075,0.163430888274238
614,a,all,120042,1,1,0.7368159723539403,0.635921089561127,-0.06200464003377799,-0.23248563046323426,0.10847635039567824,0.13800989485438941,0.6359172787744115,0.7739271736288009,0.8274743251071385,0.7501169233771545
617,a,all,120042,1,0,0.8010460484695189,0.6505113552194871,-0.1866839239040988,-0.28051372822765447,-0.09285411958054314,-0.32977963417948597,0.8338032757051225,0.5040236415256365,0.8485350583833042,0.5539736945630076
621,a,all,120042,1,1,0.644145557958666,0.5836106553929663,-0.11477302412357941,-0.21201470984769044,-0.017531338399468396,-0.10300534475910206,0.7057406494157711,0.602735304656669,0.6270415558891259,0.6411520177731279
626,a,all,120042,1,0,0.621304359534801,0.15585901537739205,-0.11947134197097944,-0.26359952924602426,0.02465684530406534,-0.14734105843629364,0.26353475745247545,0.11619369901618182,0.5408398945646613,0.18384683494274479
638,a,all,120042,1,0,0.20200546242296274,0.05160114561808784,-0.197049182221809,-0.2917332634165148,-0.10236510102710326,-0.028967779075204383,0.061277322843089226,0.03230954376788484,0.21730089998808788,0.054982598379391213
648,a,all,120042,1,1,0.40996509811221016,0.8800482851214706,-0.058030208703841346,-0.16268588105017584,0.046625463642493134,0.22657797391420198,0.7325950095116571,0.9591729834258591,0.446193692985528,0.8336926724416136
651,a,all,120042,1,0,0.6876186017763337,0.41032673117209584,-0.07175707855399925,-0.16263238666579682,0.019118229557798294,0.14285091672279376,0.2851618328993221,0.4280127496221159,0.7508626695093064,0.39242325357165064
656,a,all,120042,0,0,0.2167281587206824,0.5370490537827723,-0.10565161865621255,-0.3273429070860769,0.11603966977365172,0.008071797181922913,0.46869912424753557,0.4767709214294585,0.22802004329675454,0.4705396557904402
662,a,all,120042,0,0,0.5412854875092089,0.34301902574651366,-0.034824444355805034,-0.23039304562951932,0.16074415691790922,0.12090442381375327,0.2880053588167833,0.40890978263053657,0.3957846009982411,0.33585746795483185
663,a,all,120042,1,1,0.5589559669846118,0.5429086181082996,0.00572596087049481,-0.22848638099261304,0.23993830273360262,-0.0006267839972746714,0.6515715924340533,0.6509448084367786,0.5681953671368609,0.6512154566706063
676,a,all,120042,1,0,0.5596279154696607,0.5356363889106334,-0.058648881181687006,-0.1770282238403145,0.05973046147694045,0.288078314021742,0.4324920904579289,0.7205704044796709,0.6529119529093504,0.6205818650566977
680,a,all,120042,1,0,0.7326959997507486,0.1170233972345142,-0.07486050326563737,-0.22871553947147144,0.07899453294019668,-0.21676132704337042,0.27484012746336883,0.05807880041999842,0.7595694039485262,0.11019485548194441
684,a,all,120042,0,0,0.5095809620747207,0.10132008379383026,-0.16736525779998032,-0.3271621288529962,-0.007568386746964473,-0.09365228131014089,0.1535330244619221,0.05988074315178122,0.2799397036695437,0.12731603258398452
689,a,all,120042,1,1,0.9593965059098839,0.9708116047422297,-0.020315119910619746,-0.16820144371975115,0.12757120389851165,0.028437736123359203,0.9572782937779396,0.9857160299012988,0.9706128031462105,0.9848803245517656
702,a,all,120042,0,0,0.010011310911000815,0.03830598684834653,-0.12623825168589758,-0.32267243277736674,0.07019592940557154,-0.008814129041007847,0.027598928413820053,0.018784799372812206,0.012737884181278832,0.027486655058936847
705,a,all,120042,1,0,0.9818387908092856,0.7573522870442213,-0.19956671357557712,-0.3004563076466689,-0.09867711950448534,-0.24861107127745252,0.9414393089611733,0.6928282376837208,0.9809324818902252,0.6975686337875942
707,a,all,120042,1,0,0.27816788105154977,0.05224217720605555,-0.26141972923877915,-0.3941257422353156,-0.12871371624224273,-0.18261274863827542,0.1878998981069971,0.005287149468721667,0.2347415664691916,0.14503309543440357
708,a,all,120042,0,0,0.3040798043728327,0.1655436036729748,-0.13773556768249515,-0.26596374906931075,-0.00950738629567957,-0.3033594815556778,0.3504194567553186,0.04705997519964079,0.374407833118835,0.2368392906100041
712,a,all,120042,0,0,0.12268991638648172,0.16094383124644054,-0.030259724287940864,-0.18248676124918936,0.12196731267330761,0.20262182932038472,0.14691061958728588,0.3495324489076706,0.05606427893599119,0.15827046634482472
713,a,all,120042,0,1,0.23599487445084782,0.8782731705182755,-0.025501887436504854,-0.23670907247161324,0.18570529759860346,0.18351149860665072,0.775833119343291,0.9593446179499417,0.3611110149512662,0.8421011428603665
723,a,all,120042,1,1,0.9521620121455607,0.7180788959887858,0.03211406541716616,-0.05898262999787231,0.1232107608322046,-0.013981278819158116,0.8683621139850527,0.8543808351658946,0.9403397493894873,0.855214961764101
727,a,all,120042,0,0,0.0032718255340256712,0.06262436697095924,-0.12103749735397665,-0.2745790773955786,0.03250408268762525,0.01940221066508254,0.03568903252242936,0.0550912431875119,0.004415015471387493,0.03577469358269482
735,a,all,120042,1,1,0.8534351673132365,0.7130838936189544,-0.005997715051145793,-0.13999936569450241,0.12800393559221077,0.2892291597635016,0.6042732494725858,0.8935024092360874,0.85753976359256,0.8522987547602537
739,a,all,120042,0,1,0.0895373639085759,0.1853399503869139,-0.03966198201421645,-0.1721710132780481,0.09284704924961518,0.04653584065128688,0.23099895524207756,0.27753479589336444,0.10826828795026494,0.23603731103771872
743,a,all,120042,1,0,0.818683828918493,0.6157485834573707,-0.21209026963472336,-0.3215251343178241,-0.10265540495162265,-0.3588049137290085,0.8478417441080576,0.48903683037904905,0.8540792214123399,0.5413939227514641
744,a,all,120042,0,0,0.09329951122621169,0.041473685206252144,0.029484959388334182,-0.08865904459862772,0.14762896337529605,0.00043827428651807554,0.026528100992398846,0.02696637527891692,0.03804426145219432,0.026544774813942913
752,a,all,120042,1,0,0.3348775343979219,0.24354561544039974,-0.08327376703337541,-0.22702159580176806,0.06047406173501721,-0.048624029853681416,0.3276257229580346,0.2790016931043532,0.4051996569380795,0.3079232827423759
760,a,all,120042,1,1,0.7485418695547517,0.8305860348800337,-0.17909389007748797,-0.3404614523699451,-0.017726327785030915,-0.1049719012824385,0.9221465373701752,0.8171746360877367,0.8120115327351075,0.8369081429157039
773,a,all,120042,1,1,0.914863198781001,0.9121508805594647,-0.07147224608498524,-0.19395609785654058,0.051011605686570066,-0.05078761983714952,0.9666567816878695,0.91586916185072,0.9159070005121013,0.9201400451396771
776,a,all,120042,0,0,0.14330884330943072,0.09585268083584234,-0.05790614775431237,-0.15954227634953774,0.04372998084091298,0.11215936655437345,0.0472359901847925,0.15939535673916594,0.07290723182044223,0.05541321912300616
779,a,all,120042,0,0,0.25515722437842836,0.42313541948263494,-0.020229964853488658,-0.14631257430245298,0.10585264459547564,0.2102850669914252,0.22621397008186886,0.43649903707329407,0.3629244759380927,0.30253156781733853
781,a,all,120042,1,1,0.6521171674969055,0.7699677984932016,0.026573790555201184,-0.08699480891724823,0.14014239002765058,0.031273744586730046,0.8283829563994728,0.8596567009862028,0.7461971474210043,0.8517193353992638
782,a,all,120042,1,0,0.9196777343953139,0.3558001237336559,-0.14889211017120363,-0.33683602931246204,0.039051808970054724,-0.27881971225762575,0.5994415106886838,0.32062179843105804,0.8619811840905949,0.3591041649690566
783,a,all,120042,0,0,0.05272548433485517,0.2406226143633537,-0.025806116755564105,-0.16412596708888444,0.11251373357775618,0.11768093960974968,0.16619341714787256,0.28387435675762224,0.05485994054116541,0.1726493864976919
786,a,all,120042,0,0,0.03812943704176544,0.11437638706227056,-0.046024884805718445,-0.17271213552245865,0.08066236591102172,-0.1204466128067492,0.16532041866408156,0.044873805857332354,0.05941604163077386,0.15816395770327005
798,a,all,120042,1,1,0.8327737945049245,0.783285342163915,-0.053919190004574506,-0.20893391227296976,0.1010955322638207,-0.012829595656138837,0.8710496929005754,0.8582200972444366,0.8434126957509361,0.8602290490428369
822,a,all,120042,0,0,0.7964023859694794,0.7226986869274035,0.012680100504147045,-0.08542098678139498,0.11078118778968904,0.15687867128973654,0.7780227700505881,0.9349014413403246,0.7866852715996432,0.9014369101823456
827,a,all,120042,0,1,0.2056433403202506,0.4113805423451876,-0.28554885291393495,-0.44034480643067064,-0.1307528993971993,-0.47170840662307595,0.6500277796996768,0.1783193730766009,0.24463777729865077,0.5346300835703194
839,a,all,120042,0,0,0.3457889297867934,0.05124497227156187,-0.1818726148434579,-0.33554484997106826,-0.028200379715847573,-0.082870305049013,0.09704353328678197,0.01417322823776898,0.162343632639872,0.08359006692715087
841,a,all,120042,0,0,0.019861527146896228,0.10164040189477093,-0.041704439419645356,-0.20047773405766112,0.11706885521837035,-0.010820327453034226,0.09911358918728445,0.08829326173425023,0.034639969991106065,0.09873877336901742
845,a,all,120042,1,1,0.7845205245651106,0.5028463854562354,0.027104677520785367,-0.1678278117922118,0.2220371668337825,-0.054967122143437575,0.679755636458759,0.6247885143153215,0.7638252185778449,0.6377703623729527
848,a,all,120042,0,0,0.04549534038197328,0.20059538901900603,-0.06503544634932959,-0.18146733402714793,0.05139644132848875,0.0857810802170664,0.15080779969315497,0.23658887991022137,0.05969038884345037,0.1559281057267229
859,a,all,120042,1,1,0.7602096924000427,0.7230801507304334,-0.035727143060380086,-0.20285300066109932,0.13139871454033913,0.10091643251497262,0.7428263810643577,0.8437428135793303,0.8320547758187614,0.8267943806970325
868,a,all,120042,1,0,0.21062354843487735,0.06359302579297506,-0.032203888969659145,-0.1977821720696227,0.13337439413030436,-0.03768758335333155,0.08397151622017748,0.046283932866845935,0.23923225370276432,0.07495543071794919
875,a,all,120042,1,1,0.2095630028940588,0.2500639566902867,0.015741525733683225,-0.1446893213157707,0.17617237278313713,0.2750351541256375,0.13981080528827883,0.41484595941391633,0.19551987810503407,0.19358564509752274
890,a,all,120042,1,1,0.9876736406620003,0.7278839613296898,-0.10049399310173206,-0.24015868980867122,0.039170703605207066,-0.020946677854016382,0.8906656266682582,0.8697189488142418,0.9874817561550102,0.8699811644353609
892,a,all,120042,0,0,0.8076451424384118,0.15579588391163252,-0.2190047028008114,-0.3198930665131974,-0.1181163390884255,-0.4218944972490402,0.4749578951993378,0.053063397950297596,0.752638681307789,0.15742377713880756
893,a,all,120042,0,1,0.3661923861325035,0.2186854365192891,-0.09465450651673822,-0.2381757393316984,0.048866726298221905,-0.13899119129057289,0.2884059010666973,0.1494147097761244,0.20296380287330745,0.2601957203164713
898,a,all,120042,1,1,0.4525570471867023,0.756871634384734,-0.10930425184823185,-0.24484417664305974,0.026235672946595998,0.11489019733853345,0.5760315391701575,0.6909217365086909,0.47972378810490296,0.6311470998535185
908,a,all,120042,1,1,0.640993242901371,0.5389593655355164,-0.0538238826421214,-0.23892841660635983,0.131280651322117,0.2700079153490359,0.5696492081263452,0.8396571234753811,0.6849639978240327,0.7545949092679538
913,a,all,120042,0,0,0.3899701749588427,0.4784470629741568,0.05810911908354501,-0.0849746455193218,0.2011928836864118,0.5763362625455206,0.21409661929254425,0.7904328818380649,0.36702698783272614,0.4256275817133979
915,a,all,120042,1,1,0.9523558435925714,0.7524112911697871,-0.08986381114445686,-0.2122669012638722,0.03253927897495844,-0.10460704553612188,0.9122655745034537,0.8076585289673318,0.9415880973154946,0.8137688255313014
917,a,all,120042,1,0,0.9238051845363644,0.6510453356614134,-0.003477207432821106,-0.18005202558453942,0.1730976107188972,0.012647334156821954,0.7540394926111339,0.7666868267679559,0.9317451813874247,0.7658235852691494
924,a,all,120042,0,1,0.0417535111573159,0.2874748128522012,-0.17669173538058863,-0.31122041514028964,-0.042163055620887624,-0.03518580558050255,0.34295445282315096,0.3077686472426484,0.03257650484478903,0.34180822225718993
929,a,all,120042,1,0,0.6620698022112059,0.5400270204453903,0.012739540308200589,-0.2113418980913366,0.23682097870773774,-0.2246108655442407,0.7244357997544417,0.499824934210201,0.6590473051994321,0.5764066140989978
934,a,all,120042,0,0,0.18036522670882124,0.2064085005755072,-0.1469627502136864,-0.2489078561929272,-0.045017644234445625,-0.17923562100166213,0.30255577023811625,0.12332014923645412,0.22882149384738068,0.26154280768985294
955,a,all,120042,1,1,0.8200078699622655,0.4406715112363194,-0.11771369900727181,-0.21399320539783037,-0.021434192616713282,-0.4074361291328243,0.7758676384475641,0.36843150931473984,0.8734804756292069,0.41998013458410177
960,a,all,120042,1,1,0.36430064625510755,0.5474723955226386,0.06282540717880201,-0.122374771305357,0.248025585662961,0.30302428580824725,0.4145443547009303,0.7175686405091776,0.3800930993244424,0.5297217946643626
961,a,all,120042,0,1,0.5523427628313959,0.3262244000448834,0.02286633093521158,-0.0800317728372376,0.12576443470766074,-0.17386110854674186,0.4319105760822528,0.25804946753551095,0.49347354839846846,0.3461147179192008
967,a,all,120042,0,0,0.6292753281413976,0.5409563573366718,-0.00515156437841151,-0.18639584000386095,0.17609271124703785,0.11315424130412288,0.5413987873849739,0.6545530286890968,0.44694083003004204,0.5919720379148583
976,a,all,120042,0,0,0.1875189495787529,0.0955061027502557,-0.238657099319677,-0.3622276804574281,-0.1150865181819259,-0.10435438224184548,0.15809386067540734,0.05373947843356186,0.20179595515564355,0.13703556843623702
977,a,all,120042,1,0,0.9290030480519587,0.6776003156365273,-0.06894384384395011,-0.2547025323223497,0.11681484463444941,0.2172265382051104,0.6784268664625951,0.8956534046677055,0.9400329381747864,0.8826269674210825
980,a,all,120042,1,1,0.8907828288358244,0.6749097282986456,-0.13820617887532424,-0.2848057395003546,0.00839338174970608,-0.1328309937568829,0.8403143102576274,0.7074833165007445,0.9173360209342071,0.7184636549879518
986,a,all,120042,1,0,0.7193384695803312,0.254603712244821,-0.12573402540110157,-0.2138025858926343,-0.037665464909568847,-0.21930664730454208,0.3912007173486197,0.17189407004407764,0.6588215068712526,0.24671678150455897
987,a,all,120042,0,0,0.39239782738313184,0.3616015143122923,-0.05254583469071191,-0.19641120956869362,0.09131954018726976,0.16537846499403014,0.35989141899015303,0.5252698839841832,0.3384405855504341,0.41586220352016456
989,a,all,120042,0,0,0.4195655553387942,0.2200655918802256,-0.1465404657382465,-0.24191140508272896,-0.05116952639376407,-0.22553091570484401,0.34182879340480493,0.11629787769996093,0.2358266405545143,0.2886425952129482
5,a,all,2120042,1,1,0.5795099407346891,0.45383672466596636,0.0529467767874278,-0.1235191083343517,0.22941266190920725,0.29544125881310984,0.4283602486568981,0.7238015074700079,0.5143494763770452,0.5803203054275963
12,a,all,2120042,0,1,0.2563443628296557,0.31554648939782576,-0.049180455906209036,-0.2335829538686449,0.13522204205622676,-0.1020346687031714,0.35251383485816296,0.25047916615499155,0.22807181354145364,0.3292426029229293
15,a,all,2120042,1,0,0.5723121503402373,0.0711800106491393,0.003274357039670576,-0.197852844196318,0.2044015582756591,-0.003080297422145953,0.08496536053642435,0.0818850631142784,0.5888855260374319,0.08315141796863218
30,a,all,2120042,0,0,0.5704623645591489,0.21940483178855139,-0.1331308624274616,-0.22524209564318962,-0.04101962921173362,-0.15824629257148742,0.32006203944320166,0.16181574687171424,0.5261665055811847,0.23679814065968435
35,a,all,2120042,1,1,0.9786739657392879,0.9608229058564473,0.0031750025610980965,-0.1281337077195906,0.13448371284178676,0.011426825642477212,0.9756257658102383,0.9870525914527155,0.9757346483150356,0.986775315509858
39,a,all,2120042,1,0,0.7563312812814935,0.4430608439787013,-0.11059141933751904,-0.23517379975449554,0.013990961079457437,-0.0787740414269622,0.5056272841792651,0.42685324275230285,0.77152706901285,0.4448509788828241
40,a,all,2120042,0,0,0.3237420599830904,0.2982946082931811,-0.060262110562492664,-0.21251942884535713,0.09199520772037176,0.060474988513839145,0.3131862436036617,0.37366123211750085,0.36407388745256936,0.3352036077655446
43,a,all,2120042,1,0,0.7047099212791663,0.49538448081499037,-0.12584693174200282,-0.22343815149660456,-0.028255711987401108,-0.19702180525731344,0.6091152747624241,0.41209346950511067,0.6567057331961557,0.4797299256852899
45,a,all,2120042,0,0,0.14375167160505867,0.2557150926189954,-0.050381453529654306,-0.1502227262656941,0.04945981920638547,0.13139903885494988,0.2165379872607052,0.3479370261156551,0.17346042267748582,0.2393305200799002
48,a,all,2120042,1,1,0.2869094591298208,0.5200283869835888,-0.13399013383254782,-0.2429686766929905,-0.02501159097210516,-0.02351093248221392,0.4828213005356463,0.4593103680534324,0.42933764997077845,0.47272717203511094
63,a,all,2120042,1,0,0.6299929194432841,0.09389999784630394,-0.10292394130045347,-0.19400065627659419,-0.011847226324312787,-0.08061850681857732,0.15433536704847534,0.07371686022989801,0.6257533169734277,0.10388806899730568
67,a,all,2120042,1,1,0.4513636744214192,0.40273088169296545,-0.183867173021434,-0.34625147030130665,-0.021482875741561325,-0.4040936263411786,0.6270655271286899,0.22297190078751128,0.5184844589253166,0.41754926192001485
69,a,all,2120042,0,0,0.5079878119731548,0.449753898593139,-0.03232651506156761,-0.19181472224628215,0.1271616921231469,-0.2535047085663173,0.6257136287774533,0.372208920211136,0.5819759402865388,0.4781799876425058
72,a,all,2120042,1,0,0.6876808873098719,0.25816613580701225,-0.01152091761427577,-0.18053241461702854,0.15749057938847696,0.03393963416448598,0.2845721538079479,0.3185117879724339,0.7269864624971379,0.3092458083876346
75,a,all,2120042,1,0,0.9284421657491837,0.5305457320934457,-0.014909757988388707,-0.16819356008526737,0.13837404410848994,-0.21905044290968123,0.7859902699448377,0.5669398270351564,0.9155184418716508,0.5854455497608714
85,a,all,2120042,0,0,0.008773461662729192,0.05109755699917495,-0.10643324238905695,-0.2078835769795669,-0.004982907798547043,-0.03033405828346857,0.05306870888576817,0.022734650602299605,0.012191215162621852,0.05269889985447889
93,a,all,2120042,0,1,0.1300230111624891,0.16701344340059887,-0.16095389308721125,-0.25598214860892865,-0.06592563756549391,-0.24763340158643393,0.32022570877467954,0.0725923071882456,0.13659914574554174,0.28639919765990995
115,a,all,2120042,0,0,0.3157245845303033,0.1643600339313219,-0.043828144968628024,-0.21686673167350065,0.12921044173624457,-0.036066766855671034,0.2053367437300431,0.16926997687437206,0.1881577563382044,0.19855050180010692
116,a,all,2120042,0,1,0.14650089561447635,0.15602766967695844,-0.14661247742927822,-0.2389407981437638,-0.05428415671479267,-0.014342061446469406,0.14192494897859992,0.1275828875321305,0.1837349785468509,0.13928981062641524
121,a,all,2120042,1,0,0.928058756616359,0.44493618910240407,-0.2291817801716709,-0.44933892818906673,-0.009024632154275125,-0.578150415838105,0.8466828492611407,0.2685324334230356,0.8997037852763005,0.3265187316725304
122,a,all,2120042,1,0,0.7854315242155321,0.07005176903682989,-0.23561190785713623,-0.40386090847958367,-0.0673629072346888,-0.1662835077113541,0.20281166924209829,0.03652816153074418,0.7578750286730987,0.07678955106749236
123,a,all,2120042,0,1,0.24285397886031204,0.2891142413764236,-0.07708107496195023,-0.2939383895760908,0.13977623965219033,0.03246765507545743,0.22412970679849994,0.2565973618739574,0.15541688820093894,0.22917572871750896
126,a,all,2120042,0,0,0.2349973785016529,0.26933851537626746,-0.18814604211823335,-0.3037303225316342,-0.07256176170483257,-0.3010231687743369,0.44215599748635387,0.141132828712017,0.21023743122465782,0.3788696597441307
130,a,all,2120042,0,0,0.13407671620313127,0.0796182747860163,0.02318067461043271,-0.11833451791320798,0.1646958671340734,0.006309753656425152,0.06615229801318433,0.07246205166960948,0.06622810440116784,0.0665701810370877
137,a,all,2120042,0,0,0.12386641372831919,0.06768471258818862,-0.18552472945394585,-0.33715769834212084,-0.033891760565770895,-0.035394603233024145,0.0790729821473732,0.04367837891434905,0.08580984252666052,0.07603577681765378
145,a,all,2120042,1,0,0.41705238531687083,0.4301942386534046,-0.0928185243453935,-0.18810150750511032,0.002464458814323278,-0.33769143797714973,0.6919752618184105,0.3542838238412608,0.43705268699339506,0.5443863114758338
151,a,all,2120042,0,1,0.6197546289092182,0.31810246434372697,-0.23387198500416387,-0.39467132746773415,-0.07307264254059365,-0.31487008056515453,0.48899357852641573,0.17412349796126117,0.5564672015365533,0.31377870594673507
152,a,all,2120042,1,1,0.9830359957167152,0.689861173521717,-0.0919811303053987,-0.21807923470147578,0.03411697409067835,-0.012172431745375523,0.8762847281697077,0.8641122964243322,0.9805114377218112,0.864349519618479
162,a,all,2120042,0,0,0.5552481046088611,0.6615882238485635,-0.2014854853317353,-0.3509987088211989,-0.05197226184227177,-0.1770906937214045,0.7830738531324425,0.605983159411038,0.5328644485720335,0.6887085182753474
167,a,all,2120042,0,1,0.48302295469853956,0.7763439758629804,-0.007727547923847914,-0.18309119908402047,0.1676361032363246,0.060419762402974864,0.7836955006531895,0.8441152630561644,0.488703502712227,0.8132228501725638
169,a,all,2120042,1,1,0.7583598332357886,0.8869413440969265,-0.19088964018301544,-0.26937141882436066,-0.11240786154167023,-0.059438745764093026,0.9330844701155844,0.8736457243514913,0.7742167680898258,0.8870659964707954
175,a,all,2120042,1,1,0.9906919064234747,0.6635117293858521,-0.18649032935216198,-0.30772462085630703,-0.06525603784801698,-0.13063141535059297,0.8737444653113482,0.7431130499607552,0.9694429817425687,0.7471047565046174
180,a,all,2120042,1,1,0.9431594287607539,0.6560185830053453,0.0071811331032028795,-0.19632486414864997,0.21068713035505565,0.07214620573564456,0.7786322158744284,0.850778421610073,0.9543923084224109,0.8474879997103885
186,a,all,2120042,1,0,0.6104696005485021,0.28228750342468656,-0.09450076621137213,-0.19814335372602138,0.009141821303277106,-0.34838730337294177,0.4994029297137133,0.15101562634077156,0.6438615699902365,0.2750897335993462
193,a,all,2120042,0,0,0.35098010209682046,0.2674690607969699,-0.008214321357666298,-0.1965628007579003,0.18013415804256766,-0.07790570380726344,0.2953083622437127,0.21740265843644926,0.41432172147108914,0.26303033692987055
196,a,all,2120042,0,0,0.39530832788932513,0.38002664213798026,-0.016258305238487775,-0.2066003231530754,0.1740837126760998,0.18500422317417548,0.32434400872550756,0.509348231899683,0.3716162688907627,0.39309458787052864
198,a,all,2120042,0,0,0.07190005219011496,0.09578625194541364,-0.08349795240108308,-0.23119590206077534,0.06419999725860916,-0.09796041668062988,0.1586915272759424,0.06073111059531252,0.09028587933649393,0.14984708491576237
205,a,all,2120042,1,1,0.9613396544842973,0.5816504119753125,-0.04614185715027679,-0.1420314366938412,0.0497477223932876,0.10039000345163385,0.6891605940965426,0.7895505975481765,0.9624369089430685,0.785779638707317
208,a,all,2120042,1,1,0.40209300774343654,0.5419701539529151,-0.15972741600619147,-0.2539200578419441,-0.06553477417043886,-0.38364186382161225,0.7194421327827453,0.335800268961133,0.4072806738535624,0.5631922159670424
211,a,all,2120042,0,0,0.1245327252569393,0.14224924521077723,-0.06941434389130902,-0.22314251244875763,0.08431382466613957,0.039362356322426656,0.16438647521130773,0.20374883153373438,0.09642181922653781,0.1681818652169593
229,a,all,2120042,0,0,0.2621232533283571,0.06419290388977462,-0.060463744143524886,-0.19270844396954118,0.07178095568249136,-0.0181111175885878,0.06995670563525107,0.05184558804666327,0.30447931100626485,0.0644422450303244
237,a,all,2120042,0,1,0.1708915851071712,0.7903440719712193,-0.05399786042834133,-0.23987085934005908,0.13187513848337634,0.014677238537030401,0.7975200380169778,0.8121972765540082,0.18990857655563823,0.8003073714953128
241,a,all,2120042,1,0,0.3026188580935535,0.3445045280194968,-0.10571421045873118,-0.2947999181926354,0.083371497275173,-0.2359562924134932,0.5015441113192208,0.26558781890572764,0.2950149658609628,0.4319334737681747
246,a,all,2120042,0,0,0.005692338093679034,0.04176496416916498,-0.02706901904407407,-0.16854185881145897,0.11440382072331079,0.01186840094368172,0.018116439756915348,0.02998484070059707,0.0026243135065499405,0.018147586161813004
250,a,all,2120042,1,1,0.9465197750492464,0.6751346002015985,-0.15941020763920521,-0.24404374824414682,-0.07477666703426364,-0.14381661120733635,0.8672152602102811,0.7233986490029447,0.9507090811076705,0.7304875019213353
254,a,all,2120042,0,1,0.15724832167185024,0.16255735638160032,-0.03361842387120878,-0.15502829248429842,0.08779144474188083,0.11029612787953566,0.14744962685810456,0.2577457547376402,0.08493199342585338,0.15681729686606638
261,a,all,2120042,0,0,0.20356688158083033,0.38709333426619397,-0.034618251458848635,-0.18841529178237182,0.1191787888646745,0.31285754382566056,0.3117214313126295,0.6245789751382901,0.1705389734222835,0.3650758356640747
264,a,all,2120042,1,1,0.5687037642510144,0.8295066338001849,-0.03281721346958731,-0.1312821407227701,0.06564771378359546,0.10130985419071503,0.7911490993565368,0.8924589535472518,0.5810993954074002,0.8500201943755732
265,a,all,2120042,0,0,0.5181619610469814,0.28450848679241203,-0.18636105038279122,-0.2858255932438763,-0.08689650752170616,-0.19966649402570194,0.44336264391079605,0.2436961498850941,0.5891544295672154,0.3257282445193978
270,a,all,2120042,0,0,0.1362979548378623,0.09318955076140832,-0.056150780940978494,-0.301939791801207,0.18963822991924997,-0.05981133747776573,0.12230691731294828,0.06249557983518255,0.15266603857068187,0.11317575735860363
271,a,all,2120042,1,0,0.8546210098694015,0.9541555603427572,-0.16482124836855275,-0.2507646787589923,-0.07887781797811322,-0.027407061388611043,0.972040045003356,0.9446329836147449,0.8799152601270086,0.9479241534522794
277,a,all,2120042,1,1,0.90274839201491,0.7486342783102978,0.04335238114780632,-0.08061398788477296,0.16731875018038556,0.19707323380293573,0.7379585356450379,0.9350317694479736,0.8959221773328886,0.9145208163677975
278,a,all,2120042,1,1,0.9841651279161855,0.9196062819023793,-0.08914938523084806,-0.28297290005859577,0.10467412959689959,-0.034983579731057146,0.9745499252614708,0.9395663455304136,0.9852240699610291,0.9400832604570325
282,a,all,2120042,0,0,0.6051305496028133,0.44270553227248666,-0.06370940305361873,-0.15585246413270396,0.028433658025466477,0.2904593735133494,0.40130368088367085,0.6917630543970202,0.5875385209157825,0.571959751583829
284,a,all,2120042,0,1,0.2805954426770063,0.5847439734856351,-0.059859204849697666,-0.15723046422377554,0.03751205452438019,0.18518688543613304,0.5345000271529722,0.7196869125891052,0.2848632031007027,0.5872529565105519
288,a,all,2120042,1,0,0.852059632776595,0.7137701694666434,-0.06475601876536366,-0.16958678389594165,0.0400747463652143,0.004640120746827181,0.8285928613323575,0.8332329820791847,0.8137217939140347,0.8323686287104435
294,a,all,2120042,1,1,0.8847277472983341,0.42768069035977874,-0.17325704780378168,-0.31291711765960073,-0.03359697794796265,-0.34951026332690505,0.6471311693923253,0.29762090606542024,0.836697904397772,0.35469666450119036
318,a,all,2120042,0,0,0.6250534679475724,0.4899685237307625,-0.08299394536842701,-0.17560824672561348,0.009620355988759446,-0.20199985734703257,0.5879283385482199,0.38592848120118733,0.47898390671963986,0.4911736577193283
319,a,all,2120042,1,1,0.9308190392508674,0.8273636067586752,-0.06908642858305818,-0.2242247759795849,0.0860519188134685,0.04278373950332526,0.8493940089152403,0.8921777484185656,0.9507415839242936,0.8900702891768362
328,a,all,2120042,0,1,0.27963988530501427,0.2923196241303659,-0.048157417349990225,-0.2667717482649783,0.17045691356499781,0.10327243996857394,0.20730761169537187,0.3105800516639458,0.24526855774207149,0.23263709410096867
334,a,all,2120042,0,0,0.17600898200510942,0.1259280927677868,-0.18368447795810883,-0.2972392512121569,-0.07012970470406081,-0.1484375342195409,0.1983455391861229,0.049908004966582015,0.20689159123360956,0.16763506153264873
339,a,all,2120042,0,1,0.778250916395819,0.8053296418123737,-0.26756538361971055,-0.4386439737882488,-0.09648679345117231,-0.04096418254395162,0.7913418013853089,0.7503776188413572,0.7738703643510148,0.7596408345146795
343,a,all,2120042,1,1,0.8779920732338832,0.48729871016220205,-0.12237276208911015,-0.253331106046643,0.008585581868422662,-0.252500407706424,0.7443325037606942,0.49183209605427014,0.8958918058613752,0.5181194575198524
346,a,all,2120042,0,0,0.5658124678015922,0.2916861019350231,-0.10880156165484008,-0.20796109924080883,-0.009642024068871352,0.021257549177203516,0.4635368861105099,0.48479443528771343,0.5102592561944268,0.47438374734218625
347,a,all,2120042,0,1,0.09579716585287354,0.4285466470989947,-0.1783192485685553,-0.2685163952585719,-0.08812210187853874,0.0718545920669893,0.2615415662030328,0.3333961582700221,0.14896115907122268,0.27224510952192144
349,a,all,2120042,0,1,0.882923762226896,0.7969397220462902,-0.09542279193810033,-0.20243796183958285,0.01159237796338218,0.03268878550218324,0.8558790417523827,0.888567827254566,0.90689913434711,0.8855244730271711
350,a,all,2120042,1,1,0.9973742424238331,0.920800968679834,-0.06224247653666902,-0.22557500612377246,0.10109005305043438,-0.01526830645046906,0.9870651730971797,0.9717968666467106,0.9973527060325942,0.9718372863422694
354,a,all,2120042,1,0,0.7082491267779003,0.5885550619538567,-0.11214042745354628,-0.28235627572089633,0.05807542081380372,-0.14297135067526034,0.6543294133891959,0.5113580627139356,0.651333622993829,0.5612073655695574
357,a,all,2120042,1,1,0.5663855336684624,0.5832321448491247,-0.16574805211961816,-0.3057947159046987,-0.02570138833453764,0.1013446835796018,0.4463772897496344,0.5477219733292362,0.6846059209937392,0.5157584601894668
360,a,all,2120042,1,0,0.341265762932717,0.19991624681511497,-0.14304470387495893,-0.30947587372845275,0.02338646597853486,-0.20995476861796994,0.3185615885237857,0.10860681990581575,0.3064633309145173,0.2542181507917359
361,a,all,2120042,0,0,0.2768589477071074,0.20832456250053383,-0.09934630231703806,-0.18021430624317264,-0.018478298390903508,-0.0406445885166562,0.19061748277556523,0.14997289425890903,0.1473623882639726,0.18462799914174433
365,a,all,2120042,1,0,0.6800472503186336,0.28771294418683135,-0.1865558763887446,-0.2725504938852895,-0.10056125889219972,-0.3344524588585174,0.48247634363636255,0.14802388477784517,0.7037892739416086,0.24709229044834086
368,a,all,2120042,1,0,0.7344033841766269,0.3888808466789952,-0.06837702940863474,-0.15899260984099067,0.022238551023721173,-0.05427466854280549,0.4718418589350713,0.4175671903922658,0.6540894483175863,0.4363413709302878
370,a,all,2120042,1,0,0.16386531345106786,0.03801651685690385,-0.25122969447545634,-0.3257147636701481,-0.17674462528076457,-0.11224918810400103,0.11604627447767366,0.003797086373672619,0.11504539026639442,0.10313252282516294
380,a,all,2120042,0,1,0.8334890379545952,0.356587592256022,-0.2551227581790338,-0.34349529601919826,-0.16675022033886938,-0.4595323870462047,0.6433774733254405,0.18384508627923582,0.6529940418405045,0.3433055625515242
384,a,all,2120042,1,1,0.8132495380169068,0.8763864956697166,-0.02547672501990621,-0.2217311265491311,0.1707776765093186,0.0703099140074529,0.8886766336909452,0.9589865476983981,0.8125043706639047,0.945803746123004
392,a,all,2120042,1,1,0.8393814095162521,0.8138724082562885,-0.106720589150428,-0.28764371102075514,0.07420253271989909,0.0859568948245617,0.7956046715365747,0.8815615663611364,0.8949939681051641,0.8725355739216074
398,a,all,2120042,0,1,0.3785590436181826,0.37164636327183176,-0.16921135838865958,-0.31894385498705136,-0.01947886179026781,-0.3498504475078327,0.5910364248254103,0.2411859773175776,0.36176284124541397,0.4644735329239972
399,a,all,2120042,1,1,0.9970146286266044,0.8330526085140617,-0.141621943470397,-0.3179287600744841,0.034684873133690064,-0.029171536123289488,0.9512178017968141,0.9220462656735247,0.9962108424749547,0.9221568012191433
409,a,all,2120042,0,0,0.16108848708925474,0.38505198503875565,0.0302655338402772,-0.16387524081533733,0.2244063084958917,0.14554265152238055,0.3680844066924097,0.5136270582147903,0.16618931836081213,0.39227204074133937
422,a,all,2120042,1,1,0.40169812470308697,0.41341350463742554,0.05957610738275591,-0.10990278923017872,0.2290550039956905,0.04875396248008518,0.4200452914399601,0.4687992539200453,0.33848323217702997,0.436547690241657
424,a,all,2120042,1,0,0.807359895400461,0.5721889064663959,-0.14104985008443596,-0.2479486477494265,-0.034151052419445466,-0.411950972386599,0.8314253440689895,0.4194743716823905,0.8860761566800972,0.46640540971604305
429,a,all,2120042,0,0,0.04054208125764265,0.015415465732562741,-0.14651018356192957,-0.2449942875837251,-0.04802607954013405,0.0037726514360697343,0.01304897486216735,0.016821626298237084,0.014013887068759502,0.013101844373342225
431,a,all,2120042,1,1,0.4190924429359105,0.48339843987886705,-0.16675684570336233,-0.31863370576935146,-0.014879985637373222,-0.32665406706368566,0.7123240608538791,0.38566999379019345,0.26194947604164803,0.6267571991396732
433,a,all,2120042,0,0,0.023721087657617025,0.0727646587422517,-0.10283742659326013,-0.29149457616832963,0.08581972298180936,-0.03402153155820689,0.06847959303076086,0.034458061472553966,0.030148742780963526,0.06745388662679803
435,a,all,2120042,0,1,0.30614278754336544,0.700626917437417,-0.05664995249937294,-0.21797449879116731,0.10467459379242142,-0.10742312894197681,0.7807369553595693,0.6733138264175925,0.43293691335902873,0.734229517492061
436,a,all,2120042,0,1,0.03998367806026931,0.20887029043875627,-0.2778532105900673,-0.3706376431310139,-0.1850687780491207,-0.3201538166817906,0.38261502886035376,0.06246121217856315,0.04558681888213726,0.368020234804856
446,a,all,2120042,1,0,0.12648336866320714,0.08754183965354545,-0.21104994786480455,-0.36974939533804435,-0.0523505003915648,-0.06432527410523083,0.14245327608668318,0.07812800198145235,0.13760778018982345,0.13360161790696043
447,a,all,2120042,1,1,0.5728568074196898,0.6648724371247139,-0.17041261974902275,-0.27285631029477975,-0.06796892920326575,0.034144994760945346,0.7178406560241876,0.7519856507851329,0.5268957316826469,0.735831508022056
451,a,all,2120042,1,1,0.844425481305444,0.6781222161862843,-0.2346237838447531,-0.38114261792128684,-0.08810494976821939,-0.17663563846118313,0.8287729384589229,0.6521372999977397,0.8242034052032726,0.6831892437589615
460,a,all,2120042,1,0,0.4015081191488898,0.4015520342975686,-0.022753797479328496,-0.15213909505468648,0.10663150009602947,-0.15089969081385596,0.4593548416637062,0.30845515084985026,0.3655224480016902,0.40419761727472747
462,a,all,2120042,0,0,0.47995226962218024,0.42316123966686997,-0.020506393708217927,-0.1583563225482793,0.11734353513184344,-0.02877369342676961,0.4686118803771519,0.4398381869503823,0.4666605896496557,0.4551843316362172
465,a,all,2120042,0,1,0.4186121225571803,0.6903555027779911,-0.07987452750609417,-0.1804790882792796,0.020730033267091247,-0.07352311822592295,0.7800438405311805,0.7065207223052575,0.5135491930884887,0.7422861024929082
467,a,all,2120042,0,0,0.13424017331038868,0.22484105768975207,-0.03573244918719147,-0.16573680238982602,0.09427190401544304,0.18109530692018136,0.12685755243371818,0.30795285935389954,0.1888332524081815,0.16105436823531388
468,a,all,2120042,1,0,0.4473842545395611,0.529895746520903,-0.1371980735311009,-0.2574352465609411,-0.016960900501260714,-0.36394341785118856,0.7078781761015418,0.34393475825035325,0.42845601156518937,0.5519444308536183
474,a,all,2120042,0,0,0.33848953380953606,0.44374313031166696,0.040316096081547126,-0.11154398197729509,0.1921761741403893,0.27024214191256124,0.30007158198562,0.5703137238981812,0.4170023363305006,0.4127631865381167
478,a,all,2120042,1,0,0.4815879254233275,0.16815828655816528,-0.14292101457655335,-0.2424847781950472,-0.04335725095805949,-0.14113139488284232,0.2377741189742361,0.09664272409139375,0.27379783230036064,0.19913264898578764
481,a,all,2120042,0,1,0.4228237656759795,0.4404462708179714,-0.03140960940798271,-0.218089086462655,0.15526986764668954,0.24256774419822325,0.2663753158727359,0.5089430600709591,0.2853642948162681,0.33559548914103476
486,a,all,2120042,1,1,0.7587397429099123,0.4762036150534132,-0.1361935017170988,-0.26569494949590344,-0.006692053938294196,-0.6892153014395378,0.8677382394188814,0.1785229379793436,0.807107991999281,0.3114670614188369
487,a,all,2120042,1,1,0.8500060230190345,0.5260554622274926,-0.10463284073492794,-0.1982904961446591,-0.010975185325196812,-0.028156691615068175,0.6387406477170029,0.6105839561019347,0.8811791752215618,0.6139295574226692
498,a,all,2120042,0,0,0.180842069467446,0.03474413597458954,-0.24583910423393185,-0.3271743451368706,-0.1645038633309931,-0.1062618189134249,0.10974740599329373,0.003485587079868836,0.19058570392071683,0.0894954224357829
503,a,all,2120042,0,0,0.3158733490225002,0.15853159349320847,-0.1035477370034341,-0.23396433261520422,0.026868858608335974,-0.16728505428348134,0.2635262519296023,0.09624119764612094,0.40711586132784927,0.19542185296770676
507,a,all,2120042,1,1,0.8888542066688003,0.8359920924028177,-0.05444290480036695,-0.13683588835084431,0.027950078750110414,-0.030854928811506976,0.9308527063190833,0.8999977775075764,0.8926277089340195,0.9033107419047457
508,a,all,2120042,0,0,0.4861368559230739,0.22187266355716667,-0.1371023258560299,-0.29334396008739216,0.019139308375332315,-0.05620972089686527,0.2627225744829081,0.20651285358604282,0.5311711209732923,0.23286559402452428
514,a,all,2120042,1,1,0.8647892913411044,0.7761679862678832,-0.04918327372455824,-0.1559604715847019,0.057593924135585374,-0.061478120138046544,0.8845825250519558,0.8231044049139092,0.8943195699412145,0.8296014390893036
526,a,all,2120042,0,0,0.039456746332682736,0.09443630355538442,-0.10156935937517715,-0.22022542707563192,0.01708670832527759,0.020299231269924375,0.06015719113646259,0.08045642240638697,0.05466687900003019,0.06126688675608918
528,a,all,2120042,1,1,0.9257797740573446,0.6608412985589942,-0.20813966404220688,-0.32311429071965914,-0.09316503736475464,-0.3151680255715663,0.877924904862706,0.5627568792911397,0.8946923510881424,0.5959464830762735
532,a,all,2120042,1,0,0.6405983393398482,0.19536453691712466,-0.21090842584595862,-0.33422556407935206,-0.08759128761256521,-0.5334643262344162,0.5735551216747997,0.040090795440383485,0.6066516810570359,0.24992809138073208
534,a,all,2120042,0,1,0.574922516218826,0.9359668565212989,0.05208046240638068,-0.11852762480306145,0.22268854961582277,0.13543398492073888,0.8396523821431012,0.9750863670638401,0.6415710899254514,0.9265429114616468
535,a,all,2120042,0,0,0.6147030586072775,0.21875295045396656,-0.09598313934708994,-0.19189045007564207,-7.582861853783207e-05,0.03704061610492676,0.22099152902364283,0.2580321451285696,0.40412609914286823,0.23596060871997537
538,a,all,2120042,1,0,0.8370200904420659,0.6371842010036332,-0.05938801967626724,-0.2032350630362546,0.08445902368372012,-0.06212851278558973,0.7780343272758928,0.7159058144903031,0.8082821081633567,0.7278169619845023
539,a,all,2120042,0,1,0.3879392846172719,0.3838634013307982,-0.17859359833409696,-0.2814755709893003,-0.07571162567889363,-0.11126006308263126,0.4664730480873413,0.35521298500471005,0.46073813292230986,0.41521129435383136
546,a,all,2120042,0,0,0.2073162133306735,0.09652850182168608,-0.12820559029225012,-0.26175017665335676,0.005338996068856461,-0.06620608679353736,0.1411022908806444,0.07489620408710705,0.2563020340491129,0.12413353616902867
549,a,all,2120042,1,0,0.739975694816791,0.3100032205687007,-0.060243837854147865,-0.2881048163623289,0.16761714065403308,-0.22605679180368443,0.5078172149242439,0.2817604231205595,0.8011893584262512,0.32670291893115333
550,a,all,2120042,0,0,0.12936583928313697,0.05883171754579175,-0.22318222093165888,-0.31429962443951803,-0.13206481742379977,-0.08381602753461014,0.09640615135008752,0.012590123815477389,0.13400979470830476,0.0851739827069088
552,a,all,2120042,1,0,0.45350265207302726,0.18965967460067173,-0.0784590351614451,-0.22703041169560728,0.07011234137271706,0.08753892270289004,0.1992963733242461,0.28683529602713614,0.4572237483724141,0.23932124769094448
559,a,all,2120042,1,0,0.6782126178562653,0.27594932424060925,-0.18483159585870299,-0.3431849299992619,-0.026478261718144103,-0.36576085048430995,0.5887644136938451,0.22300356320953515,0.7184678395003896,0.32597700567255794
560,a,all,2120042,1,1,0.9485907983199526,0.6528644179184997,-0.1777716417705509,-0.4607310500881633,0.10518776654706144,-0.06469990771798673,0.840006845109726,0.7753069373917393,0.9520143474859696,0.7784116046811844
561,a,all,2120042,1,0,0.5217864440997997,0.34432787211813587,-0.04868223364145628,-0.1574627579423254,0.060098290659412815,-0.14847635272894044,0.47000754047362386,0.3215311877446834,0.49528534616089104,0.39646937871556404
563,a,all,2120042,0,0,0.2888108870929679,0.18098102712418618,-0.08459685422526605,-0.2592912309948664,0.09009752254433423,0.08723419972137467,0.16780480528123268,0.25503900500260734,0.31333299897025074,0.19513815869270082
568,a,all,2120042,1,1,0.945792509206312,0.8868332236311733,-0.14816360105039922,-0.28169199303719306,-0.014635209063605409,-0.11006768648138565,0.9621006613342603,0.8520329748528747,0.9575199301970099,0.8567086578576576
569,a,all,2120042,0,1,0.5699463291222611,0.7944201465389817,0.011988862538384425,-0.09731975662324768,0.12129748170001652,-0.03506472883281053,0.8463245486547423,0.8112598198219317,0.667795473870383,0.8229084814476991
571,a,all,2120042,0,0,0.019360718143083263,0.20212904424201789,0.004443372744464179,-0.12814422228956757,0.1370309677784959,0.17274679823127478,0.07316077366171819,0.24590757189299298,0.020388722435939765,0.07668286018255294
576,a,all,2120042,1,0,0.985657195683646,0.7904012675222625,-0.20469194570109042,-0.40219639793746764,-0.007187493464713285,-0.13762755085764844,0.9336653303150813,0.7960377794574328,0.9855241777839763,0.7980300514156748
578,a,all,2120042,0,0,0.4767550890856799,0.25929069698033747,-0.07824731242122326,-0.24988551592268063,0.09339089108023405,-0.1661069213092291,0.37306363189420844,0.20695671058497933,0.30633299155751065,0.3221796017711443
580,a,all,2120042,1,1,0.9683649971691306,0.9373258311670802,0.05522797340536576,-0.15383595440290476,0.2642919012136362,0.041240948763694774,0.9508598933381807,0.9921008421018754,0.9665661090584269,0.990721996718583
584,a,all,2120042,1,0,0.49698425281219805,0.6131683013636084,-0.06365756087226043,-0.2637411135044533,0.13642599175993236,-0.18620539681394355,0.7916820777128901,0.6054766808989466,0.47263355488663145,0.7036751590776402
588,a,all,2120042,1,1,0.725697380234409,0.6843480839944683,-0.04023710889578132,-0.1609849183948111,0.08051070060324843,0.05151712594740754,0.7716016543161577,0.8231187802635652,0.7264867484806898,0.80902816363676
594,a,all,2120042,0,1,0.3328267557033292,0.25650785824047323,-0.1385614268527168,-0.3050323393969891,0.027909485691555436,-0.1845762402931477,0.3341791213468299,0.14960288105368222,0.2895476165668742,0.28073551089507437
599,a,all,2120042,0,1,0.23146940847626968,0.09030329016421154,-0.09203447162578123,-0.24963742665233352,0.06556848340077102,-0.017020805613165407,0.0815640556751646,0.0645432500619992,0.1107623584300319,0.07967879110307127
603,a,all,2120042,1,1,0.950662659254123,0.6967093952267789,-0.1816931034518296,-0.28017479123544364,-0.0832114156682156,-0.4064471216929251,0.9031243204678541,0.496677198774929,0.8781433534838903,0.546205482010554
606,a,all,2120042,0,1,0.08517606265379608,0.17269328254815747,-0.03272535892860402,-0.19845754325513132,0.13300682539792325,-0.0810499975355446,0.21978098697191426,0.13873098943636966,0.045834318428495995,0.2160661155762413
607,a,all,2120042,0,0,0.07414474202561468,0.2048679698877292,0.034337899524787226,-0.0912104932751768,0.1598862923247512,-0.20262165996000597,0.3087378023791391,0.10611614241913314,0.07743012434549355,0.29304878205334556
609,a,all,2120042,0,1,0.277521844901034,0.10971715898201154,-0.1453785729086454,-0.26275311375466626,-0.02800403206262453,-0.17815202596793825,0.22489714031231664,0.046745114344378384,0.3450213473808075,0.163430888274238
614,a,all,2120042,1,1,0.7368159723539403,0.635921089561127,-0.08326570214035635,-0.24442799119849695,0.07789658691778421,0.13800989485438941,0.6359172787744115,0.7739271736288009,0.8274743251071385,0.7501169233771545
617,a,all,2120042,1,0,0.8010460484695189,0.6505113552194871,-0.18380701250437517,-0.27899285821772535,-0.08862116679102502,-0.32977963417948597,0.8338032757051225,0.5040236415256365,0.8485350583833042,0.5539736945630076
621,a,all,2120042,1,1,0.644145557958666,0.5836106553929663,-0.1279851041127281,-0.2385413518316536,-0.017428856393802622,-0.10300534475910206,0.7057406494157711,0.602735304656669,0.6270415558891259,0.6411520177731279
626,a,all,2120042,1,0,0.621304359534801,0.15585901537739205,-0.12074655915858118,-0.21483920490342587,-0.02665391341373652,-0.14734105843629364,0.26353475745247545,0.11619369901618182,0.5408398945646613,0.18384683494274479
638,a,all,2120042,1,0,0.20200546242296274,0.05160114561808784,-0.1887909013295253,-0.3447966295846787,-0.032785173074371926,-0.028967779075204383,0.061277322843089226,0.03230954376788484,0.21730089998808788,0.054982598379391213
648,a,all,2120042,1,1,0.40996509811221016,0.8800482851214706,-0.07674012646340081,-0.20757315870951967,0.054092905782718026,0.22657797391420198,0.7325950095116571,0.9591729834258591,0.446193692985528,0.8336926724416136
651,a,all,2120042,1,0,0.6876186017763337,0.41032673117209584,-0.11557982237245132,-0.2311717219517792,1.20772068765429e-05,0.14285091672279376,0.2851618328993221,0.4280127496221159,0.7508626695093064,0.39242325357165064
656,a,all,2120042,0,0,0.2167281587206824,0.5370490537827723,-0.13898068035674435,-0.24062950582676806,-0.03733185488672064,0.008071797181922913,0.46869912424753557,0.4767709214294585,0.22802004329675454,0.4705396557904402
662,a,all,2120042,0,0,0.5412854875092089,0.34301902574651366,-0.08218285560827514,-0.17109779749968634,0.0067320862831360545,0.12090442381375327,0.2880053588167833,0.40890978263053657,0.3957846009982411,0.33585746795483185
663,a,all,2120042,1,1,0.5589559669846118,0.5429086181082996,-0.015205478785862939,-0.13151878054940314,0.10110782297767722,-0.0006267839972746714,0.6515715924340533,0.6509448084367786,0.5681953671368609,0.6512154566706063
676,a,all,2120042,1,0,0.5596279154696607,0.5356363889106334,-0.08066004999775396,-0.17458518274579682,0.013265082750288884,0.288078314021742,0.4324920904579289,0.7205704044796709,0.6529119529093504,0.6205818650566977
680,a,all,2120042,1,0,0.7326959997507486,0.1170233972345142,-0.10524259214482112,-0.23638900237791985,0.025903818088277575,-0.21676132704337042,0.27484012746336883,0.05807880041999842,0.7595694039485262,0.11019485548194441
684,a,all,2120042,0,0,0.5095809620747207,0.10132008379383026,-0.1562110014786814,-0.2857611620952615,-0.026660840862101298,-0.09365228131014089,0.1535330244619221,0.05988074315178122,0.2799397036695437,0.12731603258398452
689,a,all,2120042,1,1,0.9593965059098839,0.9708116047422297,-0.05173739785143138,-0.14429341359942632,0.04081861789656354,0.028437736123359203,0.9572782937779396,0.9857160299012988,0.9706128031462105,0.9848803245517656
702,a,all,2120042,0,0,0.010011310911000815,0.03830598684834653,-0.1068144391745486,-0.19146270516955383,-0.022166173179543405,-0.008814129041007847,0.027598928413820053,0.018784799372812206,0.012737884181278832,0.027486655058936847
705,a,all,2120042,1,0,0.9818387908092856,0.7573522870442213,-0.23136817615957517,-0.35958429051703417,-0.1031520618021162,-0.24861107127745252,0.9414393089611733,0.6928282376837208,0.9809324818902252,0.6975686337875942
707,a,all,2120042,1,0,0.27816788105154977,0.05224217720605555,-0.20538583246788195,-0.30351641129813306,-0.10725525363763086,-0.18261274863827542,0.1878998981069971,0.005287149468721667,0.2347415664691916,0.14503309543440357
708,a,all,2120042,0,0,0.3040798043728327,0.1655436036729748,-0.15969717221658677,-0.2347757175067518,-0.08461862692642176,-0.3033594815556778,0.3504194567553186,0.04705997519964079,0.374407833118835,0.2368392906100041
712,a,all,2120042,0,0,0.12268991638648172,0.16094383124644054,0.00955537951246332,-0.19683384690436315,0.21594460592928974,0.20262182932038472,0.14691061958728588,0.3495324489076706,0.05606427893599119,0.15827046634482472
713,a,all,2120042,0,1,0.23599487445084782,0.8782731705182755,-0.004244266965398607,-0.19653121094762377,0.18804267701682648,0.18351149860665072,0.775833119343291,0.9593446179499417,0.3611110149512662,0.8421011428603665
723,a,all,2120042,1,1,0.9521620121455607,0.7180788959887858,0.009113446375428215,-0.1774892680532839,0.1957161608041403,-0.013981278819158116,0.8683621139850527,0.8543808351658946,0.9403397493894873,0.855214961764101
727,a,all,2120042,0,0,0.0032718255340256712,0.06262436697095924,-0.09985075617060635,-0.2337527564968441,0.03405124415563138,0.01940221066508254,0.03568903252242936,0.0550912431875119,0.004415015471387493,0.03577469358269482
735,a,all,2120042,1,1,0.8534351673132365,0.7130838936189544,-0.03070889524129224,-0.18690199104874533,0.1254842005661608,0.2892291597635016,0.6042732494725858,0.8935024092360874,0.85753976359256,0.8522987547602537
739,a,all,2120042,0,1,0.0895373639085759,0.1853399503869139,-0.06633911953485312,-0.21211821269506032,0.07943997362535403,0.04653584065128688,0.23099895524207756,0.27753479589336444,0.10826828795026494,0.23603731103771872
743,a,all,2120042,1,0,0.818683828918493,0.6157485834573707,-0.21047013085301516,-0.31875226251495437,-0.10218799919107596,-0.3588049137290085,0.8478417441080576,0.48903683037904905,0.8540792214123399,0.5413939227514641
744,a,all,2120042,0,0,0.09329951122621169,0.041473685206252144,0.0015629731224772118,-0.12822329130023347,0.13134923754518787,0.00043827428651807554,0.026528100992398846,0.02696637527891692,0.03804426145219432,0.026544774813942913
752,a,all,2120042,1,0,0.3348775343979219,0.24354561544039974,-0.0887814182778687,-0.17558405047542974,-0.0019787860803076734,-0.048624029853681416,0.3276257229580346,0.2790016931043532,0.4051996569380795,0.3079232827423759
760,a,all,2120042,1,1,0.7485418695547517,0.8305860348800337,-0.17486475144531927,-0.3276850806243086,-0.022044422266329966,-0.1049719012824385,0.9221465373701752,0.8171746360877367,0.8120115327351075,0.8369081429157039
773,a,all,2120042,1,1,0.914863198781001,0.9121508805594647,-0.06054029986530496,-0.265715522982227,0.14463492325161703,-0.05078761983714952,0.9666567816878695,0.91586916185072,0.9159070005121013,0.9201400451396771
776,a,all,2120042,0,0,0.14330884330943072,0.09585268083584234,-0.003982393995206048,-0.22579164501785054,0.21782685702743837,0.11215936655437345,0.0472359901847925,0.15939535673916594,0.07290723182044223,0.05541321912300616
779,a,all,2120042,0,0,0.25515722437842836,0.42313541948263494,-0.03620914628228685,-0.22732607635704752,0.15490778379247375,0.2102850669914252,0.22621397008186886,0.43649903707329407,0.3629244759380927,0.30253156781733853
781,a,all,2120042,1,1,0.6521171674969055,0.7699677984932016,0.0035436276200396955,-0.09979031409407642,0.10687756933415578,0.031273744586730046,0.8283829563994728,0.8596567009862028,0.7461971474210043,0.8517193353992638
782,a,all,2120042,1,0,0.9196777343953139,0.3558001237336559,-0.1402127086660687,-0.2576048596723678,-0.02282055765976962,-0.27881971225762575,0.5994415106886838,0.32062179843105804,0.8619811840905949,0.3591041649690566
783,a,all,2120042,0,0,0.05272548433485517,0.2406226143633537,-0.04205414229853754,-0.2699703963570217,0.18586211175994657,0.11768093960974968,0.16619341714787256,0.28387435675762224,0.05485994054116541,0.1726493864976919
786,a,all,2120042,0,0,0.03812943704176544,0.11437638706227056,-0.09664200165496904,-0.26401380884158215,0.07072980553164405,-0.1204466128067492,0.16532041866408156,0.044873805857332354,0.05941604163077386,0.15816395770327005
798,a,all,2120042,1,1,0.8327737945049245,0.783285342163915,-0.06769861644157209,-0.1668352031433648,0.03143797026022059,-0.012829595656138837,0.8710496929005754,0.8582200972444366,0.8434126957509361,0.8602290490428369
822,a,all,2120042,0,0,0.7964023859694794,0.7226986869274035,-0.011463576466600393,-0.23317437338362168,0.21024722045042085,0.15687867128973654,0.7780227700505881,0.9349014413403246,0.7866852715996432,0.9014369101823456
827,a,all,2120042,0,1,0.2056433403202506,0.4113805423451876,-0.2596286870024883,-0.3316926829635062,-0.18756469104147044,-0.47170840662307595,0.6500277796996768,0.1783193730766009,0.24463777729865077,0.5346300835703194
839,a,all,2120042,0,0,0.3457889297867934,0.05124497227156187,-0.18176121060836847,-0.38494779378415206,0.021425372567415057,-0.082870305049013,0.09704353328678197,0.01417322823776898,0.162343632639872,0.08359006692715087
841,a,all,2120042,0,0,0.019861527146896228,0.10164040189477093,-0.04191322610192282,-0.14346310478696664,0.05963665258312096,-0.010820327453034226,0.09911358918728445,0.08829326173425023,0.034639969991106065,0.09873877336901742
845,a,all,2120042,1,1,0.7845205245651106,0.5028463854562354,0.026771045123189424,-0.16904875500105213,0.22259084524743095,-0.054967122143437575,0.679755636458759,0.6247885143153215,0.7638252185778449,0.6377703623729527
848,a,all,2120042,0,0,0.04549534038197328,0.20059538901900603,-0.08357479631690695,-0.2280252900814642,0.06087569744765026,0.0857810802170664,0.15080779969315497,0.23658887991022137,0.05969038884345037,0.1559281057267229
859,a,all,2120042,1,1,0.7602096924000427,0.7230801507304334,-0.06524544089744118,-0.1635519186869608,0.03306103689207844,0.10091643251497262,0.7428263810643577,0.8437428135793303,0.8320547758187614,0.8267943806970325
868,a,all,2120042,1,0,0.21062354843487735,0.06359302579297506,-0.056614603270190654,-0.18584034867784782,0.07261114213746647,-0.03768758335333155,0.08397151622017748,0.046283932866845935,0.23923225370276432,0.07495543071794919
875,a,all,2120042,1,1,0.2095630028940588,0.2500639566902867,-0.012864733768639449,-0.12794092206835317,0.10221145453107423,0.2750351541256375,0.13981080528827883,0.41484595941391633,0.19551987810503407,0.19358564509752274
890,a,all,2120042,1,1,0.9876736406620003,0.7278839613296898,-0.09177434265467324,-0.2733542663825038,0.08980558107315728,-0.020946677854016382,0.8906656266682582,0.8697189488142418,0.9874817561550102,0.8699811644353609
892,a,all,2120042,0,0,0.8076451424384118,0.15579588391163252,-0.2428785261655013,-0.45342688716673,-0.03233016516427259,-0.4218944972490402,0.4749578951993378,0.053063397950297596,0.752638681307789,0.15742377713880756
893,a,all,2120042,0,1,0.3661923861325035,0.2186854365192891,-0.07248582500529646,-0.1967266441590068,0.05175499414841386,-0.13899119129057289,0.2884059010666973,0.1494147097761244,0.20296380287330745,0.2601957203164713
898,a,all,2120042,1,1,0.4525570471867023,0.756871634384734,-0.14819089057373225,-0.2835469705380085,-0.012834810609456071,0.11489019733853345,0.5760315391701575,0.6909217365086909,0.47972378810490296,0.6311470998535185
908,a,all,2120042,1,1,0.640993242901371,0.5389593655355164,-0.08622067478667071,-0.24942853358517192,0.07698718401183045,0.2700079153490359,0.5696492081263452,0.8396571234753811,0.6849639978240327,0.7545949092679538
913,a,all,2120042,0,0,0.3899701749588427,0.4784470629741568,0.06051992521211733,-0.06813259430465371,0.18917244472888833,0.5763362625455206,0.21409661929254425,0.7904328818380649,0.36702698783272614,0.4256275817133979
915,a,all,2120042,1,1,0.9523558435925714,0.7524112911697871,-0.08909601422655755,-0.20905232219332814,0.030860293740213027,-0.10460704553612188,0.9122655745034537,0.8076585289673318,0.9415880973154946,0.8137688255313014
917,a,all,2120042,1,0,0.9238051845363644,0.6510453356614134,-0.03434031755728152,-0.24153899974749565,0.17285836463293258,0.012647334156821954,0.7540394926111339,0.7666868267679559,0.9317451813874247,0.7658235852691494
924,a,all,2120042,0,1,0.0417535111573159,0.2874748128522012,-0.1838190167790583,-0.29897720915914083,-0.06866082439897579,-0.03518580558050255,0.34295445282315096,0.3077686472426484,0.03257650484478903,0.34180822225718993
929,a,all,2120042,1,0,0.6620698022112059,0.5400270204453903,-0.00201600605717916,-0.14027461808335817,0.1362426059689998,-0.2246108655442407,0.7244357997544417,0.499824934210201,0.6590473051994321,0.5764066140989978
934,a,all,2120042,0,0,0.18036522670882124,0.2064085005755072,-0.1285115883164763,-0.24935318650286015,-0.00766999013009248,-0.17923562100166213,0.30255577023811625,0.12332014923645412,0.22882149384738068,0.26154280768985294
955,a,all,2120042,1,1,0.8200078699622655,0.4406715112363194,-0.11012727414721939,-0.26623305081599674,0.045978502521557926,-0.4074361291328243,0.7758676384475641,0.36843150931473984,0.8734804756292069,0.41998013458410177
960,a,all,2120042,1,1,0.36430064625510755,0.5474723955226386,0.037305277383858554,-0.10772481857046023,0.18233537333817731,0.30302428580824725,0.4145443547009303,0.7175686405091776,0.3800930993244424,0.5297217946643626
961,a,all,2120042,0,1,0.5523427628313959,0.3262244000448834,0.006979794003979875,-0.21023598558821785,0.2241955735961776,-0.17386110854674186,0.4319105760822528,0.25804946753551095,0.49347354839846846,0.3461147179192008
967,a,all,2120042,0,0,0.6292753281413976,0.5409563573366718,-0.03201743099223798,-0.19552277718486002,0.13148791520038405,0.11315424130412288,0.5413987873849739,0.6545530286890968,0.44694083003004204,0.5919720379148583
976,a,all,2120042,0,0,0.1875189495787529,0.0955061027502557,-0.20938224255616814,-0.35756352863811125,-0.06120095647422505,-0.10435438224184548,0.15809386067540734,0.05373947843356186,0.20179595515564355,0.13703556843623702
977,a,all,2120042,1,0,0.9290030480519587,0.6776003156365273,-0.04928491005944273,-0.23700178513589143,0.13843196501700594,0.2172265382051104,0.6784268664625951,0.8956534046677055,0.9400329381747864,0.8826269674210825
980,a,all,2120042,1,1,0.8907828288358244,0.6749097282986456,-0.12708736229818168,-0.311305435981697,0.0571307113853336,-0.1328309937568829,0.8403143102576274,0.7074833165007445,0.9173360209342071,0.7184636549879518
986,a,all,2120042,1,0,0.7193384695803312,0.254603712244821,-0.09992954825722244,-0.23445432977935332,0.034595233264908404,-0.21930664730454208,0.3912007173486197,0.17189407004407764,0.6588215068712526,0.24671678150455897
987,a,all,2120042,0,0,0.39239782738313184,0.3616015143122923,-0.09109097364897974,-0.2869436353082015,0.10476168801024195,0.16537846499403014,0.35989141899015303,0.5252698839841832,0.3384405855504341,0.41586220352016456
989,a,all,2120042,0,0,0.4195655553387942,0.2200655918802256,-0.14975876460360438,-0.2852568493547365,-0.014260679852472258,-0.22553091570484401,0.34182879340480493,0.11629787769996093,0.2358266405545143,0.2886425952129482
5,a,sqrt,1120042,1,1,0.5795099407346891,0.45383672466596636,-0.016388265901274707,-0.22526217165265744,0.19248563985010797,0.29544125881310984,0.4283602486568981,0.7238015074700079,0.5143494763770452,0.5803203054275963
12,a,sqrt,1120042,0,1,0.2563443628296557,0.31554648939782576,-0.05549213739983102,-0.18336828219031914,0.07238400739065706,-0.1020346687031714,0.35251383485816296,0.25047916615499155,0.22807181354145364,0.3292426029229293
15,a,sqrt,1120042,1,0,0.5723121503402373,0.0711800106491393,-0.04485563864072919,-0.15541700343954423,0.06570572615808584,-0.003080297422145953,0.08496536053642435,0.0818850631142784,0.5888855260374319,0.08315141796863218
30,a,sqrt,1120042,0,0,0.5704623645591489,0.21940483178855139,-0.12357505138384359,-0.28228877395767554,0.03513867118998834,-0.15824629257148742,0.32006203944320166,0.16181574687171424,0.5261665055811847,0.23679814065968435
35,a,sqrt,1120042,1,1,0.9786739657392879,0.9608229058564473,0.05537535192456756,-0.03885640804987738,0.14960711189901246,0.011426825642477212,0.9756257658102383,0.9870525914527155,0.9757346483150356,0.986775315509858
39,a,sqrt,1120042,1,0,0.7563312812814935,0.4430608439787013,-0.09469992405531083,-0.2062298369346347,0.016829988824013,-0.0787740414269622,0.5056272841792651,0.42685324275230285,0.77152706901285,0.4448509788828241
40,a,sqrt,1120042,0,0,0.3237420599830904,0.2982946082931811,-0.12134372033033687,-0.24412298649860062,0.0014355458379268493,0.060474988513839145,0.3131862436036617,0.37366123211750085,0.36407388745256936,0.3352036077655446
43,a,sqrt,1120042,1,0,0.7047099212791663,0.49538448081499037,-0.09262092441423167,-0.17487243401328142,-0.010369414815181943,-0.19702180525731344,0.6091152747624241,0.41209346950511067,0.6567057331961557,0.4797299256852899
45,a,sqrt,1120042,0,0,0.14375167160505867,0.2557150926189954,-0.11956928317163604,-0.2042984165559215,-0.03484014978735056,0.13139903885494988,0.2165379872607052,0.3479370261156551,0.17346042267748582,0.2393305200799002
48,a,sqrt,1120042,1,1,0.2869094591298208,0.5200283869835888,-0.1498905959156956,-0.30724539664099254,0.0074642048096013325,-0.02351093248221392,0.4828213005356463,0.4593103680534324,0.42933764997077845,0.47272717203511094
63,a,sqrt,1120042,1,0,0.6299929194432841,0.09389999784630394,-0.07951425100268568,-0.20514097461946768,0.0461124726140963,-0.08061850681857732,0.15433536704847534,0.07371686022989801,0.6257533169734277,0.10388806899730568
67,a,sqrt,1120042,1,1,0.4513636744214192,0.40273088169296545,-0.18485841813381987,-0.341693263386225,-0.02802357288141477,-0.4040936263411786,0.6270655271286899,0.22297190078751128,0.5184844589253166,0.41754926192001485
69,a,sqrt,1120042,0,0,0.5079878119731548,0.449753898593139,-0.1071038442653953,-0.19080792560184134,-0.023399762928949283,-0.2535047085663173,0.6257136287774533,0.372208920211136,0.5819759402865388,0.4781799876425058
72,a,sqrt,1120042,1,0,0.6876808873098719,0.25816613580701225,-0.018256782119266464,-0.13111822469723372,0.09460466045870075,0.03393963416448598,0.2845721538079479,0.3185117879724339,0.7269864624971379,0.3092458083876346
75,a,sqrt,1120042,1,0,0.9284421657491837,0.5305457320934457,-0.029711663497250927,-0.15774947249983381,0.09832614550533192,-0.21905044290968123,0.7859902699448377,0.5669398270351564,0.9155184418716508,0.5854455497608714
85,a,sqrt,1120042,0,0,0.008773461662729192,0.05109755699917495,-0.0598493591280262,-0.15279895655921216,0.033100238303159744,-0.03033405828346857,0.05306870888576817,0.022734650602299605,0.012191215162621852,0.05269889985447889
93,a,sqrt,1120042,0,1,0.1300230111624891,0.16701344340059887,-0.16493388280934526,-0.31792543393383027,-0.01194233168486028,-0.24763340158643393,0.32022570877467954,0.0725923071882456,0.13659914574554174,0.28639919765990995
115,a,sqrt,1120042,0,0,0.3157245845303033,0.1643600339313219,-0.037814620256074453,-0.20313814616279488,0.12750890565064593,-0.036066766855671034,0.2053367437300431,0.16926997687437206,0.1881577563382044,0.19855050180010692
116,a,sqrt,1120042,0,1,0.14650089561447635,0.15602766967695844,-0.15500691058488486,-0.2454230554361116,-0.06459076573365816,-0.014342061446469406,0.14192494897859992,0.1275828875321305,0.1837349785468509,0.13928981062641524
121,a,sqrt,1120042,1,0,0.928058756616359,0.44493618910240407,-0.14720852224273973,-0.23921550328971386,-0.055201541195765605,-0.578150415838105,0.8466828492611407,0.2685324334230356,0.8997037852763005,0.3265187316725304
122,a,sqrt,1120042,1,0,0.7854315242155321,0.07005176903682989,-0.14980917956118547,-0.2506563758007845,-0.04896198332158652,-0.1662835077113541,0.20281166924209829,0.03652816153074418,0.7578750286730987,0.07678955106749236
123,a,sqrt,1120042,0,1,0.24285397886031204,0.2891142413764236,-0.09701935648055074,-0.2387901618147245,0.044751448853623005,0.03246765507545743,0.22412970679849994,0.2565973618739574,0.15541688820093894,0.22917572871750896
126,a,sqrt,1120042,0,0,0.2349973785016529,0.26933851537626746,-0.16916950769989456,-0.2999711512350077,-0.038367864164781385,-0.3010231687743369,0.44215599748635387,0.141132828712017,0.21023743122465782,0.3788696597441307
130,a,sqrt,1120042,0,0,0.13407671620313127,0.0796182747860163,-0.014267700216158356,-0.15500178242254617,0.12646638199022942,0.006309753656425152,0.06615229801318433,0.07246205166960948,0.06622810440116784,0.0665701810370877
137,a,sqrt,1120042,0,0,0.12386641372831919,0.06768471258818862,-0.15569043975978655,-0.24982305398901805,-0.06155782553055507,-0.035394603233024145,0.0790729821473732,0.04367837891434905,0.08580984252666052,0.07603577681765378
145,a,sqrt,1120042,1,0,0.41705238531687083,0.4301942386534046,-0.08773329007470047,-0.17842630954624966,0.002959729396848673,-0.33769143797714973,0.6919752618184105,0.3542838238412608,0.43705268699339506,0.5443863114758338
151,a,sqrt,1120042,0,1,0.6197546289092182,0.31810246434372697,-0.10472439629920548,-0.21552410859151455,0.006075315993103583,-0.31487008056515453,0.48899357852641573,0.17412349796126117,0.5564672015365533,0.31377870594673507
152,a,sqrt,1120042,1,1,0.9830359957167152,0.689861173521717,-0.1026890881806534,-0.20470755873374058,-0.0006706176275662612,-0.012172431745375523,0.8762847281697077,0.8641122964243322,0.9805114377218112,0.864349519618479
162,a,sqrt,1120042,0,0,0.5552481046088611,0.6615882238485635,-0.10195056270307759,-0.3000636384016402,0.09616251299548495,-0.1770906937214045,0.7830738531324425,0.605983159411038,0.5328644485720335,0.6887085182753474
167,a,sqrt,1120042,0,1,0.48302295469853956,0.7763439758629804,-0.06328689846333461,-0.22053220481505748,0.09395840788838818,0.060419762402974864,0.7836955006531895,0.8441152630561644,0.488703502712227,0.8132228501725638
169,a,sqrt,1120042,1,1,0.7583598332357886,0.8869413440969265,-0.14380652911738578,-0.3317614354950545,0.044148377260282895,-0.059438745764093026,0.9330844701155844,0.8736457243514913,0.7742167680898258,0.8870659964707954
175,a,sqrt,1120042,1,1,0.9906919064234747,0.6635117293858521,-0.09209821864702415,-0.20461758234624572,0.020421145052197387,-0.13063141535059297,0.8737444653113482,0.7431130499607552,0.9694429817425687,0.7471047565046174
180,a,sqrt,1120042,1,1,0.9431594287607539,0.6560185830053453,-0.022298454914609724,-0.11024801113694385,0.06565110130772436,0.07214620573564456,0.7786322158744284,0.850778421610073,0.9543923084224109,0.8474879997103885
186,a,sqrt,1120042,1,0,0.6104696005485021,0.28228750342468656,-0.11482349967367352,-0.2049650812030403,-0.024681918144306772,-0.34838730337294177,0.4994029297137133,0.15101562634077156,0.6438615699902365,0.2750897335993462
193,a,sqrt,1120042,0,0,0.35098010209682046,0.2674690607969699,-0.06882527161283154,-0.1800390986436984,0.042388555418035295,-0.07790570380726344,0.2953083622437127,0.21740265843644926,0.41432172147108914,0.26303033692987055
196,a,sqrt,1120042,0,0,0.39530832788932513,0.38002664213798026,0.048124375431288,-0.043210241829392704,0.13945899269196868,0.18500422317417548,0.32434400872550756,0.509348231899683,0.3716162688907627,0.39309458787052864
198,a,sqrt,1120042,0,0,0.07190005219011496,0.09578625194541364,-0.08539042435265057,-0.17498346957875127,0.004202620873450122,-0.09796041668062988,0.1586915272759424,0.06073111059531252,0.09028587933649393,0.14984708491576237
205,a,sqrt,1120042,1,1,0.9613396544842973,0.5816504119753125,-0.030139591530178908,-0.10953344420456354,0.04925426114420571,0.10039000345163385,0.6891605940965426,0.7895505975481765,0.9624369089430685,0.785779638707317
208,a,sqrt,1120042,1,1,0.40209300774343654,0.5419701539529151,-0.09218580329357647,-0.23620479015262247,0.051833183565469496,-0.38364186382161225,0.7194421327827453,0.335800268961133,0.4072806738535624,0.5631922159670424
211,a,sqrt,1120042,0,0,0.1245327252569393,0.14224924521077723,-0.03399554908023726,-0.1580524188589503,0.09006132069847575,0.039362356322426656,0.16438647521130773,0.20374883153373438,0.09642181922653781,0.1681818652169593
229,a,sqrt,1120042,0,0,0.2621232533283571,0.06419290388977462,-0.032463497558347855,-0.14882613143366408,0.08389913631696835,-0.0181111175885878,0.06995670563525107,0.05184558804666327,0.30447931100626485,0.0644422450303244
237,a,sqrt,1120042,0,1,0.1708915851071712,0.7903440719712193,-0.09219465372522706,-0.27906440733922383,0.09467509988876965,0.014677238537030401,0.7975200380169778,0.8121972765540082,0.18990857655563823,0.8003073714953128
241,a,sqrt,1120042,1,0,0.3026188580935535,0.3445045280194968,-0.11968280149029148,-0.27268372383918205,0.03331812085859903,-0.2359562924134932,0.5015441113192208,0.26558781890572764,0.2950149658609628,0.4319334737681747
246,a,sqrt,1120042,0,0,0.005692338093679034,0.04176496416916498,-0.07497359468602789,-0.19089073411428592,0.04094354474223012,0.01186840094368172,0.018116439756915348,0.02998484070059707,0.0026243135065499405,0.018147586161813004
250,a,sqrt,1120042,1,1,0.9465197750492464,0.6751346002015985,-0.12411056344856698,-0.2510919966025111,0.002870869705377102,-0.14381661120733635,0.8672152602102811,0.7233986490029447,0.9507090811076705,0.7304875019213353
254,a,sqrt,1120042,0,1,0.15724832167185024,0.16255735638160032,-0.013873578794568513,-0.1056211102550714,0.07787395266593436,0.11029612787953566,0.14744962685810456,0.2577457547376402,0.08493199342585338,0.15681729686606638
261,a,sqrt,1120042,0,0,0.20356688158083033,0.38709333426619397,-0.04794371785456667,-0.24180911288598533,0.14592167717685198,0.31285754382566056,0.3117214313126295,0.6245789751382901,0.1705389734222835,0.3650758356640747
264,a,sqrt,1120042,1,1,0.5687037642510144,0.8295066338001849,0.007354221587972204,-0.14134386339796856,0.15605230657391292,0.10130985419071503,0.7911490993565368,0.8924589535472518,0.5810993954074002,0.8500201943755732
265,a,sqrt,1120042,0,0,0.5181619610469814,0.28450848679241203,-0.1673617910403927,-0.4099461930824862,0.07522261100170075,-0.19966649402570194,0.44336264391079605,0.2436961498850941,0.5891544295672154,0.3257282445193978
270,a,sqrt,1120042,0,0,0.1362979548378623,0.09318955076140832,-0.052699734707306156,-0.1606403845236638,0.055240915109051464,-0.05981133747776573,0.12230691731294828,0.06249557983518255,0.15266603857068187,0.11317575735860363
271,a,sqrt,1120042,1,0,0.8546210098694015,0.9541555603427572,-0.07646472242260624,-0.16964848158879614,0.016719036743583646,-0.027407061388611043,0.972040045003356,0.9446329836147449,0.8799152601270086,0.9479241534522794
277,a,sqrt,1120042,1,1,0.90274839201491,0.7486342783102978,0.0776225934366159,-0.0032692252327062854,0.15851441210593809,0.19707323380293573,0.7379585356450379,0.9350317694479736,0.8959221773328886,0.9145208163677975
278,a,sqrt,1120042,1,1,0.9841651279161855,0.9196062819023793,-0.13060783054312813,-0.2268606978717085,-0.034354963214547785,-0.034983579731057146,0.9745499252614708,0.9395663455304136,0.9852240699610291,0.9400832604570325
282,a,sqrt,1120042,0,0,0.6051305496028133,0.44270553227248666,-0.09583460843741798,-0.24706049294870266,0.05539127607386668,0.2904593735133494,0.40130368088367085,0.6917630543970202,0.5875385209157825,0.571959751583829
284,a,sqrt,1120042,0,1,0.2805954426770063,0.5847439734856351,0.024544088925719083,-0.12346464057886888,0.172552818430307,0.18518688543613304,0.5345000271529722,0.7196869125891052,0.2848632031007027,0.5872529565105519
288,a,sqrt,1120042,1,0,0.852059632776595,0.7137701694666434,-0.07390082199534666,-0.19882309103943469,0.05102144704874134,0.004640120746827181,0.8285928613323575,0.8332329820791847,0.8137217939140347,0.8323686287104435
294,a,sqrt,1120042,1,1,0.8847277472983341,0.42768069035977874,-0.14816824391041922,-0.24767028212960512,-0.048666205691233325,-0.34951026332690505,0.6471311693923253,0.29762090606542024,0.836697904397772,0.35469666450119036
318,a,sqrt,1120042,0,0,0.6250534679475724,0.4899685237307625,-0.02402784756817484,-0.1230257124946251,0.07497001735827541,-0.20199985734703257,0.5879283385482199,0.38592848120118733,0.47898390671963986,0.4911736577193283
319,a,sqrt,1120042,1,1,0.9308190392508674,0.8273636067586752,-0.0977412053714197,-0.1882844194914448,-0.0071979912513946,0.04278373950332526,0.8493940089152403,0.8921777484185656,0.9507415839242936,0.8900702891768362
328,a,sqrt,1120042,0,1,0.27963988530501427,0.2923196241303659,0.041788154748612506,-0.100222468833608,0.18379877833083297,0.10327243996857394,0.20730761169537187,0.3105800516639458,0.24526855774207149,0.23263709410096867
334,a,sqrt,1120042,0,0,0.17600898200510942,0.1259280927677868,-0.1461849550706476,-0.3116528439948578,0.019282933853562584,-0.1484375342195409,0.1983455391861229,0.049908004966582015,0.20689159123360956,0.16763506153264873
339,a,sqrt,1120042,0,1,0.778250916395819,0.8053296418123737,-0.15011716024030836,-0.2996943760730829,-0.0005399444075338544,-0.04096418254395162,0.7913418013853089,0.7503776188413572,0.7738703643510148,0.7596408345146795
343,a,sqrt,1120042,1,1,0.8779920732338832,0.48729871016220205,-0.08969207053720032,-0.20740262988143843,0.028018488807037736,-0.252500407706424,0.7443325037606942,0.49183209605427014,0.8958918058613752,0.5181194575198524
346,a,sqrt,1120042,0,0,0.5658124678015922,0.2916861019350231,-0.07928208246057848,-0.16455093998461476,0.0059867750634577666,0.021257549177203516,0.4635368861105099,0.48479443528771343,0.5102592561944268,0.47438374734218625
347,a,sqrt,1120042,0,1,0.09579716585287354,0.4285466470989947,-0.1593858877868064,-0.2879520870636145,-0.030819688509998305,0.0718545920669893,0.2615415662030328,0.3333961582700221,0.14896115907122268,0.27224510952192144
349,a,sqrt,1120042,0,1,0.882923762226896,0.7969397220462902,-0.040989745108897066,-0.1423012806231756,0.06032179040538145,0.03268878550218324,0.8558790417523827,0.888567827254566,0.90689913434711,0.8855244730271711
350,a,sqrt,1120042,1,1,0.9973742424238331,0.920800968679834,-0.05643929158181395,-0.1815753135982775,0.06869673043464956,-0.01526830645046906,0.9870651730971797,0.9717968666467106,0.9973527060325942,0.9718372863422694
354,a,sqrt,1120042,1,0,0.7082491267779003,0.5885550619538567,-0.012774298967755433,-0.10354586699781844,0.07799726906230754,-0.14297135067526034,0.6543294133891959,0.5113580627139356,0.651333622993829,0.5612073655695574
357,a,sqrt,1120042,1,1,0.5663855336684624,0.5832321448491247,-0.12508336858452193,-0.2241390832930088,-0.02602765387603509,0.1013446835796018,0.4463772897496344,0.5477219733292362,0.6846059209937392,0.5157584601894668
360,a,sqrt,1120042,1,0,0.341265762932717,0.19991624681511497,-0.11308832063659831,-0.30186398528413394,0.07568734401093728,-0.20995476861796994,0.3185615885237857,0.10860681990581575,0.3064633309145173,0.2542181507917359
361,a,sqrt,1120042,0,0,0.2768589477071074,0.20832456250053383,-0.0748229098861126,-0.22744241999905496,0.07779660022682973,-0.0406445885166562,0.19061748277556523,0.14997289425890903,0.1473623882639726,0.18462799914174433
365,a,sqrt,1120042,1,0,0.6800472503186336,0.28771294418683135,-0.16697069624367808,-0.2784762182698972,-0.055465174217458946,-0.3344524588585174,0.48247634363636255,0.14802388477784517,0.7037892739416086,0.24709229044834086
368,a,sqrt,1120042,1,0,0.7344033841766269,0.3888808466789952,-0.12099219085528373,-0.22597315797740603,-0.016011223733161453,-0.05427466854280549,0.4718418589350713,0.4175671903922658,0.6540894483175863,0.4363413709302878
370,a,sqrt,1120042,1,0,0.16386531345106786,0.03801651685690385,-0.21683624547825028,-0.31920977170641796,-0.11446271925008267,-0.11224918810400103,0.11604627447767366,0.003797086373672619,0.11504539026639442,0.10313252282516294
380,a,sqrt,1120042,0,1,0.8334890379545952,0.356587592256022,-0.18472752852570026,-0.33980299532613667,-0.029652061725263912,-0.4595323870462047,0.6433774733254405,0.18384508627923582,0.6529940418405045,0.3433055625515242
384,a,sqrt,1120042,1,1,0.8132495380169068,0.8763864956697166,-0.07505796186166527,-0.28097221392724925,0.13085629020391865,0.0703099140074529,0.8886766336909452,0.9589865476983981,0.8125043706639047,0.945803746123004
392,a,sqrt,1120042,1,1,0.8393814095162521,0.8138724082562885,-0.06673864531391241,-0.20748869617867205,0.0740114055508472,0.0859568948245617,0.7956046715365747,0.8815615663611364,0.8949939681051641,0.8725355739216074
398,a,sqrt,1120042,0,1,0.3785590436181826,0.37164636327183176,-0.16570155215310478,-0.28479530907338846,-0.04660779523282116,-0.3498504475078327,0.5910364248254103,0.2411859773175776,0.36176284124541397,0.4644735329239972
399,a,sqrt,1120042,1,1,0.9970146286266044,0.8330526085140617,-0.09890860568246154,-0.19468376028522966,-0.0031334510796934695,-0.029171536123289488,0.9512178017968141,0.9220462656735247,0.9962108424749547,0.9221568012191433
409,a,sqrt,1120042,0,0,0.16108848708925474,0.38505198503875565,-0.01489627037971378,-0.11052655788334556,0.08073401712391798,0.14554265152238055,0.3680844066924097,0.5136270582147903,0.16618931836081213,0.39227204074133937
422,a,sqrt,1120042,1,1,0.40169812470308697,0.41341350463742554,0.011654411470434578,-0.16826359702621513,0.19157241996708427,0.04875396248008518,0.4200452914399601,0.4687992539200453,0.33848323217702997,0.436547690241657
424,a,sqrt,1120042,1,0,0.807359895400461,0.5721889064663959,-0.13241786702666408,-0.2627279591794803,-0.0021077748738479174,-0.411950972386599,0.8314253440689895,0.4194743716823905,0.8860761566800972,0.46640540971604305
429,a,sqrt,1120042,0,0,0.04054208125764265,0.015415465732562741,-0.11508190255691932,-0.21089911946009784,-0.019264685653740815,0.0037726514360697343,0.01304897486216735,0.016821626298237084,0.014013887068759502,0.013101844373342225
431,a,sqrt,1120042,1,1,0.4190924429359105,0.48339843987886705,-0.18272345380249339,-0.31975422187550584,-0.04569268572948096,-0.32665406706368566,0.7123240608538791,0.38566999379019345,0.26194947604164803,0.6267571991396732
433,a,sqrt,1120042,0,0,0.023721087657617025,0.0727646587422517,-0.11962209658709493,-0.19780221104124956,-0.041441982132940286,-0.03402153155820689,0.06847959303076086,0.034458061472553966,0.030148742780963526,0.06745388662679803
435,a,sqrt,1120042,0,1,0.30614278754336544,0.700626917437417,-0.04423180312304509,-0.13491295216136773,0.04644934591527754,-0.10742312894197681,0.7807369553595693,0.6733138264175925,0.43293691335902873,0.734229517492061
436,a,sqrt,1120042,0,1,0.03998367806026931,0.20887029043875627,-0.21660892910368512,-0.32363589465672743,-0.10958196355064284,-0.3201538166817906,0.38261502886035376,0.06246121217856315,0.04558681888213726,0.368020234804856
446,a,sqrt,1120042,1,0,0.12648336866320714,0.08754183965354545,-0.15283060856181124,-0.28412347579497077,-0.021537741328651716,-0.06432527410523083,0.14245327608668318,0.07812800198145235,0.13760778018982345,0.13360161790696043
447,a,sqrt,1120042,1,1,0.5728568074196898,0.6648724371247139,-0.10618301122357623,-0.20917295943844022,-0.003193063008712277,0.034144994760945346,0.7178406560241876,0.7519856507851329,0.5268957316826469,0.735831508022056
451,a,sqrt,1120042,1,1,0.844425481305444,0.6781222161862843,-0.10738961332775171,-0.3004010022971643,0.08562177564166087,-0.17663563846118313,0.8287729384589229,0.6521372999977397,0.8242034052032726,0.6831892437589615
460,a,sqrt,1120042,1,0,0.4015081191488898,0.4015520342975686,-0.03555342099097734,-0.1591991852348595,0.08809234325290483,-0.15089969081385596,0.4593548416637062,0.30845515084985026,0.3655224480016902,0.40419761727472747
462,a,sqrt,1120042,0,0,0.47995226962218024,0.42316123966686997,0.005413495196307017,-0.12869624982908973,0.13952324022170373,-0.02877369342676961,0.4686118803771519,0.4398381869503823,0.4666605896496557,0.4551843316362172
465,a,sqrt,1120042,0,1,0.4186121225571803,0.6903555027779911,-0.10565694228818201,-0.2050790102240862,-0.006234874352277833,-0.07352311822592295,0.7800438405311805,0.7065207223052575,0.5135491930884887,0.7422861024929082
467,a,sqrt,1120042,0,0,0.13424017331038868,0.22484105768975207,-0.08666321971118703,-0.22560851504145768,0.05228207561908356,0.18109530692018136,0.12685755243371818,0.30795285935389954,0.1888332524081815,0.16105436823531388
468,a,sqrt,1120042,1,0,0.4473842545395611,0.529895746520903,-0.17680283389922502,-0.3380268660472187,-0.015578801751231386,-0.36394341785118856,0.7078781761015418,0.34393475825035325,0.42845601156518937,0.5519444308536183
474,a,sqrt,1120042,0,0,0.33848953380953606,0.44374313031166696,-0.011604671259003805,-0.08418877733161798,0.06097943481361036,0.27024214191256124,0.30007158198562,0.5703137238981812,0.4170023363305006,0.4127631865381167
478,a,sqrt,1120042,1,0,0.4815879254233275,0.16815828655816528,-0.12727129899665973,-0.24301129868269386,-0.011531299310625631,-0.14113139488284232,0.2377741189742361,0.09664272409139375,0.27379783230036064,0.19913264898578764
481,a,sqrt,1120042,0,1,0.4228237656759795,0.4404462708179714,-0.027630789801182214,-0.22742279658010403,0.17216121697773953,0.24256774419822325,0.2663753158727359,0.5089430600709591,0.2853642948162681,0.33559548914103476
486,a,sqrt,1120042,1,1,0.7587397429099123,0.4762036150534132,-0.11916756460361448,-0.23623599611480228,-0.002099133092426708,-0.6892153014395378,0.8677382394188814,0.1785229379793436,0.807107991999281,0.3114670614188369
487,a,sqrt,1120042,1,1,0.8500060230190345,0.5260554622274926,-0.09557791271461291,-0.17540483885700436,-0.015750986572221473,-0.028156691615068175,0.6387406477170029,0.6105839561019347,0.8811791752215618,0.6139295574226692
498,a,sqrt,1120042,0,0,0.180842069467446,0.03474413597458954,-0.1872695306091385,-0.3278303961488822,-0.046708665069394806,-0.1062618189134249,0.10974740599329373,0.003485587079868836,0.19058570392071683,0.0894954224357829
503,a,sqrt,1120042,0,0,0.3158733490225002,0.15853159349320847,-0.05055429506029754,-0.15445124787988104,0.05334265775928596,-0.16728505428348134,0.2635262519296023,0.09624119764612094,0.40711586132784927,0.19542185296770676
507,a,sqrt,1120042,1,1,0.8888542066688003,0.8359920924028177,-0.09245231094110377,-0.3209173631939993,0.1360127413117917,-0.030854928811506976,0.9308527063190833,0.8999977775075764,0.8926277089340195,0.9033107419047457
508,a,sqrt,1120042,0,0,0.4861368559230739,0.22187266355716667,-0.07412170375449409,-0.17822864466990562,0.02998523716091743,-0.05620972089686527,0.2627225744829081,0.20651285358604282,0.5311711209732923,0.23286559402452428
514,a,sqrt,1120042,1,1,0.8647892913411044,0.7761679862678832,-0.08945450680023237,-0.25477978012660574,0.07587076652614097,-0.061478120138046544,0.8845825250519558,0.8231044049139092,0.8943195699412145,0.8296014390893036
526,a,sqrt,1120042,0,0,0.039456746332682736,0.09443630355538442,-0.05273360506134962,-0.17246262474892682,0.06699541462622756,0.020299231269924375,0.06015719113646259,0.08045642240638697,0.05466687900003019,0.06126688675608918
528,a,sqrt,1120042,1,1,0.9257797740573446,0.6608412985589942,-0.1486115964399322,-0.29689532646457234,-0.00032786641529206073,-0.3151680255715663,0.877924904862706,0.5627568792911397,0.8946923510881424,0.5959464830762735
532,a,sqrt,1120042,1,0,0.6405983393398482,0.19536453691712466,-0.17452047882775476,-0.38767012363472453,0.038629165979214924,-0.5334643262344162,0.5735551216747997,0.040090795440383485,0.6066516810570359,0.24992809138073208
534,a,sqrt,1120042,0,1,0.574922516218826,0.9359668565212989,0.02992494863522013,-0.16430277789567635,0.2241526751661166,0.13543398492073888,0.8396523821431012,0.9750863670638401,0.6415710899254514,0.9265429114616468
535,a,sqrt,1120042,0,0,0.6147030586072775,0.21875295045396656,-0.027137678426808618,-0.13266307402253755,0.07838771716892029,0.03704061610492676,0.22099152902364283,0.2580321451285696,0.40412609914286823,0.23596060871997537
538,a,sqrt,1120042,1,0,0.8370200904420659,0.6371842010036332,-0.03754200034532898,-0.13405813864869798,0.05897413795804002,-0.06212851278558973,0.7780343272758928,0.7159058144903031,0.8082821081633567,0.7278169619845023
539,a,sqrt,1120042,0,1,0.3879392846172719,0.3838634013307982,-0.10049546894931007,-0.2759173408533088,0.07492640295468865,-0.11126006308263126,0.4664730480873413,0.35521298500471005,0.46073813292230986,0.41521129435383136
546,a,sqrt,1120042,0,0,0.2073162133306735,0.09652850182168608,-0.08410092524532506,-0.2865087489516789,0.11830689846102871,-0.06620608679353736,0.1411022908806444,0.07489620408710705,0.2563020340491129,0.12413353616902867
549,a,sqrt,1120042,1,0,0.739975694816791,0.3100032205687007,-0.08652011028671878,-0.15866191447394196,-0.014378306099495627,-0.22605679180368443,0.5078172149242439,0.2817604231205595,0.8011893584262512,0.32670291893115333
550,a,sqrt,1120042,0,0,0.12936583928313697,0.05883171754579175,-0.19491460884156486,-0.3497250188478972,-0.040104198835232585,-0.08381602753461014,0.09640615135008752,0.012590123815477389,0.13400979470830476,0.0851739827069088
552,a,sqrt,1120042,1,0,0.45350265207302726,0.18965967460067173,-0.10271967475260581,-0.22411990305118434,0.018680553545972714,0.08753892270289004,0.1992963733242461,0.28683529602713614,0.4572237483724141,0.23932124769094448
559,a,sqrt,1120042,1,0,0.6782126178562653,0.27594932424060925,-0.1419876952930644,-0.293794833446574,0.009819442860445171,-0.36576085048430995,0.5887644136938451,0.22300356320953515,0.7184678395003896,0.32597700567255794
560,a,sqrt,1120042,1,1,0.9485907983199526,0.6528644179184997,-0.07359162597433382,-0.24690333594446595,0.09972008399579825,-0.06469990771798673,0.840006845109726,0.7753069373917393,0.9520143474859696,0.7784116046811844
561,a,sqrt,1120042,1,0,0.5217864440997997,0.34432787211813587,-0.02413741643491013,-0.18418127305190918,0.13590644018208886,-0.14847635272894044,0.47000754047362386,0.3215311877446834,0.49528534616089104,0.39646937871556404
563,a,sqrt,1120042,0,0,0.2888108870929679,0.18098102712418618,-0.1239869966817561,-0.23675404669354877,-0.011219946669963454,0.08723419972137467,0.16780480528123268,0.25503900500260734,0.31333299897025074,0.19513815869270082
568,a,sqrt,1120042,1,1,0.945792509206312,0.8868332236311733,-0.1839159013441306,-0.36329190688698787,-0.004539895801273397,-0.11006768648138565,0.9621006613342603,0.8520329748528747,0.9575199301970099,0.8567086578576576
569,a,sqrt,1120042,0,1,0.5699463291222611,0.7944201465389817,-0.1173873773324529,-0.25263214156951924,0.017857386904613373,-0.03506472883281053,0.8463245486547423,0.8112598198219317,0.667795473870383,0.8229084814476991
571,a,sqrt,1120042,0,0,0.019360718143083263,0.20212904424201789,0.013036503405155614,-0.14417960152144815,0.17025260833175934,0.17274679823127478,0.07316077366171819,0.24590757189299298,0.020388722435939765,0.07668286018255294
576,a,sqrt,1120042,1,0,0.985657195683646,0.7904012675222625,-0.11865640368945911,-0.29507425636502843,0.05776144898611017,-0.13762755085764844,0.9336653303150813,0.7960377794574328,0.9855241777839763,0.7980300514156748
578,a,sqrt,1120042,0,0,0.4767550890856799,0.25929069698033747,-0.10784401188618788,-0.21700379221126823,0.001315768438892459,-0.1661069213092291,0.37306363189420844,0.20695671058497933,0.30633299155751065,0.3221796017711443
580,a,sqrt,1120042,1,1,0.9683649971691306,0.9373258311670802,0.026290325083987754,-0.11799439789269063,0.17057504806066612,0.041240948763694774,0.9508598933381807,0.9921008421018754,0.9665661090584269,0.990721996718583
584,a,sqrt,1120042,1,0,0.49698425281219805,0.6131683013636084,-0.04807500575431166,-0.17630211459815126,0.0801521030895279,-0.18620539681394355,0.7916820777128901,0.6054766808989466,0.47263355488663145,0.7036751590776402
588,a,sqrt,1120042,1,1,0.725697380234409,0.6843480839944683,-0.006219608918543246,-0.12676366250356091,0.11432444466647439,0.05151712594740754,0.7716016543161577,0.8231187802635652,0.7264867484806898,0.80902816363676
594,a,sqrt,1120042,0,1,0.3328267557033292,0.25650785824047323,-0.11892039467258685,-0.23668569175008675,-0.0011550975950869735,-0.1845762402931477,0.3341791213468299,0.14960288105368222,0.2895476165668742,0.28073551089507437
599,a,sqrt,1120042,0,1,0.23146940847626968,0.09030329016421154,-0.08151446026416957,-0.2543758714968581,0.0913469509685189,-0.017020805613165407,0.0815640556751646,0.0645432500619992,0.1107623584300319,0.07967879110307127
603,a,sqrt,1120042,1,1,0.950662659254123,0.6967093952267789,-0.1505529827994616,-0.25629751537371176,-0.0448084502252115,-0.4064471216929251,0.9031243204678541,0.496677198774929,0.8781433534838903,0.546205482010554
606,a,sqrt,1120042,0,1,0.08517606265379608,0.17269328254815747,-0.08423086935548772,-0.19472175725619112,0.026260018545215633,-0.0810499975355446,0.21978098697191426,0.13873098943636966,0.045834318428495995,0.2160661155762413
607,a,sqrt,1120042,0,0,0.07414474202561468,0.2048679698877292,-0.09530041992701473,-0.21572315014291182,0.025122310288882357,-0.20262165996000597,0.3087378023791391,0.10611614241913314,0.07743012434549355,0.29304878205334556
609,a,sqrt,1120042,0,1,0.277521844901034,0.10971715898201154,-0.10709415624824593,-0.2602662449163528,0.0460779324198609,-0.17815202596793825,0.22489714031231664,0.046745114344378384,0.3450213473808075,0.163430888274238
614,a,sqrt,1120042,1,1,0.7368159723539403,0.635921089561127,-0.056288463212335334,-0.15316394033111144,0.040587013906440754,0.13800989485438941,0.6359172787744115,0.7739271736288009,0.8274743251071385,0.7501169233771545
617,a,sqrt,1120042,1,0,0.8010460484695189,0.6505113552194871,-0.19908792865537325,-0.40965499190152505,0.011479134590778484,-0.32977963417948597,0.8338032757051225,0.5040236415256365,0.8485350583833042,0.5539736945630076
621,a,sqrt,1120042,1,1,0.644145557958666,0.5836106553929663,-0.053880261066538766,-0.2270252126220653,0.11926469048898775,-0.10300534475910206,0.7057406494157711,0.602735304656669,0.6270415558891259,0.6411520177731279
626,a,sqrt,1120042,1,0,0.621304359534801,0.15585901537739205,-0.11316041672322659,-0.23515961205683833,0.008838778610385109,-0.14734105843629364,0.26353475745247545,0.11619369901618182,0.5408398945646613,0.18384683494274479
638,a,sqrt,1120042,1,0,0.20200546242296274,0.05160114561808784,-0.04175778219658841,-0.17172471130230185,0.08820914690912501,-0.028967779075204383,0.061277322843089226,0.03230954376788484,0.21730089998808788,0.054982598379391213
648,a,sqrt,1120042,1,1,0.40996509811221016,0.8800482851214706,-0.07688025131275954,-0.17239028249926325,0.018629779873744146,0.22657797391420198,0.7325950095116571,0.9591729834258591,0.446193692985528,0.8336926724416136
651,a,sqrt,1120042,1,0,0.6876186017763337,0.41032673117209584,-0.06709591433321019,-0.1962682750086074,0.06207644634218701,0.14285091672279376,0.2851618328993221,0.4280127496221159,0.7508626695093064,0.39242325357165064
656,a,sqrt,1120042,0,0,0.2167281587206824,0.5370490537827723,-0.03523101704427647,-0.1378563242958325,0.06739429020727955,0.008071797181922913,0.46869912424753557,0.4767709214294585,0.22802004329675454,0.4705396557904402
662,a,sqrt,1120042,0,0,0.5412854875092089,0.34301902574651366,-0.06275589406597994,-0.2630502190920072,0.1375384309600473,0.12090442381375327,0.2880053588167833,0.40890978263053657,0.3957846009982411,0.33585746795483185
663,a,sqrt,1120042,1,1,0.5589559669846118,0.5429086181082996,-0.02222787854877686,-0.1289345450352375,0.08447878793768376,-0.0006267839972746714,0.6515715924340533,0.6509448084367786,0.5681953671368609,0.6512154566706063
676,a,sqrt,1120042,1,0,0.5596279154696607,0.5356363889106334,-0.021166937534045673,-0.1164289727125977,0.07409509764450634,0.288078314021742,0.4324920904579289,0.7205704044796709,0.6529119529093504,0.6205818650566977
680,a,sqrt,1120042,1,0,0.7326959997507486,0.1170233972345142,-0.14123052878092046,-0.2769270086901032,-0.005534048871737723,-0.21676132704337042,0.27484012746336883,0.05807880041999842,0.7595694039485262,0.11019485548194441
684,a,sqrt,1120042,0,0,0.5095809620747207,0.10132008379383026,-0.12954171134605166,-0.2126358303522735,-0.04644759233982981,-0.09365228131014089,0.1535330244619221,0.05988074315178122,0.2799397036695437,0.12731603258398452
689,a,sqrt,1120042,1,1,0.9593965059098839,0.9708116047422297,-0.00857238516281942,-0.08291546276028502,0.06577069243464617,0.028437736123359203,0.9572782937779396,0.9857160299012988,0.9706128031462105,0.9848803245517656
702,a,sqrt,1120042,0,0,0.010011310911000815,0.03830598684834653,-0.09620352861615893,-0.2399752825224009,0.04756822529008305,-0.008814129041007847,0.027598928413820053,0.018784799372812206,0.012737884181278832,0.027486655058936847
705,a,sqrt,1120042,1,0,0.9818387908092856,0.7573522870442213,-0.18980813226624313,-0.3682207568816491,-0.011395507650837133,-0.24861107127745252,0.9414393089611733,0.6928282376837208,0.9809324818902252,0.6975686337875942
707,a,sqrt,1120042,1,0,0.27816788105154977,0.05224217720605555,-0.23595667616242108,-0.3769417906048559,-0.09497156171998627,-0.18261274863827542,0.1878998981069971,0.005287149468721667,0.2347415664691916,0.14503309543440357
708,a,sqrt,1120042,0,0,0.3040798043728327,0.1655436036729748,-0.15505726367976977,-0.2814351024515133,-0.028679424908026246,-0.3033594815556778,0.3504194567553186,0.04705997519964079,0.374407833118835,0.2368392906100041
712,a,sqrt,1120042,0,0,0.12268991638648172,0.16094383124644054,-0.054079653711612885,-0.13727139264329788,0.029112085220072095,0.20262182932038472,0.14691061958728588,0.3495324489076706,0.05606427893599119,0.15827046634482472
713,a,sqrt,1120042,0,1,0.23599487445084782,0.8782731705182755,-0.02811346305048866,-0.12688343353383874,0.07065650743286142,0.18351149860665072,0.775833119343291,0.9593446179499417,0.3611110149512662,0.8421011428603665
723,a,sqrt,1120042,1,1,0.9521620121455607,0.7180788959887858,-0.003175703808999437,-0.0964274088767797,0.0900760012587808,-0.013981278819158116,0.8683621139850527,0.8543808351658946,0.9403397493894873,0.855214961764101
727,a,sqrt,1120042,0,0,0.0032718255340256712,0.06262436697095924,-0.028563210967280175,-0.16520735851753968,0.10808093658297929,0.01940221066508254,0.03568903252242936,0.0550912431875119,0.004415015471387493,0.03577469358269482
735,a,sqrt,1120042,1,1,0.8534351673132365,0.7130838936189544,-0.041106866559534105,-0.13160652942899165,0.049392796309923395,0.2892291597635016,0.6042732494725858,0.8935024092360874,0.85753976359256,0.8522987547602537
739,a,sqrt,1120042,0,1,0.0895373639085759,0.1853399503869139,-0.07535954197613427,-0.20949247475753502,0.05877339080526646,0.04653584065128688,0.23099895524207756,0.27753479589336444,0.10826828795026494,0.23603731103771872
743,a,sqrt,1120042,1,0,0.818683828918493,0.6157485834573707,-0.19389738289670203,-0.3917471563313347,0.003952390537930617,-0.3588049137290085,0.8478417441080576,0.48903683037904905,0.8540792214123399,0.5413939227514641
744,a,sqrt,1120042,0,0,0.09329951122621169,0.041473685206252144,-0.07515876960186937,-0.18812474239039673,0.037807203186657964,0.00043827428651807554,0.026528100992398846,0.02696637527891692,0.03804426145219432,0.026544774813942913
752,a,sqrt,1120042,1,0,0.3348775343979219,0.24354561544039974,-0.10281607328247025,-0.24990382407928605,0.04427167751434549,-0.048624029853681416,0.3276257229580346,0.2790016931043532,0.4051996569380795,0.3079232827423759
760,a,sqrt,1120042,1,1,0.7485418695547517,0.8305860348800337,-0.19048011011056615,-0.3079543214491385,-0.07300589877199384,-0.1049719012824385,0.9221465373701752,0.8171746360877367,0.8120115327351075,0.8369081429157039
773,a,sqrt,1120042,1,1,0.914863198781001,0.9121508805594647,-0.06114575020427723,-0.18872857377470617,0.06643707336615168,-0.05078761983714952,0.9666567816878695,0.91586916185072,0.9159070005121013,0.9201400451396771
776,a,sqrt,1120042,0,0,0.14330884330943072,0.09585268083584234,0.004376948835218694,-0.1391406718011214,0.14789456947155877,0.11215936655437345,0.0472359901847925,0.15939535673916594,0.07290723182044223,0.05541321912300616
779,a,sqrt,1120042,0,0,0.25515722437842836,0.42313541948263494,-0.04427771673366579,-0.1439913004308993,0.055435866963567684,0.2102850669914252,0.22621397008186886,0.43649903707329407,0.3629244759380927,0.30253156781733853
781,a,sqrt,1120042,1,1,0.6521171674969055,0.7699677984932016,-0.10622719755301649,-0.17225303638195932,-0.04020135872407367,0.031273744586730046,0.8283829563994728,0.8596567009862028,0.7461971474210043,0.8517193353992638
782,a,sqrt,1120042,1,0,0.9196777343953139,0.3558001237336559,-0.12890958628790736,-0.25396682443064317,-0.0038523481451715746,-0.27881971225762575,0.5994415106886838,0.32062179843105804,0.8619811840905949,0.3591041649690566
783,a,sqrt,1120042,0,0,0.05272548433485517,0.2406226143633537,-0.03529288330130906,-0.26627546547454806,0.19568969887192986,0.11768093960974968,0.16619341714787256,0.28387435675762224,0.05485994054116541,0.1726493864976919
786,a,sqrt,1120042,0,0,0.03812943704176544,0.11437638706227056,-0.08440446696349924,-0.2136735563924579,0.044864622465459386,-0.1204466128067492,0.16532041866408156,0.044873805857332354,0.05941604163077386,0.15816395770327005
798,a,sqrt,1120042,1,1,0.8327737945049245,0.783285342163915,-0.029340137659811295,-0.1645527289381667,0.10587245361854407,-0.012829595656138837,0.8710496929005754,0.8582200972444366,0.8434126957509361,0.8602290490428369
822,a,sqrt,1120042,0,0,0.7964023859694794,0.7226986869274035,0.0427145381059403,-0.038210067524954754,0.12363914373683535,0.15687867128973654,0.7780227700505881,0.9349014413403246,0.7866852715996432,0.9014369101823456
827,a,sqrt,1120042,0,1,0.2056433403202506,0.4113805423451876,-0.21991226036271308,-0.30193598819035694,-0.13788853253506922,-0.47170840662307595,0.6500277796996768,0.1783193730766009,0.24463777729865077,0.5346300835703194
839,a,sqrt,1120042,0,0,0.3457889297867934,0.05124497227156187,-0.12266548225405453,-0.28981137898353404,0.04448041447542493,-0.082870305049013,0.09704353328678197,0.01417322823776898,0.162343632639872,0.08359006692715087
841,a,sqrt,1120042,0,0,0.019861527146896228,0.10164040189477093,-0.04641831484923247,-0.16913547458689143,0.07629884488842645,-0.010820327453034226,0.09911358918728445,0.08829326173425023,0.034639969991106065,0.09873877336901742
845,a,sqrt,1120042,1,1,0.7845205245651106,0.5028463854562354,0.01615720017609562,-0.08530721792842111,0.11762161828061234,-0.054967122143437575,0.679755636458759,0.6247885143153215,0.7638252185778449,0.6377703623729527
848,a,sqrt,1120042,0,0,0.04549534038197328,0.20059538901900603,-0.11708192628378535,-0.22149736678986204,-0.012666485777708653,0.0857810802170664,0.15080779969315497,0.23658887991022137,0.05969038884345037,0.1559281057267229
859,a,sqrt,1120042,1,1,0.7602096924000427,0.7230801507304334,-0.021108139594498056,-0.13081764102566032,0.08860136183666417,0.10091643251497262,0.7428263810643577,0.8437428135793303,0.8320547758187614,0.8267943806970325
868,a,sqrt,1120042,1,0,0.21062354843487735,0.06359302579297506,-0.058473613272826505,-0.22332841965070843,0.10638119310505535,-0.03768758335333155,0.08397151622017748,0.046283932866845935,0.23923225370276432,0.07495543071794919
875,a,sqrt,1120042,1,1,0.2095630028940588,0.2500639566902867,0.06327324908296629,-0.025946392359399356,0.15249289052533194,0.2750351541256375,0.13981080528827883,0.41484595941391633,0.19551987810503407,0.19358564509752274
890,a,sqrt,1120042,1,1,0.9876736406620003,0.7278839613296898,-0.03180778960836892,-0.13933051955968354,0.07571494034294568,-0.020946677854016382,0.8906656266682582,0.8697189488142418,0.9874817561550102,0.8699811644353609
892,a,sqrt,1120042,0,0,0.8076451424384118,0.15579588391163252,-0.173038089404967,-0.29617596818227754,-0.0499002106276565,-0.4218944972490402,0.4749578951993378,0.053063397950297596,0.752638681307789,0.15742377713880756
893,a,sqrt,1120042,0,1,0.3661923861325035,0.2186854365192891,-0.11084972540285258,-0.24161555542460922,0.019916104618904043,-0.13899119129057289,0.2884059010666973,0.1494147097761244,0.20296380287330745,0.2601957203164713
898,a,sqrt,1120042,1,1,0.4525570471867023,0.756871634384734,-0.09722273342700989,-0.23937520672428997,0.044929739870270144,0.11489019733853345,0.5760315391701575,0.6909217365086909,0.47972378810490296,0.6311470998535185
908,a,sqrt,1120042,1,1,0.640993242901371,0.5389593655355164,-0.11931801951396047,-0.21057999882895867,-0.028056040198962295,0.2700079153490359,0.5696492081263452,0.8396571234753811,0.6849639978240327,0.7545949092679538
913,a,sqrt,1120042,0,0,0.3899701749588427,0.4784470629741568,0.0617011181656632,-0.03701087192794627,0.16041310825927263,0.5763362625455206,0.21409661929254425,0.7904328818380649,0.36702698783272614,0.4256275817133979
915,a,sqrt,1120042,1,1,0.9523558435925714,0.7524112911697871,-0.06108431101001651,-0.15307592742156576,0.030907305401532713,-0.10460704553612188,0.9122655745034537,0.8076585289673318,0.9415880973154946,0.8137688255313014
917,a,sqrt,1120042,1,0,0.9238051845363644,0.6510453356614134,-0.07766563079048094,-0.25469146972091505,0.09936020813995311,0.012647334156821954,0.7540394926111339,0.7666868267679559,0.9317451813874247,0.7658235852691494
924,a,sqrt,1120042,0,1,0.0417535111573159,0.2874748128522012,-0.1650008158222456,-0.31755553697161903,-0.012446094672872221,-0.03518580558050255,0.34295445282315096,0.3077686472426484,0.03257650484478903,0.34180822225718993
929,a,sqrt,1120042,1,0,0.6620698022112059,0.5400270204453903,-0.04581436169152255,-0.13283257320734257,0.04120384982429746,-0.2246108655442407,0.7244357997544417,0.499824934210201,0.6590473051994321,0.5764066140989978
934,a,sqrt,1120042,0,0,0.18036522670882124,0.2064085005755072,-0.15330096715816866,-0.2505438727387233,-0.05605806157761403,-0.17923562100166213,0.30255577023811625,0.12332014923645412,0.22882149384738068,0.26154280768985294
955,a,sqrt,1120042,1,1,0.8200078699622655,0.4406715112363194,-0.08626571885882164,-0.2591730951902408,0.08664165747259744,-0.4074361291328243,0.7758676384475641,0.36843150931473984,0.8734804756292069,0.41998013458410177
960,a,sqrt,1120042,1,1,0.36430064625510755,0.5474723955226386,0.0871654152466029,-0.03808418753714385,0.21241501803034962,0.30302428580824725,0.4145443547009303,0.7175686405091776,0.3800930993244424,0.5297217946643626
961,a,sqrt,1120042,0,1,0.5523427628313959,0.3262244000448834,-0.026422046317139455,-0.1676655609287026,0.11482146829442363,-0.17386110854674186,0.4319105760822528,0.25804946753551095,0.49347354839846846,0.3461147179192008
967,a,sqrt,1120042,0,0,0.6292753281413976,0.5409563573366718,0.004408901180227043,-0.1477168816142632,0.15653468397471723,0.11315424130412288,0.5413987873849739,0.6545530286890968,0.44694083003004204,0.5919720379148583
976,a,sqrt,1120042,0,0,0.1875189495787529,0.0955061027502557,-0.1517306374741986,-0.27043380452111015,-0.033027470427287084,-0.10435438224184548,0.15809386067540734,0.05373947843356186,0.20179595515564355,0.13703556843623702
977,a,sqrt,1120042,1,0,0.9290030480519587,0.6776003156365273,-0.020297608460418167,-0.12274459245148836,0.08214937553065199,0.2172265382051104,0.6784268664625951,0.8956534046677055,0.9400329381747864,0.8826269674210825
980,a,sqrt,1120042,1,1,0.8907828288358244,0.6749097282986456,-0.052469146498994486,-0.14105895484544714,0.036120661847458164,-0.1328309937568829,0.8403143102576274,0.7074833165007445,0.9173360209342071,0.7184636549879518
986,a,sqrt,1120042,1,0,0.7193384695803312,0.254603712244821,-0.11492654503055572,-0.3089507097432347,0.0790976196821232,-0.21930664730454208,0.3912007173486197,0.17189407004407764,0.6588215068712526,0.24671678150455897
987,a,sqrt,1120042,0,0,0.39239782738313184,0.3616015143122923,-0.07126727288424944,-0.18621329778608636,0.04367875201758746,0.16537846499403014,0.35989141899015303,0.5252698839841832,0.3384405855504341,0.41586220352016456
989,a,sqrt,1120042,0,0,0.4195655553387942,0.2200655918802256,-0.15372556364520037,-0.3366204383025929,0.029169311012192084,-0.22553091570484401,0.34182879340480493,0.11629787769996093,0.2358266405545143,0.2886425952129482
5,a,sqrt,120042,1,1,0.5795099407346891,0.45383672466596636,-0.01909756085084408,-0.12170067082251229,0.08350554912082411,0.29544125881310984,0.4283602486568981,0.7238015074700079,0.5143494763770452,0.5803203054275963
12,a,sqrt,120042,0,1,0.2563443628296557,0.31554648939782576,-0.04193050200065847,-0.16513666732117632,0.08127566331985936,-0.1020346687031714,0.35251383485816296,0.25047916615499155,0.22807181354145364,0.3292426029229293
15,a,sqrt,120042,1,0,0.5723121503402373,0.0711800106491393,-0.04948072278097477,-0.13301993095774736,0.03405848539579782,-0.003080297422145953,0.08496536053642435,0.0818850631142784,0.5888855260374319,0.08315141796863218
30,a,sqrt,120042,0,0,0.5704623645591489,0.21940483178855139,-0.09044682284897305,-0.18146147585748207,0.0005678301595359175,-0.15824629257148742,0.32006203944320166,0.16181574687171424,0.5261665055811847,0.23679814065968435
35,a,sqrt,120042,1,1,0.9786739657392879,0.9608229058564473,0.025820044152500318,-0.07981207951083034,0.13145216781583097,0.011426825642477212,0.9756257658102383,0.9870525914527155,0.9757346483150356,0.986775315509858
39,a,sqrt,120042,1,0,0.7563312812814935,0.4430608439787013,-0.13373410246628223,-0.22341502844168,-0.04405317649088446,-0.0787740414269622,0.5056272841792651,0.42685324275230285,0.77152706901285,0.4448509788828241
40,a,sqrt,120042,0,0,0.3237420599830904,0.2982946082931811,-0.05705805645188422,-0.18621596555700495,0.07209985265323648,0.060474988513839145,0.3131862436036617,0.37366123211750085,0.36407388745256936,0.3352036077655446
43,a,sqrt,120042,1,0,0.7047099212791663,0.49538448081499037,-0.11247704936963307,-0.22355511139560527,-0.0013989873436608957,-0.19702180525731344,0.6091152747624241,0.41209346950511067,0.6567057331961557,0.4797299256852899
45,a,sqrt,120042,0,0,0.14375167160505867,0.2557150926189954,-0.0576819626941527,-0.18639138235400216,0.07102745696569675,0.13139903885494988,0.2165379872607052,0.3479370261156551,0.17346042267748582,0.2393305200799002
48,a,sqrt,120042,1,1,0.2869094591298208,0.5200283869835888,-0.13584908701843726,-0.30179867549071054,0.030100501453836,-0.02351093248221392,0.4828213005356463,0.4593103680534324,0.42933764997077845,0.47272717203511094
63,a,sqrt,120042,1,0,0.6299929194432841,0.09389999784630394,-0.10658698133293981,-0.24313940622901503,0.02996544356313538,-0.08061850681857732,0.15433536704847534,0.07371686022989801,0.6257533169734277,0.10388806899730568
67,a,sqrt,120042,1,1,0.4513636744214192,0.40273088169296545,-0.17259689979010576,-0.30456623294229324,-0.04062756663791833,-0.4040936263411786,0.6270655271286899,0.22297190078751128,0.5184844589253166,0.41754926192001485
69,a,sqrt,120042,0,0,0.5079878119731548,0.449753898593139,-0.0787879424398511,-0.23052109453310396,0.07294520965340173,-0.2535047085663173,0.6257136287774533,0.372208920211136,0.5819759402865388,0.4781799876425058
72,a,sqrt,120042,1,0,0.6876808873098719,0.25816613580701225,-0.04623991107916886,-0.15041834983271968,0.05793852767438194,0.03393963416448598,0.2845721538079479,0.3185117879724339,0.7269864624971379,0.3092458083876346
75,a,sqrt,120042,1,0,0.9284421657491837,0.5305457320934457,-0.001438125474508303,-0.20524415196791623,0.2023679010188996,-0.21905044290968123,0.7859902699448377,0.5669398270351564,0.9155184418716508,0.5854455497608714
85,a,sqrt,120042,0,0,0.008773461662729192,0.05109755699917495,-0.10525713339748004,-0.2913802767118766,0.08086600991691652,-0.03033405828346857,0.05306870888576817,0.022734650602299605,0.012191215162621852,0.05269889985447889
93,a,sqrt,120042,0,1,0.1300230111624891,0.16701344340059887,-0.1684296122240416,-0.30692461485805755,-0.029934609590025668,-0.24763340158643393,0.32022570877467954,0.0725923071882456,0.13659914574554174,0.28639919765990995
115,a,sqrt,120042,0,0,0.3157245845303033,0.1643600339313219,-0.09771288897627572,-0.27308799097758296,0.07766221302503151,-0.036066766855671034,0.2053367437300431,0.16926997687437206,0.1881577563382044,0.19855050180010692
116,a,sqrt,120042,0,1,0.14650089561447635,0.15602766967695844,-0.13227435124732626,-0.2676201190374401,0.0030714165427875584,-0.014342061446469406,0.14192494897859992,0.1275828875321305,0.1837349785468509,0.13928981062641524
121,a,sqrt,120042,1,0,0.928058756616359,0.44493618910240407,-0.09763703187085145,-0.2919100980800862,0.09663603433838332,-0.578150415838105,0.8466828492611407,0.2685324334230356,0.8997037852763005,0.3265187316725304
122,a,sqrt,120042,1,0,0.7854315242155321,0.07005176903682989,-0.09885755057694981,-0.26590160489158526,0.06818650373768562,-0.1662835077113541,0.20281166924209829,0.03652816153074418,0.7578750286730987,0.07678955106749236
123,a,sqrt,120042,0,1,0.24285397886031204,0.2891142413764236,-0.10439182811271366,-0.23353835105501822,0.024754694829590862,0.03246765507545743,0.22412970679849994,0.2565973618739574,0.15541688820093894,0.22917572871750896
126,a,sqrt,120042,0,0,0.2349973785016529,0.26933851537626746,-0.14979725428238208,-0.2779572288633164,-0.02163727970144777,-0.3010231687743369,0.44215599748635387,0.141132828712017,0.21023743122465782,0.3788696597441307
130,a,sqrt,120042,0,0,0.13407671620313127,0.0796182747860163,-0.01712383399014714,-0.23266400035836765,0.19841633237807332,0.006309753656425152,0.06615229801318433,0.07246205166960948,0.06622810440116784,0.0665701810370877
137,a,sqrt,120042,0,0,0.12386641372831919,0.06768471258818862,-0.151196222102805,-0.257911437662535,-0.04448100654307503,-0.035394603233024145,0.0790729821473732,0.04367837891434905,0.08580984252666052,0.07603577681765378
145,a,sqrt,120042,1,0,0.41705238531687083,0.4301942386534046,-0.0837525847132963,-0.23580759977513482,0.06830243034854219,-0.33769143797714973,0.6919752618184105,0.3542838238412608,0.43705268699339506,0.5443863114758338
151,a,sqrt,120042,0,1,0.6197546289092182,0.31810246434372697,-0.14159888296895798,-0.35241423499925395,0.06921646906133794,-0.31487008056515453,0.48899357852641573,0.17412349796126117,0.5564672015365533,0.31377870594673507
152,a,sqrt,120042,1,1,0.9830359957167152,0.689861173521717,-0.07712577468456737,-0.2441787047814562,0.0899271554123214,-0.012172431745375523,0.8762847281697077,0.8641122964243322,0.9805114377218112,0.864349519618479
162,a,sqrt,120042,0,0,0.5552481046088611,0.6615882238485635,-0.14732034081170908,-0.30448354168216907,0.009842860058750846,-0.1770906937214045,0.7830738531324425,0.605983159411038,0.5328644485720335,0.6887085182753474
167,a,sqrt,120042,0,1,0.48302295469853956,0.7763439758629804,-0.08004550161141308,-0.17242021776408306,0.012329214541256864,0.060419762402974864,0.7836955006531895,0.8441152630561644,0.488703502712227,0.8132228501725638
169,a,sqrt,120042,1,1,0.7583598332357886,0.8869413440969265,-0.1342061027673177,-0.24114978127563036,-0.02726242425900506,-0.059438745764093026,0.9330844701155844,0.8736457243514913,0.7742167680898258,0.8870659964707954
175,a,sqrt,120042,1,1,0.9906919064234747,0.6635117293858521,-0.10444600047674917,-0.26031169726974396,0.051419696316245614,-0.13063141535059297,0.8737444653113482,0.7431130499607552,0.9694429817425687,0.7471047565046174
180,a,sqrt,120042,1,1,0.9431594287607539,0.6560185830053453,-0.046288093012956846,-0.14292980763575203,0.05035362160983832,0.07214620573564456,0.7786322158744284,0.850778421610073,0.9543923084224109,0.8474879997103885
186,a,sqrt,120042,1,0,0.6104696005485021,0.28228750342468656,-0.12046130869012524,-0.21368766677969936,-0.027234950600551144,-0.34838730337294177,0.4994029297137133,0.15101562634077156,0.6438615699902365,0.2750897335993462
193,a,sqrt,120042,0,0,0.35098010209682046,0.2674690607969699,-0.09131522093568306,-0.1654881290342295,-0.017142312837136645,-0.07790570380726344,0.2953083622437127,0.21740265843644926,0.41432172147108914,0.26303033692987055
196,a,sqrt,120042,0,0,0.39530832788932513,0.38002664213798026,-0.040346929907695415,-0.21139538362726154,0.13070152381187067,0.18500422317417548,0.32434400872550756,0.509348231899683,0.3716162688907627,0.39309458787052864
198,a,sqrt,120042,0,0,0.07190005219011496,0.09578625194541364,-0.08850324712029248,-0.21202278540480662,0.03501629116422163,-0.09796041668062988,0.1586915272759424,0.06073111059531252,0.09028587933649393,0.14984708491576237
205,a,sqrt,120042,1,1,0.9613396544842973,0.5816504119753125,-0.001988907204739819,-0.1026744042013643,0.09869658979188463,0.10039000345163385,0.6891605940965426,0.7895505975481765,0.9624369089430685,0.785779638707317
208,a,sqrt,120042,1,1,0.40209300774343654,0.5419701539529151,-0.12214815124761942,-0.2836736479789112,0.03937734548367232,-0.38364186382161225,0.7194421327827453,0.335800268961133,0.4072806738535624,0.5631922159670424
211,a,sqrt,120042,0,0,0.1245327252569393,0.14224924521077723,-0.061803513146414274,-0.303371607686391,0.17976458139356238,0.039362356322426656,0.16438647521130773,0.20374883153373438,0.09642181922653781,0.1681818652169593
229,a,sqrt,120042,0,0,0.2621232533283571,0.06419290388977462,-0.08279555445012846,-0.29732012712261935,0.1317290182223624,-0.0181111175885878,0.06995670563525107,0.05184558804666327,0.30447931100626485,0.0644422450303244
237,a,sqrt,120042,0,1,0.1708915851071712,0.7903440719712193,-0.06467885583039631,-0.21124759148367098,0.08188987982287832,0.014677238537030401,0.7975200380169778,0.8121972765540082,0.18990857655563823,0.8003073714953128
241,a,sqrt,120042,1,0,0.3026188580935535,0.3445045280194968,-0.12309831996040048,-0.2220179258816422,-0.02417871403915875,-0.2359562924134932,0.5015441113192208,0.26558781890572764,0.2950149658609628,0.4319334737681747
246,a,sqrt,120042,0,0,0.005692338093679034,0.04176496416916498,-0.055641488705478394,-0.23766845333542272,0.12638547592446592,0.01186840094368172,0.018116439756915348,0.02998484070059707,0.0026243135065499405,0.018147586161813004
250,a,sqrt,120042,1,1,0.9465197750492464,0.6751346002015985,-0.09321913488065693,-0.21407843697963275,0.02764016721831887,-0.14381661120733635,0.8672152602102811,0.7233986490029447,0.9507090811076705,0.7304875019213353
254,a,sqrt,120042,0,1,0.15724832167185024,0.16255735638160032,-0.01701780685797515,-0.20265291440776892,0.16861730069181857,0.11029612787953566,0.14744962685810456,0.2577457547376402,0.08493199342585338,0.15681729686606638
261,a,sqrt,120042,0,0,0.20356688158083033,0.38709333426619397,-0.03109205465916551,-0.24766925800210515,0.18548514868377408,0.31285754382566056,0.3117214313126295,0.6245789751382901,0.1705389734222835,0.3650758356640747
264,a,sqrt,120042,1,1,0.5687037642510144,0.8295066338001849,-0.03322223567732828,-0.1913349068483064,0.1248904354936498,0.10130985419071503,0.7911490993565368,0.8924589535472518,0.5810993954074002,0.8500201943755732
265,a,sqrt,120042,0,0,0.5181619610469814,0.28450848679241203,-0.19517075072290346,-0.2954897556359318,-0.09485174580987517,-0.19966649402570194,0.44336264391079605,0.2436961498850941,0.5891544295672154,0.3257282445193978
270,a,sqrt,120042,0,0,0.1362979548378623,0.09318955076140832,-0.030996475480955053,-0.15587221929758563,0.0938792683356755,-0.05981133747776573,0.12230691731294828,0.06249557983518255,0.15266603857068187,0.11317575735860363
271,a,sqrt,120042,1,0,0.8546210098694015,0.9541555603427572,-0.08592627511069124,-0.18050197114910083,0.00864942092771831,-0.027407061388611043,0.972040045003356,0.9446329836147449,0.8799152601270086,0.9479241534522794
277,a,sqrt,120042,1,1,0.90274839201491,0.7486342783102978,0.020245050017527067,-0.21098476400060748,0.25147486403566155,0.19707323380293573,0.7379585356450379,0.9350317694479736,0.8959221773328886,0.9145208163677975
278,a,sqrt,120042,1,1,0.9841651279161855,0.9196062819023793,-0.14265448106800283,-0.32318574191083105,0.0378767797748254,-0.034983579731057146,0.9745499252614708,0.9395663455304136,0.9852240699610291,0.9400832604570325
282,a,sqrt,120042,0,0,0.6051305496028133,0.44270553227248666,-0.07414919924769502,-0.20622393777294912,0.05792553927755907,0.2904593735133494,0.40130368088367085,0.6917630543970202,0.5875385209157825,0.571959751583829
284,a,sqrt,120042,0,1,0.2805954426770063,0.5847439734856351,0.0063973337644988035,-0.18820293991037587,0.20099760743937342,0.18518688543613304,0.5345000271529722,0.7196869125891052,0.2848632031007027,0.5872529565105519
288,a,sqrt,120042,1,0,0.852059632776595,0.7137701694666434,-0.025092043389932938,-0.16169726564704465,0.11151317886717875,0.004640120746827181,0.8285928613323575,0.8332329820791847,0.8137217939140347,0.8323686287104435
294,a,sqrt,120042,1,1,0.8847277472983341,0.42768069035977874,-0.11899460576287753,-0.2912214889572851,0.053232277431530015,-0.34951026332690505,0.6471311693923253,0.29762090606542024,0.836697904397772,0.35469666450119036
318,a,sqrt,120042,0,0,0.6250534679475724,0.4899685237307625,-0.06543929551614891,-0.15611604352284275,0.02523745249054489,-0.20199985734703257,0.5879283385482199,0.38592848120118733,0.47898390671963986,0.4911736577193283
319,a,sqrt,120042,1,1,0.9308190392508674,0.8273636067586752,-0.09374405861595403,-0.2111615657351391,0.02367344850323104,0.04278373950332526,0.8493940089152403,0.8921777484185656,0.9507415839242936,0.8900702891768362
328,a,sqrt,120042,0,1,0.27963988530501427,0.2923196241303659,0.020060176327142392,-0.13352507903955094,0.17364543169383567,0.10327243996857394,0.20730761169537187,0.3105800516639458,0.24526855774207149,0.23263709410096867
334,a,sqrt,120042,0,0,0.17600898200510942,0.1259280927677868,-0.13464759767388673,-0.2811016275582692,0.011806432210495654,-0.1484375342195409,0.1983455391861229,0.049908004966582015,0.20689159123360956,0.16763506153264873
339,a,sqrt,120042,0,1,0.778250916395819,0.8053296418123737,-0.19308466707384253,-0.3041576393141925,-0.0820116948334926,-0.04096418254395162,0.7913418013853089,0.7503776188413572,0.7738703643510148,0.7596408345146795
343,a,sqrt,120042,1,1,0.8779920732338832,0.48729871016220205,-0.07490309931002462,-0.18917388508195992,0.03936768646191066,-0.252500407706424,0.7443325037606942,0.49183209605427014,0.8958918058613752,0.5181194575198524
346,a,sqrt,120042,0,0,0.5658124678015922,0.2916861019350231,-0.0716067865133556,-0.20260321340849013,0.05938964038177892,0.021257549177203516,0.4635368861105099,0.48479443528771343,0.5102592561944268,0.47438374734218625
347,a,sqrt,120042,0,1,0.09579716585287354,0.4285466470989947,-0.16710950096086868,-0.3305921181585352,-0.003626883763202249,0.0718545920669893,0.2615415662030328,0.3333961582700221,0.14896115907122268,0.27224510952192144
349,a,sqrt,120042,0,1,0.882923762226896,0.7969397220462902,-0.05192689412635189,-0.14057971240433928,0.036725924151635475,0.03268878550218324,0.8558790417523827,0.888567827254566,0.90689913434711,0.8855244730271711
350,a,sqrt,120042,1,1,0.9973742424238331,0.920800968679834,-0.037926489685016475,-0.2058938559249156,0.13004087655488264,-0.01526830645046906,0.9870651730971797,0.9717968666467106,0.9973527060325942,0.9718372863422694
354,a,sqrt,120042,1,0,0.7082491267779003,0.5885550619538567,-0.0998349197277508,-0.18384931335658675,-0.015820526098914878,-0.14297135067526034,0.6543294133891959,0.5113580627139356,0.651333622993829,0.5612073655695574
357,a,sqrt,120042,1,1,0.5663855336684624,0.5832321448491247,-0.14842154360522222,-0.3438670599498208,0.047023972739376335,0.1013446835796018,0.4463772897496344,0.5477219733292362,0.6846059209937392,0.5157584601894668
360,a,sqrt,120042,1,0,0.341265762932717,0.19991624681511497,-0.1437283938382661,-0.273387410441088,-0.014069377235444241,-0.20995476861796994,0.3185615885237857,0.10860681990581575,0.3064633309145173,0.2542181507917359
361,a,sqrt,120042,0,0,0.2768589477071074,0.20832456250053383,-0.062468908838036755,-0.21566199690540355,0.09072417922933,-0.0406445885166562,0.19061748277556523,0.14997289425890903,0.1473623882639726,0.18462799914174433
365,a,sqrt,120042,1,0,0.6800472503186336,0.28771294418683135,-0.1839689760581445,-0.28924654218136764,-0.07869140993492137,-0.3344524588585174,0.48247634363636255,0.14802388477784517,0.7037892739416086,0.24709229044834086
368,a,sqrt,120042,1,0,0.7344033841766269,0.3888808466789952,-0.09395282085915564,-0.24152467984111553,0.053619038122804205,-0.05427466854280549,0.4718418589350713,0.4175671903922658,0.6540894483175863,0.4363413709302878
370,a,sqrt,120042,1,0,0.16386531345106786,0.03801651685690385,-0.24204853779683413,-0.4320653814788352,-0.052031694114833105,-0.11224918810400103,0.11604627447767366,0.003797086373672619,0.11504539026639442,0.10313252282516294
380,a,sqrt,120042,0,1,0.8334890379545952,0.356587592256022,-0.2109246686097175,-0.2976653958289554,-0.12418394139047964,-0.4595323870462047,0.6433774733254405,0.18384508627923582,0.6529940418405045,0.3433055625515242
384,a,sqrt,120042,1,1,0.8132495380169068,0.8763864956697166,-0.023712506142125164,-0.18835052168570032,0.14092550940144993,0.0703099140074529,0.8886766336909452,0.9589865476983981,0.8125043706639047,0.945803746123004
392,a,sqrt,120042,1,1,0.8393814095162521,0.8138724082562885,-0.10579853128546414,-0.18997956281740058,-0.021617499753527697,0.0859568948245617,0.7956046715365747,0.8815615663611364,0.8949939681051641,0.8725355739216074
398,a,sqrt,120042,0,1,0.3785590436181826,0.37164636327183176,-0.14686695918483703,-0.2623907692386806,-0.03134314913099348,-0.3498504475078327,0.5910364248254103,0.2411859773175776,0.36176284124541397,0.4644735329239972
399,a,sqrt,120042,1,1,0.9970146286266044,0.8330526085140617,-0.0762466676249023,-0.15762615736536578,0.005132822115561153,-0.029171536123289488,0.9512178017968141,0.9220462656735247,0.9962108424749547,0.9221568012191433
409,a,sqrt,120042,0,0,0.16108848708925474,0.38505198503875565,0.006180659844308845,-0.22342348978912355,0.2357848094777412,0.14554265152238055,0.3680844066924097,0.5136270582147903,0.16618931836081213,0.39227204074133937
422,a,sqrt,120042,1,1,0.40169812470308697,0.41341350463742554,-0.001321715282192887,-0.15162691390516514,0.14898348334077935,0.04875396248008518,0.4200452914399601,0.4687992539200453,0.33848323217702997,0.436547690241657
424,a,sqrt,120042,1,0,0.807359895400461,0.5721889064663959,-0.16782608974901675,-0.3241884022016227,-0.011463777296410849,-0.411950972386599,0.8314253440689895,0.4194743716823905,0.8860761566800972,0.46640540971604305
429,a,sqrt,120042,0,0,0.04054208125764265,0.015415465732562741,-0.10491412595244859,-0.24053461387875003,0.03070636197385282,0.0037726514360697343,0.01304897486216735,0.016821626298237084,0.014013887068759502,0.013101844373342225
431,a,sqrt,120042,1,1,0.4190924429359105,0.48339843987886705,-0.15592693327218807,-0.2349104121496014,-0.07694345439477474,-0.32665406706368566,0.7123240608538791,0.38566999379019345,0.26194947604164803,0.6267571991396732
433,a,sqrt,120042,0,0,0.023721087657617025,0.0727646587422517,-0.1239426107057808,-0.22830159855284993,-0.019583622858711694,-0.03402153155820689,0.06847959303076086,0.034458061472553966,0.030148742780963526,0.06745388662679803
435,a,sqrt,120042,0,1,0.30614278754336544,0.700626917437417,-0.08536968493229262,-0.21569308055466596,0.04495371069008068,-0.10742312894197681,0.7807369553595693,0.6733138264175925,0.43293691335902873,0.734229517492061
436,a,sqrt,120042,0,1,0.03998367806026931,0.20887029043875627,-0.2431764115583119,-0.3405204080022497,-0.14583241511437417,-0.3201538166817906,0.38261502886035376,0.06246121217856315,0.04558681888213726,0.368020234804856
446,a,sqrt,120042,1,0,0.12648336866320714,0.08754183965354545,-0.180985426371103,-0.2609750334696095,-0.10099581927259647,-0.06432527410523083,0.14245327608668318,0.07812800198145235,0.13760778018982345,0.13360161790696043
447,a,sqrt,120042,1,1,0.5728568074196898,0.6648724371247139,-0.11249623999823291,-0.3387293338163555,0.11373685381988966,0.034144994760945346,0.7178406560241876,0.7519856507851329,0.5268957316826469,0.735831508022056
451,a,sqrt,120042,1,1,0.844425481305444,0.6781222161862843,-0.15584820087238,-0.3719165531942381,0.06022015144947809,-0.17663563846118313,0.8287729384589229,0.6521372999977397,0.8242034052032726,0.6831892437589615
460,a,sqrt,120042,1,0,0.4015081191488898,0.4015520342975686,-0.08731828804393015,-0.24683212190833603,0.0721955458204757,-0.15089969081385596,0.4593548416637062,0.30845515084985026,0.3655224480016902,0.40419761727472747
462,a,sqrt,120042,0,0,0.47995226962218024,0.42316123966686997,-0.011223311609506955,-0.19732042665399788,0.1748738034349839,-0.02877369342676961,0.4686118803771519,0.4398381869503823,0.4666605896496557,0.4551843316362172
465,a,sqrt,120042,0,1,0.4186121225571803,0.6903555027779911,-0.08256794686916383,-0.16174137407671021,-0.003394519661617454,-0.07352311822592295,0.7800438405311805,0.7065207223052575,0.5135491930884887,0.7422861024929082
467,a,sqrt,120042,0,0,0.13424017331038868,0.22484105768975207,-0.05230134587228218,-0.15000817673217368,0.045405484987609275,0.18109530692018136,0.12685755243371818,0.30795285935389954,0.1888332524081815,0.16105436823531388
468,a,sqrt,120042,1,0,0.4473842545395611,0.529895746520903,-0.153678678708508,-0.36792242131156433,0.0605650638945483,-0.36394341785118856,0.7078781761015418,0.34393475825035325,0.42845601156518937,0.5519444308536183
474,a,sqrt,120042,0,0,0.33848953380953606,0.44374313031166696,-0.06981498474440398,-0.19728376078045481,0.05765379129164683,0.27024214191256124,0.30007158198562,0.5703137238981812,0.4170023363305006,0.4127631865381167
478,a,sqrt,120042,1,0,0.4815879254233275,0.16815828655816528,-0.10364794067742317,-0.2162579818758001,0.008962100520953711,-0.14113139488284232,0.2377741189742361,0.09664272409139375,0.27379783230036064,0.19913264898578764
481,a,sqrt,120042,0,1,0.4228237656759795,0.4404462708179714,-0.03912925163730842,-0.21483463298795147,0.1365761297133346,0.24256774419822325,0.2663753158727359,0.5089430600709591,0.2853642948162681,0.33559548914103476
486,a,sqrt,120042,1,1,0.7587397429099123,0.4762036150534132,-0.1149855288042263,-0.21674789111151876,-0.013223166496933836,-0.6892153014395378,0.8677382394188814,0.1785229379793436,0.807107991999281,0.3114670614188369
487,a,sqrt,120042,1,1,0.8500060230190345,0.5260554622274926,-0.08008692946352516,-0.2770786168579602,0.11690475793090985,-0.028156691615068175,0.6387406477170029,0.6105839561019347,0.8811791752215618,0.6139295574226692
498,a,sqrt,120042,0,0,0.180842069467446,0.03474413597458954,-0.2148820051151916,-0.3859600290860254,-0.04380398114435782,-0.1062618189134249,0.10974740599329373,0.003485587079868836,0.19058570392071683,0.0894954224357829
503,a,sqrt,120042,0,0,0.3158733490225002,0.15853159349320847,-0.05903843005161461,-0.24154204587892952,0.12346518577570026,-0.16728505428348134,0.2635262519296023,0.09624119764612094,0.40711586132784927,0.19542185296770676
507,a,sqrt,120042,1,1,0.8888542066688003,0.8359920924028177,-0.10555482023550197,-0.2305698170923654,0.01946017662136143,-0.030854928811506976,0.9308527063190833,0.8999977775075764,0.8926277089340195,0.9033107419047457
508,a,sqrt,120042,0,0,0.4861368559230739,0.22187266355716667,-0.08757891891470258,-0.29613802322781424,0.12098018539840906,-0.05620972089686527,0.2627225744829081,0.20651285358604282,0.5311711209732923,0.23286559402452428
514,a,sqrt,120042,1,1,0.8647892913411044,0.7761679862678832,-0.0718025202273957,-0.18149522446267036,0.03789018400787893,-0.061478120138046544,0.8845825250519558,0.8231044049139092,0.8943195699412145,0.8296014390893036
526,a,sqrt,120042,0,0,0.039456746332682736,0.09443630355538442,-0.09548802534451667,-0.212694081602526,0.021718030913492628,0.020299231269924375,0.06015719113646259,0.08045642240638697,0.05466687900003019,0.06126688675608918
528,a,sqrt,120042,1,1,0.9257797740573446,0.6608412985589942,-0.15382172632603555,-0.3281139457365396,0.020470493084468466,-0.3151680255715663,0.877924904862706,0.5627568792911397,0.8946923510881424,0.5959464830762735
532,a,sqrt,120042,1,0,0.6405983393398482,0.19536453691712466,-0.22432269849689265,-0.380853899453099,-0.06779149754068634,-0.5334643262344162,0.5735551216747997,0.040090795440383485,0.6066516810570359,0.24992809138073208
534,a,sqrt,120042,0,1,0.574922516218826,0.9359668565212989,0.01953928813325071,-0.18570575534664432,0.22478433161314568,0.13543398492073888,0.8396523821431012,0.9750863670638401,0.6415710899254514,0.9265429114616468
535,a,sqrt,120042,0,0,0.6147030586072775,0.21875295045396656,-0.01956002330356604,-0.1883316000964842,0.14921155348935206,0.03704061610492676,0.22099152902364283,0.2580321451285696,0.40412609914286823,0.23596060871997537
538,a,sqrt,120042,1,0,0.8370200904420659,0.6371842010036332,-0.023436801368656578,-0.13797626834725263,0.09110266560993946,-0.06212851278558973,0.7780343272758928,0.7159058144903031,0.8082821081633567,0.7278169619845023
539,a,sqrt,120042,0,1,0.3879392846172719,0.3838634013307982,-0.09404415893744576,-0.23459148541874347,0.046503167543851906,-0.11126006308263126,0.4664730480873413,0.35521298500471005,0.46073813292230986,0.41521129435383136
546,a,sqrt,120042,0,0,0.2073162133306735,0.09652850182168608,-0.07844244525866312,-0.2164466477734791,0.05956175725615284,-0.06620608679353736,0.1411022908806444,0.07489620408710705,0.2563020340491129,0.12413353616902867
549,a,sqrt,120042,1,0,0.739975694816791,0.3100032205687007,-0.09431036960812923,-0.20219239042399842,0.013571651207739927,-0.22605679180368443,0.5078172149242439,0.2817604231205595,0.8011893584262512,0.32670291893115333
550,a,sqrt,120042,0,0,0.12936583928313697,0.05883171754579175,-0.19545033321555833,-0.3351778578130574,-0.055722808618059255,-0.08381602753461014,0.09640615135008752,0.012590123815477389,0.13400979470830476,0.0851739827069088
552,a,sqrt,120042,1,0,0.45350265207302726,0.18965967460067173,-0.0736956430533275,-0.16415274154468473,0.016761455438029718,0.08753892270289004,0.1992963733242461,0.28683529602713614,0.4572237483724141,0.23932124769094448
559,a,sqrt,120042,1,0,0.6782126178562653,0.27594932424060925,-0.1381985344152662,-0.2465835104018851,-0.029813558428647344,-0.36576085048430995,0.5887644136938451,0.22300356320953515,0.7184678395003896,0.32597700567255794
560,a,sqrt,120042,1,1,0.9485907983199526,0.6528644179184997,-0.08209343339030468,-0.19396669467086727,0.029779827890257876,-0.06469990771798673,0.840006845109726,0.7753069373917393,0.9520143474859696,0.7784116046811844
561,a,sqrt,120042,1,0,0.5217864440997997,0.34432787211813587,-0.0165060139599777,-0.2208223065435497,0.18781027862359426,-0.14847635272894044,0.47000754047362386,0.3215311877446834,0.49528534616089104,0.39646937871556404
563,a,sqrt,120042,0,0,0.2888108870929679,0.18098102712418618,-0.08892729152188143,-0.20360665489651567,0.025752071852752773,0.08723419972137467,0.16780480528123268,0.25503900500260734,0.31333299897025074,0.19513815869270082
568,a,sqrt,120042,1,1,0.945792509206312,0.8868332236311733,-0.16314058770074202,-0.30602180607322516,-0.02025936932825892,-0.11006768648138565,0.9621006613342603,0.8520329748528747,0.9575199301970099,0.8567086578576576
569,a,sqrt,120042,0,1,0.5699463291222611,0.7944201465389817,-0.09860831864789142,-0.2530767364892212,0.05586009919343833,-0.03506472883281053,0.8463245486547423,0.8112598198219317,0.667795473870383,0.8229084814476991
571,a,sqrt,120042,0,0,0.019360718143083263,0.20212904424201789,-0.005441925460928383,-0.15254900570043278,0.14166515477857597,0.17274679823127478,0.07316077366171819,0.24590757189299298,0.020388722435939765,0.07668286018255294
576,a,sqrt,120042,1,0,0.985657195683646,0.7904012675222625,-0.17292230811143564,-0.3431916704543201,-0.0026529457685512403,-0.13762755085764844,0.9336653303150813,0.7960377794574328,0.9855241777839763,0.7980300514156748
578,a,sqrt,120042,0,0,0.4767550890856799,0.25929069698033747,-0.05221984222596028,-0.21411590298288458,0.10967621853096397,-0.1661069213092291,0.37306363189420844,0.20695671058497933,0.30633299155751065,0.3221796017711443
580,a,sqrt,120042,1,1,0.9683649971691306,0.9373258311670802,0.0427724065451857,-0.08318671886271205,0.16873153195308344,0.041240948763694774,0.9508598933381807,0.9921008421018754,0.9665661090584269,0.990721996718583
584,a,sqrt,120042,1,0,0.49698425281219805,0.6131683013636084,-0.0482320041079718,-0.26130706362916956,0.16484305541322594,-0.18620539681394355,0.7916820777128901,0.6054766808989466,0.47263355488663145,0.7036751590776402
588,a,sqrt,120042,1,1,0.725697380234409,0.6843480839944683,0.031285536500018134,-0.16795159255035982,0.23052266555039605,0.05151712594740754,0.7716016543161577,0.8231187802635652,0.7264867484806898,0.80902816363676
594,a,sqrt,120042,0,1,0.3328267557033292,0.25650785824047323,-0.1578845212441153,-0.2976012216302887,-0.018167820857942024,-0.1845762402931477,0.3341791213468299,0.14960288105368222,0.2895476165668742,0.28073551089507437
599,a,sqrt,120042,0,1,0.23146940847626968,0.09030329016421154,-0.11299599504573277,-0.24212945910679332,0.016137469015327754,-0.017020805613165407,0.0815640556751646,0.0645432500619992,0.1107623584300319,0.07967879110307127
603,a,sqrt,120042,1,1,0.950662659254123,0.6967093952267789,-0.1986998945987722,-0.34897051566932424,-0.048429273528220185,-0.4064471216929251,0.9031243204678541,0.496677198774929,0.8781433534838903,0.546205482010554
606,a,sqrt,120042,0,1,0.08517606265379608,0.17269328254815747,-0.06970111769532955,-0.17368886653838073,0.034286631147721625,-0.0810499975355446,0.21978098697191426,0.13873098943636966,0.045834318428495995,0.2160661155762413
607,a,sqrt,120042,0,0,0.07414474202561468,0.2048679698877292,-0.05224178234060766,-0.18457943515729383,0.08009587047607847,-0.20262165996000597,0.3087378023791391,0.10611614241913314,0.07743012434549355,0.29304878205334556
609,a,sqrt,120042,0,1,0.277521844901034,0.10971715898201154,-0.08310672792382437,-0.19506254666899098,0.02884909082134221,-0.17815202596793825,0.22489714031231664,0.046745114344378384,0.3450213473808075,0.163430888274238
614,a,sqrt,120042,1,1,0.7368159723539403,0.635921089561127,-0.06866792904381713,-0.21088213652386292,0.07354627843622863,0.13800989485438941,0.6359172787744115,0.7739271736288009,0.8274743251071385,0.7501169233771545
617,a,sqrt,120042,1,0,0.8010460484695189,0.6505113552194871,-0.181981335673722,-0.2554316739969027,-0.10853099735054131,-0.32977963417948597,0.8338032757051225,0.5040236415256365,0.8485350583833042,0.5539736945630076
621,a,sqrt,120042,1,1,0.644145557958666,0.5836106553929663,-0.0598487082588696,-0.25279364246013175,0.13309622594239254,-0.10300534475910206,0.7057406494157711,0.602735304656669,0.6270415558891259,0.6411520177731279
626,a,sqrt,120042,1,0,0.621304359534801,0.15585901537739205,-0.07903432646907746,-0.17699680605289458,0.018928153114739624,-0.14734105843629364,0.26353475745247545,0.11619369901618182,0.5408398945646613,0.18384683494274479
638,a,sqrt,120042,1,0,0.20200546242296274,0.05160114561808784,-0.09648236107878672,-0.1963014940187091,0.003336771861135679,-0.028967779075204383,0.061277322843089226,0.03230954376788484,0.21730089998808788,0.054982598379391213
648,a,sqrt,120042,1,1,0.40996509811221016,0.8800482851214706,-0.015557670179484688,-0.13870270837488438,0.10758736801591497,0.22657797391420198,0.7325950095116571,0.9591729834258591,0.446193692985528,0.8336926724416136
651,a,sqrt,120042,1,0,0.6876186017763337,0.41032673117209584,-0.05829408793219391,-0.2257141226960627,0.10912594683167487,0.14285091672279376,0.2851618328993221,0.4280127496221159,0.7508626695093064,0.39242325357165064
656,a,sqrt,120042,0,0,0.2167281587206824,0.5370490537827723,-0.08991451959914064,-0.26371943804549786,0.08389039884721654,0.008071797181922913,0.46869912424753557,0.4767709214294585,0.22802004329675454,0.4705396557904402
662,a,sqrt,120042,0,0,0.5412854875092089,0.34301902574651366,-0.05176145973128418,-0.17768675501597903,0.07416383555341063,0.12090442381375327,0.2880053588167833,0.40890978263053657,0.3957846009982411,0.33585746795483185
663,a,sqrt,120042,1,1,0.5589559669846118,0.5429086181082996,-0.03012827088866266,-0.15240296197057715,0.0921464201932518,-0.0006267839972746714,0.6515715924340533,0.6509448084367786,0.5681953671368609,0.6512154566706063
676,a,sqrt,120042,1,0,0.5596279154696607,0.5356363889106334,-0.060136906084624776,-0.2457336738319841,0.12545986166273454,0.288078314021742,0.4324920904579289,0.7205704044796709,0.6529119529093504,0.6205818650566977
680,a,sqrt,120042,1,0,0.7326959997507486,0.1170233972345142,-0.1243286993284422,-0.23839622069048694,-0.010261177966397472,-0.21676132704337042,0.27484012746336883,0.05807880041999842,0.7595694039485262,0.11019485548194441
684,a,sqrt,120042,0,0,0.5095809620747207,0.10132008379383026,-0.11888703297110272,-0.2475701955813016,0.009796129639096138,-0.09365228131014089,0.1535330244619221,0.05988074315178122,0.2799397036695437,0.12731603258398452
689,a,sqrt,120042,1,1,0.9593965059098839,0.9708116047422297,0.01747097958035001,-0.13017135770856783,0.16511331686926783,0.028437736123359203,0.9572782937779396,0.9857160299012988,0.9706128031462105,0.9848803245517656
702,a,sqrt,120042,0,0,0.010011310911000815,0.03830598684834653,-0.095288148046284,-0.2534891659644579,0.0629128698718899,-0.008814129041007847,0.027598928413820053,0.018784799372812206,0.012737884181278832,0.027486655058936847
705,a,sqrt,120042,1,0,0.9818387908092856,0.7573522870442213,-0.21049756588712246,-0.28363752812005966,-0.13735760365418528,-0.24861107127745252,0.9414393089611733,0.6928282376837208,0.9809324818902252,0.6975686337875942
707,a,sqrt,120042,1,0,0.27816788105154977,0.05224217720605555,-0.2421358691339808,-0.4118815342288049,-0.07239020403915672,-0.18261274863827542,0.1878998981069971,0.005287149468721667,0.2347415664691916,0.14503309543440357
708,a,sqrt,120042,0,0,0.3040798043728327,0.1655436036729748,-0.15386828757375492,-0.35507443813358897,0.04733786298607906,-0.3033594815556778,0.3504194567553186,0.04705997519964079,0.374407833118835,0.2368392906100041
712,a,sqrt,120042,0,0,0.12268991638648172,0.16094383124644054,-0.031280568268099475,-0.16690894400000322,0.10434780746380426,0.20262182932038472,0.14691061958728588,0.3495324489076706,0.05606427893599119,0.15827046634482472
713,a,sqrt,120042,0,1,0.23599487445084782,0.8782731705182755,-0.05175958644824157,-0.17321903279084108,0.0696998598943579,0.18351149860665072,0.775833119343291,0.9593446179499417,0.3611110149512662,0.8421011428603665
723,a,sqrt,120042,1,1,0.9521620121455607,0.7180788959887858,0.06397997329060193,-0.04175480739975013,0.16971475398095395,-0.013981278819158116,0.8683621139850527,0.8543808351658946,0.9403397493894873,0.855214961764101
727,a,sqrt,120042,0,0,0.0032718255340256712,0.06262436697095924,-0.09298820407927569,-0.2821351397802614,0.09615873162170993,0.01940221066508254,0.03568903252242936,0.0550912431875119,0.004415015471387493,0.03577469358269482
735,a,sqrt,120042,1,1,0.8534351673132365,0.7130838936189544,-0.03959837870365435,-0.1944744314215176,0.11527767401420888,0.2892291597635016,0.6042732494725858,0.8935024092360874,0.85753976359256,0.8522987547602537
739,a,sqrt,120042,0,1,0.0895373639085759,0.1853399503869139,-0.09827483719770003,-0.2801081633998239,0.08355848900442386,0.04653584065128688,0.23099895524207756,0.27753479589336444,0.10826828795026494,0.23603731103771872
743,a,sqrt,120042,1,0,0.818683828918493,0.6157485834573707,-0.1772327477661101,-0.26585319983380024,-0.08861229569841997,-0.3588049137290085,0.8478417441080576,0.48903683037904905,0.8540792214123399,0.5413939227514641
744,a,sqrt,120042,0,0,0.09329951122621169,0.041473685206252144,-0.04820868980124148,-0.15743395296076768,0.06101657335828468,0.00043827428651807554,0.026528100992398846,0.02696637527891692,0.03804426145219432,0.026544774813942913
752,a,sqrt,120042,1,0,0.3348775343979219,0.24354561544039974,-0.12157475702561997,-0.2324211844856443,-0.010728329565595676,-0.048624029853681416,0.3276257229580346,0.2790016931043532,0.4051996569380795,0.3079232827423759
760,a,sqrt,120042,1,1,0.7485418695547517,0.8305860348800337,-0.1552364129943907,-0.23891566104537654,-0.07155716494340489,-0.1049719012824385,0.9221465373701752,0.8171746360877367,0.8120115327351075,0.8369081429157039
773,a,sqrt,120042,1,1,0.914863198781001,0.9121508805594647,-0.12246352056750485,-0.2647742112404673,0.01984717010545757,-0.05078761983714952,0.9666567816878695,0.91586916185072,0.9159070005121013,0.9201400451396771
776,a,sqrt,120042,0,0,0.14330884330943072,0.09585268083584234,-0.04473923447404974,-0.21542382839035287,0.12594535944225335,0.11215936655437345,0.0472359901847925,0.15939535673916594,0.07290723182044223,0.05541321912300616
779,a,sqrt,120042,0,0,0.25515722437842836,0.42313541948263494,-0.062108725745270904,-0.2666051055074531,0.14238765401691122,0.2102850669914252,0.22621397008186886,0.43649903707329407,0.3629244759380927,0.30253156781733853
781,a,sqrt,120042,1,1,0.6521171674969055,0.7699677984932016,-0.08016879892470671,-0.21521992645550492,0.054882328606091435,0.031273744586730046,0.8283829563994728,0.8596567009862028,0.7461971474210043,0.8517193353992638
782,a,sqrt,120042,1,0,0.9196777343953139,0.3558001237336559,-0.11190495808143099,-0.22415044849054505,0.000340532327683038,-0.27881971225762575,0.5994415106886838,0.32062179843105804,0.8619811840905949,0.3591041649690566
783,a,sqrt,120042,0,0,0.05272548433485517,0.2406226143633537,-0.03192229147805329,-0.22976140651899943,0.1659168235628928,0.11768093960974968,0.16619341714787256,0.28387435675762224,0.05485994054116541,0.1726493864976919
786,a,sqrt,120042,0,0,0.03812943704176544,0.11437638706227056,-0.12017149647757804,-0.20617809166894746,-0.034164901286208624,-0.1204466128067492,0.16532041866408156,0.044873805857332354,0.05941604163077386,0.15816395770327005
798,a,sqrt,120042,1,1,0.8327737945049245,0.783285342163915,-0.0074451742754904175,-0.12963628759150234,0.11474593904052147,-0.012829595656138837,0.8710496929005754,0.8582200972444366,0.8434126957509361,0.8602290490428369
822,a,sqrt,120042,0,0,0.7964023859694794,0.7226986869274035,0.0322908587117357,-0.16336541808093502,0.2279471355044064,0.15687867128973654,0.7780227700505881,0.9349014413403246,0.7866852715996432,0.9014369101823456
827,a,sqrt,120042,0,1,0.2056433403202506,0.4113805423451876,-0.2603747777183248,-0.35671812535617736,-0.16403143008047227,-0.47170840662307595,0.6500277796996768,0.1783193730766009,0.24463777729865077,0.5346300835703194
839,a,sqrt,120042,0,0,0.3457889297867934,0.05124497227156187,-0.1568808600093886,-0.24377542587512357,-0.06998629414365369,-0.082870305049013,0.09704353328678197,0.01417322823776898,0.162343632639872,0.08359006692715087
841,a,sqrt,120042,0,0,0.019861527146896228,0.10164040189477093,-0.08412524893455019,-0.17954134953949213,0.011290851670391733,-0.010820327453034226,0.09911358918728445,0.08829326173425023,0.034639969991106065,0.09873877336901742
845,a,sqrt,120042,1,1,0.7845205245651106,0.5028463854562354,0.03147212379072374,-0.04907288802017691,0.11201713560162438,-0.054967122143437575,0.679755636458759,0.6247885143153215,0.7638252185778449,0.6377703623729527
848,a,sqrt,120042,0,0,0.04549534038197328,0.20059538901900603,-0.12268831246832083,-0.22726057674357475,-0.018116048193066933,0.0857810802170664,0.15080779969315497,0.23658887991022137,0.05969038884345037,0.1559281057267229
859,a,sqrt,120042,1,1,0.7602096924000427,0.7230801507304334,-0.0596027688897835,-0.22741806921952878,0.10821253143996176,0.10091643251497262,0.7428263810643577,0.8437428135793303,0.8320547758187614,0.8267943806970325
868,a,sqrt,120042,1,0,0.21062354843487735,0.06359302579297506,-0.0647735683066698,-0.14028987719317842,0.010742740579838789,-0.03768758335333155,0.08397151622017748,0.046283932866845935,0.23923225370276432,0.07495543071794919
875,a,sqrt,120042,1,1,0.2095630028940588,0.2500639566902867,0.03358444189390111,-0.13537126242136813,0.2025401462091703,0.2750351541256375,0.13981080528827883,0.41484595941391633,0.19551987810503407,0.19358564509752274
890,a,sqrt,120042,1,1,0.9876736406620003,0.7278839613296898,-0.013361353472994341,-0.12810583090925345,0.10138312396326475,-0.020946677854016382,0.8906656266682582,0.8697189488142418,0.9874817561550102,0.8699811644353609
892,a,sqrt,120042,0,0,0.8076451424384118,0.15579588391163252,-0.1401407337192824,-0.25190943202124466,-0.028372035417320182,-0.4218944972490402,0.4749578951993378,0.053063397950297596,0.752638681307789,0.15742377713880756
893,a,sqrt,120042,0,1,0.3661923861325035,0.2186854365192891,-0.08573827344985575,-0.27661582516145694,0.10513927826174539,-0.13899119129057289,0.2884059010666973,0.1494147097761244,0.20296380287330745,0.2601957203164713
898,a,sqrt,120042,1,1,0.4525570471867023,0.756871634384734,-0.1499896103968681,-0.22032306486652417,-0.07965615592721202,0.11489019733853345,0.5760315391701575,0.6909217365086909,0.47972378810490296,0.6311470998535185
908,a,sqrt,120042,1,1,0.640993242901371,0.5389593655355164,-0.10281670903375369,-0.21770402960628266,0.01207061153877527,0.2700079153490359,0.5696492081263452,0.8396571234753811,0.6849639978240327,0.7545949092679538
913,a,sqrt,120042,0,0,0.3899701749588427,0.4784470629741568,0.08153165023957634,-0.07300333296449776,0.23606663344365042,0.5763362625455206,0.21409661929254425,0.7904328818380649,0.36702698783272614,0.4256275817133979
915,a,sqrt,120042,1,1,0.9523558435925714,0.7524112911697871,-0.019494306283653444,-0.13338617732190722,0.09439756475460032,-0.10460704553612188,0.9122655745034537,0.8076585289673318,0.9415880973154946,0.8137688255313014
917,a,sqrt,120042,1,0,0.9238051845363644,0.6510453356614134,-0.029550155549684817,-0.11447328628968964,0.05537297519031999,0.012647334156821954,0.7540394926111339,0.7666868267679559,0.9317451813874247,0.7658235852691494
924,a,sqrt,120042,0,1,0.0417535111573159,0.2874748128522012,-0.15191350156732325,-0.28886993644452824,-0.014957066690118287,-0.03518580558050255,0.34295445282315096,0.3077686472426484,0.03257650484478903,0.34180822225718993
929,a,sqrt,120042,1,0,0.6620698022112059,0.5400270204453903,-0.08435331709003388,-0.21128255998699266,0.042575925806924875,-0.2246108655442407,0.7244357997544417,0.499824934210201,0.6590473051994321,0.5764066140989978
934,a,sqrt,120042,0,0,0.18036522670882124,0.2064085005755072,-0.1321860187689852,-0.2408225695413418,-0.023549467996628617,-0.17923562100166213,0.30255577023811625,0.12332014923645412,0.22882149384738068,0.26154280768985294
955,a,sqrt,120042,1,1,0.8200078699622655,0.4406715112363194,-0.07680119708485432,-0.15709712699712836,0.0034947328274197026,-0.4074361291328243,0.7758676384475641,0.36843150931473984,0.8734804756292069,0.41998013458410177
960,a,sqrt,120042,1,1,0.36430064625510755,0.5474723955226386,0.03408266795198788,-0.12052401768232096,0.1886893535862967,0.30302428580824725,0.4145443547009303,0.7175686405091776,0.3800930993244424,0.5297217946643626
961,a,sqrt,120042,0,1,0.5523427628313959,0.3262244000448834,-0.07357745175699874,-0.15972963949604974,0.012574735982052221,-0.17386110854674186,0.4319105760822528,0.25804946753551095,0.49347354839846846,0.3461147179192008
967,a,sqrt,120042,0,0,0.6292753281413976,0.5409563573366718,-0.03847563996020711,-0.15115243421802965,0.0742011542976154,0.11315424130412288,0.5413987873849739,0.6545530286890968,0.44694083003004204,0.5919720379148583
976,a,sqrt,120042,0,0,0.1875189495787529,0.0955061027502557,-0.16564616146389002,-0.2890517003873323,-0.0422406225404478,-0.10435438224184548,0.15809386067540734,0.05373947843356186,0.20179595515564355,0.13703556843623702
977,a,sqrt,120042,1,0,0.9290030480519587,0.6776003156365273,-0.028087518982044906,-0.1409841069578093,0.08480906899371947,0.2172265382051104,0.6784268664625951,0.8956534046677055,0.9400329381747864,0.8826269674210825
980,a,sqrt,120042,1,1,0.8907828288358244,0.6749097282986456,-0.07888987627438643,-0.19588804287100844,0.03810829032223556,-0.1328309937568829,0.8403143102576274,0.7074833165007445,0.9173360209342071,0.7184636549879518
986,a,sqrt,120042,1,0,0.7193384695803312,0.254603712244821,-0.09872704437826044,-0.28018077187706647,0.08272668312054557,-0.21930664730454208,0.3912007173486197,0.17189407004407764,0.6588215068712526,0.24671678150455897
987,a,sqrt,120042,0,0,0.39239782738313184,0.3616015143122923,-0.0655981838577825,-0.1543393233205957,0.023142955605030643,0.16537846499403014,0.35989141899015303,0.5252698839841832,0.3384405855504341,0.41586220352016456
989,a,sqrt,120042,0,0,0.4195655553387942,0.2200655918802256,-0.13556460412498264,-0.3127424811459034,0.041613272895938136,-0.22553091570484401,0.34182879340480493,0.11629787769996093,0.2358266405545143,0.2886425952129482
5,a,sqrt,2120042,1,1,0.5795099407346891,0.45383672466596636,0.019711600115162705,-0.16982468440027046,0.20924788463059582,0.29544125881310984,0.4283602486568981,0.7238015074700079,0.5143494763770452,0.5803203054275963
12,a,sqrt,2120042,0,1,0.2563443628296557,0.31554648939782576,-0.08945878644185368,-0.2290807752461414,0.05016320236243402,-0.1020346687031714,0.35251383485816296,0.25047916615499155,0.22807181354145364,0.3292426029229293
15,a,sqrt,2120042,1,0,0.5723121503402373,0.0711800106491393,-0.06986682627800986,-0.17328690461312202,0.03355325205710229,-0.003080297422145953,0.08496536053642435,0.0818850631142784,0.5888855260374319,0.08315141796863218
30,a,sqrt,2120042,0,0,0.5704623645591489,0.21940483178855139,-0.12675879481278732,-0.2331926829289268,-0.020324906696647854,-0.15824629257148742,0.32006203944320166,0.16181574687171424,0.5261665055811847,0.23679814065968435
35,a,sqrt,2120042,1,1,0.9786739657392879,0.9608229058564473,0.012119104478701763,-0.1292824157225562,0.1535206246799597,0.011426825642477212,0.9756257658102383,0.9870525914527155,0.9757346483150356,0.986775315509858
39,a,sqrt,2120042,1,0,0.7563312812814935,0.4430608439787013,-0.1291281607924439,-0.25782160485212013,-0.00043471673276773704,-0.0787740414269622,0.5056272841792651,0.42685324275230285,0.77152706901285,0.4448509788828241
40,a,sqrt,2120042,0,0,0.3237420599830904,0.2982946082931811,-0.07668511510181998,-0.17566267485495068,0.022292444651310694,0.060474988513839145,0.3131862436036617,0.37366123211750085,0.36407388745256936,0.3352036077655446
43,a,sqrt,2120042,1,0,0.7047099212791663,0.49538448081499037,-0.07513145289904359,-0.23821298057318802,0.08795007477510079,-0.19702180525731344,0.6091152747624241,0.41209346950511067,0.6567057331961557,0.4797299256852899
45,a,sqrt,2120042,0,0,0.14375167160505867,0.2557150926189954,-0.08291585586696719,-0.17384418728747209,0.008012475553537693,0.13139903885494988,0.2165379872607052,0.3479370261156551,0.17346042267748582,0.2393305200799002
48,a,sqrt,2120042,1,1,0.2869094591298208,0.5200283869835888,-0.15295321867699616,-0.23578074433004048,-0.07012569302395186,-0.02351093248221392,0.4828213005356463,0.4593103680534324,0.42933764997077845,0.47272717203511094
63,a,sqrt,2120042,1,0,0.6299929194432841,0.09389999784630394,-0.1250436412090703,-0.22648708827715971,-0.023600194140980912,-0.08061850681857732,0.15433536704847534,0.07371686022989801,0.6257533169734277,0.10388806899730568
67,a,sqrt,2120042,1,1,0.4513636744214192,0.40273088169296545,-0.18586201619382287,-0.28671879347877216,-0.0850052389088736,-0.4040936263411786,0.6270655271286899,0.22297190078751128,0.5184844589253166,0.41754926192001485
69,a,sqrt,2120042,0,0,0.5079878119731548,0.449753898593139,-0.1271600022581537,-0.2665342092812424,0.01221420476493501,-0.2535047085663173,0.6257136287774533,0.372208920211136,0.5819759402865388,0.4781799876425058
72,a,sqrt,2120042,1,0,0.6876808873098719,0.25816613580701225,-0.06993200680815287,-0.17357906855014615,0.03371505493384039,0.03393963416448598,0.2845721538079479,0.3185117879724339,0.7269864624971379,0.3092458083876346
75,a,sqrt,2120042,1,0,0.9284421657491837,0.5305457320934457,-0.020761428881707206,-0.16976636040652268,0.12824350264310824,-0.21905044290968123,0.7859902699448377,0.5669398270351564,0.9155184418716508,0.5854455497608714
85,a,sqrt,2120042,0,0,0.008773461662729192,0.05109755699917495,-0.11137796172409198,-0.25780066513577726,0.03504474168759325,-0.03033405828346857,0.05306870888576817,0.022734650602299605,0.012191215162621852,0.05269889985447889
93,a,sqrt,2120042,0,1,0.1300230111624891,0.16701344340059887,-0.16465335897776792,-0.23708937380673514,-0.09221734414880071,-0.24763340158643393,0.32022570877467954,0.0725923071882456,0.13659914574554174,0.28639919765990995
115,a,sqrt,2120042,0,0,0.3157245845303033,0.1643600339313219,-0.07863818875858522,-0.2611599079628567,0.10388353044568621,-0.036066766855671034,0.2053367437300431,0.16926997687437206,0.1881577563382044,0.19855050180010692
116,a,sqrt,2120042,0,1,0.14650089561447635,0.15602766967695844,-0.09814580045992662,-0.28850021336513126,0.09220861244527796,-0.014342061446469406,0.14192494897859992,0.1275828875321305,0.1837349785468509,0.13928981062641524
121,a,sqrt,2120042,1,0,0.928058756616359,0.44493618910240407,-0.16672122536875889,-0.3171189940576413,-0.016323456679876502,-0.578150415838105,0.8466828492611407,0.2685324334230356,0.8997037852763005,0.3265187316725304
122,a,sqrt,2120042,1,0,0.7854315242155321,0.07005176903682989,-0.1824664416337697,-0.30893002664604957,-0.05600285662148988,-0.1662835077113541,0.20281166924209829,0.03652816153074418,0.7578750286730987,0.07678955106749236
123,a,sqrt,2120042,0,1,0.24285397886031204,0.2891142413764236,-0.081673903931544,-0.23855220452480286,0.07520439666171483,0.03246765507545743,0.22412970679849994,0.2565973618739574,0.15541688820093894,0.22917572871750896
126,a,sqrt,2120042,0,0,0.2349973785016529,0.26933851537626746,-0.1779351611792384,-0.29826072852906244,-0.0576095938294144,-0.3010231687743369,0.44215599748635387,0.141132828712017,0.21023743122465782,0.3788696597441307
130,a,sqrt,2120042,0,0,0.13407671620313127,0.0796182747860163,-0.030726068847889164,-0.16262389383633807,0.1011717561405597,0.006309753656425152,0.06615229801318433,0.07246205166960948,0.06622810440116784,0.0665701810370877
137,a,sqrt,2120042,0,0,0.12386641372831919,0.06768471258818862,-0.12936163221564856,-0.2602824298288383,0.001559165397541168,-0.035394603233024145,0.0790729821473732,0.04367837891434905,0.08580984252666052,0.07603577681765378
145,a,sqrt,2120042,1,0,0.41705238531687083,0.4301942386534046,-0.07281425340387582,-0.18147214020912886,0.035843633401377195,-0.33769143797714973,0.6919752618184105,0.3542838238412608,0.43705268699339506,0.5443863114758338
151,a,sqrt,2120042,0,1,0.6197546289092182,0.31810246434372697,-0.11302806122418765,-0.24507180278279098,0.01901568033441564,-0.31487008056515453,0.48899357852641573,0.17412349796126117,0.5564672015365533,0.31377870594673507
152,a,sqrt,2120042,1,1,0.9830359957167152,0.689861173521717,-0.1408957770050563,-0.25667601915105065,-0.02511553485906197,-0.012172431745375523,0.8762847281697077,0.8641122964243322,0.9805114377218112,0.864349519618479
162,a,sqrt,2120042,0,0,0.5552481046088611,0.6615882238485635,-0.10383124148253892,-0.27445736782879276,0.0667948848637149,-0.1770906937214045,0.7830738531324425,0.605983159411038,0.5328644485720335,0.6887085182753474
167,a,sqrt,2120042,0,1,0.48302295469853956,0.7763439758629804,-0.07674744518693369,-0.3288305215166686,0.17533563114280107,0.060419762402974864,0.7836955006531895,0.8441152630561644,0.488703502712227,0.8132228501725638
169,a,sqrt,2120042,1,1,0.7583598332357886,0.8869413440969265,-0.1377189162606859,-0.2408631716754114,-0.03457466084596039,-0.059438745764093026,0.9330844701155844,0.8736457243514913,0.7742167680898258,0.8870659964707954
175,a,sqrt,2120042,1,1,0.9906919064234747,0.6635117293858521,-0.1489524520383701,-0.2426222680375588,-0.05528263603918142,-0.13063141535059297,0.8737444653113482,0.7431130499607552,0.9694429817425687,0.7471047565046174
180,a,sqrt,2120042,1,1,0.9431594287607539,0.6560185830053453,-0.10098566643860349,-0.22432239825882908,0.02235106538162207,0.07214620573564456,0.7786322158744284,0.850778421610073,0.9543923084224109,0.8474879997103885
186,a,sqrt,2120042,1,0,0.6104696005485021,0.28228750342468656,-0.1336684486840378,-0.23826344197436225,-0.029073455393713366,-0.34838730337294177,0.4994029297137133,0.15101562634077156,0.6438615699902365,0.2750897335993462
193,a,sqrt,2120042,0,0,0.35098010209682046,0.2674690607969699,-0.0823531270612735,-0.21283290707841834,0.048126652955871305,-0.07790570380726344,0.2953083622437127,0.21740265843644926,0.41432172147108914,0.26303033692987055
196,a,sqrt,2120042,0,0,0.39530832788932513,0.38002664213798026,0.00038240443392422205,-0.19847991090919798,0.1992447197770464,0.18500422317417548,0.32434400872550756,0.509348231899683,0.3716162688907627,0.39309458787052864
198,a,sqrt,2120042,0,0,0.07190005219011496,0.09578625194541364,-0.12291850042724642,-0.23405267836227556,-0.011784322492217295,-0.09796041668062988,0.1586915272759424,0.06073111059531252,0.09028587933649393,0.14984708491576237
205,a,sqrt,2120042,1,1,0.9613396544842973,0.5816504119753125,-0.035988359220885495,-0.14145093136074757,0.06947421291897657,0.10039000345163385,0.6891605940965426,0.7895505975481765,0.9624369089430685,0.785779638707317
208,a,sqrt,2120042,1,1,0.40209300774343654,0.5419701539529151,-0.1537513034126325,-0.23699195161212466,-0.07051065521314033,-0.38364186382161225,0.7194421327827453,0.335800268961133,0.4072806738535624,0.5631922159670424
211,a,sqrt,2120042,0,0,0.1245327252569393,0.14224924521077723,-0.0716909858063773,-0.14289637735272417,-0.0004855942600304336,0.039362356322426656,0.16438647521130773,0.20374883153373438,0.09642181922653781,0.1681818652169593
229,a,sqrt,2120042,0,0,0.2621232533283571,0.06419290388977462,-0.08563337657071791,-0.24973653270388801,0.07846977956245212,-0.0181111175885878,0.06995670563525107,0.05184558804666327,0.30447931100626485,0.0644422450303244
237,a,sqrt,2120042,0,1,0.1708915851071712,0.7903440719712193,-0.03840402896596613,-0.17357488971114077,0.09676683177920846,0.014677238537030401,0.7975200380169778,0.8121972765540082,0.18990857655563823,0.8003073714953128
241,a,sqrt,2120042,1,0,0.3026188580935535,0.3445045280194968,-0.09737496860284868,-0.23044276260994984,0.035692825404252435,-0.2359562924134932,0.5015441113192208,0.26558781890572764,0.2950149658609628,0.4319334737681747
246,a,sqrt,2120042,0,0,0.005692338093679034,0.04176496416916498,-0.10467170529411261,-0.2010823845834913,-0.00826102600473394,0.01186840094368172,0.018116439756915348,0.02998484070059707,0.0026243135065499405,0.018147586161813004
250,a,sqrt,2120042,1,1,0.9465197750492464,0.6751346002015985,-0.1581846608440331,-0.24945620675656627,-0.06691311493149997,-0.14381661120733635,0.8672152602102811,0.7233986490029447,0.9507090811076705,0.7304875019213353
254,a,sqrt,2120042,0,1,0.15724832167185024,0.16255735638160032,-0.06689827450082753,-0.14720713696880894,0.013410587967153872,0.11029612787953566,0.14744962685810456,0.2577457547376402,0.08493199342585338,0.15681729686606638
261,a,sqrt,2120042,0,0,0.20356688158083033,0.38709333426619397,-0.047051941107566976,-0.15818934589392705,0.06408546367879309,0.31285754382566056,0.3117214313126295,0.6245789751382901,0.1705389734222835,0.3650758356640747
264,a,sqrt,2120042,1,1,0.5687037642510144,0.8295066338001849,-0.05468576069776851,-0.16902506838785464,0.05965354699231758,0.10130985419071503,0.7911490993565368,0.8924589535472518,0.5810993954074002,0.8500201943755732
265,a,sqrt,2120042,0,0,0.5181619610469814,0.28450848679241203,-0.15893024723358765,-0.24435946954481844,-0.07350102492235687,-0.19966649402570194,0.44336264391079605,0.2436961498850941,0.5891544295672154,0.3257282445193978
270,a,sqrt,2120042,0,0,0.1362979548378623,0.09318955076140832,-0.07226849135155246,-0.2261602332076183,0.08162325050451337,-0.05981133747776573,0.12230691731294828,0.06249557983518255,0.15266603857068187,0.11317575735860363
271,a,sqrt,2120042,1,0,0.8546210098694015,0.9541555603427572,-0.1201947706005039,-0.2665180176058595,0.02612847640485169,-0.027407061388611043,0.972040045003356,0.9446329836147449,0.8799152601270086,0.9479241534522794
277,a,sqrt,2120042,1,1,0.90274839201491,0.7486342783102978,0.020586497959325437,-0.11899086636190098,0.1601638622805518,0.19707323380293573,0.7379585356450379,0.9350317694479736,0.8959221773328886,0.9145208163677975
278,a,sqrt,2120042,1,1,0.9841651279161855,0.9196062819023793,-0.1496163650084171,-0.26544035404265215,-0.033792375974182096,-0.034983579731057146,0.9745499252614708,0.9395663455304136,0.9852240699610291,0.9400832604570325
282,a,sqrt,2120042,0,0,0.6051305496028133,0.44270553227248666,-0.07577376340812655,-0.16857371209628708,0.01702618528003394,0.2904593735133494,0.40130368088367085,0.6917630543970202,0.5875385209157825,0.571959751583829
284,a,sqrt,2120042,0,1,0.2805954426770063,0.5847439734856351,-0.04510142077770107,-0.1379496911489711,0.04774684959356891,0.18518688543613304,0.5345000271529722,0.7196869125891052,0.2848632031007027,0.5872529565105519
288,a,sqrt,2120042,1,0,0.852059632776595,0.7137701694666434,-0.07254782266685356,-0.1474803251458008,0.0023846798120936707,0.004640120746827181,0.8285928613323575,0.8332329820791847,0.8137217939140347,0.8323686287104435
294,a,sqrt,2120042,1,1,0.8847277472983341,0.42768069035977874,-0.15495500354886754,-0.23508911059919446,-0.07482089649854064,-0.34951026332690505,0.6471311693923253,0.29762090606542024,0.836697904397772,0.35469666450119036
318,a,sqrt,2120042,0,0,0.6250534679475724,0.4899685237307625,-0.10229563347403217,-0.2277149520879783,0.02312368513991392,-0.20199985734703257,0.5879283385482199,0.38592848120118733,0.47898390671963986,0.4911736577193283
319,a,sqrt,2120042,1,1,0.9308190392508674,0.8273636067586752,-0.10280951521448002,-0.253000738824828,0.0473817083958679,0.04278373950332526,0.8493940089152403,0.8921777484185656,0.9507415839242936,0.8900702891768362
328,a,sqrt,2120042,0,1,0.27963988530501427,0.2923196241303659,0.0034461549697394696,-0.1408561945238881,0.147748504463367,0.10327243996857394,0.20730761169537187,0.3105800516639458,0.24526855774207149,0.23263709410096867
334,a,sqrt,2120042,0,0,0.17600898200510942,0.1259280927677868,-0.17149660439411474,-0.2544751870197815,-0.088518021768448,-0.1484375342195409,0.1983455391861229,0.049908004966582015,0.20689159123360956,0.16763506153264873
339,a,sqrt,2120042,0,1,0.778250916395819,0.8053296418123737,-0.16262046075200534,-0.25306127961016256,-0.07217964189384814,-0.04096418254395162,0.7913418013853089,0.7503776188413572,0.7738703643510148,0.7596408345146795
343,a,sqrt,2120042,1,1,0.8779920732338832,0.48729871016220205,-0.14363991874737322,-0.32946018409103406,0.04218034659628761,-0.252500407706424,0.7443325037606942,0.49183209605427014,0.8958918058613752,0.5181194575198524
346,a,sqrt,2120042,0,0,0.5658124678015922,0.2916861019350231,-0.10160241361643588,-0.24320253737024133,0.03999771013736955,0.021257549177203516,0.4635368861105099,0.48479443528771343,0.5102592561944268,0.47438374734218625
347,a,sqrt,2120042,0,1,0.09579716585287354,0.4285466470989947,-0.18544312217846104,-0.3027977626143589,-0.06808848174256318,0.0718545920669893,0.2615415662030328,0.3333961582700221,0.14896115907122268,0.27224510952192144
349,a,sqrt,2120042,0,1,0.882923762226896,0.7969397220462902,-0.09483074892346437,-0.2582500658864947,0.06858856803956588,0.03268878550218324,0.8558790417523827,0.888567827254566,0.90689913434711,0.8855244730271711
350,a,sqrt,2120042,1,1,0.9973742424238331,0.920800968679834,-0.05901252418548826,-0.1506106209669562,0.03258557259597966,-0.01526830645046906,0.9870651730971797,0.9717968666467106,0.9973527060325942,0.9718372863422694
354,a,sqrt,2120042,1,0,0.7082491267779003,0.5885550619538567,-0.06453210371388354,-0.14704816153313946,0.017983954105372346,-0.14297135067526034,0.6543294133891959,0.5113580627139356,0.651333622993829,0.5612073655695574
357,a,sqrt,2120042,1,1,0.5663855336684624,0.5832321448491247,-0.14394817861643103,-0.22452670607077846,-0.0633696511620836,0.1013446835796018,0.4463772897496344,0.5477219733292362,0.6846059209937392,0.5157584601894668
360,a,sqrt,2120042,1,0,0.341265762932717,0.19991624681511497,-0.11410426485322545,-0.31276685389168557,0.08455832418523462,-0.20995476861796994,0.3185615885237857,0.10860681990581575,0.3064633309145173,0.2542181507917359
361,a,sqrt,2120042,0,0,0.2768589477071074,0.20832456250053383,-0.09789561856622093,-0.22800798410790163,0.032216746975459745,-0.0406445885166562,0.19061748277556523,0.14997289425890903,0.1473623882639726,0.18462799914174433
365,a,sqrt,2120042,1,0,0.6800472503186336,0.28771294418683135,-0.18829330907831376,-0.28795825990636914,-0.08862835825025843,-0.3344524588585174,0.48247634363636255,0.14802388477784517,0.7037892739416086,0.24709229044834086
368,a,sqrt,2120042,1,0,0.7344033841766269,0.3888808466789952,-0.09498565467817119,-0.2559015020718043,0.06593019271546183,-0.05427466854280549,0.4718418589350713,0.4175671903922658,0.6540894483175863,0.4363413709302878
370,a,sqrt,2120042,1,0,0.16386531345106786,0.03801651685690385,-0.20662014587766284,-0.3068058053320011,-0.10643448642332462,-0.11224918810400103,0.11604627447767366,0.003797086373672619,0.11504539026639442,0.10313252282516294
380,a,sqrt,2120042,0,1,0.8334890379545952,0.356587592256022,-0.20780361445853815,-0.3199480182084997,-0.09565921070857658,-0.4595323870462047,0.6433774733254405,0.18384508627923582,0.6529940418405045,0.3433055625515242
384,a,sqrt,2120042,1,1,0.8132495380169068,0.8763864956697166,-0.07328935354953904,-0.23337878778001958,0.08680008068094146,0.0703099140074529,0.8886766336909452,0.9589865476983981,0.8125043706639047,0.945803746123004
392,a,sqrt,2120042,1,1,0.8393814095162521,0.8138724082562885,-0.08989247171783983,-0.17304936798938747,-0.006735575446292233,0.0859568948245617,0.7956046715365747,0.8815615663611364,0.8949939681051641,0.8725355739216074
398,a,sqrt,2120042,0,1,0.3785590436181826,0.37164636327183176,-0.15709930617380108,-0.2670057473778025,-0.04719286496979966,-0.3498504475078327,0.5910364248254103,0.2411859773175776,0.36176284124541397,0.4644735329239972
399,a,sqrt,2120042,1,1,0.9970146286266044,0.8330526085140617,-0.09123302480177083,-0.22982476772371374,0.04735871812017205,-0.029171536123289488,0.9512178017968141,0.9220462656735247,0.9962108424749547,0.9221568012191433
409,a,sqrt,2120042,0,0,0.16108848708925474,0.38505198503875565,-0.03441073742790775,-0.24719590697641275,0.17837443212059723,0.14554265152238055,0.3680844066924097,0.5136270582147903,0.16618931836081213,0.39227204074133937
422,a,sqrt,2120042,1,1,0.40169812470308697,0.41341350463742554,0.021412638268414823,-0.13739355274795534,0.18021882928478494,0.04875396248008518,0.4200452914399601,0.4687992539200453,0.33848323217702997,0.436547690241657
424,a,sqrt,2120042,1,0,0.807359895400461,0.5721889064663959,-0.19222020192033495,-0.3220601823167667,-0.06238022152390321,-0.411950972386599,0.8314253440689895,0.4194743716823905,0.8860761566800972,0.46640540971604305
429,a,sqrt,2120042,0,0,0.04054208125764265,0.015415465732562741,-0.1332814855316122,-0.2441229067455578,-0.02244006431766661,0.0037726514360697343,0.01304897486216735,0.016821626298237084,0.014013887068759502,0.013101844373342225
431,a,sqrt,2120042,1,1,0.4190924429359105,0.48339843987886705,-0.14807680179396407,-0.24090924951325382,-0.05524435407467433,-0.32665406706368566,0.7123240608538791,0.38566999379019345,0.26194947604164803,0.6267571991396732
433,a,sqrt,2120042,0,0,0.023721087657617025,0.0727646587422517,-0.13309401782203895,-0.2422646065617251,-0.023923429082352815,-0.03402153155820689,0.06847959303076086,0.034458061472553966,0.030148742780963526,0.06745388662679803
435,a,sqrt,2120042,0,1,0.30614278754336544,0.700626917437417,-0.06496779807949545,-0.2754813409982148,0.1455457448392239,-0.10742312894197681,0.7807369553595693,0.6733138264175925,0.43293691335902873,0.734229517492061
436,a,sqrt,2120042,0,1,0.03998367806026931,0.20887029043875627,-0.22237631404322705,-0.3088889960815775,-0.1358636320048766,-0.3201538166817906,0.38261502886035376,0.06246121217856315,0.04558681888213726,0.368020234804856
446,a,sqrt,2120042,1,0,0.12648336866320714,0.08754183965354545,-0.17907293858453893,-0.27434424502213633,-0.08380163214694154,-0.06432527410523083,0.14245327608668318,0.07812800198145235,0.13760778018982345,0.13360161790696043
447,a,sqrt,2120042,1,1,0.5728568074196898,0.6648724371247139,-0.11333128402217542,-0.28695247697230947,0.06028990892795859,0.034144994760945346,0.7178406560241876,0.7519856507851329,0.5268957316826469,0.735831508022056
451,a,sqrt,2120042,1,1,0.844425481305444,0.6781222161862843,-0.11868933637283209,-0.2642272512790314,0.02684857853336721,-0.17663563846118313,0.8287729384589229,0.6521372999977397,0.8242034052032726,0.6831892437589615
460,a,sqrt,2120042,1,0,0.4015081191488898,0.4015520342975686,-0.08147289764632937,-0.16829648364467867,0.0053506883520199194,-0.15089969081385596,0.4593548416637062,0.30845515084985026,0.3655224480016902,0.40419761727472747
462,a,sqrt,2120042,0,0,0.47995226962218024,0.42316123966686997,-0.008307025271411349,-0.17411181794485409,0.15749776740203134,-0.02877369342676961,0.4686118803771519,0.4398381869503823,0.4666605896496557,0.4551843316362172
465,a,sqrt,2120042,0,1,0.4186121225571803,0.6903555027779911,-0.08168669307987925,-0.20261573045460485,0.039242344294846326,-0.07352311822592295,0.7800438405311805,0.7065207223052575,0.5135491930884887,0.7422861024929082
467,a,sqrt,2120042,0,0,0.13424017331038868,0.22484105768975207,-0.05658083394668043,-0.19481680605075172,0.08165513815739084,0.18109530692018136,0.12685755243371818,0.30795285935389954,0.1888332524081815,0.16105436823531388
468,a,sqrt,2120042,1,0,0.4473842545395611,0.529895746520903,-0.13097145408547914,-0.2563131040762496,-0.005629804094708729,-0.36394341785118856,0.7078781761015418,0.34393475825035325,0.42845601156518937,0.5519444308536183
474,a,sqrt,2120042,0,0,0.33848953380953606,0.44374313031166696,-0.08335788288636747,-0.22393471644569252,0.05721895067295754,0.27024214191256124,0.30007158198562,0.5703137238981812,0.4170023363305006,0.4127631865381167
478,a,sqrt,2120042,1,0,0.4815879254233275,0.16815828655816528,-0.13706242843008437,-0.27828283770528683,0.004157980845118064,-0.14113139488284232,0.2377741189742361,0.09664272409139375,0.27379783230036064,0.19913264898578764
481,a,sqrt,2120042,0,1,0.4228237656759795,0.4404462708179714,-0.06901991490969793,-0.2456523590550116,0.10761252923561572,0.24256774419822325,0.2663753158727359,0.5089430600709591,0.2853642948162681,0.33559548914103476
486,a,sqrt,2120042,1,1,0.7587397429099123,0.4762036150534132,-0.12390243734948614,-0.3663759225602686,0.11857104786129624,-0.6892153014395378,0.8677382394188814,0.1785229379793436,0.807107991999281,0.3114670614188369
487,a,sqrt,2120042,1,1,0.8500060230190345,0.5260554622274926,-0.06615166108485233,-0.16913877872855604,0.03683545655885133,-0.028156691615068175,0.6387406477170029,0.6105839561019347,0.8811791752215618,0.6139295574226692
498,a,sqrt,2120042,0,0,0.180842069467446,0.03474413597458954,-0.22105190054442062,-0.31717544525925256,-0.12492835582958872,-0.1062618189134249,0.10974740599329373,0.003485587079868836,0.19058570392071683,0.0894954224357829
503,a,sqrt,2120042,0,0,0.3158733490225002,0.15853159349320847,-0.06538261102467145,-0.22063234564627637,0.08986712359693343,-0.16728505428348134,0.2635262519296023,0.09624119764612094,0.40711586132784927,0.19542185296770676
507,a,sqrt,2120042,1,1,0.8888542066688003,0.8359920924028177,-0.11159437918628355,-0.2142797568873615,-0.00890900148520564,-0.030854928811506976,0.9308527063190833,0.8999977775075764,0.8926277089340195,0.9033107419047457
508,a,sqrt,2120042,0,0,0.4861368559230739,0.22187266355716667,-0.09756083952120498,-0.28693906218680365,0.09181738314439361,-0.05620972089686527,0.2627225744829081,0.20651285358604282,0.5311711209732923,0.23286559402452428
514,a,sqrt,2120042,1,1,0.8647892913411044,0.7761679862678832,-0.07421507793202724,-0.1855547342683465,0.03712457840429202,-0.061478120138046544,0.8845825250519558,0.8231044049139092,0.8943195699412145,0.8296014390893036
526,a,sqrt,2120042,0,0,0.039456746332682736,0.09443630355538442,-0.09341425512703007,-0.2816916566187166,0.09486314636465638,0.020299231269924375,0.06015719113646259,0.08045642240638697,0.05466687900003019,0.06126688675608918
528,a,sqrt,2120042,1,1,0.9257797740573446,0.6608412985589942,-0.18258466816828797,-0.30013389650264555,-0.06503543983393044,-0.3151680255715663,0.877924904862706,0.5627568792911397,0.8946923510881424,0.5959464830762735
532,a,sqrt,2120042,1,0,0.6405983393398482,0.19536453691712466,-0.19564607871252213,-0.36291251362286964,-0.028379643802174642,-0.5334643262344162,0.5735551216747997,0.040090795440383485,0.6066516810570359,0.24992809138073208
534,a,sqrt,2120042,0,1,0.574922516218826,0.9359668565212989,0.02713915300875611,-0.20202090372297538,0.25629920974048753,0.13543398492073888,0.8396523821431012,0.9750863670638401,0.6415710899254514,0.9265429114616468
535,a,sqrt,2120042,0,0,0.6147030586072775,0.21875295045396656,-0.05016795565430742,-0.19450722706355084,0.09417131575493595,0.03704061610492676,0.22099152902364283,0.2580321451285696,0.40412609914286823,0.23596060871997537
538,a,sqrt,2120042,1,0,0.8370200904420659,0.6371842010036332,-0.05683010250517827,-0.13511599117783857,0.02145578616748199,-0.06212851278558973,0.7780343272758928,0.7159058144903031,0.8082821081633567,0.7278169619845023
539,a,sqrt,2120042,0,1,0.3879392846172719,0.3838634013307982,-0.14922587282072164,-0.3529123448508481,0.05446059920940474,-0.11126006308263126,0.4664730480873413,0.35521298500471005,0.46073813292230986,0.41521129435383136
546,a,sqrt,2120042,0,0,0.2073162133306735,0.09652850182168608,-0.10959314839574853,-0.34997671585086365,0.1307904190593665,-0.06620608679353736,0.1411022908806444,0.07489620408710705,0.2563020340491129,0.12413353616902867
549,a,sqrt,2120042,1,0,0.739975694816791,0.3100032205687007,-0.11837130816496935,-0.2670875043789292,0.030344888048990465,-0.22605679180368443,0.5078172149242439,0.2817604231205595,0.8011893584262512,0.32670291893115333
550,a,sqrt,2120042,0,0,0.12936583928313697,0.05883171754579175,-0.19022040859272113,-0.2594198466061615,-0.12102097057928074,-0.08381602753461014,0.09640615135008752,0.012590123815477389,0.13400979470830476,0.0851739827069088
552,a,sqrt,2120042,1,0,0.45350265207302726,0.18965967460067173,-0.09154938769072372,-0.26986711195625473,0.08676833657480727,0.08753892270289004,0.1992963733242461,0.28683529602713614,0.4572237483724141,0.23932124769094448
559,a,sqrt,2120042,1,0,0.6782126178562653,0.27594932424060925,-0.14205059791530167,-0.303530750107794,0.01942955427719062,-0.36576085048430995,0.5887644136938451,0.22300356320953515,0.7184678395003896,0.32597700567255794
560,a,sqrt,2120042,1,1,0.9485907983199526,0.6528644179184997,-0.11633421696508535,-0.24299487804135406,0.010326444111183317,-0.06469990771798673,0.840006845109726,0.7753069373917393,0.9520143474859696,0.7784116046811844
561,a,sqrt,2120042,1,0,0.5217864440997997,0.34432787211813587,-0.05578532606716233,-0.15929909310945795,0.04772844097513328,-0.14847635272894044,0.47000754047362386,0.3215311877446834,0.49528534616089104,0.39646937871556404
563,a,sqrt,2120042,0,0,0.2888108870929679,0.18098102712418618,-0.08805945602678594,-0.23511225170065983,0.05899333964708789,0.08723419972137467,0.16780480528123268,0.25503900500260734,0.31333299897025074,0.19513815869270082
568,a,sqrt,2120042,1,1,0.945792509206312,0.8868332236311733,-0.19300200140139237,-0.4005458037201609,0.014541800917376141,-0.11006768648138565,0.9621006613342603,0.8520329748528747,0.9575199301970099,0.8567086578576576
569,a,sqrt,2120042,0,1,0.5699463291222611,0.7944201465389817,-0.093966281326926,-0.24478073513036017,0.05684817247650811,-0.03506472883281053,0.8463245486547423,0.8112598198219317,0.667795473870383,0.8229084814476991
571,a,sqrt,2120042,0,0,0.019360718143083263,0.20212904424201789,-0.011910129462066568,-0.21865196856310093,0.19483170963896773,0.17274679823127478,0.07316077366171819,0.24590757189299298,0.020388722435939765,0.07668286018255294
576,a,sqrt,2120042,1,0,0.985657195683646,0.7904012675222625,-0.17510181499200644,-0.2626856665288369,-0.08751796345517603,-0.13762755085764844,0.9336653303150813,0.7960377794574328,0.9855241777839763,0.7980300514156748
578,a,sqrt,2120042,0,0,0.4767550890856799,0.25929069698033747,-0.10724968215495814,-0.22507400089353272,0.010574636583616404,-0.1661069213092291,0.37306363189420844,0.20695671058497933,0.30633299155751065,0.3221796017711443
580,a,sqrt,2120042,1,1,0.9683649971691306,0.9373258311670802,0.007087671048773811,-0.1768956684414992,0.19107101053904677,0.041240948763694774,0.9508598933381807,0.9921008421018754,0.9665661090584269,0.990721996718583
584,a,sqrt,2120042,1,0,0.49698425281219805,0.6131683013636084,-0.0724168251139752,-0.18501083642426314,0.040177186196312734,-0.18620539681394355,0.7916820777128901,0.6054766808989466,0.47263355488663145,0.7036751590776402
588,a,sqrt,2120042,1,1,0.725697380234409,0.6843480839944683,-0.0381046517784542,-0.1489319370785312,0.07272263352162278,0.05151712594740754,0.7716016543161577,0.8231187802635652,0.7264867484806898,0.80902816363676
594,a,sqrt,2120042,0,1,0.3328267557033292,0.25650785824047323,-0.14927982387306765,-0.2750349057312783,-0.02352474201485702,-0.1845762402931477,0.3341791213468299,0.14960288105368222,0.2895476165668742,0.28073551089507437
599,a,sqrt,2120042,0,1,0.23146940847626968,0.09030329016421154,-0.13795296177551078,-0.33352708972190104,0.05762116617087945,-0.017020805613165407,0.0815640556751646,0.0645432500619992,0.1107623584300319,0.07967879110307127
603,a,sqrt,2120042,1,1,0.950662659254123,0.6967093952267789,-0.16674153830372443,-0.37666059842809974,0.04317752182065085,-0.4064471216929251,0.9031243204678541,0.496677198774929,0.8781433534838903,0.546205482010554
606,a,sqrt,2120042,0,1,0.08517606265379608,0.17269328254815747,-0.08666891113150213,-0.2634124393755909,0.0900746171125866,-0.0810499975355446,0.21978098697191426,0.13873098943636966,0.045834318428495995,0.2160661155762413
607,a,sqrt,2120042,0,0,0.07414474202561468,0.2048679698877292,-0.10753481192958451,-0.27054142773996914,0.0554718038808001,-0.20262165996000597,0.3087378023791391,0.10611614241913314,0.07743012434549355,0.29304878205334556
609,a,sqrt,2120042,0,1,0.277521844901034,0.10971715898201154,-0.09825782992532188,-0.28965046721453075,0.09313480736388695,-0.17815202596793825,0.22489714031231664,0.046745114344378384,0.3450213473808075,0.163430888274238
614,a,sqrt,2120042,1,1,0.7368159723539403,0.635921089561127,-0.082995422890404,-0.19123958382288983,0.025248738042081817,0.13800989485438941,0.6359172787744115,0.7739271736288009,0.8274743251071385,0.7501169233771545
617,a,sqrt,2120042,1,0,0.8010460484695189,0.6505113552194871,-0.2078816031611507,-0.4203091242818451,0.004545917959543594,-0.32977963417948597,0.8338032757051225,0.5040236415256365,0.8485350583833042,0.5539736945630076
621,a,sqrt,2120042,1,1,0.644145557958666,0.5836106553929663,-0.062402907612154744,-0.1759610958539541,0.051155280629644605,-0.10300534475910206,0.7057406494157711,0.602735304656669,0.6270415558891259,0.6411520177731279
626,a,sqrt,2120042,1,0,0.621304359534801,0.15585901537739205,-0.10248011745587758,-0.3065918095745711,0.10163157466281587,-0.14734105843629364,0.26353475745247545,0.11619369901618182,0.5408398945646613,0.18384683494274479
638,a,sqrt,2120042,1,0,0.20200546242296274,0.05160114561808784,-0.09051527531566828,-0.25414218091132024,0.07311163027998369,-0.028967779075204383,0.061277322843089226,0.03230954376788484,0.21730089998808788,0.054982598379391213
648,a,sqrt,2120042,1,1,0.40996509811221016,0.8800482851214706,-0.06557226580136549,-0.16597458111220054,0.03483004950946951,0.22657797391420198,0.7325950095116571,0.9591729834258591,0.446193692985528,0.8336926724416136
651,a,sqrt,2120042,1,0,0.6876186017763337,0.41032673117209584,-0.08573664359961908,-0.194781958831127,0.023308671631888822,0.14285091672279376,0.2851618328993221,0.4280127496221159,0.7508626695093064,0.39242325357165064
656,a,sqrt,2120042,0,0,0.2167281587206824,0.5370490537827723,-0.10312315144709618,-0.17971826538069724,-0.026528037513495126,0.008071797181922913,0.46869912424753557,0.4767709214294585,0.22802004329675454,0.4705396557904402
662,a,sqrt,2120042,0,0,0.5412854875092089,0.34301902574651366,-0.050165044142431246,-0.14817735157431636,0.04784726328945383,0.12090442381375327,0.2880053588167833,0.40890978263053657,0.3957846009982411,0.33585746795483185
663,a,sqrt,2120042,1,1,0.5589559669846118,0.5429086181082996,-0.037158961793646354,-0.12038294591077506,0.04606502232348233,-0.0006267839972746714,0.6515715924340533,0.6509448084367786,0.5681953671368609,0.6512154566706063
676,a,sqrt,2120042,1,0,0.5596279154696607,0.5356363889106334,-0.0488242426707455,-0.19993627660740254,0.1022877912659115,0.288078314021742,0.4324920904579289,0.7205704044796709,0.6529119529093504,0.6205818650566977
680,a,sqrt,2120042,1,0,0.7326959997507486,0.1170233972345142,-0.15109133079924783,-0.2391298711157341,-0.06305279048276158,-0.21676132704337042,0.27484012746336883,0.05807880041999842,0.7595694039485262,0.11019485548194441
684,a,sqrt,2120042,0,0,0.5095809620747207,0.10132008379383026,-0.12834027489404817,-0.2566228884624778,-5.766132561857429e-05,-0.09365228131014089,0.1535330244619221,0.05988074315178122,0.2799397036695437,0.12731603258398452
689,a,sqrt,2120042,1,1,0.9593965059098839,0.9708116047422297,-0.06420944251537215,-0.23613486675325435,0.10771598172251,0.028437736123359203,0.9572782937779396,0.9857160299012988,0.9706128031462105,0.9848803245517656
702,a,sqrt,2120042,0,0,0.010011310911000815,0.03830598684834653,-0.08011648717896287,-0.28787916073841796,0.1276461863804922,-0.008814129041007847,0.027598928413820053,0.018784799372812206,0.012737884181278832,0.027486655058936847
705,a,sqrt,2120042,1,0,0.9818387908092856,0.7573522870442213,-0.24539292310035665,-0.32002565260781624,-0.17076019359289712,-0.24861107127745252,0.9414393089611733,0.6928282376837208,0.9809324818902252,0.6975686337875942
707,a,sqrt,2120042,1,0,0.27816788105154977,0.05224217720605555,-0.21515029587577794,-0.316270231327186,-0.11403036042436987,-0.18261274863827542,0.1878998981069971,0.005287149468721667,0.2347415664691916,0.14503309543440357
708,a,sqrt,2120042,0,0,0.3040798043728327,0.1655436036729748,-0.1923880953097336,-0.2730979809599637,-0.11167820965950356,-0.3033594815556778,0.3504194567553186,0.04705997519964079,0.374407833118835,0.2368392906100041
712,a,sqrt,2120042,0,0,0.12268991638648172,0.16094383124644054,-0.07090137212021584,-0.1709958536706147,0.02919310943018298,0.20262182932038472,0.14691061958728588,0.3495324489076706,0.05606427893599119,0.15827046634482472
713,a,sqrt,2120042,0,1,0.23599487445084782,0.8782731705182755,-0.03954754959097252,-0.19578695361184373,0.11669185442989864,0.18351149860665072,0.775833119343291,0.9593446179499417,0.3611110149512662,0.8421011428603665
723,a,sqrt,2120042,1,1,0.9521620121455607,0.7180788959887858,0.0015613642538088454,-0.14148813125987314,0.14461085976749077,-0.013981278819158116,0.8683621139850527,0.8543808351658946,0.9403397493894873,0.855214961764101
727,a,sqrt,2120042,0,0,0.0032718255340256712,0.06262436697095924,-0.07566821592091029,-0.2524155061981675,0.10107907435634685,0.01940221066508254,0.03568903252242936,0.0550912431875119,0.004415015471387493,0.03577469358269482
735,a,sqrt,2120042,1,1,0.8534351673132365,0.7130838936189544,-0.06898167619785651,-0.22369151526314324,0.0857281628674302,0.2892291597635016,0.6042732494725858,0.8935024092360874,0.85753976359256,0.8522987547602537
739,a,sqrt,2120042,0,1,0.0895373639085759,0.1853399503869139,-0.10573715226618509,-0.1992862587098658,-0.012188045822504406,0.04653584065128688,0.23099895524207756,0.27753479589336444,0.10826828795026494,0.23603731103771872
743,a,sqrt,2120042,1,0,0.818683828918493,0.6157485834573707,-0.19152402981127484,-0.39631424396883874,0.01326618434628904,-0.3588049137290085,0.8478417441080576,0.48903683037904905,0.8540792214123399,0.5413939227514641
744,a,sqrt,2120042,0,0,0.09329951122621169,0.041473685206252144,-0.06094343314527346,-0.2420658679505236,0.12017900165997664,0.00043827428651807554,0.026528100992398846,0.02696637527891692,0.03804426145219432,0.026544774813942913
752,a,sqrt,2120042,1,0,0.3348775343979219,0.24354561544039974,-0.1055010765162586,-0.21663628694009832,0.005634133907581079,-0.048624029853681416,0.3276257229580346,0.2790016931043532,0.4051996569380795,0.3079232827423759
760,a,sqrt,2120042,1,1,0.7485418695547517,0.8305860348800337,-0.14321217281309476,-0.32014972226729144,0.033725376641101895,-0.1049719012824385,0.9221465373701752,0.8171746360877367,0.8120115327351075,0.8369081429157039
773,a,sqrt,2120042,1,1,0.914863198781001,0.9121508805594647,-0.11040839007418478,-0.32213943370130194,0.10132265355293237,-0.05078761983714952,0.9666567816878695,0.91586916185072,0.9159070005121013,0.9201400451396771
776,a,sqrt,2120042,0,0,0.14330884330943072,0.09585268083584234,-0.037923580271107565,-0.143970860772259,0.06812370023004384,0.11215936655437345,0.0472359901847925,0.15939535673916594,0.07290723182044223,0.05541321912300616
779,a,sqrt,2120042,0,0,0.25515722437842836,0.42313541948263494,-0.08729152652544533,-0.2124009142153749,0.03781786116448421,0.2102850669914252,0.22621397008186886,0.43649903707329407,0.3629244759380927,0.30253156781733853
781,a,sqrt,2120042,1,1,0.6521171674969055,0.7699677984932016,-0.10126457625955847,-0.267740603939753,0.06521145142063604,0.031273744586730046,0.8283829563994728,0.8596567009862028,0.7461971474210043,0.8517193353992638
782,a,sqrt,2120042,1,0,0.9196777343953139,0.3558001237336559,-0.14564091592619502,-0.22010658370153474,-0.07117524815085532,-0.27881971225762575,0.5994415106886838,0.32062179843105804,0.8619811840905949,0.3591041649690566
783,a,sqrt,2120042,0,0,0.05272548433485517,0.2406226143633537,-0.062102935242671825,-0.18696710281259993,0.06276123232725624,0.11768093960974968,0.16619341714787256,0.28387435675762224,0.05485994054116541,0.1726493864976919
786,a,sqrt,2120042,0,0,0.03812943704176544,0.11437638706227056,-0.09539939052609576,-0.24107262592160383,0.05027384486941226,-0.1204466128067492,0.16532041866408156,0.044873805857332354,0.05941604163077386,0.15816395770327005
798,a,sqrt,2120042,1,1,0.8327737945049245,0.783285342163915,-0.07354066805817286,-0.1664052671584106,0.019323931042064882,-0.012829595656138837,0.8710496929005754,0.8582200972444366,0.8434126957509361,0.8602290490428369
822,a,sqrt,2120042,0,0,0.7964023859694794,0.7226986869274035,-0.011396028637482713,-0.15000129192106756,0.12720923464610212,0.15687867128973654,0.7780227700505881,0.9349014413403246,0.7866852715996432,0.9014369101823456
827,a,sqrt,2120042,0,1,0.2056433403202506,0.4113805423451876,-0.22405392049441586,-0.32505148372380765,-0.12305635726502406,-0.47170840662307595,0.6500277796996768,0.1783193730766009,0.24463777729865077,0.5346300835703194
839,a,sqrt,2120042,0,0,0.3457889297867934,0.05124497227156187,-0.1566815919537049,-0.27295281305811253,-0.040410370849297286,-0.082870305049013,0.09704353328678197,0.01417322823776898,0.162343632639872,0.08359006692715087
841,a,sqrt,2120042,0,0,0.019861527146896228,0.10164040189477093,-0.09039509403070099,-0.2261280061223211,0.04533781806091906,-0.010820327453034226,0.09911358918728445,0.08829326173425023,0.034639969991106065,0.09873877336901742
845,a,sqrt,2120042,1,1,0.7845205245651106,0.5028463854562354,-0.00624819277353281,-0.10937302998254028,0.09687664443547464,-0.054967122143437575,0.679755636458759,0.6247885143153215,0.7638252185778449,0.6377703623729527
848,a,sqrt,2120042,0,0,0.04549534038197328,0.20059538901900603,-0.09928129024136954,-0.19830996777762908,-0.0002526127051100252,0.0857810802170664,0.15080779969315497,0.23658887991022137,0.05969038884345037,0.1559281057267229
859,a,sqrt,2120042,1,1,0.7602096924000427,0.7230801507304334,-0.05815918462286575,-0.20621307966693853,0.08989471042120696,0.10091643251497262,0.7428263810643577,0.8437428135793303,0.8320547758187614,0.8267943806970325
868,a,sqrt,2120042,1,0,0.21062354843487735,0.06359302579297506,-0.08269440216642819,-0.17127970374595602,0.005890899413099601,-0.03768758335333155,0.08397151622017748,0.046283932866845935,0.23923225370276432,0.07495543071794919
875,a,sqrt,2120042,1,1,0.2095630028940588,0.2500639566902867,-0.004732287872639193,-0.10714624368251921,0.09768166793724078,0.2750351541256375,0.13981080528827883,0.41484595941391633,0.19551987810503407,0.19358564509752274
890,a,sqrt,2120042,1,1,0.9876736406620003,0.7278839613296898,-0.09327621913120708,-0.27790686864784436,0.09135443038543013,-0.020946677854016382,0.8906656266682582,0.8697189488142418,0.9874817561550102,0.8699811644353609
892,a,sqrt,2120042,0,0,0.8076451424384118,0.15579588391163252,-0.14133261397717842,-0.25030639550609557,-0.03235883244826128,-0.4218944972490402,0.4749578951993378,0.053063397950297596,0.752638681307789,0.15742377713880756
893,a,sqrt,2120042,0,1,0.3661923861325035,0.2186854365192891,-0.09737634948046858,-0.210397781876276,0.015645082915338823,-0.13899119129057289,0.2884059010666973,0.1494147097761244,0.20296380287330745,0.2601957203164713
898,a,sqrt,2120042,1,1,0.4525570471867023,0.756871634384734,-0.13445691893658898,-0.24955783668932713,-0.019356001183850863,0.11489019733853345,0.5760315391701575,0.6909217365086909,0.47972378810490296,0.6311470998535185
908,a,sqrt,2120042,1,1,0.640993242901371,0.5389593655355164,-0.12968360623785774,-0.21374913772766876,-0.04561807474804673,0.2700079153490359,0.5696492081263452,0.8396571234753811,0.6849639978240327,0.7545949092679538
913,a,sqrt,2120042,0,0,0.3899701749588427,0.4784470629741568,0.03287142706551169,-0.17195339954814787,0.2376962536791712,0.5763362625455206,0.21409661929254425,0.7904328818380649,0.36702698783272614,0.4256275817133979
915,a,sqrt,2120042,1,1,0.9523558435925714,0.7524112911697871,-0.10934647153684571,-0.20633053670367052,-0.012362406370020923,-0.10460704553612188,0.9122655745034537,0.8076585289673318,0.9415880973154946,0.8137688255313014
917,a,sqrt,2120042,1,0,0.9238051845363644,0.6510453356614134,-0.06908382937938555,-0.15991063745945114,0.021742978700680024,0.012647334156821954,0.7540394926111339,0.7666868267679559,0.9317451813874247,0.7658235852691494
924,a,sqrt,2120042,0,1,0.0417535111573159,0.2874748128522012,-0.1838911886521776,-0.27340553448854765,-0.09437684281580758,-0.03518580558050255,0.34295445282315096,0.3077686472426484,0.03257650484478903,0.34180822225718993
929,a,sqrt,2120042,1,0,0.6620698022112059,0.5400270204453903,-0.06771499924787339,-0.1995136389169289,0.06408364042118209,-0.2246108655442407,0.7244357997544417,0.499824934210201,0.6590473051994321,0.5764066140989978
934,a,sqrt,2120042,0,0,0.18036522670882124,0.2064085005755072,-0.1648515049184942,-0.26482905514072147,-0.06487395469626697,-0.17923562100166213,0.30255577023811625,0.12332014923645412,0.22882149384738068,0.26154280768985294
955,a,sqrt,2120042,1,1,0.8200078699622655,0.4406715112363194,-0.13700727885620217,-0.3014193169098092,0.027404759197404843,-0.4074361291328243,0.7758676384475641,0.36843150931473984,0.8734804756292069,0.41998013458410177
960,a,sqrt,2120042,1,1,0.36430064625510755,0.5474723955226386,0.019255652604103855,-0.1956343411269444,0.23414564633515206,0.30302428580824725,0.4145443547009303,0.7175686405091776,0.3800930993244424,0.5297217946643626
961,a,sqrt,2120042,0,1,0.5523427628313959,0.3262244000448834,-0.04900286480869282,-0.21797139947931776,0.1199656698619321,-0.17386110854674186,0.4319105760822528,0.25804946753551095,0.49347354839846846,0.3461147179192008
967,a,sqrt,2120042,0,0,0.6292753281413976,0.5409563573366718,-0.0353651009640767,-0.19914174743902724,0.1284115455108738,0.11315424130412288,0.5413987873849739,0.6545530286890968,0.44694083003004204,0.5919720379148583
976,a,sqrt,2120042,0,0,0.1875189495787529,0.0955061027502557,-0.17183558867448992,-0.28064118916136954,-0.06302998818761033,-0.10435438224184548,0.15809386067540734,0.05373947843356186,0.20179595515564355,0.13703556843623702
977,a,sqrt,2120042,1,0,0.9290030480519587,0.6776003156365273,-0.012643957412879703,-0.1514734059156612,0.1261854910899017,0.2172265382051104,0.6784268664625951,0.8956534046677055,0.9400329381747864,0.8826269674210825
980,a,sqrt,2120042,1,1,0.8907828288358244,0.6749097282986456,-0.09048281175187586,-0.2682723165922942,0.08730669308854247,-0.1328309937568829,0.8403143102576274,0.7074833165007445,0.9173360209342071,0.7184636549879518
986,a,sqrt,2120042,1,0,0.7193384695803312,0.254603712244821,-0.13643018208601423,-0.27789389628754757,0.005033532115519046,-0.21930664730454208,0.3912007173486197,0.17189407004407764,0.6588215068712526,0.24671678150455897
987,a,sqrt,2120042,0,0,0.39239782738313184,0.3616015143122923,-0.08093912446287999,-0.1996859612281675,0.03780771230240752,0.16537846499403014,0.35989141899015303,0.5252698839841832,0.3384405855504341,0.41586220352016456
989,a,sqrt,2120042,0,0,0.4195655553387942,0.2200655918802256,-0.14369407642469514,-0.2693979786082611,-0.017990174241129225,-0.22553091570484401,0.34182879340480493,0.11629787769996093,0.2358266405545143,0.2886425952129482
5,b,all,1120042,1,1,0.5734502952981491,0.4486318140907561,0.07547367729173178,-0.07919266494260839,0.23014001952607194,0.29544125881310984,0.4283602486568981,0.7238015074700079,0.5143494763770452,0.5803203054275963
12,b,all,1120042,0,1,0.25504683261680017,0.31873639082619787,0.024154353196682517,-0.1173401988863064,0.16564890527967138,-0.1020346687031714,0.35251383485816296,0.25047916615499155,0.22807181354145364,0.3292426029229293
15,b,all,1120042,1,0,0.5690070322969999,0.07298506483221545,0.06379535211167907,-0.06404845236870858,0.1916391565920667,-0.003080297422145953,0.08496536053642435,0.0818850631142784,0.5888855260374319,0.08315141796863218
30,b,all,1120042,0,0,0.573736238444875,0.22143332315839043,-0.1075804178664195,-0.20877335924094792,-0.006387476491891114,-0.15824629257148742,0.32006203944320166,0.16181574687171424,0.5261665055811847,0.23679814065968435
35,b,all,1120042,1,1,0.9783156406064879,0.960349738405107,0.010856044971402322,-0.13310732809092235,0.15481941803372695,0.011426825642477212,0.9756257658102383,0.9870525914527155,0.9757346483150356,0.986775315509858
39,b,all,1120042,1,0,0.7564493408797318,0.44535160181483563,-0.08093934013286955,-0.18092584894572794,0.01904716867998882,-0.0787740414269622,0.5056272841792651,0.42685324275230285,0.77152706901285,0.4448509788828241
40,b,all,1120042,0,0,0.3146317212785818,0.29638527503449125,-0.02240976285252857,-0.12480571074522842,0.07998618504017127,0.060474988513839145,0.3131862436036617,0.37366123211750085,0.36407388745256936,0.3352036077655446
43,b,all,1120042,1,0,0.7059946149113776,0.4940283587047952,-0.11995350416991642,-0.29307033480359956,0.05316332646376669,-0.19702180525731344,0.6091152747624241,0.41209346950511067,0.6567057331961557,0.4797299256852899
45,b,all,1120042,0,0,0.1383402083445728,0.2540692931330479,-0.029565580494724665,-0.15905522286130627,0.09992406187185693,0.13139903885494988,0.2165379872607052,0.3479370261156551,0.17346042267748582,0.2393305200799002
48,b,all,1120042,1,1,0.28374253368137264,0.5237598864831924,-0.09524962868459744,-0.21225574623199212,0.0217564888627972,-0.02351093248221392,0.4828213005356463,0.4593103680534324,0.42933764997077845,0.47272717203511094
63,b,all,1120042,1,0,0.627368051109029,0.0960077548028774,-0.04583659772436395,-0.17797011262305878,0.08629691717433084,-0.08061850681857732,0.15433536704847534,0.07371686022989801,0.6257533169734277,0.10388806899730568
67,b,all,1120042,1,1,0.44898096750598554,0.4038923839786344,-0.1652265808012642,-0.2843068258529765,-0.04614633574955193,-0.4040936263411786,0.6270655271286899,0.22297190078751128,0.5184844589253166,0.41754926192001485
69,b,all,1120042,0,0,0.5028573104104038,0.451839681323616,-0.02051133755540832,-0.09216289123844325,0.05114021612762659,-0.2535047085663173,0.6257136287774533,0.372208920211136,0.5819759402865388,0.4781799876425058
72,b,all,1120042,1,0,0.6869865287614586,0.26083011575794784,0.003802657607972421,-0.188843548810176,0.19644886402612077,0.03393963416448598,0.2845721538079479,0.3185117879724339,0.7269864624971379,0.3092458083876346
75,b,all,1120042,1,0,0.9294867292193747,0.5335253313338443,-0.023954833622202354,-0.1551326156899699,0.10722294844556515,-0.21905044290968123,0.7859902699448377,0.5669398270351564,0.9155184418716508,0.5854455497608714
85,b,all,1120042,0,0,0.009013206990135752,0.05291222217403395,-0.040654424719590056,-0.14596465788365423,0.06465580844447408,-0.03033405828346857,0.05306870888576817,0.022734650602299605,0.012191215162621852,0.05269889985447889
93,b,all,1120042,0,1,0.12980538297809863,0.16893818860053625,-0.17525463012528994,-0.36878266038471574,0.01827340013413578,-0.24763340158643393,0.32022570877467954,0.0725923071882456,0.13659914574554174,0.28639919765990995
115,b,all,1120042,0,0,0.31272094801448114,0.16938668099271176,-0.030541895630195687,-0.23551728104211567,0.17443348978172424,-0.036066766855671034,0.2053367437300431,0.16926997687437206,0.1881577563382044,0.19855050180010692
116,b,all,1120042,0,1,0.14323295201047972,0.15550057013761853,-0.16656239491113634,-0.3745595022992323,0.041434712476959595,-0.014342061446469406,0.14192494897859992,0.1275828875321305,0.1837349785468509,0.13928981062641524
121,b,all,1120042,1,0,0.9279085439960586,0.44607844119563467,-0.2089768587725019,-0.41047312309409256,-0.007480594450911315,-0.578150415838105,0.8466828492611407,0.2685324334230356,0.8997037852763005,0.3265187316725304
122,b,all,1120042,1,0,0.7855775653688978,0.07165929760539283,-0.20194017897851266,-0.38378100884327904,-0.020099349113746334,-0.1662835077113541,0.20281166924209829,0.03652816153074418,0.7578750286730987,0.07678955106749236
123,b,all,1120042,0,1,0.2477008698367189,0.2908190369197802,-0.09811938683731058,-0.32309886259165244,0.12686008891703118,0.03246765507545743,0.22412970679849994,0.2565973618739574,0.15541688820093894,0.22917572871750896
126,b,all,1120042,0,0,0.23426286923799838,0.27077370342760854,-0.1652867186282062,-0.26002932116477256,-0.07054411609163985,-0.3010231687743369,0.44215599748635387,0.141132828712017,0.21023743122465782,0.3788696597441307
130,b,all,1120042,0,0,0.1350136777407786,0.0823447561228092,0.013735642342479783,-0.12734580507802695,0.1548170897629865,0.006309753656425152,0.06615229801318433,0.07246205166960948,0.06622810440116784,0.0665701810370877
137,b,all,1120042,0,0,0.12221002587211183,0.0673098128743928,-0.1936373954637504,-0.32007889314716875,-0.06719589778033208,-0.035394603233024145,0.0790729821473732,0.04367837891434905,0.08580984252666052,0.07603577681765378
145,b,all,1120042,1,0,0.4220728718874742,0.4340626636563777,-0.09877640224647086,-0.20465655880166625,0.007103754308724508,-0.33769143797714973,0.6919752618184105,0.3542838238412608,0.43705268699339506,0.5443863114758338
151,b,all,1120042,0,1,0.6237298441101539,0.32153887875864096,-0.21001336305983614,-0.37012666148639145,-0.049900064633280866,-0.31487008056515453,0.48899357852641573,0.17412349796126117,0.5564672015365533,0.31377870594673507
152,b,all,1120042,1,1,0.982471358550975,0.6846533731695048,-0.05202298246328812,-0.1567561735596864,0.05271020863311015,-0.012172431745375523,0.8762847281697077,0.8641122964243322,0.9805114377218112,0.864349519618479
162,b,all,1120042,0,0,0.5571950690825481,0.6630383076669786,-0.1851274641321617,-0.36545535267271045,-0.004799575591613009,-0.1770906937214045,0.7830738531324425,0.605983159411038,0.5328644485720335,0.6887085182753474
167,b,all,1120042,0,1,0.4805292484763424,0.7746673682225005,0.002558689903627294,-0.09247778362674858,0.09759516343400312,0.060419762402974864,0.7836955006531895,0.8441152630561644,0.488703502712227,0.8132228501725638
169,b,all,1120042,1,1,0.7581897218229461,0.8869697925491729,-0.19693218790915512,-0.319438979085477,-0.07442539673283322,-0.059438745764093026,0.9330844701155844,0.8736457243514913,0.7742167680898258,0.8870659964707954
175,b,all,1120042,1,1,0.9905468811153012,0.6698503924708037,-0.17499611277752652,-0.2870805204094602,-0.06291170514559288,-0.13063141535059297,0.8737444653113482,0.7431130499607552,0.9694429817425687,0.7471047565046174
180,b,all,1120042,1,1,0.9420755883191143,0.6541444250702109,-0.00439884150186033,-0.1397307735473791,0.13093309054365843,0.07214620573564456,0.7786322158744284,0.850778421610073,0.9543923084224109,0.8474879997103885
186,b,all,1120042,1,0,0.6160380752057454,0.28605077495287656,-0.05018133705690112,-0.1310236676930807,0.03066099357927842,-0.34838730337294177,0.4994029297137133,0.15101562634077156,0.6438615699902365,0.2750897335993462
193,b,all,1120042,0,0,0.3503137093922681,0.268290931065702,0.013479942864292393,-0.07438291156830988,0.10134279729689466,-0.07790570380726344,0.2953083622437127,0.21740265843644926,0.41432172147108914,0.26303033692987055
196,b,all,1120042,0,0,0.39421476316608534,0.38403524162014846,-0.009719435693780634,-0.15164207719697853,0.13220320580941722,0.18500422317417548,0.32434400872550756,0.509348231899683,0.3716162688907627,0.39309458787052864
198,b,all,1120042,0,0,0.07108776891339005,0.097342705204211,-0.03825883014817805,-0.1373222710391211,0.06080461074276497,-0.09796041668062988,0.1586915272759424,0.06073111059531252,0.09028587933649393,0.14984708491576237
205,b,all,1120042,1,1,0.9613720817257352,0.5815380219958761,-0.006790097423205233,-0.18652713313159447,0.17294693828518395,0.10039000345163385,0.6891605940965426,0.7895505975481765,0.9624369089430685,0.785779638707317
208,b,all,1120042,1,1,0.40852572271012366,0.5448533225328263,-0.12041849604498293,-0.20613065400293085,-0.034706338087035035,-0.38364186382161225,0.7194421327827453,0.335800268961133,0.4072806738535624,0.5631922159670424
211,b,all,1120042,0,0,0.12210091306881657,0.1431036437349838,-0.0768709594882786,-0.21046681383705526,0.05672489486049803,0.039362356322426656,0.16438647521130773,0.20374883153373438,0.09642181922653781,0.1681818652169593
229,b,all,1120042,0,0,0.2656911476788186,0.06631099333138508,0.0009613785608366975,-0.1535943627193169,0.15551711984099026,-0.0181111175885878,0.06995670563525107,0.05184558804666327,0.30447931100626485,0.0644422450303244
237,b,all,1120042,0,1,0.17218837475251467,0.7884188881549856,-0.02246868961064335,-0.1596996777196837,0.11476229849839698,0.014677238537030401,0.7975200380169778,0.8121972765540082,0.18990857655563823,0.8003073714953128
241,b,all,1120042,1,0,0.30253722237192926,0.34377189890440357,-0.13125760939187125,-0.2752658238869313,0.012750605103188761,-0.2359562924134932,0.5015441113192208,0.26558781890572764,0.2950149658609628,0.4319334737681747
246,b,all,1120042,0,0,0.0058998686751510696,0.042928161157534825,-0.028426539963825295,-0.1200096681304768,0.06315658820282619,0.01186840094368172,0.018116439756915348,0.02998484070059707,0.0026243135065499405,0.018147586161813004
250,b,all,1120042,1,1,0.9460216077936309,0.6729049178557018,-0.1580093965466065,-0.25391055876865853,-0.062108234324554465,-0.14381661120733635,0.8672152602102811,0.7233986490029447,0.9507090811076705,0.7304875019213353
254,b,all,1120042,0,1,0.1575174634683727,0.16545141909900277,-0.017667772686621702,-0.14405790913620334,0.1087223637629599,0.11029612787953566,0.14744962685810456,0.2577457547376402,0.08493199342585338,0.15681729686606638
261,b,all,1120042,0,0,0.1995050048051802,0.3843655327380578,-0.01287791687336735,-0.17804862199143007,0.15229278824469536,0.31285754382566056,0.3117214313126295,0.6245789751382901,0.1705389734222835,0.3650758356640747
264,b,all,1120042,1,1,0.5685971107357376,0.8266976004233907,-0.008795280630484544,-0.0952371211591477,0.07764655989817859,0.10130985419071503,0.7911490993565368,0.8924589535472518,0.5810993954074002,0.8500201943755732
265,b,all,1120042,0,0,0.5087191009898346,0.28536586910878525,-0.23101342615634005,-0.4823587177791734,0.020331865466493265,-0.19966649402570194,0.44336264391079605,0.2436961498850941,0.5891544295672154,0.3257282445193978
270,b,all,1120042,0,0,0.13609149967948317,0.09357993343121461,-0.05522533659052368,-0.18501696529496756,0.07456629211392019,-0.05981133747776573,0.12230691731294828,0.06249557983518255,0.15266603857068187,0.11317575735860363
271,b,all,1120042,1,0,0.8570161224709907,0.9530501678855469,-0.14295703740709353,-0.3477295895785001,0.06181551476431299,-0.027407061388611043,0.972040045003356,0.9446329836147449,0.8799152601270086,0.9479241534522794
277,b,all,1120042,1,1,0.9009980046516259,0.7474255269999186,0.06137650361066622,-0.0843139234102338,0.20706693063156617,0.19707323380293573,0.7379585356450379,0.9350317694479736,0.8959221773328886,0.9145208163677975
278,b,all,1120042,1,1,0.9838069987503364,0.9190742621014337,-0.10170244049573161,-0.2903991219060289,0.0869942409145656,-0.034983579731057146,0.9745499252614708,0.9395663455304136,0.9852240699610291,0.9400832604570325
282,b,all,1120042,0,0,0.5973803494071209,0.4420803629814542,-0.07561209742577331,-0.18031334613628475,0.029089151284738116,0.2904593735133494,0.40130368088367085,0.6917630543970202,0.5875385209157825,0.571959751583829
284,b,all,1120042,0,1,0.2795938788935131,0.5840639429952331,0.03311370911659189,-0.06354741971516886,0.1297748379483526,0.18518688543613304,0.5345000271529722,0.7196869125891052,0.2848632031007027,0.5872529565105519
288,b,all,1120042,1,0,0.8475403685545174,0.7073110065863661,-0.031024240033772067,-0.1836952719261276,0.12164679185858342,0.004640120746827181,0.8285928613323575,0.8332329820791847,0.8137217939140347,0.8323686287104435
294,b,all,1120042,1,1,0.8862409270704843,0.4290569806373458,-0.15597443923397802,-0.2778236804200035,-0.03412519804795258,-0.34951026332690505,0.6471311693923253,0.29762090606542024,0.836697904397772,0.35469666450119036
318,b,all,1120042,0,0,0.6325616927280786,0.49473162373183655,-0.06276944603566217,-0.14715996200334452,0.021621069932020148,-0.20199985734703257,0.5879283385482199,0.38592848120118733,0.47898390671963986,0.4911736577193283
319,b,all,1120042,1,1,0.9299558756896174,0.8263682991243366,-0.011938340172433833,-0.14351699420854036,0.11964031386367266,0.04278373950332526,0.8493940089152403,0.8921777484185656,0.9507415839242936,0.8900702891768362
328,b,all,1120042,0,1,0.28481500327687465,0.29197885370257776,0.00975058199359406,-0.08397793034269702,0.10347909432988511,0.10327243996857394,0.20730761169537187,0.3105800516639458,0.24526855774207149,0.23263709410096867
334,b,all,1120042,0,0,0.17550456713966064,0.12791711760429444,-0.15446438670505683,-0.26883029237668893,-0.04009848103342477,-0.1484375342195409,0.1983455391861229,0.049908004966582015,0.20689159123360956,0.16763506153264873
339,b,all,1120042,0,1,0.7825339060101023,0.7933254033592245,-0.21971799136684225,-0.3330440763652417,-0.10639190636844281,-0.04096418254395162,0.7913418013853089,0.7503776188413572,0.7738703643510148,0.7596408345146795
343,b,all,1120042,1,1,0.8756315298799435,0.4885834616394761,-0.06320331118484897,-0.18437292335284278,0.05796630098314483,-0.252500407706424,0.7443325037606942,0.49183209605427014,0.8958918058613752,0.5181194575198524
346,b,all,1120042,0,0,0.5555126287236413,0.2914637313582698,-0.08322393309402674,-0.21215216578217505,0.04570429959412155,0.021257549177203516,0.4635368861105099,0.48479443528771343,0.5102592561944268,0.47438374734218625
347,b,all,1120042,0,1,0.09878833569261959,0.41565135433038425,-0.16690304463982097,-0.2589698308990965,-0.0748362583805455,0.0718545920669893,0.2615415662030328,0.3333961582700221,0.14896115907122268,0.27224510952192144
349,b,all,1120042,0,1,0.8805825414333078,0.7914001485546418,-0.0362973540207392,-0.15200806641476172,0.07941335837328331,0.03268878550218324,0.8558790417523827,0.888567827254566,0.90689913434711,0.8855244730271711
350,b,all,1120042,1,1,0.9973169547185604,0.921830842710823,-0.05312199320365987,-0.24378955391510987,0.13754556750779007,-0.01526830645046906,0.9870651730971797,0.9717968666467106,0.9973527060325942,0.9718372863422694
354,b,all,1120042,1,0,0.7105497724538398,0.5901703066615155,-0.05580690337438073,-0.14523803864744236,0.03362423189868089,-0.14297135067526034,0.6543294133891959,0.5113580627139356,0.651333622993829,0.5612073655695574
357,b,all,1120042,1,1,0.571093742186618,0.5732113018423808,-0.12742062867567225,-0.28109678834424656,0.02625553099290201,0.1013446835796018,0.4463772897496344,0.5477219733292362,0.6846059209937392,0.5157584601894668
360,b,all,1120042,1,0,0.3427089175197818,0.20193085179498924,-0.15153410083368632,-0.23675166860166247,-0.0663165330657102,-0.20995476861796994,0.3185615885237857,0.10860681990581575,0.3064633309145173,0.2542181507917359
361,b,all,1120042,0,0,0.2817382995029025,0.21188349819588376,-0.10161364555388498,-0.2042893607521234,0.0010620696443534028,-0.0406445885166562,0.19061748277556523,0.14997289425890903,0.1473623882639726,0.18462799914174433
365,b,all,1120042,1,0,0.6802368119834658,0.28955048762712743,-0.1716543713460402,-0.3736369950811035,0.03032825238902309,-0.3344524588585174,0.48247634363636255,0.14802388477784517,0.7037892739416086,0.24709229044834086
368,b,all,1120042,1,0,0.7299113200519429,0.3849191345932418,-0.08984475017221255,-0.2664047228293752,0.08671522248495012,-0.05427466854280549,0.4718418589350713,0.4175671903922658,0.6540894483175863,0.4363413709302878
370,b,all,1120042,1,0,0.16516424230442278,0.03816166778792119,-0.25090635717070997,-0.5136849703047601,0.011872255963340073,-0.11224918810400103,0.11604627447767366,0.003797086373672619,0.11504539026639442,0.10313252282516294
380,b,all,1120042,0,1,0.8335271872651697,0.3618975941073895,-0.2237551455958456,-0.3313295150258201,-0.11618077616587116,-0.4595323870462047,0.6433774733254405,0.18384508627923582,0.6529940418405045,0.3433055625515242
384,b,all,1120042,1,1,0.8075947361172456,0.8728005345226195,-0.029414552330253075,-0.20027326232782028,0.14144415766731408,0.0703099140074529,0.8886766336909452,0.9589865476983981,0.8125043706639047,0.945803746123004
392,b,all,1120042,1,1,0.8355273785929057,0.811181509975216,-0.08625228995835545,-0.2006990857376711,0.028194505820960156,0.0859568948245617,0.7956046715365747,0.8815615663611364,0.8949939681051641,0.8725355739216074
398,b,all,1120042,0,1,0.37801330099888747,0.372356026523541,-0.18505660444933433,-0.32248101180493094,-0.04763219709373773,-0.3498504475078327,0.5910364248254103,0.2411859773175776,0.36176284124541397,0.4644735329239972
399,b,all,1120042,1,1,0.9969612428234772,0.835142003459256,-0.1414965914324837,-0.2263231320121285,-0.056670050852838896,-0.029171536123289488,0.9512178017968141,0.9220462656735247,0.9962108424749547,0.9221568012191433
409,b,all,1120042,0,0,0.15937071582807716,0.38326960046198,0.018859814749791242,-0.09778709508501512,0.1355067245845976,0.14554265152238055,0.3680844066924097,0.5136270582147903,0.16618931836081213,0.39227204074133937
422,b,all,1120042,1,1,0.4059740181110089,0.41072132199140415,-0.003565446065800573,-0.3008237327745822,0.29369284064298096,0.04875396248008518,0.4200452914399601,0.4687992539200453,0.33848323217702997,0.436547690241657
424,b,all,1120042,1,0,0.8067797792680436,0.576685832719517,-0.16880257539826463,-0.320441867555823,-0.01716328324070629,-0.411950972386599,0.8314253440689895,0.4194743716823905,0.8860761566800972,0.46640540971604305
429,b,all,1120042,0,0,0.04022901403019308,0.015827405624208687,-0.13317366331229383,-0.2108292359074841,-0.05551809071710358,0.0037726514360697343,0.01304897486216735,0.016821626298237084,0.014013887068759502,0.013101844373342225
431,b,all,1120042,1,1,0.42022654406161586,0.4890113168383431,-0.19794550899246305,-0.3772815813529814,-0.018609436631944726,-0.32665406706368566,0.7123240608538791,0.38566999379019345,0.26194947604164803,0.6267571991396732
433,b,all,1120042,0,0,0.023959727060927517,0.07388551439020519,-0.07463673075753362,-0.1771438523170456,0.027870390801978354,-0.03402153155820689,0.06847959303076086,0.034458061472553966,0.030148742780963526,0.06745388662679803
435,b,all,1120042,0,1,0.3119330057341404,0.7028637689719404,-0.07999740665860267,-0.1839248736652106,0.023930060348005253,-0.10742312894197681,0.7807369553595693,0.6733138264175925,0.43293691335902873,0.734229517492061
436,b,all,1120042,0,1,0.04013770087488851,0.21202899344732348,-0.2475483377429864,-0.3947589663762434,-0.10033770910972947,-0.3201538166817906,0.38261502886035376,0.06246121217856315,0.04558681888213726,0.368020234804856
446,b,all,1120042,1,0,0.12400241925571627,0.0885476065348267,-0.18259101667039115,-0.3225375497001201,-0.04264448364066223,-0.06432527410523083,0.14245327608668318,0.07812800198145235,0.13760778018982345,0.13360161790696043
447,b,all,1120042,1,1,0.5674280218434604,0.6581492578671713,-0.15974411376925807,-0.2534119983228911,-0.06607622921562509,0.034144994760945346,0.7178406560241876,0.7519856507851329,0.5268957316826469,0.735831508022056
451,b,all,1120042,1,1,0.8440685942232745,0.679425456265968,-0.1979254478786348,-0.34334973104958133,-0.052501164707688314,-0.17663563846118313,0.8287729384589229,0.6521372999977397,0.8242034052032726,0.6831892437589615
460,b,all,1120042,1,0,0.4024283649591037,0.40193266006755823,0.010444072027410456,-0.16838488380215383,0.18927302785697472,-0.15089969081385596,0.4593548416637062,0.30845515084985026,0.3655224480016902,0.40419761727472747
462,b,all,1120042,0,0,0.47865047218885676,0.42464770166627225,0.0096495568576131,-0.19975750628768768,0.21905662000291384,-0.02877369342676961,0.4686118803771519,0.4398381869503823,0.4666605896496557,0.4551843316362172
465,b,all,1120042,0,1,0.4172330240457683,0.6900246248962307,-0.03966181476737195,-0.2007699003408553,0.12144627080611138,-0.07352311822592295,0.7800438405311805,0.7065207223052575,0.5135491930884887,0.7422861024929082
467,b,all,1120042,0,0,0.1350732908901331,0.22568594311894344,-0.050354969017782636,-0.14952065677986953,0.04881071874430423,0.18109530692018136,0.12685755243371818,0.30795285935389954,0.1888332524081815,0.16105436823531388
468,b,all,1120042,1,0,0.4483568354744622,0.5276439125487666,-0.15673708099283565,-0.30072239307168913,-0.01275176891398222,-0.36394341785118856,0.7078781761015418,0.34393475825035325,0.42845601156518937,0.5519444308536183
474,b,all,1120042,0,0,0.33881070959828874,0.4436019602818864,0.005028650208440495,-0.144713647083749,0.15477094750062992,0.27024214191256124,0.30007158198562,0.5703137238981812,0.4170023363305006,0.4127631865381167
478,b,all,1120042,1,0,0.48723028325109485,0.1710359893641993,-0.15925754285314186,-0.2557257388848632,-0.06278934682142054,-0.14113139488284232,0.2377741189742361,0.09664272409139375,0.27379783230036064,0.19913264898578764
481,b,all,1120042,0,1,0.4282127814573279,0.4313406016002971,0.03328380383995062,-0.10005413355359397,0.16662174123349516,0.24256774419822325,0.2663753158727359,0.5089430600709591,0.2853642948162681,0.33559548914103476
486,b,all,1120042,1,1,0.7634022608258579,0.4815082647443362,-0.12877636053879754,-0.25284230330559376,-0.004710417772001374,-0.6892153014395378,0.8677382394188814,0.1785229379793436,0.807107991999281,0.3114670614188369
487,b,all,1120042,1,1,0.8474463251707374,0.5287082580916644,-0.024751815504943823,-0.1522150194330087,0.10271138842312103,-0.028156691615068175,0.6387406477170029,0.6105839561019347,0.8811791752215618,0.6139295574226692
498,b,all,1120042,0,0,0.1841003403383576,0.03534359636741852,-0.21965483693344906,-0.38940742335645206,-0.04990225051044608,-0.1062618189134249,0.10974740599329373,0.003485587079868836,0.19058570392071683,0.0894954224357829
503,b,all,1120042,0,0,0.32313041921614255,0.1625851443094627,-0.07679642677097377,-0.27050925222786254,0.11691639868591493,-0.16728505428348134,0.2635262519296023,0.09624119764612094,0.40711586132784927,0.19542185296770676
507,b,all,1120042,1,1,0.8868668653148276,0.8337717890611822,-0.04784854964837303,-0.20195493717616853,0.10625783787942242,-0.030854928811506976,0.9308527063190833,0.8999977775075764,0.8926277089340195,0.9033107419047457
508,b,all,1120042,0,0,0.48577801233319395,0.22530210069384116,-0.05815204122225755,-0.23298406364618135,0.11667998120166624,-0.05620972089686527,0.2627225744829081,0.20651285358604282,0.5311711209732923,0.23286559402452428
514,b,all,1120042,1,1,0.8639131575667518,0.7752644052391782,-0.025858730603202824,-0.12531372489043907,0.07359626368403341,-0.061478120138046544,0.8845825250519558,0.8231044049139092,0.8943195699412145,0.8296014390893036
526,b,all,1120042,0,0,0.04054364872391255,0.09535994895416192,-0.07070252484864113,-0.1916518989028882,0.050246849205605904,0.020299231269924375,0.06015719113646259,0.08045642240638697,0.05466687900003019,0.06126688675608918
528,b,all,1120042,1,1,0.9248656611216415,0.6592696059160732,-0.15523382680580639,-0.23447554133857737,-0.07599211227303541,-0.3151680255715663,0.877924904862706,0.5627568792911397,0.8946923510881424,0.5959464830762735
532,b,all,1120042,1,0,0.6470615362149241,0.2001643182872969,-0.2309499876695158,-0.4464198166952568,-0.015480158643774833,-0.5334643262344162,0.5735551216747997,0.040090795440383485,0.6066516810570359,0.24992809138073208
534,b,all,1120042,0,1,0.5815084628500126,0.9323048448198813,0.05753418945043768,-0.13483908118820911,0.24990746008908443,0.13543398492073888,0.8396523821431012,0.9750863670638401,0.6415710899254514,0.9265429114616468
535,b,all,1120042,0,0,0.6203669491930299,0.22286828703720793,-0.0890405959317329,-0.24036588080179794,0.0622846889383321,0.03704061610492676,0.22099152902364283,0.2580321451285696,0.40412609914286823,0.23596060871997537
538,b,all,1120042,1,0,0.8363790299029905,0.6334282239293194,-0.017847162715296447,-0.2386676989028721,0.20297337347227917,-0.06212851278558973,0.7780343272758928,0.7159058144903031,0.8082821081633567,0.7278169619845023
539,b,all,1120042,0,1,0.3905844620740821,0.38286948893559897,-0.17316258268123794,-0.29745592581003755,-0.048869239552438326,-0.11126006308263126,0.4664730480873413,0.35521298500471005,0.46073813292230986,0.41521129435383136
546,b,all,1120042,0,0,0.20798361976559257,0.0983670683549301,-0.08342543265254271,-0.21541708293780618,0.04856621763272073,-0.06620608679353736,0.1411022908806444,0.07489620408710705,0.2563020340491129,0.12413353616902867
549,b,all,1120042,1,0,0.7402989567689443,0.3157692382394166,-0.02203210100988754,-0.1112052007073811,0.06714099868760601,-0.22605679180368443,0.5078172149242439,0.2817604231205595,0.8011893584262512,0.32670291893115333
550,b,all,1120042,0,0,0.12980924680641287,0.05950491511737695,-0.20869854865921847,-0.28273617817466934,-0.1346609191437676,-0.08381602753461014,0.09640615135008752,0.012590123815477389,0.13400979470830476,0.0851739827069088
552,b,all,1120042,1,0,0.4471425971641668,0.1893094182038983,-0.05697567733234691,-0.15935164006969102,0.045400285404997194,0.08753892270289004,0.1992963733242461,0.28683529602713614,0.4572237483724141,0.23932124769094448
559,b,all,1120042,1,0,0.6732586391720883,0.27553376521533696,-0.15503458829639488,-0.31930862097471857,0.009239444381928752,-0.36576085048430995,0.5887644136938451,0.22300356320953515,0.7184678395003896,0.32597700567255794
560,b,all,1120042,1,1,0.9471100586988215,0.6489865842140483,-0.11810407184860186,-0.2734888654556251,0.03728072175842137,-0.06469990771798673,0.840006845109726,0.7753069373917393,0.9520143474859696,0.7784116046811844
561,b,all,1120042,1,0,0.5234595720021551,0.34595256888709675,-0.04063185905938646,-0.178510803755933,0.09724708563716006,-0.14847635272894044,0.47000754047362386,0.3215311877446834,0.49528534616089104,0.39646937871556404
563,b,all,1120042,0,0,0.2841851112461343,0.18062277360235868,-0.0881356445216412,-0.1804859337844701,0.004214644741187656,0.08723419972137467,0.16780480528123268,0.25503900500260734,0.31333299897025074,0.19513815869270082
568,b,all,1120042,1,1,0.9449780469966738,0.8861385698325828,-0.1274044531024482,-0.25105456389312647,-0.003754342311769923,-0.11006768648138565,0.9621006613342603,0.8520329748528747,0.9575199301970099,0.8567086578576576
569,b,all,1120042,0,1,0.5664770107387664,0.7937336700240837,-0.017949745750601515,-0.12663389209020193,0.09073440058899888,-0.03506472883281053,0.8463245486547423,0.8112598198219317,0.667795473870383,0.8229084814476991
571,b,all,1120042,0,0,0.019855087168656475,0.2026255574954164,0.005861250460310818,-0.17818636560015588,0.1899088665207775,0.17274679823127478,0.07316077366171819,0.24590757189299298,0.020388722435939765,0.07668286018255294
576,b,all,1120042,1,0,0.9853443699394344,0.7917399204949945,-0.1888101903645987,-0.3460047418453488,-0.031615638883848635,-0.13762755085764844,0.9336653303150813,0.7960377794574328,0.9855241777839763,0.7980300514156748
578,b,all,1120042,0,0,0.4765226316134231,0.2628269510059772,-0.07739005353603497,-0.1570496829425651,0.002269575870495172,-0.1661069213092291,0.37306363189420844,0.20695671058497933,0.30633299155751065,0.3221796017711443
580,b,all,1120042,1,1,0.967728637672888,0.9372838024678931,0.027643397771225226,-0.1718180365404316,0.227104832082882,0.041240948763694774,0.9508598933381807,0.9921008421018754,0.9665661090584269,0.990721996718583
584,b,all,1120042,1,0,0.49606443976495906,0.6151507721901641,-0.017371515383793574,-0.21044722045962627,0.17570418969203905,-0.18620539681394355,0.7916820777128901,0.6054766808989466,0.47263355488663145,0.7036751590776402
588,b,all,1120042,1,1,0.7233632879466073,0.6820686733355091,-0.015655655704755012,-0.19138495276081155,0.16007364135130145,0.05151712594740754,0.7716016543161577,0.8231187802635652,0.7264867484806898,0.80902816363676
594,b,all,1120042,0,1,0.33446389960774797,0.2574543899444244,-0.1303912555966561,-0.25134469403415116,-0.009437817159161047,-0.1845762402931477,0.3341791213468299,0.14960288105368222,0.2895476165668742,0.28073551089507437
599,b,all,1120042,0,1,0.23332136897242878,0.09242395859166597,-0.03651895335035286,-0.20341834305774245,0.1303804363570367,-0.017020805613165407,0.0815640556751646,0.0645432500619992,0.1107623584300319,0.07967879110307127
603,b,all,1120042,1,1,0.9507363980824397,0.699357737584698,-0.14695352246980978,-0.2940029848800668,9.593994044723719e-05,-0.4064471216929251,0.9031243204678541,0.496677198774929,0.8781433534838903,0.546205482010554
606,b,all,1120042,0,1,0.08509810817229162,0.17406501727012808,-0.05924541900212811,-0.2217298099094191,0.10323897190516286,-0.0810499975355446,0.21978098697191426,0.13873098943636966,0.045834318428495995,0.2160661155762413
607,b,all,1120042,0,0,0.07558787305919532,0.2062541872014653,0.004564912765232029,-0.1061305507352675,0.11526037626573156,-0.20262165996000597,0.3087378023791391,0.10611614241913314,0.07743012434549355,0.29304878205334556
609,b,all,1120042,0,1,0.2830671096982683,0.11232492815772263,-0.09512844724196266,-0.22848317639627697,0.0382262819123516,-0.17815202596793825,0.22489714031231664,0.046745114344378384,0.3450213473808075,0.163430888274238
614,b,all,1120042,1,1,0.7362343830426404,0.622702992333425,-0.07023242552320678,-0.1900952846280156,0.04963043358160199,0.13800989485438941,0.6359172787744115,0.7739271736288009,0.8274743251071385,0.7501169233771545
617,b,all,1120042,1,0,0.7992099545377905,0.6495494978985322,-0.14817702370565644,-0.402490285641981,0.10613623823066809,-0.32977963417948597,0.8338032757051225,0.5040236415256365,0.8485350583833042,0.5539736945630076
621,b,all,1120042,1,1,0.6429421287899805,0.5857949847664887,-0.11742429766154436,-0.22424206576490954,-0.010606529558179187,-0.10300534475910206,0.7057406494157711,0.602735304656669,0.6270415558891259,0.6411520177731279
626,b,all,1120042,1,0,0.6245951068413296,0.15759177970184263,-0.12945041192832252,-0.23401501881068437,-0.02488580504596069,-0.14734105843629364,0.26353475745247545,0.11619369901618182,0.5408398945646613,0.18384683494274479
638,b,all,1120042,1,0,0.20499978872811364,0.05245124700137811,-0.17729055339449742,-0.34125151459661873,-0.013329592192376144,-0.028967779075204383,0.061277322843089226,0.03230954376788484,0.21730089998808788,0.054982598379391213
648,b,all,1120042,1,1,0.4103695235158759,0.8702092373830709,-0.0835516884561474,-0.20499003103659671,0.037886654124301894,0.22657797391420198,0.7325950095116571,0.9591729834258591,0.446193692985528,0.8336926724416136
651,b,all,1120042,1,0,0.6891365312077637,0.40512504685417616,-0.027748754585588117,-0.18301086736145775,0.12751335819028148,0.14285091672279376,0.2851618328993221,0.4280127496221159,0.7508626695093064,0.39242325357165064
656,b,all,1120042,0,0,0.22067453984345226,0.5370026699124846,-0.11291264715947075,-0.18949413613908506,-0.03633115817985645,0.008071797181922913,0.46869912424753557,0.4767709214294585,0.22802004329675454,0.4705396557904402
662,b,all,1120042,0,0,0.5416836466239007,0.3468763432089087,-0.03322898600982823,-0.19231259838013562,0.12585462636047912,0.12090442381375327,0.2880053588167833,0.40890978263053657,0.3957846009982411,0.33585746795483185
663,b,all,1120042,1,1,0.5589397903441173,0.5390778136460163,0.022791191462572732,-0.07160759043236681,0.11718997335751224,-0.0006267839972746714,0.6515715924340533,0.6509448084367786,0.5681953671368609,0.6512154566706063
676,b,all,1120042,1,0,0.5566998874301575,0.538069412472769,0.010611711658473215,-0.06206372774051733,0.08328715105746373,0.288078314021742,0.4324920904579289,0.7205704044796709,0.6529119529093504,0.6205818650566977
680,b,all,1120042,1,0,0.7349561863941998,0.12067787268165805,-0.11395775031021543,-0.21160504160137758,-0.0163104590190533,-0.21676132704337042,0.27484012746336883,0.05807880041999842,0.7595694039485262,0.11019485548194441
684,b,all,1120042,0,0,0.514941246674879,0.10344957755984638,-0.16192332960497638,-0.36106715755006225,0.03722049834010943,-0.09365228131014089,0.1535330244619221,0.05988074315178122,0.2799397036695437,0.12731603258398452
689,b,all,1120042,1,1,0.9597845166694242,0.9687095552656053,-0.02913134584700633,-0.12943914848250143,0.07117645678848876,0.028437736123359203,0.9572782937779396,0.9857160299012988,0.9706128031462105,0.9848803245517656
702,b,all,1120042,0,0,0.010313961985153811,0.038906738187203124,-0.10130929415963855,-0.2651900925590054,0.06257150423972827,-0.008814129041007847,0.027598928413820053,0.018784799372812206,0.012737884181278832,0.027486655058936847
705,b,all,1120042,1,0,0.9814620188370482,0.7565999416957399,-0.1894937791419397,-0.37151755934922415,-0.007469998934655331,-0.24861107127745252,0.9414393089611733,0.6928282376837208,0.9809324818902252,0.6975686337875942
707,b,all,1120042,1,0,0.28301996179456085,0.05307673799473239,-0.24082778923548262,-0.5088774393505299,0.027221860879564602,-0.18261274863827542,0.1878998981069971,0.005287149468721667,0.2347415664691916,0.14503309543440357
708,b,all,1120042,0,0,0.3080407241060236,0.1695097342545498,-0.1535720781599368,-0.308952326240869,0.0018081699209953617,-0.3033594815556778,0.3504194567553186,0.04705997519964079,0.374407833118835,0.2368392906100041
712,b,all,1120042,0,0,0.11970822186442012,0.16219693124211365,-0.01357480348950595,-0.1300538088282761,0.10290420184926419,0.20262182932038472,0.14691061958728588,0.3495324489076706,0.05606427893599119,0.15827046634482472
713,b,all,1120042,0,1,0.23573177056058064,0.8774745071417691,-0.008994683976208253,-0.11998544790189147,0.10199607994947495,0.18351149860665072,0.775833119343291,0.9593446179499417,0.3611110149512662,0.8421011428603665
723,b,all,1120042,1,1,0.9515649486561637,0.7155154200630337,0.01811364490092357,-0.14362946298653845,0.17985675278838556,-0.013981278819158116,0.8683621139850527,0.8543808351658946,0.9403397493894873,0.855214961764101
727,b,all,1120042,0,0,0.0033846933025817273,0.06391872093659612,-0.11049348803721461,-0.25836739154490135,0.037380415470472064,0.01940221066508254,0.03568903252242936,0.0550912431875119,0.004415015471387493,0.03577469358269482
735,b,all,1120042,1,1,0.8514930300894576,0.7109136102882536,0.0029038791170788425,-0.11473607570978066,0.12054383394393832,0.2892291597635016,0.6042732494725858,0.8935024092360874,0.85753976359256,0.8522987547602537
739,b,all,1120042,0,1,0.08479013076854972,0.18440069318767177,-0.02833772117879709,-0.17733023474328763,0.1206547923856934,0.04653584065128688,0.23099895524207756,0.27753479589336444,0.10826828795026494,0.23603731103771872
743,b,all,1120042,1,0,0.8137089642780575,0.6114074507325379,-0.18923708863452204,-0.39204536494785736,0.013571187678813185,-0.3588049137290085,0.8478417441080576,0.48903683037904905,0.8540792214123399,0.5413939227514641
744,b,all,1120042,0,0,0.09488103843360278,0.04260853321053375,0.028023907707017633,-0.0652362022845214,0.12128401769855665,0.00043827428651807554,0.026528100992398846,0.02696637527891692,0.03804426145219432,0.026544774813942913
752,b,all,1120042,1,0,0.32361583636005403,0.2455464846762844,-0.13388920158878798,-0.29364822212164826,0.025869818944072254,-0.048624029853681416,0.3276257229580346,0.2790016931043532,0.4051996569380795,0.3079232827423759
760,b,all,1120042,1,1,0.7417079527974615,0.827801313425122,-0.17204296664211663,-0.3833201621474563,0.039234228863222975,-0.1049719012824385,0.9221465373701752,0.8171746360877367,0.8120115327351075,0.8369081429157039
773,b,all,1120042,1,1,0.9149352208261268,0.9122707163202002,-0.03868242539114437,-0.13898226206964048,0.061617411287351695,-0.05078761983714952,0.9666567816878695,0.91586916185072,0.9159070005121013,0.9201400451396771
776,b,all,1120042,0,0,0.14399500690978329,0.09852111206939891,0.008186765917793638,-0.1282245184154761,0.14459805025106334,0.11215936655437345,0.0472359901847925,0.15939535673916594,0.07290723182044223,0.05541321912300616
779,b,all,1120042,0,0,0.2596631896181235,0.41337134809847614,-0.027067780808261426,-0.143494852309418,0.08935929069289511,0.2102850669914252,0.22621397008186886,0.43649903707329407,0.3629244759380927,0.30253156781733853
781,b,all,1120042,1,1,0.6466457805822909,0.7706239598293834,-0.00968870077495086,-0.18087558076657514,0.1614981792166734,0.031273744586730046,0.8283829563994728,0.8596567009862028,0.7461971474210043,0.8517193353992638
782,b,all,1120042,1,0,0.9197176837880283,0.3583676702258228,-0.17058070864167377,-0.282384969701034,-0.05877644758231358,-0.27881971225762575,0.5994415106886838,0.32062179843105804,0.8619811840905949,0.3591041649690566
783,b,all,1120042,0,0,0.05270327226582516,0.24231001032535585,-0.014713605422149174,-0.18148824811418302,0.15206103726988465,0.11768093960974968,0.16619341714787256,0.28387435675762224,0.05485994054116541,0.1726493864976919
786,b,all,1120042,0,0,0.039203914549845995,0.11754793539555627,-0.04304894158736593,-0.19047572711848554,0.10437784394375364,-0.1204466128067492,0.16532041866408156,0.044873805857332354,0.05941604163077386,0.15816395770327005
798,b,all,1120042,1,1,0.8310939092846896,0.7817037783689051,-0.03732973784261429,-0.15967540880230532,0.08501593311707673,-0.012829595656138837,0.8710496929005754,0.8582200972444366,0.8434126957509361,0.8602290490428369
822,b,all,1120042,0,0,0.7929162062636265,0.7212571103725314,0.013358185924128359,-0.08578592252095726,0.11250229436921397,0.15687867128973654,0.7780227700505881,0.9349014413403246,0.7866852715996432,0.9014369101823456
827,b,all,1120042,0,1,0.20568917046778706,0.4148132146164598,-0.239768730793377,-0.3418558456593192,-0.13768161592743478,-0.47170840662307595,0.6500277796996768,0.1783193730766009,0.24463777729865077,0.5346300835703194
839,b,all,1120042,0,0,0.34900428831216096,0.0521659046995791,-0.14828441452732594,-0.28797880647237706,-0.00859002258227487,-0.082870305049013,0.09704353328678197,0.01417322823776898,0.162343632639872,0.08359006692715087
841,b,all,1120042,0,0,0.020364235298090984,0.10547080199653358,-0.025110373413464566,-0.1391358982288111,0.08891515140188191,-0.010820327453034226,0.09911358918728445,0.08829326173425023,0.034639969991106065,0.09873877336901742
845,b,all,1120042,1,1,0.7831632836973945,0.5004985823946486,0.02813576682655883,-0.2015832495377266,0.2578547831908442,-0.054967122143437575,0.679755636458759,0.6247885143153215,0.7638252185778449,0.6377703623729527
848,b,all,1120042,0,0,0.04406622197609818,0.1993024335138449,-0.08087149050331037,-0.19299057467600614,0.03124759366938537,0.0857810802170664,0.15080779969315497,0.23658887991022137,0.05969038884345037,0.1559281057267229
859,b,all,1120042,1,1,0.7577465749441632,0.7222221491345306,-0.012576353526463226,-0.0842312483462907,0.05907854129336423,0.10091643251497262,0.7428263810643577,0.8437428135793303,0.8320547758187614,0.8267943806970325
868,b,all,1120042,1,0,0.2113161293778058,0.06523858845763553,-0.033378625349376606,-0.14953168537166073,0.08277443467290749,-0.03768758335333155,0.08397151622017748,0.046283932866845935,0.23923225370276432,0.07495543071794919
875,b,all,1120042,1,1,0.21173312188706034,0.25174544394042514,-0.0005607608677076557,-0.08641403376559771,0.08529251203018239,0.2750351541256375,0.13981080528827883,0.41484595941391633,0.19551987810503407,0.19358564509752274
890,b,all,1120042,1,1,0.9875958957338474,0.7262527215123555,-0.04465810741221174,-0.1646236784016123,0.07530746357718879,-0.020946677854016382,0.8906656266682582,0.8697189488142418,0.9874817561550102,0.8699811644353609
892,b,all,1120042,0,0,0.8129880490909652,0.15887387402908065,-0.22080866930084644,-0.375396283310537,-0.0662210552911559,-0.4218944972490402,0.4749578951993378,0.053063397950297596,0.752638681307789,0.15742377713880756
893,b,all,1120042,0,1,0.36787952659369827,0.22023302209615309,-0.04338956270662427,-0.21629748351909298,0.1295183581058444,-0.13899119129057289,0.2884059010666973,0.1494147097761244,0.20296380287330745,0.2601957203164713
898,b,all,1120042,1,1,0.46145886397007124,0.7449532811308578,-0.12497129947161979,-0.3126291610507996,0.06268656210755992,0.11489019733853345,0.5760315391701575,0.6909217365086909,0.47972378810490296,0.6311470998535185
908,b,all,1120042,1,1,0.6304537804685545,0.5336610992935452,-0.03544897428313899,-0.2035600159195719,0.1326620673532939,0.2700079153490359,0.5696492081263452,0.8396571234753811,0.6849639978240327,0.7545949092679538
913,b,all,1120042,0,0,0.3938676467928744,0.47414093163040105,0.069237451826417,-0.06857554133107616,0.20705044498391012,0.5763362625455206,0.21409661929254425,0.7904328818380649,0.36702698783272614,0.4256275817133979
915,b,all,1120042,1,1,0.9516817235951146,0.7510605331709215,-0.10445760896762907,-0.2284694013474739,0.019554183412215737,-0.10460704553612188,0.9122655745034537,0.8076585289673318,0.9415880973154946,0.8137688255313014
917,b,all,1120042,1,0,0.923547639680398,0.6492729637535324,-0.022278082207976023,-0.1189477871551464,0.07439162273919434,0.012647334156821954,0.7540394926111339,0.7666868267679559,0.9317451813874247,0.7658235852691494
924,b,all,1120042,0,1,0.041030561202981805,0.2854328578951736,-0.17040017966548168,-0.2865827225799624,-0.05421763675100097,-0.03518580558050255,0.34295445282315096,0.3077686472426484,0.03257650484478903,0.34180822225718993
929,b,all,1120042,1,0,0.6641306780158877,0.5395649904255758,0.04314984864475787,-0.07947607181802296,0.1657757691075387,-0.2246108655442407,0.7244357997544417,0.499824934210201,0.6590473051994321,0.5764066140989978
934,b,all,1120042,0,0,0.1797098470536451,0.2064305721589692,-0.11251340784871688,-0.2727359881837426,0.04770917248630882,-0.17923562100166213,0.30255577023811625,0.12332014923645412,0.22882149384738068,0.26154280768985294
955,b,all,1120042,1,1,0.8205547139072873,0.44484377759347343,-0.1010509335440401,-0.23216726049644693,0.03006539340836667,-0.4074361291328243,0.7758676384475641,0.36843150931473984,0.8734804756292069,0.41998013458410177
960,b,all,1120042,1,1,0.364016542913537,0.5496452027519075,0.05676797132920778,-0.09027856325544478,0.2038145059138603,0.30302428580824725,0.4145443547009303,0.7175686405091776,0.3800930993244424,0.5297217946643626
961,b,all,1120042,0,1,0.5511844654836662,0.3286875014739229,0.0177642444455319,-0.1899633531443453,0.22549184203540906,-0.17386110854674186,0.4319105760822528,0.25804946753551095,0.49347354839846846,0.3461147179192008
967,b,all,1120042,0,0,0.6305446163002182,0.5452048937335419,0.018808892783068524,-0.1396256758424571,0.17724346140859412,0.11315424130412288,0.5413987873849739,0.6545530286890968,0.44694083003004204,0.5919720379148583
976,b,all,1120042,0,0,0.1836577978310355,0.0954493415300306,-0.20241092392376606,-0.4090079207069444,0.0041860728594122765,-0.10435438224184548,0.15809386067540734,0.05373947843356186,0.20179595515564355,0.13703556843623702
977,b,all,1120042,1,0,0.9286328163703927,0.6774655735366778,-0.03750471359692358,-0.20326993364976886,0.12826050645592166,0.2172265382051104,0.6784268664625951,0.8956534046677055,0.9400329381747864,0.8826269674210825
980,b,all,1120042,1,1,0.8924366609691375,0.6754268292780374,-0.12683637711803739,-0.2752029826770219,0.021530228440947125,-0.1328309937568829,0.8403143102576274,0.7074833165007445,0.9173360209342071,0.7184636549879518
986,b,all,1120042,1,0,0.7196015329911128,0.2572988841497181,-0.1298478535008634,-0.2239246120941887,-0.035771094907538104,-0.21930664730454208,0.3912007173486197,0.17189407004407764,0.6588215068712526,0.24671678150455897
987,b,all,1120042,0,0,0.38229222080670555,0.3601402704634302,-0.03710549073376172,-0.22996098187390368,0.1557500004063802,0.16537846499403014,0.35989141899015303,0.5252698839841832,0.3384405855504341,0.41586220352016456
989,b,all,1120042,0,0,0.421872106811635,0.2219669674903016,-0.1277726451196625,-0.23060043853167356,-0.024944851707651455,-0.22553091570484401,0.34182879340480493,0.11629787769996093,0.2358266405545143,0.2886425952129482
5,b,all,120042,1,1,0.5734502952981491,0.4486318140907561,0.07113329469201143,-0.09656852257820148,0.23883511196222432,0.29544125881310984,0.4283602486568981,0.7238015074700079,0.5143494763770452,0.5803203054275963
12,b,all,120042,0,1,0.25504683261680017,0.31873639082619787,0.01937320713467841,-0.17369418479145388,0.21244059906081064,-0.1020346687031714,0.35251383485816296,0.25047916615499155,0.22807181354145364,0.3292426029229293
15,b,all,120042,1,0,0.5690070322969999,0.07298506483221545,0.05364875592118962,-0.04425562248872175,0.15155313433110096,-0.003080297422145953,0.08496536053642435,0.0818850631142784,0.5888855260374319,0.08315141796863218
30,b,all,120042,0,0,0.573736238444875,0.22143332315839043,-0.12119279335145337,-0.2690687691683772,0.026683182465470398,-0.15824629257148742,0.32006203944320166,0.16181574687171424,0.5261665055811847,0.23679814065968435
35,b,all,120042,1,1,0.9783156406064879,0.960349738405107,0.030187512733048177,-0.0893692812478356,0.1497443067139319,0.011426825642477212,0.9756257658102383,0.9870525914527155,0.9757346483150356,0.986775315509858
39,b,all,120042,1,0,0.7564493408797318,0.44535160181483563,-0.09479053641432042,-0.28981753249757525,0.10023645966893432,-0.0787740414269622,0.5056272841792651,0.42685324275230285,0.77152706901285,0.4448509788828241
40,b,all,120042,0,0,0.3146317212785818,0.29638527503449125,-0.015815281706610347,-0.1746756691198828,0.1430451057066621,0.060474988513839145,0.3131862436036617,0.37366123211750085,0.36407388745256936,0.3352036077655446
43,b,all,120042,1,0,0.7059946149113776,0.4940283587047952,-0.0947792254736185,-0.20919649404603108,0.019638043098794064,-0.19702180525731344,0.6091152747624241,0.41209346950511067,0.6567057331961557,0.4797299256852899
45,b,all,120042,0,0,0.1383402083445728,0.2540692931330479,0.007544088358077078,-0.23926115747085702,0.2543493341870111,0.13139903885494988,0.2165379872607052,0.3479370261156551,0.17346042267748582,0.2393305200799002
48,b,all,120042,1,1,0.28374253368137264,0.5237598864831924,-0.11886634123356504,-0.2595353182993584,0.021802635832228218,-0.02351093248221392,0.4828213005356463,0.4593103680534324,0.42933764997077845,0.47272717203511094
63,b,all,120042,1,0,0.627368051109029,0.0960077548028774,-0.06408757532855686,-0.17979364288884894,0.0516184922317352,-0.08061850681857732,0.15433536704847534,0.07371686022989801,0.6257533169734277,0.10388806899730568
67,b,all,120042,1,1,0.44898096750598554,0.4038923839786344,-0.17745727146343615,-0.2643963499765599,-0.09051819295031238,-0.4040936263411786,0.6270655271286899,0.22297190078751128,0.5184844589253166,0.41754926192001485
69,b,all,120042,0,0,0.5028573104104038,0.451839681323616,-0.0042628834311557555,-0.12090164873857098,0.11237588187625944,-0.2535047085663173,0.6257136287774533,0.372208920211136,0.5819759402865388,0.4781799876425058
72,b,all,120042,1,0,0.6869865287614586,0.26083011575794784,-0.010823531106837071,-0.13388943823366567,0.11224237601999151,0.03393963416448598,0.2845721538079479,0.3185117879724339,0.7269864624971379,0.3092458083876346
75,b,all,120042,1,0,0.9294867292193747,0.5335253313338443,0.017394572930699362,-0.16377311613849732,0.19856226199989602,-0.21905044290968123,0.7859902699448377,0.5669398270351564,0.9155184418716508,0.5854455497608714
85,b,all,120042,0,0,0.009013206990135752,0.05291222217403395,-0.09194882311013933,-0.2578420957062518,0.07394444948597306,-0.03033405828346857,0.05306870888576817,0.022734650602299605,0.012191215162621852,0.05269889985447889
93,b,all,120042,0,1,0.12980538297809863,0.16893818860053625,-0.19831731597297678,-0.38867245194187816,-0.00796218000407542,-0.24763340158643393,0.32022570877467954,0.0725923071882456,0.13659914574554174,0.28639919765990995
115,b,all,120042,0,0,0.31272094801448114,0.16938668099271176,-0.06467305271754525,-0.2882443601851554,0.15889825475006483,-0.036066766855671034,0.2053367437300431,0.16926997687437206,0.1881577563382044,0.19855050180010692
116,b,all,120042,0,1,0.14323295201047972,0.15550057013761853,-0.14565441286294312,-0.30592567062766785,0.014616844901781584,-0.014342061446469406,0.14192494897859992,0.1275828875321305,0.1837349785468509,0.13928981062641524
121,b,all,120042,1,0,0.9279085439960586,0.44607844119563467,-0.2111201820083618,-0.3751292560705847,-0.0471111079461389,-0.578150415838105,0.8466828492611407,0.2685324334230356,0.8997037852763005,0.3265187316725304
122,b,all,120042,1,0,0.7855775653688978,0.07165929760539283,-0.2177338397018489,-0.3313455496703149,-0.10412212973338293,-0.1662835077113541,0.20281166924209829,0.03652816153074418,0.7578750286730987,0.07678955106749236
123,b,all,120042,0,1,0.2477008698367189,0.2908190369197802,-0.04995698705145734,-0.24920991392020633,0.14929593981729158,0.03246765507545743,0.22412970679849994,0.2565973618739574,0.15541688820093894,0.22917572871750896
126,b,all,120042,0,0,0.23426286923799838,0.27077370342760854,-0.19374040373870444,-0.2803333728440683,-0.1071474346333406,-0.3010231687743369,0.44215599748635387,0.141132828712017,0.21023743122465782,0.3788696597441307
130,b,all,120042,0,0,0.1350136777407786,0.0823447561228092,0.022962869176004375,-0.07565572887597916,0.12158146722798788,0.006309753656425152,0.06615229801318433,0.07246205166960948,0.06622810440116784,0.0665701810370877
137,b,all,120042,0,0,0.12221002587211183,0.0673098128743928,-0.18245211827901006,-0.30717870902460515,-0.05772552753341499,-0.035394603233024145,0.0790729821473732,0.04367837891434905,0.08580984252666052,0.07603577681765378
145,b,all,120042,1,0,0.4220728718874742,0.4340626636563777,-0.09490196559332152,-0.283280856309896,0.09347692512325294,-0.33769143797714973,0.6919752618184105,0.3542838238412608,0.43705268699339506,0.5443863114758338
151,b,all,120042,0,1,0.6237298441101539,0.32153887875864096,-0.24419187016759752,-0.3764741313662683,-0.11190960896892682,-0.31487008056515453,0.48899357852641573,0.17412349796126117,0.5564672015365533,0.31377870594673507
152,b,all,120042,1,1,0.982471358550975,0.6846533731695048,-0.026788275900678893,-0.22147550456250673,0.1678989527611489,-0.012172431745375523,0.8762847281697077,0.8641122964243322,0.9805114377218112,0.864349519618479
162,b,all,120042,0,0,0.5571950690825481,0.6630383076669786,-0.2390700135444041,-0.3248568625879442,-0.15328316450086402,-0.1770906937214045,0.7830738531324425,0.605983159411038,0.5328644485720335,0.6887085182753474
167,b,all,120042,0,1,0.4805292484763424,0.7746673682225005,-0.005227747637937294,-0.18223550578960954,0.1717800105137349,0.060419762402974864,0.7836955006531895,0.8441152630561644,0.488703502712227,0.8132228501725638
169,b,all,120042,1,1,0.7581897218229461,0.8869697925491729,-0.19845732359819657,-0.29103285682322083,-0.10588179037317233,-0.059438745764093026,0.9330844701155844,0.8736457243514913,0.7742167680898258,0.8870659964707954
175,b,all,120042,1,1,0.9905468811153012,0.6698503924708037,-0.1826493875136641,-0.385403089559187,0.020104314531858763,-0.13063141535059297,0.8737444653113482,0.7431130499607552,0.9694429817425687,0.7471047565046174
180,b,all,120042,1,1,0.9420755883191143,0.6541444250702109,0.027324929495672938,-0.06625044557576859,0.12090030456711442,0.07214620573564456,0.7786322158744284,0.850778421610073,0.9543923084224109,0.8474879997103885
186,b,all,120042,1,0,0.6160380752057454,0.28605077495287656,-0.05695855518104956,-0.16462079083626918,0.05070368047417005,-0.34838730337294177,0.4994029297137133,0.15101562634077156,0.6438615699902365,0.2750897335993462
193,b,all,120042,0,0,0.3503137093922681,0.268290931065702,0.02722200492963694,-0.20143475257554846,0.2558787624348223,-0.07790570380726344,0.2953083622437127,0.21740265843644926,0.41432172147108914,0.26303033692987055
196,b,all,120042,0,0,0.39421476316608534,0.38403524162014846,-0.015114654580446647,-0.19373035382292078,0.16350104466202744,0.18500422317417548,0.32434400872550756,0.509348231899683,0.3716162688907627,0.39309458787052864
198,b,all,120042,0,0,0.07108776891339005,0.097342705204211,-0.07858621087842135,-0.31257464685909736,0.1554022251022546,-0.09796041668062988,0.1586915272759424,0.06073111059531252,0.09028587933649393,0.14984708491576237
205,b,all,120042,1,1,0.9613720817257352,0.5815380219958761,-0.053192446882852074,-0.27779786123559375,0.17141296746988954,0.10039000345163385,0.6891605940965426,0.7895505975481765,0.9624369089430685,0.785779638707317
208,b,all,120042,1,1,0.40852572271012366,0.5448533225328263,-0.15017399197172235,-0.24647987422518652,-0.053868109718258186,-0.38364186382161225,0.7194421327827453,0.335800268961133,0.4072806738535624,0.5631922159670424
211,b,all,120042,0,0,0.12210091306881657,0.1431036437349838,-0.08059827260723558,-0.33012896156123345,0.1689324163467622,0.039362356322426656,0.16438647521130773,0.20374883153373438,0.09642181922653781,0.1681818652169593
229,b,all,120042,0,0,0.2656911476788186,0.06631099333138508,-0.03956907831641565,-0.20557178058472014,0.1264336239518888,-0.0181111175885878,0.06995670563525107,0.05184558804666327,0.30447931100626485,0.0644422450303244
237,b,all,120042,0,1,0.17218837475251467,0.7884188881549856,-0.012318210700326042,-0.24746405632472662,0.22282763492407448,0.014677238537030401,0.7975200380169778,0.8121972765540082,0.18990857655563823,0.8003073714953128
241,b,all,120042,1,0,0.30253722237192926,0.34377189890440357,-0.1469546880328965,-0.3461541150176942,0.05224473895190118,-0.2359562924134932,0.5015441113192208,0.26558781890572764,0.2950149658609628,0.4319334737681747
246,b,all,120042,0,0,0.0058998686751510696,0.042928161157534825,-0.037446419085575285,-0.18753805381137723,0.11264521564022664,0.01186840094368172,0.018116439756915348,0.02998484070059707,0.0026243135065499405,0.018147586161813004
250,b,all,120042,1,1,0.9460216077936309,0.6729049178557018,-0.13902084119757654,-0.23253132381436514,-0.045510358580787946,-0.14381661120733635,0.8672152602102811,0.7233986490029447,0.9507090811076705,0.7304875019213353
254,b,all,120042,0,1,0.1575174634683727,0.16545141909900277,-0.01758670897294217,-0.17437213454940426,0.13919871660351985,0.11029612787953566,0.14744962685810456,0.2577457547376402,0.08493199342585338,0.15681729686606638
261,b,all,120042,0,0,0.1995050048051802,0.3843655327380578,0.023311109127105756,-0.1224717838290632,0.16909400208327469,0.31285754382566056,0.3117214313126295,0.6245789751382901,0.1705389734222835,0.3650758356640747
264,b,all,120042,1,1,0.5685971107357376,0.8266976004233907,-0.08245489864315614,-0.16615088869696543,0.00124109141065315,0.10130985419071503,0.7911490993565368,0.8924589535472518,0.5810993954074002,0.8500201943755732
265,b,all,120042,0,0,0.5087191009898346,0.28536586910878525,-0.1891119791743104,-0.3042220945059624,-0.07400186384265847,-0.19966649402570194,0.44336264391079605,0.2436961498850941,0.5891544295672154,0.3257282445193978
270,b,all,120042,0,0,0.13609149967948317,0.09357993343121461,-0.08229788957708961,-0.25620745036647585,0.0916116712122966,-0.05981133747776573,0.12230691731294828,0.06249557983518255,0.15266603857068187,0.11317575735860363
271,b,all,120042,1,0,0.8570161224709907,0.9530501678855469,-0.15673605952842373,-0.3960460039924283,0.0825738849355808,-0.027407061388611043,0.972040045003356,0.9446329836147449,0.8799152601270086,0.9479241534522794
277,b,all,120042,1,1,0.9009980046516259,0.7474255269999186,0.09351291975158606,-0.027265394222121098,0.21429123372529318,0.19707323380293573,0.7379585356450379,0.9350317694479736,0.8959221773328886,0.9145208163677975
278,b,all,120042,1,1,0.9838069987503364,0.9190742621014337,-0.08566925463314225,-0.22818475672783933,0.056846247461554825,-0.034983579731057146,0.9745499252614708,0.9395663455304136,0.9852240699610291,0.9400832604570325
282,b,all,120042,0,0,0.5973803494071209,0.4420803629814542,-0.07027213964009076,-0.24045650820350806,0.0999122289233265,0.2904593735133494,0.40130368088367085,0.6917630543970202,0.5875385209157825,0.571959751583829
284,b,all,120042,0,1,0.2795938788935131,0.5840639429952331,-0.0035592037153014573,-0.19400507459792815,0.1868866671673252,0.18518688543613304,0.5345000271529722,0.7196869125891052,0.2848632031007027,0.5872529565105519
288,b,all,120042,1,0,0.8475403685545174,0.7073110065863661,-0.03354417426961688,-0.13650899158155044,0.06942064304231667,0.004640120746827181,0.8285928613323575,0.8332329820791847,0.8137217939140347,0.8323686287104435
294,b,all,120042,1,1,0.8862409270704843,0.4290569806373458,-0.1425106885527329,-0.2534216629160146,-0.03159971418945126,-0.34951026332690505,0.6471311693923253,0.29762090606542024,0.836697904397772,0.35469666450119036
318,b,all,120042,0,0,0.6325616927280786,0.49473162373183655,-0.06806458654635442,-0.2162269852744872,0.0800978121817783,-0.20199985734703257,0.5879283385482199,0.38592848120118733,0.47898390671963986,0.4911736577193283
319,b,all,120042,1,1,0.9299558756896174,0.8263682991243366,-0.052197817097460575,-0.19795441264335759,0.09355877844843641,0.04278373950332526,0.8493940089152403,0.8921777484185656,0.9507415839242936,0.8900702891768362
328,b,all,120042,0,1,0.28481500327687465,0.29197885370257776,-0.0173340154240196,-0.14931063552197354,0.1146426046739343,0.10327243996857394,0.20730761169537187,0.3105800516639458,0.24526855774207149,0.23263709410096867
334,b,all,120042,0,0,0.17550456713966064,0.12791711760429444,-0.15846459627295345,-0.24291226182075498,-0.07401693072515195,-0.1484375342195409,0.1983455391861229,0.049908004966582015,0.20689159123360956,0.16763506153264873
339,b,all,120042,0,1,0.7825339060101023,0.7933254033592245,-0.2353344778404811,-0.3848937250994317,-0.0857752305815305,-0.04096418254395162,0.7913418013853089,0.7503776188413572,0.7738703643510148,0.7596408345146795
343,b,all,120042,1,1,0.8756315298799435,0.4885834616394761,-0.06128024080220682,-0.20937841203070426,0.0868179304262906,-0.252500407706424,0.7443325037606942,0.49183209605427014,0.8958918058613752,0.5181194575198524
346,b,all,120042,0,0,0.5555126287236413,0.2914637313582698,-0.1146930188733377,-0.23996889127616988,0.010582853529494465,0.021257549177203516,0.4635368861105099,0.48479443528771343,0.5102592561944268,0.47438374734218625
347,b,all,120042,0,1,0.09878833569261959,0.41565135433038425,-0.20414273649897516,-0.27223969891711086,-0.13604577408083945,0.0718545920669893,0.2615415662030328,0.3333961582700221,0.14896115907122268,0.27224510952192144
349,b,all,120042,0,1,0.8805825414333078,0.7914001485546418,-0.11987693848201682,-0.2794833222818729,0.03972944531783924,0.03268878550218324,0.8558790417523827,0.888567827254566,0.90689913434711,0.8855244730271711
350,b,all,120042,1,1,0.9973169547185604,0.921830842710823,-0.08001364323722054,-0.23860739584887522,0.07858010937443408,-0.01526830645046906,0.9870651730971797,0.9717968666467106,0.9973527060325942,0.9718372863422694
354,b,all,120042,1,0,0.7105497724538398,0.5901703066615155,-0.09471772561971264,-0.24723228634166936,0.05779683510224404,-0.14297135067526034,0.6543294133891959,0.5113580627139356,0.651333622993829,0.5612073655695574
357,b,all,120042,1,1,0.571093742186618,0.5732113018423808,-0.14561100305035385,-0.23339607637433912,-0.0578259297263686,0.1013446835796018,0.4463772897496344,0.5477219733292362,0.6846059209937392,0.5157584601894668
360,b,all,120042,1,0,0.3427089175197818,0.20193085179498924,-0.16890319507864082,-0.3927863873067402,0.054979997149458476,-0.20995476861796994,0.3185615885237857,0.10860681990581575,0.3064633309145173,0.2542181507917359
361,b,all,120042,0,0,0.2817382995029025,0.21188349819588376,-0.1335074603553113,-0.22467868990052342,-0.042336230810099185,-0.0406445885166562,0.19061748277556523,0.14997289425890903,0.1473623882639726,0.18462799914174433
365,b,all,120042,1,0,0.6802368119834658,0.28955048762712743,-0.1834376700060653,-0.3128333822680623,-0.054041957744068364,-0.3344524588585174,0.48247634363636255,0.14802388477784517,0.7037892739416086,0.24709229044834086
368,b,all,120042,1,0,0.7299113200519429,0.3849191345932418,-0.07575612303946072,-0.19369677141663844,0.04218452533771698,-0.05427466854280549,0.4718418589350713,0.4175671903922658,0.6540894483175863,0.4363413709302878
370,b,all,120042,1,0,0.16516424230442278,0.03816166778792119,-0.2800648968923636,-0.44637608554756325,-0.11375370823716396,-0.11224918810400103,0.11604627447767366,0.003797086373672619,0.11504539026639442,0.10313252282516294
380,b,all,120042,0,1,0.8335271872651697,0.3618975941073895,-0.26200488376155284,-0.37125574075671774,-0.152754026766388,-0.4595323870462047,0.6433774733254405,0.18384508627923582,0.6529940418405045,0.3433055625515242
384,b,all,120042,1,1,0.8075947361172456,0.8728005345226195,7.336388555530573e-05,-0.09043265256142483,0.09057938033253542,0.0703099140074529,0.8886766336909452,0.9589865476983981,0.8125043706639047,0.945803746123004
392,b,all,120042,1,1,0.8355273785929057,0.811181509975216,-0.0714605629570478,-0.20881156780192694,0.06589044188783134,0.0859568948245617,0.7956046715365747,0.8815615663611364,0.8949939681051641,0.8725355739216074
398,b,all,120042,0,1,0.37801330099888747,0.372356026523541,-0.18616350369921988,-0.28280889501919454,-0.08951811237924526,-0.3498504475078327,0.5910364248254103,0.2411859773175776,0.36176284124541397,0.4644735329239972
399,b,all,120042,1,1,0.9969612428234772,0.835142003459256,-0.16068450708762574,-0.31391464114752576,-0.0074543730277257525,-0.029171536123289488,0.9512178017968141,0.9220462656735247,0.9962108424749547,0.9221568012191433
409,b,all,120042,0,0,0.15937071582807716,0.38326960046198,0.04765117770578656,-0.10274843971976569,0.19805079513133877,0.14554265152238055,0.3680844066924097,0.5136270582147903,0.16618931836081213,0.39227204074133937
422,b,all,120042,1,1,0.4059740181110089,0.41072132199140415,0.05313821221517964,-0.024616139543454027,0.1308925639738133,0.04875396248008518,0.4200452914399601,0.4687992539200453,0.33848323217702997,0.436547690241657
424,b,all,120042,1,0,0.8067797792680436,0.576685832719517,-0.11914664260529628,-0.255341430740743,0.017048145530150383,-0.411950972386599,0.8314253440689895,0.4194743716823905,0.8860761566800972,0.46640540971604305
429,b,all,120042,0,0,0.04022901403019308,0.015827405624208687,-0.1570727774272123,-0.25158198193083114,-0.06256357292359349,0.0037726514360697343,0.01304897486216735,0.016821626298237084,0.014013887068759502,0.013101844373342225
431,b,all,120042,1,1,0.42022654406161586,0.4890113168383431,-0.18428742740964035,-0.3188701989173869,-0.04970465590189388,-0.32665406706368566,0.7123240608538791,0.38566999379019345,0.26194947604164803,0.6267571991396732
433,b,all,120042,0,0,0.023959727060927517,0.07388551439020519,-0.055805728194563746,-0.20420634634879495,0.09259488995966741,-0.03402153155820689,0.06847959303076086,0.034458061472553966,0.030148742780963526,0.06745388662679803
435,b,all,120042,0,1,0.3119330057341404,0.7028637689719404,-0.08982389033669638,-0.207755196922484,0.028107416249091216,-0.10742312894197681,0.7807369553595693,0.6733138264175925,0.43293691335902873,0.734229517492061
436,b,all,120042,0,1,0.04013770087488851,0.21202899344732348,-0.2871688583259464,-0.4058753053089086,-0.1684624113429843,-0.3201538166817906,0.38261502886035376,0.06246121217856315,0.04558681888213726,0.368020234804856
446,b,all,120042,1,0,0.12400241925571627,0.0885476065348267,-0.23292985854147474,-0.3420517922724271,-0.12380792481052244,-0.06432527410523083,0.14245327608668318,0.07812800198145235,0.13760778018982345,0.13360161790696043
447,b,all,120042,1,1,0.5674280218434604,0.6581492578671713,-0.15760104949252385,-0.3443405135627197,0.029138414577671967,0.034144994760945346,0.7178406560241876,0.7519856507851329,0.5268957316826469,0.735831508022056
451,b,all,120042,1,1,0.8440685942232745,0.679425456265968,-0.24808763864405808,-0.3404697810817212,-0.155705496206395,-0.17663563846118313,0.8287729384589229,0.6521372999977397,0.8242034052032726,0.6831892437589615
460,b,all,120042,1,0,0.4024283649591037,0.40193266006755823,-0.002745989319368403,-0.12310357460045677,0.11761159596171995,-0.15089969081385596,0.4593548416637062,0.30845515084985026,0.3655224480016902,0.40419761727472747
462,b,all,120042,0,0,0.47865047218885676,0.42464770166627225,0.002089906584807114,-0.1437423322221717,0.14792214539178591,-0.02877369342676961,0.4686118803771519,0.4398381869503823,0.4666605896496557,0.4551843316362172
465,b,all,120042,0,1,0.4172330240457683,0.6900246248962307,-0.028758395309882438,-0.20740218746808,0.14988539684831506,-0.07352311822592295,0.7800438405311805,0.7065207223052575,0.5135491930884887,0.7422861024929082
467,b,all,120042,0,0,0.1350732908901331,0.22568594311894344,-0.05260841089432749,-0.20514999684093976,0.09993317505228475,0.18109530692018136,0.12685755243371818,0.30795285935389954,0.1888332524081815,0.16105436823531388
468,b,all,120042,1,0,0.4483568354744622,0.5276439125487666,-0.15525437573458262,-0.3598786217477574,0.04936987027859219,-0.36394341785118856,0.7078781761015418,0.34393475825035325,0.42845601156518937,0.5519444308536183
474,b,all,120042,0,0,0.33881070959828874,0.4436019602818864,0.038779530503121315,-0.1132439255586422,0.1908029865648848,0.27024214191256124,0.30007158198562,0.5703137238981812,0.4170023363305006,0.4127631865381167
478,b,all,120042,1,0,0.48723028325109485,0.1710359893641993,-0.14306360239707222,-0.24176220740587331,-0.04436499738827114,-0.14113139488284232,0.2377741189742361,0.09664272409139375,0.27379783230036064,0.19913264898578764
481,b,all,120042,0,1,0.4282127814573279,0.4313406016002971,-0.016023833569585522,-0.22962103189301356,0.19757336475384243,0.24256774419822325,0.2663753158727359,0.5089430600709591,0.2853642948162681,0.33559548914103476
486,b,all,120042,1,1,0.7634022608258579,0.4815082647443362,-0.1808376448191361,-0.3411227063961338,-0.02055258324213846,-0.6892153014395378,0.8677382394188814,0.1785229379793436,0.807107991999281,0.3114670614188369
487,b,all,120042,1,1,0.8474463251707374,0.5287082580916644,-0.060076418215416226,-0.26449001493987256,0.14433717850904007,-0.028156691615068175,0.6387406477170029,0.6105839561019347,0.8811791752215618,0.6139295574226692
498,b,all,120042,0,0,0.1841003403383576,0.03534359636741852,-0.24260655765705674,-0.35253817484331323,-0.1326749404708003,-0.1062618189134249,0.10974740599329373,0.003485587079868836,0.19058570392071683,0.0894954224357829
503,b,all,120042,0,0,0.32313041921614255,0.1625851443094627,-0.11576522398694034,-0.2711450398479561,0.0396145918740754,-0.16728505428348134,0.2635262519296023,0.09624119764612094,0.40711586132784927,0.19542185296770676
507,b,all,120042,1,1,0.8868668653148276,0.8337717890611822,-0.07402461801991525,-0.2686817153571942,0.12063247931736362,-0.030854928811506976,0.9308527063190833,0.8999977775075764,0.8926277089340195,0.9033107419047457
508,b,all,120042,0,0,0.48577801233319395,0.22530210069384116,-0.08896852260881769,-0.332086153910937,0.15414910869330153,-0.05620972089686527,0.2627225744829081,0.20651285358604282,0.5311711209732923,0.23286559402452428
514,b,all,120042,1,1,0.8639131575667518,0.7752644052391782,-0.05832610691587391,-0.23991178797448665,0.12325957414273879,-0.061478120138046544,0.8845825250519558,0.8231044049139092,0.8943195699412145,0.8296014390893036
526,b,all,120042,0,0,0.04054364872391255,0.09535994895416192,-0.09811474566695844,-0.2946957360923135,0.09846624475839655,0.020299231269924375,0.06015719113646259,0.08045642240638697,0.05466687900003019,0.06126688675608918
528,b,all,120042,1,1,0.9248656611216415,0.6592696059160732,-0.17468654043474993,-0.32780086725801105,-0.02157221361148884,-0.3151680255715663,0.877924904862706,0.5627568792911397,0.8946923510881424,0.5959464830762735
532,b,all,120042,1,0,0.6470615362149241,0.2001643182872969,-0.2371642032459781,-0.3515936066525302,-0.122734799839426,-0.5334643262344162,0.5735551216747997,0.040090795440383485,0.6066516810570359,0.24992809138073208
534,b,all,120042,0,1,0.5815084628500126,0.9323048448198813,0.0436807987669885,-0.20407310178473928,0.29143469931871624,0.13543398492073888,0.8396523821431012,0.9750863670638401,0.6415710899254514,0.9265429114616468
535,b,all,120042,0,0,0.6203669491930299,0.22286828703720793,-0.09301292613731882,-0.2235838536403185,0.037558001365680826,0.03704061610492676,0.22099152902364283,0.2580321451285696,0.40412609914286823,0.23596060871997537
538,b,all,120042,1,0,0.8363790299029905,0.6334282239293194,-0.006724053083308639,-0.1899921647912367,0.17654405862461936,-0.06212851278558973,0.7780343272758928,0.7159058144903031,0.8082821081633567,0.7278169619845023
539,b,all,120042,0,1,0.3905844620740821,0.38286948893559897,-0.19240723147338026,-0.3000470266507572,-0.08476743629600332,-0.11126006308263126,0.4664730480873413,0.35521298500471005,0.46073813292230986,0.41521129435383136
546,b,all,120042,0,0,0.20798361976559257,0.0983670683549301,-0.11277093484479694,-0.23794360474728624,0.01240173505769232,-0.06620608679353736,0.1411022908806444,0.07489620408710705,0.2563020340491129,0.12413353616902867
549,b,all,120042,1,0,0.7402989567689443,0.3157692382394166,-0.05770311460400662,-0.18663890549469406,0.07123267628668078,-0.22605679180368443,0.5078172149242439,0.2817604231205595,0.8011893584262512,0.32670291893115333
550,b,all,120042,0,0,0.12980924680641287,0.05950491511737695,-0.21546317337922494,-0.3145276926768286,-0.11639865408162128,-0.08381602753461014,0.09640615135008752,0.012590123815477389,0.13400979470830476,0.0851739827069088
552,b,all,120042,1,0,0.4471425971641668,0.1893094182038983,-0.05885518039834651,-0.21522940752382388,0.09751904672713085,0.08753892270289004,0.1992963733242461,0.28683529602713614,0.4572237483724141,0.23932124769094448
559,b,all,120042,1,0,0.6732586391720883,0.27553376521533696,-0.17543261946727048,-0.33634422939643177,-0.014521009538109253,-0.36576085048430995,0.5887644136938451,0.22300356320953515,0.7184678395003896,0.32597700567255794
560,b,all,120042,1,1,0.9471100586988215,0.6489865842140483,-0.17537232244382567,-0.3011343089081716,-0.049610335979479725,-0.06469990771798673,0.840006845109726,0.7753069373917393,0.9520143474859696,0.7784116046811844
561,b,all,120042,1,0,0.5234595720021551,0.34595256888709675,-0.0431314966987027,-0.1505518350867005,0.06428884168929506,-0.14847635272894044,0.47000754047362386,0.3215311877446834,0.49528534616089104,0.39646937871556404
563,b,all,120042,0,0,0.2841851112461343,0.18062277360235868,-0.07984515758784466,-0.25317179797544587,0.09348148279975652,0.08723419972137467,0.16780480528123268,0.25503900500260734,0.31333299897025074,0.19513815869270082
568,b,all,120042,1,1,0.9449780469966738,0.8861385698325828,-0.14684825325237588,-0.26251422424187226,-0.03118228226287953,-0.11006768648138565,0.9621006613342603,0.8520329748528747,0.9575199301970099,0.8567086578576576
569,b,all,120042,0,1,0.5664770107387664,0.7937336700240837,0.03730898916959978,-0.15940736675059786,0.23402534508979733,-0.03506472883281053,0.8463245486547423,0.8112598198219317,0.667795473870383,0.8229084814476991
571,b,all,120042,0,0,0.019855087168656475,0.2026255574954164,0.00022213213431643007,-0.1865421693667227,0.1869864336353555,0.17274679823127478,0.07316077366171819,0.24590757189299298,0.020388722435939765,0.07668286018255294
576,b,all,120042,1,0,0.9853443699394344,0.7917399204949945,-0.19413783903400125,-0.3638356653628073,-0.024440012705195274,-0.13762755085764844,0.9336653303150813,0.7960377794574328,0.9855241777839763,0.7980300514156748
578,b,all,120042,0,0,0.4765226316134231,0.2628269510059772,-0.069268924985858,-0.15643353197476195,0.01789568200304595,-0.1661069213092291,0.37306363189420844,0.20695671058497933,0.30633299155751065,0.3221796017711443
580,b,all,120042,1,1,0.967728637672888,0.9372838024678931,0.08671725272633087,0.0008466300565433404,0.17258787539611836,0.041240948763694774,0.9508598933381807,0.9921008421018754,0.9665661090584269,0.990721996718583
584,b,all,120042,1,0,0.49606443976495906,0.6151507721901641,-0.01410215427206375,-0.22537568165958433,0.1971713731154568,-0.18620539681394355,0.7916820777128901,0.6054766808989466,0.47263355488663145,0.7036751590776402
588,b,all,120042,1,1,0.7233632879466073,0.6820686733355091,0.014661411406560434,-0.12256689354669306,0.1518897163598139,0.05151712594740754,0.7716016543161577,0.8231187802635652,0.7264867484806898,0.80902816363676
594,b,all,120042,0,1,0.33446389960774797,0.2574543899444244,-0.13066443984189458,-0.30280611704379573,0.041477237360006525,-0.1845762402931477,0.3341791213468299,0.14960288105368222,0.2895476165668742,0.28073551089507437
599,b,all,120042,0,1,0.23332136897242878,0.09242395859166597,-0.06901532214987718,-0.2574396358384335,0.11940899153867907,-0.017020805613165407,0.0815640556751646,0.0645432500619992,0.1107623584300319,0.07967879110307127
603,b,all,120042,1,1,0.9507363980824397,0.699357737584698,-0.1923826039974681,-0.35671071723574865,-0.028054490759187617,-0.4064471216929251,0.9031243204678541,0.496677198774929,0.8781433534838903,0.546205482010554
606,b,all,120042,0,1,0.08509810817229162,0.17406501727012808,-0.014301495296030586,-0.14676477308883662,0.11816178249677542,-0.0810499975355446,0.21978098697191426,0.13873098943636966,0.045834318428495995,0.2160661155762413
607,b,all,120042,0,0,0.07558787305919532,0.2062541872014653,0.012274602044403627,-0.22410791296420046,0.24865711705300764,-0.20262165996000597,0.3087378023791391,0.10611614241913314,0.07743012434549355,0.29304878205334556
609,b,all,120042,0,1,0.2830671096982683,0.11232492815772263,-0.10096847121774301,-0.30881909192874324,0.10688214949325721,-0.17815202596793825,0.22489714031231664,0.046745114344378384,0.3450213473808075,0.163430888274238
614,b,all,120042,1,1,0.7362343830426404,0.622702992333425,-0.06654289633619016,-0.18022992318288145,0.047144130510501106,0.13800989485438941,0.6359172787744115,0.7739271736288009,0.8274743251071385,0.7501169233771545
617,b,all,120042,1,0,0.7992099545377905,0.6495494978985322,-0.1917962520964504,-0.2919481952550991,-0.09164430893780177,-0.32977963417948597,0.8338032757051225,0.5040236415256365,0.8485350583833042,0.5539736945630076
621,b,all,120042,1,1,0.6429421287899805,0.5857949847664887,-0.11364630164429669,-0.21272336616618867,-0.014569237122404738,-0.10300534475910206,0.7057406494157711,0.602735304656669,0.6270415558891259,0.6411520177731279
626,b,all,120042,1,0,0.6245951068413296,0.15759177970184263,-0.11715838675813783,-0.2545867458438962,0.020269972327620456,-0.14734105843629364,0.26353475745247545,0.11619369901618182,0.5408398945646613,0.18384683494274479
638,b,all,120042,1,0,0.20499978872811364,0.05245124700137811,-0.1988796280249562,-0.2873472802547155,-0.11041197579519695,-0.028967779075204383,0.061277322843089226,0.03230954376788484,0.21730089998808788,0.054982598379391213
648,b,all,120042,1,1,0.4103695235158759,0.8702092373830709,-0.059436433010558364,-0.224655346718305,0.10578248069718824,0.22657797391420198,0.7325950095116571,0.9591729834258591,0.446193692985528,0.8336926724416136
651,b,all,120042,1,0,0.6891365312077637,0.40512504685417616,-0.0740498368487507,-0.16513317733195643,0.017033503634455008,0.14285091672279376,0.2851618328993221,0.4280127496221159,0.7508626695093064,0.39242325357165064
656,b,all,120042,0,0,0.22067453984345226,0.5370026699124846,-0.10617276336917561,-0.325602989591962,0.11325746285361074,0.008071797181922913,0.46869912424753557,0.4767709214294585,0.22802004329675454,0.4705396557904402
662,b,all,120042,0,0,0.5416836466239007,0.3468763432089087,-0.042115873786741684,-0.2531518827806121,0.16892013520712867,0.12090442381375327,0.2880053588167833,0.40890978263053657,0.3957846009982411,0.33585746795483185
663,b,all,120042,1,1,0.5589397903441173,0.5390778136460163,0.024747811891237276,-0.18610719590917207,0.2356028196916466,-0.0006267839972746714,0.6515715924340533,0.6509448084367786,0.5681953671368609,0.6512154566706063
676,b,all,120042,1,0,0.5566998874301575,0.538069412472769,-0.05699563138383511,-0.2361862580905132,0.1221949953228429,0.288078314021742,0.4324920904579289,0.7205704044796709,0.6529119529093504,0.6205818650566977
680,b,all,120042,1,0,0.7349561863941998,0.12067787268165805,-0.06850936564739882,-0.2152464015422535,0.07822767024745583,-0.21676132704337042,0.27484012746336883,0.05807880041999842,0.7595694039485262,0.11019485548194441
684,b,all,120042,0,0,0.514941246674879,0.10344957755984638,-0.16073314638356148,-0.3482230053536026,0.026756712586479603,-0.09365228131014089,0.1535330244619221,0.05988074315178122,0.2799397036695437,0.12731603258398452
689,b,all,120042,1,1,0.9597845166694242,0.9687095552656053,-0.023255217196408436,-0.14720260483637645,0.10069217044355956,0.028437736123359203,0.9572782937779396,0.9857160299012988,0.9706128031462105,0.9848803245517656
702,b,all,120042,0,0,0.010313961985153811,0.038906738187203124,-0.1439824310636603,-0.30637263603169396,0.018407773904373342,-0.008814129041007847,0.027598928413820053,0.018784799372812206,0.012737884181278832,0.027486655058936847
705,b,all,120042,1,0,0.9814620188370482,0.7565999416957399,-0.20238075089498597,-0.31192121350668917,-0.09284028828328282,-0.24861107127745252,0.9414393089611733,0.6928282376837208,0.9809324818902252,0.6975686337875942
707,b,all,120042,1,0,0.28301996179456085,0.05307673799473239,-0.26660370885158974,-0.3917991681813061,-0.1414082495218734,-0.18261274863827542,0.1878998981069971,0.005287149468721667,0.2347415664691916,0.14503309543440357
708,b,all,120042,0,0,0.3080407241060236,0.1695097342545498,-0.1407215410379388,-0.25093877329304476,-0.030504308782832848,-0.3033594815556778,0.3504194567553186,0.04705997519964079,0.374407833118835,0.2368392906100041
712,b,all,120042,0,0,0.11970822186442012,0.16219693124211365,-0.012793159061926006,-0.11176329537287677,0.08617697724902473,0.20262182932038472,0.14691061958728588,0.3495324489076706,0.05606427893599119,0.15827046634482472
713,b,all,120042,0,1,0.23573177056058064,0.8774745071417691,-0.007866524088127186,-0.19302467826499906,0.17729163008874466,0.18351149860665072,0.775833119343291,0.9593446179499417,0.3611110149512662,0.8421011428603665
723,b,all,120042,1,1,0.9515649486561637,0.7155154200630337,0.04383271234157504,-0.061932470370839474,0.14959789505398952,-0.013981278819158116,0.8683621139850527,0.8543808351658946,0.9403397493894873,0.855214961764101
727,b,all,120042,0,0,0.0033846933025817273,0.06391872093659612,-0.14675761697660702,-0.3076459154120897,0.014130681458875582,0.01940221066508254,0.03568903252242936,0.0550912431875119,0.004415015471387493,0.03577469358269482
735,b,all,120042,1,1,0.8514930300894576,0.7109136102882536,-0.010420710516380636,-0.164668224977282,0.1438268039445207,0.2892291597635016,0.6042732494725858,0.8935024092360874,0.85753976359256,0.8522987547602537
739,b,all,120042,0,1,0.08479013076854972,0.18440069318767177,-0.05132478460575346,-0.20330250000823713,0.10065293079673018,0.04653584065128688,0.23099895524207756,0.27753479589336444,0.10826828795026494,0.23603731103771872
743,b,all,120042,1,0,0.8137089642780575,0.6114074507325379,-0.2257862260701426,-0.35252707254405474,-0.09904537959623047,-0.3588049137290085,0.8478417441080576,0.48903683037904905,0.8540792214123399,0.5413939227514641
744,b,all,120042,0,0,0.09488103843360278,0.04260853321053375,0.03584782317757789,-0.07526233880883537,0.14695798516399114,0.00043827428651807554,0.026528100992398846,0.02696637527891692,0.03804426145219432,0.026544774813942913
752,b,all,120042,1,0,0.32361583636005403,0.2455464846762844,-0.07515794947970655,-0.17558920960178837,0.025273310642375243,-0.048624029853681416,0.3276257229580346,0.2790016931043532,0.4051996569380795,0.3079232827423759
760,b,all,120042,1,1,0.7417079527974615,0.827801313425122,-0.19358875375111162,-0.3326405186368289,-0.05453698886539435,-0.1049719012824385,0.9221465373701752,0.8171746360877367,0.8120115327351075,0.8369081429157039
773,b,all,120042,1,1,0.9149352208261268,0.9122707163202002,-0.09433703112023753,-0.18176936707942526,-0.006904695161049801,-0.05078761983714952,0.9666567816878695,0.91586916185072,0.9159070005121013,0.9201400451396771
776,b,all,120042,0,0,0.14399500690978329,0.09852111206939891,-0.034318939379496115,-0.16278029952968076,0.09414242077068849,0.11215936655437345,0.0472359901847925,0.15939535673916594,0.07290723182044223,0.05541321912300616
779,b,all,120042,0,0,0.2596631896181235,0.41337134809847614,-0.0007591525873719874,-0.12437170948427417,0.12285340430953018,0.2102850669914252,0.22621397008186886,0.43649903707329407,0.3629244759380927,0.30253156781733853
781,b,all,120042,1,1,0.6466457805822909,0.7706239598293834,0.02710474522274611,-0.10380666576278272,0.15801615620827492,0.031273744586730046,0.8283829563994728,0.8596567009862028,0.7461971474210043,0.8517193353992638
782,b,all,120042,1,0,0.9197176837880283,0.3583676702258228,-0.13693844820231227,-0.28560986207076566,0.011732965666141126,-0.27881971225762575,0.5994415106886838,0.32062179843105804,0.8619811840905949,0.3591041649690566
783,b,all,120042,0,0,0.05270327226582516,0.24231001032535585,-0.017288897533446326,-0.15649654659936535,0.12191875153247268,0.11768093960974968,0.16619341714787256,0.28387435675762224,0.05485994054116541,0.1726493864976919
786,b,all,120042,0,0,0.039203914549845995,0.11754793539555627,-0.05661021842106663,-0.22460706324193414,0.11138662639980086,-0.1204466128067492,0.16532041866408156,0.044873805857332354,0.05941604163077386,0.15816395770327005
798,b,all,120042,1,1,0.8310939092846896,0.7817037783689051,-0.04935518433210809,-0.22164984712995298,0.12293947846573677,-0.012829595656138837,0.8710496929005754,0.8582200972444366,0.8434126957509361,0.8602290490428369
822,b,all,120042,0,0,0.7929162062636265,0.7212571103725314,0.021520424495518442,-0.07375946102788263,0.1168003100189195,0.15687867128973654,0.7780227700505881,0.9349014413403246,0.7866852715996432,0.9014369101823456
827,b,all,120042,0,1,0.20568917046778706,0.4148132146164598,-0.2831287152309943,-0.43288254460627684,-0.13337488585571178,-0.47170840662307595,0.6500277796996768,0.1783193730766009,0.24463777729865077,0.5346300835703194
839,b,all,120042,0,0,0.34900428831216096,0.0521659046995791,-0.17427550837918293,-0.31718691349306266,-0.03136410326530323,-0.082870305049013,0.09704353328678197,0.01417322823776898,0.162343632639872,0.08359006692715087
841,b,all,120042,0,0,0.020364235298090984,0.10547080199653358,-0.046558467685518905,-0.2410906181996228,0.14797368282858495,-0.010820327453034226,0.09911358918728445,0.08829326173425023,0.034639969991106065,0.09873877336901742
845,b,all,120042,1,1,0.7831632836973945,0.5004985823946486,0.07477941803974053,-0.08735470096148143,0.23691353704096246,-0.054967122143437575,0.679755636458759,0.6247885143153215,0.7638252185778449,0.6377703623729527
848,b,all,120042,0,0,0.04406622197609818,0.1993024335138449,-0.06421300746143475,-0.1763693714559627,0.04794335653309319,0.0857810802170664,0.15080779969315497,0.23658887991022137,0.05969038884345037,0.1559281057267229
859,b,all,120042,1,1,0.7577465749441632,0.7222221491345306,-0.04598217517094216,-0.2215342417357204,0.12956989139383604,0.10091643251497262,0.7428263810643577,0.8437428135793303,0.8320547758187614,0.8267943806970325
868,b,all,120042,1,0,0.2113161293778058,0.06523858845763553,-0.0446829516752167,-0.18161660222302356,0.09225069887259012,-0.03768758335333155,0.08397151622017748,0.046283932866845935,0.23923225370276432,0.07495543071794919
875,b,all,120042,1,1,0.21173312188706034,0.25174544394042514,0.013822840006944373,-0.1519989239350038,0.17964460394889248,0.2750351541256375,0.13981080528827883,0.41484595941391633,0.19551987810503407,0.19358564509752274
890,b,all,120042,1,1,0.9875958957338474,0.7262527215123555,-0.10685731235898152,-0.2919589773171214,0.07824435259915832,-0.020946677854016382,0.8906656266682582,0.8697189488142418,0.9874817561550102,0.8699811644353609
892,b,all,120042,0,0,0.8129880490909652,0.15887387402908065,-0.22357353118542742,-0.32072936294113663,-0.12641769942971823,-0.4218944972490402,0.4749578951993378,0.053063397950297596,0.752638681307789,0.15742377713880756
893,b,all,120042,0,1,0.36787952659369827,0.22023302209615309,-0.09126201018714543,-0.23564104221835752,0.05311702184406662,-0.13899119129057289,0.2884059010666973,0.1494147097761244,0.20296380287330745,0.2601957203164713
898,b,all,120042,1,1,0.46145886397007124,0.7449532811308578,-0.1274032132931862,-0.2595534569594167,0.00474703037304422,0.11489019733853345,0.5760315391701575,0.6909217365086909,0.47972378810490296,0.6311470998535185
908,b,all,120042,1,1,0.6304537804685545,0.5336610992935452,-0.028750751487619703,-0.23667191685487235,0.1791704138796329,0.2700079153490359,0.5696492081263452,0.8396571234753811,0.6849639978240327,0.7545949092679538
913,b,all,120042,0,0,0.3938676467928744,0.47414093163040105,0.0591812641962469,-0.05174282062004674,0.1701053490125405,0.5763362625455206,0.21409661929254425,0.7904328818380649,0.36702698783272614,0.4256275817133979
915,b,all,120042,1,1,0.9516817235951146,0.7510605331709215,-0.061684966833415324,-0.18196085599257847,0.0585909223257478,-0.10460704553612188,0.9122655745034537,0.8076585289673318,0.9415880973154946,0.8137688255313014
917,b,all,120042,1,0,0.923547639680398,0.6492729637535324,-0.017168431912081856,-0.22394940721661005,0.18961254339244626,0.012647334156821954,0.7540394926111339,0.7666868267679559,0.9317451813874247,0.7658235852691494
924,b,all,120042,0,1,0.041030561202981805,0.2854328578951736,-0.1874788645895013,-0.32109024688766147,-0.05386748229134117,-0.03518580558050255,0.34295445282315096,0.3077686472426484,0.03257650484478903,0.34180822225718993
929,b,all,120042,1,0,0.6641306780158877,0.5395649904255758,0.025095538195832892,-0.12004447145680076,0.1702355478484665,-0.2246108655442407,0.7244357997544417,0.499824934210201,0.6590473051994321,0.5764066140989978
934,b,all,120042,0,0,0.1797098470536451,0.2064305721589692,-0.13368769013281037,-0.23858562978841696,-0.028789750477203793,-0.17923562100166213,0.30255577023811625,0.12332014923645412,0.22882149384738068,0.26154280768985294
955,b,all,120042,1,1,0.8205547139072873,0.44484377759347343,-0.12441101667142442,-0.24094840513326277,-0.007873628209586092,-0.4074361291328243,0.7758676384475641,0.36843150931473984,0.8734804756292069,0.41998013458410177
960,b,all,120042,1,1,0.364016542913537,0.5496452027519075,0.05774231092090928,-0.13432330252547964,0.24980792436729815,0.30302428580824725,0.4145443547009303,0.7175686405091776,0.3800930993244424,0.5297217946643626
961,b,all,120042,0,1,0.5511844654836662,0.3286875014739229,0.04560125637723795,-0.0724640951668856,0.16366660792136145,-0.17386110854674186,0.4319105760822528,0.25804946753551095,0.49347354839846846,0.3461147179192008
967,b,all,120042,0,0,0.6305446163002182,0.5452048937335419,0.005696266232559444,-0.20539432112046216,0.216786853585581,0.11315424130412288,0.5413987873849739,0.6545530286890968,0.44694083003004204,0.5919720379148583
976,b,all,120042,0,0,0.1836577978310355,0.0954493415300306,-0.22782161867631476,-0.3186779022407794,-0.13696533511185013,-0.10435438224184548,0.15809386067540734,0.05373947843356186,0.20179595515564355,0.13703556843623702
977,b,all,120042,1,0,0.9286328163703927,0.6774655735366778,-0.06717402532368918,-0.2998452533304541,0.1654972026830757,0.2172265382051104,0.6784268664625951,0.8956534046677055,0.9400329381747864,0.8826269674210825
980,b,all,120042,1,1,0.8924366609691375,0.6754268292780374,-0.13384893565436956,-0.2503316307859532,-0.01736624052278589,-0.1328309937568829,0.8403143102576274,0.7074833165007445,0.9173360209342071,0.7184636549879518
986,b,all,120042,1,0,0.7196015329911128,0.2572988841497181,-0.13336169351873442,-0.21627079556317616,-0.05045259147429269,-0.21930664730454208,0.3912007173486197,0.17189407004407764,0.6588215068712526,0.24671678150455897
987,b,all,120042,0,0,0.38229222080670555,0.3601402704634302,-0.04071496345183132,-0.21306917620165905,0.1316392492979964,0.16537846499403014,0.35989141899015303,0.5252698839841832,0.3384405855504341,0.41586220352016456
989,b,all,120042,0,0,0.421872106811635,0.2219669674903016,-0.15296119890569462,-0.22817705205055516,-0.07774534576083411,-0.22553091570484401,0.34182879340480493,0.11629787769996093,0.2358266405545143,0.2886425952129482
5,b,all,2120042,1,1,0.5734502952981491,0.4486318140907561,0.05075927910170263,-0.1057117714594373,0.20723032966284255,0.29544125881310984,0.4283602486568981,0.7238015074700079,0.5143494763770452,0.5803203054275963
12,b,all,2120042,0,1,0.25504683261680017,0.31873639082619787,-0.04989867793642336,-0.24524354720502653,0.14544619133217976,-0.1020346687031714,0.35251383485816296,0.25047916615499155,0.22807181354145364,0.3292426029229293
15,b,all,2120042,1,0,0.5690070322969999,0.07298506483221545,0.011432382229679945,-0.20502448029226103,0.22788924475162084,-0.003080297422145953,0.08496536053642435,0.0818850631142784,0.5888855260374319,0.08315141796863218
30,b,all,2120042,0,0,0.573736238444875,0.22143332315839043,-0.14583132013603578,-0.24135819729414995,-0.05030444297792164,-0.15824629257148742,0.32006203944320166,0.16181574687171424,0.5261665055811847,0.23679814065968435
35,b,all,2120042,1,1,0.9783156406064879,0.960349738405107,0.01697506342496244,-0.13032890298410393,0.16427902983402878,0.011426825642477212,0.9756257658102383,0.9870525914527155,0.9757346483150356,0.986775315509858
39,b,all,2120042,1,0,0.7564493408797318,0.44535160181483563,-0.11856470704809081,-0.24517548933121014,0.008046075235028469,-0.0787740414269622,0.5056272841792651,0.42685324275230285,0.77152706901285,0.4448509788828241
40,b,all,2120042,0,0,0.3146317212785818,0.29638527503449125,-0.06546777621626465,-0.2197926706733763,0.08885711824084697,0.060474988513839145,0.3131862436036617,0.37366123211750085,0.36407388745256936,0.3352036077655446
43,b,all,2120042,1,0,0.7059946149113776,0.4940283587047952,-0.12339442432297894,-0.30414008035326623,0.057351231707308284,-0.19702180525731344,0.6091152747624241,0.41209346950511067,0.6567057331961557,0.4797299256852899
45,b,all,2120042,0,0,0.1383402083445728,0.2540692931330479,-0.05896432500644674,-0.1765832504157516,0.0586546004028581,0.13139903885494988,0.2165379872607052,0.3479370261156551,0.17346042267748582,0.2393305200799002
48,b,all,2120042,1,1,0.28374253368137264,0.5237598864831924,-0.12637433034084652,-0.2187446853344221,-0.034003975347270995,-0.02351093248221392,0.4828213005356463,0.4593103680534324,0.42933764997077845,0.47272717203511094
63,b,all,2120042,1,0,0.627368051109029,0.0960077548028774,-0.09488713764383903,-0.19866075828052832,0.008886482992850206,-0.08061850681857732,0.15433536704847534,0.07371686022989801,0.6257533169734277,0.10388806899730568
67,b,all,2120042,1,1,0.44898096750598554,0.4038923839786344,-0.18878481657512872,-0.32626281695627923,-0.05130681619397823,-0.4040936263411786,0.6270655271286899,0.22297190078751128,0.5184844589253166,0.41754926192001485
69,b,all,2120042,0,0,0.5028573104104038,0.451839681323616,-0.037739863583305805,-0.21259452303381265,0.137114795867201,-0.2535047085663173,0.6257136287774533,0.372208920211136,0.5819759402865388,0.4781799876425058
72,b,all,2120042,1,0,0.6869865287614586,0.26083011575794784,-0.036178916050423414,-0.21599718288283895,0.14363935078199205,0.03393963416448598,0.2845721538079479,0.3185117879724339,0.7269864624971379,0.3092458083876346
75,b,all,2120042,1,0,0.9294867292193747,0.5335253313338443,-0.0074467551567213705,-0.18840356877594525,0.17351005846250248,-0.21905044290968123,0.7859902699448377,0.5669398270351564,0.9155184418716508,0.5854455497608714
85,b,all,2120042,0,0,0.009013206990135752,0.05291222217403395,-0.11843207331927985,-0.20914374064095828,-0.02772040599760145,-0.03033405828346857,0.05306870888576817,0.022734650602299605,0.012191215162621852,0.05269889985447889
93,b,all,2120042,0,1,0.12980538297809863,0.16893818860053625,-0.15350814792586867,-0.23692388677840767,-0.0700924090733297,-0.24763340158643393,0.32022570877467954,0.0725923071882456,0.13659914574554174,0.28639919765990995
115,b,all,2120042,0,0,0.31272094801448114,0.16938668099271176,-0.05679760462546206,-0.19690568236779238,0.08331047311686822,-0.036066766855671034,0.2053367437300431,0.16926997687437206,0.1881577563382044,0.19855050180010692
116,b,all,2120042,0,1,0.14323295201047972,0.15550057013761853,-0.1596735318005132,-0.2462442981872186,-0.07310276541380782,-0.014342061446469406,0.14192494897859992,0.1275828875321305,0.1837349785468509,0.13928981062641524
121,b,all,2120042,1,0,0.9279085439960586,0.44607844119563467,-0.2164024526946008,-0.43598074979451457,0.003175844405312933,-0.578150415838105,0.8466828492611407,0.2685324334230356,0.8997037852763005,0.3265187316725304
122,b,all,2120042,1,0,0.7855775653688978,0.07165929760539283,-0.21957815088276633,-0.3637171472375076,-0.07543915452802513,-0.1662835077113541,0.20281166924209829,0.03652816153074418,0.7578750286730987,0.07678955106749236
123,b,all,2120042,0,1,0.2477008698367189,0.2908190369197802,-0.07149954147258203,-0.27629557615441747,0.13329649320925335,0.03246765507545743,0.22412970679849994,0.2565973618739574,0.15541688820093894,0.22917572871750896
126,b,all,2120042,0,0,0.23426286923799838,0.27077370342760854,-0.19065922804987095,-0.35230097225802726,-0.029017483841714653,-0.3010231687743369,0.44215599748635387,0.141132828712017,0.21023743122465782,0.3788696597441307
130,b,all,2120042,0,0,0.1350136777407786,0.0823447561228092,0.03383812123945114,-0.19419370887845583,0.2618699513573581,0.006309753656425152,0.06615229801318433,0.07246205166960948,0.06622810440116784,0.0665701810370877
137,b,all,2120042,0,0,0.12221002587211183,0.0673098128743928,-0.18992683745760428,-0.36802634901669873,-0.011827325898509905,-0.035394603233024145,0.0790729821473732,0.04367837891434905,0.08580984252666052,0.07603577681765378
145,b,all,2120042,1,0,0.4220728718874742,0.4340626636563777,-0.10584003278653531,-0.1935507726745177,-0.01812929289855293,-0.33769143797714973,0.6919752618184105,0.3542838238412608,0.43705268699339506,0.5443863114758338
151,b,all,2120042,0,1,0.6237298441101539,0.32153887875864096,-0.21713665636046786,-0.3473224661951047,-0.08695084652583104,-0.31487008056515453,0.48899357852641573,0.17412349796126117,0.5564672015365533,0.31377870594673507
152,b,all,2120042,1,1,0.982471358550975,0.6846533731695048,-0.0759828065524323,-0.18227508385524005,0.03030947075037542,-0.012172431745375523,0.8762847281697077,0.8641122964243322,0.9805114377218112,0.864349519618479
162,b,all,2120042,0,0,0.5571950690825481,0.6630383076669786,-0.2010228036295699,-0.38007235833036446,-0.021973248928775363,-0.1770906937214045,0.7830738531324425,0.605983159411038,0.5328644485720335,0.6887085182753474
167,b,all,2120042,0,1,0.4805292484763424,0.7746673682225005,0.012073686950357466,-0.1557663751035555,0.1799137490042704,0.060419762402974864,0.7836955006531895,0.8441152630561644,0.488703502712227,0.8132228501725638
169,b,all,2120042,1,1,0.7581897218229461,0.8869697925491729,-0.18772456727651232,-0.26453731071454334,-0.1109118238384813,-0.059438745764093026,0.9330844701155844,0.8736457243514913,0.7742167680898258,0.8870659964707954
175,b,all,2120042,1,1,0.9905468811153012,0.6698503924708037,-0.17502257170974359,-0.2929964671264039,-0.05704867629308326,-0.13063141535059297,0.8737444653113482,0.7431130499607552,0.9694429817425687,0.7471047565046174
180,b,all,2120042,1,1,0.9420755883191143,0.6541444250702109,0.01412931559944005,-0.17637940691523257,0.20463803811411266,0.07214620573564456,0.7786322158744284,0.850778421610073,0.9543923084224109,0.8474879997103885
186,b,all,2120042,1,0,0.6160380752057454,0.28605077495287656,-0.08876309148040445,-0.20301652379025018,0.025490340829441238,-0.34838730337294177,0.4994029297137133,0.15101562634077156,0.6438615699902365,0.2750897335993462
193,b,all,2120042,0,0,0.3503137093922681,0.268290931065702,-0.016680966741775865,-0.21819350706902585,0.18483157358547408,-0.07790570380726344,0.2953083622437127,0.21740265843644926,0.41432172147108914,0.26303033692987055
196,b,all,2120042,0,0,0.39421476316608534,0.38403524162014846,-0.026984390788913896,-0.18211267159691594,0.1281438900190881,0.18500422317417548,0.32434400872550756,0.509348231899683,0.3716162688907627,0.39309458787052864
198,b,all,2120042,0,0,0.07108776891339005,0.097342705204211,-0.10631203638803662,-0.2017866496069428,-0.010837423169130472,-0.09796041668062988,0.1586915272759424,0.06073111059531252,0.09028587933649393,0.14984708491576237
205,b,all,2120042,1,1,0.9613720817257352,0.5815380219958761,-0.05498240456958565,-0.1449438466315116,0.03497903749234029,0.10039000345163385,0.6891605940965426,0.7895505975481765,0.9624369089430685,0.785779638707317
208,b,all,2120042,1,1,0.40852572271012366,0.5448533225328263,-0.1493257896579761,-0.2303622882140954,-0.06828929110185683,-0.38364186382161225,0.7194421327827453,0.335800268961133,0.4072806738535624,0.5631922159670424
211,b,all,2120042,0,0,0.12210091306881657,0.1431036437349838,-0.09673376468482366,-0.24742387740075872,0.05395634803111134,0.039362356322426656,0.16438647521130773,0.20374883153373438,0.09642181922653781,0.1681818652169593
229,b,all,2120042,0,0,0.2656911476788186,0.06631099333138508,-0.07751615293877592,-0.20677030019870543,0.05173799432115356,-0.0181111175885878,0.06995670563525107,0.05184558804666327,0.30447931100626485,0.0644422450303244
237,b,all,2120042,0,1,0.17218837475251467,0.7884188881549856,-0.05885496325694825,-0.2644080819789938,0.14669815546509724,0.014677238537030401,0.7975200380169778,0.8121972765540082,0.18990857655563823,0.8003073714953128
241,b,all,2120042,1,0,0.30253722237192926,0.34377189890440357,-0.11943820137905214,-0.30194636101280914,0.0630699582547048,-0.2359562924134932,0.5015441113192208,0.26558781890572764,0.2950149658609628,0.4319334737681747
246,b,all,2120042,0,0,0.0058998686751510696,0.042928161157534825,-0.014157074148664324,-0.20213003267041615,0.17381588437308745,0.01186840094368172,0.018116439756915348,0.02998484070059707,0.0026243135065499405,0.018147586161813004
250,b,all,2120042,1,1,0.9460216077936309,0.6729049178557018,-0.15494904103290785,-0.25169162481159735,-0.0582064572542184,-0.14381661120733635,0.8672152602102811,0.7233986490029447,0.9507090811076705,0.7304875019213353
254,b,all,2120042,0,1,0.1575174634683727,0.16545141909900277,-0.039061708826965906,-0.1796817442883323,0.10155832663440045,0.11029612787953566,0.14744962685810456,0.2577457547376402,0.08493199342585338,0.15681729686606638
261,b,all,2120042,0,0,0.1995050048051802,0.3843655327380578,-0.046198610144124706,-0.22176309593401394,0.12936587564576446,0.31285754382566056,0.3117214313126295,0.6245789751382901,0.1705389734222835,0.3650758356640747
264,b,all,2120042,1,1,0.5685971107357376,0.8266976004233907,-0.046040503710094334,-0.1435794832537696,0.05149847583358091,0.10130985419071503,0.7911490993565368,0.8924589535472518,0.5810993954074002,0.8500201943755732
265,b,all,2120042,0,0,0.5087191009898346,0.28536586910878525,-0.19017019162336904,-0.29689133177644833,-0.0834490514702898,-0.19966649402570194,0.44336264391079605,0.2436961498850941,0.5891544295672154,0.3257282445193978
270,b,all,2120042,0,0,0.13609149967948317,0.09357993343121461,-0.058675862407399484,-0.22228152989689376,0.10492980508209475,-0.05981133747776573,0.12230691731294828,0.06249557983518255,0.15266603857068187,0.11317575735860363
271,b,all,2120042,1,0,0.8570161224709907,0.9530501678855469,-0.16701194528233407,-0.26317342848281394,-0.0708504620818542,-0.027407061388611043,0.972040045003356,0.9446329836147449,0.8799152601270086,0.9479241534522794
277,b,all,2120042,1,1,0.9009980046516259,0.7474255269999186,0.04795373920369264,-0.0837356195549574,0.17964309796234265,0.19707323380293573,0.7379585356450379,0.9350317694479736,0.8959221773328886,0.9145208163677975
278,b,all,2120042,1,1,0.9838069987503364,0.9190742621014337,-0.10173937531720184,-0.2023032070277909,-0.0011755436066128166,-0.034983579731057146,0.9745499252614708,0.9395663455304136,0.9852240699610291,0.9400832604570325
282,b,all,2120042,0,0,0.5973803494071209,0.4420803629814542,-0.06417371869981553,-0.15626483140764857,0.027917394008017488,0.2904593735133494,0.40130368088367085,0.6917630543970202,0.5875385209157825,0.571959751583829
284,b,all,2120042,0,1,0.2795938788935131,0.5840639429952331,-0.06203522571061816,-0.1817523082215905,0.057681856800354134,0.18518688543613304,0.5345000271529722,0.7196869125891052,0.2848632031007027,0.5872529565105519
288,b,all,2120042,1,0,0.8475403685545174,0.7073110065863661,-0.055489163383618575,-0.17468777688371487,0.06370945011647769,0.004640120746827181,0.8285928613323575,0.8332329820791847,0.8137217939140347,0.8323686287104435
294,b,all,2120042,1,1,0.8862409270704843,0.4290569806373458,-0.18897801631236752,-0.2920943515291662,-0.0858616810955689,-0.34951026332690505,0.6471311693923253,0.29762090606542024,0.836697904397772,0.35469666450119036
318,b,all,2120042,0,0,0.6325616927280786,0.49473162373183655,-0.06387916210340783,-0.1557889194868785,0.028030595280062826,-0.20199985734703257,0.5879283385482199,0.38592848120118733,0.47898390671963986,0.4911736577193283
319,b,all,2120042,1,1,0.9299558756896174,0.8263682991243366,-0.07906131393980484,-0.18571483841874453,0.027592210539134826,0.04278373950332526,0.8493940089152403,0.8921777484185656,0.9507415839242936,0.8900702891768362
328,b,all,2120042,0,1,0.28481500327687465,0.29197885370257776,-0.03947631086288029,-0.2177679091124502,0.1388152873866896,0.10327243996857394,0.20730761169537187,0.3105800516639458,0.24526855774207149,0.23263709410096867
334,b,all,2120042,0,0,0.17550456713966064,0.12791711760429444,-0.18233919650853592,-0.3456027463245146,-0.019075646692557235,-0.1484375342195409,0.1983455391861229,0.049908004966582015,0.20689159123360956,0.16763506153264873
339,b,all,2120042,0,1,0.7825339060101023,0.7933254033592245,-0.26545242240553135,-0.4132775177689598,-0.11762732704210291,-0.04096418254395162,0.7913418013853089,0.7503776188413572,0.7738703643510148,0.7596408345146795
343,b,all,2120042,1,1,0.8756315298799435,0.4885834616394761,-0.11007196790448574,-0.23718201480753925,0.017038078998567754,-0.252500407706424,0.7443325037606942,0.49183209605427014,0.8958918058613752,0.5181194575198524
346,b,all,2120042,0,0,0.5555126287236413,0.2914637313582698,-0.11650811029511668,-0.23509412205519656,0.002077901464963172,0.021257549177203516,0.4635368861105099,0.48479443528771343,0.5102592561944268,0.47438374734218625
347,b,all,2120042,0,1,0.09878833569261959,0.41565135433038425,-0.19376441713140827,-0.3384647446572371,-0.04906408960557951,0.0718545920669893,0.2615415662030328,0.3333961582700221,0.14896115907122268,0.27224510952192144
349,b,all,2120042,0,1,0.8805825414333078,0.7914001485546418,-0.09860984393634313,-0.22969326879108554,0.03247358091839926,0.03268878550218324,0.8558790417523827,0.888567827254566,0.90689913434711,0.8855244730271711
350,b,all,2120042,1,1,0.9973169547185604,0.921830842710823,-0.06086040956411435,-0.22607154510663716,0.10435072597840842,-0.01526830645046906,0.9870651730971797,0.9717968666467106,0.9973527060325942,0.9718372863422694
354,b,all,2120042,1,0,0.7105497724538398,0.5901703066615155,-0.09789330549192946,-0.31204360636277756,0.11625699537891859,-0.14297135067526034,0.6543294133891959,0.5113580627139356,0.651333622993829,0.5612073655695574
357,b,all,2120042,1,1,0.571093742186618,0.5732113018423808,-0.1419097068125363,-0.31705686046482,0.03323744683974736,0.1013446835796018,0.4463772897496344,0.5477219733292362,0.6846059209937392,0.5157584601894668
360,b,all,2120042,1,0,0.3427089175197818,0.20193085179498924,-0.14588330764845012,-0.3113393559940226,0.019572740697122337,-0.20995476861796994,0.3185615885237857,0.10860681990581575,0.3064633309145173,0.2542181507917359
361,b,all,2120042,0,0,0.2817382995029025,0.21188349819588376,-0.10026082551595356,-0.1990649088784115,-0.0014567421534956437,-0.0406445885166562,0.19061748277556523,0.14997289425890903,0.1473623882639726,0.18462799914174433
365,b,all,2120042,1,0,0.6802368119834658,0.28955048762712743,-0.1850021743696518,-0.2761998777424291,-0.09380447099687453,-0.3344524588585174,0.48247634363636255,0.14802388477784517,0.7037892739416086,0.24709229044834086
368,b,all,2120042,1,0,0.7299113200519429,0.3849191345932418,-0.07938368332725391,-0.18849827684219025,0.02973091018768241,-0.05427466854280549,0.4718418589350713,0.4175671903922658,0.6540894483175863,0.4363413709302878
370,b,all,2120042,1,0,0.16516424230442278,0.03816166778792119,-0.2410291083819187,-0.31713516407545894,-0.16492305268837854,-0.11224918810400103,0.11604627447767366,0.003797086373672619,0.11504539026639442,0.10313252282516294
380,b,all,2120042,0,1,0.8335271872651697,0.3618975941073895,-0.2518408341653246,-0.3485546990794439,-0.15512696925120528,-0.4595323870462047,0.6433774733254405,0.18384508627923582,0.6529940418405045,0.3433055625515242
384,b,all,2120042,1,1,0.8075947361172456,0.8728005345226195,-0.028333458970266942,-0.19658044681907377,0.13991352887853986,0.0703099140074529,0.8886766336909452,0.9589865476983981,0.8125043706639047,0.945803746123004
392,b,all,2120042,1,1,0.8355273785929057,0.811181509975216,-0.11071404853151628,-0.2774383622604194,0.05601026519738675,0.0859568948245617,0.7956046715365747,0.8815615663611364,0.8949939681051641,0.8725355739216074
398,b,all,2120042,0,1,0.37801330099888747,0.372356026523541,-0.17679876576127226,-0.3328197641338265,-0.020777767388718005,-0.3498504475078327,0.5910364248254103,0.2411859773175776,0.36176284124541397,0.4644735329239972
399,b,all,2120042,1,1,0.9969612428234772,0.835142003459256,-0.1352663530677575,-0.309274400839903,0.03874169470438793,-0.029171536123289488,0.9512178017968141,0.9220462656735247,0.9962108424749547,0.9221568012191433
409,b,all,2120042,0,0,0.15937071582807716,0.38326960046198,0.0464573440915088,-0.16153733469090076,0.2544520228739183,0.14554265152238055,0.3680844066924097,0.5136270582147903,0.16618931836081213,0.39227204074133937
422,b,all,2120042,1,1,0.4059740181110089,0.41072132199140415,0.0628049995641511,-0.07913685892686552,0.20474685805516768,0.04875396248008518,0.4200452914399601,0.4687992539200453,0.33848323217702997,0.436547690241657
424,b,all,2120042,1,0,0.8067797792680436,0.576685832719517,-0.11486488998517509,-0.23531469091651222,0.005584910946162008,-0.411950972386599,0.8314253440689895,0.4194743716823905,0.8860761566800972,0.46640540971604305
429,b,all,2120042,0,0,0.04022901403019308,0.015827405624208687,-0.14599691488301803,-0.2418682250792777,-0.05012560468675838,0.0037726514360697343,0.01304897486216735,0.016821626298237084,0.014013887068759502,0.013101844373342225
431,b,all,2120042,1,1,0.42022654406161586,0.4890113168383431,-0.18213843267289676,-0.345311375202394,-0.018965490143399516,-0.32665406706368566,0.7123240608538791,0.38566999379019345,0.26194947604164803,0.6267571991396732
433,b,all,2120042,0,0,0.023959727060927517,0.07388551439020519,-0.13440300963185012,-0.30073092518728395,0.03192490592358363,-0.03402153155820689,0.06847959303076086,0.034458061472553966,0.030148742780963526,0.06745388662679803
435,b,all,2120042,0,1,0.3119330057341404,0.7028637689719404,-0.07175307384018764,-0.22033746844157456,0.07683132076119925,-0.10742312894197681,0.7807369553595693,0.6733138264175925,0.43293691335902873,0.734229517492061
436,b,all,2120042,0,1,0.04013770087488851,0.21202899344732348,-0.2964329447792327,-0.3994822528830929,-0.19338363667537256,-0.3201538166817906,0.38261502886035376,0.06246121217856315,0.04558681888213726,0.368020234804856
446,b,all,2120042,1,0,0.12400241925571627,0.0885476065348267,-0.20810538607517928,-0.35295642654463055,-0.06325434560572804,-0.06432527410523083,0.14245327608668318,0.07812800198145235,0.13760778018982345,0.13360161790696043
447,b,all,2120042,1,1,0.5674280218434604,0.6581492578671713,-0.17474859759552308,-0.25775533750580437,-0.09174185768524182,0.034144994760945346,0.7178406560241876,0.7519856507851329,0.5268957316826469,0.735831508022056
451,b,all,2120042,1,1,0.8440685942232745,0.679425456265968,-0.2180845141573393,-0.3717227865589419,-0.06444624175573671,-0.17663563846118313,0.8287729384589229,0.6521372999977397,0.8242034052032726,0.6831892437589615
460,b,all,2120042,1,0,0.4024283649591037,0.40193266006755823,-0.03149841191460745,-0.16575602343575352,0.10275919960653856,-0.15089969081385596,0.4593548416637062,0.30845515084985026,0.3655224480016902,0.40419761727472747
462,b,all,2120042,0,0,0.47865047218885676,0.42464770166627225,0.007511053723245229,-0.10838274708441223,0.12340485453090266,-0.02877369342676961,0.4686118803771519,0.4398381869503823,0.4666605896496557,0.4551843316362172
465,b,all,2120042,0,1,0.4172330240457683,0.6900246248962307,-0.09149786206264017,-0.2008508821645699,0.01785515803928954,-0.07352311822592295,0.7800438405311805,0.7065207223052575,0.5135491930884887,0.7422861024929082
467,b,all,2120042,0,0,0.1350732908901331,0.22568594311894344,-0.03654852244956699,-0.2049560746304625,0.13185902973132846,0.18109530692018136,0.12685755243371818,0.30795285935389954,0.1888332524081815,0.16105436823531388
468,b,all,2120042,1,0,0.4483568354744622,0.5276439125487666,-0.15362198649254152,-0.2935761455874133,-0.01366782739766978,-0.36394341785118856,0.7078781761015418,0.34393475825035325,0.42845601156518937,0.5519444308536183
474,b,all,2120042,0,0,0.33881070959828874,0.4436019602818864,0.031363665363889036,-0.11666430909096684,0.1793916398187449,0.27024214191256124,0.30007158198562,0.5703137238981812,0.4170023363305006,0.4127631865381167
478,b,all,2120042,1,0,0.48723028325109485,0.1710359893641993,-0.14355030159168083,-0.24879795402006455,-0.03830264916329712,-0.14113139488284232,0.2377741189742361,0.09664272409139375,0.27379783230036064,0.19913264898578764
481,b,all,2120042,0,1,0.4282127814573279,0.4313406016002971,-0.04641802861794011,-0.21140606835373132,0.11857001111785104,0.24256774419822325,0.2663753158727359,0.5089430600709591,0.2853642948162681,0.33559548914103476
486,b,all,2120042,1,1,0.7634022608258579,0.4815082647443362,-0.13978374516261713,-0.250540314330003,-0.02902717599523129,-0.6892153014395378,0.8677382394188814,0.1785229379793436,0.807107991999281,0.3114670614188369
487,b,all,2120042,1,1,0.8474463251707374,0.5287082580916644,-0.10788882934973651,-0.22429672705986733,0.008519068360394288,-0.028156691615068175,0.6387406477170029,0.6105839561019347,0.8811791752215618,0.6139295574226692
498,b,all,2120042,0,0,0.1841003403383576,0.03534359636741852,-0.2510835586282201,-0.3447161622548762,-0.15745095500156403,-0.1062618189134249,0.10974740599329373,0.003485587079868836,0.19058570392071683,0.0894954224357829
503,b,all,2120042,0,0,0.32313041921614255,0.1625851443094627,-0.09959460498403305,-0.20137719959130224,0.002187989623236089,-0.16728505428348134,0.2635262519296023,0.09624119764612094,0.40711586132784927,0.19542185296770676
507,b,all,2120042,1,1,0.8868668653148276,0.8337717890611822,-0.0614287961836119,-0.1646923616026021,0.041834769235378266,-0.030854928811506976,0.9308527063190833,0.8999977775075764,0.8926277089340195,0.9033107419047457
508,b,all,2120042,0,0,0.48577801233319395,0.22530210069384116,-0.1445213885573229,-0.28511886861643654,-0.003923908498209283,-0.05620972089686527,0.2627225744829081,0.20651285358604282,0.5311711209732923,0.23286559402452428
514,b,all,2120042,1,1,0.8639131575667518,0.7752644052391782,-0.053202153221156546,-0.14431754559805937,0.03791323915574627,-0.061478120138046544,0.8845825250519558,0.8231044049139092,0.8943195699412145,0.8296014390893036
526,b,all,2120042,0,0,0.04054364872391255,0.09535994895416192,-0.11744853902625516,-0.2718667200216385,0.03696964196912811,0.020299231269924375,0.06015719113646259,0.08045642240638697,0.05466687900003019,0.06126688675608918
528,b,all,2120042,1,1,0.9248656611216415,0.6592696059160732,-0.2007681992473716,-0.3240736901431335,-0.07746270835160977,-0.3151680255715663,0.877924904862706,0.5627568792911397,0.8946923510881424,0.5959464830762735
532,b,all,2120042,1,0,0.6470615362149241,0.2001643182872969,-0.21173995422598044,-0.33462134357544837,-0.08885856487651253,-0.5334643262344162,0.5735551216747997,0.040090795440383485,0.6066516810570359,0.24992809138073208
534,b,all,2120042,0,1,0.5815084628500126,0.9323048448198813,0.07537447571136706,-0.08908188672398258,0.23983083814671663,0.13543398492073888,0.8396523821431012,0.9750863670638401,0.6415710899254514,0.9265429114616468
535,b,all,2120042,0,0,0.6203669491930299,0.22286828703720793,-0.0927912476271478,-0.19696144513582936,0.011378949881533734,0.03704061610492676,0.22099152902364283,0.2580321451285696,0.40412609914286823,0.23596060871997537
538,b,all,2120042,1,0,0.8363790299029905,0.6334282239293194,-0.04978663871727905,-0.19085156895008903,0.0912782915155309,-0.06212851278558973,0.7780343272758928,0.7159058144903031,0.8082821081633567,0.7278169619845023
539,b,all,2120042,0,1,0.3905844620740821,0.38286948893559897,-0.17571967786268772,-0.2984150102756884,-0.053024345449687066,-0.11126006308263126,0.4664730480873413,0.35521298500471005,0.46073813292230986,0.41521129435383136
546,b,all,2120042,0,0,0.20798361976559257,0.0983670683549301,-0.13219140860962647,-0.2902471427279788,0.025864325508725833,-0.06620608679353736,0.1411022908806444,0.07489620408710705,0.2563020340491129,0.12413353616902867
549,b,all,2120042,1,0,0.7402989567689443,0.3157692382394166,-0.061149529652047376,-0.3251472888702472,0.20284822956615237,-0.22605679180368443,0.5078172149242439,0.2817604231205595,0.8011893584262512,0.32670291893115333
550,b,all,2120042,0,0,0.12980924680641287,0.05950491511737695,-0.22133852005907623,-0.3199268807719438,-0.12275015934620866,-0.08381602753461014,0.09640615135008752,0.012590123815477389,0.13400979470830476,0.0851739827069088
552,b,all,2120042,1,0,0.4471425971641668,0.1893094182038983,-0.09272594254267472,-0.23340921257457684,0.047957327489227375,0.08753892270289004,0.1992963733242461,0.28683529602713614,0.4572237483724141,0.23932124769094448
559,b,all,2120042,1,0,0.6732586391720883,0.27553376521533696,-0.18006355509912614,-0.3704812386766745,0.010354128478422209,-0.36576085048430995,0.5887644136938451,0.22300356320953515,0.7184678395003896,0.32597700567255794
560,b,all,2120042,1,1,0.9471100586988215,0.6489865842140483,-0.16966410205943416,-0.4441610265721475,0.10483282245327913,-0.06469990771798673,0.840006845109726,0.7753069373917393,0.9520143474859696,0.7784116046811844
561,b,all,2120042,1,0,0.5234595720021551,0.34595256888709675,-0.04066840069419852,-0.1470632348201319,0.06572643343173482,-0.14847635272894044,0.47000754047362386,0.3215311877446834,0.49528534616089104,0.39646937871556404
563,b,all,2120042,0,0,0.2841851112461343,0.18062277360235868,-0.08974948261857432,-0.26695588993913455,0.08745692470198585,0.08723419972137467,0.16780480528123268,0.25503900500260734,0.31333299897025074,0.19513815869270082
568,b,all,2120042,1,1,0.9449780469966738,0.8861385698325828,-0.1575464641448283,-0.27578531735230766,-0.03930761093734898,-0.11006768648138565,0.9621006613342603,0.8520329748528747,0.9575199301970099,0.8567086578576576
569,b,all,2120042,0,1,0.5664770107387664,0.7937336700240837,0.011034884527793573,-0.11533994254675632,0.13740971160234344,-0.03506472883281053,0.8463245486547423,0.8112598198219317,0.667795473870383,0.8229084814476991
571,b,all,2120042,0,0,0.019855087168656475,0.2026255574954164,-0.0038708724077843593,-0.1591032074368867,0.15136146262131794,0.17274679823127478,0.07316077366171819,0.24590757189299298,0.020388722435939765,0.07668286018255294
576,b,all,2120042,1,0,0.9853443699394344,0.7917399204949945,-0.1924494729261996,-0.36238371135117686,-0.022515234501222336,-0.13762755085764844,0.9336653303150813,0.7960377794574328,0.9855241777839763,0.7980300514156748
578,b,all,2120042,0,0,0.4765226316134231,0.2628269510059772,-0.07785931218905902,-0.2386668634468605,0.0829482390687424,-0.1661069213092291,0.37306363189420844,0.20695671058497933,0.30633299155751065,0.3221796017711443
580,b,all,2120042,1,1,0.967728637672888,0.9372838024678931,0.06390816569325816,-0.07442796580895353,0.2022442971954698,0.041240948763694774,0.9508598933381807,0.9921008421018754,0.9665661090584269,0.990721996718583
584,b,all,2120042,1,0,0.49606443976495906,0.6151507721901641,-0.08556497484627104,-0.28030625942498477,0.1091763097324426,-0.18620539681394355,0.7916820777128901,0.6054766808989466,0.47263355488663145,0.7036751590776402
588,b,all,2120042,1,1,0.7233632879466073,0.6820686733355091,-0.034789819665149886,-0.15112623829239544,0.08154659896209562,0.05151712594740754,0.7716016543161577,0.8231187802635652,0.7264867484806898,0.80902816363676
594,b,all,2120042,0,1,0.33446389960774797,0.2574543899444244,-0.1540900738669084,-0.30764351751350233,-0.000536630220314499,-0.1845762402931477,0.3341791213468299,0.14960288105368222,0.2895476165668742,0.28073551089507437
599,b,all,2120042,0,1,0.23332136897242878,0.09242395859166597,-0.09964040209611431,-0.28607051611925244,0.08678971192702374,-0.017020805613165407,0.0815640556751646,0.0645432500619992,0.1107623584300319,0.07967879110307127
603,b,all,2120042,1,1,0.9507363980824397,0.699357737584698,-0.18515985908083138,-0.2898262010631554,-0.08049351709850744,-0.4064471216929251,0.9031243204678541,0.496677198774929,0.8781433534838903,0.546205482010554
606,b,all,2120042,0,1,0.08509810817229162,0.17406501727012808,-0.02288831055654767,-0.14052670584135182,0.09475008472825644,-0.0810499975355446,0.21978098697191426,0.13873098943636966,0.045834318428495995,0.2160661155762413
607,b,all,2120042,0,0,0.07558787305919532,0.2062541872014653,0.02865028150145782,-0.0799189158958994,0.13721947889881503,-0.20262165996000597,0.3087378023791391,0.10611614241913314,0.07743012434549355,0.29304878205334556
609,b,all,2120042,0,1,0.2830671096982683,0.11232492815772263,-0.1411692705612277,-0.23487075898684337,-0.04746778213561202,-0.17815202596793825,0.22489714031231664,0.046745114344378384,0.3450213473808075,0.163430888274238
614,b,all,2120042,1,1,0.7362343830426404,0.622702992333425,-0.09169384644547288,-0.1876017411698172,0.004214048278871438,0.13800989485438941,0.6359172787744115,0.7739271736288009,0.8274743251071385,0.7501169233771545
617,b,all,2120042,1,0,0.7992099545377905,0.6495494978985322,-0.20073597701848145,-0.2901636344494068,-0.11130831958755613,-0.32977963417948597,0.8338032757051225,0.5040236415256365,0.8485350583833042,0.5539736945630076
621,b,all,2120042,1,1,0.6429421287899805,0.5857949847664887,-0.1323631782161677,-0.2626378349712726,-0.0020885214610628644,-0.10300534475910206,0.7057406494157711,0.602735304656669,0.6270415558891259,0.6411520177731279
626,b,all,2120042,1,0,0.6245951068413296,0.15759177970184263,-0.12445387235875054,-0.22448804591032623,-0.02441969880717486,-0.14734105843629364,0.26353475745247545,0.11619369901618182,0.5408398945646613,0.18384683494274479
638,b,all,2120042,1,0,0.20499978872811364,0.05245124700137811,-0.18703240200972193,-0.3682487412418448,-0.0058160627775990514,-0.028967779075204383,0.061277322843089226,0.03230954376788484,0.21730089998808788,0.054982598379391213
648,b,all,2120042,1,1,0.4103695235158759,0.8702092373830709,-0.07626494735216639,-0.18354737303372248,0.031017478329389683,0.22657797391420198,0.7325950095116571,0.9591729834258591,0.446193692985528,0.8336926724416136
651,b,all,2120042,1,0,0.6891365312077637,0.40512504685417616,-0.11136916376986061,-0.24027886072362564,0.01754053318390439,0.14285091672279376,0.2851618328993221,0.4280127496221159,0.7508626695093064,0.39242325357165064
656,b,all,2120042,0,0,0.22067453984345226,0.5370026699124846,-0.12784802906076825,-0.22096064565720985,-0.03473541246432667,0.008071797181922913,0.46869912424753557,0.4767709214294585,0.22802004329675454,0.4705396557904402
662,b,all,2120042,0,0,0.5416836466239007,0.3468763432089087,-0.07256863207638309,-0.18458454163271304,0.039447277479946835,0.12090442381375327,0.2880053588167833,0.40890978263053657,0.3957846009982411,0.33585746795483185
663,b,all,2120042,1,1,0.5589397903441173,0.5390778136460163,-0.027184719808133154,-0.16475821153805503,0.11038877192178871,-0.0006267839972746714,0.6515715924340533,0.6509448084367786,0.5681953671368609,0.6512154566706063
676,b,all,2120042,1,0,0.5566998874301575,0.538069412472769,-0.06901590308681771,-0.15888761234253923,0.020855806168903798,0.288078314021742,0.4324920904579289,0.7205704044796709,0.6529119529093504,0.6205818650566977
680,b,all,2120042,1,0,0.7349561863941998,0.12067787268165805,-0.11654420247401596,-0.22997965799573605,-0.0031087469522959044,-0.21676132704337042,0.27484012746336883,0.05807880041999842,0.7595694039485262,0.11019485548194441
684,b,all,2120042,0,0,0.514941246674879,0.10344957755984638,-0.1554439952590463,-0.25356931418135287,-0.057318676336739746,-0.09365228131014089,0.1535330244619221,0.05988074315178122,0.2799397036695437,0.12731603258398452
689,b,all,2120042,1,1,0.9597845166694242,0.9687095552656053,-0.0395426921563001,-0.1445625899487884,0.06547720563618815,0.028437736123359203,0.9572782937779396,0.9857160299012988,0.9706128031462105,0.9848803245517656
702,b,all,2120042,0,0,0.010313961985153811,0.038906738187203124,-0.12349363819642772,-0.20122686201145007,-0.04576041438140538,-0.008814129041007847,0.027598928413820053,0.018784799372812206,0.012737884181278832,0.027486655058936847
705,b,all,2120042,1,0,0.9814620188370482,0.7565999416957399,-0.21658786987529216,-0.3632653905909886,-0.06991034915959571,-0.24861107127745252,0.9414393089611733,0.6928282376837208,0.9809324818902252,0.6975686337875942
707,b,all,2120042,1,0,0.28301996179456085,0.05307673799473239,-0.2040763926067881,-0.3015422023876334,-0.10661058282594282,-0.18261274863827542,0.1878998981069971,0.005287149468721667,0.2347415664691916,0.14503309543440357
708,b,all,2120042,0,0,0.3080407241060236,0.1695097342545498,-0.15985669931648952,-0.24984267107516872,-0.06987072755781035,-0.3033594815556778,0.3504194567553186,0.04705997519964079,0.374407833118835,0.2368392906100041
712,b,all,2120042,0,0,0.11970822186442012,0.16219693124211365,0.01440573052232396,-0.2619932570834526,0.2908047181281005,0.20262182932038472,0.14691061958728588,0.3495324489076706,0.05606427893599119,0.15827046634482472
713,b,all,2120042,0,1,0.23573177056058064,0.8774745071417691,-0.008005813759048009,-0.19338851509776755,0.1773768875796715,0.18351149860665072,0.775833119343291,0.9593446179499417,0.3611110149512662,0.8421011428603665
723,b,all,2120042,1,1,0.9515649486561637,0.7155154200630337,0.021002020765520202,-0.10326638957507185,0.14527043110611224,-0.013981278819158116,0.8683621139850527,0.8543808351658946,0.9403397493894873,0.855214961764101
727,b,all,2120042,0,0,0.0033846933025817273,0.06391872093659612,-0.10128484042947769,-0.2817752115680354,0.07920553070908001,0.01940221066508254,0.03568903252242936,0.0550912431875119,0.004415015471387493,0.03577469358269482
735,b,all,2120042,1,1,0.8514930300894576,0.7109136102882536,-0.027371753333207988,-0.20798011807996236,0.15323661141354636,0.2892291597635016,0.6042732494725858,0.8935024092360874,0.85753976359256,0.8522987547602537
739,b,all,2120042,0,1,0.08479013076854972,0.18440069318767177,-0.07710605471426117,-0.2319899020277072,0.07777779259918484,0.04653584065128688,0.23099895524207756,0.27753479589336444,0.10826828795026494,0.23603731103771872
743,b,all,2120042,1,0,0.8137089642780575,0.6114074507325379,-0.22711948907755308,-0.31753141043660826,-0.1367075677184979,-0.3588049137290085,0.8478417441080576,0.48903683037904905,0.8540792214123399,0.5413939227514641
744,b,all,2120042,0,0,0.09488103843360278,0.04260853321053375,0.012752524721114922,-0.15239934421312049,0.1779043936553503,0.00043827428651807554,0.026528100992398846,0.02696637527891692,0.03804426145219432,0.026544774813942913
752,b,all,2120042,1,0,0.32361583636005403,0.2455464846762844,-0.0855308517961824,-0.20921244114608714,0.03815073755372231,-0.048624029853681416,0.3276257229580346,0.2790016931043532,0.4051996569380795,0.3079232827423759
760,b,all,2120042,1,1,0.7417079527974615,0.827801313425122,-0.19309499901328916,-0.3501348496692973,-0.036055148357281075,-0.1049719012824385,0.9221465373701752,0.8171746360877367,0.8120115327351075,0.8369081429157039
773,b,all,2120042,1,1,0.9149352208261268,0.9122707163202002,-0.05833420057544739,-0.2361984963342941,0.11953009518339927,-0.05078761983714952,0.9666567816878695,0.91586916185072,0.9159070005121013,0.9201400451396771
776,b,all,2120042,0,0,0.14399500690978329,0.09852111206939891,0.0060223026886521555,-0.18272398458338862,0.19476858996069288,0.11215936655437345,0.0472359901847925,0.15939535673916594,0.07290723182044223,0.05541321912300616
779,b,all,2120042,0,0,0.2596631896181235,0.41337134809847614,-0.0478197520431411,-0.25699231268213574,0.16135280859585346,0.2102850669914252,0.22621397008186886,0.43649903707329407,0.3629244759380927,0.30253156781733853
781,b,all,2120042,1,1,0.6466457805822909,0.7706239598293834,-0.0022941163806394875,-0.18058116190227144,0.17599292914099246,0.031273744586730046,0.8283829563994728,0.8596567009862028,0.7461971474210043,0.8517193353992638
782,b,all,2120042,1,0,0.9197176837880283,0.3583676702258228,-0.1307329909551396,-0.30012900786869334,0.03866302595841409,-0.27881971225762575,0.5994415106886838,0.32062179843105804,0.8619811840905949,0.3591041649690566
783,b,all,2120042,0,0,0.05270327226582516,0.24231001032535585,-0.02341435506399658,-0.28889790680032973,0.2420691966723365,0.11768093960974968,0.16619341714787256,0.28387435675762224,0.05485994054116541,0.1726493864976919
786,b,all,2120042,0,0,0.039203914549845995,0.11754793539555627,-0.10709437877093266,-0.2675477770649867,0.05335901952312137,-0.1204466128067492,0.16532041866408156,0.044873805857332354,0.05941604163077386,0.15816395770327005
798,b,all,2120042,1,1,0.8310939092846896,0.7817037783689051,-0.059983251710970076,-0.20065192395271997,0.08068542053077976,-0.012829595656138837,0.8710496929005754,0.8582200972444366,0.8434126957509361,0.8602290490428369
822,b,all,2120042,0,0,0.7929162062636265,0.7212571103725314,0.02025613958530533,-0.1704830760173706,0.2109953551879812,0.15687867128973654,0.7780227700505881,0.9349014413403246,0.7866852715996432,0.9014369101823456
827,b,all,2120042,0,1,0.20568917046778706,0.4148132146164598,-0.2717041079120846,-0.3495674833817779,-0.19384073244239136,-0.47170840662307595,0.6500277796996768,0.1783193730766009,0.24463777729865077,0.5346300835703194
839,b,all,2120042,0,0,0.34900428831216096,0.0521659046995791,-0.175473484972223,-0.3613238837943531,0.010376913849906994,-0.082870305049013,0.09704353328678197,0.01417322823776898,0.162343632639872,0.08359006692715087
841,b,all,2120042,0,0,0.020364235298090984,0.10547080199653358,-0.028145796822334306,-0.15321766246507265,0.096926068820404,-0.010820327453034226,0.09911358918728445,0.08829326173425023,0.034639969991106065,0.09873877336901742
845,b,all,2120042,1,1,0.7831632836973945,0.5004985823946486,0.024835537629765137,-0.16082446319841312,0.2104955384579434,-0.054967122143437575,0.679755636458759,0.6247885143153215,0.7638252185778449,0.6377703623729527
848,b,all,2120042,0,0,0.04406622197609818,0.1993024335138449,-0.08664635700696253,-0.21494892267936844,0.04165620866544335,0.0857810802170664,0.15080779969315497,0.23658887991022137,0.05969038884345037,0.1559281057267229
859,b,all,2120042,1,1,0.7577465749441632,0.7222221491345306,-0.05748296142643101,-0.1511289748265885,0.03616305197372644,0.10091643251497262,0.7428263810643577,0.8437428135793303,0.8320547758187614,0.8267943806970325
868,b,all,2120042,1,0,0.2113161293778058,0.06523858845763553,-0.05390736485754109,-0.23113425023548712,0.12331952052040489,-0.03768758335333155,0.08397151622017748,0.046283932866845935,0.23923225370276432,0.07495543071794919
875,b,all,2120042,1,1,0.21173312188706034,0.25174544394042514,-0.010091316527236861,-0.10695723245962077,0.08677459940514703,0.2750351541256375,0.13981080528827883,0.41484595941391633,0.19551987810503407,0.19358564509752274
890,b,all,2120042,1,1,0.9875958957338474,0.7262527215123555,-0.0917179424944964,-0.3061156210940332,0.12267973610504034,-0.020946677854016382,0.8906656266682582,0.8697189488142418,0.9874817561550102,0.8699811644353609
892,b,all,2120042,0,0,0.8129880490909652,0.15887387402908065,-0.24698463428498557,-0.42481017210589844,-0.06915909646407278,-0.4218944972490402,0.4749578951993378,0.053063397950297596,0.752638681307789,0.15742377713880756
893,b,all,2120042,0,1,0.36787952659369827,0.22023302209615309,-0.08545624120362696,-0.23011414796091267,0.05920166555365872,-0.13899119129057289,0.2884059010666973,0.1494147097761244,0.20296380287330745,0.2601957203164713
898,b,all,2120042,1,1,0.46145886397007124,0.7449532811308578,-0.13345030165008104,-0.30707206843556706,0.040171465135404955,0.11489019733853345,0.5760315391701575,0.6909217365086909,0.47972378810490296,0.6311470998535185
908,b,all,2120042,1,1,0.6304537804685545,0.5336610992935452,-0.07944825981957365,-0.2577008092760641,0.09880428963691673,0.2700079153490359,0.5696492081263452,0.8396571234753811,0.6849639978240327,0.7545949092679538
913,b,all,2120042,0,0,0.3938676467928744,0.47414093163040105,0.062314989919538044,-0.05375113823038048,0.17838111806945656,0.5763362625455206,0.21409661929254425,0.7904328818380649,0.36702698783272614,0.4256275817133979
915,b,all,2120042,1,1,0.9516817235951146,0.7510605331709215,-0.07983735774040683,-0.18331453622030977,0.023639820739496095,-0.10460704553612188,0.9122655745034537,0.8076585289673318,0.9415880973154946,0.8137688255313014
917,b,all,2120042,1,0,0.923547639680398,0.6492729637535324,-0.02417948882014677,-0.21207107062054031,0.1637120929802467,0.012647334156821954,0.7540394926111339,0.7666868267679559,0.9317451813874247,0.7658235852691494
924,b,all,2120042,0,1,0.041030561202981805,0.2854328578951736,-0.20106602300255863,-0.31928329594015864,-0.08284875006495866,-0.03518580558050255,0.34295445282315096,0.3077686472426484,0.03257650484478903,0.34180822225718993
929,b,all,2120042,1,0,0.6641306780158877,0.5395649904255758,0.01565836112842512,-0.14953714616894787,0.18085386842579804,-0.2246108655442407,0.7244357997544417,0.499824934210201,0.6590473051994321,0.5764066140989978
934,b,all,2120042,0,0,0.1797098470536451,0.2064305721589692,-0.1405439452548342,-0.30591724125393505,0.024829350744266593,-0.17923562100166213,0.30255577023811625,0.12332014923645412,0.22882149384738068,0.26154280768985294
955,b,all,2120042,1,1,0.8205547139072873,0.44484377759347343,-0.0960120342233701,-0.2497971825717153,0.057773114124975045,-0.4074361291328243,0.7758676384475641,0.36843150931473984,0.8734804756292069,0.41998013458410177
960,b,all,2120042,1,1,0.364016542913537,0.5496452027519075,0.04108902340530118,-0.11832860732210126,0.20050665413270358,0.30302428580824725,0.4145443547009303,0.7175686405091776,0.3800930993244424,0.5297217946643626
961,b,all,2120042,0,1,0.5511844654836662,0.3286875014739229,-0.011378397718740234,-0.24536981910877315,0.2226130236712926,-0.17386110854674186,0.4319105760822528,0.25804946753551095,0.49347354839846846,0.3461147179192008
967,b,all,2120042,0,0,0.6305446163002182,0.5452048937335419,-0.036860356633176765,-0.2503947439345951,0.1766740306682415,0.11315424130412288,0.5413987873849739,0.6545530286890968,0.44694083003004204,0.5919720379148583
976,b,all,2120042,0,0,0.1836577978310355,0.0954493415300306,-0.2143802330389519,-0.37794183156022254,-0.050818634517681344,-0.10435438224184548,0.15809386067540734,0.05373947843356186,0.20179595515564355,0.13703556843623702
977,b,all,2120042,1,0,0.9286328163703927,0.6774655735366778,-0.033346946003223556,-0.21523768206761748,0.14854379006117036,0.2172265382051104,0.6784268664625951,0.8956534046677055,0.9400329381747864,0.8826269674210825
980,b,all,2120042,1,1,0.8924366609691375,0.6754268292780374,-0.1228327698272696,-0.2620922132288942,0.016426673574354955,-0.1328309937568829,0.8403143102576274,0.7074833165007445,0.9173360209342071,0.7184636549879518
986,b,all,2120042,1,0,0.7196015329911128,0.2572988841497181,-0.09721269026391272,-0.24564338175406195,0.05121800122623649,-0.21930664730454208,0.3912007173486197,0.17189407004407764,0.6588215068712526,0.24671678150455897
987,b,all,2120042,0,0,0.38229222080670555,0.3601402704634302,-0.08581335439033047,-0.2960733803416922,0.12444667156103126,0.16537846499403014,0.35989141899015303,0.5252698839841832,0.3384405855504341,0.41586220352016456
989,b,all,2120042,0,0,0.421872106811635,0.2219669674903016,-0.16225960416676602,-0.3346908636942673,0.010171655360735249,-0.22553091570484401,0.34182879340480493,0.11629787769996093,0.2358266405545143,0.2886425952129482
5,b,sqrt,1120042,1,1,0.5734502952981491,0.4486318140907561,-0.0024935433576945437,-0.205469790239821,0.20048270352443187,0.29544125881310984,0.4283602486568981,0.7238015074700079,0.5143494763770452,0.5803203054275963
12,b,sqrt,1120042,0,1,0.25504683261680017,0.31873639082619787,-0.053629545105029014,-0.18357592312051563,0.07631683291045757,-0.1020346687031714,0.35251383485816296,0.25047916615499155,0.22807181354145364,0.3292426029229293
15,b,sqrt,1120042,1,0,0.5690070322969999,0.07298506483221545,-0.044124086669412865,-0.1505484704359144,0.06230029709708866,-0.003080297422145953,0.08496536053642435,0.0818850631142784,0.5888855260374319,0.08315141796863218
30,b,sqrt,1120042,0,0,0.573736238444875,0.22143332315839043,-0.11091801766694732,-0.25575516818320837,0.03391913284931371,-0.15824629257148742,0.32006203944320166,0.16181574687171424,0.5261665055811847,0.23679814065968435
35,b,sqrt,1120042,1,1,0.9783156406064879,0.960349738405107,0.06391705148216001,-0.02710418418194825,0.15493828714626823,0.011426825642477212,0.9756257658102383,0.9870525914527155,0.9757346483150356,0.986775315509858
39,b,sqrt,1120042,1,0,0.7564493408797318,0.44535160181483563,-0.09773309120097173,-0.18032318835083272,-0.015142994051110761,-0.0787740414269622,0.5056272841792651,0.42685324275230285,0.77152706901285,0.4448509788828241
40,b,sqrt,1120042,0,0,0.3146317212785818,0.29638527503449125,-0.11390403392419268,-0.24596132455072697,0.01815325670234158,0.060474988513839145,0.3131862436036617,0.37366123211750085,0.36407388745256936,0.3352036077655446
43,b,sqrt,1120042,1,0,0.7059946149113776,0.4940283587047952,-0.09134199019371056,-0.17274662814254116,-0.009937352244879988,-0.19702180525731344,0.6091152747624241,0.41209346950511067,0.6567057331961557,0.4797299256852899
45,b,sqrt,1120042,0,0,0.1383402083445728,0.2540692931330479,-0.11059876795942576,-0.19358443727690477,-0.02761309864194679,0.13139903885494988,0.2165379872607052,0.3479370261156551,0.17346042267748582,0.2393305200799002
48,b,sqrt,1120042,1,1,0.28374253368137264,0.5237598864831924,-0.16068388296088726,-0.31697287593959367,-0.004394889982180905,-0.02351093248221392,0.4828213005356463,0.4593103680534324,0.42933764997077845,0.47272717203511094
63,b,sqrt,1120042,1,0,0.627368051109029,0.0960077548028774,-0.08968938354574758,-0.25427685949308887,0.07489809240159369,-0.08061850681857732,0.15433536704847534,0.07371686022989801,0.6257533169734277,0.10388806899730568
67,b,sqrt,1120042,1,1,0.44898096750598554,0.4038923839786344,-0.18821512600119109,-0.30746420469320634,-0.06896604730917584,-0.4040936263411786,0.6270655271286899,0.22297190078751128,0.5184844589253166,0.41754926192001485
69,b,sqrt,1120042,0,0,0.5028573104104038,0.451839681323616,-0.1127842132076769,-0.22102984302158246,-0.004538583393771375,-0.2535047085663173,0.6257136287774533,0.372208920211136,0.5819759402865388,0.4781799876425058
72,b,sqrt,1120042,1,0,0.6869865287614586,0.26083011575794784,-0.011942874621499417,-0.12237227033522882,0.09848652109222997,0.03393963416448598,0.2845721538079479,0.3185117879724339,0.7269864624971379,0.3092458083876346
75,b,sqrt,1120042,1,0,0.9294867292193747,0.5335253313338443,-0.018134882713934198,-0.16010615293948652,0.12383638751161806,-0.21905044290968123,0.7859902699448377,0.5669398270351564,0.9155184418716508,0.5854455497608714
85,b,sqrt,1120042,0,0,0.009013206990135752,0.05291222217403395,-0.06221138141221394,-0.19359772591105287,0.06917496308662496,-0.03033405828346857,0.05306870888576817,0.022734650602299605,0.012191215162621852,0.05269889985447889
93,b,sqrt,1120042,0,1,0.12980538297809863,0.16893818860053625,-0.16380613430798452,-0.30833810879292034,-0.019274159823048698,-0.24763340158643393,0.32022570877467954,0.0725923071882456,0.13659914574554174,0.28639919765990995
115,b,sqrt,1120042,0,0,0.31272094801448114,0.16938668099271176,-0.03234264977606409,-0.2063381764202265,0.1416528768680983,-0.036066766855671034,0.2053367437300431,0.16926997687437206,0.1881577563382044,0.19855050180010692
116,b,sqrt,1120042,0,1,0.14323295201047972,0.15550057013761853,-0.1523769841012947,-0.2317792227933227,-0.07297474540926671,-0.014342061446469406,0.14192494897859992,0.1275828875321305,0.1837349785468509,0.13928981062641524
121,b,sqrt,1120042,1,0,0.9279085439960586,0.44607844119563467,-0.14237159795993012,-0.24054609427980977,-0.04419710164005049,-0.578150415838105,0.8466828492611407,0.2685324334230356,0.8997037852763005,0.3265187316725304
122,b,sqrt,1120042,1,0,0.7855775653688978,0.07165929760539283,-0.14901729624750515,-0.26945828221200885,-0.02857631028300149,-0.1662835077113541,0.20281166924209829,0.03652816153074418,0.7578750286730987,0.07678955106749236
123,b,sqrt,1120042,0,1,0.2477008698367189,0.2908190369197802,-0.08385813418130977,-0.24158000855713513,0.07386374019451555,0.03246765507545743,0.22412970679849994,0.2565973618739574,0.15541688820093894,0.22917572871750896
126,b,sqrt,1120042,0,0,0.23426286923799838,0.27077370342760854,-0.15752942831159994,-0.2811577685597997,-0.03390108806340021,-0.3010231687743369,0.44215599748635387,0.141132828712017,0.21023743122465782,0.3788696597441307
130,b,sqrt,1120042,0,0,0.1350136777407786,0.0823447561228092,-0.010721220856688685,-0.14165008701498635,0.12020764530160895,0.006309753656425152,0.06615229801318433,0.07246205166960948,0.06622810440116784,0.0665701810370877
137,b,sqrt,1120042,0,0,0.12221002587211183,0.0673098128743928,-0.15240760539135584,-0.23867284052788856,-0.06614237025482314,-0.035394603233024145,0.0790729821473732,0.04367837891434905,0.08580984252666052,0.07603577681765378
145,b,sqrt,1120042,1,0,0.4220728718874742,0.4340626636563777,-0.07535254446944033,-0.1761283126828589,0.02542322374397822,-0.33769143797714973,0.6919752618184105,0.3542838238412608,0.43705268699339506,0.5443863114758338
151,b,sqrt,1120042,0,1,0.6237298441101539,0.32153887875864096,-0.11427101870489477,-0.23890287288643408,0.010360835476644514,-0.31487008056515453,0.48899357852641573,0.17412349796126117,0.5564672015365533,0.31377870594673507
152,b,sqrt,1120042,1,1,0.982471358550975,0.6846533731695048,-0.10555719432048544,-0.20487588796689793,-0.006238500674072958,-0.012172431745375523,0.8762847281697077,0.8641122964243322,0.9805114377218112,0.864349519618479
162,b,sqrt,1120042,0,0,0.5571950690825481,0.6630383076669786,-0.09673108351820114,-0.3121368307325333,0.11867466369613094,-0.1770906937214045,0.7830738531324425,0.605983159411038,0.5328644485720335,0.6887085182753474
167,b,sqrt,1120042,0,1,0.4805292484763424,0.7746673682225005,-0.0528321286749183,-0.1723858138324405,0.06672155648260386,0.060419762402974864,0.7836955006531895,0.8441152630561644,0.488703502712227,0.8132228501725638
169,b,sqrt,1120042,1,1,0.7581897218229461,0.8869697925491729,-0.1380710890589683,-0.32206323322653885,0.0459210551086022,-0.059438745764093026,0.9330844701155844,0.8736457243514913,0.7742167680898258,0.8870659964707954
175,b,sqrt,1120042,1,1,0.9905468811153012,0.6698503924708037,-0.09881753295606739,-0.2149516674917495,0.01731660157961469,-0.13063141535059297,0.8737444653113482,0.7431130499607552,0.9694429817425687,0.7471047565046174
180,b,sqrt,1120042,1,1,0.9420755883191143,0.6541444250702109,-0.0233611131988381,-0.1107257776633607,0.06400355126568448,0.07214620573564456,0.7786322158744284,0.850778421610073,0.9543923084224109,0.8474879997103885
186,b,sqrt,1120042,1,0,0.6160380752057454,0.28605077495287656,-0.12054454222416544,-0.20996170179384827,-0.03112738265448263,-0.34838730337294177,0.4994029297137133,0.15101562634077156,0.6438615699902365,0.2750897335993462
193,b,sqrt,1120042,0,0,0.3503137093922681,0.268290931065702,-0.06397270708135705,-0.19349364415332157,0.06554822999060744,-0.07790570380726344,0.2953083622437127,0.21740265843644926,0.41432172147108914,0.26303033692987055
196,b,sqrt,1120042,0,0,0.39421476316608534,0.38403524162014846,0.049460852976000155,-0.044772511374305865,0.14369421732630616,0.18500422317417548,0.32434400872550756,0.509348231899683,0.3716162688907627,0.39309458787052864
198,b,sqrt,1120042,0,0,0.07108776891339005,0.097342705204211,-0.08884028649028199,-0.18847581948189232,0.01079524650132832,-0.09796041668062988,0.1586915272759424,0.06073111059531252,0.09028587933649393,0.14984708491576237
205,b,sqrt,1120042,1,1,0.9613720817257352,0.5815380219958761,-0.02125600637586241,-0.10483738313421345,0.06232537038248862,0.10039000345163385,0.6891605940965426,0.7895505975481765,0.9624369089430685,0.785779638707317
208,b,sqrt,1120042,1,1,0.40852572271012366,0.5448533225328263,-0.09606567093995044,-0.234577912535575,0.04244657065567409,-0.38364186382161225,0.7194421327827453,0.335800268961133,0.4072806738535624,0.5631922159670424
211,b,sqrt,1120042,0,0,0.12210091306881657,0.1431036437349838,-0.02713687530399952,-0.15606429846795497,0.1017905478599559,0.039362356322426656,0.16438647521130773,0.20374883153373438,0.09642181922653781,0.1681818652169593
229,b,sqrt,1120042,0,0,0.2656911476788186,0.06631099333138508,-0.04489403688398547,-0.14858498372529588,0.0587969099573249,-0.0181111175885878,0.06995670563525107,0.05184558804666327,0.30447931100626485,0.0644422450303244
237,b,sqrt,1120042,0,1,0.17218837475251467,0.7884188881549856,-0.0864602268056722,-0.25764859563354847,0.084728142022204,0.014677238537030401,0.7975200380169778,0.8121972765540082,0.18990857655563823,0.8003073714953128
241,b,sqrt,1120042,1,0,0.30253722237192926,0.34377189890440357,-0.1116686338305379,-0.22204189490801685,-0.0012953727530589793,-0.2359562924134932,0.5015441113192208,0.26558781890572764,0.2950149658609628,0.4319334737681747
246,b,sqrt,1120042,0,0,0.0058998686751510696,0.042928161157534825,-0.07452811152693607,-0.16442082294101162,0.015364599887139466,0.01186840094368172,0.018116439756915348,0.02998484070059707,0.0026243135065499405,0.018147586161813004
250,b,sqrt,1120042,1,1,0.9460216077936309,0.6729049178557018,-0.1260211827979502,-0.27263854321434905,0.020596177618448647,-0.14381661120733635,0.8672152602102811,0.7233986490029447,0.9507090811076705,0.7304875019213353
254,b,sqrt,1120042,0,1,0.1575174634683727,0.16545141909900277,-0.014250623475466618,-0.10859006085976995,0.08008881390883671,0.11029612787953566,0.14744962685810456,0.2577457547376402,0.08493199342585338,0.15681729686606638
261,b,sqrt,1120042,0,0,0.1995050048051802,0.3843655327380578,-0.05156900786272378,-0.24063135784425324,0.13749334211880562,0.31285754382566056,0.3117214313126295,0.6245789751382901,0.1705389734222835,0.3650758356640747
264,b,sqrt,1120042,1,1,0.5685971107357376,0.8266976004233907,0.0015514417808715766,-0.1470015877870795,0.15010447134882263,0.10130985419071503,0.7911490993565368,0.8924589535472518,0.5810993954074002,0.8500201943755732
265,b,sqrt,1120042,0,0,0.5087191009898346,0.28536586910878525,-0.1635294021822076,-0.41063748408226597,0.08357867971785071,-0.19966649402570194,0.44336264391079605,0.2436961498850941,0.5891544295672154,0.3257282445193978
270,b,sqrt,1120042,0,0,0.13609149967948317,0.09357993343121461,-0.049774594000755505,-0.13684638752478095,0.037297199523269924,-0.05981133747776573,0.12230691731294828,0.06249557983518255,0.15266603857068187,0.11317575735860363
271,b,sqrt,1120042,1,0,0.8570161224709907,0.9530501678855469,-0.06745301866891319,-0.15464186241113748,0.019735825073311078,-0.027407061388611043,0.972040045003356,0.9446329836147449,0.8799152601270086,0.9479241534522794
277,b,sqrt,1120042,1,1,0.9009980046516259,0.7474255269999186,0.08453967677660995,0.005803306437973957,0.16327604711524593,0.19707323380293573,0.7379585356450379,0.9350317694479736,0.8959221773328886,0.9145208163677975
278,b,sqrt,1120042,1,1,0.9838069987503364,0.9190742621014337,-0.13272000681516072,-0.21978632745277854,-0.04565368617754291,-0.034983579731057146,0.9745499252614708,0.9395663455304136,0.9852240699610291,0.9400832604570325
282,b,sqrt,1120042,0,0,0.5973803494071209,0.4420803629814542,-0.0796293717362336,-0.20289965565127366,0.04364091217880642,0.2904593735133494,0.40130368088367085,0.6917630543970202,0.5875385209157825,0.571959751583829
284,b,sqrt,1120042,0,1,0.2795938788935131,0.5840639429952331,0.008439958570695539,-0.16696346322280914,0.1838433803642002,0.18518688543613304,0.5345000271529722,0.7196869125891052,0.2848632031007027,0.5872529565105519
288,b,sqrt,1120042,1,0,0.8475403685545174,0.7073110065863661,-0.06939785029657689,-0.1815148567577334,0.04271915616457962,0.004640120746827181,0.8285928613323575,0.8332329820791847,0.8137217939140347,0.8323686287104435
294,b,sqrt,1120042,1,1,0.8862409270704843,0.4290569806373458,-0.14939556412022367,-0.24664230654809033,-0.052148821692357045,-0.34951026332690505,0.6471311693923253,0.29762090606542024,0.836697904397772,0.35469666450119036
318,b,sqrt,1120042,0,0,0.6325616927280786,0.49473162373183655,-0.023307648079370528,-0.12140263264881779,0.07478733649007671,-0.20199985734703257,0.5879283385482199,0.38592848120118733,0.47898390671963986,0.4911736577193283
319,b,sqrt,1120042,1,1,0.9299558756896174,0.8263682991243366,-0.09280426745404485,-0.1858010005763573,0.00019246566826758293,0.04278373950332526,0.8493940089152403,0.8921777484185656,0.9507415839242936,0.8900702891768362
328,b,sqrt,1120042,0,1,0.28481500327687465,0.29197885370257776,0.04805956323338991,-0.11149402202063943,0.20761314848741924,0.10327243996857394,0.20730761169537187,0.3105800516639458,0.24526855774207149,0.23263709410096867
334,b,sqrt,1120042,0,0,0.17550456713966064,0.12791711760429444,-0.1424999510056673,-0.26674487809523717,-0.018255023916097457,-0.1484375342195409,0.1983455391861229,0.049908004966582015,0.20689159123360956,0.16763506153264873
339,b,sqrt,1120042,0,1,0.7825339060101023,0.7933254033592245,-0.1570632068841676,-0.3396476187379495,0.02552120496961427,-0.04096418254395162,0.7913418013853089,0.7503776188413572,0.7738703643510148,0.7596408345146795
343,b,sqrt,1120042,1,1,0.8756315298799435,0.4885834616394761,-0.09793805354746671,-0.19019795277381685,-0.00567815432111661,-0.252500407706424,0.7443325037606942,0.49183209605427014,0.8958918058613752,0.5181194575198524
346,b,sqrt,1120042,0,0,0.5555126287236413,0.2914637313582698,-0.06481933051994315,-0.15641537446855414,0.026776713428667817,0.021257549177203516,0.4635368861105099,0.48479443528771343,0.5102592561944268,0.47438374734218625
347,b,sqrt,1120042,0,1,0.09878833569261959,0.41565135433038425,-0.1640751876938736,-0.2914781388665266,-0.03667223652122065,0.0718545920669893,0.2615415662030328,0.3333961582700221,0.14896115907122268,0.27224510952192144
349,b,sqrt,1120042,0,1,0.8805825414333078,0.7914001485546418,-0.056114254922324115,-0.15708494372517845,0.04485643388053021,0.03268878550218324,0.8558790417523827,0.888567827254566,0.90689913434711,0.8855244730271711
350,b,sqrt,1120042,1,1,0.9973169547185604,0.921830842710823,-0.06296381204662267,-0.17392472337509243,0.04799709928184706,-0.01526830645046906,0.9870651730971797,0.9717968666467106,0.9973527060325942,0.9718372863422694
354,b,sqrt,1120042,1,0,0.7105497724538398,0.5901703066615155,-0.018998395109125776,-0.12093922258164877,0.08294243236339718,-0.14297135067526034,0.6543294133891959,0.5113580627139356,0.651333622993829,0.5612073655695574
357,b,sqrt,1120042,1,1,0.571093742186618,0.5732113018423808,-0.11649900282547675,-0.2202160063645624,-0.012781999286391121,0.1013446835796018,0.4463772897496344,0.5477219733292362,0.6846059209937392,0.5157584601894668
360,b,sqrt,1120042,1,0,0.3427089175197818,0.20193085179498924,-0.10739566423341101,-0.30515124534142046,0.09035991687459838,-0.20995476861796994,0.3185615885237857,0.10860681990581575,0.3064633309145173,0.2542181507917359
361,b,sqrt,1120042,0,0,0.2817382995029025,0.21188349819588376,-0.08416749256957837,-0.2234220664678218,0.05508708132866502,-0.0406445885166562,0.19061748277556523,0.14997289425890903,0.1473623882639726,0.18462799914174433
365,b,sqrt,1120042,1,0,0.6802368119834658,0.28955048762712743,-0.1598604840269556,-0.2954569083354859,-0.024264059718425324,-0.3344524588585174,0.48247634363636255,0.14802388477784517,0.7037892739416086,0.24709229044834086
368,b,sqrt,1120042,1,0,0.7299113200519429,0.3849191345932418,-0.12255605895771818,-0.23354025838743514,-0.011571859528001244,-0.05427466854280549,0.4718418589350713,0.4175671903922658,0.6540894483175863,0.4363413709302878
370,b,sqrt,1120042,1,0,0.16516424230442278,0.03816166778792119,-0.2138882330670277,-0.3152767067253336,-0.11249975940872187,-0.11224918810400103,0.11604627447767366,0.003797086373672619,0.11504539026639442,0.10313252282516294
380,b,sqrt,1120042,0,1,0.8335271872651697,0.3618975941073895,-0.18773130928191695,-0.33941364717242617,-0.03604897139140775,-0.4595323870462047,0.6433774733254405,0.18384508627923582,0.6529940418405045,0.3433055625515242
384,b,sqrt,1120042,1,1,0.8075947361172456,0.8728005345226195,-0.0656299960825802,-0.27954788222683524,0.1482878900616748,0.0703099140074529,0.8886766336909452,0.9589865476983981,0.8125043706639047,0.945803746123004
392,b,sqrt,1120042,1,1,0.8355273785929057,0.811181509975216,-0.06745172357977954,-0.16759296244333105,0.03268951528377195,0.0859568948245617,0.7956046715365747,0.8815615663611364,0.8949939681051641,0.8725355739216074
398,b,sqrt,1120042,0,1,0.37801330099888747,0.372356026523541,-0.15534411696143105,-0.2695474019720887,-0.04114083195077339,-0.3498504475078327,0.5910364248254103,0.2411859773175776,0.36176284124541397,0.4644735329239972
399,b,sqrt,1120042,1,1,0.9969612428234772,0.835142003459256,-0.09390695668742284,-0.18488652153244645,-0.002927391842399249,-0.029171536123289488,0.9512178017968141,0.9220462656735247,0.9962108424749547,0.9221568012191433
409,b,sqrt,1120042,0,0,0.15937071582807716,0.38326960046198,-0.019091960984183344,-0.13003936688490375,0.09185544491653705,0.14554265152238055,0.3680844066924097,0.5136270582147903,0.16618931836081213,0.39227204074133937
422,b,sqrt,1120042,1,1,0.4059740181110089,0.41072132199140415,0.015664999921029914,-0.18508435999107808,0.21641435983313786,0.04875396248008518,0.4200452914399601,0.4687992539200453,0.33848323217702997,0.436547690241657
424,b,sqrt,1120042,1,0,0.8067797792680436,0.576685832719517,-0.140675620536386,-0.2773400096975828,-0.004011231375189189,-0.411950972386599,0.8314253440689895,0.4194743716823905,0.8860761566800972,0.46640540971604305
429,b,sqrt,1120042,0,0,0.04022901403019308,0.015827405624208687,-0.09441311366225705,-0.18633054576665103,-0.0024956815578630887,0.0037726514360697343,0.01304897486216735,0.016821626298237084,0.014013887068759502,0.013101844373342225
431,b,sqrt,1120042,1,1,0.42022654406161586,0.4890113168383431,-0.17232517571742503,-0.28596136444865405,-0.05868898698619604,-0.32665406706368566,0.7123240608538791,0.38566999379019345,0.26194947604164803,0.6267571991396732
433,b,sqrt,1120042,0,0,0.023959727060927517,0.07388551439020519,-0.12019615853473181,-0.2182740049262372,-0.02211831214322646,-0.03402153155820689,0.06847959303076086,0.034458061472553966,0.030148742780963526,0.06745388662679803
435,b,sqrt,1120042,0,1,0.3119330057341404,0.7028637689719404,-0.03332332064172391,-0.11378619449146934,0.04713955320802151,-0.10742312894197681,0.7807369553595693,0.6733138264175925,0.43293691335902873,0.734229517492061
436,b,sqrt,1120042,0,1,0.04013770087488851,0.21202899344732348,-0.21704395730256673,-0.30523522586779295,-0.12885268873734057,-0.3201538166817906,0.38261502886035376,0.06246121217856315,0.04558681888213726,0.368020234804856
446,b,sqrt,1120042,1,0,0.12400241925571627,0.0885476065348267,-0.14438290071290516,-0.28590768947932577,-0.0028581119464846094,-0.06432527410523083,0.14245327608668318,0.07812800198145235,0.13760778018982345,0.13360161790696043
447,b,sqrt,1120042,1,1,0.5674280218434604,0.6581492578671713,-0.10692557198418139,-0.20295294972119876,-0.010898194247164053,0.034144994760945346,0.7178406560241876,0.7519856507851329,0.5268957316826469,0.735831508022056
451,b,sqrt,1120042,1,1,0.8440685942232745,0.679425456265968,-0.1074576301928914,-0.27887432631969333,0.06395906593391051,-0.17663563846118313,0.8287729384589229,0.6521372999977397,0.8242034052032726,0.6831892437589615
460,b,sqrt,1120042,1,0,0.4024283649591037,0.40193266006755823,-0.03602425238255757,-0.17861446503377057,0.10656596026865539,-0.15089969081385596,0.4593548416637062,0.30845515084985026,0.3655224480016902,0.40419761727472747
462,b,sqrt,1120042,0,0,0.47865047218885676,0.42464770166627225,0.013042119026254337,-0.14525583514889234,0.171340073201401,-0.02877369342676961,0.4686118803771519,0.4398381869503823,0.4666605896496557,0.4551843316362172
465,b,sqrt,1120042,0,1,0.4172330240457683,0.6900246248962307,-0.09900222978496692,-0.19122080746128783,-0.006783652108646038,-0.07352311822592295,0.7800438405311805,0.7065207223052575,0.5135491930884887,0.7422861024929082
467,b,sqrt,1120042,0,0,0.1350732908901331,0.22568594311894344,-0.0741947967425824,-0.20836344504198012,0.0599738515568153,0.18109530692018136,0.12685755243371818,0.30795285935389954,0.1888332524081815,0.16105436823531388
468,b,sqrt,1120042,1,0,0.4483568354744622,0.5276439125487666,-0.17592343361588955,-0.3468556637871045,-0.004991203444674686,-0.36394341785118856,0.7078781761015418,0.34393475825035325,0.42845601156518937,0.5519444308536183
474,b,sqrt,1120042,0,0,0.33881070959828874,0.4436019602818864,-0.013555985643120189,-0.0802846999861127,0.053172728699872315,0.27024214191256124,0.30007158198562,0.5703137238981812,0.4170023363305006,0.4127631865381167
478,b,sqrt,1120042,1,0,0.48723028325109485,0.1710359893641993,-0.13403903653401608,-0.24568915666326419,-0.022388916404768006,-0.14113139488284232,0.2377741189742361,0.09664272409139375,0.27379783230036064,0.19913264898578764
481,b,sqrt,1120042,0,1,0.4282127814573279,0.4313406016002971,-0.029354254659871952,-0.2366113985672036,0.17790288924745962,0.24256774419822325,0.2663753158727359,0.5089430600709591,0.2853642948162681,0.33559548914103476
486,b,sqrt,1120042,1,1,0.7634022608258579,0.4815082647443362,-0.11809276188143661,-0.2668193474618087,0.030633823698935442,-0.6892153014395378,0.8677382394188814,0.1785229379793436,0.807107991999281,0.3114670614188369
487,b,sqrt,1120042,1,1,0.8474463251707374,0.5287082580916644,-0.09991119582774742,-0.1888126008225987,-0.01100979083289616,-0.028156691615068175,0.6387406477170029,0.6105839561019347,0.8811791752215618,0.6139295574226692
498,b,sqrt,1120042,0,0,0.1841003403383576,0.03534359636741852,-0.1867002255867663,-0.3092734111433141,-0.06412704003021852,-0.1062618189134249,0.10974740599329373,0.003485587079868836,0.19058570392071683,0.0894954224357829
503,b,sqrt,1120042,0,0,0.32313041921614255,0.1625851443094627,-0.05076608517676499,-0.1726018673390204,0.0710696969854904,-0.16728505428348134,0.2635262519296023,0.09624119764612094,0.40711586132784927,0.19542185296770676
507,b,sqrt,1120042,1,1,0.8868668653148276,0.8337717890611822,-0.08340152277492752,-0.27455252145123255,0.10774947590137746,-0.030854928811506976,0.9308527063190833,0.8999977775075764,0.8926277089340195,0.9033107419047457
508,b,sqrt,1120042,0,0,0.48577801233319395,0.22530210069384116,-0.07473430626853585,-0.16571825637330376,0.016249643836232036,-0.05620972089686527,0.2627225744829081,0.20651285358604282,0.5311711209732923,0.23286559402452428
514,b,sqrt,1120042,1,1,0.8639131575667518,0.7752644052391782,-0.07430461255999052,-0.2365614461023817,0.08795222098240063,-0.061478120138046544,0.8845825250519558,0.8231044049139092,0.8943195699412145,0.8296014390893036
526,b,sqrt,1120042,0,0,0.04054364872391255,0.09535994895416192,-0.04761483438077968,-0.1544117311636759,0.05918206240211654,0.020299231269924375,0.06015719113646259,0.08045642240638697,0.05466687900003019,0.06126688675608918
528,b,sqrt,1120042,1,1,0.9248656611216415,0.6592696059160732,-0.15505129921466893,-0.2888854772531308,-0.02121712117620711,-0.3151680255715663,0.877924904862706,0.5627568792911397,0.8946923510881424,0.5959464830762735
532,b,sqrt,1120042,1,0,0.6470615362149241,0.2001643182872969,-0.17652678672561176,-0.3941553651410533,0.04110179168982975,-0.5334643262344162,0.5735551216747997,0.040090795440383485,0.6066516810570359,0.24992809138073208
534,b,sqrt,1120042,0,1,0.5815084628500126,0.9323048448198813,0.05025279881415845,-0.10660711050755473,0.2071127081358716,0.13543398492073888,0.8396523821431012,0.9750863670638401,0.6415710899254514,0.9265429114616468
535,b,sqrt,1120042,0,0,0.6203669491930299,0.22286828703720793,-0.03387233377093153,-0.13234013343644857,0.06459546589458548,0.03704061610492676,0.22099152902364283,0.2580321451285696,0.40412609914286823,0.23596060871997537
538,b,sqrt,1120042,1,0,0.8363790299029905,0.6334282239293194,-0.03538055330904446,-0.14589000271038677,0.07512889609229784,-0.06212851278558973,0.7780343272758928,0.7159058144903031,0.8082821081633567,0.7278169619845023
539,b,sqrt,1120042,0,1,0.3905844620740821,0.38286948893559897,-0.11501288337009188,-0.2820978730047774,0.05207210626459355,-0.11126006308263126,0.4664730480873413,0.35521298500471005,0.46073813292230986,0.41521129435383136
546,b,sqrt,1120042,0,0,0.20798361976559257,0.0983670683549301,-0.06548444492291577,-0.2253664717489056,0.09439758190307398,-0.06620608679353736,0.1411022908806444,0.07489620408710705,0.2563020340491129,0.12413353616902867
549,b,sqrt,1120042,1,0,0.7402989567689443,0.3157692382394166,-0.09559009578068137,-0.16807688347084027,-0.023103308090522467,-0.22605679180368443,0.5078172149242439,0.2817604231205595,0.8011893584262512,0.32670291893115333
550,b,sqrt,1120042,0,0,0.12980924680641287,0.05950491511737695,-0.1985071089692039,-0.3367194581511597,-0.06029475978724813,-0.08381602753461014,0.09640615135008752,0.012590123815477389,0.13400979470830476,0.0851739827069088
552,b,sqrt,1120042,1,0,0.4471425971641668,0.1893094182038983,-0.08937471609130232,-0.21890010308404037,0.0401506709014357,0.08753892270289004,0.1992963733242461,0.28683529602713614,0.4572237483724141,0.23932124769094448
559,b,sqrt,1120042,1,0,0.6732586391720883,0.27553376521533696,-0.13508472649068812,-0.2915966131347433,0.021427160153366986,-0.36576085048430995,0.5887644136938451,0.22300356320953515,0.7184678395003896,0.32597700567255794
560,b,sqrt,1120042,1,1,0.9471100586988215,0.6489865842140483,-0.09537123689396111,-0.23948525310722907,0.0487427793193068,-0.06469990771798673,0.840006845109726,0.7753069373917393,0.9520143474859696,0.7784116046811844
561,b,sqrt,1120042,1,0,0.5234595720021551,0.34595256888709675,-0.025965045617755405,-0.14656917998216146,0.09463908874665063,-0.14847635272894044,0.47000754047362386,0.3215311877446834,0.49528534616089104,0.39646937871556404
563,b,sqrt,1120042,0,0,0.2841851112461343,0.18062277360235868,-0.102659613517688,-0.204493730826926,-0.00082549620845003,0.08723419972137467,0.16780480528123268,0.25503900500260734,0.31333299897025074,0.19513815869270082
568,b,sqrt,1120042,1,1,0.9449780469966738,0.8861385698325828,-0.19250066944327535,-0.3877874080031502,0.0027860691165994544,-0.11006768648138565,0.9621006613342603,0.8520329748528747,0.9575199301970099,0.8567086578576576
569,b,sqrt,1120042,0,1,0.5664770107387664,0.7937336700240837,-0.11690358967809701,-0.20726763970534068,-0.026539539650853358,-0.03506472883281053,0.8463245486547423,0.8112598198219317,0.667795473870383,0.8229084814476991
571,b,sqrt,1120042,0,0,0.019855087168656475,0.2026255574954164,0.007670143030376075,-0.1283459451049469,0.14368623116569904,0.17274679823127478,0.07316077366171819,0.24590757189299298,0.020388722435939765,0.07668286018255294
576,b,sqrt,1120042,1,0,0.9853443699394344,0.7917399204949945,-0.13693761645046523,-0.3038486339714507,0.029973401070520128,-0.13762755085764844,0.9336653303150813,0.7960377794574328,0.9855241777839763,0.7980300514156748
578,b,sqrt,1120042,0,0,0.4765226316134231,0.2628269510059772,-0.09968381254204499,-0.21118018143102252,0.011812556346932498,-0.1661069213092291,0.37306363189420844,0.20695671058497933,0.30633299155751065,0.3221796017711443
580,b,sqrt,1120042,1,1,0.967728637672888,0.9372838024678931,0.04008870997613849,-0.08592092629253877,0.16609834624481573,0.041240948763694774,0.9508598933381807,0.9921008421018754,0.9665661090584269,0.990721996718583
584,b,sqrt,1120042,1,0,0.49606443976495906,0.6151507721901641,-0.052610504623918385,-0.21735495839811356,0.11213394915027675,-0.18620539681394355,0.7916820777128901,0.6054766808989466,0.47263355488663145,0.7036751590776402
588,b,sqrt,1120042,1,1,0.7233632879466073,0.6820686733355091,-0.006534610334631807,-0.12166674875864882,0.10859752808938518,0.05151712594740754,0.7716016543161577,0.8231187802635652,0.7264867484806898,0.80902816363676
594,b,sqrt,1120042,0,1,0.33446389960774797,0.2574543899444244,-0.11733935288756119,-0.20386969587134895,-0.030809009903773443,-0.1845762402931477,0.3341791213468299,0.14960288105368222,0.2895476165668742,0.28073551089507437
599,b,sqrt,1120042,0,1,0.23332136897242878,0.09242395859166597,-0.09372231629308861,-0.21419800036669567,0.02675336778051844,-0.017020805613165407,0.0815640556751646,0.0645432500619992,0.1107623584300319,0.07967879110307127
603,b,sqrt,1120042,1,1,0.9507363980824397,0.699357737584698,-0.14624709113383141,-0.2488389531444331,-0.04365522912322976,-0.4064471216929251,0.9031243204678541,0.496677198774929,0.8781433534838903,0.546205482010554
606,b,sqrt,1120042,0,1,0.08509810817229162,0.17406501727012808,-0.08633262085115634,-0.19635601779982625,0.02369077609751355,-0.0810499975355446,0.21978098697191426,0.13873098943636966,0.045834318428495995,0.2160661155762413
607,b,sqrt,1120042,0,0,0.07558787305919532,0.2062541872014653,-0.10388242918667387,-0.2305435391654921,0.022778680792144346,-0.20262165996000597,0.3087378023791391,0.10611614241913314,0.07743012434549355,0.29304878205334556
609,b,sqrt,1120042,0,1,0.2830671096982683,0.11232492815772263,-0.09499992236433957,-0.25031688043368944,0.06031703570501026,-0.17815202596793825,0.22489714031231664,0.046745114344378384,0.3450213473808075,0.163430888274238
614,b,sqrt,1120042,1,1,0.7362343830426404,0.622702992333425,-0.07159650610247939,-0.15259216763248218,0.00939915542752337,0.13800989485438941,0.6359172787744115,0.7739271736288009,0.8274743251071385,0.7501169233771545
617,b,sqrt,1120042,1,0,0.7992099545377905,0.6495494978985322,-0.19808760748085588,-0.3913291155212334,-0.004846099440478424,-0.32977963417948597,0.8338032757051225,0.5040236415256365,0.8485350583833042,0.5539736945630076
621,b,sqrt,1120042,1,1,0.6429421287899805,0.5857949847664887,-0.051785948515153515,-0.2025639971071499,0.09899210007684285,-0.10300534475910206,0.7057406494157711,0.602735304656669,0.6270415558891259,0.6411520177731279
626,b,sqrt,1120042,1,0,0.6245951068413296,0.15759177970184263,-0.0994935264919857,-0.21570586959578447,0.016718816611813056,-0.14734105843629364,0.26353475745247545,0.11619369901618182,0.5408398945646613,0.18384683494274479
638,b,sqrt,1120042,1,0,0.20499978872811364,0.05245124700137811,-0.04656761436126507,-0.14875159383368008,0.05561636511114995,-0.028967779075204383,0.061277322843089226,0.03230954376788484,0.21730089998808788,0.054982598379391213
648,b,sqrt,1120042,1,1,0.4103695235158759,0.8702092373830709,-0.060537253114075644,-0.14978841978351012,0.02871391355535883,0.22657797391420198,0.7325950095116571,0.9591729834258591,0.446193692985528,0.8336926724416136
651,b,sqrt,1120042,1,0,0.6891365312077637,0.40512504685417616,-0.08463451568600969,-0.2060448562973246,0.03677582492530519,0.14285091672279376,0.2851618328993221,0.4280127496221159,0.7508626695093064,0.39242325357165064
656,b,sqrt,1120042,0,0,0.22067453984345226,0.5370026699124846,-0.049933631589566985,-0.14815402160559504,0.048286758426461074,0.008071797181922913,0.46869912424753557,0.4767709214294585,0.22802004329675454,0.4705396557904402
662,b,sqrt,1120042,0,0,0.5416836466239007,0.3468763432089087,-0.05394770568750345,-0.25792931932669727,0.15003390795169036,0.12090442381375327,0.2880053588167833,0.40890978263053657,0.3957846009982411,0.33585746795483185
663,b,sqrt,1120042,1,1,0.5589397903441173,0.5390778136460163,-0.010920212020616802,-0.11486513347402948,0.09302470943279585,-0.0006267839972746714,0.6515715924340533,0.6509448084367786,0.5681953671368609,0.6512154566706063
676,b,sqrt,1120042,1,0,0.5566998874301575,0.538069412472769,-0.0248092940218659,-0.11705884406268188,0.06744025601895004,0.288078314021742,0.4324920904579289,0.7205704044796709,0.6529119529093504,0.6205818650566977
680,b,sqrt,1120042,1,0,0.7349561863941998,0.12067787268165805,-0.15875143828380756,-0.34822944011719037,0.03072656354957526,-0.21676132704337042,0.27484012746336883,0.05807880041999842,0.7595694039485262,0.11019485548194441
684,b,sqrt,1120042,0,0,0.514941246674879,0.10344957755984638,-0.134859592120736,-0.20955371132741335,-0.06016547291405866,-0.09365228131014089,0.1535330244619221,0.05988074315178122,0.2799397036695437,0.12731603258398452
689,b,sqrt,1120042,1,1,0.9597845166694242,0.9687095552656053,0.0076452959973759465,-0.07338581443544435,0.08867640643019623,0.028437736123359203,0.9572782937779396,0.9857160299012988,0.9706128031462105,0.9848803245517656
702,b,sqrt,1120042,0,0,0.010313961985153811,0.038906738187203124,-0.07998219652113668,-0.20421319925078582,0.04424880620851243,-0.008814129041007847,0.027598928413820053,0.018784799372812206,0.012737884181278832,0.027486655058936847
705,b,sqrt,1120042,1,0,0.9814620188370482,0.7565999416957399,-0.18961071270459445,-0.30245069308295514,-0.07677073232623378,-0.24861107127745252,0.9414393089611733,0.6928282376837208,0.9809324818902252,0.6975686337875942
707,b,sqrt,1120042,1,0,0.28301996179456085,0.05307673799473239,-0.22997310623984926,-0.36577159410090887,-0.09417461837878974,-0.18261274863827542,0.1878998981069971,0.005287149468721667,0.2347415664691916,0.14503309543440357
708,b,sqrt,1120042,0,0,0.3080407241060236,0.1695097342545498,-0.1593871016348556,-0.29648586659660175,-0.02228833667310945,-0.3033594815556778,0.3504194567553186,0.04705997519964079,0.374407833118835,0.2368392906100041
712,b,sqrt,1120042,0,0,0.11970822186442012,0.16219693124211365,-0.03736240093885632,-0.12943240914042026,0.05470760726270759,0.20262182932038472,0.14691061958728588,0.3495324489076706,0.05606427893599119,0.15827046634482472
713,b,sqrt,1120042,0,1,0.23573177056058064,0.8774745071417691,-0.026833642366225128,-0.12874959216812956,0.07508230743567929,0.18351149860665072,0.775833119343291,0.9593446179499417,0.3611110149512662,0.8421011428603665
723,b,sqrt,1120042,1,1,0.9515649486561637,0.7155154200630337,0.012626105451769924,-0.0744968420572779,0.09974905296081774,-0.013981278819158116,0.8683621139850527,0.8543808351658946,0.9403397493894873,0.855214961764101
727,b,sqrt,1120042,0,0,0.0033846933025817273,0.06391872093659612,-0.031021549104697593,-0.1773962288320866,0.1153531306226914,0.01940221066508254,0.03568903252242936,0.0550912431875119,0.004415015471387493,0.03577469358269482
735,b,sqrt,1120042,1,1,0.8514930300894576,0.7109136102882536,-0.030232899527979067,-0.11966290798731556,0.05919710893135739,0.2892291597635016,0.6042732494725858,0.8935024092360874,0.85753976359256,0.8522987547602537
739,b,sqrt,1120042,0,1,0.08479013076854972,0.18440069318767177,-0.07164175372155605,-0.19795782562991626,0.05467431818680414,0.04653584065128688,0.23099895524207756,0.27753479589336444,0.10826828795026494,0.23603731103771872
743,b,sqrt,1120042,1,0,0.8137089642780575,0.6114074507325379,-0.1941187315263426,-0.3629261312454739,-0.025311331807211346,-0.3588049137290085,0.8478417441080576,0.48903683037904905,0.8540792214123399,0.5413939227514641
744,b,sqrt,1120042,0,0,0.09488103843360278,0.04260853321053375,-0.0707214465985147,-0.1587290263998718,0.017286133202842377,0.00043827428651807554,0.026528100992398846,0.02696637527891692,0.03804426145219432,0.026544774813942913
752,b,sqrt,1120042,1,0,0.32361583636005403,0.2455464846762844,-0.10777580124198778,-0.2792470873570373,0.06369548487306169,-0.048624029853681416,0.3276257229580346,0.2790016931043532,0.4051996569380795,0.3079232827423759
760,b,sqrt,1120042,1,1,0.7417079527974615,0.827801313425122,-0.17944431722680634,-0.2985742466923704,-0.06031438776124229,-0.1049719012824385,0.9221465373701752,0.8171746360877367,0.8120115327351075,0.8369081429157039
773,b,sqrt,1120042,1,1,0.9149352208261268,0.9122707163202002,-0.06913260311748999,-0.19530941150895859,0.05704420527397856,-0.05078761983714952,0.9666567816878695,0.91586916185072,0.9159070005121013,0.9201400451396771
776,b,sqrt,1120042,0,0,0.14399500690978329,0.09852111206939891,0.012001371224537557,-0.17305689588679127,0.19705963833586637,0.11215936655437345,0.0472359901847925,0.15939535673916594,0.07290723182044223,0.05541321912300616
779,b,sqrt,1120042,0,0,0.2596631896181235,0.41337134809847614,-0.03867046615625789,-0.1465581802499564,0.06921724793744058,0.2102850669914252,0.22621397008186886,0.43649903707329407,0.3629244759380927,0.30253156781733853
781,b,sqrt,1120042,1,1,0.6466457805822909,0.7706239598293834,-0.10684315816314334,-0.17564985599097938,-0.038036460335307304,0.031273744586730046,0.8283829563994728,0.8596567009862028,0.7461971474210043,0.8517193353992638
782,b,sqrt,1120042,1,0,0.9197176837880283,0.3583676702258228,-0.13257800128161296,-0.25015271680896406,-0.015003285754261866,-0.27881971225762575,0.5994415106886838,0.32062179843105804,0.8619811840905949,0.3591041649690566
783,b,sqrt,1120042,0,0,0.05270327226582516,0.24231001032535585,-0.02843016533502287,-0.2586145574624896,0.20175422679244384,0.11768093960974968,0.16619341714787256,0.28387435675762224,0.05485994054116541,0.1726493864976919
786,b,sqrt,1120042,0,0,0.039203914549845995,0.11754793539555627,-0.07752652105261752,-0.19218013993626618,0.0371270978310311,-0.1204466128067492,0.16532041866408156,0.044873805857332354,0.05941604163077386,0.15816395770327005
798,b,sqrt,1120042,1,1,0.8310939092846896,0.7817037783689051,-0.034065380588051565,-0.18776733763508988,0.11963657645898673,-0.012829595656138837,0.8710496929005754,0.8582200972444366,0.8434126957509361,0.8602290490428369
822,b,sqrt,1120042,0,0,0.7929162062636265,0.7212571103725314,0.03704109169676006,-0.04256095918640566,0.11664314257992575,0.15687867128973654,0.7780227700505881,0.9349014413403246,0.7866852715996432,0.9014369101823456
827,b,sqrt,1120042,0,1,0.20568917046778706,0.4148132146164598,-0.21706418223985094,-0.29273299162866995,-0.141395372851032,-0.47170840662307595,0.6500277796996768,0.1783193730766009,0.24463777729865077,0.5346300835703194
839,b,sqrt,1120042,0,0,0.34900428831216096,0.0521659046995791,-0.12031190982173123,-0.3009938880398241,0.06037006839636158,-0.082870305049013,0.09704353328678197,0.01417322823776898,0.162343632639872,0.08359006692715087
841,b,sqrt,1120042,0,0,0.020364235298090984,0.10547080199653358,-0.04736666884487519,-0.1582979035205185,0.06356456583076808,-0.010820327453034226,0.09911358918728445,0.08829326173425023,0.034639969991106065,0.09873877336901742
845,b,sqrt,1120042,1,1,0.7831632836973945,0.5004985823946486,0.030844213263746284,-0.07387898892738112,0.13556741545487366,-0.054967122143437575,0.679755636458759,0.6247885143153215,0.7638252185778449,0.6377703623729527
848,b,sqrt,1120042,0,0,0.04406622197609818,0.1993024335138449,-0.11821310022913967,-0.21152514557980734,-0.02490105487847201,0.0857810802170664,0.15080779969315497,0.23658887991022137,0.05969038884345037,0.1559281057267229
859,b,sqrt,1120042,1,1,0.7577465749441632,0.7222221491345306,-0.03264669032151519,-0.13782862147907193,0.07253524083604154,0.10091643251497262,0.7428263810643577,0.8437428135793303,0.8320547758187614,0.8267943806970325
868,b,sqrt,1120042,1,0,0.2113161293778058,0.06523858845763553,-0.0526093605406565,-0.1940768559020099,0.08885813482069686,-0.03768758335333155,0.08397151622017748,0.046283932866845935,0.23923225370276432,0.07495543071794919
875,b,sqrt,1120042,1,1,0.21173312188706034,0.25174544394042514,0.054206847230191584,-0.03809640659586686,0.14651010105625,0.2750351541256375,0.13981080528827883,0.41484595941391633,0.19551987810503407,0.19358564509752274
890,b,sqrt,1120042,1,1,0.9875958957338474,0.7262527215123555,-0.03645076170405155,-0.14974645957168947,0.07684493616358634,-0.020946677854016382,0.8906656266682582,0.8697189488142418,0.9874817561550102,0.8699811644353609
892,b,sqrt,1120042,0,0,0.8129880490909652,0.15887387402908065,-0.1786202314041859,-0.3245086432082448,-0.032731819600127,-0.4218944972490402,0.4749578951993378,0.053063397950297596,0.752638681307789,0.15742377713880756
893,b,sqrt,1120042,0,1,0.36787952659369827,0.22023302209615309,-0.10271801943105342,-0.2516702783890977,0.04623423952699081,-0.13899119129057289,0.2884059010666973,0.1494147097761244,0.20296380287330745,0.2601957203164713
898,b,sqrt,1120042,1,1,0.46145886397007124,0.7449532811308578,-0.09969371916788984,-0.2651638174740211,0.06577637913824143,0.11489019733853345,0.5760315391701575,0.6909217365086909,0.47972378810490296,0.6311470998535185
908,b,sqrt,1120042,1,1,0.6304537804685545,0.5336610992935452,-0.1081289121602846,-0.215783811054224,-0.00047401326634520513,0.2700079153490359,0.5696492081263452,0.8396571234753811,0.6849639978240327,0.7545949092679538
913,b,sqrt,1120042,0,0,0.3938676467928744,0.47414093163040105,0.06384229054278266,-0.03621461534995388,0.1638991964355192,0.5763362625455206,0.21409661929254425,0.7904328818380649,0.36702698783272614,0.4256275817133979
915,b,sqrt,1120042,1,1,0.9516817235951146,0.7510605331709215,-0.06738425148503922,-0.20018008836834345,0.06541158539826496,-0.10460704553612188,0.9122655745034537,0.8076585289673318,0.9415880973154946,0.8137688255313014
917,b,sqrt,1120042,1,0,0.923547639680398,0.6492729637535324,-0.06920960820808064,-0.2494557986678896,0.1110365822517283,0.012647334156821954,0.7540394926111339,0.7666868267679559,0.9317451813874247,0.7658235852691494
924,b,sqrt,1120042,0,1,0.041030561202981805,0.2854328578951736,-0.1628343993818716,-0.3076592896937134,-0.018009509070029822,-0.03518580558050255,0.34295445282315096,0.3077686472426484,0.03257650484478903,0.34180822225718993
929,b,sqrt,1120042,1,0,0.6641306780158877,0.5395649904255758,-0.04315243234489215,-0.1252952053686588,0.03899034067887447,-0.2246108655442407,0.7244357997544417,0.499824934210201,0.6590473051994321,0.5764066140989978
934,b,sqrt,1120042,0,0,0.1797098470536451,0.2064305721589692,-0.1505419115699191,-0.23906399794716932,-0.06201982519266892,-0.17923562100166213,0.30255577023811625,0.12332014923645412,0.22882149384738068,0.26154280768985294
955,b,sqrt,1120042,1,1,0.8205547139072873,0.44484377759347343,-0.08629742157623127,-0.24830548136203134,0.07571063820956878,-0.4074361291328243,0.7758676384475641,0.36843150931473984,0.8734804756292069,0.41998013458410177
960,b,sqrt,1120042,1,1,0.364016542913537,0.5496452027519075,0.09751891896748988,-0.007142579878195901,0.20218041781317564,0.30302428580824725,0.4145443547009303,0.7175686405091776,0.3800930993244424,0.5297217946643626
961,b,sqrt,1120042,0,1,0.5511844654836662,0.3286875014739229,-0.026908504589777452,-0.179949092892579,0.12613208371302403,-0.17386110854674186,0.4319105760822528,0.25804946753551095,0.49347354839846846,0.3461147179192008
967,b,sqrt,1120042,0,0,0.6305446163002182,0.5452048937335419,0.01302017815642047,-0.13462274639943841,0.16066310271227935,0.11315424130412288,0.5413987873849739,0.6545530286890968,0.44694083003004204,0.5919720379148583
976,b,sqrt,1120042,0,0,0.1836577978310355,0.0954493415300306,-0.14813864103286134,-0.2814596504027287,-0.01481763166299399,-0.10435438224184548,0.15809386067540734,0.05373947843356186,0.20179595515564355,0.13703556843623702
977,b,sqrt,1120042,1,0,0.9286328163703927,0.6774655735366778,-0.02143785890830467,-0.13565542354819182,0.09277970573158244,0.2172265382051104,0.6784268664625951,0.8956534046677055,0.9400329381747864,0.8826269674210825
980,b,sqrt,1120042,1,1,0.8924366609691375,0.6754268292780374,-0.05718916222501216,-0.15138380115561145,0.03700547670558711,-0.1328309937568829,0.8403143102576274,0.7074833165007445,0.9173360209342071,0.7184636549879518
986,b,sqrt,1120042,1,0,0.7196015329911128,0.2572988841497181,-0.11509962280139896,-0.293810671372453,0.06361142576965503,-0.21930664730454208,0.3912007173486197,0.17189407004407764,0.6588215068712526,0.24671678150455897
987,b,sqrt,1120042,0,0,0.38229222080670555,0.3601402704634302,-0.07979106419032388,-0.18442379968031003,0.02484167129966225,0.16537846499403014,0.35989141899015303,0.5252698839841832,0.3384405855504341,0.41586220352016456
989,b,sqrt,1120042,0,0,0.421872106811635,0.2219669674903016,-0.15226028984732953,-0.3253921039171571,0.020871524222497995,-0.22553091570484401,0.34182879340480493,0.11629787769996093,0.2358266405545143,0.2886425952129482
5,b,sqrt,120042,1,1,0.5734502952981491,0.4486318140907561,-0.004727414602880154,-0.10613683008865937,0.09668200088289906,0.29544125881310984,0.4283602486568981,0.7238015074700079,0.5143494763770452,0.5803203054275963
12,b,sqrt,120042,0,1,0.25504683261680017,0.31873639082619787,-0.03996667518673976,-0.1559635632836887,0.07603021291020917,-0.1020346687031714,0.35251383485816296,0.25047916615499155,0.22807181354145364,0.3292426029229293
15,b,sqrt,120042,1,0,0.5690070322969999,0.07298506483221545,-0.047631390040162556,-0.1315554034537654,0.03629262337344028,-0.003080297422145953,0.08496536053642435,0.0818850631142784,0.5888855260374319,0.08315141796863218
30,b,sqrt,120042,0,0,0.573736238444875,0.22143332315839043,-0.08296292342821383,-0.1767570823969408,0.010831235540513101,-0.15824629257148742,0.32006203944320166,0.16181574687171424,0.5261665055811847,0.23679814065968435
35,b,sqrt,120042,1,1,0.9783156406064879,0.960349738405107,0.022497219573992727,-0.11758183403370295,0.16257627318168838,0.011426825642477212,0.9756257658102383,0.9870525914527155,0.9757346483150356,0.986775315509858
39,b,sqrt,120042,1,0,0.7564493408797318,0.44535160181483563,-0.12227884344018135,-0.20008317371437184,-0.04447451316599085,-0.0787740414269622,0.5056272841792651,0.42685324275230285,0.77152706901285,0.4448509788828241
40,b,sqrt,120042,0,0,0.3146317212785818,0.29638527503449125,-0.05317104997402861,-0.17301389412795576,0.06667179417989852,0.060474988513839145,0.3131862436036617,0.37366123211750085,0.36407388745256936,0.3352036077655446
43,b,sqrt,120042,1,0,0.7059946149113776,0.4940283587047952,-0.1167756926884124,-0.22859937694077387,-0.004952008436050967,-0.19702180525731344,0.6091152747624241,0.41209346950511067,0.6567057331961557,0.4797299256852899
45,b,sqrt,120042,0,0,0.1383402083445728,0.2540692931330479,-0.05246590152093114,-0.20761148736327423,0.10267968432141192,0.13139903885494988,0.2165379872607052,0.3479370261156551,0.17346042267748582,0.2393305200799002
48,b,sqrt,120042,1,1,0.28374253368137264,0.5237598864831924,-0.12297720428744516,-0.29679941384793607,0.050845005273045696,-0.02351093248221392,0.4828213005356463,0.4593103680534324,0.42933764997077845,0.47272717203511094
63,b,sqrt,120042,1,0,0.627368051109029,0.0960077548028774,-0.10124280443060808,-0.24658127235699412,0.04409566349577794,-0.08061850681857732,0.15433536704847534,0.07371686022989801,0.6257533169734277,0.10388806899730568
67,b,sqrt,120042,1,1,0.44898096750598554,0.4038923839786344,-0.18015779944910332,-0.2773923420212865,-0.08292325687692019,-0.4040936263411786,0.6270655271286899,0.22297190078751128,0.5184844589253166,0.41754926192001485
69,b,sqrt,120042,0,0,0.5028573104104038,0.451839681323616,-0.07175687665485134,-0.2021234551860671,0.05860970187636441,-0.2535047085663173,0.6257136287774533,0.372208920211136,0.5819759402865388,0.4781799876425058
72,b,sqrt,120042,1,0,0.6869865287614586,0.26083011575794784,-0.05180104478445089,-0.15237184396459433,0.04876975439569254,0.03393963416448598,0.2845721538079479,0.3185117879724339,0.7269864624971379,0.3092458083876346
75,b,sqrt,120042,1,0,0.9294867292193747,0.5335253313338443,-0.0012452616652415779,-0.17007981546429898,0.1675892921338158,-0.21905044290968123,0.7859902699448377,0.5669398270351564,0.9155184418716508,0.5854455497608714
85,b,sqrt,120042,0,0,0.009013206990135752,0.05291222217403395,-0.09155537659242087,-0.24005850394761424,0.05694775076277246,-0.03033405828346857,0.05306870888576817,0.022734650602299605,0.012191215162621852,0.05269889985447889
93,b,sqrt,120042,0,1,0.12980538297809863,0.16893818860053625,-0.16930827599852605,-0.29406414253083696,-0.044552409466215165,-0.24763340158643393,0.32022570877467954,0.0725923071882456,0.13659914574554174,0.28639919765990995
115,b,sqrt,120042,0,0,0.31272094801448114,0.16938668099271176,-0.08341107443070897,-0.24132380955933358,0.07450166069791558,-0.036066766855671034,0.2053367437300431,0.16926997687437206,0.1881577563382044,0.19855050180010692
116,b,sqrt,120042,0,1,0.14323295201047972,0.15550057013761853,-0.13389868502319435,-0.30031760249663375,0.03252023245024499,-0.014342061446469406,0.14192494897859992,0.1275828875321305,0.1837349785468509,0.13928981062641524
121,b,sqrt,120042,1,0,0.9279085439960586,0.44607844119563467,-0.10182675649206334,-0.2739163973514706,0.07026288436734389,-0.578150415838105,0.8466828492611407,0.2685324334230356,0.8997037852763005,0.3265187316725304
122,b,sqrt,120042,1,0,0.7855775653688978,0.07165929760539283,-0.09722307358959074,-0.28492199904622717,0.09047585186704564,-0.1662835077113541,0.20281166924209829,0.03652816153074418,0.7578750286730987,0.07678955106749236
123,b,sqrt,120042,0,1,0.2477008698367189,0.2908190369197802,-0.08350911187913738,-0.2643862956113155,0.09736807185304071,0.03246765507545743,0.22412970679849994,0.2565973618739574,0.15541688820093894,0.22917572871750896
126,b,sqrt,120042,0,0,0.23426286923799838,0.27077370342760854,-0.1561535234622479,-0.2714098150039977,-0.040897231920498114,-0.3010231687743369,0.44215599748635387,0.141132828712017,0.21023743122465782,0.3788696597441307
130,b,sqrt,120042,0,0,0.1350136777407786,0.0823447561228092,-0.014558002475394086,-0.187793352876171,0.1586773479253828,0.006309753656425152,0.06615229801318433,0.07246205166960948,0.06622810440116784,0.0665701810370877
137,b,sqrt,120042,0,0,0.12221002587211183,0.0673098128743928,-0.157661862500047,-0.28877459871317873,-0.026549126286915276,-0.035394603233024145,0.0790729821473732,0.04367837891434905,0.08580984252666052,0.07603577681765378
145,b,sqrt,120042,1,0,0.4220728718874742,0.4340626636563777,-0.09289130160942417,-0.30092669795383015,0.11514409473498173,-0.33769143797714973,0.6919752618184105,0.3542838238412608,0.43705268699339506,0.5443863114758338
151,b,sqrt,120042,0,1,0.6237298441101539,0.32153887875864096,-0.1432368361010681,-0.3661447531296389,0.07967108092750264,-0.31487008056515453,0.48899357852641573,0.17412349796126117,0.5564672015365533,0.31377870594673507
152,b,sqrt,120042,1,1,0.982471358550975,0.6846533731695048,-0.07141869720634081,-0.19623740687178864,0.053400012459107,-0.012172431745375523,0.8762847281697077,0.8641122964243322,0.9805114377218112,0.864349519618479
162,b,sqrt,120042,0,0,0.5571950690825481,0.6630383076669786,-0.13335418957471537,-0.26264984182272094,-0.004058537326709827,-0.1770906937214045,0.7830738531324425,0.605983159411038,0.5328644485720335,0.6887085182753474
167,b,sqrt,120042,0,1,0.4805292484763424,0.7746673682225005,-0.08343283961798988,-0.2131774053559189,0.0463117261199391,0.060419762402974864,0.7836955006531895,0.8441152630561644,0.488703502712227,0.8132228501725638
169,b,sqrt,120042,1,1,0.7581897218229461,0.8869697925491729,-0.14410805152459644,-0.24136764884063422,-0.04684845420855868,-0.059438745764093026,0.9330844701155844,0.8736457243514913,0.7742167680898258,0.8870659964707954
175,b,sqrt,120042,1,1,0.9905468811153012,0.6698503924708037,-0.12589881641897402,-0.3015864134792649,0.04978878064131684,-0.13063141535059297,0.8737444653113482,0.7431130499607552,0.9694429817425687,0.7471047565046174
180,b,sqrt,120042,1,1,0.9420755883191143,0.6541444250702109,-0.05126418995975266,-0.13350515749290814,0.030976777573402815,0.07214620573564456,0.7786322158744284,0.850778421610073,0.9543923084224109,0.8474879997103885
186,b,sqrt,120042,1,0,0.6160380752057454,0.28605077495287656,-0.11866839603351946,-0.25668183067006534,0.0193450386030264,-0.34838730337294177,0.4994029297137133,0.15101562634077156,0.6438615699902365,0.2750897335993462
193,b,sqrt,120042,0,0,0.3503137093922681,0.268290931065702,-0.08024100427909439,-0.17441010157619358,0.013928093018004767,-0.07790570380726344,0.2953083622437127,0.21740265843644926,0.41432172147108914,0.26303033692987055
196,b,sqrt,120042,0,0,0.39421476316608534,0.38403524162014846,-0.027567299125047583,-0.1898876777515725,0.1347530795014773,0.18500422317417548,0.32434400872550756,0.509348231899683,0.3716162688907627,0.39309458787052864
198,b,sqrt,120042,0,0,0.07108776891339005,0.097342705204211,-0.09995331630784551,-0.23123301161430912,0.03132637899861804,-0.09796041668062988,0.1586915272759424,0.06073111059531252,0.09028587933649393,0.14984708491576237
205,b,sqrt,120042,1,1,0.9613720817257352,0.5815380219958761,-0.00036336572209406373,-0.10401375687623783,0.10328702543204966,0.10039000345163385,0.6891605940965426,0.7895505975481765,0.9624369089430685,0.785779638707317
208,b,sqrt,120042,1,1,0.40852572271012366,0.5448533225328263,-0.12610183238570466,-0.29415416938487826,0.041950504613468886,-0.38364186382161225,0.7194421327827453,0.335800268961133,0.4072806738535624,0.5631922159670424
211,b,sqrt,120042,0,0,0.12210091306881657,0.1431036437349838,-0.06414918575642742,-0.2166929226930237,0.08839455118016884,0.039362356322426656,0.16438647521130773,0.20374883153373438,0.09642181922653781,0.1681818652169593
229,b,sqrt,120042,0,0,0.2656911476788186,0.06631099333138508,-0.08250108568640616,-0.23606438492132928,0.07106221354851694,-0.0181111175885878,0.06995670563525107,0.05184558804666327,0.30447931100626485,0.0644422450303244
237,b,sqrt,120042,0,1,0.17218837475251467,0.7884188881549856,-0.06527563769375701,-0.22773495097923208,0.09718367559171805,0.014677238537030401,0.7975200380169778,0.8121972765540082,0.18990857655563823,0.8003073714953128
241,b,sqrt,120042,1,0,0.30253722237192926,0.34377189890440357,-0.12279347634634892,-0.21247238559772197,-0.033114567094975914,-0.2359562924134932,0.5015441113192208,0.26558781890572764,0.2950149658609628,0.4319334737681747
246,b,sqrt,120042,0,0,0.0058998686751510696,0.042928161157534825,-0.043853212096628146,-0.2551788401055037,0.16747241591224732,0.01186840094368172,0.018116439756915348,0.02998484070059707,0.0026243135065499405,0.018147586161813004
250,b,sqrt,120042,1,1,0.9460216077936309,0.6729049178557018,-0.07532618891742222,-0.19912121898050839,0.04846884114566391,-0.14381661120733635,0.8672152602102811,0.7233986490029447,0.9507090811076705,0.7304875019213353
254,b,sqrt,120042,0,1,0.1575174634683727,0.16545141909900277,-0.026979240897833406,-0.2098424381948872,0.15588395639922037,0.11029612787953566,0.14744962685810456,0.2577457547376402,0.08493199342585338,0.15681729686606638
261,b,sqrt,120042,0,0,0.1995050048051802,0.3843655327380578,-0.04971360348425225,-0.2221439511209391,0.12271674415243458,0.31285754382566056,0.3117214313126295,0.6245789751382901,0.1705389734222835,0.3650758356640747
264,b,sqrt,120042,1,1,0.5685971107357376,0.8266976004233907,-0.038664922034422664,-0.17605044303388157,0.0987205989650362,0.10130985419071503,0.7911490993565368,0.8924589535472518,0.5810993954074002,0.8500201943755732
265,b,sqrt,120042,0,0,0.5087191009898346,0.28536586910878525,-0.1749349202846713,-0.26613985006885355,-0.08372999050048907,-0.19966649402570194,0.44336264391079605,0.2436961498850941,0.5891544295672154,0.3257282445193978
270,b,sqrt,120042,0,0,0.13609149967948317,0.09357993343121461,-0.05164692977926076,-0.1665946882800736,0.06330082872155204,-0.05981133747776573,0.12230691731294828,0.06249557983518255,0.15266603857068187,0.11317575735860363
271,b,sqrt,120042,1,0,0.8570161224709907,0.9530501678855469,-0.08845084625588351,-0.1929027329844441,0.016001040472677044,-0.027407061388611043,0.972040045003356,0.9446329836147449,0.8799152601270086,0.9479241534522794
277,b,sqrt,120042,1,1,0.9009980046516259,0.7474255269999186,0.02067329905046644,-0.1859527546488663,0.22729935274979915,0.19707323380293573,0.7379585356450379,0.9350317694479736,0.8959221773328886,0.9145208163677975
278,b,sqrt,120042,1,1,0.9838069987503364,0.9190742621014337,-0.14801514526266749,-0.35439047026876497,0.05836017974342994,-0.034983579731057146,0.9745499252614708,0.9395663455304136,0.9852240699610291,0.9400832604570325
282,b,sqrt,120042,0,0,0.5973803494071209,0.4420803629814542,-0.06024119753106997,-0.17883439563067693,0.05835200056853696,0.2904593735133494,0.40130368088367085,0.6917630543970202,0.5875385209157825,0.571959751583829
284,b,sqrt,120042,0,1,0.2795938788935131,0.5840639429952331,-0.0015061393829148848,-0.17606943666852812,0.1730571579026983,0.18518688543613304,0.5345000271529722,0.7196869125891052,0.2848632031007027,0.5872529565105519
288,b,sqrt,120042,1,0,0.8475403685545174,0.7073110065863661,-0.024311404559391216,-0.16280337454731478,0.11418056542853233,0.004640120746827181,0.8285928613323575,0.8332329820791847,0.8137217939140347,0.8323686287104435
294,b,sqrt,120042,1,1,0.8862409270704843,0.4290569806373458,-0.11923833950813462,-0.29842192373852094,0.059945244722251656,-0.34951026332690505,0.6471311693923253,0.29762090606542024,0.836697904397772,0.35469666450119036
318,b,sqrt,120042,0,0,0.6325616927280786,0.49473162373183655,-0.08245349237961708,-0.20849905511627678,0.0435920703570426,-0.20199985734703257,0.5879283385482199,0.38592848120118733,0.47898390671963986,0.4911736577193283
319,b,sqrt,120042,1,1,0.9299558756896174,0.8263682991243366,-0.09089867646771978,-0.18125623721498837,-0.0005411157204512074,0.04278373950332526,0.8493940089152403,0.8921777484185656,0.9507415839242936,0.8900702891768362
328,b,sqrt,120042,0,1,0.28481500327687465,0.29197885370257776,0.012275478704817927,-0.16005235526050454,0.18460331267014035,0.10327243996857394,0.20730761169537187,0.3105800516639458,0.24526855774207149,0.23263709410096867
334,b,sqrt,120042,0,0,0.17550456713966064,0.12791711760429444,-0.14471049384216494,-0.3329555501855212,0.043534562501191254,-0.1484375342195409,0.1983455391861229,0.049908004966582015,0.20689159123360956,0.16763506153264873
339,b,sqrt,120042,0,1,0.7825339060101023,0.7933254033592245,-0.180593442198098,-0.27529326849019503,-0.08589361590600099,-0.04096418254395162,0.7913418013853089,0.7503776188413572,0.7738703643510148,0.7596408345146795
343,b,sqrt,120042,1,1,0.8756315298799435,0.4885834616394761,-0.07721475648575404,-0.1848820500854286,0.030452537113920486,-0.252500407706424,0.7443325037606942,0.49183209605427014,0.8958918058613752,0.5181194575198524
346,b,sqrt,120042,0,0,0.5555126287236413,0.2914637313582698,-0.08573067339337624,-0.2112797227203232,0.03981837593357067,0.021257549177203516,0.4635368861105099,0.48479443528771343,0.5102592561944268,0.47438374734218625
347,b,sqrt,120042,0,1,0.09878833569261959,0.41565135433038425,-0.1700983272762371,-0.27650355328039683,-0.06369310127207743,0.0718545920669893,0.2615415662030328,0.3333961582700221,0.14896115907122268,0.27224510952192144
349,b,sqrt,120042,0,1,0.8805825414333078,0.7914001485546418,-0.048360720305083156,-0.13606562184004245,0.03934418122987612,0.03268878550218324,0.8558790417523827,0.888567827254566,0.90689913434711,0.8855244730271711
350,b,sqrt,120042,1,1,0.9973169547185604,0.921830842710823,-0.04018340137864009,-0.19741217329179545,0.11704537053451522,-0.01526830645046906,0.9870651730971797,0.9717968666467106,0.9973527060325942,0.9718372863422694
354,b,sqrt,120042,1,0,0.7105497724538398,0.5901703066615155,-0.11408404133119303,-0.2090930221104109,-0.019075060551975193,-0.14297135067526034,0.6543294133891959,0.5113580627139356,0.651333622993829,0.5612073655695574
357,b,sqrt,120042,1,1,0.571093742186618,0.5732113018423808,-0.1631717285596715,-0.3407425794612772,0.014399122341934106,0.1013446835796018,0.4463772897496344,0.5477219733292362,0.6846059209937392,0.5157584601894668
360,b,sqrt,120042,1,0,0.3427089175197818,0.20193085179498924,-0.13657863934235598,-0.2318252679666402,-0.04133201071807176,-0.20995476861796994,0.3185615885237857,0.10860681990581575,0.3064633309145173,0.2542181507917359
361,b,sqrt,120042,0,0,0.2817382995029025,0.21188349819588376,-0.06558312846579173,-0.19336122200779274,0.06219496507620925,-0.0406445885166562,0.19061748277556523,0.14997289425890903,0.1473623882639726,0.18462799914174433
365,b,sqrt,120042,1,0,0.6802368119834658,0.28955048762712743,-0.18093685760497047,-0.28597466626566564,-0.07589904894427532,-0.3344524588585174,0.48247634363636255,0.14802388477784517,0.7037892739416086,0.24709229044834086
368,b,sqrt,120042,1,0,0.7299113200519429,0.3849191345932418,-0.0936367998550757,-0.2605881630613814,0.07331456335122993,-0.05427466854280549,0.4718418589350713,0.4175671903922658,0.6540894483175863,0.4363413709302878
370,b,sqrt,120042,1,0,0.16516424230442278,0.03816166778792119,-0.22936898737129863,-0.4072589840550502,-0.051478990687547105,-0.11224918810400103,0.11604627447767366,0.003797086373672619,0.11504539026639442,0.10313252282516294
380,b,sqrt,120042,0,1,0.8335271872651697,0.3618975941073895,-0.21800537887339339,-0.2995566201010649,-0.1364541376457219,-0.4595323870462047,0.6433774733254405,0.18384508627923582,0.6529940418405045,0.3433055625515242
384,b,sqrt,120042,1,1,0.8075947361172456,0.8728005345226195,-0.027952137848206386,-0.12114838748019974,0.06524411178378695,0.0703099140074529,0.8886766336909452,0.9589865476983981,0.8125043706639047,0.945803746123004
392,b,sqrt,120042,1,1,0.8355273785929057,0.811181509975216,-0.08777467931333295,-0.20910863431138474,0.03355927568471881,0.0859568948245617,0.7956046715365747,0.8815615663611364,0.8949939681051641,0.8725355739216074
398,b,sqrt,120042,0,1,0.37801330099888747,0.372356026523541,-0.15423520317251907,-0.27250978635011386,-0.03596061999492428,-0.3498504475078327,0.5910364248254103,0.2411859773175776,0.36176284124541397,0.4644735329239972
399,b,sqrt,120042,1,1,0.9969612428234772,0.835142003459256,-0.07588083955087001,-0.16443273698672578,0.01267105788498575,-0.029171536123289488,0.9512178017968141,0.9220462656735247,0.9962108424749547,0.9221568012191433
409,b,sqrt,120042,0,0,0.15937071582807716,0.38326960046198,0.008776744796333545,-0.21644688919342966,0.23400037878609672,0.14554265152238055,0.3680844066924097,0.5136270582147903,0.16618931836081213,0.39227204074133937
422,b,sqrt,120042,1,1,0.4059740181110089,0.41072132199140415,-0.010052382712096852,-0.14510445826508486,0.12499969284089113,0.04875396248008518,0.4200452914399601,0.4687992539200453,0.33848323217702997,0.436547690241657
424,b,sqrt,120042,1,0,0.8067797792680436,0.576685832719517,-0.16666425475636099,-0.2827989748408263,-0.050529534671895734,-0.411950972386599,0.8314253440689895,0.4194743716823905,0.8860761566800972,0.46640540971604305
429,b,sqrt,120042,0,0,0.04022901403019308,0.015827405624208687,-0.11588254128063082,-0.2560065480170045,0.02424146545574281,0.0037726514360697343,0.01304897486216735,0.016821626298237084,0.014013887068759502,0.013101844373342225
431,b,sqrt,120042,1,1,0.42022654406161586,0.4890113168383431,-0.1603529950174515,-0.24080658874519167,-0.07989940128971139,-0.32665406706368566,0.7123240608538791,0.38566999379019345,0.26194947604164803,0.6267571991396732
433,b,sqrt,120042,0,0,0.023959727060927517,0.07388551439020519,-0.12008307778321758,-0.2446406033538483,0.0044744477874130995,-0.03402153155820689,0.06847959303076086,0.034458061472553966,0.030148742780963526,0.06745388662679803
435,b,sqrt,120042,0,1,0.3119330057341404,0.7028637689719404,-0.08702092394766785,-0.1906185999406365,0.016576752045300805,-0.10742312894197681,0.7807369553595693,0.6733138264175925,0.43293691335902873,0.734229517492061
436,b,sqrt,120042,0,1,0.04013770087488851,0.21202899344732348,-0.2512832108649539,-0.32811576906133183,-0.17445065266857607,-0.3201538166817906,0.38261502886035376,0.06246121217856315,0.04558681888213726,0.368020234804856
446,b,sqrt,120042,1,0,0.12400241925571627,0.0885476065348267,-0.16982174763106422,-0.2473141484802548,-0.09232934678187368,-0.06432527410523083,0.14245327608668318,0.07812800198145235,0.13760778018982345,0.13360161790696043
447,b,sqrt,120042,1,1,0.5674280218434604,0.6581492578671713,-0.0965682703974969,-0.2968537740302153,0.10371723323522146,0.034144994760945346,0.7178406560241876,0.7519856507851329,0.5268957316826469,0.735831508022056
451,b,sqrt,120042,1,1,0.8440685942232745,0.679425456265968,-0.13768410057120262,-0.29561516992096687,0.020246968778561608,-0.17663563846118313,0.8287729384589229,0.6521372999977397,0.8242034052032726,0.6831892437589615
460,b,sqrt,120042,1,0,0.4024283649591037,0.40193266006755823,-0.08845402052790305,-0.23912266107098235,0.06221462001517619,-0.15089969081385596,0.4593548416637062,0.30845515084985026,0.3655224480016902,0.40419761727472747
462,b,sqrt,120042,0,0,0.47865047218885676,0.42464770166627225,-0.0030261207316452836,-0.14678384589239662,0.140731604429106,-0.02877369342676961,0.4686118803771519,0.4398381869503823,0.4666605896496557,0.4551843316362172
465,b,sqrt,120042,0,1,0.4172330240457683,0.6900246248962307,-0.09253088877246762,-0.17710235585076253,-0.007959421694172741,-0.07352311822592295,0.7800438405311805,0.7065207223052575,0.5135491930884887,0.7422861024929082
467,b,sqrt,120042,0,0,0.1350732908901331,0.22568594311894344,-0.04098521139679823,-0.14066988657620555,0.05869946378260907,0.18109530692018136,0.12685755243371818,0.30795285935389954,0.1888332524081815,0.16105436823531388
468,b,sqrt,120042,1,0,0.4483568354744622,0.5276439125487666,-0.13853460541255275,-0.35083111079971324,0.07376189997460769,-0.36394341785118856,0.7078781761015418,0.34393475825035325,0.42845601156518937,0.5519444308536183
474,b,sqrt,120042,0,0,0.33881070959828874,0.4436019602818864,-0.0611206603294844,-0.17787071352328007,0.055629392864311254,0.27024214191256124,0.30007158198562,0.5703137238981812,0.4170023363305006,0.4127631865381167
478,b,sqrt,120042,1,0,0.48723028325109485,0.1710359893641993,-0.10082457603421034,-0.1888277354900213,-0.012821416578399414,-0.14113139488284232,0.2377741189742361,0.09664272409139375,0.27379783230036064,0.19913264898578764
481,b,sqrt,120042,0,1,0.4282127814573279,0.4313406016002971,-0.05007788094934537,-0.17557233852259135,0.07541657662390058,0.24256774419822325,0.2663753158727359,0.5089430600709591,0.2853642948162681,0.33559548914103476
486,b,sqrt,120042,1,1,0.7634022608258579,0.4815082647443362,-0.10462478471783142,-0.23616630592237287,0.026916736486710016,-0.6892153014395378,0.8677382394188814,0.1785229379793436,0.807107991999281,0.3114670614188369
487,b,sqrt,120042,1,1,0.8474463251707374,0.5287082580916644,-0.08078653637739613,-0.2082658873273482,0.04669281457255589,-0.028156691615068175,0.6387406477170029,0.6105839561019347,0.8811791752215618,0.6139295574226692
498,b,sqrt,120042,0,0,0.1841003403383576,0.03534359636741852,-0.2219464829820615,-0.354611016217373,-0.08928194974675002,-0.1062618189134249,0.10974740599329373,0.003485587079868836,0.19058570392071683,0.0894954224357829
503,b,sqrt,120042,0,0,0.32313041921614255,0.1625851443094627,-0.0440169074453855,-0.21734854456089664,0.12931472967012558,-0.16728505428348134,0.2635262519296023,0.09624119764612094,0.40711586132784927,0.19542185296770676
507,b,sqrt,120042,1,1,0.8868668653148276,0.8337717890611822,-0.10294887335563346,-0.2453365078990189,0.039438761187751914,-0.030854928811506976,0.9308527063190833,0.8999977775075764,0.8926277089340195,0.9033107419047457
508,b,sqrt,120042,0,0,0.48577801233319395,0.22530210069384116,-0.09059308653917118,-0.23406444078894034,0.052878267710597934,-0.05620972089686527,0.2627225744829081,0.20651285358604282,0.5311711209732923,0.23286559402452428
514,b,sqrt,120042,1,1,0.8639131575667518,0.7752644052391782,-0.061231054617010575,-0.16576693245374968,0.04330482321972849,-0.061478120138046544,0.8845825250519558,0.8231044049139092,0.8943195699412145,0.8296014390893036
526,b,sqrt,120042,0,0,0.04054364872391255,0.09535994895416192,-0.08442176617886142,-0.17345483208467694,0.004611299726954052,0.020299231269924375,0.06015719113646259,0.08045642240638697,0.05466687900003019,0.06126688675608918
528,b,sqrt,120042,1,1,0.9248656611216415,0.6592696059160732,-0.15959421330232315,-0.3103908295745491,-0.00879759703009722,-0.3151680255715663,0.877924904862706,0.5627568792911397,0.8946923510881424,0.5959464830762735
532,b,sqrt,120042,1,0,0.6470615362149241,0.2001643182872969,-0.21925672390136372,-0.377950020835192,-0.060563426967535444,-0.5334643262344162,0.5735551216747997,0.040090795440383485,0.6066516810570359,0.24992809138073208
534,b,sqrt,120042,0,1,0.5815084628500126,0.9323048448198813,0.016558511291047563,-0.12819194891173125,0.16130897149382636,0.13543398492073888,0.8396523821431012,0.9750863670638401,0.6415710899254514,0.9265429114616468
535,b,sqrt,120042,0,0,0.6203669491930299,0.22286828703720793,-0.013244572461310767,-0.15266300738512342,0.12617386246250184,0.03704061610492676,0.22099152902364283,0.2580321451285696,0.40412609914286823,0.23596060871997537
538,b,sqrt,120042,1,0,0.8363790299029905,0.6334282239293194,-0.023197236439064142,-0.19580488422737397,0.1494104113492456,-0.06212851278558973,0.7780343272758928,0.7159058144903031,0.8082821081633567,0.7278169619845023
539,b,sqrt,120042,0,1,0.3905844620740821,0.38286948893559897,-0.08302101572647243,-0.27670964918940444,0.11066761773645954,-0.11126006308263126,0.4664730480873413,0.35521298500471005,0.46073813292230986,0.41521129435383136
546,b,sqrt,120042,0,0,0.20798361976559257,0.0983670683549301,-0.08698236093045766,-0.20363448834401426,0.029669766483098922,-0.06620608679353736,0.1411022908806444,0.07489620408710705,0.2563020340491129,0.12413353616902867
549,b,sqrt,120042,1,0,0.7402989567689443,0.3157692382394166,-0.08585420671484727,-0.19670304980582431,0.024994636376129767,-0.22605679180368443,0.5078172149242439,0.2817604231205595,0.8011893584262512,0.32670291893115333
550,b,sqrt,120042,0,0,0.12980924680641287,0.05950491511737695,-0.19754472427975214,-0.3002288646792608,-0.09486058388024349,-0.08381602753461014,0.09640615135008752,0.012590123815477389,0.13400979470830476,0.0851739827069088
552,b,sqrt,120042,1,0,0.4471425971641668,0.1893094182038983,-0.074868330419025,-0.17857141748072522,0.028834756642675194,0.08753892270289004,0.1992963733242461,0.28683529602713614,0.4572237483724141,0.23932124769094448
559,b,sqrt,120042,1,0,0.6732586391720883,0.27553376521533696,-0.14224902652313723,-0.23848227413393397,-0.04601577891234049,-0.36576085048430995,0.5887644136938451,0.22300356320953515,0.7184678395003896,0.32597700567255794
560,b,sqrt,120042,1,1,0.9471100586988215,0.6489865842140483,-0.07672240027365432,-0.22623787329953152,0.07279307275222285,-0.06469990771798673,0.840006845109726,0.7753069373917393,0.9520143474859696,0.7784116046811844
561,b,sqrt,120042,1,0,0.5234595720021551,0.34595256888709675,-0.019454108288703625,-0.18737574103246643,0.14846752445505917,-0.14847635272894044,0.47000754047362386,0.3215311877446834,0.49528534616089104,0.39646937871556404
563,b,sqrt,120042,0,0,0.2841851112461343,0.18062277360235868,-0.08544064945592353,-0.20053304756065812,0.029651748648811052,0.08723419972137467,0.16780480528123268,0.25503900500260734,0.31333299897025074,0.19513815869270082
568,b,sqrt,120042,1,1,0.9449780469966738,0.8861385698325828,-0.1598800837208958,-0.2921830226802113,-0.027577144761580324,-0.11006768648138565,0.9621006613342603,0.8520329748528747,0.9575199301970099,0.8567086578576576
569,b,sqrt,120042,0,1,0.5664770107387664,0.7937336700240837,-0.07364001414547458,-0.207006493677082,0.0597264653861328,-0.03506472883281053,0.8463245486547423,0.8112598198219317,0.667795473870383,0.8229084814476991
571,b,sqrt,120042,0,0,0.019855087168656475,0.2026255574954164,0.008560533168281436,-0.14067317452515574,0.15779424086171853,0.17274679823127478,0.07316077366171819,0.24590757189299298,0.020388722435939765,0.07668286018255294
576,b,sqrt,120042,1,0,0.9853443699394344,0.7917399204949945,-0.16945338928139614,-0.2763197074681682,-0.0625870710946241,-0.13762755085764844,0.9336653303150813,0.7960377794574328,0.9855241777839763,0.7980300514156748
578,b,sqrt,120042,0,0,0.4765226316134231,0.2628269510059772,-0.06227824618667065,-0.21540396106229287,0.09084746868895156,-0.1661069213092291,0.37306363189420844,0.20695671058497933,0.30633299155751065,0.3221796017711443
580,b,sqrt,120042,1,1,0.967728637672888,0.9372838024678931,0.02912554499827937,-0.0698530950454747,0.1281041850420334,0.041240948763694774,0.9508598933381807,0.9921008421018754,0.9665661090584269,0.990721996718583
584,b,sqrt,120042,1,0,0.49606443976495906,0.6151507721901641,-0.06467715685054079,-0.2227179549202343,0.0933636412191527,-0.18620539681394355,0.7916820777128901,0.6054766808989466,0.47263355488663145,0.7036751590776402
588,b,sqrt,120042,1,1,0.7233632879466073,0.6820686733355091,0.014090617328585981,-0.12642101912127576,0.1546022537784477,0.05151712594740754,0.7716016543161577,0.8231187802635652,0.7264867484806898,0.80902816363676
594,b,sqrt,120042,0,1,0.33446389960774797,0.2574543899444244,-0.1669143715580259,-0.3399806552051605,0.0061519120891086465,-0.1845762402931477,0.3341791213468299,0.14960288105368222,0.2895476165668742,0.28073551089507437
599,b,sqrt,120042,0,1,0.23332136897242878,0.09242395859166597,-0.09572467463525698,-0.1932034296577345,0.0017540803872205107,-0.017020805613165407,0.0815640556751646,0.0645432500619992,0.1107623584300319,0.07967879110307127
603,b,sqrt,120042,1,1,0.9507363980824397,0.699357737584698,-0.1996808838034682,-0.32447537334510235,-0.0748863942618341,-0.4064471216929251,0.9031243204678541,0.496677198774929,0.8781433534838903,0.546205482010554
606,b,sqrt,120042,0,1,0.08509810817229162,0.17406501727012808,-0.08828578197120106,-0.1865067530831347,0.009935189140732548,-0.0810499975355446,0.21978098697191426,0.13873098943636966,0.045834318428495995,0.2160661155762413
607,b,sqrt,120042,0,0,0.07558787305919532,0.2062541872014653,-0.0402437833955998,-0.15504280259320025,0.07455523580200063,-0.20262165996000597,0.3087378023791391,0.10611614241913314,0.07743012434549355,0.29304878205334556
609,b,sqrt,120042,0,1,0.2830671096982683,0.11232492815772263,-0.06991319849371788,-0.1659682172845797,0.026141820297143903,-0.17815202596793825,0.22489714031231664,0.046745114344378384,0.3450213473808075,0.163430888274238
614,b,sqrt,120042,1,1,0.7362343830426404,0.622702992333425,-0.08152955729517836,-0.20813663750609362,0.045077522915736884,0.13800989485438941,0.6359172787744115,0.7739271736288009,0.8274743251071385,0.7501169233771545
617,b,sqrt,120042,1,0,0.7992099545377905,0.6495494978985322,-0.1924386761181927,-0.2732379519858834,-0.11163940025050205,-0.32977963417948597,0.8338032757051225,0.5040236415256365,0.8485350583833042,0.5539736945630076
621,b,sqrt,120042,1,1,0.6429421287899805,0.5857949847664887,-0.07878940946583013,-0.25695606906713586,0.09937725013547552,-0.10300534475910206,0.7057406494157711,0.602735304656669,0.6270415558891259,0.6411520177731279
626,b,sqrt,120042,1,0,0.6245951068413296,0.15759177970184263,-0.07990374360253776,-0.17527478336911068,0.015467296164035124,-0.14734105843629364,0.26353475745247545,0.11619369901618182,0.5408398945646613,0.18384683494274479
638,b,sqrt,120042,1,0,0.20499978872811364,0.05245124700137811,-0.07618889345037817,-0.20931417777066968,0.05693639086991327,-0.028967779075204383,0.061277322843089226,0.03230954376788484,0.21730089998808788,0.054982598379391213
648,b,sqrt,120042,1,1,0.4103695235158759,0.8702092373830709,-0.028990388576126062,-0.13046745540221172,0.07248667824995958,0.22657797391420198,0.7325950095116571,0.9591729834258591,0.446193692985528,0.8336926724416136
651,b,sqrt,120042,1,0,0.6891365312077637,0.40512504685417616,-0.06745990908440963,-0.19459672461629654,0.05967690644747725,0.14285091672279376,0.2851618328993221,0.4280127496221159,0.7508626695093064,0.39242325357165064
656,b,sqrt,120042,0,0,0.22067453984345226,0.5370026699124846,-0.09027668745302797,-0.26662591906586386,0.08607254415980789,0.008071797181922913,0.46869912424753557,0.4767709214294585,0.22802004329675454,0.4705396557904402
662,b,sqrt,120042,0,0,0.5416836466239007,0.3468763432089087,-0.045095240795581096,-0.15337458209002985,0.06318410049886763,0.12090442381375327,0.2880053588167833,0.40890978263053657,0.3957846009982411,0.33585746795483185
663,b,sqrt,120042,1,1,0.5589397903441173,0.5390778136460163,-0.032974630332280506,-0.20640955194603475,0.14046029128147366,-0.0006267839972746714,0.6515715924340533,0.6509448084367786,0.5681953671368609,0.6512154566706063
676,b,sqrt,120042,1,0,0.5566998874301575,0.538069412472769,-0.058819546628631335,-0.22395264418088281,0.1063135509236201,0.288078314021742,0.4324920904579289,0.7205704044796709,0.6529119529093504,0.6205818650566977
680,b,sqrt,120042,1,0,0.7349561863941998,0.12067787268165805,-0.13464768470831148,-0.24234824428750507,-0.026947125129117913,-0.21676132704337042,0.27484012746336883,0.05807880041999842,0.7595694039485262,0.11019485548194441
684,b,sqrt,120042,0,0,0.514941246674879,0.10344957755984638,-0.11690697053980036,-0.27454056537253624,0.04072662429293551,-0.09365228131014089,0.1535330244619221,0.05988074315178122,0.2799397036695437,0.12731603258398452
689,b,sqrt,120042,1,1,0.9597845166694242,0.9687095552656053,0.0008880130470140307,-0.12337923237213105,0.12515525846615908,0.028437736123359203,0.9572782937779396,0.9857160299012988,0.9706128031462105,0.9848803245517656
702,b,sqrt,120042,0,0,0.010313961985153811,0.038906738187203124,-0.08098219580771826,-0.2399793845407501,0.07801499292531353,-0.008814129041007847,0.027598928413820053,0.018784799372812206,0.012737884181278832,0.027486655058936847
705,b,sqrt,120042,1,0,0.9814620188370482,0.7565999416957399,-0.21014301811484762,-0.2943451729539096,-0.12594086327578563,-0.24861107127745252,0.9414393089611733,0.6928282376837208,0.9809324818902252,0.6975686337875942
707,b,sqrt,120042,1,0,0.28301996179456085,0.05307673799473239,-0.2337838961071025,-0.3931146944798395,-0.07445309773436556,-0.18261274863827542,0.1878998981069971,0.005287149468721667,0.2347415664691916,0.14503309543440357
708,b,sqrt,120042,0,0,0.3080407241060236,0.1695097342545498,-0.16173384834728805,-0.3098768292547559,-0.013590867439820215,-0.3033594815556778,0.3504194567553186,0.04705997519964079,0.374407833118835,0.2368392906100041
712,b,sqrt,120042,0,0,0.11970822186442012,0.16219693124211365,-0.04368978960799757,-0.2307049179298617,0.14332533871386652,0.20262182932038472,0.14691061958728588,0.3495324489076706,0.05606427893599119,0.15827046634482472
713,b,sqrt,120042,0,1,0.23573177056058064,0.8774745071417691,-0.05707981006374107,-0.1605077631478946,0.04634814302041244,0.18351149860665072,0.775833119343291,0.9593446179499417,0.3611110149512662,0.8421011428603665
723,b,sqrt,120042,1,1,0.9515649486561637,0.7155154200630337,0.059233186935318614,-0.07408034457295984,0.19254671844359705,-0.013981278819158116,0.8683621139850527,0.8543808351658946,0.9403397493894873,0.855214961764101
727,b,sqrt,120042,0,0,0.0033846933025817273,0.06391872093659612,-0.06691483737726667,-0.1916711648194863,0.05784149006495293,0.01940221066508254,0.03568903252242936,0.0550912431875119,0.004415015471387493,0.03577469358269482
735,b,sqrt,120042,1,1,0.8514930300894576,0.7109136102882536,-0.02297540800037536,-0.14488135830689214,0.0989305423061414,0.2892291597635016,0.6042732494725858,0.8935024092360874,0.85753976359256,0.8522987547602537
739,b,sqrt,120042,0,1,0.08479013076854972,0.18440069318767177,-0.0966348618254403,-0.3033708405479801,0.11010111689709941,0.04653584065128688,0.23099895524207756,0.27753479589336444,0.10826828795026494,0.23603731103771872
743,b,sqrt,120042,1,0,0.8137089642780575,0.6114074507325379,-0.1659391675670039,-0.2637830015906214,-0.06809533354338641,-0.3588049137290085,0.8478417441080576,0.48903683037904905,0.8540792214123399,0.5413939227514641
744,b,sqrt,120042,0,0,0.09488103843360278,0.04260853321053375,-0.053252464426375566,-0.15213089930900614,0.04562597045625499,0.00043827428651807554,0.026528100992398846,0.02696637527891692,0.03804426145219432,0.026544774813942913
752,b,sqrt,120042,1,0,0.32361583636005403,0.2455464846762844,-0.09975543719346351,-0.22899038619284323,0.029479511805916167,-0.048624029853681416,0.3276257229580346,0.2790016931043532,0.4051996569380795,0.3079232827423759
760,b,sqrt,120042,1,1,0.7417079527974615,0.827801313425122,-0.14798319651775835,-0.2441343420098594,-0.05183205102565733,-0.1049719012824385,0.9221465373701752,0.8171746360877367,0.8120115327351075,0.8369081429157039
773,b,sqrt,120042,1,1,0.9149352208261268,0.9122707163202002,-0.11193815623859708,-0.27289717020394,0.04902085772674579,-0.05078761983714952,0.9666567816878695,0.91586916185072,0.9159070005121013,0.9201400451396771
776,b,sqrt,120042,0,0,0.14399500690978329,0.09852111206939891,-0.02926838388126701,-0.18259741541199775,0.1240606476494637,0.11215936655437345,0.0472359901847925,0.15939535673916594,0.07290723182044223,0.05541321912300616
779,b,sqrt,120042,0,0,0.2596631896181235,0.41337134809847614,-0.06129837220751831,-0.20902554029724663,0.08642879588220996,0.2102850669914252,0.22621397008186886,0.43649903707329407,0.3629244759380927,0.30253156781733853
781,b,sqrt,120042,1,1,0.6466457805822909,0.7706239598293834,-0.07141936370670242,-0.20341019799016574,0.06057147057676089,0.031273744586730046,0.8283829563994728,0.8596567009862028,0.7461971474210043,0.8517193353992638
782,b,sqrt,120042,1,0,0.9197176837880283,0.3583676702258228,-0.11023382529155341,-0.2736813790101833,0.05321372842707643,-0.27881971225762575,0.5994415106886838,0.32062179843105804,0.8619811840905949,0.3591041649690566
783,b,sqrt,120042,0,0,0.05270327226582516,0.24231001032535585,-0.018140491973902127,-0.18876263835346993,0.15248165440566563,0.11768093960974968,0.16619341714787256,0.28387435675762224,0.05485994054116541,0.1726493864976919
786,b,sqrt,120042,0,0,0.039203914549845995,0.11754793539555627,-0.10713799531345088,-0.18901558156608134,-0.025260409060820416,-0.1204466128067492,0.16532041866408156,0.044873805857332354,0.05941604163077386,0.15816395770327005
798,b,sqrt,120042,1,1,0.8310939092846896,0.7817037783689051,-0.0037166735915654856,-0.1037505929994796,0.09631724581634862,-0.012829595656138837,0.8710496929005754,0.8582200972444366,0.8434126957509361,0.8602290490428369
822,b,sqrt,120042,0,0,0.7929162062636265,0.7212571103725314,0.021770931780795283,-0.13966268002800875,0.18320454358959928,0.15687867128973654,0.7780227700505881,0.9349014413403246,0.7866852715996432,0.9014369101823456
827,b,sqrt,120042,0,1,0.20568917046778706,0.4148132146164598,-0.26610892362045113,-0.37068935642325584,-0.16152849081764642,-0.47170840662307595,0.6500277796996768,0.1783193730766009,0.24463777729865077,0.5346300835703194
839,b,sqrt,120042,0,0,0.34900428831216096,0.0521659046995791,-0.14887697837598354,-0.21959126921223973,-0.07816268753972738,-0.082870305049013,0.09704353328678197,0.01417322823776898,0.162343632639872,0.08359006692715087
841,b,sqrt,120042,0,0,0.020364235298090984,0.10547080199653358,-0.06304677041737383,-0.14133304295871052,0.015239502123962814,-0.010820327453034226,0.09911358918728445,0.08829326173425023,0.034639969991106065,0.09873877336901742
845,b,sqrt,120042,1,1,0.7831632836973945,0.5004985823946486,0.02407947820632835,-0.06546472304052928,0.11362367945318597,-0.054967122143437575,0.679755636458759,0.6247885143153215,0.7638252185778449,0.6377703623729527
848,b,sqrt,120042,0,0,0.04406622197609818,0.1993024335138449,-0.11015400367349801,-0.20773764951639723,-0.012570357830598788,0.0857810802170664,0.15080779969315497,0.23658887991022137,0.05969038884345037,0.1559281057267229
859,b,sqrt,120042,1,1,0.7577465749441632,0.7222221491345306,-0.05789551734786788,-0.24556194185400562,0.12977090715826983,0.10091643251497262,0.7428263810643577,0.8437428135793303,0.8320547758187614,0.8267943806970325
868,b,sqrt,120042,1,0,0.2113161293778058,0.06523858845763553,-0.04814729895329372,-0.12880676451194886,0.03251216660536139,-0.03768758335333155,0.08397151622017748,0.046283932866845935,0.23923225370276432,0.07495543071794919
875,b,sqrt,120042,1,1,0.21173312188706034,0.25174544394042514,0.032958223881026566,-0.1629803303710118,0.2288967781330649,0.2750351541256375,0.13981080528827883,0.41484595941391633,0.19551987810503407,0.19358564509752274
890,b,sqrt,120042,1,1,0.9875958957338474,0.7262527215123555,-0.006982081086973005,-0.1642217467677822,0.15025758459383615,-0.020946677854016382,0.8906656266682582,0.8697189488142418,0.9874817561550102,0.8699811644353609
892,b,sqrt,120042,0,0,0.8129880490909652,0.15887387402908065,-0.13662805158915844,-0.3012217395810123,0.027965636402695337,-0.4218944972490402,0.4749578951993378,0.053063397950297596,0.752638681307789,0.15742377713880756
893,b,sqrt,120042,0,1,0.36787952659369827,0.22023302209615309,-0.09107957192860429,-0.2765601899303584,0.09440104607314982,-0.13899119129057289,0.2884059010666973,0.1494147097761244,0.20296380287330745,0.2601957203164713
898,b,sqrt,120042,1,1,0.46145886397007124,0.7449532811308578,-0.16187442676296634,-0.22708235696005824,-0.09666649656587445,0.11489019733853345,0.5760315391701575,0.6909217365086909,0.47972378810490296,0.6311470998535185
908,b,sqrt,120042,1,1,0.6304537804685545,0.5336610992935452,-0.10396334047956879,-0.2386492048280026,0.03072252386886498,0.2700079153490359,0.5696492081263452,0.8396571234753811,0.6849639978240327,0.7545949092679538
913,b,sqrt,120042,0,0,0.3938676467928744,0.47414093163040105,0.07852113338983177,-0.07545994571146139,0.2325022124911249,0.5763362625455206,0.21409661929254425,0.7904328818380649,0.36702698783272614,0.4256275817133979
915,b,sqrt,120042,1,1,0.9516817235951146,0.7510605331709215,-0.018689874218420832,-0.13244317790426613,0.09506342946742444,-0.10460704553612188,0.9122655745034537,0.8076585289673318,0.9415880973154946,0.8137688255313014
917,b,sqrt,120042,1,0,0.923547639680398,0.6492729637535324,-0.009757229708103261,-0.0940263409916432,0.07451188157543666,0.012647334156821954,0.7540394926111339,0.7666868267679559,0.9317451813874247,0.7658235852691494
924,b,sqrt,120042,0,1,0.041030561202981805,0.2854328578951736,-0.17054093604996004,-0.2706111874134562,-0.07047068468646393,-0.03518580558050255,0.34295445282315096,0.3077686472426484,0.03257650484478903,0.34180822225718993
929,b,sqrt,120042,1,0,0.6641306780158877,0.5395649904255758,-0.06341754004160438,-0.17298886692205612,0.046153786838847355,-0.2246108655442407,0.7244357997544417,0.499824934210201,0.6590473051994321,0.5764066140989978
934,b,sqrt,120042,0,0,0.1797098470536451,0.2064305721589692,-0.13917849065779073,-0.251545512267415,-0.02681146904816646,-0.17923562100166213,0.30255577023811625,0.12332014923645412,0.22882149384738068,0.26154280768985294
955,b,sqrt,120042,1,1,0.8205547139072873,0.44484377759347343,-0.07514563096091714,-0.15941674377264525,0.009125481850810954,-0.4074361291328243,0.7758676384475641,0.36843150931473984,0.8734804756292069,0.41998013458410177
960,b,sqrt,120042,1,1,0.364016542913537,0.5496452027519075,0.03741287428448145,-0.11599901534907966,0.19082476391804254,0.30302428580824725,0.4145443547009303,0.7175686405091776,0.3800930993244424,0.5297217946643626
961,b,sqrt,120042,0,1,0.5511844654836662,0.3286875014739229,-0.06355390476457261,-0.14703641889757324,0.01992860936842801,-0.17386110854674186,0.4319105760822528,0.25804946753551095,0.49347354839846846,0.3461147179192008
967,b,sqrt,120042,0,0,0.6305446163002182,0.5452048937335419,-0.03703798717734863,-0.19103480088314687,0.11695882652844958,0.11315424130412288,0.5413987873849739,0.6545530286890968,0.44694083003004204,0.5919720379148583
976,b,sqrt,120042,0,0,0.1836577978310355,0.0954493415300306,-0.15857095965158227,-0.30800171668602194,-0.009140202617142629,-0.10435438224184548,0.15809386067540734,0.05373947843356186,0.20179595515564355,0.13703556843623702
977,b,sqrt,120042,1,0,0.9286328163703927,0.6774655735366778,-0.03943734419424656,-0.16128505948803232,0.08241037109953916,0.2172265382051104,0.6784268664625951,0.8956534046677055,0.9400329381747864,0.8826269674210825
980,b,sqrt,120042,1,1,0.8924366609691375,0.6754268292780374,-0.06854132032235555,-0.17428297739052695,0.037200336745815826,-0.1328309937568829,0.8403143102576274,0.7074833165007445,0.9173360209342071,0.7184636549879518
986,b,sqrt,120042,1,0,0.7196015329911128,0.2572988841497181,-0.10454663524452226,-0.21533811635726144,0.006244845868216886,-0.21930664730454208,0.3912007173486197,0.17189407004407764,0.6588215068712526,0.24671678150455897
987,b,sqrt,120042,0,0,0.38229222080670555,0.3601402704634302,-0.07038165943303336,-0.14876213996095006,0.007998821094883313,0.16537846499403014,0.35989141899015303,0.5252698839841832,0.3384405855504341,0.41586220352016456
989,b,sqrt,120042,0,0,0.421872106811635,0.2219669674903016,-0.14456174828052673,-0.253018424756687,-0.036105071804366465,-0.22553091570484401,0.34182879340480493,0.11629787769996093,0.2358266405545143,0.2886425952129482
5,b,sqrt,2120042,1,1,0.5734502952981491,0.4486318140907561,0.009003295572288482,-0.1238310295325146,0.14183762067709155,0.29544125881310984,0.4283602486568981,0.7238015074700079,0.5143494763770452,0.5803203054275963
12,b,sqrt,2120042,0,1,0.25504683261680017,0.31873639082619787,-0.07087929951286058,-0.18308293360727798,0.04132433458155681,-0.1020346687031714,0.35251383485816296,0.25047916615499155,0.22807181354145364,0.3292426029229293
15,b,sqrt,2120042,1,0,0.5690070322969999,0.07298506483221545,-0.08029527751166764,-0.15832011540577529,-0.0022704396175599884,-0.003080297422145953,0.08496536053642435,0.0818850631142784,0.5888855260374319,0.08315141796863218
30,b,sqrt,2120042,0,0,0.573736238444875,0.22143332315839043,-0.11755170253716536,-0.23188169986453933,-0.0032217052097914395,-0.15824629257148742,0.32006203944320166,0.16181574687171424,0.5261665055811847,0.23679814065968435
35,b,sqrt,2120042,1,1,0.9783156406064879,0.960349738405107,-0.009766927395798292,-0.1739406056237334,0.15440675083213679,0.011426825642477212,0.9756257658102383,0.9870525914527155,0.9757346483150356,0.986775315509858
39,b,sqrt,2120042,1,0,0.7564493408797318,0.44535160181483563,-0.11802187603605815,-0.2632952605319091,0.027251508459792767,-0.0787740414269622,0.5056272841792651,0.42685324275230285,0.77152706901285,0.4448509788828241
40,b,sqrt,2120042,0,0,0.3146317212785818,0.29638527503449125,-0.07787782029588869,-0.1803180097171412,0.024562369125363817,0.060474988513839145,0.3131862436036617,0.37366123211750085,0.36407388745256936,0.3352036077655446
43,b,sqrt,2120042,1,0,0.7059946149113776,0.4940283587047952,-0.08393220872975336,-0.2365485244717625,0.06868410701225573,-0.19702180525731344,0.6091152747624241,0.41209346950511067,0.6567057331961557,0.4797299256852899
45,b,sqrt,2120042,0,0,0.1383402083445728,0.2540692931330479,-0.07967219695310558,-0.20106489672195402,0.04172050281574283,0.13139903885494988,0.2165379872607052,0.3479370261156551,0.17346042267748582,0.2393305200799002
48,b,sqrt,2120042,1,1,0.28374253368137264,0.5237598864831924,-0.141345658032928,-0.23152243647299625,-0.05116887959285979,-0.02351093248221392,0.4828213005356463,0.4593103680534324,0.42933764997077845,0.47272717203511094
63,b,sqrt,2120042,1,0,0.627368051109029,0.0960077548028774,-0.12718325721685866,-0.24544551436134326,-0.008921000072374077,-0.08061850681857732,0.15433536704847534,0.07371686022989801,0.6257533169734277,0.10388806899730568
67,b,sqrt,2120042,1,1,0.44898096750598554,0.4038923839786344,-0.19448827118686246,-0.31960433834953467,-0.06937220402419028,-0.4040936263411786,0.6270655271286899,0.22297190078751128,0.5184844589253166,0.41754926192001485
69,b,sqrt,2120042,0,0,0.5028573104104038,0.451839681323616,-0.12595855326932248,-0.2733037521897268,0.02138664565108181,-0.2535047085663173,0.6257136287774533,0.372208920211136,0.5819759402865388,0.4781799876425058
72,b,sqrt,2120042,1,0,0.6869865287614586,0.26083011575794784,-0.07044005584716066,-0.16792366930737315,0.0270435576130518,0.03393963416448598,0.2845721538079479,0.3185117879724339,0.7269864624971379,0.3092458083876346
75,b,sqrt,2120042,1,0,0.9294867292193747,0.5335253313338443,-0.03294011424855372,-0.24163316929691736,0.17575294079980985,-0.21905044290968123,0.7859902699448377,0.5669398270351564,0.9155184418716508,0.5854455497608714
85,b,sqrt,2120042,0,0,0.009013206990135752,0.05291222217403395,-0.11278567189442955,-0.2864285279988638,0.06085718421000465,-0.03033405828346857,0.05306870888576817,0.022734650602299605,0.012191215162621852,0.05269889985447889
93,b,sqrt,2120042,0,1,0.12980538297809863,0.16893818860053625,-0.16075834524446742,-0.24309515055791575,-0.07842153993101912,-0.24763340158643393,0.32022570877467954,0.0725923071882456,0.13659914574554174,0.28639919765990995
115,b,sqrt,2120042,0,0,0.31272094801448114,0.16938668099271176,-0.06406443727338709,-0.19651351226595432,0.0683846377191801,-0.036066766855671034,0.2053367437300431,0.16926997687437206,0.1881577563382044,0.19855050180010692
116,b,sqrt,2120042,0,1,0.14323295201047972,0.15550057013761853,-0.0913183349314342,-0.24801208413934733,0.06537541427647887,-0.014342061446469406,0.14192494897859992,0.1275828875321305,0.1837349785468509,0.13928981062641524
121,b,sqrt,2120042,1,0,0.9279085439960586,0.44607844119563467,-0.15467591541514789,-0.2608435202243248,-0.04850831060597101,-0.578150415838105,0.8466828492611407,0.2685324334230356,0.8997037852763005,0.3265187316725304
122,b,sqrt,2120042,1,0,0.7855775653688978,0.07165929760539283,-0.1784331327139822,-0.26590056352976427,-0.09096570189820015,-0.1662835077113541,0.20281166924209829,0.03652816153074418,0.7578750286730987,0.07678955106749236
123,b,sqrt,2120042,0,1,0.2477008698367189,0.2908190369197802,-0.07349805030910886,-0.22821156978164325,0.08121546916342551,0.03246765507545743,0.22412970679849994,0.2565973618739574,0.15541688820093894,0.22917572871750896
126,b,sqrt,2120042,0,0,0.23426286923799838,0.27077370342760854,-0.17705020797208576,-0.3428558575943314,-0.011244558349840145,-0.3010231687743369,0.44215599748635387,0.141132828712017,0.21023743122465782,0.3788696597441307
130,b,sqrt,2120042,0,0,0.1350136777407786,0.0823447561228092,-0.03195233356166603,-0.2012455352366791,0.13734086811334695,0.006309753656425152,0.06615229801318433,0.07246205166960948,0.06622810440116784,0.0665701810370877
137,b,sqrt,2120042,0,0,0.12221002587211183,0.0673098128743928,-0.13114504802146484,-0.32689857207115247,0.06460847602822273,-0.035394603233024145,0.0790729821473732,0.04367837891434905,0.08580984252666052,0.07603577681765378
145,b,sqrt,2120042,1,0,0.4220728718874742,0.4340626636563777,-0.0804316344476331,-0.22467217145273588,0.06380890255746965,-0.33769143797714973,0.6919752618184105,0.3542838238412608,0.43705268699339506,0.5443863114758338
151,b,sqrt,2120042,0,1,0.6237298441101539,0.32153887875864096,-0.09979866228172024,-0.2549106214575292,0.05531329689408862,-0.31487008056515453,0.48899357852641573,0.17412349796126117,0.5564672015365533,0.31377870594673507
152,b,sqrt,2120042,1,1,0.982471358550975,0.6846533731695048,-0.13268820688294033,-0.23517590958360052,-0.030200504182280166,-0.012172431745375523,0.8762847281697077,0.8641122964243322,0.9805114377218112,0.864349519618479
162,b,sqrt,2120042,0,0,0.5571950690825481,0.6630383076669786,-0.09878528975355459,-0.2976889860107888,0.10011840650367958,-0.1770906937214045,0.7830738531324425,0.605983159411038,0.5328644485720335,0.6887085182753474
167,b,sqrt,2120042,0,1,0.4805292484763424,0.7746673682225005,-0.06918858768509557,-0.2798224185008963,0.14144524313070506,0.060419762402974864,0.7836955006531895,0.8441152630561644,0.488703502712227,0.8132228501725638
169,b,sqrt,2120042,1,1,0.7581897218229461,0.8869697925491729,-0.14914576220653447,-0.26456368688307275,-0.03372783752999624,-0.059438745764093026,0.9330844701155844,0.8736457243514913,0.7742167680898258,0.8870659964707954
175,b,sqrt,2120042,1,1,0.9905468811153012,0.6698503924708037,-0.13706771033955692,-0.23518230431457776,-0.03895311636453609,-0.13063141535059297,0.8737444653113482,0.7431130499607552,0.9694429817425687,0.7471047565046174
180,b,sqrt,2120042,1,1,0.9420755883191143,0.6541444250702109,-0.11035411858279091,-0.1975521588743906,-0.023156078291191234,0.07214620573564456,0.7786322158744284,0.850778421610073,0.9543923084224109,0.8474879997103885
186,b,sqrt,2120042,1,0,0.6160380752057454,0.28605077495287656,-0.13068851832771672,-0.236689231673142,-0.02468780498229145,-0.34838730337294177,0.4994029297137133,0.15101562634077156,0.6438615699902365,0.2750897335993462
193,b,sqrt,2120042,0,0,0.3503137093922681,0.268290931065702,-0.07551069092787335,-0.20665299841107862,0.055631616555331886,-0.07790570380726344,0.2953083622437127,0.21740265843644926,0.41432172147108914,0.26303033692987055
196,b,sqrt,2120042,0,0,0.39421476316608534,0.38403524162014846,0.019002532954759295,-0.11067532274164138,0.14868038865115993,0.18500422317417548,0.32434400872550756,0.509348231899683,0.3716162688907627,0.39309458787052864
198,b,sqrt,2120042,0,0,0.07108776891339005,0.097342705204211,-0.12182795200399643,-0.23854827257918465,-0.00510763142880824,-0.09796041668062988,0.1586915272759424,0.06073111059531252,0.09028587933649393,0.14984708491576237
205,b,sqrt,2120042,1,1,0.9613720817257352,0.5815380219958761,-0.05051045071179051,-0.16459346910180336,0.06357256767822231,0.10039000345163385,0.6891605940965426,0.7895505975481765,0.9624369089430685,0.785779638707317
208,b,sqrt,2120042,1,1,0.40852572271012366,0.5448533225328263,-0.1605972480281136,-0.2413207064567422,-0.07987378959948499,-0.38364186382161225,0.7194421327827453,0.335800268961133,0.4072806738535624,0.5631922159670424
211,b,sqrt,2120042,0,0,0.12210091306881657,0.1431036437349838,-0.07723082094876146,-0.17081205298187568,0.016350411084352742,0.039362356322426656,0.16438647521130773,0.20374883153373438,0.09642181922653781,0.1681818652169593
229,b,sqrt,2120042,0,0,0.2656911476788186,0.06631099333138508,-0.07773760711231922,-0.21702839008405883,0.061553175859420356,-0.0181111175885878,0.06995670563525107,0.05184558804666327,0.30447931100626485,0.0644422450303244
237,b,sqrt,2120042,0,1,0.17218837475251467,0.7884188881549856,-0.02318629415991984,-0.19039356458904064,0.14402097626920088,0.014677238537030401,0.7975200380169778,0.8121972765540082,0.18990857655563823,0.8003073714953128
241,b,sqrt,2120042,1,0,0.30253722237192926,0.34377189890440357,-0.0976336517036697,-0.19972451746435585,0.004457214057016434,-0.2359562924134932,0.5015441113192208,0.26558781890572764,0.2950149658609628,0.4319334737681747
246,b,sqrt,2120042,0,0,0.0058998686751510696,0.042928161157534825,-0.09379103215900889,-0.21162371241141792,0.02404164809340012,0.01186840094368172,0.018116439756915348,0.02998484070059707,0.0026243135065499405,0.018147586161813004
250,b,sqrt,2120042,1,1,0.9460216077936309,0.6729049178557018,-0.15427208501515846,-0.24715018551024556,-0.06139398452007139,-0.14381661120733635,0.8672152602102811,0.7233986490029447,0.9507090811076705,0.7304875019213353
254,b,sqrt,2120042,0,1,0.1575174634683727,0.16545141909900277,-0.06626414264623838,-0.14825661481680052,0.015728329524323736,0.11029612787953566,0.14744962685810456,0.2577457547376402,0.08493199342585338,0.15681729686606638
261,b,sqrt,2120042,0,0,0.1995050048051802,0.3843655327380578,-0.03120196875838991,-0.12122707949383185,0.05882314197705201,0.31285754382566056,0.3117214313126295,0.6245789751382901,0.1705389734222835,0.3650758356640747
264,b,sqrt,2120042,1,1,0.5685971107357376,0.8266976004233907,-0.04439377200317505,-0.13619983123183466,0.04741228722548454,0.10130985419071503,0.7911490993565368,0.8924589535472518,0.5810993954074002,0.8500201943755732
265,b,sqrt,2120042,0,0,0.5087191009898346,0.28536586910878525,-0.1713037883099254,-0.2643792041092889,-0.07822837251056193,-0.19966649402570194,0.44336264391079605,0.2436961498850941,0.5891544295672154,0.3257282445193978
270,b,sqrt,2120042,0,0,0.13609149967948317,0.09357993343121461,-0.07563109689767035,-0.22286951096715474,0.071607317171814,-0.05981133747776573,0.12230691731294828,0.06249557983518255,0.15266603857068187,0.11317575735860363
271,b,sqrt,2120042,1,0,0.8570161224709907,0.9530501678855469,-0.11272616174939609,-0.281224388926825,0.05577206542803281,-0.027407061388611043,0.972040045003356,0.9446329836147449,0.8799152601270086,0.9479241534522794
277,b,sqrt,2120042,1,1,0.9009980046516259,0.7474255269999186,0.014675480833166084,-0.07666863360381816,0.1060195952701503,0.19707323380293573,0.7379585356450379,0.9350317694479736,0.8959221773328886,0.9145208163677975
278,b,sqrt,2120042,1,1,0.9838069987503364,0.9190742621014337,-0.15054291204251957,-0.2745910122133157,-0.026494811871723423,-0.034983579731057146,0.9745499252614708,0.9395663455304136,0.9852240699610291,0.9400832604570325
282,b,sqrt,2120042,0,0,0.5973803494071209,0.4420803629814542,-0.06679941226395657,-0.18442626560038472,0.05082744107247157,0.2904593735133494,0.40130368088367085,0.6917630543970202,0.5875385209157825,0.571959751583829
284,b,sqrt,2120042,0,1,0.2795938788935131,0.5840639429952331,-0.05151996619270124,-0.1266658762495765,0.023625943864174014,0.18518688543613304,0.5345000271529722,0.7196869125891052,0.2848632031007027,0.5872529565105519
288,b,sqrt,2120042,1,0,0.8475403685545174,0.7073110065863661,-0.08156213817533318,-0.17637746732161536,0.013253190970948972,0.004640120746827181,0.8285928613323575,0.8332329820791847,0.8137217939140347,0.8323686287104435
294,b,sqrt,2120042,1,1,0.8862409270704843,0.4290569806373458,-0.13588674962352723,-0.26733321311260605,-0.00444028613444844,-0.34951026332690505,0.6471311693923253,0.29762090606542024,0.836697904397772,0.35469666450119036
318,b,sqrt,2120042,0,0,0.6325616927280786,0.49473162373183655,-0.0891629437250965,-0.22958206390241143,0.05125617645221836,-0.20199985734703257,0.5879283385482199,0.38592848120118733,0.47898390671963986,0.4911736577193283
319,b,sqrt,2120042,1,1,0.9299558756896174,0.8263682991243366,-0.08558969871326651,-0.2406012229156173,0.06942182548908422,0.04278373950332526,0.8493940089152403,0.8921777484185656,0.9507415839242936,0.8900702891768362
328,b,sqrt,2120042,0,1,0.28481500327687465,0.29197885370257776,0.012733952995934649,-0.1535934338486287,0.17906133984049796,0.10327243996857394,0.20730761169537187,0.3105800516639458,0.24526855774207149,0.23263709410096867
334,b,sqrt,2120042,0,0,0.17550456713966064,0.12791711760429444,-0.16637854272827596,-0.2520816907230984,-0.08067539473345352,-0.1484375342195409,0.1983455391861229,0.049908004966582015,0.20689159123360956,0.16763506153264873
339,b,sqrt,2120042,0,1,0.7825339060101023,0.7933254033592245,-0.15930233100351848,-0.2667350284834563,-0.05186963352358068,-0.04096418254395162,0.7913418013853089,0.7503776188413572,0.7738703643510148,0.7596408345146795
343,b,sqrt,2120042,1,1,0.8756315298799435,0.4885834616394761,-0.14429179984714974,-0.3107804632463715,0.022196863552071955,-0.252500407706424,0.7443325037606942,0.49183209605427014,0.8958918058613752,0.5181194575198524
346,b,sqrt,2120042,0,0,0.5555126287236413,0.2914637313582698,-0.10295861137731782,-0.24307213006682676,0.03715490731219109,0.021257549177203516,0.4635368861105099,0.48479443528771343,0.5102592561944268,0.47438374734218625
347,b,sqrt,2120042,0,1,0.09878833569261959,0.41565135433038425,-0.19467505032484503,-0.3347933556472983,-0.0545567450023918,0.0718545920669893,0.2615415662030328,0.3333961582700221,0.14896115907122268,0.27224510952192144
349,b,sqrt,2120042,0,1,0.8805825414333078,0.7914001485546418,-0.097318975416115,-0.23308167257419576,0.038443721741965725,0.03268878550218324,0.8558790417523827,0.888567827254566,0.90689913434711,0.8855244730271711
350,b,sqrt,2120042,1,1,0.9973169547185604,0.921830842710823,-0.05126964025365469,-0.14204740711058156,0.03950812660327215,-0.01526830645046906,0.9870651730971797,0.9717968666467106,0.9973527060325942,0.9718372863422694
354,b,sqrt,2120042,1,0,0.7105497724538398,0.5901703066615155,-0.05504175784858658,-0.14092284999010732,0.030839334292934124,-0.14297135067526034,0.6543294133891959,0.5113580627139356,0.651333622993829,0.5612073655695574
357,b,sqrt,2120042,1,1,0.571093742186618,0.5732113018423808,-0.13611930326099167,-0.22805453902595885,-0.044184067496024534,0.1013446835796018,0.4463772897496344,0.5477219733292362,0.6846059209937392,0.5157584601894668
360,b,sqrt,2120042,1,0,0.3427089175197818,0.20193085179498924,-0.1039926619049156,-0.26774080485756757,0.05975548104773637,-0.20995476861796994,0.3185615885237857,0.10860681990581575,0.3064633309145173,0.2542181507917359
361,b,sqrt,2120042,0,0,0.2817382995029025,0.21188349819588376,-0.09676978119152159,-0.18655135058349295,-0.0069882117995502535,-0.0406445885166562,0.19061748277556523,0.14997289425890903,0.1473623882639726,0.18462799914174433
365,b,sqrt,2120042,1,0,0.6802368119834658,0.28955048762712743,-0.16099949386306095,-0.2697189771520205,-0.052280010574101435,-0.3344524588585174,0.48247634363636255,0.14802388477784517,0.7037892739416086,0.24709229044834086
368,b,sqrt,2120042,1,0,0.7299113200519429,0.3849191345932418,-0.09291346624173301,-0.2580424508184765,0.07221551833501043,-0.05427466854280549,0.4718418589350713,0.4175671903922658,0.6540894483175863,0.4363413709302878
370,b,sqrt,2120042,1,0,0.16516424230442278,0.03816166778792119,-0.20691033136009748,-0.3234862432921215,-0.09033441942807346,-0.11224918810400103,0.11604627447767366,0.003797086373672619,0.11504539026639442,0.10313252282516294
380,b,sqrt,2120042,0,1,0.8335271872651697,0.3618975941073895,-0.19705719914078165,-0.33162980320903646,-0.06248459507252688,-0.4595323870462047,0.6433774733254405,0.18384508627923582,0.6529940418405045,0.3433055625515242
384,b,sqrt,2120042,1,1,0.8075947361172456,0.8728005345226195,-0.05213047440313086,-0.1960591784959581,0.09179822968969638,0.0703099140074529,0.8886766336909452,0.9589865476983981,0.8125043706639047,0.945803746123004
392,b,sqrt,2120042,1,1,0.8355273785929057,0.811181509975216,-0.09184349846911526,-0.18030987102636367,-0.0033771259118668684,0.0859568948245617,0.7956046715365747,0.8815615663611364,0.8949939681051641,0.8725355739216074
398,b,sqrt,2120042,0,1,0.37801330099888747,0.372356026523541,-0.14831894731820988,-0.2914308005542358,-0.005207094082183977,-0.3498504475078327,0.5910364248254103,0.2411859773175776,0.36176284124541397,0.4644735329239972
399,b,sqrt,2120042,1,1,0.9969612428234772,0.835142003459256,-0.08995233871848853,-0.21067833367619215,0.030773656239215075,-0.029171536123289488,0.9512178017968141,0.9220462656735247,0.9962108424749547,0.9221568012191433
409,b,sqrt,2120042,0,0,0.15937071582807716,0.38326960046198,-0.04536011319792612,-0.2158007042494086,0.1250804778535563,0.14554265152238055,0.3680844066924097,0.5136270582147903,0.16618931836081213,0.39227204074133937
422,b,sqrt,2120042,1,1,0.4059740181110089,0.41072132199140415,0.03324935578393754,-0.13494348911393003,0.20144220068180507,0.04875396248008518,0.4200452914399601,0.4687992539200453,0.33848323217702997,0.436547690241657
424,b,sqrt,2120042,1,0,0.8067797792680436,0.576685832719517,-0.18144781437506263,-0.31242306117193663,-0.050472567578188715,-0.411950972386599,0.8314253440689895,0.4194743716823905,0.8860761566800972,0.46640540971604305
429,b,sqrt,2120042,0,0,0.04022901403019308,0.015827405624208687,-0.13217093269751862,-0.24393424706909853,-0.020407618325938737,0.0037726514360697343,0.01304897486216735,0.016821626298237084,0.014013887068759502,0.013101844373342225
431,b,sqrt,2120042,1,1,0.42022654406161586,0.4890113168383431,-0.1419577769282851,-0.23028085266826115,-0.05363470118830904,-0.32665406706368566,0.7123240608538791,0.38566999379019345,0.26194947604164803,0.6267571991396732
433,b,sqrt,2120042,0,0,0.023959727060927517,0.07388551439020519,-0.14154303322344344,-0.22776688690259655,-0.055319179544290345,-0.03402153155820689,0.06847959303076086,0.034458061472553966,0.030148742780963526,0.06745388662679803
435,b,sqrt,2120042,0,1,0.3119330057341404,0.7028637689719404,-0.07698302547579776,-0.2590136014617134,0.10504755051011787,-0.10742312894197681,0.7807369553595693,0.6733138264175925,0.43293691335902873,0.734229517492061
436,b,sqrt,2120042,0,1,0.04013770087488851,0.21202899344732348,-0.222997392462981,-0.3325287835287646,-0.11346600139719748,-0.3201538166817906,0.38261502886035376,0.06246121217856315,0.04558681888213726,0.368020234804856
446,b,sqrt,2120042,1,0,0.12400241925571627,0.0885476065348267,-0.18009119576660723,-0.3459306907476743,-0.014251700785540194,-0.06432527410523083,0.14245327608668318,0.07812800198145235,0.13760778018982345,0.13360161790696043
447,b,sqrt,2120042,1,1,0.5674280218434604,0.6581492578671713,-0.12125102710393615,-0.28461920205777075,0.04211714784989842,0.034144994760945346,0.7178406560241876,0.7519856507851329,0.5268957316826469,0.735831508022056
451,b,sqrt,2120042,1,1,0.8440685942232745,0.679425456265968,-0.10816154759514247,-0.27366285324844986,0.057339758058164866,-0.17663563846118313,0.8287729384589229,0.6521372999977397,0.8242034052032726,0.6831892437589615
460,b,sqrt,2120042,1,0,0.4024283649591037,0.40193266006755823,-0.069405499586907,-0.1516920502844411,0.012881051110627095,-0.15089969081385596,0.4593548416637062,0.30845515084985026,0.3655224480016902,0.40419761727472747
462,b,sqrt,2120042,0,0,0.47865047218885676,0.42464770166627225,0.00773901020019525,-0.1461763070057551,0.16165432740614552,-0.02877369342676961,0.4686118803771519,0.4398381869503823,0.4666605896496557,0.4551843316362172
465,b,sqrt,2120042,0,1,0.4172330240457683,0.6900246248962307,-0.08114550533136163,-0.2004896299702698,0.03819861930754653,-0.07352311822592295,0.7800438405311805,0.7065207223052575,0.5135491930884887,0.7422861024929082
467,b,sqrt,2120042,0,0,0.1350732908901331,0.22568594311894344,-0.053726541349731885,-0.24685523455126918,0.13940215185180532,0.18109530692018136,0.12685755243371818,0.30795285935389954,0.1888332524081815,0.16105436823531388
468,b,sqrt,2120042,1,0,0.4483568354744622,0.5276439125487666,-0.14041375542798842,-0.2738963498375406,-0.006931161018436327,-0.36394341785118856,0.7078781761015418,0.34393475825035325,0.42845601156518937,0.5519444308536183
474,b,sqrt,2120042,0,0,0.33881070959828874,0.4436019602818864,-0.07056493337020495,-0.20153708878156373,0.06040722204115381,0.27024214191256124,0.30007158198562,0.5703137238981812,0.4170023363305006,0.4127631865381167
478,b,sqrt,2120042,1,0,0.48723028325109485,0.1710359893641993,-0.122339324262127,-0.2730546321676886,0.028375983643434563,-0.14113139488284232,0.2377741189742361,0.09664272409139375,0.27379783230036064,0.19913264898578764
481,b,sqrt,2120042,0,1,0.4282127814573279,0.4313406016002971,-0.054268556626146595,-0.20522494528462942,0.09668783203233619,0.24256774419822325,0.2663753158727359,0.5089430600709591,0.2853642948162681,0.33559548914103476
486,b,sqrt,2120042,1,1,0.7634022608258579,0.4815082647443362,-0.13531915646047668,-0.34938494385269386,0.07874663093174047,-0.6892153014395378,0.8677382394188814,0.1785229379793436,0.807107991999281,0.3114670614188369
487,b,sqrt,2120042,1,1,0.8474463251707374,0.5287082580916644,-0.07335227011093232,-0.19694145504364383,0.050236914821779166,-0.028156691615068175,0.6387406477170029,0.6105839561019347,0.8811791752215618,0.6139295574226692
498,b,sqrt,2120042,0,0,0.1841003403383576,0.03534359636741852,-0.22215091966573608,-0.3367787537529495,-0.10752308557852266,-0.1062618189134249,0.10974740599329373,0.003485587079868836,0.19058570392071683,0.0894954224357829
503,b,sqrt,2120042,0,0,0.32313041921614255,0.1625851443094627,-0.09282196869051389,-0.23200203594678975,0.046358098565761965,-0.16728505428348134,0.2635262519296023,0.09624119764612094,0.40711586132784927,0.19542185296770676
507,b,sqrt,2120042,1,1,0.8868668653148276,0.8337717890611822,-0.10983237522375132,-0.24182266193897334,0.022157911491470686,-0.030854928811506976,0.9308527063190833,0.8999977775075764,0.8926277089340195,0.9033107419047457
508,b,sqrt,2120042,0,0,0.48577801233319395,0.22530210069384116,-0.0958698917527211,-0.3007760021506404,0.10903621864519812,-0.05620972089686527,0.2627225744829081,0.20651285358604282,0.5311711209732923,0.23286559402452428
514,b,sqrt,2120042,1,1,0.8639131575667518,0.7752644052391782,-0.08819153179062841,-0.19676958646664786,0.020386522885391015,-0.061478120138046544,0.8845825250519558,0.8231044049139092,0.8943195699412145,0.8296014390893036
526,b,sqrt,2120042,0,0,0.04054364872391255,0.09535994895416192,-0.0972528984826533,-0.286488778088958,0.09198298112365137,0.020299231269924375,0.06015719113646259,0.08045642240638697,0.05466687900003019,0.06126688675608918
528,b,sqrt,2120042,1,1,0.9248656611216415,0.6592696059160732,-0.1870145562481182,-0.29316639407191225,-0.08086271842432417,-0.3151680255715663,0.877924904862706,0.5627568792911397,0.8946923510881424,0.5959464830762735
532,b,sqrt,2120042,1,0,0.6470615362149241,0.2001643182872969,-0.1686334799514256,-0.34542475251703486,0.008157792614183645,-0.5334643262344162,0.5735551216747997,0.040090795440383485,0.6066516810570359,0.24992809138073208
534,b,sqrt,2120042,0,1,0.5815084628500126,0.9323048448198813,0.01950261980152684,-0.19056672659884208,0.2295719662018957,0.13543398492073888,0.8396523821431012,0.9750863670638401,0.6415710899254514,0.9265429114616468
535,b,sqrt,2120042,0,0,0.6203669491930299,0.22286828703720793,-0.05064909575239629,-0.2241584690525185,0.12286027754772588,0.03704061610492676,0.22099152902364283,0.2580321451285696,0.40412609914286823,0.23596060871997537
538,b,sqrt,2120042,1,0,0.8363790299029905,0.6334282239293194,-0.062257366192112744,-0.14961498151207825,0.025100249127852754,-0.06212851278558973,0.7780343272758928,0.7159058144903031,0.8082821081633567,0.7278169619845023
539,b,sqrt,2120042,0,1,0.3905844620740821,0.38286948893559897,-0.15753655716022022,-0.28967693516721515,-0.025396179153225285,-0.11126006308263126,0.4664730480873413,0.35521298500471005,0.46073813292230986,0.41521129435383136
546,b,sqrt,2120042,0,0,0.20798361976559257,0.0983670683549301,-0.1263352178395325,-0.3591982235471119,0.10652778786804684,-0.06620608679353736,0.1411022908806444,0.07489620408710705,0.2563020340491129,0.12413353616902867
549,b,sqrt,2120042,1,0,0.7402989567689443,0.3157692382394166,-0.1181879730058415,-0.2662592101317731,0.029883264120090097,-0.22605679180368443,0.5078172149242439,0.2817604231205595,0.8011893584262512,0.32670291893115333
550,b,sqrt,2120042,0,0,0.12980924680641287,0.05950491511737695,-0.19989980302948204,-0.2869983544698605,-0.11280125158910359,-0.08381602753461014,0.09640615135008752,0.012590123815477389,0.13400979470830476,0.0851739827069088
552,b,sqrt,2120042,1,0,0.4471425971641668,0.1893094182038983,-0.09014436550098612,-0.2495161842113669,0.06922745320939463,0.08753892270289004,0.1992963733242461,0.28683529602713614,0.4572237483724141,0.23932124769094448
559,b,sqrt,2120042,1,0,0.6732586391720883,0.27553376521533696,-0.15058016346101435,-0.32422272312818723,0.02306239620615852,-0.36576085048430995,0.5887644136938451,0.22300356320953515,0.7184678395003896,0.32597700567255794
560,b,sqrt,2120042,1,1,0.9471100586988215,0.6489865842140483,-0.12376560369235577,-0.264196144868262,0.01666493748355037,-0.06469990771798673,0.840006845109726,0.7753069373917393,0.9520143474859696,0.7784116046811844
561,b,sqrt,2120042,1,0,0.5234595720021551,0.34595256888709675,-0.04019061942053504,-0.17616466075106774,0.09578342190999764,-0.14847635272894044,0.47000754047362386,0.3215311877446834,0.49528534616089104,0.39646937871556404
563,b,sqrt,2120042,0,0,0.2841851112461343,0.18062277360235868,-0.08144652750531182,-0.21156165134123334,0.04866859633060967,0.08723419972137467,0.16780480528123268,0.25503900500260734,0.31333299897025074,0.19513815869270082
568,b,sqrt,2120042,1,1,0.9449780469966738,0.8861385698325828,-0.1868492134259991,-0.4170765508179324,0.04337812396593413,-0.11006768648138565,0.9621006613342603,0.8520329748528747,0.9575199301970099,0.8567086578576576
569,b,sqrt,2120042,0,1,0.5664770107387664,0.7937336700240837,-0.08341341963169194,-0.22074808658677839,0.05392124732339448,-0.03506472883281053,0.8463245486547423,0.8112598198219317,0.667795473870383,0.8229084814476991
571,b,sqrt,2120042,0,0,0.019855087168656475,0.2026255574954164,-0.005032192628700773,-0.2433358634357006,0.233271478178299,0.17274679823127478,0.07316077366171819,0.24590757189299298,0.020388722435939765,0.07668286018255294
576,b,sqrt,2120042,1,0,0.9853443699394344,0.7917399204949945,-0.17121052304497164,-0.25817853263772933,-0.08424251345221397,-0.13762755085764844,0.9336653303150813,0.7960377794574328,0.9855241777839763,0.7980300514156748
578,b,sqrt,2120042,0,0,0.4765226316134231,0.2628269510059772,-0.09682590603657906,-0.19403152061249107,0.00037970853933290416,-0.1661069213092291,0.37306363189420844,0.20695671058497933,0.30633299155751065,0.3221796017711443
580,b,sqrt,2120042,1,1,0.967728637672888,0.9372838024678931,0.004520323626580065,-0.15941597646559516,0.16845662371875525,0.041240948763694774,0.9508598933381807,0.9921008421018754,0.9665661090584269,0.990721996718583
584,b,sqrt,2120042,1,0,0.49606443976495906,0.6151507721901641,-0.06131916979382941,-0.19391771923907952,0.07127937965142069,-0.18620539681394355,0.7916820777128901,0.6054766808989466,0.47263355488663145,0.7036751590776402
588,b,sqrt,2120042,1,1,0.7233632879466073,0.6820686733355091,-0.035412713937472896,-0.15166754167160645,0.08084211379666065,0.05151712594740754,0.7716016543161577,0.8231187802635652,0.7264867484806898,0.80902816363676
594,b,sqrt,2120042,0,1,0.33446389960774797,0.2574543899444244,-0.1598312126394567,-0.32620899573771645,0.006546570458802942,-0.1845762402931477,0.3341791213468299,0.14960288105368222,0.2895476165668742,0.28073551089507437
599,b,sqrt,2120042,0,1,0.23332136897242878,0.09242395859166597,-0.1251160077774104,-0.2645812015834577,0.014349186028636884,-0.017020805613165407,0.0815640556751646,0.0645432500619992,0.1107623584300319,0.07967879110307127
603,b,sqrt,2120042,1,1,0.9507363980824397,0.699357737584698,-0.15444893138684057,-0.36775196740091143,0.05885410462723023,-0.4064471216929251,0.9031243204678541,0.496677198774929,0.8781433534838903,0.546205482010554
606,b,sqrt,2120042,0,1,0.08509810817229162,0.17406501727012808,-0.0956230708433971,-0.2829289571472173,0.091682815460423,-0.0810499975355446,0.21978098697191426,0.13873098943636966,0.045834318428495995,0.2160661155762413
607,b,sqrt,2120042,0,0,0.07558787305919532,0.2062541872014653,-0.1113694962379027,-0.2593853667473567,0.03664637427155128,-0.20262165996000597,0.3087378023791391,0.10611614241913314,0.07743012434549355,0.29304878205334556
609,b,sqrt,2120042,0,1,0.2830671096982683,0.11232492815772263,-0.11402179047525818,-0.2866705500448214,0.05862696909430501,-0.17815202596793825,0.22489714031231664,0.046745114344378384,0.3450213473808075,0.163430888274238
614,b,sqrt,2120042,1,1,0.7362343830426404,0.622702992333425,-0.10336488553803265,-0.22368776262093715,0.016957991544871834,0.13800989485438941,0.6359172787744115,0.7739271736288009,0.8274743251071385,0.7501169233771545
617,b,sqrt,2120042,1,0,0.7992099545377905,0.6495494978985322,-0.21756328597812513,-0.35926575769809166,-0.0758608142581586,-0.32977963417948597,0.8338032757051225,0.5040236415256365,0.8485350583833042,0.5539736945630076
621,b,sqrt,2120042,1,1,0.6429421287899805,0.5857949847664887,-0.07998960714599695,-0.17349722811790813,0.013518013825914207,-0.10300534475910206,0.7057406494157711,0.602735304656669,0.6270415558891259,0.6411520177731279
626,b,sqrt,2120042,1,0,0.6245951068413296,0.15759177970184263,-0.0994593671584908,-0.3322396006970925,0.13332086638011087,-0.14734105843629364,0.26353475745247545,0.11619369901618182,0.5408398945646613,0.18384683494274479
638,b,sqrt,2120042,1,0,0.20499978872811364,0.05245124700137811,-0.11743769528067231,-0.24465101581267024,0.009775625251325595,-0.028967779075204383,0.061277322843089226,0.03230954376788484,0.21730089998808788,0.054982598379391213
648,b,sqrt,2120042,1,1,0.4103695235158759,0.8702092373830709,-0.08097103556998793,-0.18165850163345731,0.019716430493481416,0.22657797391420198,0.7325950095116571,0.9591729834258591,0.446193692985528,0.8336926724416136
651,b,sqrt,2120042,1,0,0.6891365312077637,0.40512504685417616,-0.0914511543935326,-0.2104746668514299,0.027572358064364685,0.14285091672279376,0.2851618328993221,0.4280127496221159,0.7508626695093064,0.39242325357165064
656,b,sqrt,2120042,0,0,0.22067453984345226,0.5370026699124846,-0.10551311362687499,-0.19428090625239797,-0.016745321001352037,0.008071797181922913,0.46869912424753557,0.4767709214294585,0.22802004329675454,0.4705396557904402
662,b,sqrt,2120042,0,0,0.5416836466239007,0.3468763432089087,-0.04122878538746722,-0.16532151757414226,0.08286394679920778,0.12090442381375327,0.2880053588167833,0.40890978263053657,0.3957846009982411,0.33585746795483185
663,b,sqrt,2120042,1,1,0.5589397903441173,0.5390778136460163,-0.04020910633633047,-0.1144069470242188,0.033988734351557845,-0.0006267839972746714,0.6515715924340533,0.6509448084367786,0.5681953671368609,0.6512154566706063
676,b,sqrt,2120042,1,0,0.5566998874301575,0.538069412472769,-0.060345149370482465,-0.22672762101480776,0.1060373222738428,0.288078314021742,0.4324920904579289,0.7205704044796709,0.6529119529093504,0.6205818650566977
680,b,sqrt,2120042,1,0,0.7349561863941998,0.12067787268165805,-0.13610175286187032,-0.23350836264995284,-0.038695143073787824,-0.21676132704337042,0.27484012746336883,0.05807880041999842,0.7595694039485262,0.11019485548194441
684,b,sqrt,2120042,0,0,0.514941246674879,0.10344957755984638,-0.12702471035962135,-0.24427302866960904,-0.009776392049633667,-0.09365228131014089,0.1535330244619221,0.05988074315178122,0.2799397036695437,0.12731603258398452
689,b,sqrt,2120042,1,1,0.9597845166694242,0.9687095552656053,-0.06477239141628095,-0.1884478163233121,0.05890303349075014,0.028437736123359203,0.9572782937779396,0.9857160299012988,0.9706128031462105,0.9848803245517656
702,b,sqrt,2120042,0,0,0.010313961985153811,0.038906738187203124,-0.0874081791654245,-0.29010301073082806,0.11528665239997903,-0.008814129041007847,0.027598928413820053,0.018784799372812206,0.012737884181278832,0.027486655058936847
705,b,sqrt,2120042,1,0,0.9814620188370482,0.7565999416957399,-0.24359524009140532,-0.3258325857975809,-0.16135789438522974,-0.24861107127745252,0.9414393089611733,0.6928282376837208,0.9809324818902252,0.6975686337875942
707,b,sqrt,2120042,1,0,0.28301996179456085,0.05307673799473239,-0.19944181741690983,-0.3083084315934833,-0.09057520324033641,-0.18261274863827542,0.1878998981069971,0.005287149468721667,0.2347415664691916,0.14503309543440357
708,b,sqrt,2120042,0,0,0.3080407241060236,0.1695097342545498,-0.1814651524556471,-0.2713417889914656,-0.0915885159198286,-0.3033594815556778,0.3504194567553186,0.04705997519964079,0.374407833118835,0.2368392906100041
712,b,sqrt,2120042,0,0,0.11970822186442012,0.16219693124211365,-0.0827678433574262,-0.178885371440731,0.013349684725878594,0.20262182932038472,0.14691061958728588,0.3495324489076706,0.05606427893599119,0.15827046634482472
713,b,sqrt,2120042,0,1,0.23573177056058064,0.8774745071417691,-0.04219558698590816,-0.22985827016240967,0.1454670961905933,0.18351149860665072,0.775833119343291,0.9593446179499417,0.3611110149512662,0.8421011428603665
723,b,sqrt,2120042,1,1,0.9515649486561637,0.7155154200630337,-0.0031725558573338876,-0.1229320602005165,0.11658694848584869,-0.013981278819158116,0.8683621139850527,0.8543808351658946,0.9403397493894873,0.855214961764101
727,b,sqrt,2120042,0,0,0.0033846933025817273,0.06391872093659612,-0.08552791574664541,-0.2676437932863426,0.0965879617930517,0.01940221066508254,0.03568903252242936,0.0550912431875119,0.004415015471387493,0.03577469358269482
735,b,sqrt,2120042,1,1,0.8514930300894576,0.7109136102882536,-0.043465255156869935,-0.26234322187535486,0.17541271156161492,0.2892291597635016,0.6042732494725858,0.8935024092360874,0.85753976359256,0.8522987547602537
739,b,sqrt,2120042,0,1,0.08479013076854972,0.18440069318767177,-0.10969220462604079,-0.21188242051023762,-0.007501988741843976,0.04653584065128688,0.23099895524207756,0.27753479589336444,0.10826828795026494,0.23603731103771872
743,b,sqrt,2120042,1,0,0.8137089642780575,0.6114074507325379,-0.18903684670085522,-0.3784356576224932,0.0003619642207826901,-0.3588049137290085,0.8478417441080576,0.48903683037904905,0.8540792214123399,0.5413939227514641
744,b,sqrt,2120042,0,0,0.09488103843360278,0.04260853321053375,-0.053542127473897805,-0.22402462533242193,0.11694037038462629,0.00043827428651807554,0.026528100992398846,0.02696637527891692,0.03804426145219432,0.026544774813942913
752,b,sqrt,2120042,1,0,0.32361583636005403,0.2455464846762844,-0.11845279034619577,-0.21111771854125655,-0.025787862151135016,-0.048624029853681416,0.3276257229580346,0.2790016931043532,0.4051996569380795,0.3079232827423759
760,b,sqrt,2120042,1,1,0.7417079527974615,0.827801313425122,-0.13549405852292973,-0.3146943171683476,0.043706200122488104,-0.1049719012824385,0.9221465373701752,0.8171746360877367,0.8120115327351075,0.8369081429157039
773,b,sqrt,2120042,1,1,0.9149352208261268,0.9122707163202002,-0.09230863718479529,-0.25757332163972946,0.07295604727013885,-0.05078761983714952,0.9666567816878695,0.91586916185072,0.9159070005121013,0.9201400451396771
776,b,sqrt,2120042,0,0,0.14399500690978329,0.09852111206939891,-0.02205498897163393,-0.16296387817155347,0.11885390022828557,0.11215936655437345,0.0472359901847925,0.15939535673916594,0.07290723182044223,0.05541321912300616
779,b,sqrt,2120042,0,0,0.2596631896181235,0.41337134809847614,-0.08207481068964248,-0.2633965625699785,0.09924694119069352,0.2102850669914252,0.22621397008186886,0.43649903707329407,0.3629244759380927,0.30253156781733853
781,b,sqrt,2120042,1,1,0.6466457805822909,0.7706239598293834,-0.09782279943691785,-0.2573328530106832,0.06168725413684745,0.031273744586730046,0.8283829563994728,0.8596567009862028,0.7461971474210043,0.8517193353992638
782,b,sqrt,2120042,1,0,0.9197176837880283,0.3583676702258228,-0.14213151649364406,-0.23014388918465473,-0.054119143802633385,-0.27881971225762575,0.5994415106886838,0.32062179843105804,0.8619811840905949,0.3591041649690566
783,b,sqrt,2120042,0,0,0.05270327226582516,0.24231001032535585,-0.0558368318365367,-0.1721156283836864,0.06044196471061299,0.11768093960974968,0.16619341714787256,0.28387435675762224,0.05485994054116541,0.1726493864976919
786,b,sqrt,2120042,0,0,0.039203914549845995,0.11754793539555627,-0.11004814082979096,-0.25913437113301285,0.03903808947343089,-0.1204466128067492,0.16532041866408156,0.044873805857332354,0.05941604163077386,0.15816395770327005
798,b,sqrt,2120042,1,1,0.8310939092846896,0.7817037783689051,-0.07061702753581865,-0.16041193012295096,0.019177875051313645,-0.012829595656138837,0.8710496929005754,0.8582200972444366,0.8434126957509361,0.8602290490428369
822,b,sqrt,2120042,0,0,0.7929162062636265,0.7212571103725314,-0.01835277967707339,-0.14694180461159895,0.11023624525745213,0.15687867128973654,0.7780227700505881,0.9349014413403246,0.7866852715996432,0.9014369101823456
827,b,sqrt,2120042,0,1,0.20568917046778706,0.4148132146164598,-0.22484880576570274,-0.3682998429159823,-0.08139776861542322,-0.47170840662307595,0.6500277796996768,0.1783193730766009,0.24463777729865077,0.5346300835703194
839,b,sqrt,2120042,0,0,0.34900428831216096,0.0521659046995791,-0.13995791011507913,-0.2644102753712938,-0.015505544858864517,-0.082870305049013,0.09704353328678197,0.01417322823776898,0.162343632639872,0.08359006692715087
841,b,sqrt,2120042,0,0,0.020364235298090984,0.10547080199653358,-0.1051964657194486,-0.2219494082614888,0.011556476822591574,-0.010820327453034226,0.09911358918728445,0.08829326173425023,0.034639969991106065,0.09873877336901742
845,b,sqrt,2120042,1,1,0.7831632836973945,0.5004985823946486,-0.016915210253805237,-0.10828870477550123,0.07445828426789072,-0.054967122143437575,0.679755636458759,0.6247885143153215,0.7638252185778449,0.6377703623729527
848,b,sqrt,2120042,0,0,0.04406622197609818,0.1993024335138449,-0.10090316554464963,-0.2537189306716722,0.051912599582372945,0.0857810802170664,0.15080779969315497,0.23658887991022137,0.05969038884345037,0.1559281057267229
859,b,sqrt,2120042,1,1,0.7577465749441632,0.7222221491345306,-0.06307277580457728,-0.20639505194239222,0.08024950033323762,0.10091643251497262,0.7428263810643577,0.8437428135793303,0.8320547758187614,0.8267943806970325
868,b,sqrt,2120042,1,0,0.2113161293778058,0.06523858845763553,-0.0791609831517306,-0.1644700629788336,0.006148096675372347,-0.03768758335333155,0.08397151622017748,0.046283932866845935,0.23923225370276432,0.07495543071794919
875,b,sqrt,2120042,1,1,0.21173312188706034,0.25174544394042514,0.008813169269518513,-0.08982615933066453,0.10745249786970153,0.2750351541256375,0.13981080528827883,0.41484595941391633,0.19551987810503407,0.19358564509752274
890,b,sqrt,2120042,1,1,0.9875958957338474,0.7262527215123555,-0.09497198369258943,-0.21605523273362792,0.026111265348449056,-0.020946677854016382,0.8906656266682582,0.8697189488142418,0.9874817561550102,0.8699811644353609
892,b,sqrt,2120042,0,0,0.8129880490909652,0.15887387402908065,-0.1441220331746138,-0.3276372347224128,0.03939316837318518,-0.4218944972490402,0.4749578951993378,0.053063397950297596,0.752638681307789,0.15742377713880756
893,b,sqrt,2120042,0,1,0.36787952659369827,0.22023302209615309,-0.0976911444642952,-0.20641168897840712,0.011029400049816687,-0.13899119129057289,0.2884059010666973,0.1494147097761244,0.20296380287330745,0.2601957203164713
898,b,sqrt,2120042,1,1,0.46145886397007124,0.7449532811308578,-0.12821148093220078,-0.24713149787492963,-0.009291463989471949,0.11489019733853345,0.5760315391701575,0.6909217365086909,0.47972378810490296,0.6311470998535185
908,b,sqrt,2120042,1,1,0.6304537804685545,0.5336610992935452,-0.1346781723116239,-0.24910690079855982,-0.020249443824688004,0.2700079153490359,0.5696492081263452,0.8396571234753811,0.6849639978240327,0.7545949092679538
913,b,sqrt,2120042,0,0,0.3938676467928744,0.47414093163040105,0.029780555114982593,-0.16741440944402075,0.22697551967398588,0.5763362625455206,0.21409661929254425,0.7904328818380649,0.36702698783272614,0.4256275817133979
915,b,sqrt,2120042,1,1,0.9516817235951146,0.7510605331709215,-0.09473053132659362,-0.17630969225013365,-0.0131513704030536,-0.10460704553612188,0.9122655745034537,0.8076585289673318,0.9415880973154946,0.8137688255313014
917,b,sqrt,2120042,1,0,0.923547639680398,0.6492729637535324,-0.080801095835873,-0.16371588102456425,0.002113689352818235,0.012647334156821954,0.7540394926111339,0.7666868267679559,0.9317451813874247,0.7658235852691494
924,b,sqrt,2120042,0,1,0.041030561202981805,0.2854328578951736,-0.2024636018859948,-0.29114404226060353,-0.1137831615113861,-0.03518580558050255,0.34295445282315096,0.3077686472426484,0.03257650484478903,0.34180822225718993
929,b,sqrt,2120042,1,0,0.6641306780158877,0.5395649904255758,-0.07196804289749356,-0.1536996996103499,0.009763613815362754,-0.2246108655442407,0.7244357997544417,0.499824934210201,0.6590473051994321,0.5764066140989978
934,b,sqrt,2120042,0,0,0.1797098470536451,0.2064305721589692,-0.18244833240966832,-0.27459994412437666,-0.09029672069496002,-0.17923562100166213,0.30255577023811625,0.12332014923645412,0.22882149384738068,0.26154280768985294
955,b,sqrt,2120042,1,1,0.8205547139072873,0.44484377759347343,-0.1296465090528181,-0.25207015259545384,-0.007222865510182405,-0.4074361291328243,0.7758676384475641,0.36843150931473984,0.8734804756292069,0.41998013458410177
960,b,sqrt,2120042,1,1,0.364016542913537,0.5496452027519075,0.02300595499295224,-0.13096280330465876,0.17697471329056322,0.30302428580824725,0.4145443547009303,0.7175686405091776,0.3800930993244424,0.5297217946643626
961,b,sqrt,2120042,0,1,0.5511844654836662,0.3286875014739229,-0.056333644698178184,-0.18620008645491715,0.07353279705856076,-0.17386110854674186,0.4319105760822528,0.25804946753551095,0.49347354839846846,0.3461147179192008
967,b,sqrt,2120042,0,0,0.6305446163002182,0.5452048937335419,-0.04522969166720963,-0.22369492635674412,0.13323554302232482,0.11315424130412288,0.5413987873849739,0.6545530286890968,0.44694083003004204,0.5919720379148583
976,b,sqrt,2120042,0,0,0.1836577978310355,0.0954493415300306,-0.16552903686859635,-0.2619790341686924,-0.06907903956850031,-0.10435438224184548,0.15809386067540734,0.05373947843356186,0.20179595515564355,0.13703556843623702
977,b,sqrt,2120042,1,0,0.9286328163703927,0.6774655735366778,-0.03434215195528925,-0.21939609897248508,0.15071179506190652,0.2172265382051104,0.6784268664625951,0.8956534046677055,0.9400329381747864,0.8826269674210825
980,b,sqrt,2120042,1,1,0.8924366609691375,0.6754268292780374,-0.09895325164823418,-0.2567484456427005,0.05884194234623208,-0.1328309937568829,0.8403143102576274,0.7074833165007445,0.9173360209342071,0.7184636549879518
986,b,sqrt,2120042,1,0,0.7196015329911128,0.2572988841497181,-0.11575177485714325,-0.27084842533825604,0.039344875623969544,-0.21930664730454208,0.3912007173486197,0.17189407004407764,0.6588215068712526,0.24671678150455897
987,b,sqrt,2120042,0,0,0.38229222080670555,0.3601402704634302,-0.06812723760352336,-0.16249522868894817,0.026240753481901427,0.16537846499403014,0.35989141899015303,0.5252698839841832,0.3384405855504341,0.41586220352016456
989,b,sqrt,2120042,0,0,0.421872106811635,0.2219669674903016,-0.13646722992066493,-0.24001744741910502,-0.03291701242222485,-0.22553091570484401,0.34182879340480493,0.11629787769996093,0.2358266405545143,0.2886425952129482
5,c,all,1120042,1,1,0.5795099407346893,0.4538367246659664,0.028273251906070055,-0.15681810707731958,0.21336461088945965,0.29544125881310984,0.4283602486568981,0.7238015074700079,0.5143494763770452,0.5803203054275963
12,c,all,1120042,0,1,0.25634436282965567,0.3155464893978257,-0.05435698475628027,-0.18740398441101525,0.07869001489845469,-0.1020346687031714,0.35251383485816296,0.25047916615499155,0.22807181354145364,0.3292426029229293
15,c,all,1120042,1,0,0.5723121503402376,0.07118001064913923,0.029458497429401063,-0.1130646107481593,0.1719816056069614,-0.003080297422145953,0.08496536053642435,0.0818850631142784,0.5888855260374319,0.08315141796863218
30,c,all,1120042,0,0,0.5704623645591489,0.21940483178855125,-0.13422876371029835,-0.25999770060319405,-0.008459826817402705,-0.15824629257148742,0.32006203944320166,0.16181574687171424,0.5261665055811847,0.23679814065968435
35,c,all,1120042,1,1,0.9786739657392877,0.960822905856447,0.06392167796693875,-0.05708823061800175,0.18493158655187922,0.011426825642477212,0.9756257658102383,0.9870525914527155,0.9757346483150356,0.986775315509858
39,c,all,1120042,1,0,0.7563312812814935,0.44306084397870127,-0.01792652827132501,-0.15652971679703978,0.12067666025438972,-0.0787740414269622,0.5056272841792651,0.42685324275230285,0.77152706901285,0.4448509788828241
40,c,all,1120042,0,0,0.3237420599830905,0.29829460829318116,-0.003779978684532958,-0.1860754065983934,0.17851544922932747,0.060474988513839145,0.3131862436036617,0.37366123211750085,0.36407388745256936,0.3352036077655446
43,c,all,1120042,1,0,0.7047099212791663,0.49538448081499065,-0.15844113044592698,-0.370349087526466,0.053466826634612025,-0.19702180525731344,0.6091152747624241,0.41209346950511067,0.6567057331961557,0.4797299256852899
45,c,all,1120042,0,0,0.1437516716050587,0.25571509261899533,-0.03452290586995581,-0.32323155479324667,0.25418574305333497,0.13139903885494988,0.2165379872607052,0.3479370261156551,0.17346042267748582,0.2393305200799002
48,c,all,1120042,1,1,0.2869094591298208,0.5200283869835887,-0.060841678170090875,-0.2204473103979159,0.09876395405773411,-0.02351093248221392,0.4828213005356463,0.4593103680534324,0.42933764997077845,0.47272717203511094
63,c,all,1120042,1,0,0.6299929194432844,0.09389999784630385,-0.039460271789913015,-0.192620703976033,0.11370016039620695,-0.08061850681857732,0.15433536704847534,0.07371686022989801,0.6257533169734277,0.10388806899730568
67,c,all,1120042,1,1,0.45136367442141934,0.40273088169296534,-0.19515879088057148,-0.3433285610713429,-0.04698902068980007,-0.4040936263411786,0.6270655271286899,0.22297190078751128,0.5184844589253166,0.41754926192001485
69,c,all,1120042,0,0,0.5079878119731548,0.44975389859313897,-0.04427247670814911,-0.16935618802615515,0.08081123460985692,-0.2535047085663173,0.6257136287774533,0.372208920211136,0.5819759402865388,0.4781799876425058
72,c,all,1120042,1,0,0.687680887309872,0.2581661358070122,-0.028166979181857843,-0.13004519948788068,0.07371124112416497,0.03393963416448598,0.2845721538079479,0.3185117879724339,0.7269864624971379,0.3092458083876346
75,c,all,1120042,1,0,0.9284421657491837,0.530545732093446,-0.002184072166838526,-0.10379554974501465,0.09942740541133757,-0.21905044290968123,0.7859902699448377,0.5669398270351564,0.9155184418716508,0.5854455497608714
85,c,all,1120042,0,0,0.008773461662729187,0.05109755699917493,0.00235015890659871,-0.1583138048381823,0.16301412265137968,-0.03033405828346857,0.05306870888576817,0.022734650602299605,0.012191215162621852,0.05269889985447889
93,c,all,1120042,0,1,0.130023011162489,0.16701344340059895,-0.18872194001030906,-0.26191880520106675,-0.11552507481955139,-0.24763340158643393,0.32022570877467954,0.0725923071882456,0.13659914574554174,0.28639919765990995
115,c,all,1120042,0,0,0.3157245845303031,0.16436003393132187,-0.07321247525751512,-0.22811592064380587,0.08169097012877558,-0.036066766855671034,0.2053367437300431,0.16926997687437206,0.1881577563382044,0.19855050180010692
116,c,all,1120042,0,1,0.14650089561447632,0.15602766967695833,-0.16007472625029387,-0.337493823727091,0.017344371226503286,-0.014342061446469406,0.14192494897859992,0.1275828875321305,0.1837349785468509,0.13928981062641524
121,c,all,1120042,1,0,0.928058756616359,0.4449361891024042,-0.28090761584310947,-0.4130452084530648,-0.14877002323315416,-0.578150415838105,0.8466828492611407,0.2685324334230356,0.8997037852763005,0.3265187316725304
122,c,all,1120042,1,0,0.7854315242155323,0.07005176903682984,-0.23549527692566638,-0.34197854225503793,-0.12901201159629488,-0.1662835077113541,0.20281166924209829,0.03652816153074418,0.7578750286730987,0.07678955106749236
123,c,all,1120042,0,1,0.24285397886031196,0.2891142413764237,-0.005129522835014168,-0.1314989180119968,0.12123987234196845,0.03246765507545743,0.22412970679849994,0.2565973618739574,0.15541688820093894,0.22917572871750896
126,c,all,1120042,0,0,0.2349973785016528,0.2693385153762674,-0.21319404842482062,-0.38344828566470607,-0.04293981118493523,-0.3010231687743369,0.44215599748635387,0.141132828712017,0.21023743122465782,0.3788696597441307
130,c,all,1120042,0,0,0.13407671620313125,0.07961827478601632,-0.006943548988211707,-0.26328573776594405,0.2493986397895206,0.006309753656425152,0.06615229801318433,0.07246205166960948,0.06622810440116784,0.0665701810370877
137,c,all,1120042,0,0,0.12386641372831915,0.06768471258818856,-0.21522539326153203,-0.404537373084875,-0.02591341343818912,-0.035394603233024145,0.0790729821473732,0.04367837891434905,0.08580984252666052,0.07603577681765378
145,c,all,1120042,1,0,0.41705238531687083,0.43019423865340467,-0.10122989470335433,-0.20091169841813983,-0.0015480909885688537,-0.33769143797714973,0.6919752618184105,0.3542838238412608,0.43705268699339506,0.5443863114758338
151,c,all,1120042,0,1,0.6197546289092177,0.31810246434372685,-0.2842801137712286,-0.5178856331215493,-0.05067459442090791,-0.31487008056515453,0.48899357852641573,0.17412349796126117,0.5564672015365533,0.31377870594673507
152,c,all,1120042,1,1,0.9830359957167152,0.6898611735217169,-0.03844418700463149,-0.2750843061010742,0.19819593209181122,-0.012172431745375523,0.8762847281697077,0.8641122964243322,0.9805114377218112,0.864349519618479
162,c,all,1120042,0,0,0.5552481046088609,0.6615882238485635,-0.21302006766490325,-0.36987499814342384,-0.05616513718638269,-0.1770906937214045,0.7830738531324425,0.605983159411038,0.5328644485720335,0.6887085182753474
167,c,all,1120042,0,1,0.48302295469853984,0.7763439758629804,0.020486282793699115,-0.20149969529820272,0.24247226088560092,0.060419762402974864,0.7836955006531895,0.8441152630561644,0.488703502712227,0.8132228501725638
169,c,all,1120042,1,1,0.7583598332357883,0.8869413440969263,-0.17868516421366729,-0.311364063352989,-0.046006265074345604,-0.059438745764093026,0.9330844701155844,0.8736457243514913,0.7742167680898258,0.8870659964707954
175,c,all,1120042,1,1,0.9906919064234747,0.6635117293858521,-0.1789514109652272,-0.2855908249148605,-0.07231199701559395,-0.13063141535059297,0.8737444653113482,0.7431130499607552,0.9694429817425687,0.7471047565046174
180,c,all,1120042,1,1,0.9431594287607539,0.6560185830053453,0.009761220752712636,-0.21356552279626267,0.23308796430168788,0.07214620573564456,0.7786322158744284,0.850778421610073,0.9543923084224109,0.8474879997103885
186,c,all,1120042,1,0,0.6104696005485014,0.2822875034246871,-0.07553043551887936,-0.21278625342317753,0.06172538238541875,-0.34838730337294177,0.4994029297137133,0.15101562634077156,0.6438615699902365,0.2750897335993462
193,c,all,1120042,0,0,0.3509801020968205,0.26746906079696997,-0.018483336152767742,-0.1412386509994838,0.10427197869394828,-0.07790570380726344,0.2953083622437127,0.21740265843644926,0.41432172147108914,0.26303033692987055
196,c,all,1120042,0,0,0.39530832788932496,0.3800266421379802,-0.04476292701102514,-0.15580218883224092,0.06627633481019063,0.18500422317417548,0.32434400872550756,0.509348231899683,0.3716162688907627,0.39309458787052864
198,c,all,1120042,0,0,0.07190005219011496,0.09578625194541361,-0.012613302052869568,-0.21414759046235793,0.18892098635661875,-0.09796041668062988,0.1586915272759424,0.06073111059531252,0.09028587933649393,0.14984708491576237
205,c,all,1120042,1,1,0.9613396544842974,0.5816504119753125,0.012315925355482947,-0.10687787915460326,0.1315097298655691,0.10039000345163385,0.6891605940965426,0.7895505975481765,0.9624369089430685,0.785779638707317
208,c,all,1120042,1,1,0.4020930077434365,0.5419701539529151,-0.12208621739591972,-0.2429174962210967,-0.0012549385707427835,-0.38364186382161225,0.7194421327827453,0.335800268961133,0.4072806738535624,0.5631922159670424
211,c,all,1120042,0,0,0.1245327252569393,0.14224924521077723,-0.04516076551934224,-0.22799033645950528,0.13766880542082077,0.039362356322426656,0.16438647521130773,0.20374883153373438,0.09642181922653781,0.1681818652169593
229,c,all,1120042,0,0,0.2621232533283572,0.06419290388977453,-0.006613640181032578,-0.1615497017084863,0.1483224213464211,-0.0181111175885878,0.06995670563525107,0.05184558804666327,0.30447931100626485,0.0644422450303244
237,c,all,1120042,0,1,0.17089158510717117,0.7903440719712191,0.028843400884724677,-0.15875459747410486,0.21644139924355416,0.014677238537030401,0.7975200380169778,0.8121972765540082,0.18990857655563823,0.8003073714953128
241,c,all,1120042,1,0,0.30261885809355343,0.3445045280194968,-0.1766280369661348,-0.30146816233540624,-0.05178791159686341,-0.2359562924134932,0.5015441113192208,0.26558781890572764,0.2950149658609628,0.4319334737681747
246,c,all,1120042,0,0,0.005692338093679031,0.041764964169164996,0.012202504412164193,-0.2091876498327845,0.23359265865711284,0.01186840094368172,0.018116439756915348,0.02998484070059707,0.0026243135065499405,0.018147586161813004
250,c,all,1120042,1,1,0.9465197750492464,0.6751346002015987,-0.1538424870705451,-0.23330965726982839,-0.07437531687126184,-0.14381661120733635,0.8672152602102811,0.7233986490029447,0.9507090811076705,0.7304875019213353
254,c,all,1120042,0,1,0.15724832167185027,0.16255735638160038,-0.005429634491378296,-0.2397293366969175,0.22887006771416088,0.11029612787953566,0.14744962685810456,0.2577457547376402,0.08493199342585338,0.15681729686606638
261,c,all,1120042,0,0,0.2035668815808304,0.387093334266194,-0.04933265185898604,-0.27017369027205157,0.17150838655407946,0.31285754382566056,0.3117214313126295,0.6245789751382901,0.1705389734222835,0.3650758356640747
264,c,all,1120042,1,1,0.5687037642510144,0.8295066338001847,-0.0479696524849719,-0.1815320759914388,0.08559277102149498,0.10130985419071503,0.7911490993565368,0.8924589535472518,0.5810993954074002,0.8500201943755732
265,c,all,1120042,0,0,0.5181619610469814,0.2845084867924121,-0.24778702755211704,-0.4521359614986805,-0.04343809360555362,-0.19966649402570194,0.44336264391079605,0.2436961498850941,0.5891544295672154,0.3257282445193978
270,c,all,1120042,0,0,0.13629795483786236,0.09318955076140835,-0.15978909809771527,-0.3682834209761642,0.04870522478073361,-0.05981133747776573,0.12230691731294828,0.06249557983518255,0.15266603857068187,0.11317575735860363
271,c,all,1120042,1,0,0.8546210098694014,0.9541555603427572,-0.07897129799178496,-0.18577407743799795,0.027831481454428,-0.027407061388611043,0.972040045003356,0.9446329836147449,0.8799152601270086,0.9479241534522794
277,c,all,1120042,1,1,0.9027483920149099,0.7486342783102978,0.07500763549070463,-0.11748200840890274,0.267497279390312,0.19707323380293573,0.7379585356450379,0.9350317694479736,0.8959221773328886,0.9145208163677975
278,c,all,1120042,1,1,0.9841651279161855,0.9196062819023793,-0.12479898163986018,-0.22875016218712207,-0.020847801092598317,-0.034983579731057146,0.9745499252614708,0.9395663455304136,0.9852240699610291,0.9400832604570325
282,c,all,1120042,0,0,0.6051305496028134,0.4427055322724863,-3.3137885095310335e-05,-0.22697760953428206,0.22691133376409137,0.2904593735133494,0.40130368088367085,0.6917630543970202,0.5875385209157825,0.571959751583829
284,c,all,1120042,0,1,0.28059544267700626,0.584743973485635,-0.041019070790975436,-0.17781301993736584,0.09577487835541493,0.18518688543613304,0.5345000271529722,0.7196869125891052,0.2848632031007027,0.5872529565105519
288,c,all,1120042,1,0,0.852059632776595,0.7137701694666436,-0.05288845984345413,-0.24792265613153053,0.1421457364446222,0.004640120746827181,0.8285928613323575,0.8332329820791847,0.8137217939140347,0.8323686287104435
294,c,all,1120042,1,1,0.8847277472983341,0.42768069035977857,-0.14815295058232578,-0.23466668328030205,-0.06163921788434952,-0.34951026332690505,0.6471311693923253,0.29762090606542024,0.836697904397772,0.35469666450119036
318,c,all,1120042,0,0,0.6250534679475723,0.4899685237307624,-0.019066899789975923,-0.1388766822245505,0.1007428826445986,-0.20199985734703257,0.5879283385482199,0.38592848120118733,0.47898390671963986,0.4911736577193283
319,c,all,1120042,1,1,0.9308190392508676,0.8273636067586752,0.012002250467013885,-0.19772221602470472,0.22172671695873247,0.04278373950332526,0.8493940089152403,0.8921777484185656,0.9507415839242936,0.8900702891768362
328,c,all,1120042,0,1,0.27963988530501427,0.2923196241303657,0.05759655387482686,-0.02973064060490388,0.14492374835455757,0.10327243996857394,0.20730761169537187,0.3105800516639458,0.24526855774207149,0.23263709410096867
334,c,all,1120042,0,0,0.17600898200510934,0.12592809276778683,-0.2118980384251621,-0.3835665905321833,-0.04022948631814097,-0.1484375342195409,0.1983455391861229,0.049908004966582015,0.20689159123360956,0.16763506153264873
339,c,all,1120042,0,1,0.778250916395819,0.8053296418123737,-0.27461022897695647,-0.43753615602655016,-0.11168430192736281,-0.04096418254395162,0.7913418013853089,0.7503776188413572,0.7738703643510148,0.7596408345146795
343,c,all,1120042,1,1,0.8779920732338832,0.48729871016220194,-0.047305527322750125,-0.26959575422370124,0.17498469957820093,-0.252500407706424,0.7443325037606942,0.49183209605427014,0.8958918058613752,0.5181194575198524
346,c,all,1120042,0,0,0.5658124678015921,0.2916861019350232,-0.15104316803110995,-0.25529682054451885,-0.04678951551770105,0.021257549177203516,0.4635368861105099,0.48479443528771343,0.5102592561944268,0.47438374734218625
347,c,all,1120042,0,1,0.09579716585287354,0.4285466470989947,-0.22298569982058117,-0.36327668836179794,-0.0826947112793644,0.0718545920669893,0.2615415662030328,0.3333961582700221,0.14896115907122268,0.27224510952192144
349,c,all,1120042,0,1,0.8829237622268957,0.7969397220462902,-0.057280296793932955,-0.15884030996442672,0.044279716376560765,0.03268878550218324,0.8558790417523827,0.888567827254566,0.90689913434711,0.8855244730271711
350,c,all,1120042,1,1,0.9973742424238331,0.920800968679834,-0.02105430465883412,-0.30231845788257106,0.26020984856490276,-0.01526830645046906,0.9870651730971797,0.9717968666467106,0.9973527060325942,0.9718372863422694
354,c,all,1120042,1,0,0.7082491267779003,0.5885550619538565,-0.01792652827132501,-0.15652971679703978,0.12067666025438972,-0.14297135067526034,0.6543294133891959,0.5113580627139356,0.651333622993829,0.5612073655695574
357,c,all,1120042,1,1,0.5663855336684623,0.5832321448491248,-0.22012157706122798,-0.33700569305264994,-0.10323746106980608,0.1013446835796018,0.4463772897496344,0.5477219733292362,0.6846059209937392,0.5157584601894668
360,c,all,1120042,1,0,0.3412657629327169,0.19991624681511508,-0.20302512996903116,-0.397788475112661,-0.008261784825401297,-0.20995476861796994,0.3185615885237857,0.10860681990581575,0.3064633309145173,0.2542181507917359
361,c,all,1120042,0,0,0.2768589477071071,0.20832456250053388,-0.108982895956008,-0.23326125871390496,0.01529546680188891,-0.0406445885166562,0.19061748277556523,0.14997289425890903,0.1473623882639726,0.18462799914174433
365,c,all,1120042,1,0,0.6800472503186337,0.28771294418683147,-0.19389019814836783,-0.35575297416644275,-0.03202742213029297,-0.3344524588585174,0.48247634363636255,0.14802388477784517,0.7037892739416086,0.24709229044834086
368,c,all,1120042,1,0,0.7344033841766269,0.3888808466789951,-0.167471211336824,-0.35020925321301555,0.015266830539367504,-0.05427466854280549,0.4718418589350713,0.4175671903922658,0.6540894483175863,0.4363413709302878
370,c,all,1120042,1,0,0.16386531345106772,0.03801651685690381,-0.36259127647773853,-0.548886797856233,-0.1762957550992442,-0.11224918810400103,0.11604627447767366,0.003797086373672619,0.11504539026639442,0.10313252282516294
380,c,all,1120042,0,1,0.833489037954595,0.356587592256022,-0.27489016277317957,-0.40070813193385335,-0.1490721936125058,-0.4595323870462047,0.6433774733254405,0.18384508627923582,0.6529940418405045,0.3433055625515242
384,c,all,1120042,1,1,0.8132495380169068,0.8763864956697166,0.04600218544822731,-0.22110673730417796,0.31311110820063254,0.0703099140074529,0.8886766336909452,0.9589865476983981,0.8125043706639047,0.945803746123004
392,c,all,1120042,1,1,0.8393814095162522,0.8138724082562883,-0.002385604483364927,-0.254188962476999,0.2494177535102691,0.0859568948245617,0.7956046715365747,0.8815615663611364,0.8949939681051641,0.8725355739216074
398,c,all,1120042,0,1,0.3785590436181826,0.37164636327183176,-0.24890955428858752,-0.4424065977375625,-0.055412510839612544,-0.3498504475078327,0.5910364248254103,0.2411859773175776,0.36176284124541397,0.4644735329239972
399,c,all,1120042,1,1,0.9970146286266044,0.8330526085140617,-0.14275149309402405,-0.2477038987545045,-0.03779908743354361,-0.029171536123289488,0.9512178017968141,0.9220462656735247,0.9962108424749547,0.9221568012191433
409,c,all,1120042,0,0,0.16108848708925477,0.38505198503875565,0.031899789933813386,-0.2570852660900265,0.3208848459576532,0.14554265152238055,0.3680844066924097,0.5136270582147903,0.16618931836081213,0.39227204074133937
422,c,all,1120042,1,1,0.4016981247030861,0.4134135046374263,0.07698064096979744,-0.0922552222165856,0.24621650415618046,0.04875396248008518,0.4200452914399601,0.4687992539200453,0.33848323217702997,0.436547690241657
424,c,all,1120042,1,0,0.8073598954004613,0.5721889064663956,-0.05704724895441077,-0.14938181560950098,0.035287317700679416,-0.411950972386599,0.8314253440689895,0.4194743716823905,0.8860761566800972,0.46640540971604305
429,c,all,1120042,0,0,0.04054208125764262,0.015415465732562732,-0.17206618783402114,-0.3389578216221011,-0.005174554045941249,0.0037726514360697343,0.01304897486216735,0.016821626298237084,0.014013887068759502,0.013101844373342225
431,c,all,1120042,1,1,0.41909244293591036,0.48339843987886705,-0.18987336821480247,-0.2762143252141825,-0.10353241121542249,-0.32665406706368566,0.7123240608538791,0.38566999379019345,0.26194947604164803,0.6267571991396732
433,c,all,1120042,0,0,0.023721087657617025,0.07276465874225169,-0.05733548948003102,-0.16450016824263355,0.04982918928257149,-0.03402153155820689,0.06847959303076086,0.034458061472553966,0.030148742780963526,0.06745388662679803
435,c,all,1120042,0,1,0.3061427875433654,0.700626917437417,0.005255158282402825,-0.11020077559645879,0.1207110921612644,-0.10742312894197681,0.7807369553595693,0.6733138264175925,0.43293691335902873,0.734229517492061
436,c,all,1120042,0,1,0.0399836780602693,0.20887029043875618,-0.3090421349937414,-0.4363856288418029,-0.1816986411456799,-0.3201538166817906,0.38261502886035376,0.06246121217856315,0.04558681888213726,0.368020234804856
446,c,all,1120042,1,0,0.1264833686632071,0.08754183965354545,-0.20743623937360006,-0.32902333222384084,-0.08584914652335933,-0.06432527410523083,0.14245327608668318,0.07812800198145235,0.13760778018982345,0.13360161790696043
447,c,all,1120042,1,1,0.5728568074196896,0.6648724371247139,-0.1916848360875354,-0.3954919623878479,0.012122290212777082,0.034144994760945346,0.7178406560241876,0.7519856507851329,0.5268957316826469,0.735831508022056
451,c,all,1120042,1,1,0.8444254813054439,0.6781222161862843,-0.27614873771601817,-0.40997489257752745,-0.14232258285450894,-0.17663563846118313,0.8287729384589229,0.6521372999977397,0.8242034052032726,0.6831892437589615
460,c,all,1120042,1,0,0.4015081191488899,0.4015520342975686,-0.043178242229781984,-0.13129160086088534,0.04493511640132134,-0.15089969081385596,0.4593548416637062,0.30845515084985026,0.3655224480016902,0.40419761727472747
462,c,all,1120042,0,0,0.47995226962218024,0.42316123966686997,-0.01856033702384686,-0.14460730407066397,0.1074866300229702,-0.02877369342676961,0.4686118803771519,0.4398381869503823,0.4666605896496557,0.4551843316362172
465,c,all,1120042,0,1,0.4186121225571804,0.6903555027779911,-0.07732582567997381,-0.2531631687720748,0.09851151741212713,-0.07352311822592295,0.7800438405311805,0.7065207223052575,0.5135491930884887,0.7422861024929082
467,c,all,1120042,0,0,0.1342401733103888,0.22484105768975188,0.07629729220617186,-0.1519901722014464,0.30458475661379003,0.18109530692018136,0.12685755243371818,0.30795285935389954,0.1888332524081815,0.16105436823531388
468,c,all,1120042,1,0,0.4473842545395611,0.529895746520903,-0.18974082032532574,-0.34852327638370534,-0.030958364266946176,-0.36394341785118856,0.7078781761015418,0.34393475825035325,0.42845601156518937,0.5519444308536183
474,c,all,1120042,0,0,0.33848953380953606,0.4437431303116669,0.009580815870861039,-0.19941910938260834,0.21858074112433037,0.27024214191256124,0.30007158198562,0.5703137238981812,0.4170023363305006,0.4127631865381167
478,c,all,1120042,1,0,0.4815879254233275,0.16815828655816542,-0.15340837876467453,-0.31271697475641846,0.0059002172270693765,-0.14113139488284232,0.2377741189742361,0.09664272409139375,0.27379783230036064,0.19913264898578764
481,c,all,1120042,0,1,0.4228237656759794,0.4404462708179714,0.0012301866280695637,-0.21555320945467854,0.21801358271081764,0.24256774419822325,0.2663753158727359,0.5089430600709591,0.2853642948162681,0.33559548914103476
486,c,all,1120042,1,1,0.7587397429099123,0.4762036150534132,-0.15167557597244666,-0.28768898927877384,-0.015662162666119556,-0.6892153014395378,0.8677382394188814,0.1785229379793436,0.807107991999281,0.3114670614188369
487,c,all,1120042,1,1,0.8500060230190346,0.5260554622274924,-0.06863874227837198,-0.21990131950342617,0.0826238349466822,-0.028156691615068175,0.6387406477170029,0.6105839561019347,0.8811791752215618,0.6139295574226692
498,c,all,1120042,0,0,0.180842069467446,0.03474413597458952,-0.3035367244457328,-0.47017637159059067,-0.13689707730087505,-0.1062618189134249,0.10974740599329373,0.003485587079868836,0.19058570392071683,0.0894954224357829
503,c,all,1120042,0,0,0.3158733490225002,0.15853159349320858,-0.0569514622570782,-0.1580047419085068,0.04410181739435037,-0.16728505428348134,0.2635262519296023,0.09624119764612094,0.40711586132784927,0.19542185296770676
507,c,all,1120042,1,1,0.8888542066688003,0.8359920924028177,-0.11131400493666975,-0.28553483246273625,0.06290682258939674,-0.030854928811506976,0.9308527063190833,0.8999977775075764,0.8926277089340195,0.9033107419047457
508,c,all,1120042,0,0,0.4861368559230739,0.22187266355716656,-0.05684574400676857,-0.18667887305594358,0.07298738504240643,-0.05620972089686527,0.2627225744829081,0.20651285358604282,0.5311711209732923,0.23286559402452428
514,c,all,1120042,1,1,0.8647892913411044,0.7761679862678833,-0.09943992209331362,-0.20232559738552253,0.0034457531988952572,-0.061478120138046544,0.8845825250519558,0.8231044049139092,0.8943195699412145,0.8296014390893036
526,c,all,1120042,0,0,0.039456746332682716,0.09443630355538443,-0.049733457657957225,-0.13874643279036483,0.039279517474450354,0.020299231269924375,0.06015719113646259,0.08045642240638697,0.05466687900003019,0.06126688675608918
528,c,all,1120042,1,1,0.9257797740573446,0.6608412985589942,-0.15046904515218196,-0.3208633120156857,0.019925221711321717,-0.3151680255715663,0.877924904862706,0.5627568792911397,0.8946923510881424,0.5959464830762735
532,c,all,1120042,1,0,0.6405983393398481,0.19536453691712477,-0.3409193650996422,-0.5591648253982523,-0.12267390480103219,-0.5334643262344162,0.5735551216747997,0.040090795440383485,0.6066516810570359,0.24992809138073208
534,c,all,1120042,0,1,0.574922516218826,0.9359668565212989,0.10030107884815342,-0.0685709051193813,0.2691730628156881,0.13543398492073888,0.8396523821431012,0.9750863670638401,0.6415710899254514,0.9265429114616468
535,c,all,1120042,0,0,0.6147030586072774,0.21875295045396662,-0.06877950601895028,-0.17172345969632313,0.03416444765842257,0.03704061610492676,0.22099152902364283,0.2580321451285696,0.40412609914286823,0.23596060871997537
538,c,all,1120042,1,0,0.8370200904420662,0.6371842010036332,-0.027139127745095214,-0.15571107505516588,0.10143281956497541,-0.06212851278558973,0.7780343272758928,0.7159058144903031,0.8082821081633567,0.7278169619845023
539,c,all,1120042,0,1,0.3879392846172719,0.38386340133079816,-0.17337798687717368,-0.3211120131903636,-0.025643960563983798,-0.11126006308263126,0.4664730480873413,0.35521298500471005,0.46073813292230986,0.41521129435383136
546,c,all,1120042,0,0,0.20731621333067357,0.09652850182168615,-0.1000080359369255,-0.19099604056541203,-0.009020031308439008,-0.06620608679353736,0.1411022908806444,0.07489620408710705,0.2563020340491129,0.12413353616902867
549,c,all,1120042,1,0,0.7399756948167913,0.3100032205687007,-0.005408383828642907,-0.2128236892146897,0.20200692155740385,-0.22605679180368443,0.5078172149242439,0.2817604231205595,0.8011893584262512,0.32670291893115333
550,c,all,1120042,0,0,0.1293658392831369,0.05883171754579166,-0.20118817069273956,-0.33743960536143514,-0.06493673602404407,-0.08381602753461014,0.09640615135008752,0.012590123815477389,0.13400979470830476,0.0851739827069088
552,c,all,1120042,1,0,0.4535026520730274,0.18965967460067157,-0.1289382249047506,-0.3060453733622357,0.0481689235527345,0.08753892270289004,0.1992963733242461,0.28683529602713614,0.4572237483724141,0.23932124769094448
559,c,all,1120042,1,0,0.6782126178562653,0.27594932424060925,-0.18960756534434117,-0.32705997731116443,-0.05215515337751797,-0.36576085048430995,0.5887644136938451,0.22300356320953515,0.7184678395003896,0.32597700567255794
560,c,all,1120042,1,1,0.9485907983199526,0.6528644179184996,-0.12844026821909593,-0.29528119005055464,0.03840065361236275,-0.06469990771798673,0.840006845109726,0.7753069373917393,0.9520143474859696,0.7784116046811844
561,c,all,1120042,1,0,0.5217864440997997,0.34432787211813604,-0.08187348951540767,-0.22926368214563086,0.06551670311481551,-0.14847635272894044,0.47000754047362386,0.3215311877446834,0.49528534616089104,0.39646937871556404
563,c,all,1120042,0,0,0.288810887092968,0.18098102712418604,-0.1332374478998337,-0.3147649876150902,0.048290091815422764,0.08723419972137467,0.16780480528123268,0.25503900500260734,0.31333299897025074,0.19513815869270082
568,c,all,1120042,1,1,0.945792509206312,0.8868332236311733,-0.20209554306447486,-0.3670381896620436,-0.0371528964669062,-0.11006768648138565,0.9621006613342603,0.8520329748528747,0.9575199301970099,0.8567086578576576
569,c,all,1120042,0,1,0.5699463291222611,0.7944201465389815,0.03163014732522364,-0.17099892861628663,0.23425922326673387,-0.03506472883281053,0.8463245486547423,0.8112598198219317,0.667795473870383,0.8229084814476991
571,c,all,1120042,0,0,0.019360718143083242,0.20212904424201766,0.11846741142544032,-0.12193292090820196,0.35886774375908254,0.17274679823127478,0.07316077366171819,0.24590757189299298,0.020388722435939765,0.07668286018255294
576,c,all,1120042,1,0,0.985657195683646,0.7904012675222625,-0.23914422470617355,-0.3940275299428818,-0.08426091946946535,-0.13762755085764844,0.9336653303150813,0.7960377794574328,0.9855241777839763,0.7980300514156748
578,c,all,1120042,0,0,0.4767550890856798,0.2592906969803374,-0.07010779228809556,-0.16313701888752238,0.02292143431133123,-0.1661069213092291,0.37306363189420844,0.20695671058497933,0.30633299155751065,0.3221796017711443
580,c,all,1120042,1,1,0.9683649971691306,0.9373258311670802,0.0676658038670402,-0.07293194878014907,0.20826355651422945,0.041240948763694774,0.9508598933381807,0.9921008421018754,0.9665661090584269,0.990721996718583
584,c,all,1120042,1,0,0.49698425281219805,0.6131683013636084,-0.06808350459819737,-0.2786806702005731,0.14251366100417825,-0.18620539681394355,0.7916820777128901,0.6054766808989466,0.47263355488663145,0.7036751590776402
588,c,all,1120042,1,1,0.7256973802344092,0.6843480839944683,-0.015369792289625967,-0.24693865529753264,0.21619907071828068,0.05151712594740754,0.7716016543161577,0.8231187802635652,0.7264867484806898,0.80902816363676
594,c,all,1120042,0,1,0.3328267557033292,0.2565078582404733,-0.15584120516213384,-0.2421204527046925,-0.06956195761957522,-0.1845762402931477,0.3341791213468299,0.14960288105368222,0.2895476165668742,0.28073551089507437
599,c,all,1120042,0,1,0.23146940847626968,0.09030329016421156,-0.0709493544259569,-0.19872677223078714,0.056828063378873306,-0.017020805613165407,0.0815640556751646,0.0645432500619992,0.1107623584300319,0.07967879110307127
603,c,all,1120042,1,1,0.950662659254123,0.6967093952267789,-0.18341725613358545,-0.383662449273677,0.016827937006506033,-0.4064471216929251,0.9031243204678541,0.496677198774929,0.8781433534838903,0.546205482010554
606,c,all,1120042,0,1,0.08517606265379603,0.1726932825481575,0.02205052860048007,-0.08526749825783907,0.1293685554587992,-0.0810499975355446,0.21978098697191426,0.13873098943636966,0.045834318428495995,0.2160661155762413
607,c,all,1120042,0,0,0.07414474202561468,0.2048679698877292,-0.004241247637250356,-0.13145865116673003,0.12297615589222928,-0.20262165996000597,0.3087378023791391,0.10611614241913314,0.07743012434549355,0.29304878205334556
609,c,all,1120042,0,1,0.27752184490103415,0.10971715898201159,-0.12619401603036112,-0.21929535494374158,-0.033092677116980704,-0.17815202596793825,0.22489714031231664,0.046745114344378384,0.3450213473808075,0.163430888274238
614,c,all,1120042,1,1,0.7368159723539404,0.6359210895611271,-0.06650308335155179,-0.2260555019822017,0.09304933527909807,0.13800989485438941,0.6359172787744115,0.7739271736288009,0.8274743251071385,0.7501169233771545
617,c,all,1120042,1,0,0.8010460484695189,0.650511355219487,-0.2645284773408993,-0.4890755488436491,-0.03998140583814952,-0.32977963417948597,0.8338032757051225,0.5040236415256365,0.8485350583833042,0.5539736945630076
621,c,all,1120042,1,1,0.6441455579586658,0.5836106553929661,-0.1157790400185126,-0.27378038823214385,0.042222308195118616,-0.10300534475910206,0.7057406494157711,0.602735304656669,0.6270415558891259,0.6411520177731279
626,c,all,1120042,1,0,0.6213043595348011,0.155859015377392,-0.14053092485562416,-0.24496556317110088,-0.036096286540147446,-0.14734105843629364,0.26353475745247545,0.11619369901618182,0.5408398945646613,0.18384683494274479
638,c,all,1120042,1,0,0.20200546242296272,0.051601145618087776,-0.15175233464150534,-0.28665140891629093,-0.016853260366719774,-0.028967779075204383,0.061277322843089226,0.03230954376788484,0.21730089998808788,0.054982598379391213
648,c,all,1120042,1,1,0.40996509811221016,0.8800482851214708,-0.05176941905002704,-0.1997068920389458,0.09616805393889163,0.22657797391420198,0.7325950095116571,0.9591729834258591,0.446193692985528,0.8336926724416136
651,c,all,1120042,1,0,0.6876186017763336,0.4103267311720954,0.028072478030439427,-0.1366143777270752,0.192759333787954,0.14285091672279376,0.2851618328993221,0.4280127496221159,0.7508626695093064,0.39242325357165064
656,c,all,1120042,0,0,0.21672815872068227,0.5370490537827723,-0.07473210195447358,-0.223600862459478,0.07413665855053081,0.008071797181922913,0.46869912424753557,0.4767709214294585,0.22802004329675454,0.4705396557904402
662,c,all,1120042,0,0,0.5412854875092089,0.3430190257465138,-0.007556882774477097,-0.2448234898132549,0.22970972426430067,0.12090442381375327,0.2880053588167833,0.40890978263053657,0.3957846009982411,0.33585746795483185
663,c,all,1120042,1,1,0.558955966984612,0.5429086181082996,-0.030098897619863178,-0.11820511466082625,0.05800731942109989,-0.0006267839972746714,0.6515715924340533,0.6509448084367786,0.5681953671368609,0.6512154566706063
676,c,all,1120042,1,0,0.5596279154696608,0.5356363889106331,-0.03639183190075817,-0.17481400181868845,0.10203033801717207,0.288078314021742,0.4324920904579289,0.7205704044796709,0.6529119529093504,0.6205818650566977
680,c,all,1120042,1,0,0.7326959997507487,0.11702339723451408,-0.1642822888589275,-0.3358655258757668,0.0073009481579117685,-0.21676132704337042,0.27484012746336883,0.05807880041999842,0.7595694039485262,0.11019485548194441
684,c,all,1120042,0,0,0.5095809620747207,0.10132008379383037,-0.15488865457135678,-0.31139527965468994,0.0016179705119763743,-0.09365228131014089,0.1535330244619221,0.05988074315178122,0.2799397036695437,0.12731603258398452
689,c,all,1120042,1,1,0.9593965059098839,0.9708116047422297,0.012642261790303982,-0.13525922858161973,0.16054375216222766,0.028437736123359203,0.9572782937779396,0.9857160299012988,0.9706128031462105,0.9848803245517656
702,c,all,1120042,0,0,0.01001131091100082,0.038305986848346504,-0.07489262039650461,-0.171545627429473,0.021760386636463735,-0.008814129041007847,0.027598928413820053,0.018784799372812206,0.012737884181278832,0.027486655058936847
705,c,all,1120042,1,0,0.9818387908092856,0.7573522870442211,-0.19945349028406117,-0.3435443580831825,-0.055362622484939866,-0.24861107127745252,0.9414393089611733,0.6928282376837208,0.9809324818902252,0.6975686337875942
707,c,all,1120042,1,0,0.27816788105154966,0.05224217720605552,-0.2995026057952259,-0.5030897163008035,-0.09591549528964846,-0.18261274863827542,0.1878998981069971,0.005287149468721667,0.2347415664691916,0.14503309543440357
708,c,all,1120042,0,0,0.30407980437283283,0.16554360367297483,-0.208088330465347,-0.47620396090261197,0.06002729997191783,-0.3033594815556778,0.3504194567553186,0.04705997519964079,0.374407833118835,0.2368392906100041
712,c,all,1120042,0,0,0.12268991638648168,0.1609438312464406,0.05643828645546307,-0.07759660711130806,0.19047318002223412,0.20262182932038472,0.14691061958728588,0.3495324489076706,0.05606427893599119,0.15827046634482472
713,c,all,1120042,0,1,0.23599487445084782,0.8782731705182754,0.09244990914878554,-0.07409402996315903,0.2589938482607301,0.18351149860665072,0.775833119343291,0.9593446179499417,0.3611110149512662,0.8421011428603665
723,c,all,1120042,1,1,0.9521620121455607,0.7180788959887858,0.051928282709206866,-0.04949765385433397,0.15335421927274767,-0.013981278819158116,0.8683621139850527,0.8543808351658946,0.9403397493894873,0.855214961764101
727,c,all,1120042,0,0,0.0032718255340256686,0.06262436697095923,0.004850777469878711,-0.0939253158881199,0.10362687082787729,0.01940221066508254,0.03568903252242936,0.0550912431875119,0.004415015471387493,0.03577469358269482
735,c,all,1120042,1,1,0.8534351673132365,0.7130838936189542,0.025766101700153282,-0.13760632007458676,0.1891385234748933,0.2892291597635016,0.6042732494725858,0.8935024092360874,0.85753976359256,0.8522987547602537
739,c,all,1120042,0,1,0.0895373639085759,0.18533995038691384,0.0050478179806326936,-0.15405393863903752,0.16414957460030288,0.04653584065128688,0.23099895524207756,0.27753479589336444,0.10826828795026494,0.23603731103771872
743,c,all,1120042,1,0,0.818683828918493,0.6157485834573707,-0.31541609436638685,-0.504372618288212,-0.12645957044456171,-0.3588049137290085,0.8478417441080576,0.48903683037904905,0.8540792214123399,0.5413939227514641
744,c,all,1120042,0,0,0.09329951122621168,0.04147368520625212,-0.02156613549914848,-0.16879470577850852,0.12566243478021152,0.00043827428651807554,0.026528100992398846,0.02696637527891692,0.03804426145219432,0.026544774813942913
752,c,all,1120042,1,0,0.3348775343979218,0.24354561544039965,-0.04112755890937788,-0.22523854139546956,0.14298342357671373,-0.048624029853681416,0.3276257229580346,0.2790016931043532,0.4051996569380795,0.3079232827423759
760,c,all,1120042,1,1,0.7485418695547517,0.8305860348800336,-0.21274955366218765,-0.328931917152137,-0.09656719017223835,-0.1049719012824385,0.9221465373701752,0.8171746360877367,0.8120115327351075,0.8369081429157039
773,c,all,1120042,1,1,0.914863198781001,0.9121508805594647,-0.004757272632841439,-0.16929272814441199,0.15977818287872902,-0.05078761983714952,0.9666567816878695,0.91586916185072,0.9159070005121013,0.9201400451396771
776,c,all,1120042,0,0,0.14330884330943064,0.09585268083584231,0.022157265182993807,-0.08748230046877835,0.13179683083476593,0.11215936655437345,0.0472359901847925,0.15939535673916594,0.07290723182044223,0.05541321912300616
779,c,all,1120042,0,0,0.25515722437842836,0.42313541948263494,-0.051687233360881074,-0.13950416965885737,0.03612970293709519,0.2102850669914252,0.22621397008186886,0.43649903707329407,0.3629244759380927,0.30253156781733853
781,c,all,1120042,1,1,0.6521171674969055,0.7699677984932014,0.011803033140596692,-0.21437691523194902,0.23798298151314234,0.031273744586730046,0.8283829563994728,0.8596567009862028,0.7461971474210043,0.8517193353992638
782,c,all,1120042,1,0,0.9196777343953141,0.35580012373365577,-0.14387272643896343,-0.2247362831511788,-0.06300916972674807,-0.27881971225762575,0.5994415106886838,0.32062179843105804,0.8619811840905949,0.3591041649690566
783,c,all,1120042,0,0,0.052725484334855174,0.24062261436335358,0.011779013513611374,-0.14499475338711346,0.16855278041433616,0.11768093960974968,0.16619341714787256,0.28387435675762224,0.05485994054116541,0.1726493864976919
786,c,all,1120042,0,0,0.038129437041765454,0.11437638706227057,-0.007977157434225803,-0.16946586326749372,0.15351154839904207,-0.1204466128067492,0.16532041866408156,0.044873805857332354,0.05941604163077386,0.15816395770327005
798,c,all,1120042,1,1,0.8327737945049247,0.7832853421639149,0.0016028183475348928,-0.15673607197077785,0.1599417086658476,-0.012829595656138837,0.8710496929005754,0.8582200972444366,0.8434126957509361,0.8602290490428369
822,c,all,1120042,0,0,0.7964023859694794,0.7226986869274034,0.016632378238648715,-0.12828991076471513,0.16155466724201253,0.15687867128973654,0.7780227700505881,0.9349014413403246,0.7866852715996432,0.9014369101823456
827,c,all,1120042,0,1,0.20564334032025058,0.41138054234518756,-0.34901571905524864,-0.525550366317104,-0.1724810717933934,-0.47170840662307595,0.6500277796996768,0.1783193730766009,0.24463777729865077,0.5346300835703194
839,c,all,1120042,0,0,0.34578892978679315,0.051244972271561925,-0.1846272334946714,-0.3213191959393362,-0.04793527105000661,-0.082870305049013,0.09704353328678197,0.01417322823776898,0.162343632639872,0.08359006692715087
841,c,all,1120042,0,0,0.01986152714689624,0.10164040189477093,0.018930807781188667,-0.1726259935792176,0.21048760914159487,-0.010820327453034226,0.09911358918728445,0.08829326173425023,0.034639969991106065,0.09873877336901742
845,c,all,1120042,1,1,0.7845205245651108,0.5028463854562355,0.018463876278017755,-0.09408552514597761,0.1310132777020131,-0.054967122143437575,0.679755636458759,0.6247885143153215,0.7638252185778449,0.6377703623729527
848,c,all,1120042,0,0,0.04549534038197327,0.20059538901900606,-0.02272917663848773,-0.16974463564968897,0.12428628237271347,0.0857810802170664,0.15080779969315497,0.23658887991022137,0.05969038884345037,0.1559281057267229
859,c,all,1120042,1,1,0.7602096924000428,0.7230801507304332,0.03455961042120308,-0.13599672947467922,0.20511595031708535,0.10091643251497262,0.7428263810643577,0.8437428135793303,0.8320547758187614,0.8267943806970325
868,c,all,1120042,1,0,0.21062354843487743,0.063593025792975,-0.08519238870551793,-0.22957211052353207,0.05918733311249619,-0.03768758335333155,0.08397151622017748,0.046283932866845935,0.23923225370276432,0.07495543071794919
875,c,all,1120042,1,1,0.2095630028940588,0.25006395669028647,0.001993125275690036,-0.231082083680699,0.235068334232079,0.2750351541256375,0.13981080528827883,0.41484595941391633,0.19551987810503407,0.19358564509752274
890,c,all,1120042,1,1,0.9876736406620003,0.7278839613296899,-0.04387618887224814,-0.15972983282039172,0.07197745507589542,-0.020946677854016382,0.8906656266682582,0.8697189488142418,0.9874817561550102,0.8699811644353609
892,c,all,1120042,0,0,0.8076451424384119,0.15579588391163268,-0.2195649184503356,-0.30297057439579617,-0.13615926250487503,-0.4218944972490402,0.4749578951993378,0.053063397950297596,0.752638681307789,0.15742377713880756
893,c,all,1120042,0,1,0.36619238613250343,0.21868543651928912,-0.14865849866761377,-0.27499672524211777,-0.0223202720931098,-0.13899119129057289,0.2884059010666973,0.1494147097761244,0.20296380287330745,0.2601957203164713
898,c,all,1120042,1,1,0.4525570471867022,0.756871634384734,-0.17198771715861277,-0.3224682300390763,-0.021507204278149228,0.11489019733853345,0.5760315391701575,0.6909217365086909,0.47972378810490296,0.6311470998535185
908,c,all,1120042,1,1,0.6409932429013714,0.5389593655355163,-0.02875362064518341,-0.26146864333148034,0.2039614020411135,0.2700079153490359,0.5696492081263452,0.8396571234753811,0.6849639978240327,0.7545949092679538
913,c,all,1120042,0,0,0.3899701749588428,0.4784470629741566,0.1458118318068833,-0.0961789833932673,0.3878026470070339,0.5763362625455206,0.21409661929254425,0.7904328818380649,0.36702698783272614,0.4256275817133979
915,c,all,1120042,1,1,0.9523558435925716,0.7524112911697871,-0.06877266607829602,-0.2886572913815617,0.15111195922496964,-0.10460704553612188,0.9122655745034537,0.8076585289673318,0.9415880973154946,0.8137688255313014
917,c,all,1120042,1,0,0.9238051845363644,0.6510453356614134,0.02911987215253256,-0.16206126666496737,0.22030101097003243,0.012647334156821954,0.7540394926111339,0.7666868267679559,0.9317451813874247,0.7658235852691494
924,c,all,1120042,0,1,0.04175351115731589,0.2874748128522011,-0.17961463350919876,-0.40274462915297893,0.04351536213458132,-0.03518580558050255,0.34295445282315096,0.3077686472426484,0.03257650484478903,0.34180822225718993
929,c,all,1120042,1,0,0.6620698022112063,0.5400270204453902,-0.017447836495845685,-0.21569984315529098,0.18080417016359954,-0.2246108655442407,0.7244357997544417,0.499824934210201,0.6590473051994321,0.5764066140989978
934,c,all,1120042,0,0,0.1803652267088213,0.20640850057550725,-0.19964578075269857,-0.35462220538909595,-0.04466935611630124,-0.17923562100166213,0.30255577023811625,0.12332014923645412,0.22882149384738068,0.26154280768985294
955,c,all,1120042,1,1,0.8200078699622656,0.44067151123631954,-0.13048479507168922,-0.24301706716890847,-0.017952522974470003,-0.4074361291328243,0.7758676384475641,0.36843150931473984,0.8734804756292069,0.41998013458410177
960,c,all,1120042,1,1,0.3643006462551074,0.5474723955226384,0.0695396786106366,-0.1354089409059996,0.27448829812727277,0.30302428580824725,0.4145443547009303,0.7175686405091776,0.3800930993244424,0.5297217946643626
961,c,all,1120042,0,1,0.5523427628313958,0.32622440004488346,-0.007333983509621156,-0.12309333501129335,0.10842536799205102,-0.17386110854674186,0.4319105760822528,0.25804946753551095,0.49347354839846846,0.3461147179192008
967,c,all,1120042,0,0,0.6292753281413974,0.5409563573366716,0.0785453449341207,-0.023187134151719066,0.18027782401996045,0.11315424130412288,0.5413987873849739,0.6545530286890968,0.44694083003004204,0.5919720379148583
976,c,all,1120042,0,0,0.1875189495787529,0.09550610275025576,-0.24875956959661147,-0.4578587120353235,-0.03966042715789944,-0.10435438224184548,0.15809386067540734,0.05373947843356186,0.20179595515564355,0.13703556843623702
977,c,all,1120042,1,0,0.9290030480519587,0.6776003156365273,0.003958293049521313,-0.13346947475261053,0.1413860608516531,0.2172265382051104,0.6784268664625951,0.8956534046677055,0.9400329381747864,0.8826269674210825
980,c,all,1120042,1,1,0.8907828288358244,0.6749097282986457,-0.0951228174864976,-0.2058944507440264,0.01564881577103118,-0.1328309937568829,0.8403143102576274,0.7074833165007445,0.9173360209342071,0.7184636549879518
986,c,all,1120042,1,0,0.719338469580331,0.2546037122448208,-0.19924215135013562,-0.3046765076051967,-0.09380779509507454,-0.21930664730454208,0.3912007173486197,0.17189407004407764,0.6588215068712526,0.24671678150455897
987,c,all,1120042,0,0,0.39239782738313184,0.3616015143122924,-0.04021794706192785,-0.2697255226764123,0.18928962855255654,0.16537846499403014,0.35989141899015303,0.5252698839841832,0.3384405855504341,0.41586220352016456
989,c,all,1120042,0,0,0.41956555533879414,0.22006559188022567,-0.24274263029673993,-0.4085608508282077,-0.0769244097652722,-0.22553091570484401,0.34182879340480493,0.11629787769996093,0.2358266405545143,0.2886425952129482
5,c,all,120042,1,1,0.5795099407346893,0.4538367246659664,0.03541816900841993,-0.11102347431736906,0.18185981233420886,0.29544125881310984,0.4283602486568981,0.7238015074700079,0.5143494763770452,0.5803203054275963
12,c,all,120042,0,1,0.25634436282965567,0.3155464893978257,-0.03621667749669196,-0.20762941685876982,0.13519606186538582,-0.1020346687031714,0.35251383485816296,0.25047916615499155,0.22807181354145364,0.3292426029229293
15,c,all,120042,1,0,0.5723121503402376,0.07118001064913923,0.02823664441579114,-0.1837988290199098,0.240272117851492,-0.003080297422145953,0.08496536053642435,0.0818850631142784,0.5888855260374319,0.08315141796863218
30,c,all,120042,0,0,0.5704623645591489,0.21940483178855125,-0.08387232637835099,-0.25659837989812406,0.08885372714142209,-0.15824629257148742,0.32006203944320166,0.16181574687171424,0.5261665055811847,0.23679814065968435
35,c,all,120042,1,1,0.9786739657392877,0.960822905856447,0.04597999287327842,-0.10947853880301006,0.20143852454956687,0.011426825642477212,0.9756257658102383,0.9870525914527155,0.9757346483150356,0.986775315509858
39,c,all,120042,1,0,0.7563312812814935,0.44306084397870127,-0.07421814673616178,-0.2979918647201333,0.14955557124780966,-0.0787740414269622,0.5056272841792651,0.42685324275230285,0.77152706901285,0.4448509788828241
40,c,all,120042,0,0,0.3237420599830905,0.29829460829318116,0.010402561448505166,-0.10181652636245306,0.12262164925946337,0.060474988513839145,0.3131862436036617,0.37366123211750085,0.36407388745256936,0.3352036077655446
43,c,all,120042,1,0,0.7047099212791663,0.49538448081499065,-0.11491171772748211,-0.2815447012864462,0.05172126583148194,-0.19702180525731344,0.6091152747624241,0.41209346950511067,0.6567057331961557,0.4797299256852899
45,c,all,120042,0,0,0.1437516716050587,0.25571509261899533,-0.0341371357743724,-0.1415384655429095,0.07326419399416467,0.13139903885494988,0.2165379872607052,0.3479370261156551,0.17346042267748582,0.2393305200799002
48,c,all,120042,1,1,0.2869094591298208,0.5200283869835887,-0.057259999877584074,-0.20965815451395323,0.09513815475878507,-0.02351093248221392,0.4828213005356463,0.4593103680534324,0.42933764997077845,0.47272717203511094
63,c,all,120042,1,0,0.6299929194432844,0.09389999784630385,-0.03254545646306134,-0.1814344760219384,0.1163435630958157,-0.08061850681857732,0.15433536704847534,0.07371686022989801,0.6257533169734277,0.10388806899730568
67,c,all,120042,1,1,0.45136367442141934,0.40273088169296534,-0.2146199298866539,-0.2935382728442865,-0.1357015869290213,-0.4040936263411786,0.6270655271286899,0.22297190078751128,0.5184844589253166,0.41754926192001485
69,c,all,120042,0,0,0.5079878119731548,0.44975389859313897,-0.029757462734226265,-0.13334330407539607,0.07382837860694351,-0.2535047085663173,0.6257136287774533,0.372208920211136,0.5819759402865388,0.4781799876425058
72,c,all,120042,1,0,0.687680887309872,0.2581661358070122,-0.05534132242078196,-0.2575243643535221,0.14684171951195812,0.03393963416448598,0.2845721538079479,0.3185117879724339,0.7269864624971379,0.3092458083876346
75,c,all,120042,1,0,0.9284421657491837,0.530545732093446,0.013658418726049623,-0.17209875676758188,0.19941559421968105,-0.21905044290968123,0.7859902699448377,0.5669398270351564,0.9155184418716508,0.5854455497608714
85,c,all,120042,0,0,0.008773461662729187,0.05109755699917493,-0.017965618623281387,-0.11851477298708639,0.0825835357405236,-0.03033405828346857,0.05306870888576817,0.022734650602299605,0.012191215162621852,0.05269889985447889
93,c,all,120042,0,1,0.130023011162489,0.16701344340059895,-0.16384831004630498,-0.4102550450340613,0.08255842494145127,-0.24763340158643393,0.32022570877467954,0.0725923071882456,0.13659914574554174,0.28639919765990995
115,c,all,120042,0,0,0.3157245845303031,0.16436003393132187,-0.07632004814013223,-0.18576944876311968,0.0331293524828552,-0.036066766855671034,0.2053367437300431,0.16926997687437206,0.1881577563382044,0.19855050180010692
116,c,all,120042,0,1,0.14650089561447632,0.15602766967695833,-0.10333435515348259,-0.31665445477623805,0.10998574446927283,-0.014342061446469406,0.14192494897859992,0.1275828875321305,0.1837349785468509,0.13928981062641524
121,c,all,120042,1,0,0.928058756616359,0.4449361891024042,-0.3080683629933436,-0.43650968274724544,-0.1796270432394418,-0.578150415838105,0.8466828492611407,0.2685324334230356,0.8997037852763005,0.3265187316725304
122,c,all,120042,1,0,0.7854315242155323,0.07005176903682984,-0.2673400133213916,-0.42366926282720685,-0.11101076381557645,-0.1662835077113541,0.20281166924209829,0.03652816153074418,0.7578750286730987,0.07678955106749236
123,c,all,120042,0,1,0.24285397886031196,0.2891142413764237,0.02076686155486284,-0.12934689418303158,0.17088061729275725,0.03246765507545743,0.22412970679849994,0.2565973618739574,0.15541688820093894,0.22917572871750896
126,c,all,120042,0,0,0.2349973785016528,0.2693385153762674,-0.213721082277919,-0.31502135464908954,-0.11242080990674846,-0.3010231687743369,0.44215599748635387,0.141132828712017,0.21023743122465782,0.3788696597441307
130,c,all,120042,0,0,0.13407671620313125,0.07961827478601632,0.029056625966849093,-0.2345001036151918,0.29261335554888995,0.006309753656425152,0.06615229801318433,0.07246205166960948,0.06622810440116784,0.0665701810370877
137,c,all,120042,0,0,0.12386641372831915,0.06768471258818856,-0.1587606641317127,-0.2616322303614654,-0.05588909790196003,-0.035394603233024145,0.0790729821473732,0.04367837891434905,0.08580984252666052,0.07603577681765378
145,c,all,120042,1,0,0.41705238531687083,0.43019423865340467,-0.07399167994206311,-0.26146503391189607,0.11348167402776983,-0.33769143797714973,0.6919752618184105,0.3542838238412608,0.43705268699339506,0.5443863114758338
151,c,all,120042,0,1,0.6197546289092177,0.31810246434372685,-0.354570029197155,-0.476238013789831,-0.23290204460447908,-0.31487008056515453,0.48899357852641573,0.17412349796126117,0.5564672015365533,0.31377870594673507
152,c,all,120042,1,1,0.9830359957167152,0.6898611735217169,-0.019610679755603818,-0.1391984715236517,0.09997711201244404,-0.012172431745375523,0.8762847281697077,0.8641122964243322,0.9805114377218112,0.864349519618479
162,c,all,120042,0,0,0.5552481046088609,0.6615882238485635,-0.2358367726530242,-0.3887656067240638,-0.08290793858198459,-0.1770906937214045,0.7830738531324425,0.605983159411038,0.5328644485720335,0.6887085182753474
167,c,all,120042,0,1,0.48302295469853984,0.7763439758629804,0.031085967784360936,-0.14287261026626524,0.20504454583498707,0.060419762402974864,0.7836955006531895,0.8441152630561644,0.488703502712227,0.8132228501725638
169,c,all,120042,1,1,0.7583598332357883,0.8869413440969263,-0.2193105960106404,-0.3113736979322904,-0.1272474940889904,-0.059438745764093026,0.9330844701155844,0.8736457243514913,0.7742167680898258,0.8870659964707954
175,c,all,120042,1,1,0.9906919064234747,0.6635117293858521,-0.19993340445360716,-0.29013313983211364,-0.10973366907510067,-0.13063141535059297,0.8737444653113482,0.7431130499607552,0.9694429817425687,0.7471047565046174
180,c,all,120042,1,1,0.9431594287607539,0.6560185830053453,0.0081492865831021,-0.20247509880995876,0.2187736719761629,0.07214620573564456,0.7786322158744284,0.850778421610073,0.9543923084224109,0.8474879997103885
186,c,all,120042,1,0,0.6104696005485014,0.2822875034246871,-0.06399672812826733,-0.259746754218435,0.13175329796190033,-0.34838730337294177,0.4994029297137133,0.15101562634077156,0.6438615699902365,0.2750897335993462
193,c,all,120042,0,0,0.3509801020968205,0.26746906079696997,-0.005651978654713798,-0.20130316042224972,0.1899992031128221,-0.07790570380726344,0.2953083622437127,0.21740265843644926,0.41432172147108914,0.26303033692987055
196,c,all,120042,0,0,0.39530832788932496,0.3800266421379802,-0.06752806790620043,-0.16770153070925364,0.03264539489685275,0.18500422317417548,0.32434400872550756,0.509348231899683,0.3716162688907627,0.39309458787052864
198,c,all,120042,0,0,0.07190005219011496,0.09578625194541361,0.0001187639431740042,-0.19054752182478826,0.19078504971113625,-0.09796041668062988,0.1586915272759424,0.06073111059531252,0.09028587933649393,0.14984708491576237
205,c,all,120042,1,1,0.9613396544842974,0.5816504119753125,-0.010791562525612967,-0.17509245226598202,0.15350932721475605,0.10039000345163385,0.6891605940965426,0.7895505975481765,0.9624369089430685,0.785779638707317
208,c,all,120042,1,1,0.4020930077434365,0.5419701539529151,-0.18598477816124828,-0.27911439643120356,-0.09285515989129303,-0.38364186382161225,0.7194421327827453,0.335800268961133,0.4072806738535624,0.5631922159670424
211,c,all,120042,0,0,0.1245327252569393,0.14224924521077723,-0.052219003382396316,-0.30408674459053003,0.19964873782573733,0.039362356322426656,0.16438647521130773,0.20374883153373438,0.09642181922653781,0.1681818652169593
229,c,all,120042,0,0,0.2621232533283572,0.06419290388977453,-0.04365322812728149,-0.1823224608085845,0.0950160045540215,-0.0181111175885878,0.06995670563525107,0.05184558804666327,0.30447931100626485,0.0644422450303244
237,c,all,120042,0,1,0.17089158510717117,0.7903440719712191,0.06231618891683724,-0.060831462556351606,0.18546384039002606,0.014677238537030401,0.7975200380169778,0.8121972765540082,0.18990857655563823,0.8003073714953128
241,c,all,120042,1,0,0.30261885809355343,0.3445045280194968,-0.1501366265879185,-0.43146745030549094,0.1311941971296539,-0.2359562924134932,0.5015441113192208,0.26558781890572764,0.2950149658609628,0.4319334737681747
246,c,all,120042,0,0,0.005692338093679031,0.041764964169164996,0.01992147546286199,-0.13853693398885464,0.1783798849145786,0.01186840094368172,0.018116439756915348,0.02998484070059707,0.0026243135065499405,0.018147586161813004
250,c,all,120042,1,1,0.9465197750492464,0.6751346002015987,-0.11892745364154134,-0.30987249505977144,0.07201758777668871,-0.14381661120733635,0.8672152602102811,0.7233986490029447,0.9507090811076705,0.7304875019213353
254,c,all,120042,0,1,0.15724832167185027,0.16255735638160038,-0.04549397983534246,-0.1854089539886628,0.09442099431797787,0.11029612787953566,0.14744962685810456,0.2577457547376402,0.08493199342585338,0.15681729686606638
261,c,all,120042,0,0,0.2035668815808304,0.387093334266194,-0.056286075086161735,-0.14518824077407916,0.03261609060175569,0.31285754382566056,0.3117214313126295,0.6245789751382901,0.1705389734222835,0.3650758356640747
264,c,all,120042,1,1,0.5687037642510144,0.8295066338001847,-0.05379884717353313,-0.1571902787595216,0.049592584412455315,0.10130985419071503,0.7911490993565368,0.8924589535472518,0.5810993954074002,0.8500201943755732
265,c,all,120042,0,0,0.5181619610469814,0.2845084867924121,-0.21248680444059956,-0.32856724410064836,-0.09640636478055077,-0.19966649402570194,0.44336264391079605,0.2436961498850941,0.5891544295672154,0.3257282445193978
270,c,all,120042,0,0,0.13629795483786236,0.09318955076140835,-0.10912700792450454,-0.24067299347894028,0.022418977629931156,-0.05981133747776573,0.12230691731294828,0.06249557983518255,0.15266603857068187,0.11317575735860363
271,c,all,120042,1,0,0.8546210098694014,0.9541555603427572,-0.14485037725859196,-0.3421496643877895,0.052448909870605576,-0.027407061388611043,0.972040045003356,0.9446329836147449,0.8799152601270086,0.9479241534522794
277,c,all,120042,1,1,0.9027483920149099,0.7486342783102978,0.06005136853547326,-0.2111014688172127,0.3312042058881592,0.19707323380293573,0.7379585356450379,0.9350317694479736,0.8959221773328886,0.9145208163677975
278,c,all,120042,1,1,0.9841651279161855,0.9196062819023793,-0.14456956162839213,-0.3795397629914635,0.09040063973467921,-0.034983579731057146,0.9745499252614708,0.9395663455304136,0.9852240699610291,0.9400832604570325
282,c,all,120042,0,0,0.6051305496028134,0.4427055322724863,0.019797938557745375,-0.2202891670458218,0.2598850441613125,0.2904593735133494,0.40130368088367085,0.6917630543970202,0.5875385209157825,0.571959751583829
284,c,all,120042,0,1,0.28059544267700626,0.584743973485635,-0.03663241320423602,-0.12431860695785066,0.051053780549378605,0.18518688543613304,0.5345000271529722,0.7196869125891052,0.2848632031007027,0.5872529565105519
288,c,all,120042,1,0,0.852059632776595,0.7137701694666436,-0.034925832694092794,-0.1674186188719862,0.09756695348380054,0.004640120746827181,0.8285928613323575,0.8332329820791847,0.8137217939140347,0.8323686287104435
294,c,all,120042,1,1,0.8847277472983341,0.42768069035977857,-0.1696513324076848,-0.25816945751577547,-0.08113320729959411,-0.34951026332690505,0.6471311693923253,0.29762090606542024,0.836697904397772,0.35469666450119036
318,c,all,120042,0,0,0.6250534679475723,0.4899685237307624,-0.0554753391683831,-0.241836955609234,0.13088627727246774,-0.20199985734703257,0.5879283385482199,0.38592848120118733,0.47898390671963986,0.4911736577193283
319,c,all,120042,1,1,0.9308190392508676,0.8273636067586752,0.05192040029170903,-0.0984841946014568,0.20232499518487482,0.04278373950332526,0.8493940089152403,0.8921777484185656,0.9507415839242936,0.8900702891768362
328,c,all,120042,0,1,0.27963988530501427,0.2923196241303657,0.01731901513693858,-0.17096122807817254,0.20559925835204967,0.10327243996857394,0.20730761169537187,0.3105800516639458,0.24526855774207149,0.23263709410096867
334,c,all,120042,0,0,0.17600898200510934,0.12592809276778683,-0.2187621979340052,-0.3305874615057372,-0.10693693436227322,-0.1484375342195409,0.1983455391861229,0.049908004966582015,0.20689159123360956,0.16763506153264873
339,c,all,120042,0,1,0.778250916395819,0.8053296418123737,-0.31867709473607925,-0.4218942896075768,-0.2154598998645817,-0.04096418254395162,0.7913418013853089,0.7503776188413572,0.7738703643510148,0.7596408345146795
343,c,all,120042,1,1,0.8779920732338832,0.48729871016220194,-0.03104411353070275,-0.24951015483388936,0.18742192777248382,-0.252500407706424,0.7443325037606942,0.49183209605427014,0.8958918058613752,0.5181194575198524
346,c,all,120042,0,0,0.5658124678015921,0.2916861019350232,-0.10040763701619135,-0.32379657769005876,0.12298130365767604,0.021257549177203516,0.4635368861105099,0.48479443528771343,0.5102592561944268,0.47438374734218625
347,c,all,120042,0,1,0.09579716585287354,0.4285466470989947,-0.22560720561241876,-0.3459351688103719,-0.10527924241446564,0.0718545920669893,0.2615415662030328,0.3333961582700221,0.14896115907122268,0.27224510952192144
349,c,all,120042,0,1,0.8829237622268957,0.7969397220462902,-0.09796278612285024,-0.23755578623700396,0.04163021399130344,0.03268878550218324,0.8558790417523827,0.888567827254566,0.90689913434711,0.8855244730271711
350,c,all,120042,1,1,0.9973742424238331,0.920800968679834,-0.036938517297867915,-0.1453787178197594,0.07150168322402353,-0.01526830645046906,0.9870651730971797,0.9717968666467106,0.9973527060325942,0.9718372863422694
354,c,all,120042,1,0,0.7082491267779003,0.5885550619538565,-0.07421814673616178,-0.2979918647201333,0.14955557124780966,-0.14297135067526034,0.6543294133891959,0.5113580627139356,0.651333622993829,0.5612073655695574
357,c,all,120042,1,1,0.5663855336684623,0.5832321448491248,-0.21800274338478604,-0.3137690349898786,-0.12223645177969344,0.1013446835796018,0.4463772897496344,0.5477219733292362,0.6846059209937392,0.5157584601894668
360,c,all,120042,1,0,0.3412657629327169,0.19991624681511508,-0.18194080253306577,-0.43101825080018386,0.06713664573405223,-0.20995476861796994,0.3185615885237857,0.10860681990581575,0.3064633309145173,0.2542181507917359
361,c,all,120042,0,0,0.2768589477071071,0.20832456250053388,-0.12424327472104915,-0.24333685756902335,-0.005149691873074985,-0.0406445885166562,0.19061748277556523,0.14997289425890903,0.1473623882639726,0.18462799914174433
365,c,all,120042,1,0,0.6800472503186337,0.28771294418683147,-0.21928552333929166,-0.45456068115880743,0.015989634480224058,-0.3344524588585174,0.48247634363636255,0.14802388477784517,0.7037892739416086,0.24709229044834086
368,c,all,120042,1,0,0.7344033841766269,0.3888808466789951,-0.09077467506333418,-0.31976978089189745,0.13822043076522905,-0.05427466854280549,0.4718418589350713,0.4175671903922658,0.6540894483175863,0.4363413709302878
370,c,all,120042,1,0,0.16386531345106772,0.03801651685690381,-0.39744566829044975,-0.49545626466410103,-0.2994350719167985,-0.11224918810400103,0.11604627447767366,0.003797086373672619,0.11504539026639442,0.10313252282516294
380,c,all,120042,0,1,0.833489037954595,0.356587592256022,-0.30113214055362114,-0.42725323078193717,-0.17501105032530517,-0.4595323870462047,0.6433774733254405,0.18384508627923582,0.6529940418405045,0.3433055625515242
384,c,all,120042,1,1,0.8132495380169068,0.8763864956697166,0.06117079633044348,-0.14568535374843716,0.26802694640932406,0.0703099140074529,0.8886766336909452,0.9589865476983981,0.8125043706639047,0.945803746123004
392,c,all,120042,1,1,0.8393814095162522,0.8138724082562883,-0.023915900765280457,-0.11965565893327176,0.07182385740271084,0.0859568948245617,0.7956046715365747,0.8815615663611364,0.8949939681051641,0.8725355739216074
398,c,all,120042,0,1,0.3785590436181826,0.37164636327183176,-0.23734627057148483,-0.3366840823245731,-0.13800845881839657,-0.3498504475078327,0.5910364248254103,0.2411859773175776,0.36176284124541397,0.4644735329239972
399,c,all,120042,1,1,0.9970146286266044,0.8330526085140617,-0.1543694387982616,-0.2878752890991528,-0.02086358849737044,-0.029171536123289488,0.9512178017968141,0.9220462656735247,0.9962108424749547,0.9221568012191433
409,c,all,120042,0,0,0.16108848708925477,0.38505198503875565,0.02796739849923306,-0.12443347579406354,0.18036827279252962,0.14554265152238055,0.3680844066924097,0.5136270582147903,0.16618931836081213,0.39227204074133937
422,c,all,120042,1,1,0.4016981247030861,0.4134135046374263,0.08787936735090787,-0.12657302813782909,0.3023317628396448,0.04875396248008518,0.4200452914399601,0.4687992539200453,0.33848323217702997,0.436547690241657
424,c,all,120042,1,0,0.8073598954004613,0.5721889064663956,-0.07525977810963308,-0.24344559780082006,0.09292604158155388,-0.411950972386599,0.8314253440689895,0.4194743716823905,0.8860761566800972,0.46640540971604305
429,c,all,120042,0,0,0.04054208125764262,0.015415465732562732,-0.10150377031569949,-0.2974670900126139,0.0944595493812149,0.0037726514360697343,0.01304897486216735,0.016821626298237084,0.014013887068759502,0.013101844373342225
431,c,all,120042,1,1,0.41909244293591036,0.48339843987886705,-0.18388384461120055,-0.35021463137956127,-0.017553057842839864,-0.32665406706368566,0.7123240608538791,0.38566999379019345,0.26194947604164803,0.6267571991396732
433,c,all,120042,0,0,0.023721087657617025,0.07276465874225169,-0.05910352355494825,-0.19949147038094228,0.08128442327104574,-0.03402153155820689,0.06847959303076086,0.034458061472553966,0.030148742780963526,0.06745388662679803
435,c,all,120042,0,1,0.3061427875433654,0.700626917437417,-0.005123825682999353,-0.1980241010758902,0.18777644970989144,-0.10742312894197681,0.7807369553595693,0.6733138264175925,0.43293691335902873,0.734229517492061
436,c,all,120042,0,1,0.0399836780602693,0.20887029043875618,-0.3616620696411174,-0.4540524812659393,-0.2692716580162956,-0.3201538166817906,0.38261502886035376,0.06246121217856315,0.04558681888213726,0.368020234804856
446,c,all,120042,1,0,0.1264833686632071,0.08754183965354545,-0.20784492308061156,-0.3605308446329995,-0.055159001528223645,-0.06432527410523083,0.14245327608668318,0.07812800198145235,0.13760778018982345,0.13360161790696043
447,c,all,120042,1,1,0.5728568074196896,0.6648724371247139,-0.21272604783283378,-0.3438039672126896,-0.081648128452978,0.034144994760945346,0.7178406560241876,0.7519856507851329,0.5268957316826469,0.735831508022056
451,c,all,120042,1,1,0.8444254813054439,0.6781222161862843,-0.30407087952094664,-0.412486086521737,-0.19565567252015625,-0.17663563846118313,0.8287729384589229,0.6521372999977397,0.8242034052032726,0.6831892437589615
460,c,all,120042,1,0,0.4015081191488899,0.4015520342975686,-0.05222932987686107,-0.19594932522363828,0.09149066546991608,-0.15089969081385596,0.4593548416637062,0.30845515084985026,0.3655224480016902,0.40419761727472747
462,c,all,120042,0,0,0.47995226962218024,0.42316123966686997,0.004956086697072914,-0.21288320807382216,0.22279538146796796,-0.02877369342676961,0.4686118803771519,0.4398381869503823,0.4666605896496557,0.4551843316362172
465,c,all,120042,0,1,0.4186121225571804,0.6903555027779911,-0.06535904620493231,-0.1903787402227164,0.059660647812851755,-0.07352311822592295,0.7800438405311805,0.7065207223052575,0.5135491930884887,0.7422861024929082
467,c,all,120042,0,0,0.1342401733103888,0.22484105768975188,0.08605143415716265,-0.18552961977869792,0.35763248809302317,0.18109530692018136,0.12685755243371818,0.30795285935389954,0.1888332524081815,0.16105436823531388
468,c,all,120042,1,0,0.4473842545395611,0.529895746520903,-0.1805268156686545,-0.36281502248831654,0.0017613911510074853,-0.36394341785118856,0.7078781761015418,0.34393475825035325,0.42845601156518937,0.5519444308536183
474,c,all,120042,0,0,0.33848953380953606,0.4437431303116669,0.06138291432897701,-0.13409425175141032,0.2568600804093643,0.27024214191256124,0.30007158198562,0.5703137238981812,0.4170023363305006,0.4127631865381167
478,c,all,120042,1,0,0.4815879254233275,0.16815828655816542,-0.126986495919878,-0.2885582938607087,0.03458530202095264,-0.14113139488284232,0.2377741189742361,0.09664272409139375,0.27379783230036064,0.19913264898578764
481,c,all,120042,0,1,0.4228237656759794,0.4404462708179714,-0.018703275304775037,-0.19119989069219448,0.1537933400826444,0.24256774419822325,0.2663753158727359,0.5089430600709591,0.2853642948162681,0.33559548914103476
486,c,all,120042,1,1,0.7587397429099123,0.4762036150534132,-0.18262611371953597,-0.4130911195330392,0.04783889209396719,-0.6892153014395378,0.8677382394188814,0.1785229379793436,0.807107991999281,0.3114670614188369
487,c,all,120042,1,1,0.8500060230190346,0.5260554622274924,-0.027039372415044862,-0.11075797688170975,0.056679232051619996,-0.028156691615068175,0.6387406477170029,0.6105839561019347,0.8811791752215618,0.6139295574226692
498,c,all,120042,0,0,0.180842069467446,0.03474413597458952,-0.3634017673820488,-0.5010586950980747,-0.22574483966602304,-0.1062618189134249,0.10974740599329373,0.003485587079868836,0.19058570392071683,0.0894954224357829
503,c,all,120042,0,0,0.3158733490225002,0.15853159349320858,-0.0831635854890386,-0.35696951940361654,0.19064234842553926,-0.16728505428348134,0.2635262519296023,0.09624119764612094,0.40711586132784927,0.19542185296770676
507,c,all,120042,1,1,0.8888542066688003,0.8359920924028177,-0.07694317560534211,-0.2283393185466475,0.07445296733596321,-0.030854928811506976,0.9308527063190833,0.8999977775075764,0.8926277089340195,0.9033107419047457
508,c,all,120042,0,0,0.4861368559230739,0.22187266355716656,-0.11029146898152238,-0.244561539732922,0.02397860176987722,-0.05620972089686527,0.2627225744829081,0.20651285358604282,0.5311711209732923,0.23286559402452428
514,c,all,120042,1,1,0.8647892913411044,0.7761679862678833,-0.05334900212670333,-0.21455662194469036,0.10785861769128369,-0.061478120138046544,0.8845825250519558,0.8231044049139092,0.8943195699412145,0.8296014390893036
526,c,all,120042,0,0,0.039456746332682716,0.09443630355538443,-0.0804883975672868,-0.2575932662951999,0.09661647116062626,0.020299231269924375,0.06015719113646259,0.08045642240638697,0.05466687900003019,0.06126688675608918
528,c,all,120042,1,1,0.9257797740573446,0.6608412985589942,-0.18434248281203366,-0.2735276365761652,-0.09515732904790215,-0.3151680255715663,0.877924904862706,0.5627568792911397,0.8946923510881424,0.5959464830762735
532,c,all,120042,1,0,0.6405983393398481,0.19536453691712477,-0.3889170485810208,-0.5171721490859887,-0.26066194807605286,-0.5334643262344162,0.5735551216747997,0.040090795440383485,0.6066516810570359,0.24992809138073208
534,c,all,120042,0,1,0.574922516218826,0.9359668565212989,0.12767432014449967,-0.13216653204809606,0.3875151723370953,0.13543398492073888,0.8396523821431012,0.9750863670638401,0.6415710899254514,0.9265429114616468
535,c,all,120042,0,0,0.6147030586072774,0.21875295045396662,-0.08861877661147721,-0.33596579140737504,0.15872823818442058,0.03704061610492676,0.22099152902364283,0.2580321451285696,0.40412609914286823,0.23596060871997537
538,c,all,120042,1,0,0.8370200904420662,0.6371842010036332,-0.017576247796769553,-0.11522876959880222,0.08007627400526308,-0.06212851278558973,0.7780343272758928,0.7159058144903031,0.8082821081633567,0.7278169619845023
539,c,all,120042,0,1,0.3879392846172719,0.38386340133079816,-0.17719793916349819,-0.38559232437324964,0.03119644604625324,-0.11126006308263126,0.4664730480873413,0.35521298500471005,0.46073813292230986,0.41521129435383136
546,c,all,120042,0,0,0.20731621333067357,0.09652850182168615,-0.07227467037801938,-0.31925808622110485,0.17470874546506604,-0.06620608679353736,0.1411022908806444,0.07489620408710705,0.2563020340491129,0.12413353616902867
549,c,all,120042,1,0,0.7399756948167913,0.3100032205687007,-0.02334229113623555,-0.2836595765580404,0.23697499428556928,-0.22605679180368443,0.5078172149242439,0.2817604231205595,0.8011893584262512,0.32670291893115333
550,c,all,120042,0,0,0.1293658392831369,0.05883171754579166,-0.24017935701751966,-0.32433558077389396,-0.15602313326114536,-0.08381602753461014,0.09640615135008752,0.012590123815477389,0.13400979470830476,0.0851739827069088
552,c,all,120042,1,0,0.4535026520730274,0.18965967460067157,-0.08020887136057674,-0.31134508865691995,0.1509273459357664,0.08753892270289004,0.1992963733242461,0.28683529602713614,0.4572237483724141,0.23932124769094448
559,c,all,120042,1,0,0.6782126178562653,0.27594932424060925,-0.1602849942589212,-0.2540993266275152,-0.0664706618903272,-0.36576085048430995,0.5887644136938451,0.22300356320953515,0.7184678395003896,0.32597700567255794
560,c,all,120042,1,1,0.9485907983199526,0.6528644179184996,-0.17017598108741958,-0.29777132833088193,-0.04258063384395727,-0.06469990771798673,0.840006845109726,0.7753069373917393,0.9520143474859696,0.7784116046811844
561,c,all,120042,1,0,0.5217864440997997,0.34432787211813604,-0.062398328036441436,-0.21726635598422034,0.09246969991133744,-0.14847635272894044,0.47000754047362386,0.3215311877446834,0.49528534616089104,0.39646937871556404
563,c,all,120042,0,0,0.288810887092968,0.18098102712418604,-0.08582340089288874,-0.33121676768186814,0.15956996589609057,0.08723419972137467,0.16780480528123268,0.25503900500260734,0.31333299897025074,0.19513815869270082
568,c,all,120042,1,1,0.945792509206312,0.8868332236311733,-0.1770459866297802,-0.4346508044489761,0.08055883118941562,-0.11006768648138565,0.9621006613342603,0.8520329748528747,0.9575199301970099,0.8567086578576576
569,c,all,120042,0,1,0.5699463291222611,0.7944201465389815,0.03979195660335988,-0.12449381283288091,0.20407772603960062,-0.03506472883281053,0.8463245486547423,0.8112598198219317,0.667795473870383,0.8229084814476991
571,c,all,120042,0,0,0.019360718143083242,0.20212904424201766,0.1173668029254312,-0.140795714769035,0.3755293206198973,0.17274679823127478,0.07316077366171819,0.24590757189299298,0.020388722435939765,0.07668286018255294
576,c,all,120042,1,0,0.985657195683646,0.7904012675222625,-0.297141642383944,-0.47157543926854384,-0.12270784549934424,-0.13762755085764844,0.9336653303150813,0.7960377794574328,0.9855241777839763,0.7980300514156748
578,c,all,120042,0,0,0.4767550890856798,0.2592906969803374,-0.07217699806151555,-0.2876457762887961,0.143291780165765,-0.1661069213092291,0.37306363189420844,0.20695671058497933,0.30633299155751065,0.3221796017711443
580,c,all,120042,1,1,0.9683649971691306,0.9373258311670802,0.07903205675953745,-0.1689459903298667,0.3270101038489416,0.041240948763694774,0.9508598933381807,0.9921008421018754,0.9665661090584269,0.990721996718583
584,c,all,120042,1,0,0.49698425281219805,0.6131683013636084,-0.04411438166895471,-0.21521296183912764,0.1269841985012182,-0.18620539681394355,0.7916820777128901,0.6054766808989466,0.47263355488663145,0.7036751590776402
588,c,all,120042,1,1,0.7256973802344092,0.6843480839944683,-0.037955994105753676,-0.20906626963305677,0.1331542814215494,0.05151712594740754,0.7716016543161577,0.8231187802635652,0.7264867484806898,0.80902816363676
594,c,all,120042,0,1,0.3328267557033292,0.2565078582404733,-0.15773687102336328,-0.36859261634090296,0.05311887429417633,-0.1845762402931477,0.3341791213468299,0.14960288105368222,0.2895476165668742,0.28073551089507437
599,c,all,120042,0,1,0.23146940847626968,0.09030329016421156,-0.058425940543415635,-0.19428406766690268,0.0774321865800714,-0.017020805613165407,0.0815640556751646,0.0645432500619992,0.1107623584300319,0.07967879110307127
603,c,all,120042,1,1,0.950662659254123,0.6967093952267789,-0.21365002414533252,-0.48810885427449535,0.06080880598383026,-0.4064471216929251,0.9031243204678541,0.496677198774929,0.8781433534838903,0.546205482010554
606,c,all,120042,0,1,0.08517606265379603,0.1726932825481575,0.04604201595496064,-0.12081469494148164,0.21289872685140285,-0.0810499975355446,0.21978098697191426,0.13873098943636966,0.045834318428495995,0.2160661155762413
607,c,all,120042,0,0,0.07414474202561468,0.2048679698877292,-0.014410334060509613,-0.20979305668781942,0.18097238856680012,-0.20262165996000597,0.3087378023791391,0.10611614241913314,0.07743012434549355,0.29304878205334556
609,c,all,120042,0,1,0.27752184490103415,0.10971715898201159,-0.10248853500562849,-0.3620086653804184,0.1570315953691614,-0.17815202596793825,0.22489714031231664,0.046745114344378384,0.3450213473808075,0.163430888274238
614,c,all,120042,1,1,0.7368159723539404,0.6359210895611271,-0.06208607766957611,-0.31149614190673625,0.18732398656758395,0.13800989485438941,0.6359172787744115,0.7739271736288009,0.8274743251071385,0.7501169233771545
617,c,all,120042,1,0,0.8010460484695189,0.650511355219487,-0.2590166990443853,-0.3389865664477496,-0.179046831641021,-0.32977963417948597,0.8338032757051225,0.5040236415256365,0.8485350583833042,0.5539736945630076
621,c,all,120042,1,1,0.6441455579586658,0.5836106553929661,-0.1464724279753588,-0.32409911059182345,0.031154254641105772,-0.10300534475910206,0.7057406494157711,0.602735304656669,0.6270415558891259,0.6411520177731279
626,c,all,120042,1,0,0.6213043595348011,0.155859015377392,-0.10834828663930098,-0.33896086694264255,0.12226429366404058,-0.14734105843629364,0.26353475745247545,0.11619369901618182,0.5408398945646613,0.18384683494274479
638,c,all,120042,1,0,0.20200546242296272,0.051601145618087776,-0.1904771662560661,-0.41105153731848443,0.030097204806352168,-0.028967779075204383,0.061277322843089226,0.03230954376788484,0.21730089998808788,0.054982598379391213
648,c,all,120042,1,1,0.40996509811221016,0.8800482851214708,-0.05481013439008298,-0.2023894191587976,0.09276915037863162,0.22657797391420198,0.7325950095116571,0.9591729834258591,0.446193692985528,0.8336926724416136
651,c,all,120042,1,0,0.6876186017763336,0.4103267311720954,0.030510416518735872,-0.13538704533107665,0.19640787836854837,0.14285091672279376,0.2851618328993221,0.4280127496221159,0.7508626695093064,0.39242325357165064
656,c,all,120042,0,0,0.21672815872068227,0.5370490537827723,-0.10148855415463238,-0.1925255251636521,-0.010451583145612689,0.008071797181922913,0.46869912424753557,0.4767709214294585,0.22802004329675454,0.4705396557904402
662,c,all,120042,0,0,0.5412854875092089,0.3430190257465138,0.008427600159596869,-0.19225194116842112,0.20910714148761483,0.12090442381375327,0.2880053588167833,0.40890978263053657,0.3957846009982411,0.33585746795483185
663,c,all,120042,1,1,0.558955966984612,0.5429086181082996,0.014429183407882266,-0.13963651202707666,0.16849487884284114,-0.0006267839972746714,0.6515715924340533,0.6509448084367786,0.5681953671368609,0.6512154566706063
676,c,all,120042,1,0,0.5596279154696608,0.5356363889106331,-0.03132747916489834,-0.12351956105429174,0.06086460272449503,0.288078314021742,0.4324920904579289,0.7205704044796709,0.6529119529093504,0.6205818650566977
680,c,all,120042,1,0,0.7326959997507487,0.11702339723451408,-0.13611384214414135,-0.32081013728752394,0.048582452999241216,-0.21676132704337042,0.27484012746336883,0.05807880041999842,0.7595694039485262,0.11019485548194441
684,c,all,120042,0,0,0.5095809620747207,0.10132008379383037,-0.13368302271606788,-0.326099488181084,0.05873344274894815,-0.09365228131014089,0.1535330244619221,0.05988074315178122,0.2799397036695437,0.12731603258398452
689,c,all,120042,1,1,0.9593965059098839,0.9708116047422297,-0.009449993433949627,-0.3168598706480158,0.29795988378011645,0.028437736123359203,0.9572782937779396,0.9857160299012988,0.9706128031462105,0.9848803245517656
702,c,all,120042,0,0,0.01001131091100082,0.038305986848346504,-0.040887407343199234,-0.1977386182418379,0.1159638035554394,-0.008814129041007847,0.027598928413820053,0.018784799372812206,0.012737884181278832,0.027486655058936847
705,c,all,120042,1,0,0.9818387908092856,0.7573522870442211,-0.2304858409798211,-0.3174360337508626,-0.14353564820877968,-0.24861107127745252,0.9414393089611733,0.6928282376837208,0.9809324818902252,0.6975686337875942
707,c,all,120042,1,0,0.27816788105154966,0.05224217720605552,-0.3523618480159479,-0.4764668990316382,-0.22825679700025758,-0.18261274863827542,0.1878998981069971,0.005287149468721667,0.2347415664691916,0.14503309543440357
708,c,all,120042,0,0,0.30407980437283283,0.16554360367297483,-0.2188186171066877,-0.34714290570472917,-0.09049432850864628,-0.3033594815556778,0.3504194567553186,0.04705997519964079,0.374407833118835,0.2368392906100041
712,c,all,120042,0,0,0.12268991638648168,0.1609438312464406,0.08085706583602817,-0.10762409165077566,0.26933822332283197,0.20262182932038472,0.14691061958728588,0.3495324489076706,0.05606427893599119,0.15827046634482472
713,c,all,120042,0,1,0.23599487445084782,0.8782731705182754,0.10675634554789287,-0.12400253971310693,0.3375152308088926,0.18351149860665072,0.775833119343291,0.9593446179499417,0.3611110149512662,0.8421011428603665
723,c,all,120042,1,1,0.9521620121455607,0.7180788959887858,0.0861779039705707,-0.04466055695941161,0.21701636490055298,-0.013981278819158116,0.8683621139850527,0.8543808351658946,0.9403397493894873,0.855214961764101
727,c,all,120042,0,0,0.0032718255340256686,0.06262436697095923,-0.0064681566939885264,-0.09813583189492199,0.08519951850694493,0.01940221066508254,0.03568903252242936,0.0550912431875119,0.004415015471387493,0.03577469358269482
735,c,all,120042,1,1,0.8534351673132365,0.7130838936189542,0.015396260723855033,-0.17930396470424295,0.21009648615195298,0.2892291597635016,0.6042732494725858,0.8935024092360874,0.85753976359256,0.8522987547602537
739,c,all,120042,0,1,0.0895373639085759,0.18533995038691384,0.026194614647194133,-0.1058927402384264,0.15828196953281465,0.04653584065128688,0.23099895524207756,0.27753479589336444,0.10826828795026494,0.23603731103771872
743,c,all,120042,1,0,0.818683828918493,0.6157485834573707,-0.3401364372291999,-0.47158323681315645,-0.20868963764524337,-0.3588049137290085,0.8478417441080576,0.48903683037904905,0.8540792214123399,0.5413939227514641
744,c,all,120042,0,0,0.09329951122621168,0.04147368520625212,0.019546281047899995,-0.1763533233969992,0.21544588549279914,0.00043827428651807554,0.026528100992398846,0.02696637527891692,0.03804426145219432,0.026544774813942913
752,c,all,120042,1,0,0.3348775343979218,0.24354561544039965,0.009242177361840392,-0.0995996698363104,0.11808402455999117,-0.048624029853681416,0.3276257229580346,0.2790016931043532,0.4051996569380795,0.3079232827423759
760,c,all,120042,1,1,0.7485418695547517,0.8305860348800336,-0.19804941688206665,-0.3345552451980671,-0.06154358856606623,-0.1049719012824385,0.9221465373701752,0.8171746360877367,0.8120115327351075,0.8369081429157039
773,c,all,120042,1,1,0.914863198781001,0.9121508805594647,-0.010529846716937121,-0.2548376124170427,0.23377791898316844,-0.05078761983714952,0.9666567816878695,0.91586916185072,0.9159070005121013,0.9201400451396771
776,c,all,120042,0,0,0.14330884330943064,0.09585268083584231,0.023058634246949355,-0.131443251117953,0.17756051961185165,0.11215936655437345,0.0472359901847925,0.15939535673916594,0.07290723182044223,0.05541321912300616
779,c,all,120042,0,0,0.25515722437842836,0.42313541948263494,-0.0768633363032597,-0.308355611410826,0.15462893880430653,0.2102850669914252,0.22621397008186886,0.43649903707329407,0.3629244759380927,0.30253156781733853
781,c,all,120042,1,1,0.6521171674969055,0.7699677984932014,0.02628107712277888,-0.12321139022511071,0.17577354447066845,0.031273744586730046,0.8283829563994728,0.8596567009862028,0.7461971474210043,0.8517193353992638
782,c,all,120042,1,0,0.9196777343953141,0.35580012373365577,-0.10410146126801037,-0.27459199775566373,0.06638907521964293,-0.27881971225762575,0.5994415106886838,0.32062179843105804,0.8619811840905949,0.3591041649690566
783,c,all,120042,0,0,0.052725484334855174,0.24062261436335358,0.050236002587182374,-0.09219477405589747,0.1926667792302622,0.11768093960974968,0.16619341714787256,0.28387435675762224,0.05485994054116541,0.1726493864976919
786,c,all,120042,0,0,0.038129437041765454,0.11437638706227057,-0.001950809244391004,-0.11911028557967905,0.11520866709089701,-0.1204466128067492,0.16532041866408156,0.044873805857332354,0.05941604163077386,0.15816395770327005
798,c,all,120042,1,1,0.8327737945049247,0.7832853421639149,-0.0015174016403156324,-0.15937451428872393,0.1563397110080926,-0.012829595656138837,0.8710496929005754,0.8582200972444366,0.8434126957509361,0.8602290490428369
822,c,all,120042,0,0,0.7964023859694794,0.7226986869274034,0.06513662119634078,-0.15015480540765483,0.28042804780033637,0.15687867128973654,0.7780227700505881,0.9349014413403246,0.7866852715996432,0.9014369101823456
827,c,all,120042,0,1,0.20564334032025058,0.41138054234518756,-0.38061635889401907,-0.4891951012845489,-0.2720376165034893,-0.47170840662307595,0.6500277796996768,0.1783193730766009,0.24463777729865077,0.5346300835703194
839,c,all,120042,0,0,0.34578892978679315,0.051244972271561925,-0.22461121110224633,-0.4633075284556781,0.014085106251185364,-0.082870305049013,0.09704353328678197,0.01417322823776898,0.162343632639872,0.08359006692715087
841,c,all,120042,0,0,0.01986152714689624,0.10164040189477093,0.011492388170351694,-0.24249640707077325,0.2654811834114766,-0.010820327453034226,0.09911358918728445,0.08829326173425023,0.034639969991106065,0.09873877336901742
845,c,all,120042,1,1,0.7845205245651108,0.5028463854562355,0.04057848144501039,-0.08450786038345426,0.165664823273475,-0.054967122143437575,0.679755636458759,0.6247885143153215,0.7638252185778449,0.6377703623729527
848,c,all,120042,0,0,0.04549534038197327,0.20059538901900606,-0.038175593906187036,-0.25493413482690286,0.17858294701452876,0.0857810802170664,0.15080779969315497,0.23658887991022137,0.05969038884345037,0.1559281057267229
859,c,all,120042,1,1,0.7602096924000428,0.7230801507304332,0.02757239137753755,-0.1894050224377807,0.2445498051928558,0.10091643251497262,0.7428263810643577,0.8437428135793303,0.8320547758187614,0.8267943806970325
868,c,all,120042,1,0,0.21062354843487743,0.063593025792975,-0.06341790249693575,-0.18413982845242885,0.05730402345855731,-0.03768758335333155,0.08397151622017748,0.046283932866845935,0.23923225370276432,0.07495543071794919
875,c,all,120042,1,1,0.2095630028940588,0.25006395669028647,-0.030706549526532352,-0.16518837118209032,0.1037752721290256,0.2750351541256375,0.13981080528827883,0.41484595941391633,0.19551987810503407,0.19358564509752274
890,c,all,120042,1,1,0.9876736406620003,0.7278839613296899,-0.07034048443790471,-0.3333768500696795,0.19269588119387004,-0.020946677854016382,0.8906656266682582,0.8697189488142418,0.9874817561550102,0.8699811644353609
892,c,all,120042,0,0,0.8076451424384119,0.15579588391163268,-0.21886044623948522,-0.39338679697030576,-0.04433409550866477,-0.4218944972490402,0.4749578951993378,0.053063397950297596,0.752638681307789,0.15742377713880756
893,c,all,120042,0,1,0.36619238613250343,0.21868543651928912,-0.1191941004600038,-0.23709311932376187,-0.0012950815962457507,-0.13899119129057289,0.2884059010666973,0.1494147097761244,0.20296380287330745,0.2601957203164713
898,c,all,120042,1,1,0.4525570471867022,0.756871634384734,-0.1907419688037816,-0.2890265958534658,-0.09245734175409744,0.11489019733853345,0.5760315391701575,0.6909217365086909,0.47972378810490296,0.6311470998535185
908,c,all,120042,1,1,0.6409932429013714,0.5389593655355163,-0.0400369456127688,-0.24637702703929643,0.1663031358137588,0.2700079153490359,0.5696492081263452,0.8396571234753811,0.6849639978240327,0.7545949092679538
913,c,all,120042,0,0,0.3899701749588428,0.4784470629741566,0.1373771704175421,-0.1245827332986088,0.39933707413369296,0.5763362625455206,0.21409661929254425,0.7904328818380649,0.36702698783272614,0.4256275817133979
915,c,all,120042,1,1,0.9523558435925716,0.7524112911697871,-0.05293788637313741,-0.24328498873703636,0.1374092159907615,-0.10460704553612188,0.9122655745034537,0.8076585289673318,0.9415880973154946,0.8137688255313014
917,c,all,120042,1,0,0.9238051845363644,0.6510453356614134,0.07806573808887526,-0.13780669857603475,0.29393817475378525,0.012647334156821954,0.7540394926111339,0.7666868267679559,0.9317451813874247,0.7658235852691494
924,c,all,120042,0,1,0.04175351115731589,0.2874748128522011,-0.15318424361499405,-0.309550394375807,0.0031819071458188686,-0.03518580558050255,0.34295445282315096,0.3077686472426484,0.03257650484478903,0.34180822225718993
929,c,all,120042,1,0,0.6620698022112063,0.5400270204453902,-0.017234857755894846,-0.26000837385959413,0.22553865834780437,-0.2246108655442407,0.7244357997544417,0.499824934210201,0.6590473051994321,0.5764066140989978
934,c,all,120042,0,0,0.1803652267088213,0.20640850057550725,-0.1596998950351497,-0.27330625556488614,-0.046093534505413286,-0.17923562100166213,0.30255577023811625,0.12332014923645412,0.22882149384738068,0.26154280768985294
955,c,all,120042,1,1,0.8200078699622656,0.44067151123631954,-0.1054038314273871,-0.29355970887483407,0.08275204602005987,-0.4074361291328243,0.7758676384475641,0.36843150931473984,0.8734804756292069,0.41998013458410177
960,c,all,120042,1,1,0.3643006462551074,0.5474723955226384,0.03869345000644773,-0.20439568245013556,0.28178258246303095,0.30302428580824725,0.4145443547009303,0.7175686405091776,0.3800930993244424,0.5297217946643626
961,c,all,120042,0,1,0.5523427628313958,0.32622440004488346,-0.008849941329817982,-0.16834321938527433,0.15064333672563834,-0.17386110854674186,0.4319105760822528,0.25804946753551095,0.49347354839846846,0.3461147179192008
967,c,all,120042,0,0,0.6292753281413974,0.5409563573366716,0.027277344678702922,-0.09062067285621399,0.14517536221361982,0.11315424130412288,0.5413987873849739,0.6545530286890968,0.44694083003004204,0.5919720379148583
976,c,all,120042,0,0,0.1875189495787529,0.09550610275025576,-0.23248547966161406,-0.4084017728496975,-0.056569186473530736,-0.10435438224184548,0.15809386067540734,0.05373947843356186,0.20179595515564355,0.13703556843623702
977,c,all,120042,1,0,0.9290030480519587,0.6776003156365273,-0.03043573760146906,-0.1783248466757368,0.11745337147279866,0.2172265382051104,0.6784268664625951,0.8956534046677055,0.9400329381747864,0.8826269674210825
980,c,all,120042,1,1,0.8907828288358244,0.6749097282986457,-0.09873358819720514,-0.2421040946177892,0.04463691822337888,-0.1328309937568829,0.8403143102576274,0.7074833165007445,0.9173360209342071,0.7184636549879518
986,c,all,120042,1,0,0.719338469580331,0.2546037122448208,-0.18544217220603468,-0.2957847987208683,-0.07509954569120104,-0.21930664730454208,0.3912007173486197,0.17189407004407764,0.6588215068712526,0.24671678150455897
987,c,all,120042,0,0,0.39239782738313184,0.3616015143122924,-0.05309377739791072,-0.16101135516374546,0.05482380036792401,0.16537846499403014,0.35989141899015303,0.5252698839841832,0.3384405855504341,0.41586220352016456
989,c,all,120042,0,0,0.41956555533879414,0.22006559188022567,-0.2136863210614247,-0.3513842700668137,-0.0759883720560357,-0.22553091570484401,0.34182879340480493,0.11629787769996093,0.2358266405545143,0.2886425952129482
5,c,all,2120042,1,1,0.5795099407346893,0.4538367246659664,0.06071611501745718,-0.15467616893909095,0.27610839897400524,0.29544125881310984,0.4283602486568981,0.7238015074700079,0.5143494763770452,0.5803203054275963
12,c,all,2120042,0,1,0.25634436282965567,0.3155464893978257,-0.1210135252880323,-0.2402477234667484,-0.0017793271093162338,-0.1020346687031714,0.35251383485816296,0.25047916615499155,0.22807181354145364,0.3292426029229293
15,c,all,2120042,1,0,0.5723121503402376,0.07118001064913923,0.04763409359806977,-0.1499046630662773,0.2451728502624168,-0.003080297422145953,0.08496536053642435,0.0818850631142784,0.5888855260374319,0.08315141796863218
30,c,all,2120042,0,0,0.5704623645591489,0.21940483178855125,-0.16839241921130607,-0.2764705894192693,-0.06031424900334291,-0.15824629257148742,0.32006203944320166,0.16181574687171424,0.5261665055811847,0.23679814065968435
35,c,all,2120042,1,1,0.9786739657392877,0.960822905856447,0.02964927691471605,-0.18015947081268915,0.2394580246421212,0.011426825642477212,0.9756257658102383,0.9870525914527155,0.9757346483150356,0.986775315509858
39,c,all,2120042,1,0,0.7563312812814935,0.44306084397870127,-0.08905350959166149,-0.19651391578181837,0.018406896598495384,-0.0787740414269622,0.5056272841792651,0.42685324275230285,0.77152706901285,0.4448509788828241
40,c,all,2120042,0,0,0.3237420599830905,0.29829460829318116,-0.056925331198592256,-0.17616115211350783,0.06231048971632328,0.060474988513839145,0.3131862436036617,0.37366123211750085,0.36407388745256936,0.3352036077655446
43,c,all,2120042,1,0,0.7047099212791663,0.49538448081499065,-0.08963350607021751,-0.2136527489641365,0.03438573682370143,-0.19702180525731344,0.6091152747624241,0.41209346950511067,0.6567057331961557,0.4797299256852899
45,c,all,2120042,0,0,0.1437516716050587,0.25571509261899533,-0.10317160997631743,-0.2986918333449103,0.09234861339227539,0.13139903885494988,0.2165379872607052,0.3479370261156551,0.17346042267748582,0.2393305200799002
48,c,all,2120042,1,1,0.2869094591298208,0.5200283869835887,-0.12238652502938663,-0.28768532062176955,0.04291227056299629,-0.02351093248221392,0.4828213005356463,0.4593103680534324,0.42933764997077845,0.47272717203511094
63,c,all,2120042,1,0,0.6299929194432844,0.09389999784630385,-0.07740916584051205,-0.20814626761752014,0.05332793593649601,-0.08061850681857732,0.15433536704847534,0.07371686022989801,0.6257533169734277,0.10388806899730568
67,c,all,2120042,1,1,0.45136367442141934,0.40273088169296534,-0.2762853108795074,-0.374564315295236,-0.17800630646377885,-0.4040936263411786,0.6270655271286899,0.22297190078751128,0.5184844589253166,0.41754926192001485
69,c,all,2120042,0,0,0.5079878119731548,0.44975389859313897,-0.03949297969399516,-0.1437334451569474,0.06474748576895703,-0.2535047085663173,0.6257136287774533,0.372208920211136,0.5819759402865388,0.4781799876425058
72,c,all,2120042,1,0,0.687680887309872,0.2581661358070122,-0.024988949528182668,-0.23485632347275232,0.18487842441638694,0.03393963416448598,0.2845721538079479,0.3185117879724339,0.7269864624971379,0.3092458083876346
75,c,all,2120042,1,0,0.9284421657491837,0.530545732093446,0.040433620228998324,-0.17732800444676855,0.25819524490476514,-0.21905044290968123,0.7859902699448377,0.5669398270351564,0.9155184418716508,0.5854455497608714
85,c,all,2120042,0,0,0.008773461662729187,0.05109755699917493,-0.05271606745586258,-0.13741431835682794,0.031982183445102765,-0.03033405828346857,0.05306870888576817,0.022734650602299605,0.012191215162621852,0.05269889985447889
93,c,all,2120042,0,1,0.130023011162489,0.16701344340059895,-0.17163591568768433,-0.35288953402818146,0.009617702652812782,-0.24763340158643393,0.32022570877467954,0.0725923071882456,0.13659914574554174,0.28639919765990995
115,c,all,2120042,0,0,0.3157245845303031,0.16436003393132187,-0.11553896238852693,-0.2748433281847757,0.04376540340772181,-0.036066766855671034,0.2053367437300431,0.16926997687437206,0.1881577563382044,0.19855050180010692
116,c,all,2120042,0,1,0.14650089561447632,0.15602766967695833,-0.132285621903551,-0.24789697135006988,-0.016674272457032138,-0.014342061446469406,0.14192494897859992,0.1275828875321305,0.1837349785468509,0.13928981062641524
121,c,all,2120042,1,0,0.928058756616359,0.4449361891024042,-0.2981482199757708,-0.4452411870181232,-0.15105525293341843,-0.578150415838105,0.8466828492611407,0.2685324334230356,0.8997037852763005,0.3265187316725304
122,c,all,2120042,1,0,0.7854315242155323,0.07005176903682984,-0.2984012717832687,-0.4750614062841261,-0.1217411372824114,-0.1662835077113541,0.20281166924209829,0.03652816153074418,0.7578750286730987,0.07678955106749236
123,c,all,2120042,0,1,0.24285397886031196,0.2891142413764237,0.04414135696226285,-0.18477281558721148,0.2730555295117371,0.03246765507545743,0.22412970679849994,0.2565973618739574,0.15541688820093894,0.22917572871750896
126,c,all,2120042,0,0,0.2349973785016528,0.2693385153762674,-0.2326451467105966,-0.31264423141110215,-0.15264606201009107,-0.3010231687743369,0.44215599748635387,0.141132828712017,0.21023743122465782,0.3788696597441307
130,c,all,2120042,0,0,0.13407671620313125,0.07961827478601632,0.011776614658342236,-0.16031895588657788,0.18387218520326232,0.006309753656425152,0.06615229801318433,0.07246205166960948,0.06622810440116784,0.0665701810370877
137,c,all,2120042,0,0,0.12386641372831915,0.06768471258818856,-0.19283719491231843,-0.35312512386754646,-0.032549265957090456,-0.035394603233024145,0.0790729821473732,0.04367837891434905,0.08580984252666052,0.07603577681765378
145,c,all,2120042,1,0,0.41705238531687083,0.43019423865340467,-0.0683226351278507,-0.20282940346206849,0.06618413320636704,-0.33769143797714973,0.6919752618184105,0.3542838238412608,0.43705268699339506,0.5443863114758338
151,c,all,2120042,0,1,0.6197546289092177,0.31810246434372685,-0.34677055012951835,-0.4954334147956598,-0.19810768546337695,-0.31487008056515453,0.48899357852641573,0.17412349796126117,0.5564672015365533,0.31377870594673507
152,c,all,2120042,1,1,0.9830359957167152,0.6898611735217169,-0.09447255186385126,-0.22402050061117562,0.03507539688347308,-0.012172431745375523,0.8762847281697077,0.8641122964243322,0.9805114377218112,0.864349519618479
162,c,all,2120042,0,0,0.5552481046088609,0.6615882238485635,-0.24233826443275416,-0.4130730223108059,-0.07160350655470249,-0.1770906937214045,0.7830738531324425,0.605983159411038,0.5328644485720335,0.6887085182753474
167,c,all,2120042,0,1,0.48302295469853984,0.7763439758629804,0.02141463634183661,-0.19787829810234864,0.24070757078602179,0.060419762402974864,0.7836955006531895,0.8441152630561644,0.488703502712227,0.8132228501725638
169,c,all,2120042,1,1,0.7583598332357883,0.8869413440969263,-0.2582641297773995,-0.3982965061615803,-0.1182317533932187,-0.059438745764093026,0.9330844701155844,0.8736457243514913,0.7742167680898258,0.8870659964707954
175,c,all,2120042,1,1,0.9906919064234747,0.6635117293858521,-0.23838290948672086,-0.3633855376801764,-0.11338028129326536,-0.13063141535059297,0.8737444653113482,0.7431130499607552,0.9694429817425687,0.7471047565046174
180,c,all,2120042,1,1,0.9431594287607539,0.6560185830053453,0.032948194593017385,-0.1473637099613862,0.21326009914742095,0.07214620573564456,0.7786322158744284,0.850778421610073,0.9543923084224109,0.8474879997103885
186,c,all,2120042,1,0,0.6104696005485014,0.2822875034246871,-0.04411362697517911,-0.17910745190503735,0.09088019795467912,-0.34838730337294177,0.4994029297137133,0.15101562634077156,0.6438615699902365,0.2750897335993462
193,c,all,2120042,0,0,0.3509801020968205,0.26746906079696997,0.025280277631397237,-0.22744174651320637,0.2780023017760007,-0.07790570380726344,0.2953083622437127,0.21740265843644926,0.41432172147108914,0.26303033692987055
196,c,all,2120042,0,0,0.39530832788932496,0.3800266421379802,-0.08896520169015251,-0.22806694077526854,0.05013653739496349,0.18500422317417548,0.32434400872550756,0.509348231899683,0.3716162688907627,0.39309458787052864
198,c,all,2120042,0,0,0.07190005219011496,0.09578625194541361,-0.05966224646902012,-0.19629119004731344,0.07696669710927315,-0.09796041668062988,0.1586915272759424,0.06073111059531252,0.09028587933649393,0.14984708491576237
205,c,all,2120042,1,1,0.9613396544842974,0.5816504119753125,-0.06236377499433561,-0.21785345667498396,0.09312590668631267,0.10039000345163385,0.6891605940965426,0.7895505975481765,0.9624369089430685,0.785779638707317
208,c,all,2120042,1,1,0.4020930077434365,0.5419701539529151,-0.18431802035170142,-0.28804016016988493,-0.08059588053351792,-0.38364186382161225,0.7194421327827453,0.335800268961133,0.4072806738535624,0.5631922159670424
211,c,all,2120042,0,0,0.1245327252569393,0.14224924521077723,-0.08678875460314116,-0.2943445054803517,0.1207669962740693,0.039362356322426656,0.16438647521130773,0.20374883153373438,0.09642181922653781,0.1681818652169593
229,c,all,2120042,0,0,0.2621232533283572,0.06419290388977453,-0.052519379337933804,-0.17075000983905209,0.06571125116318446,-0.0181111175885878,0.06995670563525107,0.05184558804666327,0.30447931100626485,0.0644422450303244
237,c,all,2120042,0,1,0.17089158510717117,0.7903440719712191,0.0668341036894598,-0.09750818533073177,0.23117639270965135,0.014677238537030401,0.7975200380169778,0.8121972765540082,0.18990857655563823,0.8003073714953128
241,c,all,2120042,1,0,0.30261885809355343,0.3445045280194968,-0.16015808606565868,-0.29682512557457086,-0.023491046556746525,-0.2359562924134932,0.5015441113192208,0.26558781890572764,0.2950149658609628,0.4319334737681747
246,c,all,2120042,0,0,0.005692338093679031,0.041764964169164996,0.02729683934288669,-0.1157857098056176,0.17037938849139095,0.01186840094368172,0.018116439756915348,0.02998484070059707,0.0026243135065499405,0.018147586161813004
250,c,all,2120042,1,1,0.9465197750492464,0.6751346002015987,-0.1670663760407965,-0.3406972735403011,0.006564521458708034,-0.14381661120733635,0.8672152602102811,0.7233986490029447,0.9507090811076705,0.7304875019213353
254,c,all,2120042,0,1,0.15724832167185027,0.16255735638160038,-0.08665940184414979,-0.22738817152782187,0.05406936783952228,0.11029612787953566,0.14744962685810456,0.2577457547376402,0.08493199342585338,0.15681729686606638
261,c,all,2120042,0,0,0.2035668815808304,0.387093334266194,-0.1026159331079739,-0.26322435053347376,0.05799248431752593,0.31285754382566056,0.3117214313126295,0.6245789751382901,0.1705389734222835,0.3650758356640747
264,c,all,2120042,1,1,0.5687037642510144,0.8295066338001847,-0.0943413308285697,-0.22912987798280998,0.04044721632567054,0.10130985419071503,0.7911490993565368,0.8924589535472518,0.5810993954074002,0.8500201943755732
265,c,all,2120042,0,0,0.5181619610469814,0.2845084867924121,-0.25245414366809066,-0.4268941107347374,-0.07801417660144402,-0.19966649402570194,0.44336264391079605,0.2436961498850941,0.5891544295672154,0.3257282445193978
270,c,all,2120042,0,0,0.13629795483786236,0.09318955076140835,-0.08702237185716293,-0.21751131974772236,0.0434665760333965,-0.05981133747776573,0.12230691731294828,0.06249557983518255,0.15266603857068187,0.11317575735860363
271,c,all,2120042,1,0,0.8546210098694014,0.9541555603427572,-0.16374147498066205,-0.30043376921746034,-0.027049180743863782,-0.027407061388611043,0.972040045003356,0.9446329836147449,0.8799152601270086,0.9479241534522794
277,c,all,2120042,1,1,0.9027483920149099,0.7486342783102978,0.055333742702308876,-0.045086839128961546,0.1557543245335793,0.19707323380293573,0.7379585356450379,0.9350317694479736,0.8959221773328886,0.9145208163677975
278,c,all,2120042,1,1,0.9841651279161855,0.9196062819023793,-0.12046096913751224,-0.2569535230248527,0.016031584749828173,-0.034983579731057146,0.9745499252614708,0.9395663455304136,0.9852240699610291,0.9400832604570325
282,c,all,2120042,0,0,0.6051305496028134,0.4427055322724863,0.01259949638580132,-0.13217647977908184,0.15737547255068446,0.2904593735133494,0.40130368088367085,0.6917630543970202,0.5875385209157825,0.571959751583829
284,c,all,2120042,0,1,0.28059544267700626,0.584743973485635,-0.10411756334445613,-0.20629239258351761,-0.0019427341053946806,0.18518688543613304,0.5345000271529722,0.7196869125891052,0.2848632031007027,0.5872529565105519
288,c,all,2120042,1,0,0.852059632776595,0.7137701694666436,-0.08178835724147013,-0.1924003186942502,0.028823604211309917,0.004640120746827181,0.8285928613323575,0.8332329820791847,0.8137217939140347,0.8323686287104435
294,c,all,2120042,1,1,0.8847277472983341,0.42768069035977857,-0.23470329058136474,-0.3279743421256048,-0.14143223903712476,-0.34951026332690505,0.6471311693923253,0.29762090606542024,0.836697904397772,0.35469666450119036
318,c,all,2120042,0,0,0.6250534679475723,0.4899685237307624,-0.03653288883153152,-0.16209082811682518,0.0890250504537621,-0.20199985734703257,0.5879283385482199,0.38592848120118733,0.47898390671963986,0.4911736577193283
319,c,all,2120042,1,1,0.9308190392508676,0.8273636067586752,-0.008815243365514052,-0.15104441243968605,0.1334139257086579,0.04278373950332526,0.8493940089152403,0.8921777484185656,0.9507415839242936,0.8900702891768362
328,c,all,2120042,0,1,0.27963988530501427,0.2923196241303657,0.009896691775850735,-0.11158751748500767,0.1313809010367091,0.10327243996857394,0.20730761169537187,0.3105800516639458,0.24526855774207149,0.23263709410096867
334,c,all,2120042,0,0,0.17600898200510934,0.12592809276778683,-0.22847116462659298,-0.3194286120064286,-0.13751371724675743,-0.1484375342195409,0.1983455391861229,0.049908004966582015,0.20689159123360956,0.16763506153264873
339,c,all,2120042,0,1,0.778250916395819,0.8053296418123737,-0.3285545872140421,-0.5147691274369268,-0.14234004699115752,-0.04096418254395162,0.7913418013853089,0.7503776188413572,0.7738703643510148,0.7596408345146795
343,c,all,2120042,1,1,0.8779920732338832,0.48729871016220194,-0.0742151460248022,-0.23686930733670458,0.08843901528710016,-0.252500407706424,0.7443325037606942,0.49183209605427014,0.8958918058613752,0.5181194575198524
346,c,all,2120042,0,0,0.5658124678015921,0.2916861019350232,-0.11642248464431572,-0.22446515812129697,-0.008379811167334494,0.021257549177203516,0.4635368861105099,0.48479443528771343,0.5102592561944268,0.47438374734218625
347,c,all,2120042,0,1,0.09579716585287354,0.4285466470989947,-0.21750295781459866,-0.3173293964365841,-0.11767651919261325,0.0718545920669893,0.2615415662030328,0.3333961582700221,0.14896115907122268,0.27224510952192144
349,c,all,2120042,0,1,0.8829237622268957,0.7969397220462902,-0.11728526956840131,-0.2585508990421739,0.023980359905371187,0.03268878550218324,0.8558790417523827,0.888567827254566,0.90689913434711,0.8855244730271711
350,c,all,2120042,1,1,0.9973742424238331,0.920800968679834,-0.050090877448421604,-0.19644648636625997,0.09626473146941672,-0.01526830645046906,0.9870651730971797,0.9717968666467106,0.9973527060325942,0.9718372863422694
354,c,all,2120042,1,0,0.7082491267779003,0.5885550619538565,-0.08905350959166149,-0.19651391578181837,0.018406896598495384,-0.14297135067526034,0.6543294133891959,0.5113580627139356,0.651333622993829,0.5612073655695574
357,c,all,2120042,1,1,0.5663855336684623,0.5832321448491248,-0.21300920313132943,-0.3146744841579867,-0.11134392210467214,0.1013446835796018,0.4463772897496344,0.5477219733292362,0.6846059209937392,0.5157584601894668
360,c,all,2120042,1,0,0.3412657629327169,0.19991624681511508,-0.19837267759269733,-0.3990496234822486,0.0023042682968539008,-0.20995476861796994,0.3185615885237857,0.10860681990581575,0.3064633309145173,0.2542181507917359
361,c,all,2120042,0,0,0.2768589477071071,0.20832456250053388,-0.15608365908025768,-0.27387179704694914,-0.03829552111356624,-0.0406445885166562,0.19061748277556523,0.14997289425890903,0.1473623882639726,0.18462799914174433
365,c,all,2120042,1,0,0.6800472503186337,0.28771294418683147,-0.20767075041883437,-0.3536620870038686,-0.061679413833800156,-0.3344524588585174,0.48247634363636255,0.14802388477784517,0.7037892739416086,0.24709229044834086
368,c,all,2120042,1,0,0.7344033841766269,0.3888808466789951,-0.10962385283909075,-0.24344330987005985,0.024195604191878342,-0.05427466854280549,0.4718418589350713,0.4175671903922658,0.6540894483175863,0.4363413709302878
370,c,all,2120042,1,0,0.16386531345106772,0.03801651685690381,-0.357087919152442,-0.4870526796407988,-0.22712315866408517,-0.11224918810400103,0.11604627447767366,0.003797086373672619,0.11504539026639442,0.10313252282516294
380,c,all,2120042,0,1,0.833489037954595,0.356587592256022,-0.34273924631156216,-0.4346357242431181,-0.25084276838000624,-0.4595323870462047,0.6433774733254405,0.18384508627923582,0.6529940418405045,0.3433055625515242
384,c,all,2120042,1,1,0.8132495380169068,0.8763864956697166,0.028118971538270105,-0.10842016923405005,0.16465811231059024,0.0703099140074529,0.8886766336909452,0.9589865476983981,0.8125043706639047,0.945803746123004
392,c,all,2120042,1,1,0.8393814095162522,0.8138724082562883,-0.058052549236713095,-0.2456096083477059,0.12950450987427964,0.0859568948245617,0.7956046715365747,0.8815615663611364,0.8949939681051641,0.8725355739216074
398,c,all,2120042,0,1,0.3785590436181826,0.37164636327183176,-0.2750865693055826,-0.4100454337070735,-0.14012770490409174,-0.3498504475078327,0.5910364248254103,0.2411859773175776,0.36176284124541397,0.4644735329239972
399,c,all,2120042,1,1,0.9970146286266044,0.8330526085140617,-0.18704498172890596,-0.32005302063141156,-0.0540369428264004,-0.029171536123289488,0.9512178017968141,0.9220462656735247,0.9962108424749547,0.9221568012191433
409,c,all,2120042,0,0,0.16108848708925477,0.38505198503875565,0.03984161516460149,-0.15342225073309798,0.23310548106230095,0.14554265152238055,0.3680844066924097,0.5136270582147903,0.16618931836081213,0.39227204074133937
422,c,all,2120042,1,1,0.4016981247030861,0.4134135046374263,0.0717535308047588,-0.1461373483492328,0.28964440995875035,0.04875396248008518,0.4200452914399601,0.4687992539200453,0.33848323217702997,0.436547690241657
424,c,all,2120042,1,0,0.8073598954004613,0.5721889064663956,-0.10178904637557758,-0.1836183251373985,-0.019959767613756646,-0.411950972386599,0.8314253440689895,0.4194743716823905,0.8860761566800972,0.46640540971604305
429,c,all,2120042,0,0,0.04054208125764262,0.015415465732562732,-0.1210769337156471,-0.2918724363640487,0.04971856893275445,0.0037726514360697343,0.01304897486216735,0.016821626298237084,0.014013887068759502,0.013101844373342225
431,c,all,2120042,1,1,0.41909244293591036,0.48339843987886705,-0.19567762343187006,-0.35111936788504633,-0.04023587897869382,-0.32665406706368566,0.7123240608538791,0.38566999379019345,0.26194947604164803,0.6267571991396732
433,c,all,2120042,0,0,0.023721087657617025,0.07276465874225169,-0.083903670742809,-0.21947072576379079,0.05166338427817277,-0.03402153155820689,0.06847959303076086,0.034458061472553966,0.030148742780963526,0.06745388662679803
435,c,all,2120042,0,1,0.3061427875433654,0.700626917437417,-0.04935002939809956,-0.2121644186140212,0.11346435981782203,-0.10742312894197681,0.7807369553595693,0.6733138264175925,0.43293691335902873,0.734229517492061
436,c,all,2120042,0,1,0.0399836780602693,0.20887029043875618,-0.3475914015628833,-0.45659506088683427,-0.23858774223893237,-0.3201538166817906,0.38261502886035376,0.06246121217856315,0.04558681888213726,0.368020234804856
446,c,all,2120042,1,0,0.1264833686632071,0.08754183965354545,-0.22899422041323453,-0.36738993185997043,-0.09059850896649865,-0.06432527410523083,0.14245327608668318,0.07812800198145235,0.13760778018982345,0.13360161790696043
447,c,all,2120042,1,1,0.5728568074196896,0.6648724371247139,-0.20759713342264396,-0.37045571164592483,-0.04473855519936312,0.034144994760945346,0.7178406560241876,0.7519856507851329,0.5268957316826469,0.735831508022056
451,c,all,2120042,1,1,0.8444254813054439,0.6781222161862843,-0.2835064337626263,-0.5259851056277642,-0.04102776189748844,-0.17663563846118313,0.8287729384589229,0.6521372999977397,0.8242034052032726,0.6831892437589615
460,c,all,2120042,1,0,0.4015081191488899,0.4015520342975686,-0.06704606865550795,-0.15973210204045785,0.025639964729441897,-0.15089969081385596,0.4593548416637062,0.30845515084985026,0.3655224480016902,0.40419761727472747
462,c,all,2120042,0,0,0.47995226962218024,0.42316123966686997,-0.008120185935270105,-0.17748436116052338,0.16124398928998313,-0.02877369342676961,0.4686118803771519,0.4398381869503823,0.4666605896496557,0.4551843316362172
465,c,all,2120042,0,1,0.4186121225571804,0.6903555027779911,-0.0801378213195765,-0.1630359403258938,0.0027602976867407564,-0.07352311822592295,0.7800438405311805,0.7065207223052575,0.5135491930884887,0.7422861024929082
467,c,all,2120042,0,0,0.1342401733103888,0.22484105768975188,0.04554233549031931,-0.13483980271058665,0.22592447369122523,0.18109530692018136,0.12685755243371818,0.30795285935389954,0.1888332524081815,0.16105436823531388
468,c,all,2120042,1,0,0.4473842545395611,0.529895746520903,-0.2182416919869757,-0.418091228833167,-0.01839215514078446,-0.36394341785118856,0.7078781761015418,0.34393475825035325,0.42845601156518937,0.5519444308536183
474,c,all,2120042,0,0,0.33848953380953606,0.4437431303116669,0.05626045404772039,-0.08816226421736789,0.20068317231280866,0.27024214191256124,0.30007158198562,0.5703137238981812,0.4170023363305006,0.4127631865381167
478,c,all,2120042,1,0,0.4815879254233275,0.16815828655816542,-0.1443294191662198,-0.30144575245530836,0.012786914122868726,-0.14113139488284232,0.2377741189742361,0.09664272409139375,0.27379783230036064,0.19913264898578764
481,c,all,2120042,0,1,0.4228237656759794,0.4404462708179714,-0.0520706495680795,-0.1999362662944091,0.09579496715825009,0.24256774419822325,0.2663753158727359,0.5089430600709591,0.2853642948162681,0.33559548914103476
486,c,all,2120042,1,1,0.7587397429099123,0.4762036150534132,-0.17948920486648418,-0.31064971055513446,-0.04832869917783392,-0.6892153014395378,0.8677382394188814,0.1785229379793436,0.807107991999281,0.3114670614188369
487,c,all,2120042,1,1,0.8500060230190346,0.5260554622274924,-0.11604678728913084,-0.279083665215919,0.046990090637657245,-0.028156691615068175,0.6387406477170029,0.6105839561019347,0.8811791752215618,0.6139295574226692
498,c,all,2120042,0,0,0.180842069467446,0.03474413597458952,-0.34445646590853224,-0.48209778874183673,-0.20681514307522783,-0.1062618189134249,0.10974740599329373,0.003485587079868836,0.19058570392071683,0.0894954224357829
503,c,all,2120042,0,0,0.3158733490225002,0.15853159349320858,-0.12320372169665028,-0.2810850812284001,0.0346776378350995,-0.16728505428348134,0.2635262519296023,0.09624119764612094,0.40711586132784927,0.19542185296770676
507,c,all,2120042,1,1,0.8888542066688003,0.8359920924028177,-0.07620779889434526,-0.21238753124490103,0.05997193345621049,-0.030854928811506976,0.9308527063190833,0.8999977775075764,0.8926277089340195,0.9033107419047457
508,c,all,2120042,0,0,0.4861368559230739,0.22187266355716656,-0.12069529576481566,-0.22962420971886527,-0.011766381810766072,-0.05620972089686527,0.2627225744829081,0.20651285358604282,0.5311711209732923,0.23286559402452428
514,c,all,2120042,1,1,0.8647892913411044,0.7761679862678833,-0.09733520497535833,-0.26000911511591274,0.06533870516519608,-0.061478120138046544,0.8845825250519558,0.8231044049139092,0.8943195699412145,0.8296014390893036
526,c,all,2120042,0,0,0.039456746332682716,0.09443630355538443,-0.08911790163387244,-0.20738976376860002,0.029153960500855114,0.020299231269924375,0.06015719113646259,0.08045642240638697,0.05466687900003019,0.06126688675608918
528,c,all,2120042,1,1,0.9257797740573446,0.6608412985589942,-0.22103916843941418,-0.3280472620341932,-0.11403107484463519,-0.3151680255715663,0.877924904862706,0.5627568792911397,0.8946923510881424,0.5959464830762735
532,c,all,2120042,1,0,0.6405983393398481,0.19536453691712477,-0.32580468117133454,-0.48766357873936955,-0.1639457836032996,-0.5334643262344162,0.5735551216747997,0.040090795440383485,0.6066516810570359,0.24992809138073208
534,c,all,2120042,0,1,0.574922516218826,0.9359668565212989,0.1051788249048743,-0.030862241838430185,0.24121989164817875,0.13543398492073888,0.8396523821431012,0.9750863670638401,0.6415710899254514,0.9265429114616468
535,c,all,2120042,0,0,0.6147030586072774,0.21875295045396662,-0.1159694531908381,-0.2785583003827241,0.04661939400104792,0.03704061610492676,0.22099152902364283,0.2580321451285696,0.40412609914286823,0.23596060871997537
538,c,all,2120042,1,0,0.8370200904420662,0.6371842010036332,-0.07308191050485874,-0.17753964509646392,0.0313758240867464,-0.06212851278558973,0.7780343272758928,0.7159058144903031,0.8082821081633567,0.7278169619845023
539,c,all,2120042,0,1,0.3879392846172719,0.38386340133079816,-0.1729828369577815,-0.41430014837262424,0.0683344744570612,-0.11126006308263126,0.4664730480873413,0.35521298500471005,0.46073813292230986,0.41521129435383136
546,c,all,2120042,0,0,0.20731621333067357,0.09652850182168615,-0.1124821311222164,-0.24921782881987692,0.02425356657544407,-0.06620608679353736,0.1411022908806444,0.07489620408710705,0.2563020340491129,0.12413353616902867
549,c,all,2120042,1,0,0.7399756948167913,0.3100032205687007,0.012408524492349604,-0.12361018343026209,0.14842723241496128,-0.22605679180368443,0.5078172149242439,0.2817604231205595,0.8011893584262512,0.32670291893115333
550,c,all,2120042,0,0,0.1293658392831369,0.05883171754579166,-0.3084489361338424,-0.3955567591203656,-0.2213411131473192,-0.08381602753461014,0.09640615135008752,0.012590123815477389,0.13400979470830476,0.0851739827069088
552,c,all,2120042,1,0,0.4535026520730274,0.18965967460067157,-0.06804997893740367,-0.20314415967423652,0.06704420179942916,0.08753892270289004,0.1992963733242461,0.28683529602713614,0.4572237483724141,0.23932124769094448
559,c,all,2120042,1,0,0.6782126178562653,0.27594932424060925,-0.1706268310760529,-0.27251757109653185,-0.06873609105557395,-0.36576085048430995,0.5887644136938451,0.22300356320953515,0.7184678395003896,0.32597700567255794
560,c,all,2120042,1,1,0.9485907983199526,0.6528644179184996,-0.1711768556394309,-0.36686060734326253,0.024506896064400707,-0.06469990771798673,0.840006845109726,0.7753069373917393,0.9520143474859696,0.7784116046811844
561,c,all,2120042,1,0,0.5217864440997997,0.34432787211813604,-0.07523733883501131,-0.20354923305736888,0.05307455538734622,-0.14847635272894044,0.47000754047362386,0.3215311877446834,0.49528534616089104,0.39646937871556404
563,c,all,2120042,0,0,0.288810887092968,0.18098102712418604,-0.07693901232315006,-0.22241594528125083,0.06853792063495068,0.08723419972137467,0.16780480528123268,0.25503900500260734,0.31333299897025074,0.19513815869270082
568,c,all,2120042,1,1,0.945792509206312,0.8868332236311733,-0.19799157562771047,-0.3599829282019563,-0.03600022305346465,-0.11006768648138565,0.9621006613342603,0.8520329748528747,0.9575199301970099,0.8567086578576576
569,c,all,2120042,0,1,0.5699463291222611,0.7944201465389815,0.058046048136630425,-0.14279154829859528,0.2588836445718561,-0.03506472883281053,0.8463245486547423,0.8112598198219317,0.667795473870383,0.8229084814476991
571,c,all,2120042,0,0,0.019360718143083242,0.20212904424201766,0.10357007549946952,-0.017356077392841077,0.22449622839178007,0.17274679823127478,0.07316077366171819,0.24590757189299298,0.020388722435939765,0.07668286018255294
576,c,all,2120042,1,0,0.985657195683646,0.7904012675222625,-0.24313107132720202,-0.36843909789081275,-0.11782304476359129,-0.13762755085764844,0.9336653303150813,0.7960377794574328,0.9855241777839763,0.7980300514156748
578,c,all,2120042,0,0,0.4767550890856798,0.2592906969803374,-0.06696071360366064,-0.21319390122985388,0.07927247402253258,-0.1661069213092291,0.37306363189420844,0.20695671058497933,0.30633299155751065,0.3221796017711443
580,c,all,2120042,1,1,0.9683649971691306,0.9373258311670802,0.08027986623716622,-0.08358193097828977,0.24414166345262217,0.041240948763694774,0.9508598933381807,0.9921008421018754,0.9665661090584269,0.990721996718583
584,c,all,2120042,1,0,0.49698425281219805,0.6131683013636084,-0.09983699980090373,-0.20156236092936936,0.0018883613275618855,-0.18620539681394355,0.7916820777128901,0.6054766808989466,0.47263355488663145,0.7036751590776402
588,c,all,2120042,1,1,0.7256973802344092,0.6843480839944683,-0.07975126485451253,-0.26335010741728,0.1038475777082549,0.05151712594740754,0.7716016543161577,0.8231187802635652,0.7264867484806898,0.80902816363676
594,c,all,2120042,0,1,0.3328267557033292,0.2565078582404733,-0.176238567020032,-0.28028975448861293,-0.07218737955145109,-0.1845762402931477,0.3341791213468299,0.14960288105368222,0.2895476165668742,0.28073551089507437
599,c,all,2120042,0,1,0.23146940847626968,0.09030329016421156,-0.11243856959092524,-0.24302666432430128,0.018149525142450773,-0.017020805613165407,0.0815640556751646,0.0645432500619992,0.1107623584300319,0.07967879110307127
603,c,all,2120042,1,1,0.950662659254123,0.6967093952267789,-0.21169192480142238,-0.33340990297875467,-0.08997394662409011,-0.4064471216929251,0.9031243204678541,0.496677198774929,0.8781433534838903,0.546205482010554
606,c,all,2120042,0,1,0.08517606265379603,0.1726932825481575,0.03589197618861512,-0.15509856469068167,0.22688251706791185,-0.0810499975355446,0.21978098697191426,0.13873098943636966,0.045834318428495995,0.2160661155762413
607,c,all,2120042,0,0,0.07414474202561468,0.2048679698877292,0.023893657115302194,-0.20516860148456106,0.2529559157151654,-0.20262165996000597,0.3087378023791391,0.10611614241913314,0.07743012434549355,0.29304878205334556
609,c,all,2120042,0,1,0.27752184490103415,0.10971715898201159,-0.12094924552017036,-0.2651981282648913,0.023299637224550557,-0.17815202596793825,0.22489714031231664,0.046745114344378384,0.3450213473808075,0.163430888274238
614,c,all,2120042,1,1,0.7368159723539404,0.6359210895611271,-0.05657143207963483,-0.15900095547972362,0.045858091320453945,0.13800989485438941,0.6359172787744115,0.7739271736288009,0.8274743251071385,0.7501169233771545
617,c,all,2120042,1,0,0.8010460484695189,0.650511355219487,-0.26578002593924127,-0.38237198844705284,-0.14918806343142973,-0.32977963417948597,0.8338032757051225,0.5040236415256365,0.8485350583833042,0.5539736945630076
621,c,all,2120042,1,1,0.6441455579586658,0.5836106553929661,-0.14500673764969466,-0.3341733487466384,0.04415987344724903,-0.10300534475910206,0.7057406494157711,0.602735304656669,0.6270415558891259,0.6411520177731279
626,c,all,2120042,1,0,0.6213043595348011,0.155859015377392,-0.1751151257501288,-0.31581875840696394,-0.034411493093293694,-0.14734105843629364,0.26353475745247545,0.11619369901618182,0.5408398945646613,0.18384683494274479
638,c,all,2120042,1,0,0.20200546242296272,0.051601145618087776,-0.18503318873093988,-0.3830099161466768,0.012943538684797029,-0.028967779075204383,0.061277322843089226,0.03230954376788484,0.21730089998808788,0.054982598379391213
648,c,all,2120042,1,1,0.40996509811221016,0.8800482851214708,-0.08118247434131542,-0.24138928810067295,0.07902433941804207,0.22657797391420198,0.7325950095116571,0.9591729834258591,0.446193692985528,0.8336926724416136
651,c,all,2120042,1,0,0.6876186017763336,0.4103267311720954,-0.0532866898374257,-0.21036339737612858,0.1037900177012771,0.14285091672279376,0.2851618328993221,0.4280127496221159,0.7508626695093064,0.39242325357165064
656,c,all,2120042,0,0,0.21672815872068227,0.5370490537827723,-0.11765924618532682,-0.21112304010493693,-0.02419545226571672,0.008071797181922913,0.46869912424753557,0.4767709214294585,0.22802004329675454,0.4705396557904402
662,c,all,2120042,0,0,0.5412854875092089,0.3430190257465138,0.03367556293017199,-0.10332388188532501,0.17067500774566896,0.12090442381375327,0.2880053588167833,0.40890978263053657,0.3957846009982411,0.33585746795483185
663,c,all,2120042,1,1,0.558955966984612,0.5429086181082996,-0.008439634835255077,-0.1745240142897076,0.1576447446191974,-0.0006267839972746714,0.6515715924340533,0.6509448084367786,0.5681953671368609,0.6512154566706063
676,c,all,2120042,1,0,0.5596279154696608,0.5356363889106331,-0.09329825846366571,-0.20381671699455223,0.017220200067220776,0.288078314021742,0.4324920904579289,0.7205704044796709,0.6529119529093504,0.6205818650566977
680,c,all,2120042,1,0,0.7326959997507487,0.11702339723451408,-0.09008045102223876,-0.22917253152809747,0.04901162948361994,-0.21676132704337042,0.27484012746336883,0.05807880041999842,0.7595694039485262,0.11019485548194441
684,c,all,2120042,0,0,0.5095809620747207,0.10132008379383037,-0.14157442069625276,-0.3205104817425122,0.037361640350006664,-0.09365228131014089,0.1535330244619221,0.05988074315178122,0.2799397036695437,0.12731603258398452
689,c,all,2120042,1,1,0.9593965059098839,0.9708116047422297,-0.009452381747731404,-0.16513465155408405,0.1462298880586212,0.028437736123359203,0.9572782937779396,0.9857160299012988,0.9706128031462105,0.9848803245517656
702,c,all,2120042,0,0,0.01001131091100082,0.038305986848346504,-0.07386391398892148,-0.27242175486417847,0.12469392688633546,-0.008814129041007847,0.027598928413820053,0.018784799372812206,0.012737884181278832,0.027486655058936847
705,c,all,2120042,1,0,0.9818387908092856,0.7573522870442211,-0.30234533782390327,-0.3958055065012568,-0.20888516914654975,-0.24861107127745252,0.9414393089611733,0.6928282376837208,0.9809324818902252,0.6975686337875942
707,c,all,2120042,1,0,0.27816788105154966,0.05224217720605552,-0.29596209168089604,-0.43925863510672764,-0.1526655482550645,-0.18261274863827542,0.1878998981069971,0.005287149468721667,0.2347415664691916,0.14503309543440357
708,c,all,2120042,0,0,0.30407980437283283,0.16554360367297483,-0.19074729282895186,-0.3493600151775996,-0.03213457048030416,-0.3033594815556778,0.3504194567553186,0.04705997519964079,0.374407833118835,0.2368392906100041
712,c,all,2120042,0,0,0.12268991638648168,0.1609438312464406,0.07258525930428188,-0.041129990759249904,0.18630050936781362,0.20262182932038472,0.14691061958728588,0.3495324489076706,0.05606427893599119,0.15827046634482472
713,c,all,2120042,0,1,0.23599487445084782,0.8782731705182754,0.05286668310334209,-0.09009237346544283,0.19582573967212696,0.18351149860665072,0.775833119343291,0.9593446179499417,0.3611110149512662,0.8421011428603665
723,c,all,2120042,1,1,0.9521620121455607,0.7180788959887858,0.044136348713774476,-0.13219147417371227,0.2204641716012612,-0.013981278819158116,0.8683621139850527,0.8543808351658946,0.9403397493894873,0.855214961764101
727,c,all,2120042,0,0,0.0032718255340256686,0.06262436697095923,-0.017688162550220328,-0.17093522064694508,0.1355588955465044,0.01940221066508254,0.03568903252242936,0.0550912431875119,0.004415015471387493,0.03577469358269482
735,c,all,2120042,1,1,0.8534351673132365,0.7130838936189542,0.051107004096298966,-0.11016213178384761,0.2123761399764455,0.2892291597635016,0.6042732494725858,0.8935024092360874,0.85753976359256,0.8522987547602537
739,c,all,2120042,0,1,0.0895373639085759,0.18533995038691384,-0.04954701866808807,-0.1629870650076159,0.06389302767143973,0.04653584065128688,0.23099895524207756,0.27753479589336444,0.10826828795026494,0.23603731103771872
743,c,all,2120042,1,0,0.818683828918493,0.6157485834573707,-0.2958957219572595,-0.4174880652375167,-0.1743033786770023,-0.3588049137290085,0.8478417441080576,0.48903683037904905,0.8540792214123399,0.5413939227514641
744,c,all,2120042,0,0,0.09329951122621168,0.04147368520625212,-0.0036359503378847803,-0.12256640135054005,0.11529450067477047,0.00043827428651807554,0.026528100992398846,0.02696637527891692,0.03804426145219432,0.026544774813942913
752,c,all,2120042,1,0,0.3348775343979218,0.24354561544039965,-0.05034607156791007,-0.16007199652802265,0.059379853392202475,-0.048624029853681416,0.3276257229580346,0.2790016931043532,0.4051996569380795,0.3079232827423759
760,c,all,2120042,1,1,0.7485418695547517,0.8305860348800336,-0.21337104380322305,-0.38921734938216657,-0.0375247382242796,-0.1049719012824385,0.9221465373701752,0.8171746360877367,0.8120115327351075,0.8369081429157039
773,c,all,2120042,1,1,0.914863198781001,0.9121508805594647,-0.009279297915821898,-0.15404290620280828,0.1354843103711644,-0.05078761983714952,0.9666567816878695,0.91586916185072,0.9159070005121013,0.9201400451396771
776,c,all,2120042,0,0,0.14330884330943064,0.09585268083584231,0.01890188510135023,-0.1240510233237589,0.16185479352645935,0.11215936655437345,0.0472359901847925,0.15939535673916594,0.07290723182044223,0.05541321912300616
779,c,all,2120042,0,0,0.25515722437842836,0.42313541948263494,-0.049556027754702796,-0.2546034956207365,0.15549144011133081,0.2102850669914252,0.22621397008186886,0.43649903707329407,0.3629244759380927,0.30253156781733853
781,c,all,2120042,1,1,0.6521171674969055,0.7699677984932014,0.026775421363360523,-0.12011788761841202,0.17366873034513305,0.031273744586730046,0.8283829563994728,0.8596567009862028,0.7461971474210043,0.8517193353992638
782,c,all,2120042,1,0,0.9196777343953141,0.35580012373365577,-0.15846719256877786,-0.32838700428432777,0.011452619146772036,-0.27881971225762575,0.5994415106886838,0.32062179843105804,0.8619811840905949,0.3591041649690566
783,c,all,2120042,0,0,0.052725484334855174,0.24062261436335358,-0.0002028384822926559,-0.21584010531251502,0.21543442834792964,0.11768093960974968,0.16619341714787256,0.28387435675762224,0.05485994054116541,0.1726493864976919
786,c,all,2120042,0,0,0.038129437041765454,0.11437638706227057,-0.05257405598346756,-0.13686317450850738,0.03171506254157224,-0.1204466128067492,0.16532041866408156,0.044873805857332354,0.05941604163077386,0.15816395770327005
798,c,all,2120042,1,1,0.8327737945049247,0.7832853421639149,-0.05892835069614261,-0.2271042059465808,0.10924750455429552,-0.012829595656138837,0.8710496929005754,0.8582200972444366,0.8434126957509361,0.8602290490428369
822,c,all,2120042,0,0,0.7964023859694794,0.7226986869274034,0.04300617414875739,-0.11379217675196428,0.19980452504947904,0.15687867128973654,0.7780227700505881,0.9349014413403246,0.7866852715996432,0.9014369101823456
827,c,all,2120042,0,1,0.20564334032025058,0.41138054234518756,-0.34717295475421844,-0.48047081297683153,-0.21387509653160539,-0.47170840662307595,0.6500277796996768,0.1783193730766009,0.24463777729865077,0.5346300835703194
839,c,all,2120042,0,0,0.34578892978679315,0.051244972271561925,-0.21142393720377625,-0.3497789529342367,-0.07306892147331584,-0.082870305049013,0.09704353328678197,0.01417322823776898,0.162343632639872,0.08359006692715087
841,c,all,2120042,0,0,0.01986152714689624,0.10164040189477093,-0.01800902090727012,-0.16612374382581896,0.1301057020112787,-0.010820327453034226,0.09911358918728445,0.08829326173425023,0.034639969991106065,0.09873877336901742
845,c,all,2120042,1,1,0.7845205245651108,0.5028463854562355,0.014877551830533452,-0.22765271837474388,0.25740782203581075,-0.054967122143437575,0.679755636458759,0.6247885143153215,0.7638252185778449,0.6377703623729527
848,c,all,2120042,0,0,0.04549534038197327,0.20059538901900606,-0.06619199890187355,-0.2767337448873851,0.14434974708363793,0.0857810802170664,0.15080779969315497,0.23658887991022137,0.05969038884345037,0.1559281057267229
859,c,all,2120042,1,1,0.7602096924000428,0.7230801507304332,0.06186665280449143,-0.15443228678570423,0.278165592394687,0.10091643251497262,0.7428263810643577,0.8437428135793303,0.8320547758187614,0.8267943806970325
868,c,all,2120042,1,0,0.21062354843487743,0.063593025792975,-0.08779371493786714,-0.25058414820734143,0.07499671833160712,-0.03768758335333155,0.08397151622017748,0.046283932866845935,0.23923225370276432,0.07495543071794919
875,c,all,2120042,1,1,0.2095630028940588,0.25006395669028647,-0.05434204942361892,-0.18387124028347593,0.07518714143623806,0.2750351541256375,0.13981080528827883,0.41484595941391633,0.19551987810503407,0.19358564509752274
890,c,all,2120042,1,1,0.9876736406620003,0.7278839613296899,-0.12091514921470731,-0.2498326382648977,0.008002339835483069,-0.020946677854016382,0.8906656266682582,0.8697189488142418,0.9874817561550102,0.8699811644353609
892,c,all,2120042,0,0,0.8076451424384119,0.15579588391163268,-0.28046878408318326,-0.4324126564908406,-0.128524911675526,-0.4218944972490402,0.4749578951993378,0.053063397950297596,0.752638681307789,0.15742377713880756
893,c,all,2120042,0,1,0.36619238613250343,0.21868543651928912,-0.10577646433220415,-0.3048356586348367,0.09328272997042834,-0.13899119129057289,0.2884059010666973,0.1494147097761244,0.20296380287330745,0.2601957203164713
898,c,all,2120042,1,1,0.4525570471867022,0.756871634384734,-0.1653457157839453,-0.32296234781486866,-0.007729083753022004,0.11489019733853345,0.5760315391701575,0.6909217365086909,0.47972378810490296,0.6311470998535185
908,c,all,2120042,1,1,0.6409932429013714,0.5389593655355163,-0.06663368425650869,-0.32537908679405997,0.19211171828104256,0.2700079153490359,0.5696492081263452,0.8396571234753811,0.6849639978240327,0.7545949092679538
913,c,all,2120042,0,0,0.3899701749588428,0.4784470629741566,0.11891252284831579,-0.01723425614174469,0.2550593018383762,0.5763362625455206,0.21409661929254425,0.7904328818380649,0.36702698783272614,0.4256275817133979
915,c,all,2120042,1,1,0.9523558435925716,0.7524112911697871,-0.07870159470509255,-0.19081912716098554,0.033415937750800415,-0.10460704553612188,0.9122655745034537,0.8076585289673318,0.9415880973154946,0.8137688255313014
917,c,all,2120042,1,0,0.9238051845363644,0.6510453356614134,0.0750573059127026,-0.09104322927348052,0.2411578410988857,0.012647334156821954,0.7540394926111339,0.7666868267679559,0.9317451813874247,0.7658235852691494
924,c,all,2120042,0,1,0.04175351115731589,0.2874748128522011,-0.1839788290579404,-0.34123703423965346,-0.026720623876227423,-0.03518580558050255,0.34295445282315096,0.3077686472426484,0.03257650484478903,0.34180822225718993
929,c,all,2120042,1,0,0.6620698022112063,0.5400270204453902,0.004642287728776731,-0.1001422029027101,0.10942677836026354,-0.2246108655442407,0.7244357997544417,0.499824934210201,0.6590473051994321,0.5764066140989978
934,c,all,2120042,0,0,0.1803652267088213,0.20640850057550725,-0.17047963085168388,-0.3348199251586306,-0.006139336544737195,-0.17923562100166213,0.30255577023811625,0.12332014923645412,0.22882149384738068,0.26154280768985294
955,c,all,2120042,1,1,0.8200078699622656,0.44067151123631954,-0.14402593165949326,-0.28323019446433173,-0.0048216688546547926,-0.4074361291328243,0.7758676384475641,0.36843150931473984,0.8734804756292069,0.41998013458410177
960,c,all,2120042,1,1,0.3643006462551074,0.5474723955226384,0.051695140070346306,-0.04057545824617607,0.14396573838686866,0.30302428580824725,0.4145443547009303,0.7175686405091776,0.3800930993244424,0.5297217946643626
961,c,all,2120042,0,1,0.5523427628313958,0.32622440004488346,-0.018277087737363543,-0.27395146000606146,0.23739728453133435,-0.17386110854674186,0.4319105760822528,0.25804946753551095,0.49347354839846846,0.3461147179192008
967,c,all,2120042,0,0,0.6292753281413974,0.5409563573366716,0.04313647348368012,-0.2230010928050406,0.30927403977240076,0.11315424130412288,0.5413987873849739,0.6545530286890968,0.44694083003004204,0.5919720379148583
976,c,all,2120042,0,0,0.1875189495787529,0.09550610275025576,-0.2378738666502228,-0.4483769053411435,-0.027370827959302152,-0.10435438224184548,0.15809386067540734,0.05373947843356186,0.20179595515564355,0.13703556843623702
977,c,all,2120042,1,0,0.9290030480519587,0.6776003156365273,-0.04516908894434824,-0.27579038354971636,0.18545220566101983,0.2172265382051104,0.6784268664625951,0.8956534046677055,0.9400329381747864,0.8826269674210825
980,c,all,2120042,1,1,0.8907828288358244,0.6749097282986457,-0.13106709125908494,-0.2487755404778246,-0.013358642040345314,-0.1328309937568829,0.8403143102576274,0.7074833165007445,0.9173360209342071,0.7184636549879518
986,c,all,2120042,1,0,0.719338469580331,0.2546037122448208,-0.17503812382089018,-0.29285895029750286,-0.05721729734427755,-0.21930664730454208,0.3912007173486197,0.17189407004407764,0.6588215068712526,0.24671678150455897
987,c,all,2120042,0,0,0.39239782738313184,0.3616015143122924,-0.09472121569300027,-0.2539819199614418,0.06453948857544123,0.16537846499403014,0.35989141899015303,0.5252698839841832,0.3384405855504341,0.41586220352016456
989,c,all,2120042,0,0,0.41956555533879414,0.22006559188022567,-0.25411725700742727,-0.38515264111116804,-0.12308187290368652,-0.22553091570484401,0.34182879340480493,0.11629787769996093,0.2358266405545143,0.2886425952129482
5,c,sqrt,1120042,1,1,0.5795099407346893,0.4538367246659664,-0.051482064524968646,-0.12753175072395,0.02456762167401269,0.29544125881310984,0.4283602486568981,0.7238015074700079,0.5143494763770452,0.5803203054275963
12,c,sqrt,1120042,0,1,0.25634436282965567,0.3155464893978257,-0.11631157421710668,-0.19165496635423612,-0.04096818207997725,-0.1020346687031714,0.35251383485816296,0.25047916615499155,0.22807181354145364,0.3292426029229293
15,c,sqrt,1120042,1,0,0.5723121503402376,0.07118001064913923,-0.03664831852119233,-0.1496613234644742,0.07636468642208952,-0.003080297422145953,0.08496536053642435,0.0818850631142784,0.5888855260374319,0.08315141796863218
30,c,sqrt,1120042,0,0,0.5704623645591489,0.21940483178855125,-0.15835392627247122,-0.2525861370542316,-0.06412171549071087,-0.15824629257148742,0.32006203944320166,0.16181574687171424,0.5261665055811847,0.23679814065968435
35,c,sqrt,1120042,1,1,0.9786739657392877,0.960822905856447,0.02207934845834587,-0.08080771347482753,0.12496641039151925,0.011426825642477212,0.9756257658102383,0.9870525914527155,0.9757346483150356,0.986775315509858
39,c,sqrt,1120042,1,0,0.7563312812814935,0.44306084397870127,-0.05710865761338879,-0.155099749679104,0.04088243445232638,-0.0787740414269622,0.5056272841792651,0.42685324275230285,0.77152706901285,0.4448509788828241
40,c,sqrt,1120042,0,0,0.3237420599830905,0.29829460829318116,-0.08334673189602451,-0.31002642711264883,0.14333296332059975,0.060474988513839145,0.3131862436036617,0.37366123211750085,0.36407388745256936,0.3352036077655446
43,c,sqrt,1120042,1,0,0.7047099212791663,0.49538448081499065,-0.15655399487171923,-0.2717094771632447,-0.041398512580193794,-0.19702180525731344,0.6091152747624241,0.41209346950511067,0.6567057331961557,0.4797299256852899
45,c,sqrt,1120042,0,0,0.1437516716050587,0.25571509261899533,-0.09654524414722757,-0.28384260105688236,0.0907521127624272,0.13139903885494988,0.2165379872607052,0.3479370261156551,0.17346042267748582,0.2393305200799002
48,c,sqrt,1120042,1,1,0.2869094591298208,0.5200283869835887,-0.09652030274624632,-0.1832671768649261,-0.009773428627566569,-0.02351093248221392,0.4828213005356463,0.4593103680534324,0.42933764997077845,0.47272717203511094
63,c,sqrt,1120042,1,0,0.6299929194432844,0.09389999784630385,-0.0952503551781492,-0.3035170615763453,0.11301635122004688,-0.08061850681857732,0.15433536704847534,0.07371686022989801,0.6257533169734277,0.10388806899730568
67,c,sqrt,1120042,1,1,0.45136367442141934,0.40273088169296534,-0.23241151447346403,-0.32772432084740555,-0.13709870809952251,-0.4040936263411786,0.6270655271286899,0.22297190078751128,0.5184844589253166,0.41754926192001485
69,c,sqrt,1120042,0,0,0.5079878119731548,0.44975389859313897,-0.0853612849065637,-0.22228128134829772,0.051558711535170304,-0.2535047085663173,0.6257136287774533,0.372208920211136,0.5819759402865388,0.4781799876425058
72,c,sqrt,1120042,1,0,0.687680887309872,0.2581661358070122,-0.000464610687537808,-0.06797931376954215,0.0670500923944665,0.03393963416448598,0.2845721538079479,0.3185117879724339,0.7269864624971379,0.3092458083876346
75,c,sqrt,1120042,1,0,0.9284421657491837,0.530545732093446,-0.06497208414352516,-0.18015022183559729,0.05020605354854693,-0.21905044290968123,0.7859902699448377,0.5669398270351564,0.9155184418716508,0.5854455497608714
85,c,sqrt,1120042,0,0,0.008773461662729187,0.05109755699917493,-0.0405738150970877,-0.1333249617073858,0.0521773315132104,-0.03033405828346857,0.05306870888576817,0.022734650602299605,0.012191215162621852,0.05269889985447889
93,c,sqrt,1120042,0,1,0.130023011162489,0.16701344340059895,-0.17610270123250799,-0.288136952489798,-0.06406844997521799,-0.24763340158643393,0.32022570877467954,0.0725923071882456,0.13659914574554174,0.28639919765990995
115,c,sqrt,1120042,0,0,0.3157245845303031,0.16436003393132187,-0.09963952536688198,-0.17593376341426892,-0.02334528731949506,-0.036066766855671034,0.2053367437300431,0.16926997687437206,0.1881577563382044,0.19855050180010692
116,c,sqrt,1120042,0,1,0.14650089561447632,0.15602766967695833,-0.0919278808040961,-0.19940923955829473,0.015553477950102507,-0.014342061446469406,0.14192494897859992,0.1275828875321305,0.1837349785468509,0.13928981062641524
121,c,sqrt,1120042,1,0,0.928058756616359,0.4449361891024042,-0.17403253993696954,-0.36022017236656934,0.012155092492630193,-0.578150415838105,0.8466828492611407,0.2685324334230356,0.8997037852763005,0.3265187316725304
122,c,sqrt,1120042,1,0,0.7854315242155323,0.07005176903682984,-0.1628601045551661,-0.3035260809363372,-0.022194128173995076,-0.1662835077113541,0.20281166924209829,0.03652816153074418,0.7578750286730987,0.07678955106749236
123,c,sqrt,1120042,0,1,0.24285397886031196,0.2891142413764237,-0.03571379890127099,-0.1342897691300975,0.06286217132755546,0.03246765507545743,0.22412970679849994,0.2565973618739574,0.15541688820093894,0.22917572871750896
126,c,sqrt,1120042,0,0,0.2349973785016528,0.2693385153762674,-0.2006659265887629,-0.341224598194659,-0.060107254982866815,-0.3010231687743369,0.44215599748635387,0.141132828712017,0.21023743122465782,0.3788696597441307
130,c,sqrt,1120042,0,0,0.13407671620313125,0.07961827478601632,-0.02286709138550097,-0.11463788642309206,0.0689037036520901,0.006309753656425152,0.06615229801318433,0.07246205166960948,0.06622810440116784,0.0665701810370877
137,c,sqrt,1120042,0,0,0.12386641372831915,0.06768471258818856,-0.16673522141248556,-0.3038388552555942,-0.029631587569376977,-0.035394603233024145,0.0790729821473732,0.04367837891434905,0.08580984252666052,0.07603577681765378
145,c,sqrt,1120042,1,0,0.41705238531687083,0.43019423865340467,-0.08811624911301905,-0.18404817647560356,0.007815678249565444,-0.33769143797714973,0.6919752618184105,0.3542838238412608,0.43705268699339506,0.5443863114758338
151,c,sqrt,1120042,0,1,0.6197546289092177,0.31810246434372685,-0.1516321453177735,-0.24399045278226508,-0.05927383785328193,-0.31487008056515453,0.48899357852641573,0.17412349796126117,0.5564672015365533,0.31377870594673507
152,c,sqrt,1120042,1,1,0.9830359957167152,0.6898611735217169,-0.09633818864597765,-0.28268176992738636,0.09000539263543103,-0.012172431745375523,0.8762847281697077,0.8641122964243322,0.9805114377218112,0.864349519618479
162,c,sqrt,1120042,0,0,0.5552481046088609,0.6615882238485635,-0.09530440842326277,-0.1996907781651701,0.009081961318644582,-0.1770906937214045,0.7830738531324425,0.605983159411038,0.5328644485720335,0.6887085182753474
167,c,sqrt,1120042,0,1,0.48302295469853984,0.7763439758629804,-0.0247110498780912,-0.1281447740749695,0.07872267431878706,0.060419762402974864,0.7836955006531895,0.8441152630561644,0.488703502712227,0.8132228501725638
169,c,sqrt,1120042,1,1,0.7583598332357883,0.8869413440969263,-0.11037048850210252,-0.18562842201410157,-0.03511255499010346,-0.059438745764093026,0.9330844701155844,0.8736457243514913,0.7742167680898258,0.8870659964707954
175,c,sqrt,1120042,1,1,0.9906919064234747,0.6635117293858521,-0.13425927776353255,-0.2162311741202761,-0.05228738140678904,-0.13063141535059297,0.8737444653113482,0.7431130499607552,0.9694429817425687,0.7471047565046174
180,c,sqrt,1120042,1,1,0.9431594287607539,0.6560185830053453,-0.05704791053587391,-0.18802850624395553,0.07393268517220766,0.07214620573564456,0.7786322158744284,0.850778421610073,0.9543923084224109,0.8474879997103885
186,c,sqrt,1120042,1,0,0.6104696005485014,0.2822875034246871,-0.13639988811333778,-0.23412076486341657,-0.038679011363259005,-0.34838730337294177,0.4994029297137133,0.15101562634077156,0.6438615699902365,0.2750897335993462
193,c,sqrt,1120042,0,0,0.3509801020968205,0.26746906079696997,-0.0622875660530661,-0.20057627669309824,0.07600114458696602,-0.07790570380726344,0.2953083622437127,0.21740265843644926,0.41432172147108914,0.26303033692987055
196,c,sqrt,1120042,0,0,0.39530832788932496,0.3800266421379802,-0.017180375505557358,-0.1170384481773117,0.08267769716619697,0.18500422317417548,0.32434400872550756,0.509348231899683,0.3716162688907627,0.39309458787052864
198,c,sqrt,1120042,0,0,0.07190005219011496,0.09578625194541361,-0.1375638454872909,-0.26673654939444347,-0.008391141580138373,-0.09796041668062988,0.1586915272759424,0.06073111059531252,0.09028587933649393,0.14984708491576237
205,c,sqrt,1120042,1,1,0.9613396544842974,0.5816504119753125,0.07486221974483821,-0.038017691096623174,0.18774213058629957,0.10039000345163385,0.6891605940965426,0.7895505975481765,0.9624369089430685,0.785779638707317
208,c,sqrt,1120042,1,1,0.4020930077434365,0.5419701539529151,-0.12279298613847574,-0.2193169534359155,-0.026269018841035968,-0.38364186382161225,0.7194421327827453,0.335800268961133,0.4072806738535624,0.5631922159670424
211,c,sqrt,1120042,0,0,0.1245327252569393,0.14224924521077723,-0.08811384713513092,-0.21979261847388548,0.04356492420362364,0.039362356322426656,0.16438647521130773,0.20374883153373438,0.09642181922653781,0.1681818652169593
229,c,sqrt,1120042,0,0,0.2621232533283572,0.06419290388977453,-0.03234512006886554,-0.1335085147917939,0.06881827465406279,-0.0181111175885878,0.06995670563525107,0.05184558804666327,0.30447931100626485,0.0644422450303244
237,c,sqrt,1120042,0,1,0.17089158510717117,0.7903440719712191,-0.030898219248529465,-0.11878343410493647,0.056986995607877525,0.014677238537030401,0.7975200380169778,0.8121972765540082,0.18990857655563823,0.8003073714953128
241,c,sqrt,1120042,1,0,0.30261885809355343,0.3445045280194968,-0.1840714204257086,-0.30991637087999835,-0.05822646997141884,-0.2359562924134932,0.5015441113192208,0.26558781890572764,0.2950149658609628,0.4319334737681747
246,c,sqrt,1120042,0,0,0.005692338093679031,0.041764964169164996,-0.048891785808692946,-0.1834000876658764,0.08561651604849049,0.01186840094368172,0.018116439756915348,0.02998484070059707,0.0026243135065499405,0.018147586161813004
250,c,sqrt,1120042,1,1,0.9465197750492464,0.6751346002015987,-0.10112311944558314,-0.18528248088229754,-0.01696375800886875,-0.14381661120733635,0.8672152602102811,0.7233986490029447,0.9507090811076705,0.7304875019213353
254,c,sqrt,1120042,0,1,0.15724832167185027,0.16255735638160038,-0.025339858249436225,-0.12323780196465421,0.07255808546578174,0.11029612787953566,0.14744962685810456,0.2577457547376402,0.08493199342585338,0.15681729686606638
261,c,sqrt,1120042,0,0,0.2035668815808304,0.387093334266194,-0.06780816576839008,-0.19333617381500537,0.057719842278225186,0.31285754382566056,0.3117214313126295,0.6245789751382901,0.1705389734222835,0.3650758356640747
264,c,sqrt,1120042,1,1,0.5687037642510144,0.8295066338001847,-0.008912697404723592,-0.12336486232823723,0.10553946751879001,0.10130985419071503,0.7911490993565368,0.8924589535472518,0.5810993954074002,0.8500201943755732
265,c,sqrt,1120042,0,0,0.5181619610469814,0.2845084867924121,-0.16205793654886325,-0.3094483360019191,-0.014667537095807398,-0.19966649402570194,0.44336264391079605,0.2436961498850941,0.5891544295672154,0.3257282445193978
270,c,sqrt,1120042,0,0,0.13629795483786236,0.09318955076140835,-0.15189805325096326,-0.2890438884431902,-0.014752218058736388,-0.05981133747776573,0.12230691731294828,0.06249557983518255,0.15266603857068187,0.11317575735860363
271,c,sqrt,1120042,1,0,0.8546210098694014,0.9541555603427572,0.010300940018903687,-0.1449011996589996,0.16550307969680694,-0.027407061388611043,0.972040045003356,0.9446329836147449,0.8799152601270086,0.9479241534522794
277,c,sqrt,1120042,1,1,0.9027483920149099,0.7486342783102978,0.04071030049260826,-0.07300282299358793,0.15442342397880443,0.19707323380293573,0.7379585356450379,0.9350317694479736,0.8959221773328886,0.9145208163677975
278,c,sqrt,1120042,1,1,0.9841651279161855,0.9196062819023793,-0.12300810672857519,-0.3034964687320927,0.05748025527494226,-0.034983579731057146,0.9745499252614708,0.9395663455304136,0.9852240699610291,0.9400832604570325
282,c,sqrt,1120042,0,0,0.6051305496028134,0.4427055322724863,-0.05581157969585964,-0.1415270730476648,0.029903913655945503,0.2904593735133494,0.40130368088367085,0.6917630543970202,0.5875385209157825,0.571959751583829
284,c,sqrt,1120042,0,1,0.28059544267700626,0.584743973485635,-0.010113488654190433,-0.12811745456261825,0.10789047725423737,0.18518688543613304,0.5345000271529722,0.7196869125891052,0.2848632031007027,0.5872529565105519
288,c,sqrt,1120042,1,0,0.852059632776595,0.7137701694666436,-0.06922796754400963,-0.23282194376870013,0.09436600868068086,0.004640120746827181,0.8285928613323575,0.8332329820791847,0.8137217939140347,0.8323686287104435
294,c,sqrt,1120042,1,1,0.8847277472983341,0.42768069035977857,-0.1272208566707948,-0.24221939857144692,-0.012222314770142712,-0.34951026332690505,0.6471311693923253,0.29762090606542024,0.836697904397772,0.35469666450119036
318,c,sqrt,1120042,0,0,0.6250534679475723,0.4899685237307624,-0.046973473548992235,-0.16657529158491546,0.07262834448693095,-0.20199985734703257,0.5879283385482199,0.38592848120118733,0.47898390671963986,0.4911736577193283
319,c,sqrt,1120042,1,1,0.9308190392508676,0.8273636067586752,-0.022192786444326738,-0.11075795105945714,0.06637237817080366,0.04278373950332526,0.8493940089152403,0.8921777484185656,0.9507415839242936,0.8900702891768362
328,c,sqrt,1120042,0,1,0.27963988530501427,0.2923196241303657,0.08780987089821235,-0.0032630788606607536,0.17888282065708544,0.10327243996857394,0.20730761169537187,0.3105800516639458,0.24526855774207149,0.23263709410096867
334,c,sqrt,1120042,0,0,0.17600898200510934,0.12592809276778683,-0.20224643136174614,-0.3327490275032553,-0.071743835220237,-0.1484375342195409,0.1983455391861229,0.049908004966582015,0.20689159123360956,0.16763506153264873
339,c,sqrt,1120042,0,1,0.778250916395819,0.8053296418123737,-0.16854587678594524,-0.32378284250538814,-0.013308911066502394,-0.04096418254395162,0.7913418013853089,0.7503776188413572,0.7738703643510148,0.7596408345146795
343,c,sqrt,1120042,1,1,0.8779920732338832,0.48729871016220194,-0.12050808706573948,-0.2524242987845856,0.011408124653106644,-0.252500407706424,0.7443325037606942,0.49183209605427014,0.8958918058613752,0.5181194575198524
346,c,sqrt,1120042,0,0,0.5658124678015921,0.2916861019350232,-0.14224032993873595,-0.28262072898395124,-0.0018599308935206837,0.021257549177203516,0.4635368861105099,0.48479443528771343,0.5102592561944268,0.47438374734218625
347,c,sqrt,1120042,0,1,0.09579716585287354,0.4285466470989947,-0.13014172249468658,-0.2236856375498128,-0.036597807439560384,0.0718545920669893,0.2615415662030328,0.3333961582700221,0.14896115907122268,0.27224510952192144
349,c,sqrt,1120042,0,1,0.8829237622268957,0.7969397220462902,-0.020757790333246668,-0.19915952231686887,0.15764394165037546,0.03268878550218324,0.8558790417523827,0.888567827254566,0.90689913434711,0.8855244730271711
350,c,sqrt,1120042,1,1,0.9973742424238331,0.920800968679834,-0.05474241421580871,-0.16794429327371238,0.05845946484209494,-0.01526830645046906,0.9870651730971797,0.9717968666467106,0.9973527060325942,0.9718372863422694
354,c,sqrt,1120042,1,0,0.7082491267779003,0.5885550619538565,-0.056894651587300456,-0.15494175664326795,0.04115245346866702,-0.14297135067526034,0.6543294133891959,0.5113580627139356,0.651333622993829,0.5612073655695574
357,c,sqrt,1120042,1,1,0.5663855336684623,0.5832321448491248,-0.13155124588695344,-0.2332508514781672,-0.02985164029573971,0.1013446835796018,0.4463772897496344,0.5477219733292362,0.6846059209937392,0.5157584601894668
360,c,sqrt,1120042,1,0,0.3412657629327169,0.19991624681511508,-0.19845583427692573,-0.3355746289184054,-0.06133703963544612,-0.20995476861796994,0.3185615885237857,0.10860681990581575,0.3064633309145173,0.2542181507917359
361,c,sqrt,1120042,0,0,0.2768589477071071,0.20832456250053388,-0.04053626035519055,-0.15968949257581336,0.07861697186543223,-0.0406445885166562,0.19061748277556523,0.14997289425890903,0.1473623882639726,0.18462799914174433
365,c,sqrt,1120042,1,0,0.6800472503186337,0.28771294418683147,-0.20862409466334908,-0.3590812536434514,-0.058166935683246795,-0.3344524588585174,0.48247634363636255,0.14802388477784517,0.7037892739416086,0.24709229044834086
368,c,sqrt,1120042,1,0,0.7344033841766269,0.3888808466789951,-0.1519087435398722,-0.27946268042168587,-0.02435480665805856,-0.05427466854280549,0.4718418589350713,0.4175671903922658,0.6540894483175863,0.4363413709302878
370,c,sqrt,1120042,1,0,0.16386531345106772,0.03801651685690381,-0.2685067621259802,-0.45294538206324525,-0.08406814218871514,-0.11224918810400103,0.11604627447767366,0.003797086373672619,0.11504539026639442,0.10313252282516294
380,c,sqrt,1120042,0,1,0.833489037954595,0.356587592256022,-0.25778182987343695,-0.3241603842220436,-0.19140327552483033,-0.4595323870462047,0.6433774733254405,0.18384508627923582,0.6529940418405045,0.3433055625515242
384,c,sqrt,1120042,1,1,0.8132495380169068,0.8763864956697166,-0.030983827437327777,-0.17145133364693496,0.10948367877227938,0.0703099140074529,0.8886766336909452,0.9589865476983981,0.8125043706639047,0.945803746123004
392,c,sqrt,1120042,1,1,0.8393814095162522,0.8138724082562883,0.002489246996585863,-0.14889455931205978,0.1538730533052315,0.0859568948245617,0.7956046715365747,0.8815615663611364,0.8949939681051641,0.8725355739216074
398,c,sqrt,1120042,0,1,0.3785590436181826,0.37164636327183176,-0.22361870578238022,-0.37528754806405423,-0.07194986350070623,-0.3498504475078327,0.5910364248254103,0.2411859773175776,0.36176284124541397,0.4644735329239972
399,c,sqrt,1120042,1,1,0.9970146286266044,0.8330526085140617,-0.044025474380757434,-0.16577881344204562,0.07772786468053072,-0.029171536123289488,0.9512178017968141,0.9220462656735247,0.9962108424749547,0.9221568012191433
409,c,sqrt,1120042,0,0,0.16108848708925477,0.38505198503875565,-0.039895766645859636,-0.16463835417244677,0.08484682088072748,0.14554265152238055,0.3680844066924097,0.5136270582147903,0.16618931836081213,0.39227204074133937
422,c,sqrt,1120042,1,1,0.4016981247030861,0.4134135046374263,-0.014975146451514324,-0.08750656223044775,0.0575562693274191,0.04875396248008518,0.4200452914399601,0.4687992539200453,0.33848323217702997,0.436547690241657
424,c,sqrt,1120042,1,0,0.8073598954004613,0.5721889064663956,-0.12716223168404517,-0.24056587347798725,-0.013758589890103132,-0.411950972386599,0.8314253440689895,0.4194743716823905,0.8860761566800972,0.46640540971604305
429,c,sqrt,1120042,0,0,0.04054208125764262,0.015415465732562732,-0.16622208998557872,-0.2838022881614405,-0.048641891809716994,0.0037726514360697343,0.01304897486216735,0.016821626298237084,0.014013887068759502,0.013101844373342225
431,c,sqrt,1120042,1,1,0.41909244293591036,0.48339843987886705,-0.1903047369556401,-0.28476157296283516,-0.09584790094844504,-0.32665406706368566,0.7123240608538791,0.38566999379019345,0.26194947604164803,0.6267571991396732
433,c,sqrt,1120042,0,0,0.023721087657617025,0.07276465874225169,-0.08851125719532103,-0.3120933560713488,0.13507084168070665,-0.03402153155820689,0.06847959303076086,0.034458061472553966,0.030148742780963526,0.06745388662679803
435,c,sqrt,1120042,0,1,0.3061427875433654,0.700626917437417,0.020327194638982946,-0.1182514805558956,0.15890586983386146,-0.10742312894197681,0.7807369553595693,0.6733138264175925,0.43293691335902873,0.734229517492061
436,c,sqrt,1120042,0,1,0.0399836780602693,0.20887029043875618,-0.2585477919973262,-0.34939294898272266,-0.16770263501192978,-0.3201538166817906,0.38261502886035376,0.06246121217856315,0.04558681888213726,0.368020234804856
446,c,sqrt,1120042,1,0,0.1264833686632071,0.08754183965354545,-0.20520862399785253,-0.37335796593988946,-0.037059282055815684,-0.06432527410523083,0.14245327608668318,0.07812800198145235,0.13760778018982345,0.13360161790696043
447,c,sqrt,1120042,1,1,0.5728568074196896,0.6648724371247139,-0.04691708218134432,-0.14119269050008437,0.0473585261373957,0.034144994760945346,0.7178406560241876,0.7519856507851329,0.5268957316826469,0.735831508022056
451,c,sqrt,1120042,1,1,0.8444254813054439,0.6781222161862843,-0.12565815008269435,-0.23228493215041313,-0.019031368014975583,-0.17663563846118313,0.8287729384589229,0.6521372999977397,0.8242034052032726,0.6831892437589615
460,c,sqrt,1120042,1,0,0.4015081191488899,0.4015520342975686,-0.08627636413855773,-0.32497348108266455,0.152420752805549,-0.15089969081385596,0.4593548416637062,0.30845515084985026,0.3655224480016902,0.40419761727472747
462,c,sqrt,1120042,0,0,0.47995226962218024,0.42316123966686997,-0.055076199361515796,-0.16455859663152433,0.054406197908492715,-0.02877369342676961,0.4686118803771519,0.4398381869503823,0.4666605896496557,0.4551843316362172
465,c,sqrt,1120042,0,1,0.4186121225571804,0.6903555027779911,-0.04121674499878421,-0.14375960246780256,0.061326112470234145,-0.07352311822592295,0.7800438405311805,0.7065207223052575,0.5135491930884887,0.7422861024929082
467,c,sqrt,1120042,0,0,0.1342401733103888,0.22484105768975188,-0.01940322132102553,-0.09457779356968565,0.05577135092763457,0.18109530692018136,0.12685755243371818,0.30795285935389954,0.1888332524081815,0.16105436823531388
468,c,sqrt,1120042,1,0,0.4473842545395611,0.529895746520903,-0.20317758443186412,-0.3691547877712079,-0.03720038109252033,-0.36394341785118856,0.7078781761015418,0.34393475825035325,0.42845601156518937,0.5519444308536183
474,c,sqrt,1120042,0,0,0.33848953380953606,0.4437431303116669,0.07038335110918048,-0.0016653118865702643,0.14243201410493123,0.27024214191256124,0.30007158198562,0.5703137238981812,0.4170023363305006,0.4127631865381167
478,c,sqrt,1120042,1,0,0.4815879254233275,0.16815828655816542,-0.11906547996466516,-0.2616106195959871,0.023479659666656716,-0.14113139488284232,0.2377741189742361,0.09664272409139375,0.27379783230036064,0.19913264898578764
481,c,sqrt,1120042,0,1,0.4228237656759794,0.4404462708179714,-0.05687365169237115,-0.13484023767489672,0.021092934290154387,0.24256774419822325,0.2663753158727359,0.5089430600709591,0.2853642948162681,0.33559548914103476
486,c,sqrt,1120042,1,1,0.7587397429099123,0.4762036150534132,-0.1299493423157042,-0.20869489429899998,-0.05120379033240846,-0.6892153014395378,0.8677382394188814,0.1785229379793436,0.807107991999281,0.3114670614188369
487,c,sqrt,1120042,1,1,0.8500060230190346,0.5260554622274924,-0.11120843489609339,-0.18517175078047504,-0.03724511901171175,-0.028156691615068175,0.6387406477170029,0.6105839561019347,0.8811791752215618,0.6139295574226692
498,c,sqrt,1120042,0,0,0.180842069467446,0.03474413597458952,-0.24234580065356656,-0.3226987105186697,-0.1619928907884634,-0.1062618189134249,0.10974740599329373,0.003485587079868836,0.19058570392071683,0.0894954224357829
503,c,sqrt,1120042,0,0,0.3158733490225002,0.15853159349320858,-0.01915941195736327,-0.20649794487226333,0.16817912095753676,-0.16728505428348134,0.2635262519296023,0.09624119764612094,0.40711586132784927,0.19542185296770676
507,c,sqrt,1120042,1,1,0.8888542066688003,0.8359920924028177,-0.09814178902109329,-0.23149508224656884,0.03521150420438225,-0.030854928811506976,0.9308527063190833,0.8999977775075764,0.8926277089340195,0.9033107419047457
508,c,sqrt,1120042,0,0,0.4861368559230739,0.22187266355716656,-0.06632491296903865,-0.16997588752285683,0.037326061584779496,-0.05620972089686527,0.2627225744829081,0.20651285358604282,0.5311711209732923,0.23286559402452428
514,c,sqrt,1120042,1,1,0.8647892913411044,0.7761679862678833,-0.08567484687492861,-0.16542451470339958,-0.005925179046457674,-0.061478120138046544,0.8845825250519558,0.8231044049139092,0.8943195699412145,0.8296014390893036
526,c,sqrt,1120042,0,0,0.039456746332682716,0.09443630355538443,0.04100083030459827,-0.03335505978663277,0.11535672039582928,0.020299231269924375,0.06015719113646259,0.08045642240638697,0.05466687900003019,0.06126688675608918
528,c,sqrt,1120042,1,1,0.9257797740573446,0.6608412985589942,-0.2188505040122627,-0.3323682125593813,-0.1053327954651441,-0.3151680255715663,0.877924904862706,0.5627568792911397,0.8946923510881424,0.5959464830762735
532,c,sqrt,1120042,1,0,0.6405983393398481,0.19536453691712477,-0.23785222961271302,-0.4149658039910899,-0.060738655234336164,-0.5334643262344162,0.5735551216747997,0.040090795440383485,0.6066516810570359,0.24992809138073208
534,c,sqrt,1120042,0,1,0.574922516218826,0.9359668565212989,0.07147751627506628,-0.0511426141091606,0.19409764665929313,0.13543398492073888,0.8396523821431012,0.9750863670638401,0.6415710899254514,0.9265429114616468
535,c,sqrt,1120042,0,0,0.6147030586072774,0.21875295045396662,0.037180988699809285,-0.053210117844384154,0.1275720952440027,0.03704061610492676,0.22099152902364283,0.2580321451285696,0.40412609914286823,0.23596060871997537
538,c,sqrt,1120042,1,0,0.8370200904420662,0.6371842010036332,-0.03773300333121973,-0.18455128389274764,0.10908527723030814,-0.06212851278558973,0.7780343272758928,0.7159058144903031,0.8082821081633567,0.7278169619845023
539,c,sqrt,1120042,0,1,0.3879392846172719,0.38386340133079816,-0.01590966087576776,-0.1426187776754732,0.11079945592393767,-0.11126006308263126,0.4664730480873413,0.35521298500471005,0.46073813292230986,0.41521129435383136
546,c,sqrt,1120042,0,0,0.20731621333067357,0.09652850182168615,-0.12574851768371575,-0.22178185827644803,-0.02971517709098348,-0.06620608679353736,0.1411022908806444,0.07489620408710705,0.2563020340491129,0.12413353616902867
549,c,sqrt,1120042,1,0,0.7399756948167913,0.3100032205687007,-0.12011397282633933,-0.23124583897926293,-0.008982106673415743,-0.22605679180368443,0.5078172149242439,0.2817604231205595,0.8011893584262512,0.32670291893115333
550,c,sqrt,1120042,0,0,0.1293658392831369,0.05883171754579166,-0.23965377315329797,-0.3204767280759943,-0.15883081823060163,-0.08381602753461014,0.09640615135008752,0.012590123815477389,0.13400979470830476,0.0851739827069088
552,c,sqrt,1120042,1,0,0.4535026520730274,0.18965967460067157,-0.13940997503737793,-0.22532204441893466,-0.05349790565582123,0.08753892270289004,0.1992963733242461,0.28683529602713614,0.4572237483724141,0.23932124769094448
559,c,sqrt,1120042,1,0,0.6782126178562653,0.27594932424060925,-0.16226491370472085,-0.2853629769556446,-0.039166850453797086,-0.36576085048430995,0.5887644136938451,0.22300356320953515,0.7184678395003896,0.32597700567255794
560,c,sqrt,1120042,1,1,0.9485907983199526,0.6528644179184996,-0.04607185069956999,-0.189893485807741,0.09774978440860099,-0.06469990771798673,0.840006845109726,0.7753069373917393,0.9520143474859696,0.7784116046811844
561,c,sqrt,1120042,1,0,0.5217864440997997,0.34432787211813604,-0.056533064592679504,-0.15125327475215303,0.038187145566794,-0.14847635272894044,0.47000754047362386,0.3215311877446834,0.49528534616089104,0.39646937871556404
563,c,sqrt,1120042,0,0,0.288810887092968,0.18098102712418604,-0.1431900177168202,-0.23557667130970183,-0.05080336412393856,0.08723419972137467,0.16780480528123268,0.25503900500260734,0.31333299897025074,0.19513815869270082
568,c,sqrt,1120042,1,1,0.945792509206312,0.8868332236311733,-0.1891916682242317,-0.3037411134961959,-0.07464222295226751,-0.11006768648138565,0.9621006613342603,0.8520329748528747,0.9575199301970099,0.8567086578576576
569,c,sqrt,1120042,0,1,0.5699463291222611,0.7944201465389815,-0.04806104147257406,-0.1476847873820202,0.05156270443687205,-0.03506472883281053,0.8463245486547423,0.8112598198219317,0.667795473870383,0.8229084814476991
571,c,sqrt,1120042,0,0,0.019360718143083242,0.20212904424201766,0.11908469557686449,-0.019315143031898768,0.2574845341856277,0.17274679823127478,0.07316077366171819,0.24590757189299298,0.020388722435939765,0.07668286018255294
576,c,sqrt,1120042,1,0,0.985657195683646,0.7904012675222625,-0.1367463492484483,-0.2417087085666823,-0.03178398993021432,-0.13762755085764844,0.9336653303150813,0.7960377794574328,0.9855241777839763,0.7980300514156748
578,c,sqrt,1120042,0,0,0.4767550890856798,0.2592906969803374,-0.08763228876901634,-0.2515615981360184,0.0762970205979857,-0.1661069213092291,0.37306363189420844,0.20695671058497933,0.30633299155751065,0.3221796017711443
580,c,sqrt,1120042,1,1,0.9683649971691306,0.9373258311670802,-0.014489998859951449,-0.09670358082891467,0.06772358310901176,0.041240948763694774,0.9508598933381807,0.9921008421018754,0.9665661090584269,0.990721996718583
584,c,sqrt,1120042,1,0,0.49698425281219805,0.6131683013636084,-0.07801703960004089,-0.1849512121789062,0.02891713297882441,-0.18620539681394355,0.7916820777128901,0.6054766808989466,0.47263355488663145,0.7036751590776402
588,c,sqrt,1120042,1,1,0.7256973802344092,0.6843480839944683,-0.025756357250317594,-0.12051062608002126,0.06899791157938605,0.05151712594740754,0.7716016543161577,0.8231187802635652,0.7264867484806898,0.80902816363676
594,c,sqrt,1120042,0,1,0.3328267557033292,0.2565078582404733,-0.16558076094902127,-0.33578061275694593,0.0046190908589033575,-0.1845762402931477,0.3341791213468299,0.14960288105368222,0.2895476165668742,0.28073551089507437
599,c,sqrt,1120042,0,1,0.23146940847626968,0.09030329016421156,-0.10625840972201586,-0.21055496540453433,-0.0019618540394974043,-0.017020805613165407,0.0815640556751646,0.0645432500619992,0.1107623584300319,0.07967879110307127
603,c,sqrt,1120042,1,1,0.950662659254123,0.6967093952267789,-0.19516329982921085,-0.35239203338263314,-0.03793456627578859,-0.4064471216929251,0.9031243204678541,0.496677198774929,0.8781433534838903,0.546205482010554
606,c,sqrt,1120042,0,1,0.08517606265379603,0.1726932825481575,-0.07722366102466284,-0.16881695021339868,0.014369628164072973,-0.0810499975355446,0.21978098697191426,0.13873098943636966,0.045834318428495995,0.2160661155762413
607,c,sqrt,1120042,0,0,0.07414474202561468,0.2048679698877292,-0.105303084407406,-0.194965332346059,-0.015640836468753,-0.20262165996000597,0.3087378023791391,0.10611614241913314,0.07743012434549355,0.29304878205334556
609,c,sqrt,1120042,0,1,0.27752184490103415,0.10971715898201159,-0.1191317270592636,-0.19244333088776097,-0.04582012323076626,-0.17815202596793825,0.22489714031231664,0.046745114344378384,0.3450213473808075,0.163430888274238
614,c,sqrt,1120042,1,1,0.7368159723539404,0.6359210895611271,-0.06622356376959516,-0.26750725054678015,0.1350601230075898,0.13800989485438941,0.6359172787744115,0.7739271736288009,0.8274743251071385,0.7501169233771545
617,c,sqrt,1120042,1,0,0.8010460484695189,0.650511355219487,-0.2255342234441001,-0.4034406943480299,-0.04762775254017032,-0.32977963417948597,0.8338032757051225,0.5040236415256365,0.8485350583833042,0.5539736945630076
621,c,sqrt,1120042,1,1,0.6441455579586658,0.5836106553929661,-0.08543729635995202,-0.21239003674358337,0.04151544402367925,-0.10300534475910206,0.7057406494157711,0.602735304656669,0.6270415558891259,0.6411520177731279
626,c,sqrt,1120042,1,0,0.6213043595348011,0.155859015377392,-0.12721613964449127,-0.21633456318856203,-0.03809771610042052,-0.14734105843629364,0.26353475745247545,0.11619369901618182,0.5408398945646613,0.18384683494274479
638,c,sqrt,1120042,1,0,0.20200546242296272,0.051601145618087776,-0.0204107547717471,-0.14279847481206936,0.10197696526857514,-0.028967779075204383,0.061277322843089226,0.03230954376788484,0.21730089998808788,0.054982598379391213
648,c,sqrt,1120042,1,1,0.40996509811221016,0.8800482851214708,-0.055267035230833324,-0.19413683780915983,0.08360276734749314,0.22657797391420198,0.7325950095116571,0.9591729834258591,0.446193692985528,0.8336926724416136
651,c,sqrt,1120042,1,0,0.6876186017763336,0.4103267311720954,-0.05831250636480044,-0.1350684386729455,0.018443425943344596,0.14285091672279376,0.2851618328993221,0.4280127496221159,0.7508626695093064,0.39242325357165064
656,c,sqrt,1120042,0,0,0.21672815872068227,0.5370490537827723,-0.0020001838432508997,-0.10327766494170208,0.09927729725520025,0.008071797181922913,0.46869912424753557,0.4767709214294585,0.22802004329675454,0.4705396557904402
662,c,sqrt,1120042,0,0,0.5412854875092089,0.3430190257465138,-0.05164367259546166,-0.19359567585852525,0.09030833066760191,0.12090442381375327,0.2880053588167833,0.40890978263053657,0.3957846009982411,0.33585746795483185
663,c,sqrt,1120042,1,1,0.558955966984612,0.5429086181082996,-0.050534742941357534,-0.15641310913968384,0.05534362325696874,-0.0006267839972746714,0.6515715924340533,0.6509448084367786,0.5681953671368609,0.6512154566706063
676,c,sqrt,1120042,1,0,0.5596279154696608,0.5356363889106331,-0.015408494802329887,-0.13182117711211497,0.10100418750745516,0.288078314021742,0.4324920904579289,0.7205704044796709,0.6529119529093504,0.6205818650566977
680,c,sqrt,1120042,1,0,0.7326959997507487,0.11702339723451408,-0.17093472936619838,-0.2677641118437615,-0.07410534688863529,-0.21676132704337042,0.27484012746336883,0.05807880041999842,0.7595694039485262,0.11019485548194441
684,c,sqrt,1120042,0,0,0.5095809620747207,0.10132008379383037,-0.11758221315936507,-0.2621523314586258,0.026987905139895657,-0.09365228131014089,0.1535330244619221,0.05988074315178122,0.2799397036695437,0.12731603258398452
689,c,sqrt,1120042,1,1,0.9593965059098839,0.9708116047422297,-0.028926471376516556,-0.12704719491251257,0.06919425215947944,0.028437736123359203,0.9572782937779396,0.9857160299012988,0.9706128031462105,0.9848803245517656
702,c,sqrt,1120042,0,0,0.01001131091100082,0.038305986848346504,-0.06811928074103299,-0.1721368549733367,0.0358982934912707,-0.008814129041007847,0.027598928413820053,0.018784799372812206,0.012737884181278832,0.027486655058936847
705,c,sqrt,1120042,1,0,0.9818387908092856,0.7573522870442211,-0.23965377315329797,-0.3204767280759943,-0.15883081823060163,-0.24861107127745252,0.9414393089611733,0.6928282376837208,0.9809324818902252,0.6975686337875942
707,c,sqrt,1120042,1,0,0.27816788105154966,0.05224217720605552,-0.23828304775914272,-0.3871607925315148,-0.08940530298677063,-0.18261274863827542,0.1878998981069971,0.005287149468721667,0.2347415664691916,0.14503309543440357
708,c,sqrt,1120042,0,0,0.30407980437283283,0.16554360367297483,-0.19387616414080078,-0.3646093700609587,-0.02314295822064283,-0.3033594815556778,0.3504194567553186,0.04705997519964079,0.374407833118835,0.2368392906100041
712,c,sqrt,1120042,0,0,0.12268991638648168,0.1609438312464406,-0.04158002394557182,-0.12964707471313297,0.04648702682198928,0.20262182932038472,0.14691061958728588,0.3495324489076706,0.05606427893599119,0.15827046634482472
713,c,sqrt,1120042,0,1,0.23599487445084782,0.8782731705182754,0.11905869601183819,0.017581814804460638,0.2205355772192157,0.18351149860665072,0.775833119343291,0.9593446179499417,0.3611110149512662,0.8421011428603665
723,c,sqrt,1120042,1,1,0.9521620121455607,0.7180788959887858,-0.041327412087813487,-0.12337271531887273,0.04071789114324573,-0.013981278819158116,0.8683621139850527,0.8543808351658946,0.9403397493894873,0.855214961764101
727,c,sqrt,1120042,0,0,0.0032718255340256686,0.06262436697095923,0.06243672189188729,-0.023393870084944396,0.14826731386871894,0.01940221066508254,0.03568903252242936,0.0550912431875119,0.004415015471387493,0.03577469358269482
735,c,sqrt,1120042,1,1,0.8534351673132365,0.7130838936189542,-0.041233138440099175,-0.19482987854173364,0.11236360166153522,0.2892291597635016,0.6042732494725858,0.8935024092360874,0.85753976359256,0.8522987547602537
739,c,sqrt,1120042,0,1,0.0895373639085759,0.18533995038691384,-0.08501086891560644,-0.28258628539679054,0.1125645475655776,0.04653584065128688,0.23099895524207756,0.27753479589336444,0.10826828795026494,0.23603731103771872
743,c,sqrt,1120042,1,0,0.818683828918493,0.6157485834573707,-0.183973079628533,-0.382411644910599,0.01446548565353295,-0.3588049137290085,0.8478417441080576,0.48903683037904905,0.8540792214123399,0.5413939227514641
744,c,sqrt,1120042,0,0,0.09329951122621168,0.04147368520625212,-0.0476526857251885,-0.1433400093605675,0.04803463791019049,0.00043827428651807554,0.026528100992398846,0.02696637527891692,0.03804426145219432,0.026544774813942913
752,c,sqrt,1120042,1,0,0.3348775343979218,0.24354561544039965,-0.05475796714738582,-0.17085008990289166,0.06133415560811998,-0.048624029853681416,0.3276257229580346,0.2790016931043532,0.4051996569380795,0.3079232827423759
760,c,sqrt,1120042,1,1,0.7485418695547517,0.8305860348800336,-0.18264144045340697,-0.3695752045420232,0.004292323635209178,-0.1049719012824385,0.9221465373701752,0.8171746360877367,0.8120115327351075,0.8369081429157039
773,c,sqrt,1120042,1,1,0.914863198781001,0.9121508805594647,-0.10893497359253082,-0.22915379981642758,0.011283852631365901,-0.05078761983714952,0.9666567816878695,0.91586916185072,0.9159070005121013,0.9201400451396771
776,c,sqrt,1120042,0,0,0.14330884330943064,0.09585268083584231,0.02392230726148332,-0.11019785063927333,0.15804246516223994,0.11215936655437345,0.0472359901847925,0.15939535673916594,0.07290723182044223,0.05541321912300616
779,c,sqrt,1120042,0,0,0.25515722437842836,0.42313541948263494,-0.03670993614861862,-0.13523812405624863,0.061818251759011365,0.2102850669914252,0.22621397008186886,0.43649903707329407,0.3629244759380927,0.30253156781733853
781,c,sqrt,1120042,1,1,0.6521171674969055,0.7699677984932014,-0.030262522456849125,-0.13565007574875423,0.07512503083505598,0.031273744586730046,0.8283829563994728,0.8596567009862028,0.7461971474210043,0.8517193353992638
782,c,sqrt,1120042,1,0,0.9196777343953141,0.35580012373365577,-0.09397004729210377,-0.2066788245554953,0.01873872997128774,-0.27881971225762575,0.5994415106886838,0.32062179843105804,0.8619811840905949,0.3591041649690566
783,c,sqrt,1120042,0,0,0.052725484334855174,0.24062261436335358,-0.03262322943982907,-0.13849259053676258,0.07324613165710442,0.11768093960974968,0.16619341714787256,0.28387435675762224,0.05485994054116541,0.1726493864976919
786,c,sqrt,1120042,0,0,0.038129437041765454,0.11437638706227057,-0.06815638311936069,-0.21912593935221636,0.08281317311349494,-0.1204466128067492,0.16532041866408156,0.044873805857332354,0.05941604163077386,0.15816395770327005
798,c,sqrt,1120042,1,1,0.8327737945049247,0.7832853421639149,-0.03875160596459048,-0.12890947341202724,0.05140626148284628,-0.012829595656138837,0.8710496929005754,0.8582200972444366,0.8434126957509361,0.8602290490428369
822,c,sqrt,1120042,0,0,0.7964023859694794,0.7226986869274034,0.03913048078687358,-0.06448520995123821,0.14274617152498537,0.15687867128973654,0.7780227700505881,0.9349014413403246,0.7866852715996432,0.9014369101823456
827,c,sqrt,1120042,0,1,0.20564334032025058,0.41138054234518756,-0.2592791337786185,-0.44479631211007675,-0.07376195544716027,-0.47170840662307595,0.6500277796996768,0.1783193730766009,0.24463777729865077,0.5346300835703194
839,c,sqrt,1120042,0,0,0.34578892978679315,0.051244972271561925,-0.20445776779163427,-0.35080834819616624,-0.05810718738710233,-0.082870305049013,0.09704353328678197,0.01417322823776898,0.162343632639872,0.08359006692715087
841,c,sqrt,1120042,0,0,0.01986152714689624,0.10164040189477093,-0.050413963337794354,-0.16377751994835898,0.06294959327277025,-0.010820327453034226,0.09911358918728445,0.08829326173425023,0.034639969991106065,0.09873877336901742
845,c,sqrt,1120042,1,1,0.7845205245651108,0.5028463854562355,-0.03335290306434141,-0.11902473882583378,0.05231893269715095,-0.054967122143437575,0.679755636458759,0.6247885143153215,0.7638252185778449,0.6377703623729527
848,c,sqrt,1120042,0,0,0.04549534038197327,0.20059538901900606,-0.07188307824316893,-0.25181726548413647,0.10805110899779853,0.0857810802170664,0.15080779969315497,0.23658887991022137,0.05969038884345037,0.1559281057267229
859,c,sqrt,1120042,1,1,0.7602096924000428,0.7230801507304332,0.03238636416781804,-0.04750404979359335,0.11227677812922941,0.10091643251497262,0.7428263810643577,0.8437428135793303,0.8320547758187614,0.8267943806970325
868,c,sqrt,1120042,1,0,0.21062354843487743,0.063593025792975,-0.05784765434935715,-0.14389319686514757,0.028197888166433233,-0.03768758335333155,0.08397151622017748,0.046283932866845935,0.23923225370276432,0.07495543071794919
875,c,sqrt,1120042,1,1,0.2095630028940588,0.25006395669028647,0.07092052900539896,-0.030472285955955636,0.17231334396675352,0.2750351541256375,0.13981080528827883,0.41484595941391633,0.19551987810503407,0.19358564509752274
890,c,sqrt,1120042,1,1,0.9876736406620003,0.7278839613296899,0.028231332732978932,-0.11962688580993228,0.1760895512758901,-0.020946677854016382,0.8906656266682582,0.8697189488142418,0.9874817561550102,0.8699811644353609
892,c,sqrt,1120042,0,0,0.8076451424384119,0.15579588391163268,-0.14728377064685103,-0.2362850723644308,-0.05828246892927126,-0.4218944972490402,0.4749578951993378,0.053063397950297596,0.752638681307789,0.15742377713880756
893,c,sqrt,1120042,0,1,0.36619238613250343,0.21868543651928912,-0.11903522150205965,-0.2518497393669317,0.013779296362812374,-0.13899119129057289,0.2884059010666973,0.1494147097761244,0.20296380287330745,0.2601957203164713
898,c,sqrt,1120042,1,1,0.4525570471867022,0.756871634384734,-0.10423664747540565,-0.23286054524151029,0.024387250290698964,0.11489019733853345,0.5760315391701575,0.6909217365086909,0.47972378810490296,0.6311470998535185
908,c,sqrt,1120042,1,1,0.6409932429013714,0.5389593655355163,-0.07043574473358993,-0.19470534745983575,0.05383385799265586,0.2700079153490359,0.5696492081263452,0.8396571234753811,0.6849639978240327,0.7545949092679538
913,c,sqrt,1120042,0,0,0.3899701749588428,0.4784470629741566,0.14654087360078277,0.0558619607468957,0.23721978645466982,0.5763362625455206,0.21409661929254425,0.7904328818380649,0.36702698783272614,0.4256275817133979
915,c,sqrt,1120042,1,1,0.9523558435925716,0.7524112911697871,-0.08115576820725258,-0.16439298441585642,0.002081448001351252,-0.10460704553612188,0.9122655745034537,0.8076585289673318,0.9415880973154946,0.8137688255313014
917,c,sqrt,1120042,1,0,0.9238051845363644,0.6510453356614134,-0.031819677532803826,-0.10981785346554335,0.04617849839993567,0.012647334156821954,0.7540394926111339,0.7666868267679559,0.9317451813874247,0.7658235852691494
924,c,sqrt,1120042,0,1,0.04175351115731589,0.2874748128522011,-0.16469126643738805,-0.2753099808490388,-0.054072552025737325,-0.03518580558050255,0.34295445282315096,0.3077686472426484,0.03257650484478903,0.34180822225718993
929,c,sqrt,1120042,1,0,0.6620698022112063,0.5400270204453902,-0.11761490968886297,-0.22869928381768193,-0.006530535560044043,-0.2246108655442407,0.7244357997544417,0.499824934210201,0.6590473051994321,0.5764066140989978
934,c,sqrt,1120042,0,0,0.1803652267088213,0.20640850057550725,-0.1952292568323962,-0.3304458362588515,-0.06001267740594096,-0.17923562100166213,0.30255577023811625,0.12332014923645412,0.22882149384738068,0.26154280768985294
955,c,sqrt,1120042,1,1,0.8200078699622656,0.44067151123631954,-0.08229652300679711,-0.2116604499488044,0.04706740393521015,-0.4074361291328243,0.7758676384475641,0.36843150931473984,0.8734804756292069,0.41998013458410177
960,c,sqrt,1120042,1,1,0.3643006462551074,0.5474723955226384,0.04959118325618489,-0.05768426411224925,0.15686663062461903,0.30302428580824725,0.4145443547009303,0.7175686405091776,0.3800930993244424,0.5297217946643626
961,c,sqrt,1120042,0,1,0.5523427628313958,0.32622440004488346,-0.053867899529016654,-0.19368117398483095,0.0859453749267976,-0.17386110854674186,0.4319105760822528,0.25804946753551095,0.49347354839846846,0.3461147179192008
967,c,sqrt,1120042,0,0,0.6292753281413974,0.5409563573366716,0.040491307518515554,-0.049986137745817755,0.13096875278284886,0.11315424130412288,0.5413987873849739,0.6545530286890968,0.44694083003004204,0.5919720379148583
976,c,sqrt,1120042,0,0,0.1875189495787529,0.09550610275025576,-0.1740363116941039,-0.3749375427314549,0.026864919343247057,-0.10435438224184548,0.15809386067540734,0.05373947843356186,0.20179595515564355,0.13703556843623702
977,c,sqrt,1120042,1,0,0.9290030480519587,0.6776003156365273,0.07760289783113332,-0.037828244708027134,0.19303404037029376,0.2172265382051104,0.6784268664625951,0.8956534046677055,0.9400329381747864,0.8826269674210825
980,c,sqrt,1120042,1,1,0.8907828288358244,0.6749097282986457,-0.01644008376824619,-0.13039678097101665,0.09751661343452422,-0.1328309937568829,0.8403143102576274,0.7074833165007445,0.9173360209342071,0.7184636549879518
986,c,sqrt,1120042,1,0,0.719338469580331,0.2546037122448208,-0.17043504978080795,-0.3699595643645608,0.02908946480294486,-0.21930664730454208,0.3912007173486197,0.17189407004407764,0.6588215068712526,0.24671678150455897
987,c,sqrt,1120042,0,0,0.39239782738313184,0.3616015143122924,-0.06246771757981116,-0.16759235344694556,0.04265691828732324,0.16537846499403014,0.35989141899015303,0.5252698839841832,0.3384405855504341,0.41586220352016456
989,c,sqrt,1120042,0,0,0.41956555533879414,0.22006559188022567,-0.21582097017521057,-0.3523475697058509,-0.07929437064457026,-0.22553091570484401,0.34182879340480493,0.11629787769996093,0.2358266405545143,0.2886425952129482
5,c,sqrt,120042,1,1,0.5795099407346893,0.4538367246659664,-0.0104845176188611,-0.19346813664022772,0.1724991014025055,0.29544125881310984,0.4283602486568981,0.7238015074700079,0.5143494763770452,0.5803203054275963
12,c,sqrt,120042,0,1,0.25634436282965567,0.3155464893978257,-0.08790854178068715,-0.23644350332210978,0.06062641976073542,-0.1020346687031714,0.35251383485816296,0.25047916615499155,0.22807181354145364,0.3292426029229293
15,c,sqrt,120042,1,0,0.5723121503402376,0.07118001064913923,-0.0547161924951923,-0.21003181791011102,0.1005994329197264,-0.003080297422145953,0.08496536053642435,0.0818850631142784,0.5888855260374319,0.08315141796863218
30,c,sqrt,120042,0,0,0.5704623645591489,0.21940483178855125,-0.07996579667362273,-0.2818591496466143,0.12192755629936876,-0.15824629257148742,0.32006203944320166,0.16181574687171424,0.5261665055811847,0.23679814065968435
35,c,sqrt,120042,1,1,0.9786739657392877,0.960822905856447,0.01878857368830193,-0.10503232815121279,0.1426094755278166,0.011426825642477212,0.9756257658102383,0.9870525914527155,0.9757346483150356,0.986775315509858
39,c,sqrt,120042,1,0,0.7563312812814935,0.44306084397870127,-0.06242289948106138,-0.25065666852176716,0.12581086955964438,-0.0787740414269622,0.5056272841792651,0.42685324275230285,0.77152706901285,0.4448509788828241
40,c,sqrt,120042,0,0,0.3237420599830905,0.29829460829318116,-0.04547150289464557,-0.22899832088222102,0.13805531509292981,0.060474988513839145,0.3131862436036617,0.37366123211750085,0.36407388745256936,0.3352036077655446
43,c,sqrt,120042,1,0,0.7047099212791663,0.49538448081499065,-0.12514227805797545,-0.3461056250906276,0.09582106897467665,-0.19702180525731344,0.6091152747624241,0.41209346950511067,0.6567057331961557,0.4797299256852899
45,c,sqrt,120042,0,0,0.1437516716050587,0.25571509261899533,-0.05194562906599055,-0.17085693967387475,0.06696568154189361,0.13139903885494988,0.2165379872607052,0.3479370261156551,0.17346042267748582,0.2393305200799002
48,c,sqrt,120042,1,1,0.2869094591298208,0.5200283869835887,-0.0779409292375574,-0.15385548011405834,-0.0020263783610564856,-0.02351093248221392,0.4828213005356463,0.4593103680534324,0.42933764997077845,0.47272717203511094
63,c,sqrt,120042,1,0,0.6299929194432844,0.09389999784630385,-0.10783206646458951,-0.2341843985302142,0.018520265601035146,-0.08061850681857732,0.15433536704847534,0.07371686022989801,0.6257533169734277,0.10388806899730568
67,c,sqrt,120042,1,1,0.45136367442141934,0.40273088169296534,-0.22755964745290946,-0.34614824210766504,-0.10897105279815394,-0.4040936263411786,0.6270655271286899,0.22297190078751128,0.5184844589253166,0.41754926192001485
69,c,sqrt,120042,0,0,0.5079878119731548,0.44975389859313897,-0.12081782562344902,-0.2785963713043654,0.0369607200574673,-0.2535047085663173,0.6257136287774533,0.372208920211136,0.5819759402865388,0.4781799876425058
72,c,sqrt,120042,1,0,0.687680887309872,0.2581661358070122,-0.024559710418727766,-0.19741515084000502,0.14829573000254948,0.03393963416448598,0.2845721538079479,0.3185117879724339,0.7269864624971379,0.3092458083876346
75,c,sqrt,120042,1,0,0.9284421657491837,0.530545732093446,-0.041149160609852194,-0.18363119045049253,0.10133286923078813,-0.21905044290968123,0.7859902699448377,0.5669398270351564,0.9155184418716508,0.5854455497608714
85,c,sqrt,120042,0,0,0.008773461662729187,0.05109755699917493,-0.04556139418985791,-0.1950862700995197,0.10396348171980385,-0.03033405828346857,0.05306870888576817,0.022734650602299605,0.012191215162621852,0.05269889985447889
93,c,sqrt,120042,0,1,0.130023011162489,0.16701344340059895,-0.1354169676637545,-0.2615954148372463,-0.00923852049026272,-0.24763340158643393,0.32022570877467954,0.0725923071882456,0.13659914574554174,0.28639919765990995
115,c,sqrt,120042,0,0,0.3157245845303031,0.16436003393132187,-0.07714972618859803,-0.15312921325668769,-0.0011702391205083845,-0.036066766855671034,0.2053367437300431,0.16926997687437206,0.1881577563382044,0.19855050180010692
116,c,sqrt,120042,0,1,0.14650089561447632,0.15602766967695833,-0.08790385221805393,-0.19272384600737494,0.01691614157126707,-0.014342061446469406,0.14192494897859992,0.1275828875321305,0.1837349785468509,0.13928981062641524
121,c,sqrt,120042,1,0,0.928058756616359,0.4449361891024042,-0.1740952473225858,-0.4137038245686013,0.06551332992342962,-0.578150415838105,0.8466828492611407,0.2685324334230356,0.8997037852763005,0.3265187316725304
122,c,sqrt,120042,1,0,0.7854315242155323,0.07005176903682984,-0.17264239652661842,-0.39921365602032244,0.053928862967085545,-0.1662835077113541,0.20281166924209829,0.03652816153074418,0.7578750286730987,0.07678955106749236
123,c,sqrt,120042,0,1,0.24285397886031196,0.2891142413764237,-0.006686339506802131,-0.11866192559158623,0.10528924657798194,0.03246765507545743,0.22412970679849994,0.2565973618739574,0.15541688820093894,0.22917572871750896
126,c,sqrt,120042,0,0,0.2349973785016528,0.2693385153762674,-0.2368773764489447,-0.34942802423858743,-0.12432672865930199,-0.3010231687743369,0.44215599748635387,0.141132828712017,0.21023743122465782,0.3788696597441307
130,c,sqrt,120042,0,0,0.13407671620313125,0.07961827478601632,-0.06570990830771181,-0.2058148341000487,0.07439501748462504,0.006309753656425152,0.06615229801318433,0.07246205166960948,0.06622810440116784,0.0665701810370877
137,c,sqrt,120042,0,0,0.12386641372831915,0.06768471258818856,-0.13511921847390798,-0.2521554877408755,-0.01808294920694048,-0.035394603233024145,0.0790729821473732,0.04367837891434905,0.08580984252666052,0.07603577681765378
145,c,sqrt,120042,1,0,0.41705238531687083,0.43019423865340467,-0.08460422857307928,-0.18273521474638882,0.013526757600230255,-0.33769143797714973,0.6919752618184105,0.3542838238412608,0.43705268699339506,0.5443863114758338
151,c,sqrt,120042,0,1,0.6197546289092177,0.31810246434372685,-0.21686536512337312,-0.36535151654490583,-0.06837921370184047,-0.31487008056515453,0.48899357852641573,0.17412349796126117,0.5564672015365533,0.31377870594673507
152,c,sqrt,120042,1,1,0.9830359957167152,0.6898611735217169,-0.07193422810056149,-0.20672626632524782,0.06285781012412481,-0.012172431745375523,0.8762847281697077,0.8641122964243322,0.9805114377218112,0.864349519618479
162,c,sqrt,120042,0,0,0.5552481046088609,0.6615882238485635,-0.1768713825816248,-0.2807476158626804,-0.07299514930056926,-0.1770906937214045,0.7830738531324425,0.605983159411038,0.5328644485720335,0.6887085182753474
167,c,sqrt,120042,0,1,0.48302295469853984,0.7763439758629804,-0.06511792124286722,-0.1922641105756198,0.06202826808988532,0.060419762402974864,0.7836955006531895,0.8441152630561644,0.488703502712227,0.8132228501725638
169,c,sqrt,120042,1,1,0.7583598332357883,0.8869413440969263,-0.14688383929685345,-0.30379068784425894,0.010023009250552023,-0.059438745764093026,0.9330844701155844,0.8736457243514913,0.7742167680898258,0.8870659964707954
175,c,sqrt,120042,1,1,0.9906919064234747,0.6635117293858521,-0.14354759387267568,-0.2851181488042751,-0.0019770389410763145,-0.13063141535059297,0.8737444653113482,0.7431130499607552,0.9694429817425687,0.7471047565046174
180,c,sqrt,120042,1,1,0.9431594287607539,0.6560185830053453,-0.07221882227847634,-0.2869637244671447,0.14252607991019192,0.07214620573564456,0.7786322158744284,0.850778421610073,0.9543923084224109,0.8474879997103885
186,c,sqrt,120042,1,0,0.6104696005485014,0.2822875034246871,-0.13453825890579804,-0.24806764748763202,-0.02100887032396409,-0.34838730337294177,0.4994029297137133,0.15101562634077156,0.6438615699902365,0.2750897335993462
193,c,sqrt,120042,0,0,0.3509801020968205,0.26746906079696997,-0.04498443397910945,-0.2468223363825822,0.15685346842436323,-0.07790570380726344,0.2953083622437127,0.21740265843644926,0.41432172147108914,0.26303033692987055
196,c,sqrt,120042,0,0,0.39530832788932496,0.3800266421379802,-0.01837266078241443,-0.09826610687131374,0.06152078530648485,0.18500422317417548,0.32434400872550756,0.509348231899683,0.3716162688907627,0.39309458787052864
198,c,sqrt,120042,0,0,0.07190005219011496,0.09578625194541361,-0.12393951669216312,-0.2625709593148301,0.014691925930503849,-0.09796041668062988,0.1586915272759424,0.06073111059531252,0.09028587933649393,0.14984708491576237
205,c,sqrt,120042,1,1,0.9613396544842974,0.5816504119753125,0.08031970640842927,-0.099399575893264,0.2600389887101225,0.10039000345163385,0.6891605940965426,0.7895505975481765,0.9624369089430685,0.785779638707317
208,c,sqrt,120042,1,1,0.4020930077434365,0.5419701539529151,-0.11733258789233031,-0.3277487594042642,0.09308358361960353,-0.38364186382161225,0.7194421327827453,0.335800268961133,0.4072806738535624,0.5631922159670424
211,c,sqrt,120042,0,0,0.1245327252569393,0.14224924521077723,-0.07969161572490248,-0.22899599767011009,0.06961276622030511,0.039362356322426656,0.16438647521130773,0.20374883153373438,0.09642181922653781,0.1681818652169593
229,c,sqrt,120042,0,0,0.2621232533283572,0.06419290388977453,-0.049589527783409595,-0.17941654634662224,0.08023749077980304,-0.0181111175885878,0.06995670563525107,0.05184558804666327,0.30447931100626485,0.0644422450303244
237,c,sqrt,120042,0,1,0.17089158510717117,0.7903440719712191,-0.006789268815585559,-0.15338693634835585,0.1398083987171847,0.014677238537030401,0.7975200380169778,0.8121972765540082,0.18990857655563823,0.8003073714953128
241,c,sqrt,120042,1,0,0.30261885809355343,0.3445045280194968,-0.15759496079144417,-0.3367417801194758,0.021551858536587448,-0.2359562924134932,0.5015441113192208,0.26558781890572764,0.2950149658609628,0.4319334737681747
246,c,sqrt,120042,0,0,0.005692338093679031,0.041764964169164996,-0.06305739623223784,-0.2341992248279146,0.10808443236343891,0.01186840094368172,0.018116439756915348,0.02998484070059707,0.0026243135065499405,0.018147586161813004
250,c,sqrt,120042,1,1,0.9465197750492464,0.6751346002015987,-0.10164598649645293,-0.22099113453163707,0.017699161538731203,-0.14381661120733635,0.8672152602102811,0.7233986490029447,0.9507090811076705,0.7304875019213353
254,c,sqrt,120042,0,1,0.15724832167185027,0.16255735638160038,-0.03036846815041795,-0.1310963460192125,0.07035940971837655,0.11029612787953566,0.14744962685810456,0.2577457547376402,0.08493199342585338,0.15681729686606638
261,c,sqrt,120042,0,0,0.2035668815808304,0.387093334266194,-0.05932077828042361,-0.22349496881901618,0.10485341225816891,0.31285754382566056,0.3117214313126295,0.6245789751382901,0.1705389734222835,0.3650758356640747
264,c,sqrt,120042,1,1,0.5687037642510144,0.8295066338001847,-0.02359051033522868,-0.13720346249171006,0.09002244182125269,0.10130985419071503,0.7911490993565368,0.8924589535472518,0.5810993954074002,0.8500201943755732
265,c,sqrt,120042,0,0,0.5181619610469814,0.2845084867924121,-0.14716711152676173,-0.2920089752606215,-0.002325247792902052,-0.19966649402570194,0.44336264391079605,0.2436961498850941,0.5891544295672154,0.3257282445193978
270,c,sqrt,120042,0,0,0.13629795483786236,0.09318955076140835,-0.12265365329583515,-0.324844528271407,0.0795372216797366,-0.05981133747776573,0.12230691731294828,0.06249557983518255,0.15266603857068187,0.11317575735860363
271,c,sqrt,120042,1,0,0.8546210098694014,0.9541555603427572,-0.017933127500266127,-0.19239163014047195,0.15652537513993967,-0.027407061388611043,0.972040045003356,0.9446329836147449,0.8799152601270086,0.9479241534522794
277,c,sqrt,120042,1,1,0.9027483920149099,0.7486342783102978,0.022928860119722158,-0.1520442954219014,0.1979020156613457,0.19707323380293573,0.7379585356450379,0.9350317694479736,0.8959221773328886,0.9145208163677975
278,c,sqrt,120042,1,1,0.9841651279161855,0.9196062819023793,-0.14308175978099025,-0.29000471217421436,0.0038411926122338402,-0.034983579731057146,0.9745499252614708,0.9395663455304136,0.9852240699610291,0.9400832604570325
282,c,sqrt,120042,0,0,0.6051305496028134,0.4427055322724863,-0.010659027031492936,-0.1663092284744652,0.1449911744114793,0.2904593735133494,0.40130368088367085,0.6917630543970202,0.5875385209157825,0.571959751583829
284,c,sqrt,120042,0,1,0.28059544267700626,0.584743973485635,-0.026698617011998577,-0.16787226692692708,0.1144750329029299,0.18518688543613304,0.5345000271529722,0.7196869125891052,0.2848632031007027,0.5872529565105519
288,c,sqrt,120042,1,0,0.852059632776595,0.7137701694666436,-0.04220801000611283,-0.16821373325641192,0.08379771324418625,0.004640120746827181,0.8285928613323575,0.8332329820791847,0.8137217939140347,0.8323686287104435
294,c,sqrt,120042,1,1,0.8847277472983341,0.42768069035977857,-0.1304208036769892,-0.269590629267181,0.00874902191320262,-0.34951026332690505,0.6471311693923253,0.29762090606542024,0.836697904397772,0.35469666450119036
318,c,sqrt,120042,0,0,0.6250534679475723,0.4899685237307624,-0.05695681486479695,-0.23336927075064628,0.11945564102105236,-0.20199985734703257,0.5879283385482199,0.38592848120118733,0.47898390671963986,0.4911736577193283
319,c,sqrt,120042,1,1,0.9308190392508676,0.8273636067586752,-0.0643736227259836,-0.20113271580326753,0.0723854703513003,0.04278373950332526,0.8493940089152403,0.8921777484185656,0.9507415839242936,0.8900702891768362
328,c,sqrt,120042,0,1,0.27963988530501427,0.2923196241303657,0.09742190297046893,-0.03554404043679146,0.2303878463777293,0.10327243996857394,0.20730761169537187,0.3105800516639458,0.24526855774207149,0.23263709410096867
334,c,sqrt,120042,0,0,0.17600898200510934,0.12592809276778683,-0.23105522355600103,-0.34077812708362043,-0.12133232002838165,-0.1484375342195409,0.1983455391861229,0.049908004966582015,0.20689159123360956,0.16763506153264873
339,c,sqrt,120042,0,1,0.778250916395819,0.8053296418123737,-0.24641719229613118,-0.43135940018933716,-0.061474984402925203,-0.04096418254395162,0.7913418013853089,0.7503776188413572,0.7738703643510148,0.7596408345146795
343,c,sqrt,120042,1,1,0.8779920732338832,0.48729871016220194,-0.11362502798923396,-0.2495365965750574,0.022286540596589438,-0.252500407706424,0.7443325037606942,0.49183209605427014,0.8958918058613752,0.5181194575198524
346,c,sqrt,120042,0,0,0.5658124678015921,0.2916861019350232,-0.13116556198009252,-0.2968116337852903,0.03448050982510523,0.021257549177203516,0.4635368861105099,0.48479443528771343,0.5102592561944268,0.47438374734218625
347,c,sqrt,120042,0,1,0.09579716585287354,0.4285466470989947,-0.18581429124153515,-0.33779494315587427,-0.03383363932719605,0.0718545920669893,0.2615415662030328,0.3333961582700221,0.14896115907122268,0.27224510952192144
349,c,sqrt,120042,0,1,0.8829237622268957,0.7969397220462902,-0.020380930080673397,-0.12592931159080872,0.08516745142946192,0.03268878550218324,0.8558790417523827,0.888567827254566,0.90689913434711,0.8855244730271711
350,c,sqrt,120042,1,1,0.9973742424238331,0.920800968679834,-0.028937280716550565,-0.1965122341438158,0.13863767271071464,-0.01526830645046906,0.9870651730971797,0.9717968666467106,0.9973527060325942,0.9718372863422694
354,c,sqrt,120042,1,0,0.7082491267779003,0.5885550619538565,-0.06242289948106138,-0.25065666852176716,0.12581086955964438,-0.14297135067526034,0.6543294133891959,0.5113580627139356,0.651333622993829,0.5612073655695574
357,c,sqrt,120042,1,1,0.5663855336684623,0.5832321448491248,-0.18214526818626878,-0.31731364687706043,-0.04697688949547718,0.1013446835796018,0.4463772897496344,0.5477219733292362,0.6846059209937392,0.5157584601894668
360,c,sqrt,120042,1,0,0.3412657629327169,0.19991624681511508,-0.18180021532433527,-0.3736012478010863,0.010000817152415714,-0.20995476861796994,0.3185615885237857,0.10860681990581575,0.3064633309145173,0.2542181507917359
361,c,sqrt,120042,0,0,0.2768589477071071,0.20832456250053388,-0.06202926959464664,-0.19977575184210916,0.07571721265281586,-0.0406445885166562,0.19061748277556523,0.14997289425890903,0.1473623882639726,0.18462799914174433
365,c,sqrt,120042,1,0,0.6800472503186337,0.28771294418683147,-0.2084095078070874,-0.3926132969957958,-0.02420571861837903,-0.3344524588585174,0.48247634363636255,0.14802388477784517,0.7037892739416086,0.24709229044834086
368,c,sqrt,120042,1,0,0.7344033841766269,0.3888808466789951,-0.0917310087522651,-0.3252698691265151,0.14180785162198484,-0.05427466854280549,0.4718418589350713,0.4175671903922658,0.6540894483175863,0.4363413709302878
370,c,sqrt,120042,1,0,0.16386531345106772,0.03801651685690381,-0.30255475315383906,-0.46530627235390154,-0.1398032339537766,-0.11224918810400103,0.11604627447767366,0.003797086373672619,0.11504539026639442,0.10313252282516294
380,c,sqrt,120042,0,1,0.833489037954595,0.356587592256022,-0.26870803661440273,-0.443917968661761,-0.09349810456704452,-0.4595323870462047,0.6433774733254405,0.18384508627923582,0.6529940418405045,0.3433055625515242
384,c,sqrt,120042,1,1,0.8132495380169068,0.8763864956697166,0.0015575605990306358,-0.1308718322819265,0.13398695347998776,0.0703099140074529,0.8886766336909452,0.9589865476983981,0.8125043706639047,0.945803746123004
392,c,sqrt,120042,1,1,0.8393814095162522,0.8138724082562883,0.009318343724102614,-0.17672417258483258,0.19536086003303776,0.0859568948245617,0.7956046715365747,0.8815615663611364,0.8949939681051641,0.8725355739216074
398,c,sqrt,120042,0,1,0.3785590436181826,0.37164636327183176,-0.22483498705492524,-0.3515498684324806,-0.09812010567736995,-0.3498504475078327,0.5910364248254103,0.2411859773175776,0.36176284124541397,0.4644735329239972
399,c,sqrt,120042,1,1,0.9970146286266044,0.8330526085140617,-0.07791448809324966,-0.21181317754727486,0.055984201360775504,-0.029171536123289488,0.9512178017968141,0.9220462656735247,0.9962108424749547,0.9221568012191433
409,c,sqrt,120042,0,0,0.16108848708925477,0.38505198503875565,-0.06828959781186761,-0.2262799009089381,0.08970070528520285,0.14554265152238055,0.3680844066924097,0.5136270582147903,0.16618931836081213,0.39227204074133937
422,c,sqrt,120042,1,1,0.4016981247030861,0.4134135046374263,0.013445644928028804,-0.10084947226038489,0.12774076211644247,0.04875396248008518,0.4200452914399601,0.4687992539200453,0.33848323217702997,0.436547690241657
424,c,sqrt,120042,1,0,0.8073598954004613,0.5721889064663956,-0.12941261731258316,-0.22100765248155138,-0.037817582143614956,-0.411950972386599,0.8314253440689895,0.4194743716823905,0.8860761566800972,0.46640540971604305
429,c,sqrt,120042,0,0,0.04054208125764262,0.015415465732562732,-0.09700121333620426,-0.32235105609424,0.1283486294218314,0.0037726514360697343,0.01304897486216735,0.016821626298237084,0.014013887068759502,0.013101844373342225
431,c,sqrt,120042,1,1,0.41909244293591036,0.48339843987886705,-0.15697285369546185,-0.2705599402981883,-0.043385767092735394,-0.32665406706368566,0.7123240608538791,0.38566999379019345,0.26194947604164803,0.6267571991396732
433,c,sqrt,120042,0,0,0.023721087657617025,0.07276465874225169,-0.11080828018885586,-0.24414349583076098,0.022526935453049235,-0.03402153155820689,0.06847959303076086,0.034458061472553966,0.030148742780963526,0.06745388662679803
435,c,sqrt,120042,0,1,0.3061427875433654,0.700626917437417,0.029455940669563432,-0.14463317455702185,0.20354505589614869,-0.10742312894197681,0.7807369553595693,0.6733138264175925,0.43293691335902873,0.734229517492061
436,c,sqrt,120042,0,1,0.0399836780602693,0.20887029043875618,-0.2904519872241768,-0.521278131069517,-0.05962584337883664,-0.3201538166817906,0.38261502886035376,0.06246121217856315,0.04558681888213726,0.368020234804856
446,c,sqrt,120042,1,0,0.1264833686632071,0.08754183965354545,-0.1742721090905761,-0.3395238164868354,-0.009020401694316893,-0.06432527410523083,0.14245327608668318,0.07812800198145235,0.13760778018982345,0.13360161790696043
447,c,sqrt,120042,1,1,0.5728568074196896,0.6648724371247139,-0.08339859209537008,-0.190582493411474,0.023785309220733825,0.034144994760945346,0.7178406560241876,0.7519856507851329,0.5268957316826469,0.735831508022056
451,c,sqrt,120042,1,1,0.8444254813054439,0.6781222161862843,-0.22070219591510212,-0.3871059801197238,-0.0542984117104805,-0.17663563846118313,0.8287729384589229,0.6521372999977397,0.8242034052032726,0.6831892437589615
460,c,sqrt,120042,1,0,0.4015081191488899,0.4015520342975686,-0.11074891460392794,-0.22438424831065645,0.002886419102800561,-0.15089969081385596,0.4593548416637062,0.30845515084985026,0.3655224480016902,0.40419761727472747
462,c,sqrt,120042,0,0,0.47995226962218024,0.42316123966686997,-0.08472640851924039,-0.2367879362170125,0.0673351191785317,-0.02877369342676961,0.4686118803771519,0.4398381869503823,0.4666605896496557,0.4551843316362172
465,c,sqrt,120042,0,1,0.4186121225571804,0.6903555027779911,-0.05449520171892892,-0.14874994910238365,0.0397595456645258,-0.07352311822592295,0.7800438405311805,0.7065207223052575,0.5135491930884887,0.7422861024929082
467,c,sqrt,120042,0,0,0.1342401733103888,0.22484105768975188,0.02508302710934917,-0.1016088335367061,0.15177488775540443,0.18109530692018136,0.12685755243371818,0.30795285935389954,0.1888332524081815,0.16105436823531388
468,c,sqrt,120042,1,0,0.4473842545395611,0.529895746520903,-0.2017676110417412,-0.3513511179549027,-0.05218410412857971,-0.36394341785118856,0.7078781761015418,0.34393475825035325,0.42845601156518937,0.5519444308536183
474,c,sqrt,120042,0,0,0.33848953380953606,0.4437431303116669,0.032040514991592224,-0.09847473578590091,0.16255576576908531,0.27024214191256124,0.30007158198562,0.5703137238981812,0.4170023363305006,0.4127631865381167
478,c,sqrt,120042,1,0,0.4815879254233275,0.16815828655816542,-0.1166046176425958,-0.26148452382763077,0.02827528854243916,-0.14113139488284232,0.2377741189742361,0.09664272409139375,0.27379783230036064,0.19913264898578764
481,c,sqrt,120042,0,1,0.4228237656759794,0.4404462708179714,-0.056922364058843114,-0.17915185196561997,0.06530712384793372,0.24256774419822325,0.2663753158727359,0.5089430600709591,0.2853642948162681,0.33559548914103476
486,c,sqrt,120042,1,1,0.7587397429099123,0.4762036150534132,-0.1226464031376667,-0.23258661904226646,-0.012706187233066976,-0.6892153014395378,0.8677382394188814,0.1785229379793436,0.807107991999281,0.3114670614188369
487,c,sqrt,120042,1,1,0.8500060230190346,0.5260554622274924,-0.11344820570191656,-0.23367283811841102,0.006776426714577871,-0.028156691615068175,0.6387406477170029,0.6105839561019347,0.8811791752215618,0.6139295574226692
498,c,sqrt,120042,0,0,0.180842069467446,0.03474413597458952,-0.24170529870512963,-0.32568298125675865,-0.15772761615350062,-0.1062618189134249,0.10974740599329373,0.003485587079868836,0.19058570392071683,0.0894954224357829
503,c,sqrt,120042,0,0,0.3158733490225002,0.15853159349320858,-0.030899140898028584,-0.1971126738403806,0.13531439204432338,-0.16728505428348134,0.2635262519296023,0.09624119764612094,0.40711586132784927,0.19542185296770676
507,c,sqrt,120042,1,1,0.8888542066688003,0.8359920924028177,-0.11714228981526936,-0.21022214196545586,-0.02406243766508291,-0.030854928811506976,0.9308527063190833,0.8999977775075764,0.8926277089340195,0.9033107419047457
508,c,sqrt,120042,0,0,0.4861368559230739,0.22187266355716656,-0.0762982548986056,-0.25170665036110085,0.0991101405638896,-0.05620972089686527,0.2627225744829081,0.20651285358604282,0.5311711209732923,0.23286559402452428
514,c,sqrt,120042,1,1,0.8647892913411044,0.7761679862678833,-0.0550956380639832,-0.22222543886990753,0.11203416274194108,-0.061478120138046544,0.8845825250519558,0.8231044049139092,0.8943195699412145,0.8296014390893036
526,c,sqrt,120042,0,0,0.039456746332682716,0.09443630355538443,0.015544256159290278,-0.17276330948124186,0.20385182179982236,0.020299231269924375,0.06015719113646259,0.08045642240638697,0.05466687900003019,0.06126688675608918
528,c,sqrt,120042,1,1,0.9257797740573446,0.6608412985589942,-0.2134530370318868,-0.36232395828094377,-0.06458211578282985,-0.3151680255715663,0.877924904862706,0.5627568792911397,0.8946923510881424,0.5959464830762735
532,c,sqrt,120042,1,0,0.6405983393398481,0.19536453691712477,-0.24827620010617318,-0.33188797107466805,-0.16466442913767834,-0.5334643262344162,0.5735551216747997,0.040090795440383485,0.6066516810570359,0.24992809138073208
534,c,sqrt,120042,0,1,0.574922516218826,0.9359668565212989,0.07786828999952686,-0.1290478574226202,0.28478443742167386,0.13543398492073888,0.8396523821431012,0.9750863670638401,0.6415710899254514,0.9265429114616468
535,c,sqrt,120042,0,0,0.6147030586072774,0.21875295045396662,0.021937342266273873,-0.12983517754131954,0.17370986207386724,0.03704061610492676,0.22099152902364283,0.2580321451285696,0.40412609914286823,0.23596060871997537
538,c,sqrt,120042,1,0,0.8370200904420662,0.6371842010036332,-0.03621361844960256,-0.13152928538174805,0.059102048482542906,-0.06212851278558973,0.7780343272758928,0.7159058144903031,0.8082821081633567,0.7278169619845023
539,c,sqrt,120042,0,1,0.3879392846172719,0.38386340133079816,-0.06703698251558265,-0.2441533074293874,0.11007934239822206,-0.11126006308263126,0.4664730480873413,0.35521298500471005,0.46073813292230986,0.41521129435383136
546,c,sqrt,120042,0,0,0.20731621333067357,0.09652850182168615,-0.06684692743201845,-0.2892137842477339,0.155519929383697,-0.06620608679353736,0.1411022908806444,0.07489620408710705,0.2563020340491129,0.12413353616902867
549,c,sqrt,120042,1,0,0.7399756948167913,0.3100032205687007,-0.10944430432523976,-0.2769225037805008,0.05803389513002126,-0.22605679180368443,0.5078172149242439,0.2817604231205595,0.8011893584262512,0.32670291893115333
550,c,sqrt,120042,0,0,0.1293658392831369,0.05883171754579166,-0.23317780710786942,-0.35686572303184144,-0.10948989118389742,-0.08381602753461014,0.09640615135008752,0.012590123815477389,0.13400979470830476,0.0851739827069088
552,c,sqrt,120042,1,0,0.4535026520730274,0.18965967460067157,-0.08338686473184177,-0.31399380551178074,0.14722007604809717,0.08753892270289004,0.1992963733242461,0.28683529602713614,0.4572237483724141,0.23932124769094448
559,c,sqrt,120042,1,0,0.6782126178562653,0.27594932424060925,-0.12812680568681548,-0.264593134653187,0.008339523279556033,-0.36576085048430995,0.5887644136938451,0.22300356320953515,0.7184678395003896,0.32597700567255794
560,c,sqrt,120042,1,1,0.9485907983199526,0.6528644179184996,-0.05097290065675987,-0.1607150962809597,0.05876929496743993,-0.06469990771798673,0.840006845109726,0.7753069373917393,0.9520143474859696,0.7784116046811844
561,c,sqrt,120042,1,0,0.5217864440997997,0.34432787211813604,-0.0458944010898487,-0.1454347118277466,0.053645909648049175,-0.14847635272894044,0.47000754047362386,0.3215311877446834,0.49528534616089104,0.39646937871556404
563,c,sqrt,120042,0,0,0.288810887092968,0.18098102712418604,-0.08338686473184177,-0.31399380551178074,0.14722007604809717,0.08723419972137467,0.16780480528123268,0.25503900500260734,0.31333299897025074,0.19513815869270082
568,c,sqrt,120042,1,1,0.945792509206312,0.8868332236311733,-0.19606985033692662,-0.3915314638710826,-0.0006082368027706675,-0.11006768648138565,0.9621006613342603,0.8520329748528747,0.9575199301970099,0.8567086578576576
569,c,sqrt,120042,0,1,0.5699463291222611,0.7944201465389815,-0.053474235596599154,-0.25357019237625983,0.1466217211830615,-0.03506472883281053,0.8463245486547423,0.8112598198219317,0.667795473870383,0.8229084814476991
571,c,sqrt,120042,0,0,0.019360718143083242,0.20212904424201766,0.10235249047868863,-0.04170562160555619,0.24641060256293343,0.17274679823127478,0.07316077366171819,0.24590757189299298,0.020388722435939765,0.07668286018255294
576,c,sqrt,120042,1,0,0.985657195683646,0.7904012675222625,-0.1906530107554251,-0.3373345742799301,-0.043971447230920196,-0.13762755085764844,0.9336653303150813,0.7960377794574328,0.9855241777839763,0.7980300514156748
578,c,sqrt,120042,0,0,0.4767550890856798,0.2592906969803374,-0.0972253914221519,-0.27288795770951335,0.0784371748652095,-0.1661069213092291,0.37306363189420844,0.20695671058497933,0.30633299155751065,0.3221796017711443
580,c,sqrt,120042,1,1,0.9683649971691306,0.9373258311670802,0.022311525485028818,-0.12559705967861115,0.17022011064866874,0.041240948763694774,0.9508598933381807,0.9921008421018754,0.9665661090584269,0.990721996718583
584,c,sqrt,120042,1,0,0.49698425281219805,0.6131683013636084,-0.05678606516923574,-0.16056066557338153,0.04698853523491003,-0.18620539681394355,0.7916820777128901,0.6054766808989466,0.47263355488663145,0.7036751590776402
588,c,sqrt,120042,1,1,0.7256973802344092,0.6843480839944683,-0.03322576434489842,-0.1387842879257955,0.07233275923599862,0.05151712594740754,0.7716016543161577,0.8231187802635652,0.7264867484806898,0.80902816363676
594,c,sqrt,120042,0,1,0.3328267557033292,0.2565078582404733,-0.17576570077264916,-0.24942060634325508,-0.10211079520204326,-0.1845762402931477,0.3341791213468299,0.14960288105368222,0.2895476165668742,0.28073551089507437
599,c,sqrt,120042,0,1,0.23146940847626968,0.09030329016421156,-0.11437004222996984,-0.23403184297179752,0.0052917585118578275,-0.017020805613165407,0.0815640556751646,0.0645432500619992,0.1107623584300319,0.07967879110307127
603,c,sqrt,120042,1,1,0.950662659254123,0.6967093952267789,-0.20812081020533932,-0.40215578548235653,-0.014085834928322133,-0.4064471216929251,0.9031243204678541,0.496677198774929,0.8781433534838903,0.546205482010554
606,c,sqrt,120042,0,1,0.08517606265379603,0.1726932825481575,-0.0369351133113111,-0.170043444080598,0.09617321745797575,-0.0810499975355446,0.21978098697191426,0.13873098943636966,0.045834318428495995,0.2160661155762413
607,c,sqrt,120042,0,0,0.07414474202561468,0.2048679698877292,-0.10823951873085837,-0.24737206344228613,0.030893025980569352,-0.20262165996000597,0.3087378023791391,0.10611614241913314,0.07743012434549355,0.29304878205334556
609,c,sqrt,120042,0,1,0.27752184490103415,0.10971715898201159,-0.09585339638578909,-0.21750982794529666,0.025803035173718458,-0.17815202596793825,0.22489714031231664,0.046745114344378384,0.3450213473808075,0.163430888274238
614,c,sqrt,120042,1,1,0.7368159723539404,0.6359210895611271,-0.04790389300721395,-0.1509896082216887,0.05518182220726076,0.13800989485438941,0.6359172787744115,0.7739271736288009,0.8274743251071385,0.7501169233771545
617,c,sqrt,120042,1,0,0.8010460484695189,0.650511355219487,-0.24530382835537246,-0.30654223770292005,-0.18406541900782486,-0.32977963417948597,0.8338032757051225,0.5040236415256365,0.8485350583833042,0.5539736945630076
621,c,sqrt,120042,1,1,0.6441455579586658,0.5836106553929661,-0.10297261997729294,-0.2790328680201,0.07308762806551412,-0.10300534475910206,0.7057406494157711,0.602735304656669,0.6270415558891259,0.6411520177731279
626,c,sqrt,120042,1,0,0.6213043595348011,0.155859015377392,-0.08290648693358006,-0.2959704445265027,0.13015747065934252,-0.14734105843629364,0.26353475745247545,0.11619369901618182,0.5408398945646613,0.18384683494274479
638,c,sqrt,120042,1,0,0.20200546242296272,0.051601145618087776,-0.07647187516097227,-0.2707498365372122,0.11780608621526757,-0.028967779075204383,0.061277322843089226,0.03230954376788484,0.21730089998808788,0.054982598379391213
648,c,sqrt,120042,1,1,0.40996509811221016,0.8800482851214708,-0.024523084424366817,-0.213087083130565,0.16404091428183132,0.22657797391420198,0.7325950095116571,0.9591729834258591,0.446193692985528,0.8336926724416136
651,c,sqrt,120042,1,0,0.6876186017763336,0.4103267311720954,-0.048069994607077955,-0.13406764656312145,0.03792765734896552,0.14285091672279376,0.2851618328993221,0.4280127496221159,0.7508626695093064,0.39242325357165064
656,c,sqrt,120042,0,0,0.21672815872068227,0.5370490537827723,-0.01538027773919978,-0.12742404099839422,0.09666348551999462,0.008071797181922913,0.46869912424753557,0.4767709214294585,0.22802004329675454,0.4705396557904402
662,c,sqrt,120042,0,0,0.5412854875092089,0.3430190257465138,-0.05079210325917228,-0.2623592480194908,0.1607750415011462,0.12090442381375327,0.2880053588167833,0.40890978263053657,0.3957846009982411,0.33585746795483185
663,c,sqrt,120042,1,1,0.558955966984612,0.5429086181082996,-0.027512354236393883,-0.20478896600324267,0.14976425753045486,-0.0006267839972746714,0.6515715924340533,0.6509448084367786,0.5681953671368609,0.6512154566706063
676,c,sqrt,120042,1,0,0.5596279154696608,0.5356363889106331,-0.024230468265012375,-0.16857773704418055,0.12011680051415577,0.288078314021742,0.4324920904579289,0.7205704044796709,0.6529119529093504,0.6205818650566977
680,c,sqrt,120042,1,0,0.7326959997507487,0.11702339723451408,-0.16274883492958375,-0.2666149726969209,-0.05888269716224662,-0.21676132704337042,0.27484012746336883,0.05807880041999842,0.7595694039485262,0.11019485548194441
684,c,sqrt,120042,0,0,0.5095809620747207,0.10132008379383037,-0.11536515918037177,-0.26154984542524845,0.03081952706450486,-0.09365228131014089,0.1535330244619221,0.05988074315178122,0.2799397036695437,0.12731603258398452
689,c,sqrt,120042,1,1,0.9593965059098839,0.9708116047422297,-0.036499628133484334,-0.22955337475605536,0.15655411848908662,0.028437736123359203,0.9572782937779396,0.9857160299012988,0.9706128031462105,0.9848803245517656
702,c,sqrt,120042,0,0,0.01001131091100082,0.038305986848346504,-0.05750906778203991,-0.23299485855408597,0.11797672299000614,-0.008814129041007847,0.027598928413820053,0.018784799372812206,0.012737884181278832,0.027486655058936847
705,c,sqrt,120042,1,0,0.9818387908092856,0.7573522870442211,-0.23317780710786942,-0.35686572303184144,-0.10948989118389742,-0.24861107127745252,0.9414393089611733,0.6928282376837208,0.9809324818902252,0.6975686337875942
707,c,sqrt,120042,1,0,0.27816788105154966,0.05224217720605552,-0.2578302943944911,-0.339702462875874,-0.17595812591310822,-0.18261274863827542,0.1878998981069971,0.005287149468721667,0.2347415664691916,0.14503309543440357
708,c,sqrt,120042,0,0,0.30407980437283283,0.16554360367297483,-0.19831930119677754,-0.2766583748265943,-0.11998022756696082,-0.3033594815556778,0.3504194567553186,0.04705997519964079,0.374407833118835,0.2368392906100041
712,c,sqrt,120042,0,0,0.12268991638648168,0.1609438312464406,0.003747644088686457,-0.13268846053399663,0.14018374871136952,0.20262182932038472,0.14691061958728588,0.3495324489076706,0.05606427893599119,0.15827046634482472
713,c,sqrt,120042,0,1,0.23599487445084782,0.8782731705182754,0.11037641891129155,-0.06521215164708372,0.28596498946966675,0.18351149860665072,0.775833119343291,0.9593446179499417,0.3611110149512662,0.8421011428603665
723,c,sqrt,120042,1,1,0.9521620121455607,0.7180788959887858,-0.008373878873528622,-0.12389263674630277,0.10714487899924549,-0.013981278819158116,0.8683621139850527,0.8543808351658946,0.9403397493894873,0.855214961764101
727,c,sqrt,120042,0,0,0.0032718255340256686,0.06262436697095923,0.0406584695641126,-0.13566271495643245,0.2169796540846576,0.01940221066508254,0.03568903252242936,0.0550912431875119,0.004415015471387493,0.03577469358269482
735,c,sqrt,120042,1,1,0.8534351673132365,0.7130838936189542,-0.05447688283761557,-0.2657217471302892,0.15676798145505802,0.2892291597635016,0.6042732494725858,0.8935024092360874,0.85753976359256,0.8522987547602537
739,c,sqrt,120042,0,1,0.0895373639085759,0.18533995038691384,-0.04332322528683373,-0.22607098714518575,0.13942453657151826,0.04653584065128688,0.23099895524207756,0.27753479589336444,0.10826828795026494,0.23603731103771872
743,c,sqrt,120042,1,0,0.818683828918493,0.6157485834573707,-0.21720104507943214,-0.3823906169885667,-0.05201147317029764,-0.3588049137290085,0.8478417441080576,0.48903683037904905,0.8540792214123399,0.5413939227514641
744,c,sqrt,120042,0,0,0.09329951122621168,0.04147368520625212,-0.07784062334357907,-0.21642161619281558,0.06074036950565738,0.00043827428651807554,0.026528100992398846,0.02696637527891692,0.03804426145219432,0.026544774813942913
752,c,sqrt,120042,1,0,0.3348775343979218,0.24354561544039965,-0.06426755922274996,-0.16573141650472437,0.03719629805922442,-0.048624029853681416,0.3276257229580346,0.2790016931043532,0.4051996569380795,0.3079232827423759
760,c,sqrt,120042,1,1,0.7485418695547517,0.8305860348800336,-0.16051452406964256,-0.30888563695935045,-0.012143411179934727,-0.1049719012824385,0.9221465373701752,0.8171746360877367,0.8120115327351075,0.8369081429157039
773,c,sqrt,120042,1,1,0.914863198781001,0.9121508805594647,-0.10591077827686785,-0.2335913050572503,0.02176974850351457,-0.05078761983714952,0.9666567816878695,0.91586916185072,0.9159070005121013,0.9201400451396771
776,c,sqrt,120042,0,0,0.14330884330943064,0.09585268083584231,0.007160393856649375,-0.11050971911540393,0.12483050682870266,0.11215936655437345,0.0472359901847925,0.15939535673916594,0.07290723182044223,0.05541321912300616
779,c,sqrt,120042,0,0,0.25515722437842836,0.42313541948263494,-0.06710254768647203,-0.24878115126613268,0.11457605589318859,0.2102850669914252,0.22621397008186886,0.43649903707329407,0.3629244759380927,0.30253156781733853
781,c,sqrt,120042,1,1,0.6521171674969055,0.7699677984932014,-0.05831150062157131,-0.18205438382022554,0.0654313825770829,0.031273744586730046,0.8283829563994728,0.8596567009862028,0.7461971474210043,0.8517193353992638
782,c,sqrt,120042,1,0,0.9196777343953141,0.35580012373365577,-0.10623574654957814,-0.21767367627932194,0.005202183180165645,-0.27881971225762575,0.5994415106886838,0.32062179843105804,0.8619811840905949,0.3591041649690566
783,c,sqrt,120042,0,0,0.052725484334855174,0.24062261436335358,-0.06540029761387962,-0.2072198913579314,0.07641929613017213,0.11768093960974968,0.16619341714787256,0.28387435675762224,0.05485994054116541,0.1726493864976919
786,c,sqrt,120042,0,0,0.038129437041765454,0.11437638706227057,-0.02983541724235896,-0.23826969305104928,0.1785988585663313,-0.1204466128067492,0.16532041866408156,0.044873805857332354,0.05941604163077386,0.15816395770327005
798,c,sqrt,120042,1,1,0.8327737945049247,0.7832853421639149,-0.023754250263289187,-0.14765227085561553,0.10014377032903712,-0.012829595656138837,0.8710496929005754,0.8582200972444366,0.8434126957509361,0.8602290490428369
822,c,sqrt,120042,0,0,0.7964023859694794,0.7226986869274034,0.044040145625808914,-0.08343076690175921,0.171511058153377,0.15687867128973654,0.7780227700505881,0.9349014413403246,0.7866852715996432,0.9014369101823456
827,c,sqrt,120042,0,1,0.20564334032025058,0.41138054234518756,-0.30495496423273794,-0.46752738716756603,-0.1423825412979099,-0.47170840662307595,0.6500277796996768,0.1783193730766009,0.24463777729865077,0.5346300835703194
839,c,sqrt,120042,0,0,0.34578892978679315,0.051244972271561925,-0.24099088991207265,-0.3240239716345137,-0.15795780818963165,-0.082870305049013,0.09704353328678197,0.01417322823776898,0.162343632639872,0.08359006692715087
841,c,sqrt,120042,0,0,0.01986152714689624,0.10164040189477093,-0.012659435726904344,-0.1872694356289721,0.1619505641751634,-0.010820327453034226,0.09911358918728445,0.08829326173425023,0.034639969991106065,0.09873877336901742
845,c,sqrt,120042,1,1,0.7845205245651108,0.5028463854562355,-0.010716764920596832,-0.10441582207162656,0.08298229223043285,-0.054967122143437575,0.679755636458759,0.6247885143153215,0.7638252185778449,0.6377703623729527
848,c,sqrt,120042,0,0,0.04549534038197327,0.20059538901900606,-0.03935069144411783,-0.199347482217128,0.12064609932889227,0.0857810802170664,0.15080779969315497,0.23658887991022137,0.05969038884345037,0.1559281057267229
859,c,sqrt,120042,1,1,0.7602096924000428,0.7230801507304332,-0.0011888121276843614,-0.1394651279681084,0.13708750371273962,0.10091643251497262,0.7428263810643577,0.8437428135793303,0.8320547758187614,0.8267943806970325
868,c,sqrt,120042,1,0,0.21062354843487743,0.063593025792975,-0.050954158294707244,-0.15487661009362766,0.05296829350421314,-0.03768758335333155,0.08397151622017748,0.046283932866845935,0.23923225370276432,0.07495543071794919
875,c,sqrt,120042,1,1,0.2095630028940588,0.25006395669028647,0.04001596652356864,-0.17167021183534298,0.2517021448824802,0.2750351541256375,0.13981080528827883,0.41484595941391633,0.19551987810503407,0.19358564509752274
890,c,sqrt,120042,1,1,0.9876736406620003,0.7278839613296899,0.016706891878445866,-0.18149847568594818,0.2149122594428399,-0.020946677854016382,0.8906656266682582,0.8697189488142418,0.9874817561550102,0.8699811644353609
892,c,sqrt,120042,0,0,0.8076451424384119,0.15579588391163268,-0.14443431463046377,-0.32208524055484167,0.03321661129391412,-0.4218944972490402,0.4749578951993378,0.053063397950297596,0.752638681307789,0.15742377713880756
893,c,sqrt,120042,0,1,0.36619238613250343,0.21868543651928912,-0.12501844877972357,-0.271746813757883,0.021709916198435847,-0.13899119129057289,0.2884059010666973,0.1494147097761244,0.20296380287330745,0.2601957203164713
898,c,sqrt,120042,1,1,0.4525570471867022,0.756871634384734,-0.15005060700854506,-0.3124785475441659,0.012377333527075735,0.11489019733853345,0.5760315391701575,0.6909217365086909,0.47972378810490296,0.6311470998535185
908,c,sqrt,120042,1,1,0.6409932429013714,0.5389593655355163,-0.03217411121334842,-0.13129467246496213,0.06694645003826527,0.2700079153490359,0.5696492081263452,0.8396571234753811,0.6849639978240327,0.7545949092679538
913,c,sqrt,120042,0,0,0.3899701749588428,0.4784470629741566,0.14812906637007356,-0.0007014140090727816,0.29695954674921987,0.5763362625455206,0.21409661929254425,0.7904328818380649,0.36702698783272614,0.4256275817133979
915,c,sqrt,120042,1,1,0.9523558435925716,0.7524112911697871,-0.07405122923347336,-0.20144092890072207,0.053338470433775306,-0.10460704553612188,0.9122655745034537,0.8076585289673318,0.9415880973154946,0.8137688255313014
917,c,sqrt,120042,1,0,0.9238051845363644,0.6510453356614134,0.0004666594280005091,-0.172204650667931,0.17313796952393198,0.012647334156821954,0.7540394926111339,0.7666868267679559,0.9317451813874247,0.7658235852691494
924,c,sqrt,120042,0,1,0.04175351115731589,0.2874748128522011,-0.147197951071209,-0.30855603011773725,0.014160127975319181,-0.03518580558050255,0.34295445282315096,0.3077686472426484,0.03257650484478903,0.34180822225718993
929,c,sqrt,120042,1,0,0.6620698022112063,0.5400270204453902,-0.10118052389190138,-0.24366844195575443,0.041307394171951645,-0.2246108655442407,0.7244357997544417,0.499824934210201,0.6590473051994321,0.5764066140989978
934,c,sqrt,120042,0,0,0.1803652267088213,0.20640850057550725,-0.15458109431620778,-0.353670726265486,0.044508537633070416,-0.17923562100166213,0.30255577023811625,0.12332014923645412,0.22882149384738068,0.26154280768985294
955,c,sqrt,120042,1,1,0.8200078699622656,0.44067151123631954,-0.10526784067895333,-0.19767615971540545,-0.012859521642501232,-0.4074361291328243,0.7758676384475641,0.36843150931473984,0.8734804756292069,0.41998013458410177
960,c,sqrt,120042,1,1,0.3643006462551074,0.5474723955226384,0.025178686285880287,-0.1307299121629459,0.18108728473470648,0.30302428580824725,0.4145443547009303,0.7175686405091776,0.3800930993244424,0.5297217946643626
961,c,sqrt,120042,0,1,0.5523427628313958,0.32622440004488346,-0.06340016273357212,-0.15131648207846296,0.0245161566113187,-0.17386110854674186,0.4319105760822528,0.25804946753551095,0.49347354839846846,0.3461147179192008
967,c,sqrt,120042,0,0,0.6292753281413974,0.5409563573366716,0.035219963567702475,-0.04572008155151315,0.11616000868691807,0.11315424130412288,0.5413987873849739,0.6545530286890968,0.44694083003004204,0.5919720379148583
976,c,sqrt,120042,0,0,0.1875189495787529,0.09550610275025576,-0.17027276807889014,-0.3539866307799594,0.0134410946221791,-0.10435438224184548,0.15809386067540734,0.05373947843356186,0.20179595515564355,0.13703556843623702
977,c,sqrt,120042,1,0,0.9290030480519587,0.6776003156365273,0.04971200624268074,-0.13093265953615812,0.23035667202151958,0.2172265382051104,0.6784268664625951,0.8956534046677055,0.9400329381747864,0.8826269674210825
980,c,sqrt,120042,1,1,0.8907828288358244,0.6749097282986457,-0.032475100481529476,-0.13965498613515476,0.07470478517209576,-0.1328309937568829,0.8403143102576274,0.7074833165007445,0.9173360209342071,0.7184636549879518
986,c,sqrt,120042,1,0,0.719338469580331,0.2546037122448208,-0.1881188529225592,-0.2901540611969975,-0.08608364464812093,-0.21930664730454208,0.3912007173486197,0.17189407004407764,0.6588215068712526,0.24671678150455897
987,c,sqrt,120042,0,0,0.39239782738313184,0.3616015143122924,-0.01897939481720672,-0.10334513234065663,0.06538634270624318,0.16537846499403014,0.35989141899015303,0.5252698839841832,0.3384405855504341,0.41586220352016456
989,c,sqrt,120042,0,0,0.41956555533879414,0.22006559188022567,-0.2071510649659142,-0.2961634446793283,-0.11813868525250011,-0.22553091570484401,0.34182879340480493,0.11629787769996093,0.2358266405545143,0.2886425952129482
5,c,sqrt,2120042,1,1,0.5795099407346893,0.4538367246659664,-0.03276104370748905,-0.13395711722995782,0.0684350298149797,0.29544125881310984,0.4283602486568981,0.7238015074700079,0.5143494763770452,0.5803203054275963
12,c,sqrt,2120042,0,1,0.25634436282965567,0.3155464893978257,-0.1336900329029752,-0.2378547995725749,-0.029525266233375536,-0.1020346687031714,0.35251383485816296,0.25047916615499155,0.22807181354145364,0.3292426029229293
15,c,sqrt,2120042,1,0,0.5723121503402376,0.07118001064913923,-0.02547801799487341,-0.11777142414603542,0.06681538815628857,-0.003080297422145953,0.08496536053642435,0.0818850631142784,0.5888855260374319,0.08315141796863218
30,c,sqrt,2120042,0,0,0.5704623645591489,0.21940483178855125,-0.10640182815347897,-0.18894745327024792,-0.023856203036710044,-0.15824629257148742,0.32006203944320166,0.16181574687171424,0.5261665055811847,0.23679814065968435
35,c,sqrt,2120042,1,1,0.9786739657392877,0.960822905856447,0.00027653342680640405,-0.14917844699667757,0.14973151385029032,0.011426825642477212,0.9756257658102383,0.9870525914527155,0.9757346483150356,0.986775315509858
39,c,sqrt,2120042,1,0,0.7563312812814935,0.44306084397870127,-0.10825074899676757,-0.20204384478909687,-0.014457653204438259,-0.0787740414269622,0.5056272841792651,0.42685324275230285,0.77152706901285,0.4448509788828241
40,c,sqrt,2120042,0,0,0.3237420599830905,0.29829460829318116,-0.06597459229529563,-0.13249704292750264,0.0005478583369113721,0.060474988513839145,0.3131862436036617,0.37366123211750085,0.36407388745256936,0.3352036077655446
43,c,sqrt,2120042,1,0,0.7047099212791663,0.49538448081499065,-0.14758677067287584,-0.34981193504905933,0.054638393703307586,-0.19702180525731344,0.6091152747624241,0.41209346950511067,0.6567057331961557,0.4797299256852899
45,c,sqrt,2120042,0,0,0.1437516716050587,0.25571509261899533,-0.08049132995227136,-0.1691880194995538,0.008205359595011077,0.13139903885494988,0.2165379872607052,0.3479370261156551,0.17346042267748582,0.2393305200799002
48,c,sqrt,2120042,1,1,0.2869094591298208,0.5200283869835887,-0.1257930450587669,-0.2532205989734203,0.0016345088558864795,-0.02351093248221392,0.4828213005356463,0.4593103680534324,0.42933764997077845,0.47272717203511094
63,c,sqrt,2120042,1,0,0.6299929194432844,0.09389999784630385,-0.12349575910490662,-0.2086519714774966,-0.03833954673231668,-0.08061850681857732,0.15433536704847534,0.07371686022989801,0.6257533169734277,0.10388806899730568
67,c,sqrt,2120042,1,1,0.45136367442141934,0.40273088169296534,-0.2602325035559483,-0.3628620698868468,-0.15760293722504976,-0.4040936263411786,0.6270655271286899,0.22297190078751128,0.5184844589253166,0.41754926192001485
69,c,sqrt,2120042,0,0,0.5079878119731548,0.44975389859313897,-0.12309294995595733,-0.2749933047661755,0.028807404854260824,-0.2535047085663173,0.6257136287774533,0.372208920211136,0.5819759402865388,0.4781799876425058
72,c,sqrt,2120042,1,0,0.687680887309872,0.2581661358070122,-0.042266990485510934,-0.13086029285347217,0.04632631188245027,0.03393963416448598,0.2845721538079479,0.3185117879724339,0.7269864624971379,0.3092458083876346
75,c,sqrt,2120042,1,0,0.9284421657491837,0.530545732093446,-0.055366888004595986,-0.20211556799802236,0.09138179198883031,-0.21905044290968123,0.7859902699448377,0.5669398270351564,0.9155184418716508,0.5854455497608714
85,c,sqrt,2120042,0,0,0.008773461662729187,0.05109755699917493,-0.1072453360364337,-0.19126008502949035,-0.023230587043377077,-0.03033405828346857,0.05306870888576817,0.022734650602299605,0.012191215162621852,0.05269889985447889
93,c,sqrt,2120042,0,1,0.130023011162489,0.16701344340059895,-0.13637001347469374,-0.2553971272598209,-0.01734289968956665,-0.24763340158643393,0.32022570877467954,0.0725923071882456,0.13659914574554174,0.28639919765990995
115,c,sqrt,2120042,0,0,0.3157245845303031,0.16436003393132187,-0.13361114449205602,-0.26086682243475107,-0.006355466549361005,-0.036066766855671034,0.2053367437300431,0.16926997687437206,0.1881577563382044,0.19855050180010692
116,c,sqrt,2120042,0,1,0.14650089561447632,0.15602766967695833,-0.10287101070090471,-0.2499857165195107,0.044243695117701265,-0.014342061446469406,0.14192494897859992,0.1275828875321305,0.1837349785468509,0.13928981062641524
121,c,sqrt,2120042,1,0,0.928058756616359,0.4449361891024042,-0.19214353491484992,-0.28420758926589706,-0.10007948056380278,-0.578150415838105,0.8466828492611407,0.2685324334230356,0.8997037852763005,0.3265187316725304
122,c,sqrt,2120042,1,0,0.7854315242155323,0.07005176903682984,-0.1853451871132092,-0.33073069532313504,-0.03995967890328336,-0.1662835077113541,0.20281166924209829,0.03652816153074418,0.7578750286730987,0.07678955106749236
123,c,sqrt,2120042,0,1,0.24285397886031196,0.2891142413764237,-0.015754264202560153,-0.14235881044700782,0.11085028204188749,0.03246765507545743,0.22412970679849994,0.2565973618739574,0.15541688820093894,0.22917572871750896
126,c,sqrt,2120042,0,0,0.2349973785016528,0.2693385153762674,-0.18846600431888877,-0.31264209047150854,-0.06428991816626904,-0.3010231687743369,0.44215599748635387,0.141132828712017,0.21023743122465782,0.3788696597441307
130,c,sqrt,2120042,0,0,0.13407671620313125,0.07961827478601632,-0.06335667562419892,-0.17555795154746795,0.04884460029907009,0.006309753656425152,0.06615229801318433,0.07246205166960948,0.06622810440116784,0.0665701810370877
137,c,sqrt,2120042,0,0,0.12386641372831915,0.06768471258818856,-0.13787584172242967,-0.24932589015275075,-0.026425793292108618,-0.035394603233024145,0.0790729821473732,0.04367837891434905,0.08580984252666052,0.07603577681765378
145,c,sqrt,2120042,1,0,0.41705238531687083,0.43019423865340467,-0.08570651121414578,-0.21079751316836087,0.039384490740069264,-0.33769143797714973,0.6919752618184105,0.3542838238412608,0.43705268699339506,0.5443863114758338
151,c,sqrt,2120042,0,1,0.6197546289092177,0.31810246434372685,-0.24492051020804853,-0.3555053817771877,-0.13433563863890938,-0.31487008056515453,0.48899357852641573,0.17412349796126117,0.5564672015365533,0.31377870594673507
152,c,sqrt,2120042,1,1,0.9830359957167152,0.6898611735217169,-0.09078864299306846,-0.16985952069343505,-0.011717765292701895,-0.012172431745375523,0.8762847281697077,0.8641122964243322,0.9805114377218112,0.864349519618479
162,c,sqrt,2120042,0,0,0.5552481046088609,0.6615882238485635,-0.1617091788897449,-0.296911794083194,-0.026506563696295782,-0.1770906937214045,0.7830738531324425,0.605983159411038,0.5328644485720335,0.6887085182753474
167,c,sqrt,2120042,0,1,0.48302295469853984,0.7763439758629804,-0.0642839734576022,-0.16920085052634526,0.040632903611140817,0.060419762402974864,0.7836955006531895,0.8441152630561644,0.488703502712227,0.8132228501725638
169,c,sqrt,2120042,1,1,0.7583598332357883,0.8869413440969263,-0.187126040914305,-0.29187104946642084,-0.08238103236218913,-0.059438745764093026,0.9330844701155844,0.8736457243514913,0.7742167680898258,0.8870659964707954
175,c,sqrt,2120042,1,1,0.9906919064234747,0.6635117293858521,-0.17986984318037563,-0.2914017542748494,-0.06833793208590189,-0.13063141535059297,0.8737444653113482,0.7431130499607552,0.9694429817425687,0.7471047565046174
180,c,sqrt,2120042,1,1,0.9431594287607539,0.6560185830053453,-0.056762516840971514,-0.12730622352318244,0.013781189841239397,0.07214620573564456,0.7786322158744284,0.850778421610073,0.9543923084224109,0.8474879997103885
186,c,sqrt,2120042,1,0,0.6104696005485014,0.2822875034246871,-0.13568240195582418,-0.21323265374544206,-0.058132150166206306,-0.34838730337294177,0.4994029297137133,0.15101562634077156,0.6438615699902365,0.2750897335993462
193,c,sqrt,2120042,0,0,0.3509801020968205,0.26746906079696997,-0.058868393002690055,-0.18481062686913335,0.0670738408637532,-0.07790570380726344,0.2953083622437127,0.21740265843644926,0.41432172147108914,0.26303033692987055
196,c,sqrt,2120042,0,0,0.39530832788932496,0.3800266421379802,-0.08129733973218997,-0.19252898196695944,0.029934302502579488,0.18500422317417548,0.32434400872550756,0.509348231899683,0.3716162688907627,0.39309458787052864
198,c,sqrt,2120042,0,0,0.07190005219011496,0.09578625194541361,-0.13882549007412348,-0.2036629957422467,-0.07398798440600028,-0.09796041668062988,0.1586915272759424,0.06073111059531252,0.09028587933649393,0.14984708491576237
205,c,sqrt,2120042,1,1,0.9613396544842974,0.5816504119753125,0.029814017480280532,-0.1143431551362524,0.17397119009681342,0.10039000345163385,0.6891605940965426,0.7895505975481765,0.9624369089430685,0.785779638707317
208,c,sqrt,2120042,1,1,0.4020930077434365,0.5419701539529151,-0.16479369696822402,-0.26070144240990734,-0.0688859515265407,-0.38364186382161225,0.7194421327827453,0.335800268961133,0.4072806738535624,0.5631922159670424
211,c,sqrt,2120042,0,0,0.1245327252569393,0.14224924521077723,-0.08569571456952882,-0.1642919431635217,-0.00709948597553596,0.039362356322426656,0.16438647521130773,0.20374883153373438,0.09642181922653781,0.1681818652169593
229,c,sqrt,2120042,0,0,0.2621232533283572,0.06419290388977453,-0.07839423114811508,-0.19103979230133195,0.03425133000510175,-0.0181111175885878,0.06995670563525107,0.05184558804666327,0.30447931100626485,0.0644422450303244
237,c,sqrt,2120042,0,1,0.17089158510717117,0.7903440719712191,-0.023179666458094265,-0.1427800595547532,0.09642072663856466,0.014677238537030401,0.7975200380169778,0.8121972765540082,0.18990857655563823,0.8003073714953128
241,c,sqrt,2120042,1,0,0.30261885809355343,0.3445045280194968,-0.17142275397305115,-0.28974666175386704,-0.0530988461922353,-0.2359562924134932,0.5015441113192208,0.26558781890572764,0.2950149658609628,0.4319334737681747
246,c,sqrt,2120042,0,0,0.005692338093679031,0.041764964169164996,-0.056402715802590035,-0.12639268676433882,0.013587255159158727,0.01186840094368172,0.018116439756915348,0.02998484070059707,0.0026243135065499405,0.018147586161813004
250,c,sqrt,2120042,1,1,0.9465197750492464,0.6751346002015987,-0.10854326005005448,-0.18249584752258002,-0.034590672577528944,-0.14381661120733635,0.8672152602102811,0.7233986490029447,0.9507090811076705,0.7304875019213353
254,c,sqrt,2120042,0,1,0.15724832167185027,0.16255735638160038,-0.07088520217203409,-0.17589691163335336,0.03412650728928514,0.11029612787953566,0.14744962685810456,0.2577457547376402,0.08493199342585338,0.15681729686606638
261,c,sqrt,2120042,0,0,0.2035668815808304,0.387093334266194,-0.07530861295034375,-0.1671307144681129,0.016513488567425377,0.31285754382566056,0.3117214313126295,0.6245789751382901,0.1705389734222835,0.3650758356640747
264,c,sqrt,2120042,1,1,0.5687037642510144,0.8295066338001847,-0.0709825603563421,-0.17305779779829888,0.031092677085614667,0.10130985419071503,0.7911490993565368,0.8924589535472518,0.5810993954074002,0.8500201943755732
265,c,sqrt,2120042,0,0,0.5181619610469814,0.2845084867924121,-0.17170310299019864,-0.2749523889105113,-0.068453817069886,-0.19966649402570194,0.44336264391079605,0.2436961498850941,0.5891544295672154,0.3257282445193978
270,c,sqrt,2120042,0,0,0.13629795483786236,0.09318955076140835,-0.14497310919557266,-0.32252990578556406,0.03258368739441869,-0.05981133747776573,0.12230691731294828,0.06249557983518255,0.15266603857068187,0.11317575735860363
271,c,sqrt,2120042,1,0,0.8546210098694014,0.9541555603427572,-0.05755108976704446,-0.23384956800481504,0.11874738847072608,-0.027407061388611043,0.972040045003356,0.9446329836147449,0.8799152601270086,0.9479241534522794
277,c,sqrt,2120042,1,1,0.9027483920149099,0.7486342783102978,-0.029738315738335474,-0.15160259352072158,0.0921259620440506,0.19707323380293573,0.7379585356450379,0.9350317694479736,0.8959221773328886,0.9145208163677975
278,c,sqrt,2120042,1,1,0.9841651279161855,0.9196062819023793,-0.11982495701112504,-0.22200358340664456,-0.01764633061560554,-0.034983579731057146,0.9745499252614708,0.9395663455304136,0.9852240699610291,0.9400832604570325
282,c,sqrt,2120042,0,0,0.6051305496028134,0.4427055322724863,-0.028443032386829534,-0.1235754669675812,0.06668940219392212,0.2904593735133494,0.40130368088367085,0.6917630543970202,0.5875385209157825,0.571959751583829
284,c,sqrt,2120042,0,1,0.28059544267700626,0.584743973485635,-0.08739387442506859,-0.19669462933728868,0.021906880487151476,0.18518688543613304,0.5345000271529722,0.7196869125891052,0.2848632031007027,0.5872529565105519
288,c,sqrt,2120042,1,0,0.852059632776595,0.7137701694666436,-0.06523234709105527,-0.1618394783225487,0.031374784140438136,0.004640120746827181,0.8285928613323575,0.8332329820791847,0.8137217939140347,0.8323686287104435
294,c,sqrt,2120042,1,1,0.8847277472983341,0.42768069035977857,-0.1526636686868277,-0.29898083201483033,-0.006346505358825111,-0.34951026332690505,0.6471311693923253,0.29762090606542024,0.836697904397772,0.35469666450119036
318,c,sqrt,2120042,0,0,0.6250534679475723,0.4899685237307624,-0.07262454136184479,-0.21980096721941295,0.07455188449572334,-0.20199985734703257,0.5879283385482199,0.38592848120118733,0.47898390671963986,0.4911736577193283
319,c,sqrt,2120042,1,1,0.9308190392508676,0.8273636067586752,-0.08144421961346182,-0.18848360888643037,0.0255951696595067,0.04278373950332526,0.8493940089152403,0.8921777484185656,0.9507415839242936,0.8900702891768362
328,c,sqrt,2120042,0,1,0.27963988530501427,0.2923196241303657,0.036489435179259073,-0.16460398229374848,0.23758285265226659,0.10327243996857394,0.20730761169537187,0.3105800516639458,0.24526855774207149,0.23263709410096867
334,c,sqrt,2120042,0,0,0.17600898200510934,0.12592809276778683,-0.1833093510989018,-0.31341257219093654,-0.05320613000686711,-0.1484375342195409,0.1983455391861229,0.049908004966582015,0.20689159123360956,0.16763506153264873
339,c,sqrt,2120042,0,1,0.778250916395819,0.8053296418123737,-0.2278656596450452,-0.31342056874179824,-0.14231075054829223,-0.04096418254395162,0.7913418013853089,0.7503776188413572,0.7738703643510148,0.7596408345146795
343,c,sqrt,2120042,1,1,0.8779920732338832,0.48729871016220194,-0.13875171702046185,-0.22896335088674644,-0.048540083154177294,-0.252500407706424,0.7443325037606942,0.49183209605427014,0.8958918058613752,0.5181194575198524
346,c,sqrt,2120042,0,0,0.5658124678015921,0.2916861019350232,-0.12231309196427302,-0.2586524619736299,0.014026278045083815,0.021257549177203516,0.4635368861105099,0.48479443528771343,0.5102592561944268,0.47438374734218625
347,c,sqrt,2120042,0,1,0.09579716585287354,0.4285466470989947,-0.17951866120439272,-0.31237175798914263,-0.04666556441964287,0.0718545920669893,0.2615415662030328,0.3333961582700221,0.14896115907122268,0.27224510952192144
349,c,sqrt,2120042,0,1,0.8829237622268957,0.7969397220462902,-0.03795584883754385,-0.19072991172324757,0.11481821404815984,0.03268878550218324,0.8558790417523827,0.888567827254566,0.90689913434711,0.8855244730271711
350,c,sqrt,2120042,1,1,0.9973742424238331,0.920800968679834,-0.04086771850769617,-0.20368718432500194,0.12195174730960959,-0.01526830645046906,0.9870651730971797,0.9717968666467106,0.9973527060325942,0.9718372863422694
354,c,sqrt,2120042,1,0,0.7082491267779003,0.5885550619538565,-0.10825074899676757,-0.20204384478909687,-0.014457653204438259,-0.14297135067526034,0.6543294133891959,0.5113580627139356,0.651333622993829,0.5612073655695574
357,c,sqrt,2120042,1,1,0.5663855336684623,0.5832321448491248,-0.1719151969906136,-0.2857476848788215,-0.05808270910240575,0.1013446835796018,0.4463772897496344,0.5477219733292362,0.6846059209937392,0.5157584601894668
360,c,sqrt,2120042,1,0,0.3412657629327169,0.19991624681511508,-0.16817302589732994,-0.2898672581160028,-0.046478793678657135,-0.20995476861796994,0.3185615885237857,0.10860681990581575,0.3064633309145173,0.2542181507917359
361,c,sqrt,2120042,0,0,0.2768589477071071,0.20832456250053388,-0.09526381422549553,-0.2558125962958744,0.06528496784488332,-0.0406445885166562,0.19061748277556523,0.14997289425890903,0.1473623882639726,0.18462799914174433
365,c,sqrt,2120042,1,0,0.6800472503186337,0.28771294418683147,-0.19374857405214338,-0.3395028320888276,-0.047994316015459226,-0.3344524588585174,0.48247634363636255,0.14802388477784517,0.7037892739416086,0.24709229044834086
368,c,sqrt,2120042,1,0,0.7344033841766269,0.3888808466789951,-0.10797422155228657,-0.29992622635813254,0.08397778325355938,-0.05427466854280549,0.4718418589350713,0.4175671903922658,0.6540894483175863,0.4363413709302878
370,c,sqrt,2120042,1,0,0.16386531345106772,0.03801651685690381,-0.28531829055290336,-0.40516130587679877,-0.16547527522900798,-0.11224918810400103,0.11604627447767366,0.003797086373672619,0.11504539026639442,0.10313252282516294
380,c,sqrt,2120042,0,1,0.833489037954595,0.356587592256022,-0.2796906312174321,-0.3601417506475665,-0.19923951178729776,-0.4595323870462047,0.6433774733254405,0.18384508627923582,0.6529940418405045,0.3433055625515242
384,c,sqrt,2120042,1,1,0.8132495380169068,0.8763864956697166,-0.04223522748883484,-0.15298841156867202,0.06851795659100232,0.0703099140074529,0.8886766336909452,0.9589865476983981,0.8125043706639047,0.945803746123004
392,c,sqrt,2120042,1,1,0.8393814095162522,0.8138724082562883,-0.06687883221347897,-0.22448351698989277,0.09072585256293479,0.0859568948245617,0.7956046715365747,0.8815615663611364,0.8949939681051641,0.8725355739216074
398,c,sqrt,2120042,0,1,0.3785590436181826,0.37164636327183176,-0.21129025490641049,-0.34912453121058384,-0.07345597860223715,-0.3498504475078327,0.5910364248254103,0.2411859773175776,0.36176284124541397,0.4644735329239972
399,c,sqrt,2120042,1,1,0.9970146286266044,0.8330526085140617,-0.10521010614789078,-0.28144814659910633,0.07102793430332477,-0.029171536123289488,0.9512178017968141,0.9220462656735247,0.9962108424749547,0.9221568012191433
409,c,sqrt,2120042,0,0,0.16108848708925477,0.38505198503875565,-0.05728825050714281,-0.13677060296694804,0.022194101952662387,0.14554265152238055,0.3680844066924097,0.5136270582147903,0.16618931836081213,0.39227204074133937
422,c,sqrt,2120042,1,1,0.4016981247030861,0.4134135046374263,0.011550369516022122,-0.09167462614139858,0.11477536517344279,0.04875396248008518,0.4200452914399601,0.4687992539200453,0.33848323217702997,0.436547690241657
424,c,sqrt,2120042,1,0,0.8073598954004613,0.5721889064663956,-0.13776418721561615,-0.2163155497281405,-0.05921282470309182,-0.411950972386599,0.8314253440689895,0.4194743716823905,0.8860761566800972,0.46640540971604305
429,c,sqrt,2120042,0,0,0.04054208125764262,0.015415465732562732,-0.11805283357464895,-0.3088843837234713,0.07277871657417338,0.0037726514360697343,0.01304897486216735,0.016821626298237084,0.014013887068759502,0.013101844373342225
431,c,sqrt,2120042,1,1,0.41909244293591036,0.48339843987886705,-0.15902227361218801,-0.26555140375679404,-0.052493143467582035,-0.32665406706368566,0.7123240608538791,0.38566999379019345,0.26194947604164803,0.6267571991396732
433,c,sqrt,2120042,0,0,0.023721087657617025,0.07276465874225169,-0.11832033699081847,-0.23110699261540757,-0.0055336813662294065,-0.03402153155820689,0.06847959303076086,0.034458061472553966,0.030148742780963526,0.06745388662679803
435,c,sqrt,2120042,0,1,0.3061427875433654,0.700626917437417,-0.013209752954585844,-0.1298499415232672,0.1034304356140955,-0.10742312894197681,0.7807369553595693,0.6733138264175925,0.43293691335902873,0.734229517492061
436,c,sqrt,2120042,0,1,0.0399836780602693,0.20887029043875618,-0.2814571742665482,-0.3828595529142955,-0.18005479561880094,-0.3201538166817906,0.38261502886035376,0.06246121217856315,0.04558681888213726,0.368020234804856
446,c,sqrt,2120042,1,0,0.1264833686632071,0.08754183965354545,-0.16840328710888203,-0.3318780397947104,-0.004928534423053688,-0.06432527410523083,0.14245327608668318,0.07812800198145235,0.13760778018982345,0.13360161790696043
447,c,sqrt,2120042,1,1,0.5728568074196896,0.6648724371247139,-0.10206502767560106,-0.1848599325114632,-0.01927012283973896,0.034144994760945346,0.7178406560241876,0.7519856507851329,0.5268957316826469,0.735831508022056
451,c,sqrt,2120042,1,1,0.8444254813054439,0.6781222161862843,-0.19983611503248316,-0.2775036937348169,-0.12216853633014943,-0.17663563846118313,0.8287729384589229,0.6521372999977397,0.8242034052032726,0.6831892437589615
460,c,sqrt,2120042,1,0,0.4015081191488899,0.4015520342975686,-0.11537862908512708,-0.23913785819371242,0.00838060002345821,-0.15089969081385596,0.4593548416637062,0.30845515084985026,0.3655224480016902,0.40419761727472747
462,c,sqrt,2120042,0,0,0.47995226962218024,0.42316123966686997,-0.06841813452445038,-0.17416101772596165,0.0373247486770609,-0.02877369342676961,0.4686118803771519,0.4398381869503823,0.4666605896496557,0.4551843316362172
465,c,sqrt,2120042,0,1,0.4186121225571804,0.6903555027779911,-0.04771419644723754,-0.1224088650374158,0.026980472142940706,-0.07352311822592295,0.7800438405311805,0.7065207223052575,0.5135491930884887,0.7422861024929082
467,c,sqrt,2120042,0,0,0.1342401733103888,0.22484105768975188,-0.01784756824934159,-0.15149062898296947,0.11579549248428628,0.18109530692018136,0.12685755243371818,0.30795285935389954,0.1888332524081815,0.16105436823531388
468,c,sqrt,2120042,1,0,0.4473842545395611,0.529895746520903,-0.18864791958973995,-0.31181772316326545,-0.06547811601621449,-0.36394341785118856,0.7078781761015418,0.34393475825035325,0.42845601156518937,0.5519444308536183
474,c,sqrt,2120042,0,0,0.33848953380953606,0.4437431303116669,0.012307504100179544,-0.08397619544179705,0.1085912036421561,0.27024214191256124,0.30007158198562,0.5703137238981812,0.4170023363305006,0.4127631865381167
478,c,sqrt,2120042,1,0,0.4815879254233275,0.16815828655816542,-0.10794401289655087,-0.23303969054999965,0.01715166475689789,-0.14113139488284232,0.2377741189742361,0.09664272409139375,0.27379783230036064,0.19913264898578764
481,c,sqrt,2120042,0,1,0.4228237656759794,0.4404462708179714,-0.10505186378622082,-0.17402869083605835,-0.03607503673638332,0.24256774419822325,0.2663753158727359,0.5089430600709591,0.2853642948162681,0.33559548914103476
486,c,sqrt,2120042,1,1,0.7587397429099123,0.4762036150534132,-0.1237780783561166,-0.2355539774274168,-0.012002179284816422,-0.6892153014395378,0.8677382394188814,0.1785229379793436,0.807107991999281,0.3114670614188369
487,c,sqrt,2120042,1,1,0.8500060230190346,0.5260554622274924,-0.12822483429744622,-0.18867794461336293,-0.06777172398152952,-0.028156691615068175,0.6387406477170029,0.6105839561019347,0.8811791752215618,0.6139295574226692
498,c,sqrt,2120042,0,0,0.180842069467446,0.03474413597458952,-0.2579126093342054,-0.3333356465773167,-0.18248957209109412,-0.1062618189134249,0.10974740599329373,0.003485587079868836,0.19058570392071683,0.0894954224357829
503,c,sqrt,2120042,0,0,0.3158733490225002,0.15853159349320858,-0.042170917261726906,-0.21247050497712816,0.12812867045367432,-0.16728505428348134,0.2635262519296023,0.09624119764612094,0.40711586132784927,0.19542185296770676
507,c,sqrt,2120042,1,1,0.8888542066688003,0.8359920924028177,-0.10439701901531585,-0.18750145218170375,-0.021292585848927972,-0.030854928811506976,0.9308527063190833,0.8999977775075764,0.8926277089340195,0.9033107419047457
508,c,sqrt,2120042,0,0,0.4861368559230739,0.22187266355716656,-0.11846691563730351,-0.23106232769052878,-0.005871503584078258,-0.05620972089686527,0.2627225744829081,0.20651285358604282,0.5311711209732923,0.23286559402452428
514,c,sqrt,2120042,1,1,0.8647892913411044,0.7761679862678833,-0.0693185414811092,-0.17864686587213185,0.040009782909913416,-0.061478120138046544,0.8845825250519558,0.8231044049139092,0.8943195699412145,0.8296014390893036
526,c,sqrt,2120042,0,0,0.039456746332682716,0.09443630355538443,-0.03415884535509185,-0.20461445248493276,0.13629676177474903,0.020299231269924375,0.06015719113646259,0.08045642240638697,0.05466687900003019,0.06126688675608918
528,c,sqrt,2120042,1,1,0.9257797740573446,0.6608412985589942,-0.23354783913830932,-0.3229588313325883,-0.1441368469440304,-0.3151680255715663,0.877924904862706,0.5627568792911397,0.8946923510881424,0.5959464830762735
532,c,sqrt,2120042,1,0,0.6405983393398481,0.19536453691712477,-0.24856506877489978,-0.3393429732173079,-0.15778716433249168,-0.5334643262344162,0.5735551216747997,0.040090795440383485,0.6066516810570359,0.24992809138073208
534,c,sqrt,2120042,0,1,0.574922516218826,0.9359668565212989,0.05017631194903036,-0.09214707285413617,0.19249969675219686,0.13543398492073888,0.8396523821431012,0.9750863670638401,0.6415710899254514,0.9265429114616468
535,c,sqrt,2120042,0,0,0.6147030586072774,0.21875295045396662,-0.01840929360555964,-0.17131939374991048,0.13450080653879115,0.03704061610492676,0.22099152902364283,0.2580321451285696,0.40412609914286823,0.23596060871997537
538,c,sqrt,2120042,1,0,0.8370200904420662,0.6371842010036332,-0.0588374224749994,-0.12481112228023136,0.007136277330232546,-0.06212851278558973,0.7780343272758928,0.7159058144903031,0.8082821081633567,0.7278169619845023
539,c,sqrt,2120042,0,1,0.3879392846172719,0.38386340133079816,-0.07723251983763615,-0.24418911768792456,0.08972407801265223,-0.11126006308263126,0.4664730480873413,0.35521298500471005,0.46073813292230986,0.41521129435383136
546,c,sqrt,2120042,0,0,0.20731621333067357,0.09652850182168615,-0.09473920068815925,-0.16747429754235652,-0.022004103833961994,-0.06620608679353736,0.1411022908806444,0.07489620408710705,0.2563020340491129,0.12413353616902867
549,c,sqrt,2120042,1,0,0.7399756948167913,0.3100032205687007,-0.1023678245648205,-0.26086690273965074,0.05613125361000969,-0.22605679180368443,0.5078172149242439,0.2817604231205595,0.8011893584262512,0.32670291893115333
550,c,sqrt,2120042,0,0,0.1293658392831369,0.05883171754579166,-0.2638631212197697,-0.3510017724528224,-0.17672446998671704,-0.08381602753461014,0.09640615135008752,0.012590123815477389,0.13400979470830476,0.0851739827069088
552,c,sqrt,2120042,1,0,0.4535026520730274,0.18965967460067157,-0.11050685774989702,-0.33112103380509883,0.11010731830530476,0.08753892270289004,0.1992963733242461,0.28683529602713614,0.4572237483724141,0.23932124769094448
559,c,sqrt,2120042,1,0,0.6782126178562653,0.27594932424060925,-0.12014253187889368,-0.2202163235956147,-0.020068740162172694,-0.36576085048430995,0.5887644136938451,0.22300356320953515,0.7184678395003896,0.32597700567255794
560,c,sqrt,2120042,1,1,0.9485907983199526,0.6528644179184996,-0.07024820125927618,-0.239311175985645,0.0988147734670926,-0.06469990771798673,0.840006845109726,0.7753069373917393,0.9520143474859696,0.7784116046811844
561,c,sqrt,2120042,1,0,0.5217864440997997,0.34432787211813604,-0.06505085873129386,-0.14150386576171603,0.011402148299128279,-0.14847635272894044,0.47000754047362386,0.3215311877446834,0.49528534616089104,0.39646937871556404
563,c,sqrt,2120042,0,0,0.288810887092968,0.18098102712418604,-0.11653440500523299,-0.3383149153383277,0.10524610532786166,0.08723419972137467,0.16780480528123268,0.25503900500260734,0.31333299897025074,0.19513815869270082
568,c,sqrt,2120042,1,1,0.945792509206312,0.8868332236311733,-0.1815441938263265,-0.3204674822546409,-0.04262090539801214,-0.11006768648138565,0.9621006613342603,0.8520329748528747,0.9575199301970099,0.8567086578576576
569,c,sqrt,2120042,0,1,0.5699463291222611,0.7944201465389815,-0.031353026979909104,-0.15439008248890118,0.09168402852908293,-0.03506472883281053,0.8463245486547423,0.8112598198219317,0.667795473870383,0.8229084814476991
571,c,sqrt,2120042,0,0,0.019360718143083242,0.20212904424201766,0.04043034216422273,-0.09327129233566928,0.1741319766641147,0.17274679823127478,0.07316077366171819,0.24590757189299298,0.020388722435939765,0.07668286018255294
576,c,sqrt,2120042,1,0,0.985657195683646,0.7904012675222625,-0.18994629429157192,-0.2847661222470372,-0.09512646633610668,-0.13762755085764844,0.9336653303150813,0.7960377794574328,0.9855241777839763,0.7980300514156748
578,c,sqrt,2120042,0,0,0.4767550890856798,0.2592906969803374,-0.09777568929972225,-0.21872934779001177,0.02317796919056725,-0.1661069213092291,0.37306363189420844,0.20695671058497933,0.30633299155751065,0.3221796017711443
580,c,sqrt,2120042,1,1,0.9683649971691306,0.9373258311670802,-0.00723049311157436,-0.10802621017818081,0.09356522395503206,0.041240948763694774,0.9508598933381807,0.9921008421018754,0.9665661090584269,0.990721996718583
584,c,sqrt,2120042,1,0,0.49698425281219805,0.6131683013636084,-0.07858000347102485,-0.16603062938095062,0.008870622438900883,-0.18620539681394355,0.7916820777128901,0.6054766808989466,0.47263355488663145,0.7036751590776402
588,c,sqrt,2120042,1,1,0.7256973802344092,0.6843480839944683,-0.0643091755576487,-0.1992025688900275,0.07058421777473006,0.05151712594740754,0.7716016543161577,0.8231187802635652,0.7264867484806898,0.80902816363676
594,c,sqrt,2120042,0,1,0.3328267557033292,0.2565078582404733,-0.15353162724430577,-0.29858824473054446,-0.008475009758067142,-0.1845762402931477,0.3341791213468299,0.14960288105368222,0.2895476165668742,0.28073551089507437
599,c,sqrt,2120042,0,1,0.23146940847626968,0.09030329016421156,-0.12808270068567454,-0.18834453970560833,-0.06782086166574075,-0.017020805613165407,0.0815640556751646,0.0645432500619992,0.1107623584300319,0.07967879110307127
603,c,sqrt,2120042,1,1,0.950662659254123,0.6967093952267789,-0.1845847108478596,-0.31551214612955103,-0.05365727556616823,-0.4064471216929251,0.9031243204678541,0.496677198774929,0.8781433534838903,0.546205482010554
606,c,sqrt,2120042,0,1,0.08517606265379603,0.1726932825481575,-0.06920303037363,-0.18094008320227353,0.042534022455013504,-0.0810499975355446,0.21978098697191426,0.13873098943636966,0.045834318428495995,0.2160661155762413
607,c,sqrt,2120042,0,0,0.07414474202561468,0.2048679698877292,-0.11700758940646461,-0.22806023262169403,-0.005954946191235211,-0.20262165996000597,0.3087378023791391,0.10611614241913314,0.07743012434549355,0.29304878205334556
609,c,sqrt,2120042,0,1,0.27752184490103415,0.10971715898201159,-0.10278699348681986,-0.19390327288297082,-0.011670714090668902,-0.17815202596793825,0.22489714031231664,0.046745114344378384,0.3450213473808075,0.163430888274238
614,c,sqrt,2120042,1,1,0.7368159723539404,0.6359210895611271,-0.06266603070434709,-0.20523493436880588,0.07990287296011167,0.13800989485438941,0.6359172787744115,0.7739271736288009,0.8274743251071385,0.7501169233771545
617,c,sqrt,2120042,1,0,0.8010460484695189,0.650511355219487,-0.2569449537397017,-0.4082174631407127,-0.10567244433869075,-0.32977963417948597,0.8338032757051225,0.5040236415256365,0.8485350583833042,0.5539736945630076
621,c,sqrt,2120042,1,1,0.6441455579586658,0.5836106553929661,-0.09824620847411497,-0.27113212061842845,0.07463970367019845,-0.10300534475910206,0.7057406494157711,0.602735304656669,0.6270415558891259,0.6411520177731279
626,c,sqrt,2120042,1,0,0.6213043595348011,0.155859015377392,-0.11757083107395114,-0.19861537943803687,-0.03652628270986544,-0.14734105843629364,0.26353475745247545,0.11619369901618182,0.5408398945646613,0.18384683494274479
638,c,sqrt,2120042,1,0,0.20200546242296272,0.051601145618087776,-0.09371591428516303,-0.25435236164139735,0.06692053307107125,-0.028967779075204383,0.061277322843089226,0.03230954376788484,0.21730089998808788,0.054982598379391213
648,c,sqrt,2120042,1,1,0.40996509811221016,0.8800482851214708,-0.03781036952010524,-0.183877387994558,0.10825664895434747,0.22657797391420198,0.7325950095116571,0.9591729834258591,0.446193692985528,0.8336926724416136
651,c,sqrt,2120042,1,0,0.6876186017763336,0.4103267311720954,-0.09898154049304435,-0.19558113331737265,-0.002381947668716078,0.14285091672279376,0.2851618328993221,0.4280127496221159,0.7508626695093064,0.39242325357165064
656,c,sqrt,2120042,0,0,0.21672815872068227,0.5370490537827723,-0.07321668466864824,-0.24113876566914477,0.09470539633184825,0.008071797181922913,0.46869912424753557,0.4767709214294585,0.22802004329675454,0.4705396557904402
662,c,sqrt,2120042,0,0,0.5412854875092089,0.3430190257465138,-0.06246628046582163,-0.13681022959476757,0.0118776686631243,0.12090442381375327,0.2880053588167833,0.40890978263053657,0.3957846009982411,0.33585746795483185
663,c,sqrt,2120042,1,1,0.558955966984612,0.5429086181082996,-0.05721591863949897,-0.20985668673468272,0.09542484945568473,-0.0006267839972746714,0.6515715924340533,0.6509448084367786,0.5681953671368609,0.6512154566706063
676,c,sqrt,2120042,1,0,0.5596279154696608,0.5356363889106331,-0.08830932478075885,-0.22372340750150643,0.04710475793998868,0.288078314021742,0.4324920904579289,0.7205704044796709,0.6529119529093504,0.6205818650566977
680,c,sqrt,2120042,1,0,0.7326959997507487,0.11702339723451408,-0.15741555568628673,-0.2583330565960154,-0.056498054776558074,-0.21676132704337042,0.27484012746336883,0.05807880041999842,0.7595694039485262,0.11019485548194441
684,c,sqrt,2120042,0,0,0.5095809620747207,0.10132008379383037,-0.10620456695884938,-0.23373698593284636,0.0213278520151476,-0.09365228131014089,0.1535330244619221,0.05988074315178122,0.2799397036695437,0.12731603258398452
689,c,sqrt,2120042,1,1,0.9593965059098839,0.9708116047422297,-0.038121902954878564,-0.167091415814275,0.09084760990451786,0.028437736123359203,0.9572782937779396,0.9857160299012988,0.9706128031462105,0.9848803245517656
702,c,sqrt,2120042,0,0,0.01001131091100082,0.038305986848346504,-0.06904116507868154,-0.2301344358294668,0.09205210567210372,-0.008814129041007847,0.027598928413820053,0.018784799372812206,0.012737884181278832,0.027486655058936847
705,c,sqrt,2120042,1,0,0.9818387908092856,0.7573522870442211,-0.2638631212197697,-0.3510017724528224,-0.17672446998671704,-0.24861107127745252,0.9414393089611733,0.6928282376837208,0.9809324818902252,0.6975686337875942
707,c,sqrt,2120042,1,0,0.27816788105154966,0.05224217720605552,-0.24169616997909,-0.3525605956432664,-0.13083174431491362,-0.18261274863827542,0.1878998981069971,0.005287149468721667,0.2347415664691916,0.14503309543440357
708,c,sqrt,2120042,0,0,0.30407980437283283,0.16554360367297483,-0.20696280076691093,-0.2787154201169766,-0.13521018141684527,-0.3033594815556778,0.3504194567553186,0.04705997519964079,0.374407833118835,0.2368392906100041
712,c,sqrt,2120042,0,0,0.12268991638648168,0.1609438312464406,-0.0057546354122460725,-0.10172070239751649,0.0902114315730243,0.20262182932038472,0.14691061958728588,0.3495324489076706,0.05606427893599119,0.15827046634482472
713,c,sqrt,2120042,0,1,0.23599487445084782,0.8782731705182754,0.02711010833777138,-0.11637479822948649,0.17059501490502924,0.18351149860665072,0.775833119343291,0.9593446179499417,0.3611110149512662,0.8421011428603665
723,c,sqrt,2120042,1,1,0.9521620121455607,0.7180788959887858,-0.018723222450816115,-0.1333415666431542,0.09589512174152194,-0.013981278819158116,0.8683621139850527,0.8543808351658946,0.9403397493894873,0.855214961764101
727,c,sqrt,2120042,0,0,0.0032718255340256686,0.06262436697095923,-0.009485564452303618,-0.2016431509545005,0.18267202204989322,0.01940221066508254,0.03568903252242936,0.0550912431875119,0.004415015471387493,0.03577469358269482
735,c,sqrt,2120042,1,1,0.8534351673132365,0.7130838936189542,-0.06120306375648008,-0.13712943167389416,0.014723304160933988,0.2892291597635016,0.6042732494725858,0.8935024092360874,0.85753976359256,0.8522987547602537
739,c,sqrt,2120042,0,1,0.0895373639085759,0.18533995038691384,-0.06256665096533479,-0.13425673845132133,0.009123436520651729,0.04653584065128688,0.23099895524207756,0.27753479589336444,0.10826828795026494,0.23603731103771872
743,c,sqrt,2120042,1,0,0.818683828918493,0.6157485834573707,-0.17524947471239744,-0.284299194441726,-0.06619975498306885,-0.3588049137290085,0.8478417441080576,0.48903683037904905,0.8540792214123399,0.5413939227514641
744,c,sqrt,2120042,0,0,0.09329951122621168,0.04147368520625212,-0.08152498351219355,-0.19165935495910874,0.02860938793472162,0.00043827428651807554,0.026528100992398846,0.02696637527891692,0.03804426145219432,0.026544774813942913
752,c,sqrt,2120042,1,0,0.3348775343979218,0.24354561544039965,-0.06207173850137578,-0.20121749345535236,0.07707401645260076,-0.048624029853681416,0.3276257229580346,0.2790016931043532,0.4051996569380795,0.3079232827423759
760,c,sqrt,2120042,1,1,0.7485418695547517,0.8305860348800336,-0.15724107489281453,-0.3233336124777334,0.00885146269210435,-0.1049719012824385,0.9221465373701752,0.8171746360877367,0.8120115327351075,0.8369081429157039
773,c,sqrt,2120042,1,1,0.914863198781001,0.9121508805594647,-0.10385981011017076,-0.2747945777402354,0.06707495751989384,-0.05078761983714952,0.9666567816878695,0.91586916185072,0.9159070005121013,0.9201400451396771
776,c,sqrt,2120042,0,0,0.14330884330943064,0.09585268083584231,-0.07240835296916152,-0.16755032146685633,0.022733615528533244,0.11215936655437345,0.0472359901847925,0.15939535673916594,0.07290723182044223,0.05541321912300616
779,c,sqrt,2120042,0,0,0.25515722437842836,0.42313541948263494,-0.07312533739217927,-0.16885307991563747,0.02260240513127891,0.2102850669914252,0.22621397008186886,0.43649903707329407,0.3629244759380927,0.30253156781733853
781,c,sqrt,2120042,1,1,0.6521171674969055,0.7699677984932014,-0.06067839210118639,-0.14201663151128296,0.02065984730891017,0.031273744586730046,0.8283829563994728,0.8596567009862028,0.7461971474210043,0.8517193353992638
782,c,sqrt,2120042,1,0,0.9196777343953141,0.35580012373365577,-0.11215085161546859,-0.1862566344394496,-0.0380450687914876,-0.27881971225762575,0.5994415106886838,0.32062179843105804,0.8619811840905949,0.3591041649690566
783,c,sqrt,2120042,0,0,0.052725484334855174,0.24062261436335358,-0.08691069963408199,-0.21658171866423662,0.04276031939607261,0.11768093960974968,0.16619341714787256,0.28387435675762224,0.05485994054116541,0.1726493864976919
786,c,sqrt,2120042,0,0,0.038129437041765454,0.11437638706227057,-0.05620728190746925,-0.14224228861125143,0.029827724796312932,-0.1204466128067492,0.16532041866408156,0.044873805857332354,0.05941604163077386,0.15816395770327005
798,c,sqrt,2120042,1,1,0.8327737945049247,0.7832853421639149,-0.048037725198280826,-0.14299663556225217,0.04692118516569051,-0.012829595656138837,0.8710496929005754,0.8582200972444366,0.8434126957509361,0.8602290490428369
822,c,sqrt,2120042,0,0,0.7964023859694794,0.7226986869274034,-0.009017596659371699,-0.129083117943757,0.11104792462501355,0.15687867128973654,0.7780227700505881,0.9349014413403246,0.7866852715996432,0.9014369101823456
827,c,sqrt,2120042,0,1,0.20564334032025058,0.41138054234518756,-0.27916375460696946,-0.37635979939062136,-0.18196770982331756,-0.47170840662307595,0.6500277796996768,0.1783193730766009,0.24463777729865077,0.5346300835703194
839,c,sqrt,2120042,0,0,0.34578892978679315,0.051244972271561925,-0.18063938560194703,-0.27965945388210384,-0.08161931732179024,-0.082870305049013,0.09704353328678197,0.01417322823776898,0.162343632639872,0.08359006692715087
841,c,sqrt,2120042,0,0,0.01986152714689624,0.10164040189477093,-0.04875630630349376,-0.17553035798092823,0.07801774537394068,-0.010820327453034226,0.09911358918728445,0.08829326173425023,0.034639969991106065,0.09873877336901742
845,c,sqrt,2120042,1,1,0.7845205245651108,0.5028463854562355,-0.015220970921857164,-0.0972232551131053,0.06678131326939096,-0.054967122143437575,0.679755636458759,0.6247885143153215,0.7638252185778449,0.6377703623729527
848,c,sqrt,2120042,0,0,0.04549534038197327,0.20059538901900606,-0.039023990792639726,-0.12811283844613364,0.05006485686085416,0.0857810802170664,0.15080779969315497,0.23658887991022137,0.05969038884345037,0.1559281057267229
859,c,sqrt,2120042,1,1,0.7602096924000428,0.7230801507304332,-0.040335466215004716,-0.15105433788705666,0.07038340545704719,0.10091643251497262,0.7428263810643577,0.8437428135793303,0.8320547758187614,0.8267943806970325
868,c,sqrt,2120042,1,0,0.21062354843487743,0.063593025792975,-0.06653377548464136,-0.15907879005284517,0.02601123908356244,-0.03768758335333155,0.08397151622017748,0.046283932866845935,0.23923225370276432,0.07495543071794919
875,c,sqrt,2120042,1,1,0.2095630028940588,0.25006395669028647,-0.024647578308367998,-0.16884970552025047,0.11955454890351444,0.2750351541256375,0.13981080528827883,0.41484595941391633,0.19551987810503407,0.19358564509752274
890,c,sqrt,2120042,1,1,0.9876736406620003,0.7278839613296899,-0.021705479182485613,-0.1938048245139198,0.15039386614894856,-0.020946677854016382,0.8906656266682582,0.8697189488142418,0.9874817561550102,0.8699811644353609
892,c,sqrt,2120042,0,0,0.8076451424384119,0.15579588391163268,-0.13482804837025167,-0.23061064945805207,-0.03904544728245128,-0.4218944972490402,0.4749578951993378,0.053063397950297596,0.752638681307789,0.15742377713880756
893,c,sqrt,2120042,0,1,0.36619238613250343,0.21868543651928912,-0.10937211218753297,-0.21201528136010694,-0.006728943014959021,-0.13899119129057289,0.2884059010666973,0.1494147097761244,0.20296380287330745,0.2601957203164713
898,c,sqrt,2120042,1,1,0.4525570471867022,0.756871634384734,-0.15917944122328712,-0.32015897832101003,0.0018000958744357753,0.11489019733853345,0.5760315391701575,0.6909217365086909,0.47972378810490296,0.6311470998535185
908,c,sqrt,2120042,1,1,0.6409932429013714,0.5389593655355163,-0.047055840859467866,-0.13953751073415382,0.04542582901521807,0.2700079153490359,0.5696492081263452,0.8396571234753811,0.6849639978240327,0.7545949092679538
913,c,sqrt,2120042,0,0,0.3899701749588428,0.4784470629741566,0.07828547060486463,-0.05023326193924882,0.20680420314897804,0.5763362625455206,0.21409661929254425,0.7904328818380649,0.36702698783272614,0.4256275817133979
915,c,sqrt,2120042,1,1,0.9523558435925716,0.7524112911697871,-0.0832677995773646,-0.18588841409509177,0.019352814940362548,-0.10460704553612188,0.9122655745034537,0.8076585289673318,0.9415880973154946,0.8137688255313014
917,c,sqrt,2120042,1,0,0.9238051845363644,0.6510453356614134,-0.01672801420861719,-0.1528555728192749,0.11939954440204048,0.012647334156821954,0.7540394926111339,0.7666868267679559,0.9317451813874247,0.7658235852691494
924,c,sqrt,2120042,0,1,0.04175351115731589,0.2874748128522011,-0.14511736991093976,-0.2946571824312254,0.004422442609345878,-0.03518580558050255,0.34295445282315096,0.3077686472426484,0.03257650484478903,0.34180822225718993
929,c,sqrt,2120042,1,0,0.6620698022112063,0.5400270204453902,-0.09512150078516239,-0.2556343064360454,0.0653913048657206,-0.2246108655442407,0.7244357997544417,0.499824934210201,0.6590473051994321,0.5764066140989978
934,c,sqrt,2120042,0,0,0.1803652267088213,0.20640850057550725,-0.16126167317162737,-0.3240748761683888,0.0015515298251340126,-0.17923562100166213,0.30255577023811625,0.12332014923645412,0.22882149384738068,0.26154280768985294
955,c,sqrt,2120042,1,1,0.8200078699622656,0.44067151123631954,-0.08772896814096096,-0.17768154484337462,0.002223608561452664,-0.4074361291328243,0.7758676384475641,0.36843150931473984,0.8734804756292069,0.41998013458410177
960,c,sqrt,2120042,1,1,0.3643006462551074,0.5474723955226384,-0.019465755499380216,-0.14183505943338834,0.10290354843462789,0.30302428580824725,0.4145443547009303,0.7175686405091776,0.3800930993244424,0.5297217946643626
961,c,sqrt,2120042,0,1,0.5523427628313958,0.32622440004488346,-0.08657248413172046,-0.26686289136697305,0.0937179231035321,-0.17386110854674186,0.4319105760822528,0.25804946753551095,0.49347354839846846,0.3461147179192008
967,c,sqrt,2120042,0,0,0.6292753281413974,0.5409563573366716,0.006536009711533412,-0.09922543414935667,0.11229745357242346,0.11315424130412288,0.5413987873849739,0.6545530286890968,0.44694083003004204,0.5919720379148583
976,c,sqrt,2120042,0,0,0.1875189495787529,0.09550610275025576,-0.1572794107489144,-0.3322784599523856,0.017719638454556735,-0.10435438224184548,0.15809386067540734,0.05373947843356186,0.20179595515564355,0.13703556843623702
977,c,sqrt,2120042,1,0,0.9290030480519587,0.6776003156365273,-0.010609809784095868,-0.1348527894257726,0.11363316985758085,0.2172265382051104,0.6784268664625951,0.8956534046677055,0.9400329381747864,0.8826269674210825
980,c,sqrt,2120042,1,1,0.8907828288358244,0.6749097282986457,-0.05848621100167837,-0.1491782780026233,0.03220585599926653,-0.1328309937568829,0.8403143102576274,0.7074833165007445,0.9173360209342071,0.7184636549879518
986,c,sqrt,2120042,1,0,0.719338469580331,0.2546037122448208,-0.18367087610813243,-0.2680667520445843,-0.09927500017168057,-0.21930664730454208,0.3912007173486197,0.17189407004407764,0.6588215068712526,0.24671678150455897
987,c,sqrt,2120042,0,0,0.39239782738313184,0.3616015143122924,-0.07143846460662169,-0.16442863121503498,0.021551702001791573,0.16537846499403014,0.35989141899015303,0.5252698839841832,0.3384405855504341,0.41586220352016456
989,c,sqrt,2120042,0,0,0.41956555533879414,0.22006559188022567,-0.2119553412789867,-0.39811332195085936,-0.0257973606071141,-0.22553091570484401,0.34182879340480493,0.11629787769996093,0.2358266405545143,0.2886425952129482
