block,feature_id,feature_name,encoded_term,coefficient
treatment,,treatment,treatment,0.0008660550235047074
main,outer_001_feature_001,absolute_lymphocyte_count,absolute_lymphocyte_count:value,0.014033633575255113
main,outer_001_feature_001,absolute_lymphocyte_count,absolute_lymphocyte_count:missing,0.011757456707956734
main,outer_001_feature_002,absolute_neutrophil_count,absolute_neutrophil_count:value,-0.03980087391490722
main,outer_001_feature_002,absolute_neutrophil_count,absolute_neutrophil_count:missing,0.007265674016627869
main,outer_001_feature_003,acetaminophen_administered,acetaminophen_administered:category=Yes,-0.01520970622384177
main,outer_001_feature_003,acetaminophen_administered,acetaminophen_administered:category=No,-0.0016354004931225337
main,outer_001_feature_003,acetaminophen_administered,acetaminophen_administered:category=__missing__,0.01683229984776409
main,outer_001_feature_004,actionable_molecular_alterations,actionable_molecular_alterations:category=Present,-4.532531188273558e-05
main,outer_001_feature_004,actionable_molecular_alterations,actionable_molecular_alterations:category=Absent,-0.0013459288228276668
main,outer_001_feature_004,actionable_molecular_alterations,actionable_molecular_alterations:category=__missing__,0.0013784472655101368
main,outer_001_feature_005,acute_kidney_injury_history,acute_kidney_injury_history:category=Yes,0.004263459196524877
main,outer_001_feature_005,acute_kidney_injury_history,acute_kidney_injury_history:category=No,0.0
main,outer_001_feature_005,acute_kidney_injury_history,acute_kidney_injury_history:category=__missing__,-0.004276266065725143
main,outer_001_feature_006,adjuvant_chemotherapy_administered,adjuvant_chemotherapy_administered:category=Yes,-0.007578932601526299
main,outer_001_feature_006,adjuvant_chemotherapy_administered,adjuvant_chemotherapy_administered:category=No,0.0016241718294272916
main,outer_001_feature_006,adjuvant_chemotherapy_administered,adjuvant_chemotherapy_administered:category=__missing__,0.0059419539028988215
main,outer_001_feature_007,adrenal_metastasis_presence,adrenal_metastasis_presence:category=Present,-4.896891540098776e-05
main,outer_001_feature_007,adrenal_metastasis_presence,adrenal_metastasis_presence:category=Absent,-0.0017327182670164947
main,outer_001_feature_007,adrenal_metastasis_presence,adrenal_metastasis_presence:category=__missing__,0.0017688803132172451
main,outer_001_feature_008,adrenal_nodule_size,adrenal_nodule_size:value,-0.055289268901787945
main,outer_001_feature_008,adrenal_nodule_size,adrenal_nodule_size:missing,0.0010884946273361249
main,outer_001_feature_009,age,age:value,-0.0985712283320011
main,outer_001_feature_009,age,age:missing,0.0013784472655101368
main,outer_001_feature_010,airway_involvement,airway_involvement:category=Present,0.007979478826555695
main,outer_001_feature_010,airway_involvement,airway_involvement:category=Absent,-0.008328621298309358
main,outer_001_feature_010,airway_involvement,airway_involvement:category=__missing__,0.000336335602553415
main,outer_001_feature_011,albuterol_use,albuterol_use:category=Yes,-0.009441614548245129
main,outer_001_feature_011,albuterol_use,albuterol_use:category=No,-0.00034232580292316495
main,outer_001_feature_011,albuterol_use,albuterol_use:category=__missing__,0.00977113348196809
main,outer_001_feature_012,alcohol_use,alcohol_use:value,0.02975196667251367
main,outer_001_feature_012,alcohol_use,alcohol_use:missing,0.007608700066213327
main,outer_001_feature_013,alk_mutation_status,alk_mutation_status:category=Wild Type,-0.009064135406083394
main,outer_001_feature_013,alk_mutation_status,alk_mutation_status:category=Positive,-0.0004123031650607094
main,outer_001_feature_013,alk_mutation_status,alk_mutation_status:category=__missing__,0.00946363170194387
main,outer_001_feature_014,alk_rearrangement_status,alk_rearrangement_status:category=Positive,0.0
main,outer_001_feature_014,alk_rearrangement_status,alk_rearrangement_status:category=Negative,0.006367078241592779
main,outer_001_feature_014,alk_rearrangement_status,alk_rearrangement_status:category=__missing__,-0.006379885110792963
main,outer_001_feature_015,alkaline_phosphatase_level,alkaline_phosphatase_level:value,-0.012472142297652944
main,outer_001_feature_015,alkaline_phosphatase_level,alkaline_phosphatase_level:missing,0.01268708363768499
main,outer_001_feature_016,alt_level,alt_level:value,-0.012864543011865969
main,outer_001_feature_016,alt_level,alt_level:missing,0.0071454011308357745
main,outer_001_feature_017,ambulation_status,ambulation_status:category=Independent,0.04860820850740315
main,outer_001_feature_017,ambulation_status,ambulation_status:category=Assisted,-0.037494933219444096
main,outer_001_feature_017,ambulation_status,ambulation_status:category=Non-ambulatory,-0.0015805579535709102
main,outer_001_feature_017,ambulation_status,ambulation_status:category=__missing__,-0.009545524203588389
main,outer_001_feature_018,anemia_type,anemia_type:category=microcytic,0.0018110916507627951
main,outer_001_feature_018,anemia_type,anemia_type:category=normocytic,-0.009547572947249557
main,outer_001_feature_018,anemia_type,anemia_type:category=macrocytic,0.0014238418275636813
main,outer_001_feature_018,anemia_type,anemia_type:category=__missing__,0.006299832599722866
main,outer_001_feature_019,anticoagulant_use,anticoagulant_use:category=Yes,0.00303878147691139
main,outer_001_feature_019,anticoagulant_use,anticoagulant_use:category=No,0.014271701319114453
main,outer_001_feature_019,anticoagulant_use,anticoagulant_use:category=__missing__,-0.017323289665226022
main,outer_001_feature_020,antidiabetic_use,antidiabetic_use:category=Yes,0.0012679896040992886
main,outer_001_feature_020,antidiabetic_use,antidiabetic_use:category=No,0.0011463094787834349
main,outer_001_feature_020,antidiabetic_use,antidiabetic_use:category=__missing__,-0.0024271059520829317
main,outer_001_feature_021,antihypertensive_use,antihypertensive_use:category=Yes,-0.007921176262328813
main,outer_001_feature_021,antihypertensive_use,antihypertensive_use:category=No,0.001033626483604587
main,outer_001_feature_021,antihypertensive_use,antihypertensive_use:category=__missing__,0.006874742909523999
main,outer_001_feature_022,anxiety_present,anxiety_present:category=Present,-0.017276442823083153
main,outer_001_feature_022,anxiety_present,anxiety_present:category=Absent,0.01624704568941767
main,outer_001_feature_022,anxiety_present,anxiety_present:category=__missing__,0.0010165902644652476
main,outer_001_feature_023,appendectomy_history,appendectomy_history:category=Yes,0.0018069494260252552
main,outer_001_feature_023,appendectomy_history,appendectomy_history:category=No,-0.0030634721690267377
main,outer_001_feature_023,appendectomy_history,appendectomy_history:category=__missing__,0.0012437158738012705
main,outer_001_feature_024,appetite_status,appetite_status:category=Normal,0.021846624453723932
main,outer_001_feature_024,appetite_status,appetite_status:category=Decreased,-0.019604302487359268
main,outer_001_feature_024,appetite_status,appetite_status:category=__missing__,-0.002255128835564914
main,outer_001_feature_025,asbestos_exposure_history,asbestos_exposure_history:category=Yes,-0.004174023766040092
main,outer_001_feature_025,asbestos_exposure_history,asbestos_exposure_history:category=No,0.0
main,outer_001_feature_025,asbestos_exposure_history,asbestos_exposure_history:category=__missing__,0.004161216896839866
main,outer_001_feature_026,ast_level,ast_level:value,-0.005765120298183634
main,outer_001_feature_026,ast_level,ast_level:missing,0.0017608867870858168
main,outer_001_feature_027,atorvastatin_dose,atorvastatin_dose:value,-0.01722406804746407
main,outer_001_feature_027,atorvastatin_dose,atorvastatin_dose:missing,0.003133654859132132
main,outer_001_feature_028,atrial_fibrillation_presence,atrial_fibrillation_presence:category=Present,0.00019502909458443088
main,outer_001_feature_028,atrial_fibrillation_presence,atrial_fibrillation_presence:category=Absent,-0.001224426228249897
main,outer_001_feature_028,atrial_fibrillation_presence,atrial_fibrillation_presence:category=__missing__,0.0010165902644652476
main,outer_001_feature_029,audiogram_status,audiogram_status:category=Normal,0.0
main,outer_001_feature_029,audiogram_status,audiogram_status:category=Abnormal,0.0
main,outer_001_feature_029,audiogram_status,audiogram_status:category=__missing__,-1.280686920023083e-05
main,outer_001_feature_030,axial_structure_abnormality,axial_structure_abnormality:category=Present,-0.027454848327162638
main,outer_001_feature_030,axial_structure_abnormality,axial_structure_abnormality:category=Absent,0.03059397349418309
main,outer_001_feature_030,axial_structure_abnormality,axial_structure_abnormality:category=__missing__,-0.0031519320362205917
main,outer_001_feature_031,azithromycin_use,azithromycin_use:category=Yes,-0.006953745242875704
main,outer_001_feature_031,azithromycin_use,azithromycin_use:category=No,0.009007578091228081
main,outer_001_feature_031,azithromycin_use,azithromycin_use:category=__missing__,-0.002066639717552631
main,outer_001_feature_032,biomarker_egfr_status,biomarker_egfr_status:category=Wild type,0.017125183503334956
main,outer_001_feature_032,biomarker_egfr_status,biomarker_egfr_status:category=Mutant,-6.123533789482451e-05
main,outer_001_feature_032,biomarker_egfr_status,biomarker_egfr_status:category=__missing__,-0.017076755034640338
main,outer_001_feature_033,biomarker_fgfr_status,biomarker_fgfr_status:value,0.007049611495592948
main,outer_001_feature_033,biomarker_fgfr_status,biomarker_fgfr_status:missing,-0.010954369577564588
main,outer_001_feature_034,biopsy_method,biopsy_method:category=Bronchoscopic,0.015089380337974554
main,outer_001_feature_034,biopsy_method,biopsy_method:category=Needle biopsy,-0.014451553198698988
main,outer_001_feature_034,biopsy_method,biopsy_method:category=__missing__,-0.0006506340084757781
main,outer_001_feature_035,bisphosphonate_therapy_status,bisphosphonate_therapy_status:category=Yes,-0.004163096866083818
main,outer_001_feature_035,bisphosphonate_therapy_status,bisphosphonate_therapy_status:category=No,0.008188710992845408
main,outer_001_feature_035,bisphosphonate_therapy_status,bisphosphonate_therapy_status:category=__missing__,-0.004038420995961869
main,outer_001_feature_036,blood_pressure,blood_pressure:value,-0.08345179042230795
main,outer_001_feature_036,blood_pressure,blood_pressure:missing,-0.005449607971107278
main,outer_001_feature_037,blood_urea_nitrogen,blood_urea_nitrogen:value,0.01736031766406667
main,outer_001_feature_037,blood_urea_nitrogen,blood_urea_nitrogen:missing,0.0023685875948976456
main,outer_001_feature_038,bmi,bmi:value,0.0072849191074321725
main,outer_001_feature_038,bmi,bmi:missing,0.019049773976370397
main,outer_001_feature_039,body_temperature,body_temperature:value,-0.0027045761851990408
main,outer_001_feature_039,body_temperature,body_temperature:missing,-0.008339923571520092
main,outer_001_feature_040,body_weight,body_weight:value,0.011406933574117034
main,outer_001_feature_040,body_weight,body_weight:missing,-0.020498432027686503
main,outer_001_feature_041,bolus_dose_confirmed,bolus_dose_confirmed:category=Confirmed,0.0
main,outer_001_feature_041,bolus_dose_confirmed,bolus_dose_confirmed:category=Not Confirmed,-0.00584397813543197
main,outer_001_feature_041,bolus_dose_confirmed,bolus_dose_confirmed:category=__missing__,0.0058311712662317055
main,outer_001_feature_042,bone_lesion_characteristics,bone_lesion_characteristics:category=Lytic,-0.013118578912540202
main,outer_001_feature_042,bone_lesion_characteristics,bone_lesion_characteristics:category=Blastic,0.00338102577027538
main,outer_001_feature_042,bone_lesion_characteristics,bone_lesion_characteristics:category=Mixed,-0.0033829709675166748
main,outer_001_feature_042,bone_lesion_characteristics,bone_lesion_characteristics:category=__missing__,0.013107717240581287
main,outer_001_feature_043,bone_metastasis_presence,bone_metastasis_presence:category=present,-0.012144883665061779
main,outer_001_feature_043,bone_metastasis_presence,bone_metastasis_presence:category=absent,0.016413755590137236
main,outer_001_feature_043,bone_metastasis_presence,bone_metastasis_presence:category=__missing__,-0.0042816787942757
main,outer_001_feature_044,bone_pain_location,bone_pain_location:category=Thoracic spine,0.0014110697558468476
main,outer_001_feature_044,bone_pain_location,bone_pain_location:category=Lumbar spine,-0.010520347710282988
main,outer_001_feature_044,bone_pain_location,bone_pain_location:category=Femur,0.00019543773740453294
main,outer_001_feature_044,bone_pain_location,bone_pain_location:category=Pelvis,-0.01541982632200065
main,outer_001_feature_044,bone_pain_location,bone_pain_location:category=Cervical spine,0.0
main,outer_001_feature_044,bone_pain_location,bone_pain_location:category=Other,0.019192469553132974
main,outer_001_feature_044,bone_pain_location,bone_pain_location:category=__missing__,0.005128390116699035
main,outer_001_feature_045,bone_pain_status,bone_pain_status:category=Present,0.007886581849841598
main,outer_001_feature_045,bone_pain_status,bone_pain_status:category=Absent,-0.0074348803728589725
main,outer_001_feature_045,bone_pain_status,bone_pain_status:category=__missing__,-0.0004645083461828404
main,outer_001_feature_046,booster_vaccination_indication,booster_vaccination_indication:category=Indicated,-0.002130854989027727
main,outer_001_feature_046,booster_vaccination_indication,booster_vaccination_indication:category=Not indicated,0.0
main,outer_001_feature_046,booster_vaccination_indication,booster_vaccination_indication:category=__missing__,0.0021180481198275385
main,outer_001_feature_047,braf_mutation_status,braf_mutation_status:category=Wild-type,-0.0013536098113572314
main,outer_001_feature_047,braf_mutation_status,braf_mutation_status:category=Mutated,0.0019906555977709794
main,outer_001_feature_047,braf_mutation_status,braf_mutation_status:category=__missing__,-0.0006498526556140053
main,outer_001_feature_048,brain_edema_status,brain_edema_status:category=Present,-0.0025601824333671107
main,outer_001_feature_048,brain_edema_status,brain_edema_status:category=Absent,0.01676706622320469
main,outer_001_feature_048,brain_edema_status,brain_edema_status:category=__missing__,-0.014219690659037757
main,outer_001_feature_049,brain_lesion_count,brain_lesion_count:value,0.012866873657368622
main,outer_001_feature_049,brain_lesion_count,brain_lesion_count:missing,0.014775674861345204
main,outer_001_feature_050,brain_lesion_size,brain_lesion_size:value,-0.04071522278827868
main,outer_001_feature_050,brain_lesion_size,brain_lesion_size:missing,-0.01077572739826379
main,outer_001_feature_051,brain_metastases_location,brain_metastases_location:category=Frontal,0.00904559164534898
main,outer_001_feature_051,brain_metastases_location,brain_metastases_location:category=Parietal,0.004104229799369765
main,outer_001_feature_051,brain_metastases_location,brain_metastases_location:category=Temporal,0.0008682978358341199
main,outer_001_feature_051,brain_metastases_location,brain_metastases_location:category=Occipital,-0.0006319078109188088
main,outer_001_feature_051,brain_metastases_location,brain_metastases_location:category=__missing__,-0.013399018338834272
main,outer_001_feature_052,brain_metastases_presence,brain_metastases_presence:category=present,0.01125848003643974
main,outer_001_feature_052,brain_metastases_presence,brain_metastases_presence:category=absent,-0.023931497090462026
main,outer_001_feature_052,brain_metastases_presence,brain_metastases_presence:category=__missing__,0.012660210184822062
main,outer_001_feature_053,brain_structure_enhancement,brain_structure_enhancement:category=Present,0.003187578987077592
main,outer_001_feature_053,brain_structure_enhancement,brain_structure_enhancement:category=Absent,-0.019134168805121907
main,outer_001_feature_053,brain_structure_enhancement,brain_structure_enhancement:category=__missing__,0.01593378294884403
main,outer_001_feature_054,brainstem_signal,brainstem_signal:category=Normal,-0.009050431135922308
main,outer_001_feature_054,brainstem_signal,brainstem_signal:category=Abnormal,0.0009159335146744028
main,outer_001_feature_054,brainstem_signal,brainstem_signal:category=__missing__,0.00812169075204766
main,outer_001_feature_055,brainstem_size,brainstem_size:category=Normal,-0.006993261998230336
main,outer_001_feature_055,brainstem_size,brainstem_size:category=Abnormal,0.00044495612372084253
main,outer_001_feature_055,brainstem_size,brainstem_size:category=__missing__,0.0065354990053092385
main,outer_001_feature_056,calorie_intake,calorie_intake:category=low,-0.006013603252443735
main,outer_001_feature_056,calorie_intake,calorie_intake:category=adequate,-0.002504802070216291
main,outer_001_feature_056,calorie_intake,calorie_intake:category=high,0.0014832112582476701
main,outer_001_feature_056,calorie_intake,calorie_intake:category=__missing__,0.007022387195212174
main,outer_001_feature_057,calvarium_lytic_sclerotic_lesions,calvarium_lytic_sclerotic_lesions:category=Present,-0.008291462654931307
main,outer_001_feature_057,calvarium_lytic_sclerotic_lesions,calvarium_lytic_sclerotic_lesions:category=Absent,0.0346547733143889
main,outer_001_feature_057,calvarium_lytic_sclerotic_lesions,calvarium_lytic_sclerotic_lesions:category=__missing__,-0.02637611752865781
main,outer_001_feature_058,cancer_diagnosis,cancer_diagnosis:category=Yes,0.003546688656307692
main,outer_001_feature_058,cancer_diagnosis,cancer_diagnosis:category=No,-0.001459136983311286
main,outer_001_feature_058,cancer_diagnosis,cancer_diagnosis:category=__missing__,-0.0021003585421966314
main,outer_001_feature_059,cancer_location,cancer_location:category=Lung,0.003546688656307692
main,outer_001_feature_059,cancer_location,cancer_location:category=Upper Abdomen,0.0
main,outer_001_feature_059,cancer_location,cancer_location:category=Iliac Crest,0.0
main,outer_001_feature_059,cancer_location,cancer_location:category=Liver Segment VII,0.0
main,outer_001_feature_059,cancer_location,cancer_location:category=__missing__,-0.0035594955255079173
main,outer_001_feature_060,cancer_related_fatigue_severity,cancer_related_fatigue_severity:category=0,-0.0020048560623625623
main,outer_001_feature_060,cancer_related_fatigue_severity,cancer_related_fatigue_severity:category=1,0.011375055471432161
main,outer_001_feature_060,cancer_related_fatigue_severity,cancer_related_fatigue_severity:category=2,-0.0219867012646755
main,outer_001_feature_060,cancer_related_fatigue_severity,cancer_related_fatigue_severity:category=3,-0.0001313801625648989
main,outer_001_feature_060,cancer_related_fatigue_severity,cancer_related_fatigue_severity:category=4,-0.002442409793345607
main,outer_001_feature_060,cancer_related_fatigue_severity,cancer_related_fatigue_severity:category=__missing__,0.015177484942316133
main,outer_001_feature_061,carboplatin_administered,carboplatin_administered:category=Yes,-0.024007408851835752
main,outer_001_feature_061,carboplatin_administered,carboplatin_administered:category=No,0.013170001482249125
main,outer_001_feature_061,carboplatin_administered,carboplatin_administered:category=__missing__,0.010824600500386411
main,outer_001_feature_062,cataracts,cataracts:category=Present,-0.0005085397282048015
main,outer_001_feature_062,cataracts,cataracts:category=Absent,0.0
main,outer_001_feature_062,cataracts,cataracts:category=__missing__,0.0004957328590045801
main,outer_001_feature_063,cavernous_sinus_enhancement,cavernous_sinus_enhancement:category=Present,0.0
main,outer_001_feature_063,cavernous_sinus_enhancement,cavernous_sinus_enhancement:category=Absent,0.001531186006309709
main,outer_001_feature_063,cavernous_sinus_enhancement,cavernous_sinus_enhancement:category=__missing__,-0.0015439928755099442
main,outer_001_feature_064,cdkn2a_mutation_status,cdkn2a_mutation_status:category=homozygous deletion,-0.024370147669070297
main,outer_001_feature_064,cdkn2a_mutation_status,cdkn2a_mutation_status:category=wild-type,0.013236415447197981
main,outer_001_feature_064,cdkn2a_mutation_status,cdkn2a_mutation_status:category=__missing__,0.011120925352672102
main,outer_001_feature_065,cea_level,cea_level:value,0.005819443265325725
main,outer_001_feature_065,cea_level,cea_level:missing,0.017137692593802597
main,outer_001_feature_066,cefepime_use,cefepime_use:category=Yes,-0.0006010159210011251
main,outer_001_feature_066,cefepime_use,cefepime_use:category=No,-0.008264610170176238
main,outer_001_feature_066,cefepime_use,cefepime_use:category=__missing__,0.0088528192219772
main,outer_001_feature_067,cerebellar_hemisphere_signal,cerebellar_hemisphere_signal:category=Normal,-0.0035322119146463412
main,outer_001_feature_067,cerebellar_hemisphere_signal,cerebellar_hemisphere_signal:category=Abnormal,-0.0053855156062031975
main,outer_001_feature_067,cerebellar_hemisphere_signal,cerebellar_hemisphere_signal:category=__missing__,0.008904920651649363
main,outer_001_feature_068,cerebellar_hemisphere_size,cerebellar_hemisphere_size:category=normal,-0.00046748969286174684
main,outer_001_feature_068,cerebellar_hemisphere_size,cerebellar_hemisphere_size:category=enlarged,-0.003469435764984149
main,outer_001_feature_068,cerebellar_hemisphere_size,cerebellar_hemisphere_size:category=atrophic,0.0
main,outer_001_feature_068,cerebellar_hemisphere_size,cerebellar_hemisphere_size:category=small,0.0006490868942448101
main,outer_001_feature_068,cerebellar_hemisphere_size,cerebellar_hemisphere_size:category=__missing__,0.0032750316944008978
main,outer_001_feature_069,cerebellar_white_matter_lesion_presence,cerebellar_white_matter_lesion_presence:category=Present,-0.0026031572416087725
main,outer_001_feature_069,cerebellar_white_matter_lesion_presence,cerebellar_white_matter_lesion_presence:category=Absent,0.0
main,outer_001_feature_069,cerebellar_white_matter_lesion_presence,cerebellar_white_matter_lesion_presence:category=__missing__,0.002590350372408548
main,outer_001_feature_070,cerebral_gray_matter_signal_intensity,cerebral_gray_matter_signal_intensity:category=normal,0.003814478313987738
main,outer_001_feature_070,cerebral_gray_matter_signal_intensity,cerebral_gray_matter_signal_intensity:category=increased,-0.0010680021446782264
main,outer_001_feature_070,cerebral_gray_matter_signal_intensity,cerebral_gray_matter_signal_intensity:category=decreased,0.0
main,outer_001_feature_070,cerebral_gray_matter_signal_intensity,cerebral_gray_matter_signal_intensity:category=__missing__,-0.002759283038509733
main,outer_001_feature_071,cerebral_white_matter_signal_intensity,cerebral_white_matter_signal_intensity:category=Normal,-0.009565165818391954
main,outer_001_feature_071,cerebral_white_matter_signal_intensity,cerebral_white_matter_signal_intensity:category=Abnormal,-0.0040219453407565305
main,outer_001_feature_071,cerebral_white_matter_signal_intensity,cerebral_white_matter_signal_intensity:category=__missing__,0.013574304289948247
main,outer_001_feature_072,chemotherapy_cycle_count,chemotherapy_cycle_count:value,-0.03278301846846279
main,outer_001_feature_072,chemotherapy_cycle_count,chemotherapy_cycle_count:missing,-0.004855019100335567
main,outer_001_feature_073,chemotherapy_regimen,chemotherapy_regimen:category=Pemetrexed,0.002730399281269612
main,outer_001_feature_073,chemotherapy_regimen,chemotherapy_regimen:category=Cisplatin + Pemetrexed,-0.02184042870891935
main,outer_001_feature_073,chemotherapy_regimen,chemotherapy_regimen:category=Taxane-based,0.013096928877985548
main,outer_001_feature_073,chemotherapy_regimen,chemotherapy_regimen:category=__missing__,0.006000293680463958
main,outer_001_feature_074,cholecystectomy_history,cholecystectomy_history:category=Yes,-0.02031213927488883
main,outer_001_feature_074,cholecystectomy_history,cholecystectomy_history:category=No,0.0
main,outer_001_feature_074,cholecystectomy_history,cholecystectomy_history:category=__missing__,0.020299332405688604
main,outer_001_feature_075,chronic_kidney_disease_stage,chronic_kidney_disease_stage:category=Stage 1,-0.0011857525848899956
main,outer_001_feature_075,chronic_kidney_disease_stage,chronic_kidney_disease_stage:category=Stage 2,0.00314269697826725
main,outer_001_feature_075,chronic_kidney_disease_stage,chronic_kidney_disease_stage:category=Stage 3,-0.00999840785764604
main,outer_001_feature_075,chronic_kidney_disease_stage,chronic_kidney_disease_stage:category=Stage 4,0.0008546572846521409
main,outer_001_feature_075,chronic_kidney_disease_stage,chronic_kidney_disease_stage:category=Stage 5,0.002445364679455919
main,outer_001_feature_075,chronic_kidney_disease_stage,chronic_kidney_disease_stage:category=__missing__,0.004728634630960498
main,outer_001_feature_076,ck5_6_expression,ck5_6_expression:category=Positive,0.0037522297183240514
main,outer_001_feature_076,ck5_6_expression,ck5_6_expression:category=Negative,-0.0018222883274031168
main,outer_001_feature_076,ck5_6_expression,ck5_6_expression:category=__missing__,-0.0019427482601211581
main,outer_001_feature_077,ck7_expression,ck7_expression:category=Positive,0.0006233604422502669
main,outer_001_feature_077,ck7_expression,ck7_expression:category=Negative,0.009889376712375808
main,outer_001_feature_077,ck7_expression,ck7_expression:category=__missing__,-0.010525544023826296
main,outer_001_feature_078,clinical_decline,clinical_decline:category=Yes,-0.004988844740126684
main,outer_001_feature_078,clinical_decline,clinical_decline:category=No,0.002021832023657858
main,outer_001_feature_078,clinical_decline,clinical_decline:category=__missing__,0.002954205847268575
main,outer_001_feature_079,clinical_phenotype,clinical_phenotype:category=mild,-0.00266361193256756
main,outer_001_feature_079,clinical_phenotype,clinical_phenotype:category=intermediate,0.002792311033150939
main,outer_001_feature_079,clinical_phenotype,clinical_phenotype:category=severe,0.009243265662052818
main,outer_001_feature_079,clinical_phenotype,clinical_phenotype:category=__missing__,-0.009384771631836425
main,outer_001_feature_080,clinical_severity_score,clinical_severity_score:category=0,0.0
main,outer_001_feature_080,clinical_severity_score,clinical_severity_score:category=1,-0.004087501221516297
main,outer_001_feature_080,clinical_severity_score,clinical_severity_score:category=2,0.0015986113750360905
main,outer_001_feature_080,clinical_severity_score,clinical_severity_score:category=3,-0.00898396536045701
main,outer_001_feature_080,clinical_severity_score,clinical_severity_score:category=4,-0.0004917016438382532
main,outer_001_feature_080,clinical_severity_score,clinical_severity_score:category=__missing__,0.01195174998157524
main,outer_001_feature_081,community_acquired_pneumonia_presence,community_acquired_pneumonia_presence:category=Present,-0.012771637959768389
main,outer_001_feature_081,community_acquired_pneumonia_presence,community_acquired_pneumonia_presence:category=Absent,0.006308671012848412
main,outer_001_feature_081,community_acquired_pneumonia_presence,community_acquired_pneumonia_presence:category=__missing__,0.006450160077719753
main,outer_001_feature_082,comorbidities,comorbidities:value,-0.015727831978936156
main,outer_001_feature_082,comorbidities,comorbidities:missing,0.002487723201539536
main,outer_001_feature_083,complete_blood_count_result,complete_blood_count_result:category=Normal,0.0013402036542239956
main,outer_001_feature_083,complete_blood_count_result,complete_blood_count_result:category=Abnormal,-0.0076174713539444985
main,outer_001_feature_083,complete_blood_count_result,complete_blood_count_result:category=__missing__,0.00626446083052028
main,outer_001_feature_084,comprehensive_metabolic_panel_result,comprehensive_metabolic_panel_result:category=Normal,0.0010142178828126398
main,outer_001_feature_084,comprehensive_metabolic_panel_result,comprehensive_metabolic_panel_result:category=Abnormal,-0.007449543172854488
main,outer_001_feature_084,comprehensive_metabolic_panel_result,comprehensive_metabolic_panel_result:category=__missing__,0.006422518420841624
main,outer_001_feature_085,confusion_present,confusion_present:category=present,-0.0009236377342684706
main,outer_001_feature_085,confusion_present,confusion_present:category=absent,0.0009108308650682491
main,outer_001_feature_085,confusion_present,confusion_present:category=__missing__,0.0
main,outer_001_feature_086,contrast_agent_concentration,contrast_agent_concentration:value,0.0018269307570147218
main,outer_001_feature_086,contrast_agent_concentration,contrast_agent_concentration:missing,0.01534525627920058
main,outer_001_feature_087,copd_presence,copd_presence:category=Present,-0.032767702413619613
main,outer_001_feature_087,copd_presence,copd_presence:category=Absent,0.0001491312456944054
main,outer_001_feature_087,copd_presence,copd_presence:category=__missing__,0.03260576429872496
main,outer_001_feature_088,copd_severity,copd_severity:category=Mild,-0.013169842152062147
main,outer_001_feature_088,copd_severity,copd_severity:category=Moderate,-0.023137085922729367
main,outer_001_feature_088,copd_severity,copd_severity:category=Severe,0.0
main,outer_001_feature_088,copd_severity,copd_severity:category=Very Severe,0.0
main,outer_001_feature_088,copd_severity,copd_severity:category=__missing__,0.03629412120559125
main,outer_001_feature_089,coronary_artery_disease,coronary_artery_disease:category=Present,-0.0005828178964011311
main,outer_001_feature_089,coronary_artery_disease,coronary_artery_disease:category=Absent,-0.001052252457849297
main,outer_001_feature_089,coronary_artery_disease,coronary_artery_disease:category=__missing__,0.0016222634850501995
main,outer_001_feature_090,cough_presence,cough_presence:category=present,0.0006158812849914565
main,outer_001_feature_090,cough_presence,cough_presence:category=absent,-0.0019914508971469345
main,outer_001_feature_090,cough_presence,cough_presence:category=__missing__,0.0013627627429552347
main,outer_001_feature_091,cough_productivity,cough_productivity:category=productive,0.015551455800591784
main,outer_001_feature_091,cough_productivity,cough_productivity:category=non-productive,-0.009335209706876756
main,outer_001_feature_091,cough_productivity,cough_productivity:category=__missing__,-0.006229052962915231
main,outer_001_feature_092,cough_severity,cough_severity:category=1,-0.005326038060249042
main,outer_001_feature_092,cough_severity,cough_severity:category=2,0.012309334131953557
main,outer_001_feature_092,cough_severity,cough_severity:category=3,-0.004476120856832672
main,outer_001_feature_092,cough_severity,cough_severity:category=4,-0.00035049180202272626
main,outer_001_feature_092,cough_severity,cough_severity:category=__missing__,-0.0021694902820493414
main,outer_001_feature_093,covid19_infection_status,covid19_infection_status:category=Positive,0.0
main,outer_001_feature_093,covid19_infection_status,covid19_infection_status:category=Negative,-0.0022134652919863665
main,outer_001_feature_093,covid19_infection_status,covid19_infection_status:category=__missing__,0.0022006584227861415
main,outer_001_feature_094,cranial_nerve_ii_vi_status,cranial_nerve_ii_vi_status:category=unremarkable,-0.0004440056941795349
main,outer_001_feature_094,cranial_nerve_ii_vi_status,cranial_nerve_ii_vi_status:category=abnormal,0.0
main,outer_001_feature_094,cranial_nerve_ii_vi_status,cranial_nerve_ii_vi_status:category=__missing__,0.0004311988249793194
main,outer_001_feature_095,creatinine_clearance,creatinine_clearance:value,0.0001841089253509644
main,outer_001_feature_095,creatinine_clearance,creatinine_clearance:missing,0.003095085513629682
main,outer_001_feature_096,creatinine_level,creatinine_level:value,0.02874619868942634
main,outer_001_feature_096,creatinine_level,creatinine_level:missing,-0.00047986984174915184
main,outer_001_feature_097,crp_level,crp_level:value,-0.028516033463422297
main,outer_001_feature_097,crp_level,crp_level:missing,-0.004088607996220506
main,outer_001_feature_098,current_medications,current_medications:category=Yes,-0.00110935110618643
main,outer_001_feature_098,current_medications,current_medications:category=No,0.0015764140787353244
main,outer_001_feature_098,current_medications,current_medications:category=__missing__,-0.00047986984174915184
main,outer_001_feature_099,deconditioning,deconditioning:category=mild,-0.0070431499811240885
main,outer_001_feature_099,deconditioning,deconditioning:category=moderate,-0.0007850472362962074
main,outer_001_feature_099,deconditioning,deconditioning:category=severe,-0.011994736637486174
main,outer_001_feature_099,deconditioning,deconditioning:category=__missing__,0.019810126985706274
main,outer_001_feature_100,diastolic_blood_pressure,diastolic_blood_pressure:value,0.028615439836071493
main,outer_001_feature_100,diastolic_blood_pressure,diastolic_blood_pressure:missing,-0.001678189939027977
main,outer_001_feature_101,disease_recurrence,disease_recurrence:category=Present,0.0038958022017834587
main,outer_001_feature_101,disease_recurrence,disease_recurrence:category=Absent,0.0009429691154694154
main,outer_001_feature_101,disease_recurrence,disease_recurrence:category=__missing__,-0.004851578186453096
main,outer_001_feature_102,disease_status,disease_status:category=No Evidence of Disease,-0.0020847270819175194
main,outer_001_feature_102,disease_status,disease_status:category=Active Disease,0.004109791394153479
main,outer_001_feature_102,disease_status,disease_status:category=__missing__,-0.0020378711814362208
main,outer_001_feature_103,dizziness_present,dizziness_present:category=Present,0.0004798906693707687
main,outer_001_feature_103,dizziness_present,dizziness_present:category=Absent,0.012259863413632622
main,outer_001_feature_103,dizziness_present,dizziness_present:category=__missing__,-0.012752560952203668
main,outer_001_feature_104,dural_sinus_patency,dural_sinus_patency:category=Patent,0.0008897196619585204
main,outer_001_feature_104,dural_sinus_patency,dural_sinus_patency:category=Non-patent,0.0
main,outer_001_feature_104,dural_sinus_patency,dural_sinus_patency:category=__missing__,-0.0009025265311587225
main,outer_001_feature_105,dysplasia_status,dysplasia_status:category=Present,0.0016293177660307112
main,outer_001_feature_105,dysplasia_status,dysplasia_status:category=Absent,-0.003040373143877552
main,outer_001_feature_105,dysplasia_status,dysplasia_status:category=__missing__,0.0013982485086465662
main,outer_001_feature_106,dyspnea,dyspnea:category=None,0.0057540937385135256
main,outer_001_feature_106,dyspnea,dyspnea:category=Mild,-0.009220154560081021
main,outer_001_feature_106,dyspnea,dyspnea:category=Moderate,0.01048798929948047
main,outer_001_feature_106,dyspnea,dyspnea:category=Severe,-0.009879045078558612
main,outer_001_feature_106,dyspnea,dyspnea:category=Life-threatening,0.0
main,outer_001_feature_106,dyspnea,dyspnea:category=__missing__,0.002844309731445387
main,outer_001_feature_107,dyspnea_on_exertion,dyspnea_on_exertion:category=Present,-0.004789714267829648
main,outer_001_feature_107,dyspnea_on_exertion,dyspnea_on_exertion:category=Absent,0.0008023801955760572
main,outer_001_feature_107,dyspnea_on_exertion,dyspnea_on_exertion:category=__missing__,0.003974527203053385
main,outer_001_feature_108,dyspnea_severity,dyspnea_severity:category=0,0.0017545694203263717
main,outer_001_feature_108,dyspnea_severity,dyspnea_severity:category=1,-0.00581955582717063
main,outer_001_feature_108,dyspnea_severity,dyspnea_severity:category=2,0.023325328665676114
main,outer_001_feature_108,dyspnea_severity,dyspnea_severity:category=3,-0.008897534919015366
main,outer_001_feature_108,dyspnea_severity,dyspnea_severity:category=4,0.0
main,outer_001_feature_108,dyspnea_severity,dyspnea_severity:category=__missing__,-0.010375614209016707
main,outer_001_feature_109,ecog_performance_status,ecog_performance_status:category=0,0.042982521431627216
main,outer_001_feature_109,ecog_performance_status,ecog_performance_status:category=1,0.03477360184478247
main,outer_001_feature_109,ecog_performance_status,ecog_performance_status:category=2,-0.03680131685036989
main,outer_001_feature_109,ecog_performance_status,ecog_performance_status:category=3,-0.04021959907818817
main,outer_001_feature_109,ecog_performance_status,ecog_performance_status:category=4,-0.0003636182887458167
main,outer_001_feature_109,ecog_performance_status,ecog_performance_status:category=5,0.0
main,outer_001_feature_109,ecog_performance_status,ecog_performance_status:category=__missing__,-0.00038439592830600563
main,outer_001_feature_110,edema_presence,edema_presence:category=present,-0.00928408681585857
main,outer_001_feature_110,edema_presence,edema_presence:category=absent,0.012644421319289398
main,outer_001_feature_110,edema_presence,edema_presence:category=__missing__,-0.0033731413726310363
main,outer_001_feature_111,egfr_mutation_status,egfr_mutation_status:category=Wild-type,0.015661018403213427
main,outer_001_feature_111,egfr_mutation_status,egfr_mutation_status:category=Mutant,0.0014522647773193918
main,outer_001_feature_111,egfr_mutation_status,egfr_mutation_status:category=__missing__,-0.017126090049733058
main,outer_001_feature_112,embolism_presence,embolism_presence:category=Present,0.0011829639152824284
main,outer_001_feature_112,embolism_presence,embolism_presence:category=Absent,0.0009773201766259893
main,outer_001_feature_112,embolism_presence,embolism_presence:category=__missing__,-0.002173090961108684
main,outer_001_feature_113,emphysema,emphysema:category=Present,-0.0037228443522826092
main,outer_001_feature_113,emphysema,emphysema:category=Absent,0.005384882438436355
main,outer_001_feature_113,emphysema,emphysema:category=__missing__,-0.0016748449553539231
main,outer_001_feature_114,employment_status,employment_status:category=Employed,0.04682061793598938
main,outer_001_feature_114,employment_status,employment_status:category=Retired,-0.04448149544990204
main,outer_001_feature_114,employment_status,employment_status:category=Unemployed,-0.00011375087592352555
main,outer_001_feature_114,employment_status,employment_status:category=Student,0.0
main,outer_001_feature_114,employment_status,employment_status:category=Disabled,-0.00030723186868911455
main,outer_001_feature_114,employment_status,employment_status:category=__missing__,-0.0019309466106748319
main,outer_001_feature_115,enzyme_elevation,enzyme_elevation:category=Present,-0.0005931580183786054
main,outer_001_feature_115,enzyme_elevation,enzyme_elevation:category=Absent,-0.0011128643031273976
main,outer_001_feature_115,enzyme_elevation,enzyme_elevation:category=__missing__,0.0016932154523057832
main,outer_001_feature_116,eortc_qlq_c30_cognitive_function,eortc_qlq_c30_cognitive_function:value,0.02047804947624473
main,outer_001_feature_116,eortc_qlq_c30_cognitive_function,eortc_qlq_c30_cognitive_function:missing,-0.0023764586938851656
main,outer_001_feature_117,eortc_qlq_c30_emotional_function,eortc_qlq_c30_emotional_function:value,0.0282793387160087
main,outer_001_feature_117,eortc_qlq_c30_emotional_function,eortc_qlq_c30_emotional_function:missing,-0.002596413793478793
main,outer_001_feature_118,eortc_qlq_c30_global_health,eortc_qlq_c30_global_health:value,0.03422333810176699
main,outer_001_feature_118,eortc_qlq_c30_global_health,eortc_qlq_c30_global_health:missing,0.0010496610562886637
main,outer_001_feature_119,eortc_qlq_c30_nausea,eortc_qlq_c30_nausea:value,-0.007304064506205217
main,outer_001_feature_119,eortc_qlq_c30_nausea,eortc_qlq_c30_nausea:missing,-0.0031611811802019782
main,outer_001_feature_120,eortc_qlq_c30_physical_function,eortc_qlq_c30_physical_function:value,0.04687982853380936
main,outer_001_feature_120,eortc_qlq_c30_physical_function,eortc_qlq_c30_physical_function:missing,-0.004746759207895132
main,outer_001_feature_121,eortc_qlq_c30_social_function,eortc_qlq_c30_social_function:value,0.040156222526429856
main,outer_001_feature_121,eortc_qlq_c30_social_function,eortc_qlq_c30_social_function:missing,-0.0010879139307637424
main,outer_001_feature_122,epidural_hemorrhage,epidural_hemorrhage:category=present,-0.0004690081008786493
main,outer_001_feature_122,epidural_hemorrhage,epidural_hemorrhage:category=absent,-0.01183484929066885
main,outer_001_feature_122,epidural_hemorrhage,epidural_hemorrhage:category=__missing__,0.0122910505223473
main,outer_001_feature_123,erythema_presence,erythema_presence:category=Present,0.0077677452858559435
main,outer_001_feature_123,erythema_presence,erythema_presence:category=Absent,-0.007365343504664822
main,outer_001_feature_123,erythema_presence,erythema_presence:category=__missing__,-0.00041520865039135533
main,outer_001_feature_124,esophagitis,esophagitis:category=Present,-0.006284749804554707
main,outer_001_feature_124,esophagitis,esophagitis:category=Absent,-0.001715637006611285
main,outer_001_feature_124,esophagitis,esophagitis:category=__missing__,0.00798757994196576
main,outer_001_feature_125,estimated_glomerular_filtration_rate,estimated_glomerular_filtration_rate:value,0.0011929557405394443
main,outer_001_feature_125,estimated_glomerular_filtration_rate,estimated_glomerular_filtration_rate:missing,-0.003699605920587596
main,outer_001_feature_126,exercise_duration,exercise_duration:value,-0.005928312157944793
main,outer_001_feature_126,exercise_duration,exercise_duration:missing,0.006545030671364154
main,outer_001_feature_127,extra_axial_fluid_collection,extra_axial_fluid_collection:category=Present,-0.0012970163854242771
main,outer_001_feature_127,extra_axial_fluid_collection,extra_axial_fluid_collection:category=Absent,0.013783211711912161
main,outer_001_feature_127,extra_axial_fluid_collection,extra_axial_fluid_collection:category=__missing__,-0.012499002195688072
main,outer_001_feature_128,extra_ocular_muscle_appearance,extra_ocular_muscle_appearance:category=Normal,0.009387220949578962
main,outer_001_feature_128,extra_ocular_muscle_appearance,extra_ocular_muscle_appearance:category=Abnormal,0.0
main,outer_001_feature_128,extra_ocular_muscle_appearance,extra_ocular_muscle_appearance:category=__missing__,-0.009400027818779178
main,outer_001_feature_129,extremity_exam_findings,extremity_exam_findings:category=Normal,0.004788562518702024
main,outer_001_feature_129,extremity_exam_findings,extremity_exam_findings:category=Abnormal,0.0036392476935680363
main,outer_001_feature_129,extremity_exam_findings,extremity_exam_findings:category=__missing__,-0.008440617081470298
main,outer_001_feature_130,family_history_of_breast_cancer,family_history_of_breast_cancer:category=Yes,-0.005835711244693571
main,outer_001_feature_130,family_history_of_breast_cancer,family_history_of_breast_cancer:category=No,0.00838840473246969
main,outer_001_feature_130,family_history_of_breast_cancer,family_history_of_breast_cancer:category=__missing__,-0.002565500356976349
main,outer_001_feature_131,family_history_of_colon_cancer,family_history_of_colon_cancer:category=Yes,0.006714328162871375
main,outer_001_feature_131,family_history_of_colon_cancer,family_history_of_colon_cancer:category=No,0.0005242724561548138
main,outer_001_feature_131,family_history_of_colon_cancer,family_history_of_colon_cancer:category=__missing__,-0.007251407488226419
main,outer_001_feature_132,family_history_of_lung_cancer,family_history_of_lung_cancer:category=Yes,-0.0010175191901179972
main,outer_001_feature_132,family_history_of_lung_cancer,family_history_of_lung_cancer:category=No,0.010403685117444602
main,outer_001_feature_132,family_history_of_lung_cancer,family_history_of_lung_cancer:category=__missing__,-0.009398972796526845
main,outer_001_feature_133,family_history_of_myocardial_infarction,family_history_of_myocardial_infarction:category=Yes,0.006992081710295765
main,outer_001_feature_133,family_history_of_myocardial_infarction,family_history_of_myocardial_infarction:category=No,0.0
main,outer_001_feature_133,family_history_of_myocardial_infarction,family_history_of_myocardial_infarction:category=__missing__,-0.007004888579496031
main,outer_001_feature_134,fatigue,fatigue:category=0,0.0
main,outer_001_feature_134,fatigue,fatigue:category=1,0.0019825418756593263
main,outer_001_feature_134,fatigue,fatigue:category=2,0.0011993671265631395
main,outer_001_feature_134,fatigue,fatigue:category=3,-0.001839808524104678
main,outer_001_feature_134,fatigue,fatigue:category=4,-0.0030908055554791326
main,outer_001_feature_134,fatigue,fatigue:category=__missing__,0.0017358982081611192
main,outer_001_feature_135,febrile_neutropenia_presence,febrile_neutropenia_presence:category=Present,0.0004148717497994138
main,outer_001_feature_135,febrile_neutropenia_presence,febrile_neutropenia_presence:category=Absent,-0.004623195982012309
main,outer_001_feature_135,febrile_neutropenia_presence,febrile_neutropenia_presence:category=__missing__,0.004195517363012666
main,outer_001_feature_136,fgfr1_amplification_status,fgfr1_amplification_status:category=Amplified,0.0038231524846887117
main,outer_001_feature_136,fgfr1_amplification_status,fgfr1_amplification_status:category=Not Amplified,-0.009856216326203449
main,outer_001_feature_136,fgfr1_amplification_status,fgfr1_amplification_status:category=__missing__,0.00602025697231451
main,outer_001_feature_137,focal_intra_axial_lesion,focal_intra_axial_lesion:category=Present,0.007387096677192224
main,outer_001_feature_137,focal_intra_axial_lesion,focal_intra_axial_lesion:category=Absent,-0.0238721556340299
main,outer_001_feature_137,focal_intra_axial_lesion,focal_intra_axial_lesion:category=__missing__,0.01647225208763753
main,outer_001_feature_138,gadolinium_contrast_use,gadolinium_contrast_use:category=Yes,0.003270113850970685
main,outer_001_feature_138,gadolinium_contrast_use,gadolinium_contrast_use:category=No,-0.006875887492717418
main,outer_001_feature_138,gadolinium_contrast_use,gadolinium_contrast_use:category=__missing__,0.003592966772546502
main,outer_001_feature_139,gemcitabine_tolerance,gemcitabine_tolerance:category=Tolerated,-0.010258370066670946
main,outer_001_feature_139,gemcitabine_tolerance,gemcitabine_tolerance:category=Not Tolerated,-0.0005902838857961318
main,outer_001_feature_139,gemcitabine_tolerance,gemcitabine_tolerance:category=__missing__,0.010835847083266837
main,outer_001_feature_140,gender_identity,gender_identity:category=Male,0.01969977473771964
main,outer_001_feature_140,gender_identity,gender_identity:category=Female,-0.023861354301391986
main,outer_001_feature_140,gender_identity,gender_identity:category=Other,0.0016666230364194574
main,outer_001_feature_140,gender_identity,gender_identity:category=__missing__,0.0024821496580526453
main,outer_001_feature_141,gene_amplification_status,gene_amplification_status:category=Amplified,-0.0139403134531305
main,outer_001_feature_141,gene_amplification_status,gene_amplification_status:category=Non-amplified,0.013363839503582399
main,outer_001_feature_141,gene_amplification_status,gene_amplification_status:category=__missing__,0.0005636670803478511
main,outer_001_feature_142,genetic_mutation_status,genetic_mutation_status:category=Mutant,0.0015636128785278722
main,outer_001_feature_142,genetic_mutation_status,genetic_mutation_status:category=Wild-type,0.0
main,outer_001_feature_142,genetic_mutation_status,genetic_mutation_status:category=__missing__,-0.0015764197477280914
main,outer_001_feature_143,genomic_dna_input_amount,genomic_dna_input_amount:value,0.015709711540187018
main,outer_001_feature_143,genomic_dna_input_amount,genomic_dna_input_amount:missing,-0.003009596496432113
main,outer_001_feature_144,gerd_presence,gerd_presence:category=Present,0.007295693200343586
main,outer_001_feature_144,gerd_presence,gerd_presence:category=Absent,-0.003126469111097245
main,outer_001_feature_144,gerd_presence,gerd_presence:category=__missing__,-0.004182030958446543
main,outer_001_feature_145,globe_appearance,globe_appearance:category=Normal,-0.0020900182675053715
main,outer_001_feature_145,globe_appearance,globe_appearance:category=Abnormal,-0.0006580466577412264
main,outer_001_feature_145,globe_appearance,globe_appearance:category=__missing__,0.0027352580560463875
main,outer_001_feature_146,glucose_level,glucose_level:value,-0.02674445532740925
main,outer_001_feature_146,glucose_level,glucose_level:missing,-0.0015687065825781426
main,outer_001_feature_147,growth_factor_support_use,growth_factor_support_use:category=Yes,0.01991612037316258
main,outer_001_feature_147,growth_factor_support_use,growth_factor_support_use:category=No,-0.02090169176839887
main,outer_001_feature_147,growth_factor_support_use,growth_factor_support_use:category=__missing__,0.0009727645260360447
main,outer_001_feature_148,head_shape_and_trauma_status,head_shape_and_trauma_status:category=Normocephalic atraumatic,0.0015636128785278722
main,outer_001_feature_148,head_shape_and_trauma_status,head_shape_and_trauma_status:category=Abnormal,0.0
main,outer_001_feature_148,head_shape_and_trauma_status,head_shape_and_trauma_status:category=__missing__,-0.0015764197477280914
main,outer_001_feature_149,headache_presence,headache_presence:category=Present,-0.00045652031816274775
main,outer_001_feature_149,headache_presence,headache_presence:category=Absent,0.0020695887832008603
main,outer_001_feature_149,headache_presence,headache_presence:category=__missing__,-0.0016258753342383938
main,outer_001_feature_150,heart_rate,heart_rate:value,-0.04384838213501661
main,outer_001_feature_150,heart_rate,heart_rate:missing,-0.0037852949164986524
main,outer_001_feature_151,heent_exam_status,heent_exam_status:category=Normal,0.003275972194655514
main,outer_001_feature_151,heent_exam_status,heent_exam_status:category=Abnormal,-0.0008959388574830146
main,outer_001_feature_151,heent_exam_status,heent_exam_status:category=__missing__,-0.0023928402063727186
main,outer_001_feature_152,height,height:value,0.01455104613619728
main,outer_001_feature_152,height,height:missing,0.0014525202545884854
main,outer_001_feature_153,hematocrit,hematocrit:value,-0.021454481657589418
main,outer_001_feature_153,hematocrit,hematocrit:missing,-0.015220095568809463
main,outer_001_feature_154,hematuria,hematuria:category=Present,0.0
main,outer_001_feature_154,hematuria,hematuria:category=Absent,0.0045429485533238865
main,outer_001_feature_154,hematuria,hematuria:category=__missing__,-0.00455575542252413
main,outer_001_feature_155,hemoglobin_level,hemoglobin_level:value,-0.020654060623552878
main,outer_001_feature_155,hemoglobin_level,hemoglobin_level:missing,0.0007231281360395926
main,outer_001_feature_156,hemoptysis_presence,hemoptysis_presence:category=Present,0.006047952108976299
main,outer_001_feature_156,hemoptysis_presence,hemoptysis_presence:category=Absent,-0.005154812804661882
main,outer_001_feature_156,hemoptysis_presence,hemoptysis_presence:category=__missing__,-0.0009059461735146575
main,outer_001_feature_157,hernia_repair_history,hernia_repair_history:category=Yes,-0.0008711927281517299
main,outer_001_feature_157,hernia_repair_history,hernia_repair_history:category=No,7.87213770529234e-05
main,outer_001_feature_157,hernia_repair_history,hernia_repair_history:category=__missing__,0.0007796644818985931
main,outer_001_feature_158,hilar_lymphadenopathy_presence,hilar_lymphadenopathy_presence:category=Present,0.008397027954976405
main,outer_001_feature_158,hilar_lymphadenopathy_presence,hilar_lymphadenopathy_presence:category=Absent,-0.008899897209256354
main,outer_001_feature_158,hilar_lymphadenopathy_presence,hilar_lymphadenopathy_presence:category=__missing__,0.0004900623850797464
main,outer_001_feature_159,hyperlipidemia_status,hyperlipidemia_status:category=Present,-0.010248728010035709
main,outer_001_feature_159,hyperlipidemia_status,hyperlipidemia_status:category=Absent,0.009456256658936941
main,outer_001_feature_159,hyperlipidemia_status,hyperlipidemia_status:category=__missing__,0.0007796644818985931
main,outer_001_feature_160,hypertension_status,hypertension_status:category=Present,-0.007895979129613878
main,outer_001_feature_160,hypertension_status,hypertension_status:category=Absent,0.00710350777851512
main,outer_001_feature_160,hypertension_status,hypertension_status:category=__missing__,0.0007796644818985931
main,outer_001_feature_161,hypothyroidism_presence,hypothyroidism_presence:category=Present,0.0005055497970108136
main,outer_001_feature_161,hypothyroidism_presence,hypothyroidism_presence:category=Absent,-0.000682843430799921
main,outer_001_feature_161,hypothyroidism_presence,hypothyroidism_presence:category=__missing__,0.0001644867645888881
main,outer_001_feature_162,illicit_drug_use,illicit_drug_use:category=Yes,0.0
main,outer_001_feature_162,illicit_drug_use,illicit_drug_use:category=No,0.010541310704747116
main,outer_001_feature_162,illicit_drug_use,illicit_drug_use:category=__missing__,-0.010554117573947402
main,outer_001_feature_163,imaging_ct_scan_performed,imaging_ct_scan_performed:category=Yes,0.004378585086515712
main,outer_001_feature_163,imaging_ct_scan_performed,imaging_ct_scan_performed:category=No,-0.0017186377254062527
main,outer_001_feature_163,imaging_ct_scan_performed,imaging_ct_scan_performed:category=__missing__,-0.002672754230309685
main,outer_001_feature_164,imaging_finding_cerebellar_fdg_uptake,imaging_finding_cerebellar_fdg_uptake:category=Normal,0.010182792298317398
main,outer_001_feature_164,imaging_finding_cerebellar_fdg_uptake,imaging_finding_cerebellar_fdg_uptake:category=Decreased,-0.0020150577846983204
main,outer_001_feature_164,imaging_finding_cerebellar_fdg_uptake,imaging_finding_cerebellar_fdg_uptake:category=Increased,-0.011102094164307814
main,outer_001_feature_164,imaging_finding_cerebellar_fdg_uptake,imaging_finding_cerebellar_fdg_uptake:category=__missing__,0.0029215527814885163
main,outer_001_feature_165,imaging_finding_right_lower_lobe_mass,imaging_finding_right_lower_lobe_mass:category=Present,-0.00302311337000991
main,outer_001_feature_165,imaging_finding_right_lower_lobe_mass,imaging_finding_right_lower_lobe_mass:category=Absent,0.003548232613778386
main,outer_001_feature_165,imaging_finding_right_lower_lobe_mass,imaging_finding_right_lower_lobe_mass:category=__missing__,-0.0005379261129687208
main,outer_001_feature_166,imaging_finding_upper_lobe_mass,imaging_finding_upper_lobe_mass:category=Present,-0.002216400153872089
main,outer_001_feature_166,imaging_finding_upper_lobe_mass,imaging_finding_upper_lobe_mass:category=Absent,-0.010694892165576234
main,outer_001_feature_166,imaging_finding_upper_lobe_mass,imaging_finding_upper_lobe_mass:category=__missing__,0.012898485450248093
main,outer_001_feature_167,imaging_mri_performed,imaging_mri_performed:category=Yes,-0.0005025303683969986
main,outer_001_feature_167,imaging_mri_performed,imaging_mri_performed:category=No,0.003162477729506408
main,outer_001_feature_167,imaging_mri_performed,imaging_mri_performed:category=__missing__,-0.002672754230309685
main,outer_001_feature_168,imaging_pet_suv_max,imaging_pet_suv_max:value,-0.020579648021530565
main,outer_001_feature_168,imaging_pet_suv_max,imaging_pet_suv_max:missing,0.0019103434431269038
main,outer_001_feature_169,immunotherapy_type,immunotherapy_type:category=Checkpoint Blockade,0.0
main,outer_001_feature_169,immunotherapy_type,immunotherapy_type:category=PD-1 Inhibitor,0.006423357770975354
main,outer_001_feature_169,immunotherapy_type,immunotherapy_type:category=PD-L1 Inhibitor,-0.004721974695369444
main,outer_001_feature_169,immunotherapy_type,immunotherapy_type:category=__missing__,-0.0017141899448061154
main,outer_001_feature_170,inhaler_usage_dosage,inhaler_usage_dosage:value,-0.012671719030232115
main,outer_001_feature_170,inhaler_usage_dosage,inhaler_usage_dosage:missing,0.00778157538234377
main,outer_001_feature_171,intra_orbital_enhancement,intra_orbital_enhancement:category=Present,-1.6458360225370533e-05
main,outer_001_feature_171,intra_orbital_enhancement,intra_orbital_enhancement:category=Absent,0.013281593613641035
main,outer_001_feature_171,intra_orbital_enhancement,intra_orbital_enhancement:category=__missing__,-0.013277942122615901
main,outer_001_feature_172,intra_orbital_mass,intra_orbital_mass:category=Present,-1.6458360225370533e-05
main,outer_001_feature_172,intra_orbital_mass,intra_orbital_mass:category=Absent,0.013975864072599884
main,outer_001_feature_172,intra_orbital_mass,intra_orbital_mass:category=__missing__,-0.013972212581574736
main,outer_001_feature_173,intracranial_hemorrhage,intracranial_hemorrhage:category=Present,0.0
main,outer_001_feature_173,intracranial_hemorrhage,intracranial_hemorrhage:category=Absent,-0.008960919597494801
main,outer_001_feature_173,intracranial_hemorrhage,intracranial_hemorrhage:category=__missing__,0.008948112728294596
main,outer_001_feature_174,jugular_venous_distention_presence,jugular_venous_distention_presence:category=present,0.0
main,outer_001_feature_174,jugular_venous_distention_presence,jugular_venous_distention_presence:category=absent,-0.020219247474352563
main,outer_001_feature_174,jugular_venous_distention_presence,jugular_venous_distention_presence:category=__missing__,0.020206440605152302
main,outer_001_feature_175,keap1_status,keap1_status:category=Mutated,0.008423314062098914
main,outer_001_feature_175,keap1_status,keap1_status:category=Wild-type,-0.0028465109637690737
main,outer_001_feature_175,keap1_status,keap1_status:category=__missing__,-0.0055896099675300905
main,outer_001_feature_176,ki67_proliferation_index,ki67_proliferation_index:value,0.01741248880053885
main,outer_001_feature_176,ki67_proliferation_index,ki67_proliferation_index:missing,0.0003284528962646728
main,outer_001_feature_177,knee_osteoarthritis_presence,knee_osteoarthritis_presence:category=present,-0.004296630078588403
main,outer_001_feature_177,knee_osteoarthritis_presence,knee_osteoarthritis_presence:category=absent,0.0
main,outer_001_feature_177,knee_osteoarthritis_presence,knee_osteoarthritis_presence:category=__missing__,0.004283823209388135
main,outer_001_feature_178,known_drug_allergies,known_drug_allergies:category=No,0.0017005276606638134
main,outer_001_feature_178,known_drug_allergies,known_drug_allergies:category=Yes,0.0006942545881144659
main,outer_001_feature_178,known_drug_allergies,known_drug_allergies:category=__missing__,-0.0024075891179784854
main,outer_001_feature_179,kras_g12c_variant_allele_frequency,kras_g12c_variant_allele_frequency:value,-0.041962676337267454
main,outer_001_feature_179,kras_g12c_variant_allele_frequency,kras_g12c_variant_allele_frequency:missing,-0.012371605046103192
main,outer_001_feature_180,ldh_level,ldh_level:value,-0.015492745603476842
main,outer_001_feature_180,ldh_level,ldh_level:missing,-0.009033602426357784
main,outer_001_feature_181,leptomeningeal_enhancement_presence,leptomeningeal_enhancement_presence:category=Present,0.0
main,outer_001_feature_181,leptomeningeal_enhancement_presence,leptomeningeal_enhancement_presence:category=Absent,-0.011420566017834572
main,outer_001_feature_181,leptomeningeal_enhancement_presence,leptomeningeal_enhancement_presence:category=__missing__,0.01140775914863435
main,outer_001_feature_182,lesion_presence,lesion_presence:category=Present,0.0012006806105055647
main,outer_001_feature_182,lesion_presence,lesion_presence:category=Absent,0.0
main,outer_001_feature_182,lesion_presence,lesion_presence:category=__missing__,-0.0012134874797057869
main,outer_001_feature_183,lesion_size,lesion_size:value,-0.002593240805339908
main,outer_001_feature_183,lesion_size,lesion_size:missing,-0.00034802776321645113
main,outer_001_feature_184,line_of_therapy,line_of_therapy:category=First-line,0.03781383860415406
main,outer_001_feature_184,line_of_therapy,line_of_therapy:category=Second-line,-0.008863526650268324
main,outer_001_feature_184,line_of_therapy,line_of_therapy:category=Third-line,-0.01348666020237344
main,outer_001_feature_184,line_of_therapy,line_of_therapy:category=Fourth-line,-0.003725225345279155
main,outer_001_feature_184,line_of_therapy,line_of_therapy:category=Fifth-line,0.0
main,outer_001_feature_184,line_of_therapy,line_of_therapy:category=__missing__,-0.011751233275433329
main,outer_001_feature_185,lipid_lowering_therapy_use,lipid_lowering_therapy_use:category=Yes,-0.015429283417263887
main,outer_001_feature_185,lipid_lowering_therapy_use,lipid_lowering_therapy_use:category=No,0.0017782731523520363
main,outer_001_feature_185,lipid_lowering_therapy_use,lipid_lowering_therapy_use:category=__missing__,0.013638203395711606
main,outer_001_feature_186,lisinopril_dose,lisinopril_dose:value,-0.01556631501586423
main,outer_001_feature_186,lisinopril_dose,lisinopril_dose:missing,0.006715479743882851
main,outer_001_feature_187,liver_function,liver_function:category=Normal,0.005541766046505306
main,outer_001_feature_187,liver_function,liver_function:category=Abnormal,0.0001341158310382248
main,outer_001_feature_187,liver_function,liver_function:category=__missing__,-0.005688688746743742
main,outer_001_feature_188,liver_metastasis_presence,liver_metastasis_presence:category=Present,0.016386477091900283
main,outer_001_feature_188,liver_metastasis_presence,liver_metastasis_presence:category=Absent,-0.012260494566134664
main,outer_001_feature_188,liver_metastasis_presence,liver_metastasis_presence:category=__missing__,-0.0041387893949658295
main,outer_001_feature_189,living_situation,living_situation:category=Alone,-0.0006669719850864656
main,outer_001_feature_189,living_situation,living_situation:category=With spouse/partner,0.008108322456791562
main,outer_001_feature_189,living_situation,living_situation:category=With child,-0.008438916686202003
main,outer_001_feature_189,living_situation,living_situation:category=Other,0.0
main,outer_001_feature_189,living_situation,living_situation:category=__missing__,0.0009847593452966845
main,outer_001_feature_190,lobectomy_type,lobectomy_type:category=Right Upper Lobe,0.0023908667313749608
main,outer_001_feature_190,lobectomy_type,lobectomy_type:category=Right Middle Lobe,0.0
main,outer_001_feature_190,lobectomy_type,lobectomy_type:category=Right Lower Lobe,-0.012853867273298913
main,outer_001_feature_190,lobectomy_type,lobectomy_type:category=Left Upper Lobe,0.0071770391702528505
main,outer_001_feature_190,lobectomy_type,lobectomy_type:category=Left Lower Lobe,0.003711277507515484
main,outer_001_feature_190,lobectomy_type,lobectomy_type:category=__missing__,-0.0004381230050445956
main,outer_001_feature_191,lung_auscultation_findings,lung_auscultation_findings:category=Clear,0.035687949189871115
main,outer_001_feature_191,lung_auscultation_findings,lung_auscultation_findings:category=Wheezes,-0.010039733574710727
main,outer_001_feature_191,lung_auscultation_findings,lung_auscultation_findings:category=Rales,-0.023027430737415082
main,outer_001_feature_191,lung_auscultation_findings,lung_auscultation_findings:category=__missing__,-0.0026335917469455556
main,outer_001_feature_192,lung_cancer_histology,lung_cancer_histology:category=Adenocarcinoma,-0.002571599475478184
main,outer_001_feature_192,lung_cancer_histology,lung_cancer_histology:category=Squamous cell carcinoma,0.0017109324683588765
main,outer_001_feature_192,lung_cancer_histology,lung_cancer_histology:category=Large-cell carcinoma,0.0002045062403156715
main,outer_001_feature_192,lung_cancer_histology,lung_cancer_histology:category=Non-small cell lung cancer,0.0009677641679469369
main,outer_001_feature_192,lung_cancer_histology,lung_cancer_histology:category=__missing__,-0.0003244102703435395
main,outer_001_feature_193,lung_cancer_stage,lung_cancer_stage:category=I,0.004090688340970834
main,outer_001_feature_193,lung_cancer_stage,lung_cancer_stage:category=II,-0.01656284458558778
main,outer_001_feature_193,lung_cancer_stage,lung_cancer_stage:category=IIIA,-0.00408558790342574
main,outer_001_feature_193,lung_cancer_stage,lung_cancer_stage:category=IIIB,0.009435627739601249
main,outer_001_feature_193,lung_cancer_stage,lung_cancer_stage:category=IV,0.007433719809584708
main,outer_001_feature_193,lung_cancer_stage,lung_cancer_stage:category=__missing__,-0.0003244102703435395
main,outer_001_feature_194,lung_disease_diagnosis,lung_disease_diagnosis:category=Present,-0.027247985809531267
main,outer_001_feature_194,lung_disease_diagnosis,lung_disease_diagnosis:category=Absent,0.025840951485268375
main,outer_001_feature_194,lung_disease_diagnosis,lung_disease_diagnosis:category=__missing__,0.0013942274550627122
main,outer_001_feature_195,lung_mass_morphology,lung_mass_morphology:category=spiculated,0.017019124006337375
main,outer_001_feature_195,lung_mass_morphology,lung_mass_morphology:category=smooth,0.0041593333845417494
main,outer_001_feature_195,lung_mass_morphology,lung_mass_morphology:category=lobulated,-0.0067620651858657285
main,outer_001_feature_195,lung_mass_morphology,lung_mass_morphology:category=irregular,-0.005101943879274111
main,outer_001_feature_195,lung_mass_morphology,lung_mass_morphology:category=__missing__,-0.009327255194939503
main,outer_001_feature_196,lung_mass_suvmax,lung_mass_suvmax:value,0.0037205662991543435
main,outer_001_feature_196,lung_mass_suvmax,lung_mass_suvmax:missing,0.019349766246879695
main,outer_001_feature_197,lymph_node_dissection_status,lymph_node_dissection_status:category=Performed,-0.002248155356517331
main,outer_001_feature_197,lymph_node_dissection_status,lymph_node_dissection_status:category=Not Performed,0.000841121032254448
main,outer_001_feature_197,lymph_node_dissection_status,lymph_node_dissection_status:category=__missing__,0.0013942274550627122
main,outer_001_feature_198,lymph_node_metastasis_count,lymph_node_metastasis_count:value,0.0013006144267098088
main,outer_001_feature_198,lymph_node_metastasis_count,lymph_node_metastasis_count:missing,0.014028936726251799
main,outer_001_feature_199,lymphadenopathy_status,lymphadenopathy_status:category=Present,0.0015102741209611417
main,outer_001_feature_199,lymphadenopathy_status,lymphadenopathy_status:category=Absent,-0.0011986707198178108
main,outer_001_feature_199,lymphadenopathy_status,lymphadenopathy_status:category=__missing__,-0.0003244102703435395
main,outer_001_feature_200,m_stage,m_stage:category=M0,-0.01213776714757831
main,outer_001_feature_200,m_stage,m_stage:category=M1,0.008690326027271706
main,outer_001_feature_200,m_stage,m_stage:category=__missing__,0.003434634251106357
main,outer_001_feature_201,mediastinal_lymph_node_dissection_performed,mediastinal_lymph_node_dissection_performed:category=Yes,0.0021320239953150936
main,outer_001_feature_201,mediastinal_lymph_node_dissection_performed,mediastinal_lymph_node_dissection_performed:category=No,-0.004930702751324358
main,outer_001_feature_201,mediastinal_lymph_node_dissection_performed,mediastinal_lymph_node_dissection_performed:category=__missing__,0.0027858718868090803
main,outer_001_feature_202,mediastinal_lymph_node_status,mediastinal_lymph_node_status:category=Positive,0.010910996626000556
main,outer_001_feature_202,mediastinal_lymph_node_status,mediastinal_lymph_node_status:category=Negative,-0.011473751158888776
main,outer_001_feature_202,mediastinal_lymph_node_status,mediastinal_lymph_node_status:category=__missing__,0.0005499476636880241
main,outer_001_feature_203,medication_calcium_carbonate,medication_calcium_carbonate:category=Yes,-0.023634811871264285
main,outer_001_feature_203,medication_calcium_carbonate,medication_calcium_carbonate:category=No,0.02135341961296977
main,outer_001_feature_203,medication_calcium_carbonate,medication_calcium_carbonate:category=__missing__,0.0022685853890942755
main,outer_001_feature_204,medication_cisplatin,medication_cisplatin:category=Yes,-0.02322777280023662
main,outer_001_feature_204,medication_cisplatin,medication_cisplatin:category=No,0.020946380541942148
main,outer_001_feature_204,medication_cisplatin,medication_cisplatin:category=__missing__,0.0022685853890942755
main,outer_001_feature_205,medication_denosumab,medication_denosumab:category=Yes,-0.0006756862694213239
main,outer_001_feature_205,medication_denosumab,medication_denosumab:category=No,-0.0016057059888731529
main,outer_001_feature_205,medication_denosumab,medication_denosumab:category=__missing__,0.0022685853890942755
main,outer_001_feature_206,medication_dexamethasone,medication_dexamethasone:category=Yes,-0.014552391003357921
main,outer_001_feature_206,medication_dexamethasone,medication_dexamethasone:category=No,0.012270998745063454
main,outer_001_feature_206,medication_dexamethasone,medication_dexamethasone:category=__missing__,0.0022685853890942755
main,outer_001_feature_207,medication_g12c_inhibitor,medication_g12c_inhibitor:category=Yes,-0.0007471571073326616
main,outer_001_feature_207,medication_g12c_inhibitor,medication_g12c_inhibitor:category=No,-0.001534235150961855
main,outer_001_feature_207,medication_g12c_inhibitor,medication_g12c_inhibitor:category=__missing__,0.0022685853890942755
main,outer_001_feature_208,medication_gemcitabine,medication_gemcitabine:category=Yes,-0.01997252624222391
main,outer_001_feature_208,medication_gemcitabine,medication_gemcitabine:category=No,0.01769113398392943
main,outer_001_feature_208,medication_gemcitabine,medication_gemcitabine:category=__missing__,0.0022685853890942755
main,outer_001_feature_209,medication_lisinopril,medication_lisinopril:category=Yes,-0.010376229812828442
main,outer_001_feature_209,medication_lisinopril,medication_lisinopril:category=No,0.008094837554533945
main,outer_001_feature_209,medication_lisinopril,medication_lisinopril:category=__missing__,0.0022685853890942755
main,outer_001_feature_210,medication_met_inhibitor,medication_met_inhibitor:category=Yes,0.0
main,outer_001_feature_210,medication_met_inhibitor,medication_met_inhibitor:category=No,-0.00726712023978744
main,outer_001_feature_210,medication_met_inhibitor,medication_met_inhibitor:category=__missing__,0.007254313370587207
main,outer_001_feature_211,medication_oxycodone,medication_oxycodone:category=Yes,-0.0009350552568781299
main,outer_001_feature_211,medication_oxycodone,medication_oxycodone:category=No,0.002240898598283171
main,outer_001_feature_211,medication_oxycodone,medication_oxycodone:category=__missing__,-0.001318650210605278
main,outer_001_feature_212,medication_pemetrexed,medication_pemetrexed:category=Yes,-0.028205465351285607
main,outer_001_feature_212,medication_pemetrexed,medication_pemetrexed:category=No,0.025295238190357842
main,outer_001_feature_212,medication_pemetrexed,medication_pemetrexed:category=__missing__,0.002897420291727527
main,outer_001_feature_213,meningeal_thickening,meningeal_thickening:category=Present,0.0
main,outer_001_feature_213,meningeal_thickening,meningeal_thickening:category=Absent,-0.011555088343784074
main,outer_001_feature_213,meningeal_thickening,meningeal_thickening:category=__missing__,0.011542281474583846
main,outer_001_feature_214,met_amplification_status,met_amplification_status:category=Amplified,-0.020501726437878807
main,outer_001_feature_214,met_amplification_status,met_amplification_status:category=Negative,0.007631292222715151
main,outer_001_feature_214,met_amplification_status,met_amplification_status:category=__missing__,0.012857627345963477
main,outer_001_feature_215,metabolic_response,metabolic_response:category=Response,-0.009512395447356312
main,outer_001_feature_215,metabolic_response,metabolic_response:category=No Response,-0.000647756972830631
main,outer_001_feature_215,metabolic_response,metabolic_response:category=__missing__,0.010147345550986718
main,outer_001_feature_216,metastasis_location,metastasis_location:category=Brain,0.0059208425143611465
main,outer_001_feature_216,metastasis_location,metastasis_location:category=Bone,-0.014564330640350853
main,outer_001_feature_216,metastasis_location,metastasis_location:category=Liver,0.013412032566094917
main,outer_001_feature_216,metastasis_location,metastasis_location:category=Adrenal,-0.006686402938446881
main,outer_001_feature_216,metastasis_location,metastasis_location:category=Pleura,0.0024041652850147555
main,outer_001_feature_216,metastasis_location,metastasis_location:category=Lymph nodes,-0.005175500412496227
main,outer_001_feature_216,metastasis_location,metastasis_location:category=__missing__,0.004676386756622913
main,outer_001_feature_217,morphine_administered,morphine_administered:category=Yes,-0.008954286083401581
main,outer_001_feature_217,morphine_administered,morphine_administered:category=No,-0.0122022554166666
main,outer_001_feature_217,morphine_administered,morphine_administered:category=__missing__,0.021143734630867952
main,outer_001_feature_218,mri_flair_hyperintensity_presence,mri_flair_hyperintensity_presence:category=Present,0.00034618374504687165
main,outer_001_feature_218,mri_flair_hyperintensity_presence,mri_flair_hyperintensity_presence:category=Absent,-0.002844496146693543
main,outer_001_feature_218,mri_flair_hyperintensity_presence,mri_flair_hyperintensity_presence:category=__missing__,0.0024855055324464292
main,outer_001_feature_219,msi_status,msi_status:category=Stable,0.001410562992786886
main,outer_001_feature_219,msi_status,msi_status:category=High,0.0
main,outer_001_feature_219,msi_status,msi_status:category=__missing__,-0.001423369861987078
main,outer_001_feature_220,mucositis_presence,mucositis_presence:category=Present,-0.0018301351549994598
main,outer_001_feature_220,mucositis_presence,mucositis_presence:category=Absent,-0.011518445684541356
main,outer_001_feature_220,mucositis_presence,mucositis_presence:category=__missing__,0.013335773970340581
main,outer_001_feature_221,myelosuppression,myelosuppression:category=Present,-0.0005261991839613118
main,outer_001_feature_221,myelosuppression,myelosuppression:category=Absent,0.004629250487781209
main,outer_001_feature_221,myelosuppression,myelosuppression:category=__missing__,-0.004115858173020137
main,outer_001_feature_222,myocardial_infarction_presence,myocardial_infarction_presence:category=Present,-0.0005703316239170822
main,outer_001_feature_222,myocardial_infarction_presence,myocardial_infarction_presence:category=Absent,-0.005093045754668707
main,outer_001_feature_222,myocardial_infarction_presence,myocardial_infarction_presence:category=__missing__,0.00565057050938555
main,outer_001_feature_223,n_stage,n_stage:category=N0,0.00636940942436063
main,outer_001_feature_223,n_stage,n_stage:category=N1,0.0022986419857123556
main,outer_001_feature_223,n_stage,n_stage:category=N2,-0.025158256973264903
main,outer_001_feature_223,n_stage,n_stage:category=N3,0.013473118147520753
main,outer_001_feature_223,n_stage,n_stage:category=__missing__,0.0030042805464709603
main,outer_001_feature_224,napsin_a_expression,napsin_a_expression:category=Positive,-0.0025930765851387037
main,outer_001_feature_224,napsin_a_expression,napsin_a_expression:category=Negative,0.009643145423374211
main,outer_001_feature_224,napsin_a_expression,napsin_a_expression:category=__missing__,-0.007062875707435713
main,outer_001_feature_225,nausea_severity,nausea_severity:category=1,-0.010535057308917895
main,outer_001_feature_225,nausea_severity,nausea_severity:category=2,0.010758907197884285
main,outer_001_feature_225,nausea_severity,nausea_severity:category=3,-0.00032796003546093814
main,outer_001_feature_225,nausea_severity,nausea_severity:category=4,0.0
main,outer_001_feature_225,nausea_severity,nausea_severity:category=__missing__,9.130327729432305e-05
main,outer_001_feature_226,necrotic_fluid_presence,necrotic_fluid_presence:category=Present,-0.004783791956301858
main,outer_001_feature_226,necrotic_fluid_presence,necrotic_fluid_presence:category=Absent,0.005246260248499252
main,outer_001_feature_226,necrotic_fluid_presence,necrotic_fluid_presence:category=__missing__,-0.0004752751613976352
main,outer_001_feature_227,neurological_symptoms_presence,neurological_symptoms_presence:category=Present,0.0012683453451084866
main,outer_001_feature_227,neurological_symptoms_presence,neurological_symptoms_presence:category=Absent,-0.0008058770529110627
main,outer_001_feature_227,neurological_symptoms_presence,neurological_symptoms_presence:category=__missing__,-0.0004752751613976352
main,outer_001_feature_228,neutrophil_to_lymphocyte_ratio,neutrophil_to_lymphocyte_ratio:value,-0.05066009043459055
main,outer_001_feature_228,neutrophil_to_lymphocyte_ratio,neutrophil_to_lymphocyte_ratio:missing,0.004001015744569475
main,outer_001_feature_229,night_sweats,night_sweats:category=Present,0.0001831048407770742
main,outer_001_feature_229,night_sweats,night_sweats:category=Absent,0.015260239330589401
main,outer_001_feature_229,night_sweats,night_sweats:category=__missing__,-0.015456151040566688
main,outer_001_feature_230,nsclc_diagnosis,nsclc_diagnosis:category=Present,0.0007219690342923538
main,outer_001_feature_230,nsclc_diagnosis,nsclc_diagnosis:category=Absent,-0.00025950074209496536
main,outer_001_feature_230,nsclc_diagnosis,nsclc_diagnosis:category=__missing__,-0.0004752751613976352
main,outer_001_feature_231,nyha_class,nyha_class:category=I,0.0006811589769331644
main,outer_001_feature_231,nyha_class,nyha_class:category=II,-0.0036360192784092703
main,outer_001_feature_231,nyha_class,nyha_class:category=III,-0.0013875226129180676
main,outer_001_feature_231,nyha_class,nyha_class:category=IV,0.0
main,outer_001_feature_231,nyha_class,nyha_class:category=__missing__,0.004329576045193939
main,outer_001_feature_232,occupation,occupation:category=Professional,0.013600146368373252
main,outer_001_feature_232,occupation,occupation:category=Other,-0.014963992315136352
main,outer_001_feature_232,occupation,occupation:category=__missing__,0.0013510390775628833
main,outer_001_feature_233,oncology_management_status,oncology_management_status:category=Active Treatment,0.005067634891612515
main,outer_001_feature_233,oncology_management_status,oncology_management_status:category=Surveillance,-0.003406515569529704
main,outer_001_feature_233,oncology_management_status,oncology_management_status:category=Follow-up,-0.0011868673752939555
main,outer_001_feature_233,oncology_management_status,oncology_management_status:category=None,0.0
main,outer_001_feature_233,oncology_management_status,oncology_management_status:category=__missing__,-0.00048705881598904056
main,outer_001_feature_234,ondansetron_use,ondansetron_use:category=Yes,-0.009268067516893823
main,outer_001_feature_234,ondansetron_use,ondansetron_use:category=No,0.008839936550338136
main,outer_001_feature_234,ondansetron_use,ondansetron_use:category=__missing__,0.0004153240973554573
main,outer_001_feature_235,optic_chiasm_enhancement,optic_chiasm_enhancement:category=Present,0.0
main,outer_001_feature_235,optic_chiasm_enhancement,optic_chiasm_enhancement:category=Absent,0.009280135286508194
main,outer_001_feature_235,optic_chiasm_enhancement,optic_chiasm_enhancement:category=__missing__,-0.009292942155708405
main,outer_001_feature_236,optic_nerve_enhancement,optic_nerve_enhancement:category=Present,0.0
main,outer_001_feature_236,optic_nerve_enhancement,optic_nerve_enhancement:category=Absent,-0.005354005425747843
main,outer_001_feature_236,optic_nerve_enhancement,optic_nerve_enhancement:category=__missing__,0.005341198556547604
main,outer_001_feature_237,orbital_fat_appearance,orbital_fat_appearance:category=Normal,0.002485025226061248
main,outer_001_feature_237,orbital_fat_appearance,orbital_fat_appearance:category=Abnormal,0.0
main,outer_001_feature_237,orbital_fat_appearance,orbital_fat_appearance:category=__missing__,-0.0024978320952615033
main,outer_001_feature_238,organomegaly_presence,organomegaly_presence:category=present,-0.004839906476078304
main,outer_001_feature_238,organomegaly_presence,organomegaly_presence:category=absent,-0.007066577572053584
main,outer_001_feature_238,organomegaly_presence,organomegaly_presence:category=__missing__,0.01189367717893168
main,outer_001_feature_239,osteoarthritis_presence,osteoarthritis_presence:category=Present,-0.013672602026302981
main,outer_001_feature_239,osteoarthritis_presence,osteoarthritis_presence:category=Absent,0.013244471059747279
main,outer_001_feature_239,osteoarthritis_presence,osteoarthritis_presence:category=__missing__,0.0004153240973554573
main,outer_001_feature_240,osteopenia,osteopenia:category=Present,-0.013144426157221245
main,outer_001_feature_240,osteopenia,osteopenia:category=Absent,0.0
main,outer_001_feature_240,osteopenia,osteopenia:category=__missing__,0.01313161928802104
main,outer_001_feature_241,oxygen_saturation,oxygen_saturation:value,0.0528659103173812
main,outer_001_feature_241,oxygen_saturation,oxygen_saturation:missing,-0.0006548297957969954
main,outer_001_feature_242,oxygen_therapy_use,oxygen_therapy_use:category=Yes,-0.011188436908550408
main,outer_001_feature_242,oxygen_therapy_use,oxygen_therapy_use:category=No,0.0118304598351471
main,outer_001_feature_242,oxygen_therapy_use,oxygen_therapy_use:category=__missing__,-0.0006548297957969954
main,outer_001_feature_243,p40_expression,p40_expression:category=Positive,0.006857100651691405
main,outer_001_feature_243,p40_expression,p40_expression:category=Negative,-0.000694931355873615
main,outer_001_feature_243,p40_expression,p40_expression:category=__missing__,-0.006174976165018032
main,outer_001_feature_244,paclitaxel_dose,paclitaxel_dose:value,0.004816081851441678
main,outer_001_feature_244,paclitaxel_dose,paclitaxel_dose:missing,-0.004729915476671842
main,outer_001_feature_245,pain_severity,pain_severity:category=0,-0.0027874307553465605
main,outer_001_feature_245,pain_severity,pain_severity:category=1,0.01629460521019962
main,outer_001_feature_245,pain_severity,pain_severity:category=2,-0.0025394127823168433
main,outer_001_feature_245,pain_severity,pain_severity:category=3,-0.00546379967742417
main,outer_001_feature_245,pain_severity,pain_severity:category=4,0.0
main,outer_001_feature_245,pain_severity,pain_severity:category=__missing__,-0.005516768864312344
main,outer_001_feature_246,palliative_care_status,palliative_care_status:category=Yes,-0.021062401428002003
main,outer_001_feature_246,palliative_care_status,palliative_care_status:category=No,-0.001180937075316277
main,outer_001_feature_246,palliative_care_status,palliative_care_status:category=__missing__,0.022230531634118044
main,outer_001_feature_247,patient_wishes,patient_wishes:category=Documented,-0.007486114670632638
main,outer_001_feature_247,patient_wishes,patient_wishes:category=Not Documented,0.004806808286272324
main,outer_001_feature_247,patient_wishes,patient_wishes:category=__missing__,0.002666499515160057
main,outer_001_feature_248,pd_l1_tps,pd_l1_tps:value,-0.03892029201339407
main,outer_001_feature_248,pd_l1_tps,pd_l1_tps:missing,-0.005049570301779814
main,outer_001_feature_249,pembrolizumab_dose,pembrolizumab_dose:value,0.0
main,outer_001_feature_249,pembrolizumab_dose,pembrolizumab_dose:missing,-0.008686634790794998
main,outer_001_feature_250,peripheral_neuropathy_grade,peripheral_neuropathy_grade:category=0,0.008236995556005093
main,outer_001_feature_250,peripheral_neuropathy_grade,peripheral_neuropathy_grade:category=1,-0.001707167459024427
main,outer_001_feature_250,peripheral_neuropathy_grade,peripheral_neuropathy_grade:category=2,0.0011487612854877607
main,outer_001_feature_250,peripheral_neuropathy_grade,peripheral_neuropathy_grade:category=3,-0.0010848725344304493
main,outer_001_feature_250,peripheral_neuropathy_grade,peripheral_neuropathy_grade:category=4,0.0
main,outer_001_feature_250,peripheral_neuropathy_grade,peripheral_neuropathy_grade:category=__missing__,-0.006606523717238201
main,outer_001_feature_251,peritumoral_edema,peritumoral_edema:category=Present,-0.00484501476810963
main,outer_001_feature_251,peritumoral_edema,peritumoral_edema:category=Absent,0.009820141900168826
main,outer_001_feature_251,peritumoral_edema,peritumoral_edema:category=__missing__,-0.004987934001259444
main,outer_001_feature_252,periventricular_signal_abnormality,periventricular_signal_abnormality:category=Present,-0.0194245517540433
main,outer_001_feature_252,periventricular_signal_abnormality,periventricular_signal_abnormality:category=Absent,0.013664153749224674
main,outer_001_feature_252,periventricular_signal_abnormality,periventricular_signal_abnormality:category=__missing__,0.0057475911356183835
main,outer_001_feature_253,phospho_met_status,phospho_met_status:category=Positive,0.0
main,outer_001_feature_253,phospho_met_status,phospho_met_status:category=Negative,0.002080851277979548
main,outer_001_feature_253,phospho_met_status,phospho_met_status:category=__missing__,-0.002093658147179811
main,outer_001_feature_254,pi3k_pathway_activation,pi3k_pathway_activation:category=Activated,-0.009704662451489194
main,outer_001_feature_254,pi3k_pathway_activation,pi3k_pathway_activation:category=Not Activated,-0.005640616069257502
main,outer_001_feature_254,pi3k_pathway_activation,pi3k_pathway_activation:category=__missing__,0.015332471651546433
main,outer_001_feature_255,pituitary_gland_enhancement,pituitary_gland_enhancement:category=Present,0.0
main,outer_001_feature_255,pituitary_gland_enhancement,pituitary_gland_enhancement:category=Absent,-0.004190442027117499
main,outer_001_feature_255,pituitary_gland_enhancement,pituitary_gland_enhancement:category=__missing__,0.0041776351579173076
main,outer_001_feature_256,pituitary_gland_signal,pituitary_gland_signal:category=Normal,0.008531841049298263
main,outer_001_feature_256,pituitary_gland_signal,pituitary_gland_signal:category=Abnormal,0.0
main,outer_001_feature_256,pituitary_gland_signal,pituitary_gland_signal:category=__missing__,-0.008544647918498467
main,outer_001_feature_257,pituitary_gland_size,pituitary_gland_size:value,0.0
main,outer_001_feature_257,pituitary_gland_size,pituitary_gland_size:missing,-1.280686920023083e-05
main,outer_001_feature_258,platelet_count,platelet_count:value,0.03134909650754133
main,outer_001_feature_258,platelet_count,platelet_count:missing,-0.0017186377254062527
main,outer_001_feature_259,pleural_effusion,pleural_effusion:category=Absent,0.00961788722924946
main,outer_001_feature_259,pleural_effusion,pleural_effusion:category=Small,-0.004806199479760799
main,outer_001_feature_259,pleural_effusion,pleural_effusion:category=Moderate,-0.003829946518294194
main,outer_001_feature_259,pleural_effusion,pleural_effusion:category=Large,0.0010637680358894282
main,outer_001_feature_259,pleural_effusion,pleural_effusion:category=__missing__,-0.0020583161362840384
main,outer_001_feature_260,pneumonia_diagnosis,pneumonia_diagnosis:category=Present,-0.01211237313492827
main,outer_001_feature_260,pneumonia_diagnosis,pneumonia_diagnosis:category=Absent,0.014746289648387815
main,outer_001_feature_260,pneumonia_diagnosis,pneumonia_diagnosis:category=__missing__,-0.0026467233826597642
main,outer_001_feature_261,posterior_fossa_enhancement,posterior_fossa_enhancement:category=present,-0.005903044355311886
main,outer_001_feature_261,posterior_fossa_enhancement,posterior_fossa_enhancement:category=absent,-0.0008140262475757108
main,outer_001_feature_261,posterior_fossa_enhancement,posterior_fossa_enhancement:category=__missing__,0.006704263733687365
main,outer_001_feature_262,posterior_fossa_mass_effect,posterior_fossa_mass_effect:category=Present,0.0
main,outer_001_feature_262,posterior_fossa_mass_effect,posterior_fossa_mass_effect:category=Absent,-0.0028628245764886883
main,outer_001_feature_262,posterior_fossa_mass_effect,posterior_fossa_mass_effect:category=__missing__,0.0028500177072884594
main,outer_001_feature_263,previous_radiation_therapy,previous_radiation_therapy:category=Yes,-0.0011764434442556187
main,outer_001_feature_263,previous_radiation_therapy,previous_radiation_therapy:category=No,0.007489139600121978
main,outer_001_feature_263,previous_radiation_therapy,previous_radiation_therapy:category=__missing__,-0.006325503025066603
main,outer_001_feature_264,primary_tumor_location,primary_tumor_location:category=Right Upper Lobe,-0.015509700588035982
main,outer_001_feature_264,primary_tumor_location,primary_tumor_location:category=Right Middle Lobe,-0.0005785126285091681
main,outer_001_feature_264,primary_tumor_location,primary_tumor_location:category=Right Lower Lobe,-0.004010707310642453
main,outer_001_feature_264,primary_tumor_location,primary_tumor_location:category=Left Upper Lobe,0.0025581314940748847
main,outer_001_feature_264,primary_tumor_location,primary_tumor_location:category=Left Lower Lobe,0.02378868507486821
main,outer_001_feature_264,primary_tumor_location,primary_tumor_location:category=Unspecified,-0.001713367704960026
main,outer_001_feature_264,primary_tumor_location,primary_tumor_location:category=__missing__,-0.004547335205995653
main,outer_001_feature_265,primary_tumor_morphology,primary_tumor_morphology:category=spiculated,0.02054167596799579
main,outer_001_feature_265,primary_tumor_morphology,primary_tumor_morphology:category=lobulated,-0.004831086817598192
main,outer_001_feature_265,primary_tumor_morphology,primary_tumor_morphology:category=irregular,-0.0003315662623832715
main,outer_001_feature_265,primary_tumor_morphology,primary_tumor_morphology:category=circumscribed,0.0016348981372839202
main,outer_001_feature_265,primary_tumor_morphology,primary_tumor_morphology:category=smooth,-0.00043767912476941806
main,outer_001_feature_265,primary_tumor_morphology,primary_tumor_morphology:category=__missing__,-0.01658904876972901
main,outer_001_feature_266,primary_tumor_size,primary_tumor_size:value,-0.014314369750543876
main,outer_001_feature_266,primary_tumor_size,primary_tumor_size:missing,-0.007876084756006763
main,outer_001_feature_267,prior_platinum_chemotherapy,prior_platinum_chemotherapy:category=Yes,-0.033815647048551285
main,outer_001_feature_267,prior_platinum_chemotherapy,prior_platinum_chemotherapy:category=No,0.03916103155974733
main,outer_001_feature_267,prior_platinum_chemotherapy,prior_platinum_chemotherapy:category=__missing__,-0.005358191380396414
main,outer_001_feature_268,prior_treatment_regimen,prior_treatment_regimen:category=Cisplatin/Vinorelbine,-0.006452840579059175
main,outer_001_feature_268,prior_treatment_regimen,prior_treatment_regimen:category=Cisplatin/Gemcitabine,-0.006546077063770957
main,outer_001_feature_268,prior_treatment_regimen,prior_treatment_regimen:category=Carboplatin/Paclitaxel,-0.004298011487237751
main,outer_001_feature_268,prior_treatment_regimen,prior_treatment_regimen:category=Docetaxel,-0.0076907820925059016
main,outer_001_feature_268,prior_treatment_regimen,prior_treatment_regimen:category=Cisplatin/Pemetrexed,-0.01402888055274858
main,outer_001_feature_268,prior_treatment_regimen,prior_treatment_regimen:category=Platinum-based chemotherapy,0.0034184769211453407
main,outer_001_feature_268,prior_treatment_regimen,prior_treatment_regimen:category=Single-agent chemotherapy,-0.0023436073319820913
main,outer_001_feature_268,prior_treatment_regimen,prior_treatment_regimen:category=Platinum-free doublet,0.026417363162864492
main,outer_001_feature_268,prior_treatment_regimen,prior_treatment_regimen:category=Immunotherapy/Chemotherapy,0.007476199852852896
main,outer_001_feature_268,prior_treatment_regimen,prior_treatment_regimen:category=__missing__,0.004035352301241507
main,outer_001_feature_269,pro_ctcae_pain_severity,pro_ctcae_pain_severity:category=0,0.0016927016027269536
main,outer_001_feature_269,pro_ctcae_pain_severity,pro_ctcae_pain_severity:category=1,0.005906794571913311
main,outer_001_feature_269,pro_ctcae_pain_severity,pro_ctcae_pain_severity:category=2,0.00311254554247878
main,outer_001_feature_269,pro_ctcae_pain_severity,pro_ctcae_pain_severity:category=3,-0.0072686886036939695
main,outer_001_feature_269,pro_ctcae_pain_severity,pro_ctcae_pain_severity:category=4,0.0
main,outer_001_feature_269,pro_ctcae_pain_severity,pro_ctcae_pain_severity:category=__missing__,-0.003456159982625322
main,outer_001_feature_270,progressive_exertional_symptoms,progressive_exertional_symptoms:category=Present,-0.001627327769844286
main,outer_001_feature_270,progressive_exertional_symptoms,progressive_exertional_symptoms:category=Absent,-0.004548388322567731
main,outer_001_feature_270,progressive_exertional_symptoms,progressive_exertional_symptoms:category=__missing__,0.006162909223211795
main,outer_001_feature_271,proton_pump_inhibitor_use,proton_pump_inhibitor_use:category=Yes,0.002509339780692172
main,outer_001_feature_271,proton_pump_inhibitor_use,proton_pump_inhibitor_use:category=No,0.012505605742487992
main,outer_001_feature_271,proton_pump_inhibitor_use,proton_pump_inhibitor_use:category=__missing__,-0.015027752392380375
main,outer_001_feature_272,psychiatric_symptom_presence,psychiatric_symptom_presence:category=Present,0.009551379800863926
main,outer_001_feature_272,psychiatric_symptom_presence,psychiatric_symptom_presence:category=Absent,-0.0018888403937246162
main,outer_001_feature_272,psychiatric_symptom_presence,psychiatric_symptom_presence:category=__missing__,-0.007675346276339563
main,outer_001_feature_273,pulmonary_condition,pulmonary_condition:category=Present,-0.0017974186142894588
main,outer_001_feature_273,pulmonary_condition,pulmonary_condition:category=Absent,0.0017273620407331559
main,outer_001_feature_273,pulmonary_condition,pulmonary_condition:category=__missing__,5.724970435606882e-05
main,outer_001_feature_274,pulmonary_function_test_status,pulmonary_function_test_status:category=Normal,0.0014814276269989564
main,outer_001_feature_274,pulmonary_function_test_status,pulmonary_function_test_status:category=Abnormal,-0.0005640016670902702
main,outer_001_feature_274,pulmonary_function_test_status,pulmonary_function_test_status:category=__missing__,-0.0009302328291089147
main,outer_001_feature_275,pulmonary_lesion_presence,pulmonary_lesion_presence:category=Present,0.003614783772648597
main,outer_001_feature_275,pulmonary_lesion_presence,pulmonary_lesion_presence:category=Absent,0.0026590320342047644
main,outer_001_feature_275,pulmonary_lesion_presence,pulmonary_lesion_presence:category=__missing__,-0.006286622676053564
main,outer_001_feature_276,pulmonary_nodules_presence,pulmonary_nodules_presence:category=present,0.013024248416630968
main,outer_001_feature_276,pulmonary_nodules_presence,pulmonary_nodules_presence:category=absent,-0.012080746902300876
main,outer_001_feature_276,pulmonary_nodules_presence,pulmonary_nodules_presence:category=__missing__,-0.0009563083835303064
main,outer_001_feature_277,pupil_reactivity,pupil_reactivity:category=Reactive,0.001608553693182345
main,outer_001_feature_277,pupil_reactivity,pupil_reactivity:category=Non-reactive,0.0
main,outer_001_feature_277,pupil_reactivity,pupil_reactivity:category=__missing__,-0.0016213605623825718
main,outer_001_feature_278,qlq_c30_physical_function,qlq_c30_physical_function:value,0.043123767424789065
main,outer_001_feature_278,qlq_c30_physical_function,qlq_c30_physical_function:missing,-0.002795365042460977
main,outer_001_feature_279,qlq_c30_role_function,qlq_c30_role_function:value,0.04747503988628532
main,outer_001_feature_279,qlq_c30_role_function,qlq_c30_role_function:missing,-0.0012584622527492982
main,outer_001_feature_280,radiation_therapy_history,radiation_therapy_history:category=Yes,0.0034142928874353363
main,outer_001_feature_280,radiation_therapy_history,radiation_therapy_history:category=No,-0.0034843494609916306
main,outer_001_feature_280,radiation_therapy_history,radiation_therapy_history:category=__missing__,5.724970435606882e-05
main,outer_001_feature_281,radiation_therapy_session_count,radiation_therapy_session_count:value,-0.012863174985298037
main,outer_001_feature_281,radiation_therapy_session_count,radiation_therapy_session_count:missing,0.016749781742325692
main,outer_001_feature_282,radiosurgery_history,radiosurgery_history:category=Yes,0.01583970130638065
main,outer_001_feature_282,radiosurgery_history,radiosurgery_history:category=No,-0.016012982560605807
main,outer_001_feature_282,radiosurgery_history,radiosurgery_history:category=__missing__,0.0001604743850249082
main,outer_001_feature_283,range_of_motion_touch_toes,range_of_motion_touch_toes:category=Able,0.003658748309565507
main,outer_001_feature_283,range_of_motion_touch_toes,range_of_motion_touch_toes:category=Unable,0.0
main,outer_001_feature_283,range_of_motion_touch_toes,range_of_motion_touch_toes:category=__missing__,-0.0036715551787657383
main,outer_001_feature_284,rash_presence,rash_presence:category=Present,-0.0002469319246994958
main,outer_001_feature_284,rash_presence,rash_presence:category=Absent,-0.0010858045655223498
main,outer_001_feature_284,rash_presence,rash_presence:category=__missing__,0.0013199296210216246
main,outer_001_feature_285,rash_pruritus_presence,rash_pruritus_presence:category=Present,0.0011674368906255473
main,outer_001_feature_285,rash_pruritus_presence,rash_pruritus_presence:category=Absent,0.020798116407828676
main,outer_001_feature_285,rash_pruritus_presence,rash_pruritus_presence:category=__missing__,-0.021978360167654476
main,outer_001_feature_286,renal_function_status,renal_function_status:value,0.02962088507360673
main,outer_001_feature_286,renal_function_status,renal_function_status:missing,-0.0018318772557532666
main,outer_001_feature_287,respiratory_rate,respiratory_rate:value,-0.0638800043477248
main,outer_001_feature_287,respiratory_rate,respiratory_rate:missing,-0.012263037411813196
main,outer_001_feature_288,restricted_diffusion_on_dwi_adc,restricted_diffusion_on_dwi_adc:category=Present,-0.003054446258287625
main,outer_001_feature_288,restricted_diffusion_on_dwi_adc,restricted_diffusion_on_dwi_adc:category=Absent,0.007869981141015853
main,outer_001_feature_288,restricted_diffusion_on_dwi_adc,restricted_diffusion_on_dwi_adc:category=__missing__,-0.004828341751928464
main,outer_001_feature_289,ret_rearrangement_status,ret_rearrangement_status:category=Detected,0.0
main,outer_001_feature_289,ret_rearrangement_status,ret_rearrangement_status:category=Not Detected,-0.008745056542587268
main,outer_001_feature_289,ret_rearrangement_status,ret_rearrangement_status:category=__missing__,0.008732249673387031
main,outer_001_feature_290,retroperitoneal_lymphadenopathy_presence,retroperitoneal_lymphadenopathy_presence:category=Present,0.00436744460325618
main,outer_001_feature_290,retroperitoneal_lymphadenopathy_presence,retroperitoneal_lymphadenopathy_presence:category=Absent,0.009733427639499952
main,outer_001_feature_290,retroperitoneal_lymphadenopathy_presence,retroperitoneal_lymphadenopathy_presence:category=__missing__,-0.01411367911195631
main,outer_001_feature_291,ros1_mutation_status,ros1_mutation_status:category=Wild type,-0.004370443677165167
main,outer_001_feature_291,ros1_mutation_status,ros1_mutation_status:category=Mutated,0.0
main,outer_001_feature_291,ros1_mutation_status,ros1_mutation_status:category=__missing__,0.004357636807964955
main,outer_001_feature_292,ros1_rearrangement_status,ros1_rearrangement_status:category=Positive,0.0
main,outer_001_feature_292,ros1_rearrangement_status,ros1_rearrangement_status:category=Negative,0.0026593524313543366
main,outer_001_feature_292,ros1_rearrangement_status,ros1_rearrangement_status:category=__missing__,-0.0026721593005545703
main,outer_001_feature_293,rsv_infection_status,rsv_infection_status:category=Positive,0.0
main,outer_001_feature_293,rsv_infection_status,rsv_infection_status:category=Negative,0.0
main,outer_001_feature_293,rsv_infection_status,rsv_infection_status:category=__missing__,-1.280686920023083e-05
main,outer_001_feature_294,scapular_metastasis,scapular_metastasis:category=Present,0.0027138182377473173
main,outer_001_feature_294,scapular_metastasis,scapular_metastasis:category=Absent,0.0219444349048454
main,outer_001_feature_294,scapular_metastasis,scapular_metastasis:category=__missing__,-0.024671060011792992
main,outer_001_feature_295,serum_albumin,serum_albumin:value,0.050545177798539585
main,outer_001_feature_295,serum_albumin,serum_albumin:missing,0.007379869075018674
main,outer_001_feature_296,serum_bicarbonate,serum_bicarbonate:value,0.007560258951393502
main,outer_001_feature_296,serum_bicarbonate,serum_bicarbonate:missing,-0.007608598704186393
main,outer_001_feature_297,serum_calcium,serum_calcium:value,0.04716122954854457
main,outer_001_feature_297,serum_calcium,serum_calcium:missing,0.002747097610620232
main,outer_001_feature_298,serum_chloride,serum_chloride:value,0.028126794213781708
main,outer_001_feature_298,serum_chloride,serum_chloride:missing,-0.011854967624709249
main,outer_001_feature_299,serum_creatinine,serum_creatinine:value,0.0026047630690176145
main,outer_001_feature_299,serum_creatinine,serum_creatinine:missing,-0.0010855854999129685
main,outer_001_feature_300,serum_potassium,serum_potassium:value,0.018090149753105075
main,outer_001_feature_300,serum_potassium,serum_potassium:missing,-0.006486107391976698
main,outer_001_feature_301,serum_sodium,serum_sodium:value,0.014804706123654103
main,outer_001_feature_301,serum_sodium,serum_sodium:missing,-0.0009797992134507438
main,outer_001_feature_302,sex,sex:category=Male,0.020859910128518133
main,outer_001_feature_302,sex,sex:category=Female,-0.022615662257048294
main,outer_001_feature_302,sex,sex:category=__missing__,0.0017429452593299697
main,outer_001_feature_303,skeletal_compression_fracture,skeletal_compression_fracture:category=Present,0.0026015723454641407
main,outer_001_feature_303,skeletal_compression_fracture,skeletal_compression_fracture:category=Absent,-0.004409339162981119
main,outer_001_feature_303,skeletal_compression_fracture,skeletal_compression_fracture:category=__missing__,0.0017949599483167633
main,outer_001_feature_304,skull_base_lytic_sclerotic_lesions,skull_base_lytic_sclerotic_lesions:category=Present,0.0
main,outer_001_feature_304,skull_base_lytic_sclerotic_lesions,skull_base_lytic_sclerotic_lesions:category=Absent,0.020712106819235018
main,outer_001_feature_304,skull_base_lytic_sclerotic_lesions,skull_base_lytic_sclerotic_lesions:category=__missing__,-0.020724913688435227
main,outer_001_feature_305,smoking_abstinence_date,smoking_abstinence_date:value,0.0
main,outer_001_feature_305,smoking_abstinence_date,smoking_abstinence_date:missing,-1.280686920023083e-05
main,outer_001_feature_306,smoking_cessation_duration,smoking_cessation_duration:category=<= 5 years,0.014461092073278585
main,outer_001_feature_306,smoking_cessation_duration,smoking_cessation_duration:category=5-10 years,0.0032198206524970234
main,outer_001_feature_306,smoking_cessation_duration,smoking_cessation_duration:category=> 10 years,-0.01872755560227341
main,outer_001_feature_306,smoking_cessation_duration,smoking_cessation_duration:category=__missing__,0.0010338360072975692
main,outer_001_feature_307,smoking_status,smoking_status:category=Never smoker,-0.003572485946386141
main,outer_001_feature_307,smoking_status,smoking_status:category=Former smoker,0.0030968975961221485
main,outer_001_feature_307,smoking_status,smoking_status:category=Current smoker,-0.0010069957756018595
main,outer_001_feature_307,smoking_status,smoking_status:category=__missing__,0.001469777256665636
main,outer_001_feature_308,stk11_mutation_status,stk11_mutation_status:category=Mutated,0.009503137752744084
main,outer_001_feature_308,stk11_mutation_status,stk11_mutation_status:category=Wild-type,-0.011757286042869927
main,outer_001_feature_308,stk11_mutation_status,stk11_mutation_status:category=__missing__,0.0022413414209255934
main,outer_001_feature_309,subdural_hemorrhage,subdural_hemorrhage:category=present,0.0
main,outer_001_feature_309,subdural_hemorrhage,subdural_hemorrhage:category=absent,-0.03699858480263465
main,outer_001_feature_309,subdural_hemorrhage,subdural_hemorrhage:category=__missing__,0.036985777933434355
main,outer_001_feature_310,sulci_and_cisterns_appearance,sulci_and_cisterns_appearance:category=unremarkable,-0.0027547938379949514
main,outer_001_feature_310,sulci_and_cisterns_appearance,sulci_and_cisterns_appearance:category=abnormal,-0.0027669053961968354
main,outer_001_feature_310,sulci_and_cisterns_appearance,sulci_and_cisterns_appearance:category=__missing__,0.005508892364991539
main,outer_001_feature_311,surgical_margin_status,surgical_margin_status:category=Negative,0.0019955150055988254
main,outer_001_feature_311,surgical_margin_status,surgical_margin_status:category=Positive,0.0014824776488724205
main,outer_001_feature_311,surgical_margin_status,surgical_margin_status:category=__missing__,-0.003490799523671437
main,outer_001_feature_312,surgical_procedure,surgical_procedure:category=Yes,-0.004787717602795345
main,outer_001_feature_312,surgical_procedure,surgical_procedure:category=No,0.006689389293535718
main,outer_001_feature_312,surgical_procedure,surgical_procedure:category=__missing__,-0.001914478559940599
main,outer_001_feature_313,systolic_blood_pressure,systolic_blood_pressure:value,-0.08874910058403745
main,outer_001_feature_313,systolic_blood_pressure,systolic_blood_pressure:missing,-0.004015600075459377
main,outer_001_feature_314,t_stage,t_stage:category=T1,0.0006367693079744819
main,outer_001_feature_314,t_stage,t_stage:category=T2a,0.02618762569058934
main,outer_001_feature_314,t_stage,t_stage:category=T2b,0.0015773333527184684
main,outer_001_feature_314,t_stage,t_stage:category=T3,-0.030672242590880923
main,outer_001_feature_314,t_stage,t_stage:category=T4,0.001441165422940609
main,outer_001_feature_314,t_stage,t_stage:category=__missing__,0.0008165419474577695
main,outer_001_feature_315,targeted_therapy_use,targeted_therapy_use:category=Yes,0.002341504324976189
main,outer_001_feature_315,targeted_therapy_use,targeted_therapy_use:category=No,-0.0051978561186497765
main,outer_001_feature_315,targeted_therapy_use,targeted_therapy_use:category=__missing__,0.0028435449244733017
main,outer_001_feature_316,test_ngs_performed,test_ngs_performed:category=Yes,0.001705830856206032
main,outer_001_feature_316,test_ngs_performed,test_ngs_performed:category=No,0.0
main,outer_001_feature_316,test_ngs_performed,test_ngs_performed:category=__missing__,-0.0017186377254062527
main,outer_001_feature_317,thyromegaly_presence,thyromegaly_presence:category=Present,-0.0009015315965921545
main,outer_001_feature_317,thyromegaly_presence,thyromegaly_presence:category=Absent,0.0028032032873325594
main,outer_001_feature_317,thyromegaly_presence,thyromegaly_presence:category=__missing__,-0.001914478559940599
main,outer_001_feature_318,tiotropium_use,tiotropium_use:category=Yes,-0.011677426413559087
main,outer_001_feature_318,tiotropium_use,tiotropium_use:category=No,0.013579098104299421
main,outer_001_feature_318,tiotropium_use,tiotropium_use:category=__missing__,-0.001914478559940599
main,outer_001_feature_319,tissue_thickening,tissue_thickening:category=Present,-0.004517108494110386
main,outer_001_feature_319,tissue_thickening,tissue_thickening:category=Absent,-0.007884049004635478
main,outer_001_feature_319,tissue_thickening,tissue_thickening:category=__missing__,0.012388350629545672
main,outer_001_feature_320,tki_therapy_use,tki_therapy_use:category=Yes,0.0027534583881865062
main,outer_001_feature_320,tki_therapy_use,tki_therapy_use:category=No,-0.006029091004264899
main,outer_001_feature_320,tki_therapy_use,tki_therapy_use:category=__missing__,0.00326282574687812
main,outer_001_feature_321,tobacco_smoking_history,tobacco_smoking_history:value,-0.0412018977694301
main,outer_001_feature_321,tobacco_smoking_history,tobacco_smoking_history:missing,0.001786273060703218
main,outer_001_feature_322,total_bilirubin,total_bilirubin:value,-0.02706878965354166
main,outer_001_feature_322,total_bilirubin,total_bilirubin:missing,-0.004956614609981268
main,outer_001_feature_323,tp53_mutation_status,tp53_mutation_status:category=Mutant,-0.0018270577175562715
main,outer_001_feature_323,tp53_mutation_status,tp53_mutation_status:category=Wild-type,0.0
main,outer_001_feature_323,tp53_mutation_status,tp53_mutation_status:category=__missing__,0.001814250848356056
main,outer_001_feature_324,tp53_r273h_mutation_status,tp53_r273h_mutation_status:category=Present,-0.0033648012877887257
main,outer_001_feature_324,tp53_r273h_mutation_status,tp53_r273h_mutation_status:category=Absent,7.650970792226896e-05
main,outer_001_feature_324,tp53_r273h_mutation_status,tp53_r273h_mutation_status:category=__missing__,0.0032754847106662203
main,outer_001_feature_325,tps_score,tps_score:value,-0.005428354237575431
main,outer_001_feature_325,tps_score,tps_score:missing,0.000516181155306442
main,outer_001_feature_326,transependymal_flow,transependymal_flow:category=Present,0.0
main,outer_001_feature_326,transependymal_flow,transependymal_flow:category=Absent,0.016029457178884685
main,outer_001_feature_326,transependymal_flow,transependymal_flow:category=__missing__,-0.01604226404808488
main,outer_001_feature_327,treatment_cycle_frequency,treatment_cycle_frequency:value,-0.0033462833288608424
main,outer_001_feature_327,treatment_cycle_frequency,treatment_cycle_frequency:missing,-0.004622134996031052
main,outer_001_feature_328,treatment_goals,treatment_goals:category=ambulation,0.0013965809939430842
main,outer_001_feature_328,treatment_goals,treatment_goals:category=disease progression,0.00326538563943082
main,outer_001_feature_328,treatment_goals,treatment_goals:category=symptom management,-0.002652250371584145
main,outer_001_feature_328,treatment_goals,treatment_goals:category=__missing__,-0.0020225231309899698
main,outer_001_feature_329,treatment_response,treatment_response:category=Complete Response,-0.0008935088939442833
main,outer_001_feature_329,treatment_response,treatment_response:category=Partial Response,-0.006388059735500484
main,outer_001_feature_329,treatment_response,treatment_response:category=Stable Disease,-0.0017433507184345086
main,outer_001_feature_329,treatment_response,treatment_response:category=Progressive Disease,0.004396552089970083
main,outer_001_feature_329,treatment_response,treatment_response:category=__missing__,0.0046155603887089785
main,outer_001_feature_330,ttf1_expression,ttf1_expression:category=Positive,-0.0012375432245382895
main,outer_001_feature_330,ttf1_expression,ttf1_expression:category=Negative,-0.0007814856140486084
main,outer_001_feature_330,ttf1_expression,ttf1_expression:category=__missing__,0.0020062219693866624
main,outer_001_feature_331,tumor_cell_presence,tumor_cell_presence:category=Present,-0.005439613716557705
main,outer_001_feature_331,tumor_cell_presence,tumor_cell_presence:category=Absent,0.0
main,outer_001_feature_331,tumor_cell_presence,tumor_cell_presence:category=__missing__,0.0054268068473574925
main,outer_001_feature_332,tumor_differentiation,tumor_differentiation:category=Well-differentiated,-0.0013007008459108014
main,outer_001_feature_332,tumor_differentiation,tumor_differentiation:category=Moderately differentiated,-0.02194734030656531
main,outer_001_feature_332,tumor_differentiation,tumor_differentiation:category=Poorly differentiated,0.010371159683836971
main,outer_001_feature_332,tumor_differentiation,tumor_differentiation:category=__missing__,0.012864074599438871
main,outer_001_feature_333,tumor_invasion,tumor_invasion:category=Present,-0.013898131877619398
main,outer_001_feature_333,tumor_invasion,tumor_invasion:category=Absent,-0.010164714548426011
main,outer_001_feature_333,tumor_invasion,tumor_invasion:category=__missing__,0.024050039556845218
main,outer_001_feature_334,tumor_mutational_burden,tumor_mutational_burden:category=Low,0.0042678673075728585
main,outer_001_feature_334,tumor_mutational_burden,tumor_mutational_burden:category=Intermediate,-0.004778380093142719
main,outer_001_feature_334,tumor_mutational_burden,tumor_mutational_burden:category=High,0.0005094188660860748
main,outer_001_feature_334,tumor_mutational_burden,tumor_mutational_burden:category=__missing__,-1.1712949716458426e-05
main,outer_001_feature_335,ulceration,ulceration:category=Present,-0.0013061398003934876
main,outer_001_feature_335,ulceration,ulceration:category=Absent,0.0016102950515296493
main,outer_001_feature_335,ulceration,ulceration:category=__missing__,-0.00031696212033641987
main,outer_001_feature_336,unintended_weight_change,unintended_weight_change:value,0.05896774663016824
main,outer_001_feature_336,unintended_weight_change,unintended_weight_change:missing,0.021376477364286925
main,outer_001_feature_337,variant_allele_frequency,variant_allele_frequency:value,-0.018424403678265793
main,outer_001_feature_337,variant_allele_frequency,variant_allele_frequency:missing,0.006071616728191994
main,outer_001_feature_338,vasogenic_edema_presence,vasogenic_edema_presence:category=Present,0.0007860822233626348
main,outer_001_feature_338,vasogenic_edema_presence,vasogenic_edema_presence:category=Absent,0.007480976823329889
main,outer_001_feature_338,vasogenic_edema_presence,vasogenic_edema_presence:category=__missing__,-0.008279865915892765
main,outer_001_feature_339,ventricular_edema,ventricular_edema:category=present,0.0
main,outer_001_feature_339,ventricular_edema,ventricular_edema:category=absent,-0.0057748774099304866
main,outer_001_feature_339,ventricular_edema,ventricular_edema:category=__missing__,0.005762070540730231
main,outer_001_feature_340,ventricular_hemorrhage,ventricular_hemorrhage:category=Present,0.0
main,outer_001_feature_340,ventricular_hemorrhage,ventricular_hemorrhage:category=Absent,-0.0035299672659258657
main,outer_001_feature_340,ventricular_hemorrhage,ventricular_hemorrhage:category=__missing__,0.003517160396725661
main,outer_001_feature_341,ventricular_size,ventricular_size:category=Normal,-0.007945904558565958
main,outer_001_feature_341,ventricular_size,ventricular_size:category=Enlarged,0.0
main,outer_001_feature_341,ventricular_size,ventricular_size:category=__missing__,0.007933097689365736
main,outer_001_feature_342,vertebral_metastasis_presence,vertebral_metastasis_presence:category=Present,-0.01829760350451345
main,outer_001_feature_342,vertebral_metastasis_presence,vertebral_metastasis_presence:category=Absent,0.018572982652525792
main,outer_001_feature_342,vertebral_metastasis_presence,vertebral_metastasis_presence:category=__missing__,-0.00028818601721255046
main,outer_001_feature_343,vinorelbine_administered,vinorelbine_administered:category=Yes,0.0023287658169752474
main,outer_001_feature_343,vinorelbine_administered,vinorelbine_administered:category=No,-0.004761354485281107
main,outer_001_feature_343,vinorelbine_administered,vinorelbine_administered:category=__missing__,0.0024197817991056373
main,outer_001_feature_344,visual_field_deficit,visual_field_deficit:category=Present,-0.0012362705506571725
main,outer_001_feature_344,visual_field_deficit,visual_field_deficit:category=Absent,0.0011929321776762325
main,outer_001_feature_344,visual_field_deficit,visual_field_deficit:category=__missing__,3.0531503780718865e-05
main,outer_001_feature_345,vitamin_deficiency_anemia,vitamin_deficiency_anemia:category=Present,-0.0033144061546163993
main,outer_001_feature_345,vitamin_deficiency_anemia,vitamin_deficiency_anemia:category=Absent,-0.001153562462181604
main,outer_001_feature_345,vitamin_deficiency_anemia,vitamin_deficiency_anemia:category=__missing__,0.004455161747597801
main,outer_001_feature_346,vitamin_supplement_use,vitamin_supplement_use:category=Yes,7.854145777419733e-05
main,outer_001_feature_346,vitamin_supplement_use,vitamin_supplement_use:category=No,-0.006781979333477564
main,outer_001_feature_346,vitamin_supplement_use,vitamin_supplement_use:category=__missing__,0.006690631006503117
main,outer_001_feature_347,weight,weight:value,0.015239251694998025
main,outer_001_feature_347,weight,weight:missing,-0.004694016351970157
main,outer_001_feature_348,wheezing_presence,wheezing_presence:category=Present,-0.011591436070490263
main,outer_001_feature_348,wheezing_presence,wheezing_presence:category=Absent,0.007308460532849726
main,outer_001_feature_348,wheezing_presence,wheezing_presence:category=__missing__,0.00427016866844032
main,outer_001_feature_349,white_blood_cell_count,white_blood_cell_count:value,-0.02843804100575149
main,outer_001_feature_349,white_blood_cell_count,white_blood_cell_count:missing,0.006492106647197441
main,outer_001_feature_350,who_grade,who_grade:category=1,0.0
main,outer_001_feature_350,who_grade,who_grade:category=2,-0.005903345060454519
main,outer_001_feature_350,who_grade,who_grade:category=3,0.0
main,outer_001_feature_350,who_grade,who_grade:category=4,0.0
main,outer_001_feature_350,who_grade,who_grade:category=__missing__,0.005890538191254316
main,outer_001_feature_351,whole_brain_radiation_therapy,whole_brain_radiation_therapy:category=Yes,-0.008482231428843424
main,outer_001_feature_351,whole_brain_radiation_therapy,whole_brain_radiation_therapy:category=No,-0.0014187912869641482
main,outer_001_feature_351,whole_brain_radiation_therapy,whole_brain_radiation_therapy:category=__missing__,0.009888215846607325
main,outer_001_feature_352,zoledronic_acid_dose_frequency,zoledronic_acid_dose_frequency:category=q1 week,-0.0006852055851922338
main,outer_001_feature_352,zoledronic_acid_dose_frequency,zoledronic_acid_dose_frequency:category=q2 weeks,0.0
main,outer_001_feature_352,zoledronic_acid_dose_frequency,zoledronic_acid_dose_frequency:category=q4 weeks,-0.008252377841978718
main,outer_001_feature_352,zoledronic_acid_dose_frequency,zoledronic_acid_dose_frequency:category=q3 months,0.005545291175130153
main,outer_001_feature_352,zoledronic_acid_dose_frequency,zoledronic_acid_dose_frequency:category=once,0.0
main,outer_001_feature_352,zoledronic_acid_dose_frequency,zoledronic_acid_dose_frequency:category=__missing__,0.0033794853828405425
interaction,outer_001_feature_001,absolute_lymphocyte_count,absolute_lymphocyte_count:value,0.029406664319680555
interaction,outer_001_feature_001,absolute_lymphocyte_count,absolute_lymphocyte_count:missing,0.010593885090098313
interaction,outer_001_feature_002,absolute_neutrophil_count,absolute_neutrophil_count:value,-0.026251100793612155
interaction,outer_001_feature_002,absolute_neutrophil_count,absolute_neutrophil_count:missing,0.002140969954833141
interaction,outer_001_feature_003,acetaminophen_administered,acetaminophen_administered:category=Yes,-0.004503004253596484
interaction,outer_001_feature_003,acetaminophen_administered,acetaminophen_administered:category=No,-0.0003636182887458167
interaction,outer_001_feature_003,acetaminophen_administered,acetaminophen_administered:category=__missing__,0.005732677565847012
interaction,outer_001_feature_004,actionable_molecular_alterations,actionable_molecular_alterations:category=Present,0.006760172862764005
interaction,outer_001_feature_004,actionable_molecular_alterations,actionable_molecular_alterations:category=Absent,-0.003602528248324501
interaction,outer_001_feature_004,actionable_molecular_alterations,actionable_molecular_alterations:category=__missing__,-0.0022915895909347947
interaction,outer_001_feature_005,acute_kidney_injury_history,acute_kidney_injury_history:category=Yes,0.002336783929495338
interaction,outer_001_feature_005,acute_kidney_injury_history,acute_kidney_injury_history:category=No,0.0
interaction,outer_001_feature_005,acute_kidney_injury_history,acute_kidney_injury_history:category=__missing__,-0.0014707289059906245
interaction,outer_001_feature_006,adjuvant_chemotherapy_administered,adjuvant_chemotherapy_administered:category=Yes,-0.016385106249913527
interaction,outer_001_feature_006,adjuvant_chemotherapy_administered,adjuvant_chemotherapy_administered:category=No,0.0
interaction,outer_001_feature_006,adjuvant_chemotherapy_administered,adjuvant_chemotherapy_administered:category=__missing__,0.017251161273418216
interaction,outer_001_feature_007,adrenal_metastasis_presence,adrenal_metastasis_presence:category=Present,0.0107044783366481
interaction,outer_001_feature_007,adrenal_metastasis_presence,adrenal_metastasis_presence:category=Absent,-0.008188082481278657
interaction,outer_001_feature_007,adrenal_metastasis_presence,adrenal_metastasis_presence:category=__missing__,-0.0016503408318647337
interaction,outer_001_feature_008,adrenal_nodule_size,adrenal_nodule_size:value,-0.03382526097951598
interaction,outer_001_feature_008,adrenal_nodule_size,adrenal_nodule_size:missing,-0.009089341747604087
interaction,outer_001_feature_009,age,age:value,-0.03791652992868624
interaction,outer_001_feature_009,age,age:missing,-0.0022915895909347947
interaction,outer_001_feature_010,airway_involvement,airway_involvement:category=Present,0.00614890572704606
interaction,outer_001_feature_010,airway_involvement,airway_involvement:category=Absent,-0.00013380869483194712
interaction,outer_001_feature_010,airway_involvement,airway_involvement:category=__missing__,-0.0051490420087094094
interaction,outer_001_feature_011,albuterol_use,albuterol_use:category=Yes,-0.005691383812919765
interaction,outer_001_feature_011,albuterol_use,albuterol_use:category=No,0.0017014384014282394
interaction,outer_001_feature_011,albuterol_use,albuterol_use:category=__missing__,0.004856000434996244
interaction,outer_001_feature_012,alcohol_use,alcohol_use:value,0.020025074925813575
interaction,outer_001_feature_012,alcohol_use,alcohol_use:missing,0.0023727974561187485
interaction,outer_001_feature_013,alk_mutation_status,alk_mutation_status:category=Wild Type,0.0008466330271641159
interaction,outer_001_feature_013,alk_mutation_status,alk_mutation_status:category=Positive,-0.0004123031650607094
interaction,outer_001_feature_013,alk_mutation_status,alk_mutation_status:category=__missing__,0.00043172516140130545
interaction,outer_001_feature_014,alk_rearrangement_status,alk_rearrangement_status:category=Positive,0.0
interaction,outer_001_feature_014,alk_rearrangement_status,alk_rearrangement_status:category=Negative,-0.0004745800511956842
interaction,outer_001_feature_014,alk_rearrangement_status,alk_rearrangement_status:category=__missing__,0.0013406350747003969
interaction,outer_001_feature_015,alkaline_phosphatase_level,alkaline_phosphatase_level:value,-0.03298271239933681
interaction,outer_001_feature_015,alkaline_phosphatase_level,alkaline_phosphatase_level:missing,0.0029797313760333067
interaction,outer_001_feature_016,alt_level,alt_level:value,-0.014023272262997068
interaction,outer_001_feature_016,alt_level,alt_level:missing,0.010695126863456491
interaction,outer_001_feature_017,ambulation_status,ambulation_status:category=Independent,0.02289350429982969
interaction,outer_001_feature_017,ambulation_status,ambulation_status:category=Assisted,-0.018743180542690915
interaction,outer_001_feature_017,ambulation_status,ambulation_status:category=Non-ambulatory,-0.0003636182887458167
interaction,outer_001_feature_017,ambulation_status,ambulation_status:category=__missing__,-0.002920650444888312
interaction,outer_001_feature_018,anemia_type,anemia_type:category=microcytic,0.0
interaction,outer_001_feature_018,anemia_type,anemia_type:category=normocytic,-0.003207476767352865
interaction,outer_001_feature_018,anemia_type,anemia_type:category=macrocytic,0.0014238418275636813
interaction,outer_001_feature_018,anemia_type,anemia_type:category=__missing__,0.002649689963293875
interaction,outer_001_feature_019,anticoagulant_use,anticoagulant_use:category=Yes,0.0014526334098572756
interaction,outer_001_feature_019,anticoagulant_use,anticoagulant_use:category=No,0.01724437713348915
interaction,outer_001_feature_019,anticoagulant_use,anticoagulant_use:category=__missing__,-0.01783095551984169
interaction,outer_001_feature_020,antidiabetic_use,antidiabetic_use:category=Yes,0.0
interaction,outer_001_feature_020,antidiabetic_use,antidiabetic_use:category=No,0.0004872659281478702
interaction,outer_001_feature_020,antidiabetic_use,antidiabetic_use:category=__missing__,0.0003787890953568309
interaction,outer_001_feature_021,antihypertensive_use,antihypertensive_use:category=Yes,-0.004864057135648733
interaction,outer_001_feature_021,antihypertensive_use,antihypertensive_use:category=No,0.0028344875419031583
interaction,outer_001_feature_021,antihypertensive_use,antihypertensive_use:category=__missing__,0.002895624617250272
interaction,outer_001_feature_022,anxiety_present,anxiety_present:category=Present,0.013649267648721207
interaction,outer_001_feature_022,anxiety_present,anxiety_present:category=Absent,-0.0124800085698144
interaction,outer_001_feature_022,anxiety_present,anxiety_present:category=__missing__,-0.0003032040554021141
interaction,outer_001_feature_023,appendectomy_history,appendectomy_history:category=Yes,0.008437537673337088
interaction,outer_001_feature_023,appendectomy_history,appendectomy_history:category=No,-0.007077935156641368
interaction,outer_001_feature_023,appendectomy_history,appendectomy_history:category=__missing__,-0.0004935474931910086
interaction,outer_001_feature_024,appetite_status,appetite_status:category=Normal,0.005674662046301372
interaction,outer_001_feature_024,appetite_status,appetite_status:category=Decreased,-0.002642975851070762
interaction,outer_001_feature_024,appetite_status,appetite_status:category=__missing__,-0.0021656311717258964
interaction,outer_001_feature_025,asbestos_exposure_history,asbestos_exposure_history:category=Yes,0.0005524112371444519
interaction,outer_001_feature_025,asbestos_exposure_history,asbestos_exposure_history:category=No,0.0
interaction,outer_001_feature_025,asbestos_exposure_history,asbestos_exposure_history:category=__missing__,0.00031364378636026033
interaction,outer_001_feature_026,ast_level,ast_level:value,0.0074623384274663815
interaction,outer_001_feature_026,ast_level,ast_level:missing,0.004235214568350416
interaction,outer_001_feature_027,atorvastatin_dose,atorvastatin_dose:value,-0.008797976229393335
interaction,outer_001_feature_027,atorvastatin_dose,atorvastatin_dose:missing,0.005715328915903109
interaction,outer_001_feature_028,atrial_fibrillation_presence,atrial_fibrillation_presence:category=Present,0.0
interaction,outer_001_feature_028,atrial_fibrillation_presence,atrial_fibrillation_presence:category=Absent,0.001169259078906821
interaction,outer_001_feature_028,atrial_fibrillation_presence,atrial_fibrillation_presence:category=__missing__,-0.0003032040554021141
interaction,outer_001_feature_029,audiogram_status,audiogram_status:category=Normal,0.0
interaction,outer_001_feature_029,audiogram_status,audiogram_status:category=Abnormal,0.0
interaction,outer_001_feature_029,audiogram_status,audiogram_status:category=__missing__,0.0008660550235047074
interaction,outer_001_feature_030,axial_structure_abnormality,axial_structure_abnormality:category=Present,-0.00337980652222249
interaction,outer_001_feature_030,axial_structure_abnormality,axial_structure_abnormality:category=Absent,0.012212633769150832
interaction,outer_001_feature_030,axial_structure_abnormality,axial_structure_abnormality:category=__missing__,-0.00796677222342364
interaction,outer_001_feature_031,azithromycin_use,azithromycin_use:category=Yes,-0.0027738732142266772
interaction,outer_001_feature_031,azithromycin_use,azithromycin_use:category=No,0.004098417183209478
interaction,outer_001_feature_031,azithromycin_use,azithromycin_use:category=__missing__,-0.0004584889454780811
interaction,outer_001_feature_032,biomarker_egfr_status,biomarker_egfr_status:category=Wild type,0.006025683057474172
interaction,outer_001_feature_032,biomarker_egfr_status,biomarker_egfr_status:category=Mutant,0.0006123217984864012
interaction,outer_001_feature_032,biomarker_egfr_status,biomarker_egfr_status:category=__missing__,-0.005771949832455876
interaction,outer_001_feature_033,biomarker_fgfr_status,biomarker_fgfr_status:value,0.011004064397530234
interaction,outer_001_feature_033,biomarker_fgfr_status,biomarker_fgfr_status:missing,-0.0034395353779191054
interaction,outer_001_feature_034,biopsy_method,biopsy_method:category=Bronchoscopic,0.0150114326160943
interaction,outer_001_feature_034,biopsy_method,biopsy_method:category=Needle biopsy,-0.016555926471222473
interaction,outer_001_feature_034,biopsy_method,biopsy_method:category=__missing__,0.0024105488786329045
interaction,outer_001_feature_035,bisphosphonate_therapy_status,bisphosphonate_therapy_status:category=Yes,-0.003595275500118693
interaction,outer_001_feature_035,bisphosphonate_therapy_status,bisphosphonate_therapy_status:category=No,0.004919819469101469
interaction,outer_001_feature_035,bisphosphonate_therapy_status,bisphosphonate_therapy_status:category=__missing__,-0.0004584889454780811
interaction,outer_001_feature_036,blood_pressure,blood_pressure:value,-0.029911764132886872
interaction,outer_001_feature_036,blood_pressure,blood_pressure:missing,-0.0036886556403780647
interaction,outer_001_feature_037,blood_urea_nitrogen,blood_urea_nitrogen:value,-0.02367651259564849
interaction,outer_001_feature_037,blood_urea_nitrogen,blood_urea_nitrogen:missing,-0.0017735817355332129
interaction,outer_001_feature_038,bmi,bmi:value,0.0010558465447273156
interaction,outer_001_feature_038,bmi,bmi:missing,0.0134395034955739
interaction,outer_001_feature_039,body_temperature,body_temperature:value,0.011797333881930322
interaction,outer_001_feature_039,body_temperature,body_temperature:missing,-0.006588936843951929
interaction,outer_001_feature_040,body_weight,body_weight:value,-0.0024812189538929398
interaction,outer_001_feature_040,body_weight,body_weight:missing,-0.006115152477060127
interaction,outer_001_feature_041,bolus_dose_confirmed,bolus_dose_confirmed:category=Confirmed,0.0
interaction,outer_001_feature_041,bolus_dose_confirmed,bolus_dose_confirmed:category=Not Confirmed,-0.0005816328066537203
interaction,outer_001_feature_041,bolus_dose_confirmed,bolus_dose_confirmed:category=__missing__,0.0014476878301584197
interaction,outer_001_feature_042,bone_lesion_characteristics,bone_lesion_characteristics:category=Lytic,0.004758923487375487
interaction,outer_001_feature_042,bone_lesion_characteristics,bone_lesion_characteristics:category=Blastic,-0.0005414501219989724
interaction,outer_001_feature_042,bone_lesion_characteristics,bone_lesion_characteristics:category=Mixed,-0.001785483369321613
interaction,outer_001_feature_042,bone_lesion_characteristics,bone_lesion_characteristics:category=__missing__,-0.0015659349725502063
interaction,outer_001_feature_043,bone_metastasis_presence,bone_metastasis_presence:category=present,0.006414817312917287
interaction,outer_001_feature_043,bone_metastasis_presence,bone_metastasis_presence:category=absent,0.0019750340142509794
interaction,outer_001_feature_043,bone_metastasis_presence,bone_metastasis_presence:category=__missing__,-0.007523796303663542
interaction,outer_001_feature_044,bone_pain_location,bone_pain_location:category=Thoracic spine,0.009469581024221267
interaction,outer_001_feature_044,bone_pain_location,bone_pain_location:category=Lumbar spine,-0.009531482954149014
interaction,outer_001_feature_044,bone_pain_location,bone_pain_location:category=Femur,-0.001492040927517228
interaction,outer_001_feature_044,bone_pain_location,bone_pain_location:category=Pelvis,0.0007768133138236709
interaction,outer_001_feature_044,bone_pain_location,bone_pain_location:category=Cervical spine,0.0
interaction,outer_001_feature_044,bone_pain_location,bone_pain_location:category=Other,0.013024190389355636
interaction,outer_001_feature_044,bone_pain_location,bone_pain_location:category=__missing__,-0.011381005822229628
interaction,outer_001_feature_045,bone_pain_status,bone_pain_status:category=Present,0.019957647107569695
interaction,outer_001_feature_045,bone_pain_status,bone_pain_status:category=Absent,-0.01499945380248276
interaction,outer_001_feature_045,bone_pain_status,bone_pain_status:category=__missing__,-0.004092138281582226
interaction,outer_001_feature_046,booster_vaccination_indication,booster_vaccination_indication:category=Indicated,0.0032590569797663624
interaction,outer_001_feature_046,booster_vaccination_indication,booster_vaccination_indication:category=Not indicated,0.0
interaction,outer_001_feature_046,booster_vaccination_indication,booster_vaccination_indication:category=__missing__,-0.0023930019562616377
interaction,outer_001_feature_047,braf_mutation_status,braf_mutation_status:category=Wild-type,-0.0035492106155155627
interaction,outer_001_feature_047,braf_mutation_status,braf_mutation_status:category=Mutated,0.0
interaction,outer_001_feature_047,braf_mutation_status,braf_mutation_status:category=__missing__,0.0044152656390202775
interaction,outer_001_feature_048,brain_edema_status,brain_edema_status:category=Present,-0.0032953581281517028
interaction,outer_001_feature_048,brain_edema_status,brain_edema_status:category=Absent,-0.0003443169041663199
interaction,outer_001_feature_048,brain_edema_status,brain_edema_status:category=__missing__,0.004505730055822757
interaction,outer_001_feature_049,brain_lesion_count,brain_lesion_count:value,0.027666163437209977
interaction,outer_001_feature_049,brain_lesion_count,brain_lesion_count:missing,0.014005114885719401
interaction,outer_001_feature_050,brain_lesion_size,brain_lesion_size:value,0.0014308995627221363
interaction,outer_001_feature_050,brain_lesion_size,brain_lesion_size:missing,-0.005439386496288777
interaction,outer_001_feature_051,brain_metastases_location,brain_metastases_location:category=Frontal,0.0071440567175029505
interaction,outer_001_feature_051,brain_metastases_location,brain_metastases_location:category=Parietal,0.0020481606992987533
interaction,outer_001_feature_051,brain_metastases_location,brain_metastases_location:category=Temporal,0.0008682978358341199
interaction,outer_001_feature_051,brain_metastases_location,brain_metastases_location:category=Occipital,0.0
interaction,outer_001_feature_051,brain_metastases_location,brain_metastases_location:category=__missing__,-0.00919446022913111
interaction,outer_001_feature_052,brain_metastases_presence,brain_metastases_presence:category=present,0.009452391024449103
interaction,outer_001_feature_052,brain_metastases_presence,brain_metastases_presence:category=absent,-0.01748854945729914
interaction,outer_001_feature_052,brain_metastases_presence,brain_metastases_presence:category=__missing__,0.008902213456354736
interaction,outer_001_feature_053,brain_structure_enhancement,brain_structure_enhancement:category=Present,0.007768352235358209
interaction,outer_001_feature_053,brain_structure_enhancement,brain_structure_enhancement:category=Absent,-0.01066392766414604
interaction,outer_001_feature_053,brain_structure_enhancement,brain_structure_enhancement:category=__missing__,0.0037616304522925114
interaction,outer_001_feature_054,brainstem_signal,brainstem_signal:category=Normal,-0.011978791524841829
interaction,outer_001_feature_054,brainstem_signal,brainstem_signal:category=Abnormal,-0.0008434549003884125
interaction,outer_001_feature_054,brainstem_signal,brainstem_signal:category=__missing__,0.013688301448734974
interaction,outer_001_feature_055,brainstem_size,brainstem_size:category=Normal,-0.008594172644909566
interaction,outer_001_feature_055,brainstem_size,brainstem_size:category=Abnormal,-0.0013144322913419726
interaction,outer_001_feature_055,brainstem_size,brainstem_size:category=__missing__,0.010774659959756256
interaction,outer_001_feature_056,calorie_intake,calorie_intake:category=low,-0.0033121419410604017
interaction,outer_001_feature_056,calorie_intake,calorie_intake:category=adequate,-0.005364486322268512
interaction,outer_001_feature_056,calorie_intake,calorie_intake:category=high,0.0014832112582476701
interaction,outer_001_feature_056,calorie_intake,calorie_intake:category=__missing__,0.008059472028585962
interaction,outer_001_feature_057,calvarium_lytic_sclerotic_lesions,calvarium_lytic_sclerotic_lesions:category=Present,-0.0028064088815120633
interaction,outer_001_feature_057,calvarium_lytic_sclerotic_lesions,calvarium_lytic_sclerotic_lesions:category=Absent,0.0037006320821747567
interaction,outer_001_feature_057,calvarium_lytic_sclerotic_lesions,calvarium_lytic_sclerotic_lesions:category=__missing__,-2.8168177157974622e-05
interaction,outer_001_feature_058,cancer_diagnosis,cancer_diagnosis:category=Yes,0.0035716916899484305
interaction,outer_001_feature_058,cancer_diagnosis,cancer_diagnosis:category=No,0.0
interaction,outer_001_feature_058,cancer_diagnosis,cancer_diagnosis:category=__missing__,-0.0027056366664437144
interaction,outer_001_feature_059,cancer_location,cancer_location:category=Lung,0.0035716916899484305
interaction,outer_001_feature_059,cancer_location,cancer_location:category=Upper Abdomen,0.0
interaction,outer_001_feature_059,cancer_location,cancer_location:category=Iliac Crest,0.0
interaction,outer_001_feature_059,cancer_location,cancer_location:category=Liver Segment VII,0.0
interaction,outer_001_feature_059,cancer_location,cancer_location:category=__missing__,-0.0027056366664437144
interaction,outer_001_feature_060,cancer_related_fatigue_severity,cancer_related_fatigue_severity:category=0,-0.0008304113284985425
interaction,outer_001_feature_060,cancer_related_fatigue_severity,cancer_related_fatigue_severity:category=1,-0.0038955250692829513
interaction,outer_001_feature_060,cancer_related_fatigue_severity,cancer_related_fatigue_severity:category=2,-0.0030602400090168984
interaction,outer_001_feature_060,cancer_related_fatigue_severity,cancer_related_fatigue_severity:category=3,0.005347267702265029
interaction,outer_001_feature_060,cancer_related_fatigue_severity,cancer_related_fatigue_severity:category=4,-0.0005748940726403166
interaction,outer_001_feature_060,cancer_related_fatigue_severity,cancer_related_fatigue_severity:category=__missing__,0.003879857800678375
interaction,outer_001_feature_061,carboplatin_administered,carboplatin_administered:category=Yes,-0.0162074611970954
interaction,outer_001_feature_061,carboplatin_administered,carboplatin_administered:category=No,0.012915540443464707
interaction,outer_001_feature_061,carboplatin_administered,carboplatin_administered:category=__missing__,0.004157975777135421
interaction,outer_001_feature_062,cataracts,cataracts:category=Present,0.0
interaction,outer_001_feature_062,cataracts,cataracts:category=Absent,0.0
interaction,outer_001_feature_062,cataracts,cataracts:category=__missing__,0.0008660550235047074
interaction,outer_001_feature_063,cavernous_sinus_enhancement,cavernous_sinus_enhancement:category=Present,0.0
interaction,outer_001_feature_063,cavernous_sinus_enhancement,cavernous_sinus_enhancement:category=Absent,1.1951313247250355e-05
interaction,outer_001_feature_063,cavernous_sinus_enhancement,cavernous_sinus_enhancement:category=__missing__,0.0008541037102574706
interaction,outer_001_feature_064,cdkn2a_mutation_status,cdkn2a_mutation_status:category=homozygous deletion,0.006660881325617738
interaction,outer_001_feature_064,cdkn2a_mutation_status,cdkn2a_mutation_status:category=wild-type,-0.006030100319143301
interaction,outer_001_feature_064,cdkn2a_mutation_status,cdkn2a_mutation_status:category=__missing__,0.00023527401703027896
interaction,outer_001_feature_065,cea_level,cea_level:value,-0.021062166160579952
interaction,outer_001_feature_065,cea_level,cea_level:missing,0.004333909408526453
interaction,outer_001_feature_066,cefepime_use,cefepime_use:category=Yes,0.0012809796419263712
interaction,outer_001_feature_066,cefepime_use,cefepime_use:category=No,-0.004572900395557077
interaction,outer_001_feature_066,cefepime_use,cefepime_use:category=__missing__,0.004157975777135421
interaction,outer_001_feature_067,cerebellar_hemisphere_signal,cerebellar_hemisphere_signal:category=Normal,-0.00288857084454765
interaction,outer_001_feature_067,cerebellar_hemisphere_signal,cerebellar_hemisphere_signal:category=Abnormal,-0.0001488313290938037
interaction,outer_001_feature_067,cerebellar_hemisphere_signal,cerebellar_hemisphere_signal:category=__missing__,0.003903457197146164
interaction,outer_001_feature_068,cerebellar_hemisphere_size,cerebellar_hemisphere_size:category=normal,0.0019803512670284744
interaction,outer_001_feature_068,cerebellar_hemisphere_size,cerebellar_hemisphere_size:category=enlarged,-0.0008710800704307682
interaction,outer_001_feature_068,cerebellar_hemisphere_size,cerebellar_hemisphere_size:category=atrophic,0.0
interaction,outer_001_feature_068,cerebellar_hemisphere_size,cerebellar_hemisphere_size:category=small,-0.0010366458646887812
interaction,outer_001_feature_068,cerebellar_hemisphere_size,cerebellar_hemisphere_size:category=__missing__,0.0007934296915957843
interaction,outer_001_feature_069,cerebellar_white_matter_lesion_presence,cerebellar_white_matter_lesion_presence:category=Present,-0.0007161753891069736
interaction,outer_001_feature_069,cerebellar_white_matter_lesion_presence,cerebellar_white_matter_lesion_presence:category=Absent,0.0
interaction,outer_001_feature_069,cerebellar_white_matter_lesion_presence,cerebellar_white_matter_lesion_presence:category=__missing__,0.001582230412611683
interaction,outer_001_feature_070,cerebral_gray_matter_signal_intensity,cerebral_gray_matter_signal_intensity:category=normal,-0.0009976007901503338
interaction,outer_001_feature_070,cerebral_gray_matter_signal_intensity,cerebral_gray_matter_signal_intensity:category=increased,-0.0010680021446782264
interaction,outer_001_feature_070,cerebral_gray_matter_signal_intensity,cerebral_gray_matter_signal_intensity:category=decreased,0.0
interaction,outer_001_feature_070,cerebral_gray_matter_signal_intensity,cerebral_gray_matter_signal_intensity:category=__missing__,0.0029316579583332637
interaction,outer_001_feature_071,cerebral_white_matter_signal_intensity,cerebral_white_matter_signal_intensity:category=Normal,0.0011059481911966757
interaction,outer_001_feature_071,cerebral_white_matter_signal_intensity,cerebral_white_matter_signal_intensity:category=Abnormal,-0.005978536697768878
interaction,outer_001_feature_071,cerebral_white_matter_signal_intensity,cerebral_white_matter_signal_intensity:category=__missing__,0.005738643530076919
interaction,outer_001_feature_072,chemotherapy_cycle_count,chemotherapy_cycle_count:value,0.00898416644360781
interaction,outer_001_feature_072,chemotherapy_cycle_count,chemotherapy_cycle_count:missing,0.00022983904372798905
interaction,outer_001_feature_073,chemotherapy_regimen,chemotherapy_regimen:category=Pemetrexed,0.002961505527991392
interaction,outer_001_feature_073,chemotherapy_regimen,chemotherapy_regimen:category=Cisplatin + Pemetrexed,-0.013324498109567413
interaction,outer_001_feature_073,chemotherapy_regimen,chemotherapy_regimen:category=Taxane-based,0.006732514771525861
interaction,outer_001_feature_073,chemotherapy_regimen,chemotherapy_regimen:category=__missing__,0.004496532833554878
interaction,outer_001_feature_074,cholecystectomy_history,cholecystectomy_history:category=Yes,-0.00195791506769158
interaction,outer_001_feature_074,cholecystectomy_history,cholecystectomy_history:category=No,0.0
interaction,outer_001_feature_074,cholecystectomy_history,cholecystectomy_history:category=__missing__,0.0028239700911962835
interaction,outer_001_feature_075,chronic_kidney_disease_stage,chronic_kidney_disease_stage:category=Stage 1,-0.0011857525848899956
interaction,outer_001_feature_075,chronic_kidney_disease_stage,chronic_kidney_disease_stage:category=Stage 2,0.00025977594870609514
interaction,outer_001_feature_075,chronic_kidney_disease_stage,chronic_kidney_disease_stage:category=Stage 3,-0.008058336096613015
interaction,outer_001_feature_075,chronic_kidney_disease_stage,chronic_kidney_disease_stage:category=Stage 4,0.0
interaction,outer_001_feature_075,chronic_kidney_disease_stage,chronic_kidney_disease_stage:category=Stage 5,0.0015309506827938467
interaction,outer_001_feature_075,chronic_kidney_disease_stage,chronic_kidney_disease_stage:category=__missing__,0.008319417073507796
interaction,outer_001_feature_076,ck5_6_expression,ck5_6_expression:category=Positive,0.01334716401940868
interaction,outer_001_feature_076,ck5_6_expression,ck5_6_expression:category=Negative,-0.0172858919547079
interaction,outer_001_feature_076,ck5_6_expression,ck5_6_expression:category=__missing__,0.0048047829588039066
interaction,outer_001_feature_077,ck7_expression,ck7_expression:category=Positive,-0.0092214602882695
interaction,outer_001_feature_077,ck7_expression,ck7_expression:category=Negative,0.00511312930320957
interaction,outer_001_feature_077,ck7_expression,ck7_expression:category=__missing__,0.004974386008564641
interaction,outer_001_feature_078,clinical_decline,clinical_decline:category=Yes,-0.00783250095716168
interaction,outer_001_feature_078,clinical_decline,clinical_decline:category=No,-0.003420010737328161
interaction,outer_001_feature_078,clinical_decline,clinical_decline:category=__missing__,0.012118566717994533
interaction,outer_001_feature_079,clinical_phenotype,clinical_phenotype:category=mild,-0.0008292201226578976
interaction,outer_001_feature_079,clinical_phenotype,clinical_phenotype:category=intermediate,0.0038648981359940635
interaction,outer_001_feature_079,clinical_phenotype,clinical_phenotype:category=severe,0.0027733365949315528
interaction,outer_001_feature_079,clinical_phenotype,clinical_phenotype:category=__missing__,-0.0049429595847630126
interaction,outer_001_feature_080,clinical_severity_score,clinical_severity_score:category=0,0.0
interaction,outer_001_feature_080,clinical_severity_score,clinical_severity_score:category=1,-0.0014154461933824371
interaction,outer_001_feature_080,clinical_severity_score,clinical_severity_score:category=2,0.006068668428773839
interaction,outer_001_feature_080,clinical_severity_score,clinical_severity_score:category=3,-0.007602979980780021
interaction,outer_001_feature_080,clinical_severity_score,clinical_severity_score:category=4,0.0006483957621335283
interaction,outer_001_feature_080,clinical_severity_score,clinical_severity_score:category=__missing__,0.0031674170067598094
interaction,outer_001_feature_081,community_acquired_pneumonia_presence,community_acquired_pneumonia_presence:category=Present,0.0026034039357638876
interaction,outer_001_feature_081,community_acquired_pneumonia_presence,community_acquired_pneumonia_presence:category=Absent,-0.0045276619502663705
interaction,outer_001_feature_081,community_acquired_pneumonia_presence,community_acquired_pneumonia_presence:category=__missing__,0.002790313038007184
interaction,outer_001_feature_082,comorbidities,comorbidities:value,0.0007770473785134054
interaction,outer_001_feature_082,comorbidities,comorbidities:missing,0.002790313038007184
interaction,outer_001_feature_083,complete_blood_count_result,complete_blood_count_result:category=Normal,-0.0074691912608002
interaction,outer_001_feature_083,complete_blood_count_result,complete_blood_count_result:category=Abnormal,-0.0009411638843605899
interaction,outer_001_feature_083,complete_blood_count_result,complete_blood_count_result:category=__missing__,0.009276410168665506
interaction,outer_001_feature_084,comprehensive_metabolic_panel_result,comprehensive_metabolic_panel_result:category=Normal,-0.0026684921081232774
interaction,outer_001_feature_084,comprehensive_metabolic_panel_result,comprehensive_metabolic_panel_result:category=Abnormal,-0.0030136596295108576
interaction,outer_001_feature_084,comprehensive_metabolic_panel_result,comprehensive_metabolic_panel_result:category=__missing__,0.006548206761138839
interaction,outer_001_feature_085,confusion_present,confusion_present:category=present,0.0024769083143806763
interaction,outer_001_feature_085,confusion_present,confusion_present:category=absent,-0.0016108532908759544
interaction,outer_001_feature_085,confusion_present,confusion_present:category=__missing__,0.0
interaction,outer_001_feature_086,contrast_agent_concentration,contrast_agent_concentration:value,0.010460135067597564
interaction,outer_001_feature_086,contrast_agent_concentration,contrast_agent_concentration:missing,0.01534631740385537
interaction,outer_001_feature_087,copd_presence,copd_presence:category=Present,-0.004028273816649291
interaction,outer_001_feature_087,copd_presence,copd_presence:category=Absent,-0.0032988056562389353
interaction,outer_001_feature_087,copd_presence,copd_presence:category=__missing__,0.008193134496392945
interaction,outer_001_feature_088,copd_severity,copd_severity:category=Mild,-0.00048204215787479404
interaction,outer_001_feature_088,copd_severity,copd_severity:category=Moderate,-0.005513753703357403
interaction,outer_001_feature_088,copd_severity,copd_severity:category=Severe,0.0
interaction,outer_001_feature_088,copd_severity,copd_severity:category=Very Severe,0.0
interaction,outer_001_feature_088,copd_severity,copd_severity:category=__missing__,0.006861850884736927
interaction,outer_001_feature_089,coronary_artery_disease,coronary_artery_disease:category=Present,0.0004247265224722521
interaction,outer_001_feature_089,coronary_artery_disease,coronary_artery_disease:category=Absent,-0.0014835248204854077
interaction,outer_001_feature_089,coronary_artery_disease,coronary_artery_disease:category=__missing__,0.0019248533215178503
interaction,outer_001_feature_090,cough_presence,cough_presence:category=present,-0.0020680404153440614
interaction,outer_001_feature_090,cough_presence,cough_presence:category=absent,0.0012687428594258972
interaction,outer_001_feature_090,cough_presence,cough_presence:category=__missing__,0.0016653525794228853
interaction,outer_001_feature_091,cough_productivity,cough_productivity:category=productive,0.0018763712521046333
interaction,outer_001_feature_091,cough_productivity,cough_productivity:category=non-productive,0.001286348183826451
interaction,outer_001_feature_091,cough_productivity,cough_productivity:category=__missing__,-0.002296664412426371
interaction,outer_001_feature_092,cough_severity,cough_severity:category=1,-0.0052194429929415444
interaction,outer_001_feature_092,cough_severity,cough_severity:category=2,0.0006470663984524482
interaction,outer_001_feature_092,cough_severity,cough_severity:category=3,0.0006278827270926531
interaction,outer_001_feature_092,cough_severity,cough_severity:category=4,-0.00035049180202272626
interaction,outer_001_feature_092,cough_severity,cough_severity:category=__missing__,0.005161040692923872
interaction,outer_001_feature_093,covid19_infection_status,covid19_infection_status:category=Positive,0.0
interaction,outer_001_feature_093,covid19_infection_status,covid19_infection_status:category=Negative,-0.0022134652919863665
interaction,outer_001_feature_093,covid19_infection_status,covid19_infection_status:category=__missing__,0.003079520315491075
interaction,outer_001_feature_094,cranial_nerve_ii_vi_status,cranial_nerve_ii_vi_status:category=unremarkable,0.0009991795143238578
interaction,outer_001_feature_094,cranial_nerve_ii_vi_status,cranial_nerve_ii_vi_status:category=abnormal,0.0
interaction,outer_001_feature_094,cranial_nerve_ii_vi_status,cranial_nerve_ii_vi_status:category=__missing__,-0.00013312449081914415
interaction,outer_001_feature_095,creatinine_clearance,creatinine_clearance:value,0.020426482066581205
interaction,outer_001_feature_095,creatinine_clearance,creatinine_clearance:missing,0.0014501787516574998
interaction,outer_001_feature_096,creatinine_level,creatinine_level:value,-0.0004572332947662186
interaction,outer_001_feature_096,creatinine_level,creatinine_level:missing,-0.0008777411080442438
interaction,outer_001_feature_097,crp_level,crp_level:value,-0.006744214573582001
interaction,outer_001_feature_097,crp_level,crp_level:missing,0.0038183991534306095
interaction,outer_001_feature_098,current_medications,current_medications:category=Yes,0.00016738205281363112
interaction,outer_001_feature_098,current_medications,current_medications:category=No,0.0015764140787353244
interaction,outer_001_feature_098,current_medications,current_medications:category=__missing__,-0.0008777411080442438
interaction,outer_001_feature_099,deconditioning,deconditioning:category=mild,-0.010241082188205469
interaction,outer_001_feature_099,deconditioning,deconditioning:category=moderate,-0.00610301385120386
interaction,outer_001_feature_099,deconditioning,deconditioning:category=severe,-0.005064053305630079
interaction,outer_001_feature_099,deconditioning,deconditioning:category=__missing__,0.02227420436854415
interaction,outer_001_feature_100,diastolic_blood_pressure,diastolic_blood_pressure:value,-0.003354229801287048
interaction,outer_001_feature_100,diastolic_blood_pressure,diastolic_blood_pressure:missing,-0.0020760612053230673
interaction,outer_001_feature_101,disease_recurrence,disease_recurrence:category=Present,-0.008459398392224808
interaction,outer_001_feature_101,disease_recurrence,disease_recurrence:category=Absent,0.0009429691154694154
interaction,outer_001_feature_101,disease_recurrence,disease_recurrence:category=__missing__,0.008382484300260085
interaction,outer_001_feature_102,disease_status,disease_status:category=No Evidence of Disease,-0.0041127197904071554
interaction,outer_001_feature_102,disease_status,disease_status:category=Active Disease,0.006324517868739412
interaction,outer_001_feature_102,disease_status,disease_status:category=__missing__,-0.001345743054827541
interaction,outer_001_feature_103,dizziness_present,dizziness_present:category=Present,-0.00030318473229581266
interaction,outer_001_feature_103,dizziness_present,dizziness_present:category=Absent,-0.01521494216357861
interaction,outer_001_feature_103,dizziness_present,dizziness_present:category=__missing__,0.016384181919379192
interaction,outer_001_feature_104,dural_sinus_patency,dural_sinus_patency:category=Patent,-0.005602993409302521
interaction,outer_001_feature_104,dural_sinus_patency,dural_sinus_patency:category=Non-patent,0.0
interaction,outer_001_feature_104,dural_sinus_patency,dural_sinus_patency:category=__missing__,0.006469048432807258
interaction,outer_001_feature_105,dysplasia_status,dysplasia_status:category=Present,0.0
interaction,outer_001_feature_105,dysplasia_status,dysplasia_status:category=Absent,0.000668996591627087
interaction,outer_001_feature_105,dysplasia_status,dysplasia_status:category=__missing__,0.0001970584318776331
interaction,outer_001_feature_106,dyspnea,dyspnea:category=None,-0.0005455945413544222
interaction,outer_001_feature_106,dyspnea,dyspnea:category=Mild,-0.004268491424847285
interaction,outer_001_feature_106,dyspnea,dyspnea:category=Moderate,0.0074212852290765794
interaction,outer_001_feature_106,dyspnea,dyspnea:category=Severe,-0.0020250429162339397
interaction,outer_001_feature_106,dyspnea,dyspnea:category=Life-threatening,0.0
interaction,outer_001_feature_106,dyspnea,dyspnea:category=__missing__,0.0002838986768637866
interaction,outer_001_feature_107,dyspnea_on_exertion,dyspnea_on_exertion:category=Present,-0.00016520267008107972
interaction,outer_001_feature_107,dyspnea_on_exertion,dyspnea_on_exertion:category=Absent,0.000912715780603631
interaction,outer_001_feature_107,dyspnea_on_exertion,dyspnea_on_exertion:category=__missing__,0.0001185419129821535
interaction,outer_001_feature_108,dyspnea_severity,dyspnea_severity:category=0,-0.001568487748181761
interaction,outer_001_feature_108,dyspnea_severity,dyspnea_severity:category=1,-0.015487460142776329
interaction,outer_001_feature_108,dyspnea_severity,dyspnea_severity:category=2,0.009943296100943372
interaction,outer_001_feature_108,dyspnea_severity,dyspnea_severity:category=3,-0.001043532756690688
interaction,outer_001_feature_108,dyspnea_severity,dyspnea_severity:category=4,0.0
interaction,outer_001_feature_108,dyspnea_severity,dyspnea_severity:category=__missing__,0.00902223957021011
interaction,outer_001_feature_109,ecog_performance_status,ecog_performance_status:category=0,0.013234111167378116
interaction,outer_001_feature_109,ecog_performance_status,ecog_performance_status:category=1,0.021172037909817705
interaction,outer_001_feature_109,ecog_performance_status,ecog_performance_status:category=2,-0.015262438075638662
interaction,outer_001_feature_109,ecog_performance_status,ecog_performance_status:category=3,-0.016568294634479067
interaction,outer_001_feature_109,ecog_performance_status,ecog_performance_status:category=4,-0.0003636182887458167
interaction,outer_001_feature_109,ecog_performance_status,ecog_performance_status:category=5,0.0
interaction,outer_001_feature_109,ecog_performance_status,ecog_performance_status:category=__missing__,-0.001345743054827541
interaction,outer_001_feature_110,edema_presence,edema_presence:category=present,-0.004309108819018344
interaction,outer_001_feature_110,edema_presence,edema_presence:category=absent,0.006876752073078242
interaction,outer_001_feature_110,edema_presence,edema_presence:category=__missing__,-0.0017015882305551917
interaction,outer_001_feature_111,egfr_mutation_status,egfr_mutation_status:category=Wild-type,0.007514722840705861
interaction,outer_001_feature_111,egfr_mutation_status,egfr_mutation_status:category=Mutant,0.00212582191370062
interaction,outer_001_feature_111,egfr_mutation_status,egfr_mutation_status:category=__missing__,-0.008774489730901764
interaction,outer_001_feature_112,embolism_presence,embolism_presence:category=Present,0.0006547476810532171
interaction,outer_001_feature_112,embolism_presence,embolism_presence:category=Absent,-0.0017018032063154242
interaction,outer_001_feature_112,embolism_presence,embolism_presence:category=__missing__,0.0019131105487669193
interaction,outer_001_feature_113,emphysema,emphysema:category=Present,0.01432421546271716
interaction,outer_001_feature_113,emphysema,emphysema:category=Absent,-0.011783315483858525
interaction,outer_001_feature_113,emphysema,emphysema:category=__missing__,-0.0016748449553539231
interaction,outer_001_feature_114,employment_status,employment_status:category=Employed,0.028610476780384527
interaction,outer_001_feature_114,employment_status,employment_status:category=Retired,-0.02650717922258866
interaction,outer_001_feature_114,employment_status,employment_status:category=Unemployed,0.000608442385493275
interaction,outer_001_feature_114,employment_status,employment_status:category=Student,0.0
interaction,outer_001_feature_114,employment_status,employment_status:category=Disabled,-0.002121694340557531
interaction,outer_001_feature_114,employment_status,employment_status:category=__missing__,0.0002760094207731196
interaction,outer_001_feature_115,enzyme_elevation,enzyme_elevation:category=Present,-0.0037370167297332674
interaction,outer_001_feature_115,enzyme_elevation,enzyme_elevation:category=Absent,-0.0011128643031273976
interaction,outer_001_feature_115,enzyme_elevation,enzyme_elevation:category=__missing__,0.00571593605636538
interaction,outer_001_feature_116,eortc_qlq_c30_cognitive_function,eortc_qlq_c30_cognitive_function:value,-0.0023311477757880683
interaction,outer_001_feature_116,eortc_qlq_c30_cognitive_function,eortc_qlq_c30_cognitive_function:missing,0.0018852925795769895
interaction,outer_001_feature_117,eortc_qlq_c30_emotional_function,eortc_qlq_c30_emotional_function:value,-0.002656293404228279
interaction,outer_001_feature_117,eortc_qlq_c30_emotional_function,eortc_qlq_c30_emotional_function:missing,0.0016653374799833606
interaction,outer_001_feature_118,eortc_qlq_c30_global_health,eortc_qlq_c30_global_health:value,0.003376485079286918
interaction,outer_001_feature_118,eortc_qlq_c30_global_health,eortc_qlq_c30_global_health:missing,2.8412909938427828e-05
interaction,outer_001_feature_119,eortc_qlq_c30_nausea,eortc_qlq_c30_nausea:value,0.01052286455641365
interaction,outer_001_feature_119,eortc_qlq_c30_nausea,eortc_qlq_c30_nausea:missing,0.002944580675469246
interaction,outer_001_feature_120,eortc_qlq_c30_physical_function,eortc_qlq_c30_physical_function:value,0.006823360605544164
interaction,outer_001_feature_120,eortc_qlq_c30_physical_function,eortc_qlq_c30_physical_function:missing,-0.0011243257337753391
interaction,outer_001_feature_121,eortc_qlq_c30_social_function,eortc_qlq_c30_social_function:value,0.00948493529602704
interaction,outer_001_feature_121,eortc_qlq_c30_social_function,eortc_qlq_c30_social_function:missing,0.0022699747771374747
interaction,outer_001_feature_122,epidural_hemorrhage,epidural_hemorrhage:category=present,0.0
interaction,outer_001_feature_122,epidural_hemorrhage,epidural_hemorrhage:category=absent,0.009664634979226334
interaction,outer_001_feature_122,epidural_hemorrhage,epidural_hemorrhage:category=__missing__,-0.00879857995572162
interaction,outer_001_feature_123,erythema_presence,erythema_presence:category=Present,0.008327500396707668
interaction,outer_001_feature_123,erythema_presence,erythema_presence:category=Absent,-0.010022312159060779
interaction,outer_001_feature_123,erythema_presence,erythema_presence:category=__missing__,0.0025608667858578026
interaction,outer_001_feature_124,esophagitis,esophagitis:category=Present,0.00122143481973729
interaction,outer_001_feature_124,esophagitis,esophagitis:category=Absent,-0.00439626227702821
interaction,outer_001_feature_124,esophagitis,esophagitis:category=__missing__,0.004040882480795648
interaction,outer_001_feature_125,estimated_glomerular_filtration_rate,estimated_glomerular_filtration_rate:value,0.02163164217729544
interaction,outer_001_feature_125,estimated_glomerular_filtration_rate,estimated_glomerular_filtration_rate:missing,-0.0004182745728319485
interaction,outer_001_feature_126,exercise_duration,exercise_duration:value,0.008537670528259707
interaction,outer_001_feature_126,exercise_duration,exercise_duration:missing,0.004274084232623521
interaction,outer_001_feature_127,extra_axial_fluid_collection,extra_axial_fluid_collection:category=Present,-0.002187696495191894
interaction,outer_001_feature_127,extra_axial_fluid_collection,extra_axial_fluid_collection:category=Absent,0.01844296999974623
interaction,outer_001_feature_127,extra_axial_fluid_collection,extra_axial_fluid_collection:category=__missing__,-0.015389218481049582
interaction,outer_001_feature_128,extra_ocular_muscle_appearance,extra_ocular_muscle_appearance:category=Normal,-1.4100411862260155e-05
interaction,outer_001_feature_128,extra_ocular_muscle_appearance,extra_ocular_muscle_appearance:category=Abnormal,0.0
interaction,outer_001_feature_128,extra_ocular_muscle_appearance,extra_ocular_muscle_appearance:category=__missing__,0.0008801554353669587
interaction,outer_001_feature_129,extremity_exam_findings,extremity_exam_findings:category=Normal,0.007222645560104363
interaction,outer_001_feature_129,extremity_exam_findings,extremity_exam_findings:category=Abnormal,0.002224553639276821
interaction,outer_001_feature_129,extremity_exam_findings,extremity_exam_findings:category=__missing__,-0.008581144175876455
interaction,outer_001_feature_130,family_history_of_breast_cancer,family_history_of_breast_cancer:category=Yes,-0.0015532495237534402
interaction,outer_001_feature_130,family_history_of_breast_cancer,family_history_of_breast_cancer:category=No,0.006164748399659834
interaction,outer_001_feature_130,family_history_of_breast_cancer,family_history_of_breast_cancer:category=__missing__,-0.003745443852401689
interaction,outer_001_feature_131,family_history_of_colon_cancer,family_history_of_colon_cancer:category=Yes,-0.00291272780848311
interaction,outer_001_feature_131,family_history_of_colon_cancer,family_history_of_colon_cancer:category=No,0.002339468480591184
interaction,outer_001_feature_131,family_history_of_colon_cancer,family_history_of_colon_cancer:category=__missing__,0.001439314351396642
interaction,outer_001_feature_132,family_history_of_lung_cancer,family_history_of_lung_cancer:category=Yes,0.0033813540127027152
interaction,outer_001_feature_132,family_history_of_lung_cancer,family_history_of_lung_cancer:category=No,-0.007268347251781408
interaction,outer_001_feature_132,family_history_of_lung_cancer,family_history_of_lung_cancer:category=__missing__,0.0047530482625834074
interaction,outer_001_feature_133,family_history_of_myocardial_infarction,family_history_of_myocardial_infarction:category=Yes,0.008578624106890679
interaction,outer_001_feature_133,family_history_of_myocardial_infarction,family_history_of_myocardial_infarction:category=No,0.0
interaction,outer_001_feature_133,family_history_of_myocardial_infarction,family_history_of_myocardial_infarction:category=__missing__,-0.007712569083385959
interaction,outer_001_feature_134,fatigue,fatigue:category=0,0.0
interaction,outer_001_feature_134,fatigue,fatigue:category=1,-0.0036896116135597587
interaction,outer_001_feature_134,fatigue,fatigue:category=2,-0.0045776684061903305
interaction,outer_001_feature_134,fatigue,fatigue:category=3,0.008961166974771863
interaction,outer_001_feature_134,fatigue,fatigue:category=4,-0.0012232898347738453
interaction,outer_001_feature_134,fatigue,fatigue:category=__missing__,0.0013954579032567785
interaction,outer_001_feature_135,febrile_neutropenia_presence,febrile_neutropenia_presence:category=Present,-0.005528932785910197
interaction,outer_001_feature_135,febrile_neutropenia_presence,febrile_neutropenia_presence:category=Absent,0.002539910751306566
interaction,outer_001_feature_135,febrile_neutropenia_presence,febrile_neutropenia_presence:category=__missing__,0.0038550770581083317
interaction,outer_001_feature_136,fgfr1_amplification_status,fgfr1_amplification_status:category=Amplified,0.0027320881436237
interaction,outer_001_feature_136,fgfr1_amplification_status,fgfr1_amplification_status:category=Not Amplified,-0.006867714167559268
interaction,outer_001_feature_136,fgfr1_amplification_status,fgfr1_amplification_status:category=__missing__,0.005001681047440282
interaction,outer_001_feature_137,focal_intra_axial_lesion,focal_intra_axial_lesion:category=Present,0.00784959305429588
interaction,outer_001_feature_137,focal_intra_axial_lesion,focal_intra_axial_lesion:category=Absent,-0.019050424066431128
interaction,outer_001_feature_137,focal_intra_axial_lesion,focal_intra_axial_lesion:category=__missing__,0.01206688603563996
interaction,outer_001_feature_138,gadolinium_contrast_use,gadolinium_contrast_use:category=Yes,0.0006566235716797954
interaction,outer_001_feature_138,gadolinium_contrast_use,gadolinium_contrast_use:category=No,-0.001970303303999001
interaction,outer_001_feature_138,gadolinium_contrast_use,gadolinium_contrast_use:category=__missing__,0.0021797347558239247
interaction,outer_001_feature_139,gemcitabine_tolerance,gemcitabine_tolerance:category=Tolerated,-0.005274431015169983
interaction,outer_001_feature_139,gemcitabine_tolerance,gemcitabine_tolerance:category=Not Tolerated,0.0
interaction,outer_001_feature_139,gemcitabine_tolerance,gemcitabine_tolerance:category=__missing__,0.00614048603867471
interaction,outer_001_feature_140,gender_identity,gender_identity:category=Male,0.012967326139108823
interaction,outer_001_feature_140,gender_identity,gender_identity:category=Female,-0.014086836465244156
interaction,outer_001_feature_140,gender_identity,gender_identity:category=Other,-0.00015614400350828835
interaction,outer_001_feature_140,gender_identity,gender_identity:category=__missing__,0.002141709353148304
interaction,outer_001_feature_141,gene_amplification_status,gene_amplification_status:category=Amplified,-0.01742493554976405
interaction,outer_001_feature_141,gene_amplification_status,gene_amplification_status:category=Non-amplified,0.011443414119424341
interaction,outer_001_feature_141,gene_amplification_status,gene_amplification_status:category=__missing__,0.006847576453844425
interaction,outer_001_feature_142,genetic_mutation_status,genetic_mutation_status:category=Mutant,0.0009833377879215064
interaction,outer_001_feature_142,genetic_mutation_status,genetic_mutation_status:category=Wild-type,0.0
interaction,outer_001_feature_142,genetic_mutation_status,genetic_mutation_status:category=__missing__,-0.00011728276441680414
interaction,outer_001_feature_143,genomic_dna_input_amount,genomic_dna_input_amount:value,-0.0006359947029177075
interaction,outer_001_feature_143,genomic_dna_input_amount,genomic_dna_input_amount:missing,-0.00832269723379551
interaction,outer_001_feature_144,gerd_presence,gerd_presence:category=Present,0.0050688211108819515
interaction,outer_001_feature_144,gerd_presence,gerd_presence:category=Absent,-0.0023669515537017762
interaction,outer_001_feature_144,gerd_presence,gerd_presence:category=__missing__,-0.0018358145336754717
interaction,outer_001_feature_145,globe_appearance,globe_appearance:category=Normal,-0.003386083833745388
interaction,outer_001_feature_145,globe_appearance,globe_appearance:category=Abnormal,-0.0018339197660885381
interaction,outer_001_feature_145,globe_appearance,globe_appearance:category=__missing__,0.006086058623338627
interaction,outer_001_feature_146,glucose_level,glucose_level:value,0.011289567813098308
interaction,outer_001_feature_146,glucose_level,glucose_level:missing,0.00956374238048701
interaction,outer_001_feature_147,growth_factor_support_use,growth_factor_support_use:category=Yes,-0.0007991152919068584
interaction,outer_001_feature_147,growth_factor_support_use,growth_factor_support_use:category=No,0.0006924057893755249
interaction,outer_001_feature_147,growth_factor_support_use,growth_factor_support_use:category=__missing__,0.0009727645260360447
interaction,outer_001_feature_148,head_shape_and_trauma_status,head_shape_and_trauma_status:category=Normocephalic atraumatic,0.0009833377879215064
interaction,outer_001_feature_148,head_shape_and_trauma_status,head_shape_and_trauma_status:category=Abnormal,0.0
interaction,outer_001_feature_148,head_shape_and_trauma_status,head_shape_and_trauma_status:category=__missing__,-0.00011728276441680414
interaction,outer_001_feature_149,headache_presence,headache_presence:category=Present,-0.003974143566683171
interaction,outer_001_feature_149,headache_presence,headache_presence:category=Absent,0.005117346281665336
interaction,outer_001_feature_149,headache_presence,headache_presence:category=__missing__,-0.0002771476914774444
interaction,outer_001_feature_150,heart_rate,heart_rate:value,0.002405791583333135
interaction,outer_001_feature_150,heart_rate,heart_rate:missing,-0.0004236546742329701
interaction,outer_001_feature_151,heent_exam_status,heent_exam_status:category=Normal,0.0019641210176479574
interaction,outer_001_feature_151,heent_exam_status,heent_exam_status:category=Abnormal,-0.00016436277108181798
interaction,outer_001_feature_151,heent_exam_status,heent_exam_status:category=__missing__,-0.0009337032230614323
interaction,outer_001_feature_152,height,height:value,-0.009116108850158936
interaction,outer_001_feature_152,height,height:missing,-0.0014860907418404277
interaction,outer_001_feature_153,hematocrit,hematocrit:value,-0.027854374744900424
interaction,outer_001_feature_153,hematocrit,hematocrit:missing,-0.016875870462158042
interaction,outer_001_feature_154,hematuria,hematuria:category=Present,0.0
interaction,outer_001_feature_154,hematuria,hematuria:category=Absent,0.006897141445985072
interaction,outer_001_feature_154,hematuria,hematuria:category=__missing__,-0.0060310864224803655
interaction,outer_001_feature_155,hemoglobin_level,hemoglobin_level:value,-0.019535510371468997
interaction,outer_001_feature_155,hemoglobin_level,hemoglobin_level:missing,-0.00023944863494696652
interaction,outer_001_feature_156,hemoptysis_presence,hemoptysis_presence:category=Present,0.0012446585507940875
interaction,outer_001_feature_156,hemoptysis_presence,hemoptysis_presence:category=Absent,-0.0009317943370860091
interaction,outer_001_feature_156,hemoptysis_presence,hemoptysis_presence:category=__missing__,0.0005531908097966289
interaction,outer_001_feature_157,hernia_repair_history,hernia_repair_history:category=Yes,0.0010786348433141552
interaction,outer_001_feature_157,hernia_repair_history,hernia_repair_history:category=No,-0.0009922443017080426
interaction,outer_001_feature_157,hernia_repair_history,hernia_repair_history:category=__missing__,0.0007796644818985931
interaction,outer_001_feature_158,hilar_lymphadenopathy_presence,hilar_lymphadenopathy_presence:category=Present,0.0068250934250539035
interaction,outer_001_feature_158,hilar_lymphadenopathy_presence,hilar_lymphadenopathy_presence:category=Absent,-0.0030304792591293373
interaction,outer_001_feature_158,hilar_lymphadenopathy_presence,hilar_lymphadenopathy_presence:category=__missing__,-0.0029285591424198293
interaction,outer_001_feature_159,hyperlipidemia_status,hyperlipidemia_status:category=Present,-0.009969819075147894
interaction,outer_001_feature_159,hyperlipidemia_status,hyperlipidemia_status:category=Absent,0.010056209616754021
interaction,outer_001_feature_159,hyperlipidemia_status,hyperlipidemia_status:category=__missing__,0.0007796644818985931
interaction,outer_001_feature_160,hypertension_status,hypertension_status:category=Present,-0.004606989839530044
interaction,outer_001_feature_160,hypertension_status,hypertension_status:category=Absent,0.0046933803811361465
interaction,outer_001_feature_160,hypertension_status,hypertension_status:category=__missing__,0.0007796644818985931
interaction,outer_001_feature_161,hypothyroidism_presence,hypothyroidism_presence:category=Present,0.0015268325984633664
interaction,outer_001_feature_161,hypothyroidism_presence,hypothyroidism_presence:category=Absent,-0.003186592908712281
interaction,outer_001_feature_161,hypothyroidism_presence,hypothyroidism_presence:category=__missing__,0.0025258153337536205
interaction,outer_001_feature_162,illicit_drug_use,illicit_drug_use:category=Yes,0.0
interaction,outer_001_feature_162,illicit_drug_use,illicit_drug_use:category=No,0.005003735804168674
interaction,outer_001_feature_162,illicit_drug_use,illicit_drug_use:category=__missing__,-0.004137680780663964
interaction,outer_001_feature_163,imaging_ct_scan_performed,imaging_ct_scan_performed:category=Yes,-0.0005347998516645988
interaction,outer_001_feature_163,imaging_ct_scan_performed,imaging_ct_scan_performed:category=No,-0.00025950074209496536
interaction,outer_001_feature_163,imaging_ct_scan_performed,imaging_ct_scan_performed:category=__missing__,0.0016603556172642856
interaction,outer_001_feature_164,imaging_finding_cerebellar_fdg_uptake,imaging_finding_cerebellar_fdg_uptake:category=Normal,-0.002988550221768637
interaction,outer_001_feature_164,imaging_finding_cerebellar_fdg_uptake,imaging_finding_cerebellar_fdg_uptake:category=Decreased,0.0003356640838326877
interaction,outer_001_feature_164,imaging_finding_cerebellar_fdg_uptake,imaging_finding_cerebellar_fdg_uptake:category=Increased,-0.002046624645543696
interaction,outer_001_feature_164,imaging_finding_cerebellar_fdg_uptake,imaging_finding_cerebellar_fdg_uptake:category=__missing__,0.005565565806984368
interaction,outer_001_feature_165,imaging_finding_right_lower_lobe_mass,imaging_finding_right_lower_lobe_mass:category=Present,-0.013739157401759246
interaction,outer_001_feature_165,imaging_finding_right_lower_lobe_mass,imaging_finding_right_lower_lobe_mass:category=Absent,0.004989713127602423
interaction,outer_001_feature_165,imaging_finding_right_lower_lobe_mass,imaging_finding_right_lower_lobe_mass:category=__missing__,0.009615499297661539
interaction,outer_001_feature_166,imaging_finding_upper_lobe_mass,imaging_finding_upper_lobe_mass:category=Present,0.0037349605753225867
interaction,outer_001_feature_166,imaging_finding_upper_lobe_mass,imaging_finding_upper_lobe_mass:category=Absent,-0.0139536749820484
interaction,outer_001_feature_166,imaging_finding_upper_lobe_mass,imaging_finding_upper_lobe_mass:category=__missing__,0.011084769430230526
interaction,outer_001_feature_167,imaging_mri_performed,imaging_mri_performed:category=Yes,-0.001535680215518806
interaction,outer_001_feature_167,imaging_mri_performed,imaging_mri_performed:category=No,0.0007413796217592269
interaction,outer_001_feature_167,imaging_mri_performed,imaging_mri_performed:category=__missing__,0.0016603556172642856
interaction,outer_001_feature_168,imaging_pet_suv_max,imaging_pet_suv_max:value,-0.0023814064016696866
interaction,outer_001_feature_168,imaging_pet_suv_max,imaging_pet_suv_max:missing,0.00339939697407361
interaction,outer_001_feature_169,immunotherapy_type,immunotherapy_type:category=Checkpoint Blockade,0.0
interaction,outer_001_feature_169,immunotherapy_type,immunotherapy_type:category=PD-1 Inhibitor,0.00288599165256236
interaction,outer_001_feature_169,immunotherapy_type,immunotherapy_type:category=PD-L1 Inhibitor,0.0002438743984531178
interaction,outer_001_feature_169,immunotherapy_type,immunotherapy_type:category=__missing__,-0.002263811027510769
interaction,outer_001_feature_170,inhaler_usage_dosage,inhaler_usage_dosage:value,0.01584853161166296
interaction,outer_001_feature_170,inhaler_usage_dosage,inhaler_usage_dosage:missing,0.015204239764027726
interaction,outer_001_feature_171,intra_orbital_enhancement,intra_orbital_enhancement:category=Present,-0.0010568190006819916
interaction,outer_001_feature_171,intra_orbital_enhancement,intra_orbital_enhancement:category=Absent,0.004035522999047877
interaction,outer_001_feature_171,intra_orbital_enhancement,intra_orbital_enhancement:category=__missing__,-0.002112648974861189
interaction,outer_001_feature_172,intra_orbital_mass,intra_orbital_mass:category=Present,-0.0010568190006819916
interaction,outer_001_feature_172,intra_orbital_mass,intra_orbital_mass:category=Absent,0.00472979345800672
interaction,outer_001_feature_172,intra_orbital_mass,intra_orbital_mass:category=__missing__,-0.002806919433820023
interaction,outer_001_feature_173,intracranial_hemorrhage,intracranial_hemorrhage:category=Present,0.0
interaction,outer_001_feature_173,intracranial_hemorrhage,intracranial_hemorrhage:category=Absent,0.004861724536551519
interaction,outer_001_feature_173,intracranial_hemorrhage,intracranial_hemorrhage:category=__missing__,-0.003995669513046802
interaction,outer_001_feature_174,jugular_venous_distention_presence,jugular_venous_distention_presence:category=present,0.0
interaction,outer_001_feature_174,jugular_venous_distention_presence,jugular_venous_distention_presence:category=absent,-0.004447103583388427
interaction,outer_001_feature_174,jugular_venous_distention_presence,jugular_venous_distention_presence:category=__missing__,0.005313158606893153
interaction,outer_001_feature_175,keap1_status,keap1_status:category=Mutated,0.00858619375844053
interaction,outer_001_feature_175,keap1_status,keap1_status:category=Wild-type,0.004993078430415427
interaction,outer_001_feature_175,keap1_status,keap1_status:category=__missing__,-0.012713217165351263
interaction,outer_001_feature_176,ki67_proliferation_index,ki67_proliferation_index:value,0.03357821726019078
interaction,outer_001_feature_176,ki67_proliferation_index,ki67_proliferation_index:missing,-0.010323695058719868
interaction,outer_001_feature_177,knee_osteoarthritis_presence,knee_osteoarthritis_presence:category=present,0.004771476999335168
interaction,outer_001_feature_177,knee_osteoarthritis_presence,knee_osteoarthritis_presence:category=absent,0.0
interaction,outer_001_feature_177,knee_osteoarthritis_presence,knee_osteoarthritis_presence:category=__missing__,-0.0039054219758304504
interaction,outer_001_feature_178,known_drug_allergies,known_drug_allergies:category=No,0.0032805757575571897
interaction,outer_001_feature_178,known_drug_allergies,known_drug_allergies:category=Yes,0.0006942545881144659
interaction,outer_001_feature_178,known_drug_allergies,known_drug_allergies:category=__missing__,-0.0031087753221669353
interaction,outer_001_feature_179,kras_g12c_variant_allele_frequency,kras_g12c_variant_allele_frequency:value,-0.024998326499737204
interaction,outer_001_feature_179,kras_g12c_variant_allele_frequency,kras_g12c_variant_allele_frequency:missing,-0.014870738575702445
interaction,outer_001_feature_180,ldh_level,ldh_level:value,-0.005393318458754529
interaction,outer_001_feature_180,ldh_level,ldh_level:missing,0.0013707038771625332
interaction,outer_001_feature_181,leptomeningeal_enhancement_presence,leptomeningeal_enhancement_presence:category=Present,0.0
interaction,outer_001_feature_181,leptomeningeal_enhancement_presence,leptomeningeal_enhancement_presence:category=Absent,-0.015334008793345224
interaction,outer_001_feature_181,leptomeningeal_enhancement_presence,leptomeningeal_enhancement_presence:category=__missing__,0.016200063816849956
interaction,outer_001_feature_182,lesion_presence,lesion_presence:category=Present,-0.0001131998751557397
interaction,outer_001_feature_182,lesion_presence,lesion_presence:category=Absent,0.0
interaction,outer_001_feature_182,lesion_presence,lesion_presence:category=__missing__,0.000979254898660463
interaction,outer_001_feature_183,lesion_size,lesion_size:value,0.021495263678547795
interaction,outer_001_feature_183,lesion_size,lesion_size:missing,0.0018447146151498
interaction,outer_001_feature_184,line_of_therapy,line_of_therapy:category=First-line,0.015123347023009659
interaction,outer_001_feature_184,line_of_therapy,line_of_therapy:category=Second-line,-0.008609901592353031
interaction,outer_001_feature_184,line_of_therapy,line_of_therapy:category=Third-line,-0.008508975015593384
interaction,outer_001_feature_184,line_of_therapy,line_of_therapy:category=Fourth-line,0.0029705983025411437
interaction,outer_001_feature_184,line_of_therapy,line_of_therapy:category=Fifth-line,0.0
interaction,outer_001_feature_184,line_of_therapy,line_of_therapy:category=__missing__,-0.00010901369409966061
interaction,outer_001_feature_185,lipid_lowering_therapy_use,lipid_lowering_therapy_use:category=Yes,-0.012616925003503959
interaction,outer_001_feature_185,lipid_lowering_therapy_use,lipid_lowering_therapy_use:category=No,-0.0002550790489988109
interaction,outer_001_feature_185,lipid_lowering_therapy_use,lipid_lowering_therapy_use:category=__missing__,0.01373805907600748
interaction,outer_001_feature_186,lisinopril_dose,lisinopril_dose:value,2.9214208175064072e-06
interaction,outer_001_feature_186,lisinopril_dose,lisinopril_dose:missing,0.005623760604873438
interaction,outer_001_feature_187,liver_function,liver_function:category=Normal,-0.001587136048430139
interaction,outer_001_feature_187,liver_function,liver_function:category=Abnormal,0.0013519572006446751
interaction,outer_001_feature_187,liver_function,liver_function:category=__missing__,0.001101233871290186
interaction,outer_001_feature_188,liver_metastasis_presence,liver_metastasis_presence:category=Present,-0.006360821252653623
interaction,outer_001_feature_188,liver_metastasis_presence,liver_metastasis_presence:category=Absent,0.005996643030437529
interaction,outer_001_feature_188,liver_metastasis_presence,liver_metastasis_presence:category=__missing__,0.0012302332457208162
interaction,outer_001_feature_189,living_situation,living_situation:category=Alone,0.0016084789396324432
interaction,outer_001_feature_189,living_situation,living_situation:category=With spouse/partner,-0.0016297179974858855
interaction,outer_001_feature_189,living_situation,living_situation:category=With child,-0.00036613065963876385
interaction,outer_001_feature_189,living_situation,living_situation:category=Other,0.0
interaction,outer_001_feature_189,living_situation,living_situation:category=__missing__,0.0012534247409969192
interaction,outer_001_feature_190,lobectomy_type,lobectomy_type:category=Right Upper Lobe,0.00047619862055551984
interaction,outer_001_feature_190,lobectomy_type,lobectomy_type:category=Right Middle Lobe,0.0
interaction,outer_001_feature_190,lobectomy_type,lobectomy_type:category=Right Lower Lobe,-0.006848101533171671
interaction,outer_001_feature_190,lobectomy_type,lobectomy_type:category=Left Upper Lobe,0.00015115694269982668
interaction,outer_001_feature_190,lobectomy_type,lobectomy_type:category=Left Lower Lobe,-0.003710890752485619
interaction,outer_001_feature_190,lobectomy_type,lobectomy_type:category=__missing__,0.010797691745906661
interaction,outer_001_feature_191,lung_auscultation_findings,lung_auscultation_findings:category=Clear,0.006856223082582428
interaction,outer_001_feature_191,lung_auscultation_findings,lung_auscultation_findings:category=Wheezes,-0.0008414635184762666
interaction,outer_001_feature_191,lung_auscultation_findings,lung_auscultation_findings:category=Rales,-0.005199048884611585
interaction,outer_001_feature_191,lung_auscultation_findings,lung_auscultation_findings:category=__missing__,5.034434401014046e-05
interaction,outer_001_feature_192,lung_cancer_histology,lung_cancer_histology:category=Adenocarcinoma,-0.01798308939764055
interaction,outer_001_feature_192,lung_cancer_histology,lung_cancer_histology:category=Squamous cell carcinoma,0.010969273362030173
interaction,outer_001_feature_192,lung_cancer_histology,lung_cancer_histology:category=Large-cell carcinoma,0.0073588940575272255
interaction,outer_001_feature_192,lung_cancer_histology,lung_cancer_histology:category=Non-small cell lung cancer,-0.0006137497113798793
interaction,outer_001_feature_192,lung_cancer_histology,lung_cancer_histology:category=__missing__,0.0011347267129677464
interaction,outer_001_feature_193,lung_cancer_stage,lung_cancer_stage:category=I,0.0022679213010430846
interaction,outer_001_feature_193,lung_cancer_stage,lung_cancer_stage:category=II,-0.012063264884627127
interaction,outer_001_feature_193,lung_cancer_stage,lung_cancer_stage:category=IIIA,-0.007343109768727405
interaction,outer_001_feature_193,lung_cancer_stage,lung_cancer_stage:category=IIIB,0.006976715401641855
interaction,outer_001_feature_193,lung_cancer_stage,lung_cancer_stage:category=IV,0.009893066261206548
interaction,outer_001_feature_193,lung_cancer_stage,lung_cancer_stage:category=__missing__,0.0011347267129677464
interaction,outer_001_feature_194,lung_disease_diagnosis,lung_disease_diagnosis:category=Present,0.00332975592716023
interaction,outer_001_feature_194,lung_disease_diagnosis,lung_disease_diagnosis:category=Absent,-0.0038579283587182244
interaction,outer_001_feature_194,lung_disease_diagnosis,lung_disease_diagnosis:category=__missing__,0.0013942274550627122
interaction,outer_001_feature_195,lung_mass_morphology,lung_mass_morphology:category=spiculated,0.012803836877339167
interaction,outer_001_feature_195,lung_mass_morphology,lung_mass_morphology:category=smooth,0.004582761407518352
interaction,outer_001_feature_195,lung_mass_morphology,lung_mass_morphology:category=lobulated,-0.0034915084918754344
interaction,outer_001_feature_195,lung_mass_morphology,lung_mass_morphology:category=irregular,-0.00896271018990193
interaction,outer_001_feature_195,lung_mass_morphology,lung_mass_morphology:category=__missing__,-0.004066324579575436
interaction,outer_001_feature_196,lung_mass_suvmax,lung_mass_suvmax:value,0.0015258230685697579
interaction,outer_001_feature_196,lung_mass_suvmax,lung_mass_suvmax:missing,0.013248717401280375
interaction,outer_001_feature_197,lymph_node_dissection_status,lymph_node_dissection_status:category=Performed,-0.013755139957257825
interaction,outer_001_feature_197,lymph_node_dissection_status,lymph_node_dissection_status:category=Not Performed,0.013226967525699806
interaction,outer_001_feature_197,lymph_node_dissection_status,lymph_node_dissection_status:category=__missing__,0.0013942274550627122
interaction,outer_001_feature_198,lymph_node_metastasis_count,lymph_node_metastasis_count:value,0.0028393174778273845
interaction,outer_001_feature_198,lymph_node_metastasis_count,lymph_node_metastasis_count:missing,0.011159856832739819
interaction,outer_001_feature_199,lymphadenopathy_status,lymphadenopathy_status:category=Present,0.0024341236929374768
interaction,outer_001_feature_199,lymphadenopathy_status,lymphadenopathy_status:category=Absent,-0.0027027953824005067
interaction,outer_001_feature_199,lymphadenopathy_status,lymphadenopathy_status:category=__missing__,0.0011347267129677464
interaction,outer_001_feature_200,m_stage,m_stage:category=M0,-0.010576672465125211
interaction,outer_001_feature_200,m_stage,m_stage:category=M1,0.008823422696442889
interaction,outer_001_feature_200,m_stage,m_stage:category=__missing__,0.0026193047921870376
interaction,outer_001_feature_201,mediastinal_lymph_node_dissection_performed,mediastinal_lymph_node_dissection_performed:category=Yes,-0.01163264175518419
interaction,outer_001_feature_201,mediastinal_lymph_node_dissection_performed,mediastinal_lymph_node_dissection_performed:category=No,-0.004930702751324358
interaction,outer_001_feature_201,mediastinal_lymph_node_dissection_performed,mediastinal_lymph_node_dissection_performed:category=__missing__,0.01742939953001325
interaction,outer_001_feature_202,mediastinal_lymph_node_status,mediastinal_lymph_node_status:category=Positive,0.005869351920961516
interaction,outer_001_feature_202,mediastinal_lymph_node_status,mediastinal_lymph_node_status:category=Negative,-0.004743796155361848
interaction,outer_001_feature_202,mediastinal_lymph_node_status,mediastinal_lymph_node_status:category=__missing__,-0.00025950074209496536
interaction,outer_001_feature_203,medication_calcium_carbonate,medication_calcium_carbonate:category=Yes,-0.01702455228691399
interaction,outer_001_feature_203,medication_calcium_carbonate,medication_calcium_carbonate:category=No,0.017890607310418718
interaction,outer_001_feature_203,medication_calcium_carbonate,medication_calcium_carbonate:category=__missing__,0.0
interaction,outer_001_feature_204,medication_cisplatin,medication_cisplatin:category=Yes,-0.020535508765140355
interaction,outer_001_feature_204,medication_cisplatin,medication_cisplatin:category=No,0.021401563788645092
interaction,outer_001_feature_204,medication_cisplatin,medication_cisplatin:category=__missing__,0.0
interaction,outer_001_feature_205,medication_denosumab,medication_denosumab:category=Yes,0.007047056545486378
interaction,outer_001_feature_205,medication_denosumab,medication_denosumab:category=No,-0.0061810015219816725
interaction,outer_001_feature_205,medication_denosumab,medication_denosumab:category=__missing__,0.0
interaction,outer_001_feature_206,medication_dexamethasone,medication_dexamethasone:category=Yes,-0.0021681856811622663
interaction,outer_001_feature_206,medication_dexamethasone,medication_dexamethasone:category=No,0.003034240704666957
interaction,outer_001_feature_206,medication_dexamethasone,medication_dexamethasone:category=__missing__,0.0
interaction,outer_001_feature_207,medication_g12c_inhibitor,medication_g12c_inhibitor:category=Yes,0.0
interaction,outer_001_feature_207,medication_g12c_inhibitor,medication_g12c_inhibitor:category=No,0.0008660550235047074
interaction,outer_001_feature_207,medication_g12c_inhibitor,medication_g12c_inhibitor:category=__missing__,0.0
interaction,outer_001_feature_208,medication_gemcitabine,medication_gemcitabine:category=Yes,-0.011921060462958212
interaction,outer_001_feature_208,medication_gemcitabine,medication_gemcitabine:category=No,0.012787115486462943
interaction,outer_001_feature_208,medication_gemcitabine,medication_gemcitabine:category=__missing__,0.0
interaction,outer_001_feature_209,medication_lisinopril,medication_lisinopril:category=Yes,-0.004879503769832276
interaction,outer_001_feature_209,medication_lisinopril,medication_lisinopril:category=No,0.005745558793336981
interaction,outer_001_feature_209,medication_lisinopril,medication_lisinopril:category=__missing__,0.0
interaction,outer_001_feature_210,medication_met_inhibitor,medication_met_inhibitor:category=Yes,0.0
interaction,outer_001_feature_210,medication_met_inhibitor,medication_met_inhibitor:category=No,-0.00528417102959256
interaction,outer_001_feature_210,medication_met_inhibitor,medication_met_inhibitor:category=__missing__,0.006150226053097262
interaction,outer_001_feature_211,medication_oxycodone,medication_oxycodone:category=Yes,-0.0004061108952798865
interaction,outer_001_feature_211,medication_oxycodone,medication_oxycodone:category=No,0.002639704172833711
interaction,outer_001_feature_211,medication_oxycodone,medication_oxycodone:category=__missing__,-0.0013675382540491031
interaction,outer_001_feature_212,medication_pemetrexed,medication_pemetrexed:category=Yes,-0.017422043109851328
interaction,outer_001_feature_212,medication_pemetrexed,medication_pemetrexed:category=No,0.01920595759851917
interaction,outer_001_feature_212,medication_pemetrexed,medication_pemetrexed:category=__missing__,-0.0009178594651631268
interaction,outer_001_feature_213,meningeal_thickening,meningeal_thickening:category=Present,0.0
interaction,outer_001_feature_213,meningeal_thickening,meningeal_thickening:category=Absent,-0.0031929263480553987
interaction,outer_001_feature_213,meningeal_thickening,meningeal_thickening:category=__missing__,0.0040589813715600975
interaction,outer_001_feature_214,met_amplification_status,met_amplification_status:category=Amplified,-0.022737264417247622
interaction,outer_001_feature_214,met_amplification_status,met_amplification_status:category=Negative,0.02309855740129142
interaction,outer_001_feature_214,met_amplification_status,met_amplification_status:category=__missing__,0.0005047620394609365
interaction,outer_001_feature_215,metabolic_response,metabolic_response:category=Response,0.0012468537528962332
interaction,outer_001_feature_215,metabolic_response,metabolic_response:category=No Response,-0.002415904014881868
interaction,outer_001_feature_215,metabolic_response,metabolic_response:category=__missing__,0.0020351052854903503
interaction,outer_001_feature_216,metastasis_location,metastasis_location:category=Brain,0.007953936017619083
interaction,outer_001_feature_216,metastasis_location,metastasis_location:category=Bone,-0.004728902187123685
interaction,outer_001_feature_216,metastasis_location,metastasis_location:category=Liver,-0.005317808541569068
interaction,outer_001_feature_216,metastasis_location,metastasis_location:category=Adrenal,-0.0046674118848553615
interaction,outer_001_feature_216,metastasis_location,metastasis_location:category=Pleura,0.000656839954927675
interaction,outer_001_feature_216,metastasis_location,metastasis_location:category=Lymph nodes,0.005078014435113004
interaction,outer_001_feature_216,metastasis_location,metastasis_location:category=__missing__,0.0018913872293930408
interaction,outer_001_feature_217,morphine_administered,morphine_administered:category=Yes,-0.0043788544340272
interaction,outer_001_feature_217,morphine_administered,morphine_administered:category=No,0.004585066307726141
interaction,outer_001_feature_217,morphine_administered,morphine_administered:category=__missing__,0.0006598431498057733
interaction,outer_001_feature_218,mri_flair_hyperintensity_presence,mri_flair_hyperintensity_presence:category=Present,0.003138691658929977
interaction,outer_001_feature_218,mri_flair_hyperintensity_presence,mri_flair_hyperintensity_presence:category=Absent,-0.006690685942051323
interaction,outer_001_feature_218,mri_flair_hyperintensity_presence,mri_flair_hyperintensity_presence:category=__missing__,0.004418049306626037
interaction,outer_001_feature_219,msi_status,msi_status:category=Stable,0.007244863272410136
interaction,outer_001_feature_219,msi_status,msi_status:category=High,0.0
interaction,outer_001_feature_219,msi_status,msi_status:category=__missing__,-0.006378808248905415
interaction,outer_001_feature_220,mucositis_presence,mucositis_presence:category=Present,-0.00032855862260779454
interaction,outer_001_feature_220,mucositis_presence,mucositis_presence:category=Absent,-0.00568412895795846
interaction,outer_001_feature_220,mucositis_presence,mucositis_presence:category=__missing__,0.006878742604070988
interaction,outer_001_feature_221,myelosuppression,myelosuppression:category=Present,-0.0012409356668456818
interaction,outer_001_feature_221,myelosuppression,myelosuppression:category=Absent,0.002207759256247167
interaction,outer_001_feature_221,myelosuppression,myelosuppression:category=__missing__,-0.00010076856589678182
interaction,outer_001_feature_222,myocardial_infarction_presence,myocardial_infarction_presence:category=Present,-0.005863131652915061
interaction,outer_001_feature_222,myocardial_infarction_presence,myocardial_infarction_presence:category=Absent,0.0052796277073963735
interaction,outer_001_feature_222,myocardial_infarction_presence,myocardial_infarction_presence:category=__missing__,0.001449558969023389
interaction,outer_001_feature_223,n_stage,n_stage:category=N0,0.002862984056950044
interaction,outer_001_feature_223,n_stage,n_stage:category=N1,-5.866789287638406e-05
interaction,outer_001_feature_223,n_stage,n_stage:category=N2,-0.009794723465734073
interaction,outer_001_feature_223,n_stage,n_stage:category=N3,0.004248736734799796
interaction,outer_001_feature_223,n_stage,n_stage:category=__missing__,0.0036077255903653213
interaction,outer_001_feature_224,napsin_a_expression,napsin_a_expression:category=Positive,-0.017834599470133362
interaction,outer_001_feature_224,napsin_a_expression,napsin_a_expression:category=Negative,0.016103614551280815
interaction,outer_001_feature_224,napsin_a_expression,napsin_a_expression:category=__missing__,0.0025970399423572207
interaction,outer_001_feature_225,nausea_severity,nausea_severity:category=1,-0.015831573060547575
interaction,outer_001_feature_225,nausea_severity,nausea_severity:category=2,0.014999869810327878
interaction,outer_001_feature_225,nausea_severity,nausea_severity:category=3,0.0011857282120541412
interaction,outer_001_feature_225,nausea_severity,nausea_severity:category=4,0.0
interaction,outer_001_feature_225,nausea_severity,nausea_severity:category=__missing__,0.0005120300616702832
interaction,outer_001_feature_226,necrotic_fluid_presence,necrotic_fluid_presence:category=Present,0.006958166502348194
interaction,outer_001_feature_226,necrotic_fluid_presence,necrotic_fluid_presence:category=Absent,-0.006220281361340209
interaction,outer_001_feature_226,necrotic_fluid_presence,necrotic_fluid_presence:category=__missing__,0.00012816988249672557
interaction,outer_001_feature_227,neurological_symptoms_presence,neurological_symptoms_presence:category=Present,0.002991376979162468
interaction,outer_001_feature_227,neurological_symptoms_presence,neurological_symptoms_presence:category=Absent,-0.0022534918381544914
interaction,outer_001_feature_227,neurological_symptoms_presence,neurological_symptoms_presence:category=__missing__,0.00012816988249672557
interaction,outer_001_feature_228,neutrophil_to_lymphocyte_ratio,neutrophil_to_lymphocyte_ratio:value,-0.08305293607370239
interaction,outer_001_feature_228,neutrophil_to_lymphocyte_ratio,neutrophil_to_lymphocyte_ratio:missing,0.0001622548969728369
interaction,outer_001_feature_229,night_sweats,night_sweats:category=Present,0.0011708717267928468
interaction,outer_001_feature_229,night_sweats,night_sweats:category=Absent,0.007882898338850393
interaction,outer_001_feature_229,night_sweats,night_sweats:category=__missing__,-0.008187715042138513
interaction,outer_001_feature_230,nsclc_diagnosis,nsclc_diagnosis:category=Present,0.0009973858831029412
interaction,outer_001_feature_230,nsclc_diagnosis,nsclc_diagnosis:category=Absent,-0.00025950074209496536
interaction,outer_001_feature_230,nsclc_diagnosis,nsclc_diagnosis:category=__missing__,0.00012816988249672557
interaction,outer_001_feature_231,nyha_class,nyha_class:category=I,0.0006811589769331644
interaction,outer_001_feature_231,nyha_class,nyha_class:category=II,0.0072421004143797
interaction,outer_001_feature_231,nyha_class,nyha_class:category=III,0.0
interaction,outer_001_feature_231,nyha_class,nyha_class:category=IV,0.0
interaction,outer_001_feature_231,nyha_class,nyha_class:category=__missing__,-0.007057204367808172
interaction,outer_001_feature_232,occupation,occupation:category=Professional,0.012984642419919114
interaction,outer_001_feature_232,occupation,occupation:category=Other,-0.013463414370647154
interaction,outer_001_feature_232,occupation,occupation:category=__missing__,0.0013448269742327643
interaction,outer_001_feature_233,oncology_management_status,oncology_management_status:category=Active Treatment,0.00884903002820093
interaction,outer_001_feature_233,oncology_management_status,oncology_management_status:category=Surveillance,-0.006479762975792667
interaction,outer_001_feature_233,oncology_management_status,oncology_management_status:category=Follow-up,-0.0024752901962258067
interaction,outer_001_feature_233,oncology_management_status,oncology_management_status:category=None,0.0
interaction,outer_001_feature_233,oncology_management_status,oncology_management_status:category=__missing__,0.0009720781673222452
interaction,outer_001_feature_234,ondansetron_use,ondansetron_use:category=Yes,0.0006986530278187413
interaction,outer_001_feature_234,ondansetron_use,ondansetron_use:category=No,-0.0002479221016694972
interaction,outer_001_feature_234,ondansetron_use,ondansetron_use:category=__missing__,0.0004153240973554573
interaction,outer_001_feature_235,optic_chiasm_enhancement,optic_chiasm_enhancement:category=Present,0.0
interaction,outer_001_feature_235,optic_chiasm_enhancement,optic_chiasm_enhancement:category=Absent,0.006072641651895213
interaction,outer_001_feature_235,optic_chiasm_enhancement,optic_chiasm_enhancement:category=__missing__,-0.005206586628390503
interaction,outer_001_feature_236,optic_nerve_enhancement,optic_nerve_enhancement:category=Present,0.0
interaction,outer_001_feature_236,optic_nerve_enhancement,optic_nerve_enhancement:category=Absent,-0.004640945696738592
interaction,outer_001_feature_236,optic_nerve_enhancement,optic_nerve_enhancement:category=__missing__,0.0055070007202433
interaction,outer_001_feature_237,orbital_fat_appearance,orbital_fat_appearance:category=Normal,0.000307501679156381
interaction,outer_001_feature_237,orbital_fat_appearance,orbital_fat_appearance:category=Abnormal,0.0
interaction,outer_001_feature_237,orbital_fat_appearance,orbital_fat_appearance:category=__missing__,0.000558553344348319
interaction,outer_001_feature_238,organomegaly_presence,organomegaly_presence:category=present,-0.002872213667379118
interaction,outer_001_feature_238,organomegaly_presence,organomegaly_presence:category=absent,-0.0019424866642343236
interaction,outer_001_feature_238,organomegaly_presence,organomegaly_presence:category=__missing__,0.005680755355118137
interaction,outer_001_feature_239,osteoarthritis_presence,osteoarthritis_presence:category=Present,-0.0024940824903219904
interaction,outer_001_feature_239,osteoarthritis_presence,osteoarthritis_presence:category=Absent,0.002944813416471261
interaction,outer_001_feature_239,osteoarthritis_presence,osteoarthritis_presence:category=__missing__,0.0004153240973554573
interaction,outer_001_feature_240,osteopenia,osteopenia:category=Present,-0.0063975996193521715
interaction,outer_001_feature_240,osteopenia,osteopenia:category=Absent,0.0
interaction,outer_001_feature_240,osteopenia,osteopenia:category=__missing__,0.007263654642856881
interaction,outer_001_feature_241,oxygen_saturation,oxygen_saturation:value,0.019918978935204015
interaction,outer_001_feature_241,oxygen_saturation,oxygen_saturation:missing,0.0008043071875142912
interaction,outer_001_feature_242,oxygen_therapy_use,oxygen_therapy_use:category=Yes,-0.005485427695485726
interaction,outer_001_feature_242,oxygen_therapy_use,oxygen_therapy_use:category=No,0.00554717553147615
interaction,outer_001_feature_242,oxygen_therapy_use,oxygen_therapy_use:category=__missing__,0.0008043071875142912
interaction,outer_001_feature_243,p40_expression,p40_expression:category=Positive,0.0134111588947663
interaction,outer_001_feature_243,p40_expression,p40_expression:category=Negative,-0.007532905003959082
interaction,outer_001_feature_243,p40_expression,p40_expression:category=__missing__,-0.005012198867302478
interaction,outer_001_feature_244,paclitaxel_dose,paclitaxel_dose:value,0.01678168206281297
interaction,outer_001_feature_244,paclitaxel_dose,paclitaxel_dose:missing,-0.006605785100615745
interaction,outer_001_feature_245,pain_severity,pain_severity:category=0,-0.003790292722174648
interaction,outer_001_feature_245,pain_severity,pain_severity:category=1,0.0013162511431632673
interaction,outer_001_feature_245,pain_severity,pain_severity:category=2,0.006996968281973152
interaction,outer_001_feature_245,pain_severity,pain_severity:category=3,-0.0010941325115605353
interaction,outer_001_feature_245,pain_severity,pain_severity:category=4,0.0
interaction,outer_001_feature_245,pain_severity,pain_severity:category=__missing__,-0.0025627391678965453
interaction,outer_001_feature_246,palliative_care_status,palliative_care_status:category=Yes,-0.005005504659371799
interaction,outer_001_feature_246,palliative_care_status,palliative_care_status:category=No,-0.0004390816015285386
interaction,outer_001_feature_246,palliative_care_status,palliative_care_status:category=__missing__,0.0063106412844050564
interaction,outer_001_feature_247,patient_wishes,patient_wishes:category=Documented,0.009271927259140566
interaction,outer_001_feature_247,patient_wishes,patient_wishes:category=Not Documented,-0.010559727455697944
interaction,outer_001_feature_247,patient_wishes,patient_wishes:category=__missing__,0.0021538552200621062
interaction,outer_001_feature_248,pd_l1_tps,pd_l1_tps:value,-0.016554295638649387
interaction,outer_001_feature_248,pd_l1_tps,pd_l1_tps:missing,-0.0012861607881249693
interaction,outer_001_feature_249,pembrolizumab_dose,pembrolizumab_dose:value,0.0
interaction,outer_001_feature_249,pembrolizumab_dose,pembrolizumab_dose:missing,-0.01019266732130225
interaction,outer_001_feature_250,peripheral_neuropathy_grade,peripheral_neuropathy_grade:category=0,0.010625836654507396
interaction,outer_001_feature_250,peripheral_neuropathy_grade,peripheral_neuropathy_grade:category=1,-0.00200002182481097
interaction,outer_001_feature_250,peripheral_neuropathy_grade,peripheral_neuropathy_grade:category=2,0.0051405272353115495
interaction,outer_001_feature_250,peripheral_neuropathy_grade,peripheral_neuropathy_grade:category=3,-0.0010848725344304493
interaction,outer_001_feature_250,peripheral_neuropathy_grade,peripheral_neuropathy_grade:category=4,0.0
interaction,outer_001_feature_250,peripheral_neuropathy_grade,peripheral_neuropathy_grade:category=__missing__,-0.011815414507072821
interaction,outer_001_feature_251,peritumoral_edema,peritumoral_edema:category=Present,0.0008906350408567922
interaction,outer_001_feature_251,peritumoral_edema,peritumoral_edema:category=Absent,0.002662224291493123
interaction,outer_001_feature_251,peritumoral_edema,peritumoral_edema:category=__missing__,-0.002686804308845203
interaction,outer_001_feature_252,periventricular_signal_abnormality,periventricular_signal_abnormality:category=Present,-0.010560256514729935
interaction,outer_001_feature_252,periventricular_signal_abnormality,periventricular_signal_abnormality:category=Absent,0.012743411034393786
interaction,outer_001_feature_252,periventricular_signal_abnormality,periventricular_signal_abnormality:category=__missing__,-0.0013170994961591424
interaction,outer_001_feature_253,phospho_met_status,phospho_met_status:category=Positive,0.0
interaction,outer_001_feature_253,phospho_met_status,phospho_met_status:category=Negative,0.002080851277979548
interaction,outer_001_feature_253,phospho_met_status,phospho_met_status:category=__missing__,-0.0012147962544748392
interaction,outer_001_feature_254,pi3k_pathway_activation,pi3k_pathway_activation:category=Activated,-0.008310194332571704
interaction,outer_001_feature_254,pi3k_pathway_activation,pi3k_pathway_activation:category=Not Activated,0.0033587135718617044
interaction,outer_001_feature_254,pi3k_pathway_activation,pi3k_pathway_activation:category=__missing__,0.005817535784214704
interaction,outer_001_feature_255,pituitary_gland_enhancement,pituitary_gland_enhancement:category=Present,0.0
interaction,outer_001_feature_255,pituitary_gland_enhancement,pituitary_gland_enhancement:category=Absent,0.0015405339124429699
interaction,outer_001_feature_255,pituitary_gland_enhancement,pituitary_gland_enhancement:category=__missing__,-0.0006744788889382655
interaction,outer_001_feature_256,pituitary_gland_signal,pituitary_gland_signal:category=Normal,0.004225067760682062
interaction,outer_001_feature_256,pituitary_gland_signal,pituitary_gland_signal:category=Abnormal,0.0
interaction,outer_001_feature_256,pituitary_gland_signal,pituitary_gland_signal:category=__missing__,-0.0033590127371773584
interaction,outer_001_feature_257,pituitary_gland_size,pituitary_gland_size:value,0.0
interaction,outer_001_feature_257,pituitary_gland_size,pituitary_gland_size:missing,0.0008660550235047074
interaction,outer_001_feature_258,platelet_count,platelet_count:value,0.002421995362743636
interaction,outer_001_feature_258,platelet_count,platelet_count:missing,-0.00025950074209496536
interaction,outer_001_feature_259,pleural_effusion,pleural_effusion:category=Absent,0.009370463656877265
interaction,outer_001_feature_259,pleural_effusion,pleural_effusion:category=Small,-0.0058059718730947805
interaction,outer_001_feature_259,pleural_effusion,pleural_effusion:category=Moderate,-0.00422387803024125
interaction,outer_001_feature_259,pleural_effusion,pleural_effusion:category=Large,0.0008163854980924487
interaction,outer_001_feature_259,pleural_effusion,pleural_effusion:category=__missing__,0.0007090557718710384
interaction,outer_001_feature_260,pneumonia_diagnosis,pneumonia_diagnosis:category=Present,0.0029245706589706073
interaction,outer_001_feature_260,pneumonia_diagnosis,pneumonia_diagnosis:category=Absent,-0.002179164160961207
interaction,outer_001_feature_260,pneumonia_diagnosis,pneumonia_diagnosis:category=__missing__,0.00012064852549531474
interaction,outer_001_feature_261,posterior_fossa_enhancement,posterior_fossa_enhancement:category=present,-0.004007214391890382
interaction,outer_001_feature_261,posterior_fossa_enhancement,posterior_fossa_enhancement:category=absent,-0.002799971705044284
interaction,outer_001_feature_261,posterior_fossa_enhancement,posterior_fossa_enhancement:category=__missing__,0.0076732411204393745
interaction,outer_001_feature_262,posterior_fossa_mass_effect,posterior_fossa_mass_effect:category=Present,0.0
interaction,outer_001_feature_262,posterior_fossa_mass_effect,posterior_fossa_mass_effect:category=Absent,-0.004223770446716152
interaction,outer_001_feature_262,posterior_fossa_mass_effect,posterior_fossa_mass_effect:category=__missing__,0.005089825470220857
interaction,outer_001_feature_263,previous_radiation_therapy,previous_radiation_therapy:category=Yes,0.006268863084852711
interaction,outer_001_feature_263,previous_radiation_therapy,previous_radiation_therapy:category=No,0.002974237570390776
interaction,outer_001_feature_263,previous_radiation_therapy,previous_radiation_therapy:category=__missing__,-0.008377045631738798
interaction,outer_001_feature_264,primary_tumor_location,primary_tumor_location:category=Right Upper Lobe,-0.004480810346714479
interaction,outer_001_feature_264,primary_tumor_location,primary_tumor_location:category=Right Middle Lobe,0.0
interaction,outer_001_feature_264,primary_tumor_location,primary_tumor_location:category=Right Lower Lobe,-0.014668636147201146
interaction,outer_001_feature_264,primary_tumor_location,primary_tumor_location:category=Left Upper Lobe,0.0063020439542764775
interaction,outer_001_feature_264,primary_tumor_location,primary_tumor_location:category=Left Lower Lobe,0.016046292550679738
interaction,outer_001_feature_264,primary_tumor_location,primary_tumor_location:category=Unspecified,-0.001713367704960026
interaction,outer_001_feature_264,primary_tumor_location,primary_tumor_location:category=__missing__,-0.0006194672825758358
interaction,outer_001_feature_265,primary_tumor_morphology,primary_tumor_morphology:category=spiculated,0.009007362582047332
interaction,outer_001_feature_265,primary_tumor_morphology,primary_tumor_morphology:category=lobulated,-0.0026569535909607275
interaction,outer_001_feature_265,primary_tumor_morphology,primary_tumor_morphology:category=irregular,0.002734654099546575
interaction,outer_001_feature_265,primary_tumor_morphology,primary_tumor_morphology:category=circumscribed,0.00225702416643469
interaction,outer_001_feature_265,primary_tumor_morphology,primary_tumor_morphology:category=smooth,-0.00043767912476941806
interaction,outer_001_feature_265,primary_tumor_morphology,primary_tumor_morphology:category=__missing__,-0.010038353108793745
interaction,outer_001_feature_266,primary_tumor_size,primary_tumor_size:value,0.0009086023455631604
interaction,outer_001_feature_266,primary_tumor_size,primary_tumor_size:missing,-0.0066223734917000045
interaction,outer_001_feature_267,prior_platinum_chemotherapy,prior_platinum_chemotherapy:category=Yes,-0.022121484969728065
interaction,outer_001_feature_267,prior_platinum_chemotherapy,prior_platinum_chemotherapy:category=No,0.027436438626057172
interaction,outer_001_feature_267,prior_platinum_chemotherapy,prior_platinum_chemotherapy:category=__missing__,-0.004448898632824358
interaction,outer_001_feature_268,prior_treatment_regimen,prior_treatment_regimen:category=Cisplatin/Vinorelbine,-0.0033407738686167966
interaction,outer_001_feature_268,prior_treatment_regimen,prior_treatment_regimen:category=Cisplatin/Gemcitabine,-0.003371667703486688
interaction,outer_001_feature_268,prior_treatment_regimen,prior_treatment_regimen:category=Carboplatin/Paclitaxel,-0.0008116068776590828
interaction,outer_001_feature_268,prior_treatment_regimen,prior_treatment_regimen:category=Docetaxel,-0.0022843168366078227
interaction,outer_001_feature_268,prior_treatment_regimen,prior_treatment_regimen:category=Cisplatin/Pemetrexed,-0.010617958271463787
interaction,outer_001_feature_268,prior_treatment_regimen,prior_treatment_regimen:category=Platinum-based chemotherapy,-0.007170821572882548
interaction,outer_001_feature_268,prior_treatment_regimen,prior_treatment_regimen:category=Single-agent chemotherapy,0.0008790268673480773
interaction,outer_001_feature_268,prior_treatment_regimen,prior_treatment_regimen:category=Platinum-free doublet,0.019196228745179893
interaction,outer_001_feature_268,prior_treatment_regimen,prior_treatment_regimen:category=Immunotherapy/Chemotherapy,0.007896794877010596
interaction,outer_001_feature_268,prior_treatment_regimen,prior_treatment_regimen:category=__missing__,0.0004911496646828628
interaction,outer_001_feature_269,pro_ctcae_pain_severity,pro_ctcae_pain_severity:category=0,-0.0017192961038981335
interaction,outer_001_feature_269,pro_ctcae_pain_severity,pro_ctcae_pain_severity:category=1,-0.0018098363608770982
interaction,outer_001_feature_269,pro_ctcae_pain_severity,pro_ctcae_pain_severity:category=2,0.011107176892197267
interaction,outer_001_feature_269,pro_ctcae_pain_severity,pro_ctcae_pain_severity:category=3,-0.0028805136725216173
interaction,outer_001_feature_269,pro_ctcae_pain_severity,pro_ctcae_pain_severity:category=4,0.0
interaction,outer_001_feature_269,pro_ctcae_pain_severity,pro_ctcae_pain_severity:category=__missing__,-0.0038314757313956957
interaction,outer_001_feature_270,progressive_exertional_symptoms,progressive_exertional_symptoms:category=Present,-0.001476080967705817
interaction,outer_001_feature_270,progressive_exertional_symptoms,progressive_exertional_symptoms:category=Absent,-0.0017014766221481775
interaction,outer_001_feature_270,progressive_exertional_symptoms,progressive_exertional_symptoms:category=__missing__,0.0040436126133587096
interaction,outer_001_feature_271,proton_pump_inhibitor_use,proton_pump_inhibitor_use:category=Yes,0.0014711522592479724
interaction,outer_001_feature_271,proton_pump_inhibitor_use,proton_pump_inhibitor_use:category=No,0.006865316618829494
interaction,outer_001_feature_271,proton_pump_inhibitor_use,proton_pump_inhibitor_use:category=__missing__,-0.0074704138545727775
interaction,outer_001_feature_272,psychiatric_symptom_presence,psychiatric_symptom_presence:category=Present,0.01897416916156708
interaction,outer_001_feature_272,psychiatric_symptom_presence,psychiatric_symptom_presence:category=Absent,-0.015694090201636146
interaction,outer_001_feature_272,psychiatric_symptom_presence,psychiatric_symptom_presence:category=__missing__,-0.0024140239364262056
interaction,outer_001_feature_273,pulmonary_condition,pulmonary_condition:category=Present,-0.0032933704008892947
interaction,outer_001_feature_273,pulmonary_condition,pulmonary_condition:category=Absent,0.002777025383636669
interaction,outer_001_feature_273,pulmonary_condition,pulmonary_condition:category=__missing__,0.0013824000407573298
interaction,outer_001_feature_274,pulmonary_function_test_status,pulmonary_function_test_status:category=Normal,0.0014814276269989564
interaction,outer_001_feature_274,pulmonary_function_test_status,pulmonary_function_test_status:category=Abnormal,-0.0005640016670902702
interaction,outer_001_feature_274,pulmonary_function_test_status,pulmonary_function_test_status:category=__missing__,-5.137093640397901e-05
interaction,outer_001_feature_275,pulmonary_lesion_presence,pulmonary_lesion_presence:category=Present,-0.010410215038095104
interaction,outer_001_feature_275,pulmonary_lesion_presence,pulmonary_lesion_presence:category=Absent,0.004835600298366477
interaction,outer_001_feature_275,pulmonary_lesion_presence,pulmonary_lesion_presence:category=__missing__,0.006440669763233351
interaction,outer_001_feature_276,pulmonary_nodules_presence,pulmonary_nodules_presence:category=present,-0.0006621867851143242
interaction,outer_001_feature_276,pulmonary_nodules_presence,pulmonary_nodules_presence:category=absent,0.0001458417678617013
interaction,outer_001_feature_276,pulmonary_nodules_presence,pulmonary_nodules_presence:category=__missing__,0.0013824000407573298
interaction,outer_001_feature_277,pupil_reactivity,pupil_reactivity:category=Reactive,-0.0034516795785803607
interaction,outer_001_feature_277,pupil_reactivity,pupil_reactivity:category=Non-reactive,0.0
interaction,outer_001_feature_277,pupil_reactivity,pupil_reactivity:category=__missing__,0.004317734602085057
interaction,outer_001_feature_278,qlq_c30_physical_function,qlq_c30_physical_function:value,0.0029824833909924816
interaction,outer_001_feature_278,qlq_c30_physical_function,qlq_c30_physical_function:missing,0.0022444730056847655
interaction,outer_001_feature_279,qlq_c30_role_function,qlq_c30_role_function:value,0.006436974886371704
interaction,outer_001_feature_279,qlq_c30_role_function,qlq_c30_role_function:missing,0.003781375795396442
interaction,outer_001_feature_280,radiation_therapy_history,radiation_therapy_history:category=Yes,0.010166639724411454
interaction,outer_001_feature_280,radiation_therapy_history,radiation_therapy_history:category=No,-0.010682984741664082
interaction,outer_001_feature_280,radiation_therapy_history,radiation_therapy_history:category=__missing__,0.0013824000407573298
interaction,outer_001_feature_281,radiation_therapy_session_count,radiation_therapy_session_count:value,-0.02382183591366043
interaction,outer_001_feature_281,radiation_therapy_session_count,radiation_therapy_session_count:missing,-0.00409712066873877
interaction,outer_001_feature_282,radiosurgery_history,radiosurgery_history:category=Yes,0.01601966545872181
interaction,outer_001_feature_282,radiosurgery_history,radiosurgery_history:category=No,-0.015314084820241994
interaction,outer_001_feature_282,radiosurgery_history,radiosurgery_history:category=__missing__,0.0001604743850249082
interaction,outer_001_feature_283,range_of_motion_touch_toes,range_of_motion_touch_toes:category=Able,0.0011937750966900453
interaction,outer_001_feature_283,range_of_motion_touch_toes,range_of_motion_touch_toes:category=Unable,0.0
interaction,outer_001_feature_283,range_of_motion_touch_toes,range_of_motion_touch_toes:category=__missing__,-0.0003277200731853337
interaction,outer_001_feature_284,rash_presence,rash_presence:category=Present,0.0005972318367143571
interaction,outer_001_feature_284,rash_presence,rash_presence:category=Absent,-0.00105110643423127
interaction,outer_001_feature_284,rash_presence,rash_presence:category=__missing__,0.0013199296210216246
interaction,outer_001_feature_285,rash_pruritus_presence,rash_pruritus_presence:category=Present,0.0020116006520393996
interaction,outer_001_feature_285,rash_pruritus_presence,rash_pruritus_presence:category=Absent,0.00944925254037626
interaction,outer_001_feature_285,rash_pruritus_presence,rash_pruritus_presence:category=__missing__,-0.010594798168910964
interaction,outer_001_feature_286,renal_function_status,renal_function_status:value,0.013003726054652562
interaction,outer_001_feature_286,renal_function_status,renal_function_status:missing,0.0010689554261685494
interaction,outer_001_feature_287,respiratory_rate,respiratory_rate:value,-0.01756265272701057
interaction,outer_001_feature_287,respiratory_rate,respiratory_rate:missing,-0.009503583422778886
interaction,outer_001_feature_288,restricted_diffusion_on_dwi_adc,restricted_diffusion_on_dwi_adc:category=Present,-0.003803838376916123
interaction,outer_001_feature_288,restricted_diffusion_on_dwi_adc,restricted_diffusion_on_dwi_adc:category=Absent,0.007426156922922349
interaction,outer_001_feature_288,restricted_diffusion_on_dwi_adc,restricted_diffusion_on_dwi_adc:category=__missing__,-0.0027562635225015218
interaction,outer_001_feature_289,ret_rearrangement_status,ret_rearrangement_status:category=Detected,0.0
interaction,outer_001_feature_289,ret_rearrangement_status,ret_rearrangement_status:category=Not Detected,0.0013552048122465487
interaction,outer_001_feature_289,ret_rearrangement_status,ret_rearrangement_status:category=__missing__,-0.0004891497887418464
interaction,outer_001_feature_290,retroperitoneal_lymphadenopathy_presence,retroperitoneal_lymphadenopathy_presence:category=Present,-0.0015663277787859838
interaction,outer_001_feature_290,retroperitoneal_lymphadenopathy_presence,retroperitoneal_lymphadenopathy_presence:category=Absent,0.015289494970140627
interaction,outer_001_feature_290,retroperitoneal_lymphadenopathy_presence,retroperitoneal_lymphadenopathy_presence:category=__missing__,-0.012857112167849913
interaction,outer_001_feature_291,ros1_mutation_status,ros1_mutation_status:category=Wild type,0.0077043601516607356
interaction,outer_001_feature_291,ros1_mutation_status,ros1_mutation_status:category=Mutated,0.0
interaction,outer_001_feature_291,ros1_mutation_status,ros1_mutation_status:category=__missing__,-0.006838305128156029
interaction,outer_001_feature_292,ros1_rearrangement_status,ros1_rearrangement_status:category=Positive,0.0
interaction,outer_001_feature_292,ros1_rearrangement_status,ros1_rearrangement_status:category=Negative,0.002792428162545507
interaction,outer_001_feature_292,ros1_rearrangement_status,ros1_rearrangement_status:category=__missing__,-0.0019263731390408065
interaction,outer_001_feature_293,rsv_infection_status,rsv_infection_status:category=Positive,0.0
interaction,outer_001_feature_293,rsv_infection_status,rsv_infection_status:category=Negative,0.0
interaction,outer_001_feature_293,rsv_infection_status,rsv_infection_status:category=__missing__,0.0008660550235047074
interaction,outer_001_feature_294,scapular_metastasis,scapular_metastasis:category=Present,0.0003485989240580675
interaction,outer_001_feature_294,scapular_metastasis,scapular_metastasis:category=Absent,0.0038681361587481772
interaction,outer_001_feature_294,scapular_metastasis,scapular_metastasis:category=__missing__,-0.0033506800593015415
interaction,outer_001_feature_295,serum_albumin,serum_albumin:value,0.0006698623761491513
interaction,outer_001_feature_295,serum_albumin,serum_albumin:missing,0.006288814757449799
interaction,outer_001_feature_296,serum_bicarbonate,serum_bicarbonate:value,0.0
interaction,outer_001_feature_296,serum_bicarbonate,serum_bicarbonate:missing,0.00015469330169871518
interaction,outer_001_feature_297,serum_calcium,serum_calcium:value,0.011354296131416763
interaction,outer_001_feature_297,serum_calcium,serum_calcium:missing,-0.0015085455734452319
interaction,outer_001_feature_298,serum_chloride,serum_chloride:value,0.0
interaction,outer_001_feature_298,serum_chloride,serum_chloride:missing,-0.007654166843135983
interaction,outer_001_feature_299,serum_creatinine,serum_creatinine:value,-0.00454006787212976
interaction,outer_001_feature_299,serum_creatinine,serum_creatinine:missing,-0.0009586303468324842
interaction,outer_001_feature_300,serum_potassium,serum_potassium:value,0.00023718076506215228
interaction,outer_001_feature_300,serum_potassium,serum_potassium:missing,-0.003849633010563207
interaction,outer_001_feature_301,serum_sodium,serum_sodium:value,0.026861041250718486
interaction,outer_001_feature_301,serum_sodium,serum_sodium:missing,-0.005348343787942407
interaction,outer_001_feature_302,sex,sex:category=Male,0.011858876140813011
interaction,outer_001_feature_302,sex,sex:category=Female,-0.013310219750310609
interaction,outer_001_feature_302,sex,sex:category=__missing__,0.002317398633002308
interaction,outer_001_feature_303,skeletal_compression_fracture,skeletal_compression_fracture:category=Present,-0.0037501595304462883
interaction,outer_001_feature_303,skeletal_compression_fracture,skeletal_compression_fracture:category=Absent,0.0018831711753454436
interaction,outer_001_feature_303,skeletal_compression_fracture,skeletal_compression_fracture:category=__missing__,0.0027330433786055593
interaction,outer_001_feature_304,skull_base_lytic_sclerotic_lesions,skull_base_lytic_sclerotic_lesions:category=Present,0.0
interaction,outer_001_feature_304,skull_base_lytic_sclerotic_lesions,skull_base_lytic_sclerotic_lesions:category=Absent,0.004223021640476769
interaction,outer_001_feature_304,skull_base_lytic_sclerotic_lesions,skull_base_lytic_sclerotic_lesions:category=__missing__,-0.003356966616972063
interaction,outer_001_feature_305,smoking_abstinence_date,smoking_abstinence_date:value,0.0
interaction,outer_001_feature_305,smoking_abstinence_date,smoking_abstinence_date:missing,0.0008660550235047074
interaction,outer_001_feature_306,smoking_cessation_duration,smoking_cessation_duration:category=<= 5 years,0.01172931596498262
interaction,outer_001_feature_306,smoking_cessation_duration,smoking_cessation_duration:category=5-10 years,-0.012432524559638192
interaction,outer_001_feature_306,smoking_cessation_duration,smoking_cessation_duration:category=> 10 years,0.002769784914420834
interaction,outer_001_feature_306,smoking_cessation_duration,smoking_cessation_duration:category=__missing__,-0.001200521296260549
interaction,outer_001_feature_307,smoking_status,smoking_status:category=Never smoker,-0.00475771960748427
interaction,outer_001_feature_307,smoking_status,smoking_status:category=Former smoker,0.004215574704468611
interaction,outer_001_feature_307,smoking_status,smoking_status:category=Current smoker,0.0
interaction,outer_001_feature_307,smoking_status,smoking_status:category=__missing__,0.0014081999265203656
interaction,outer_001_feature_308,stk11_mutation_status,stk11_mutation_status:category=Mutated,0.0073327691645467975
interaction,outer_001_feature_308,stk11_mutation_status,stk11_mutation_status:category=Wild-type,-0.00970773775336403
interaction,outer_001_feature_308,stk11_mutation_status,stk11_mutation_status:category=__missing__,0.0032410236123219457
interaction,outer_001_feature_309,subdural_hemorrhage,subdural_hemorrhage:category=present,0.0
interaction,outer_001_feature_309,subdural_hemorrhage,subdural_hemorrhage:category=absent,-0.007056474624203223
interaction,outer_001_feature_309,subdural_hemorrhage,subdural_hemorrhage:category=__missing__,0.007922529647707923
interaction,outer_001_feature_310,sulci_and_cisterns_appearance,sulci_and_cisterns_appearance:category=unremarkable,-0.0071317541866054894
interaction,outer_001_feature_310,sulci_and_cisterns_appearance,sulci_and_cisterns_appearance:category=abnormal,-0.0013408399118962299
interaction,outer_001_feature_310,sulci_and_cisterns_appearance,sulci_and_cisterns_appearance:category=__missing__,0.009338649122006432
interaction,outer_001_feature_311,surgical_margin_status,surgical_margin_status:category=Negative,-0.008179232325010655
interaction,outer_001_feature_311,surgical_margin_status,surgical_margin_status:category=Positive,0.0006931304858997595
interaction,outer_001_feature_311,surgical_margin_status,surgical_margin_status:category=__missing__,0.0083521568626156
interaction,outer_001_feature_312,surgical_procedure,surgical_procedure:category=Yes,-0.011077626347839192
interaction,outer_001_feature_312,surgical_procedure,surgical_procedure:category=No,0.01299396318960904
interaction,outer_001_feature_312,surgical_procedure,surgical_procedure:category=__missing__,-0.0010502818182651585
interaction,outer_001_feature_313,systolic_blood_pressure,systolic_blood_pressure:value,-0.039453256248413004
interaction,outer_001_feature_313,systolic_blood_pressure,systolic_blood_pressure:missing,-0.0016922663504726557
interaction,outer_001_feature_314,t_stage,t_stage:category=T1,-0.0004079882109128179
interaction,outer_001_feature_314,t_stage,t_stage:category=T2a,0.003970256715367714
interaction,outer_001_feature_314,t_stage,t_stage:category=T2b,-0.0008479737747151114
interaction,outer_001_feature_314,t_stage,t_stage:category=T3,-0.0016652734247127486
interaction,outer_001_feature_314,t_stage,t_stage:category=T4,-0.0006709504015352845
interaction,outer_001_feature_314,t_stage,t_stage:category=__missing__,0.0004879841200129699
interaction,outer_001_feature_315,targeted_therapy_use,targeted_therapy_use:category=Yes,-0.0001892020756805586
interaction,outer_001_feature_315,targeted_therapy_use,targeted_therapy_use:category=No,-0.009751203504083407
interaction,outer_001_feature_315,targeted_therapy_use,targeted_therapy_use:category=__missing__,0.010806460603268682
interaction,outer_001_feature_316,test_ngs_performed,test_ngs_performed:category=Yes,0.0011255557655996747
interaction,outer_001_feature_316,test_ngs_performed,test_ngs_performed:category=No,0.0
interaction,outer_001_feature_316,test_ngs_performed,test_ngs_performed:category=__missing__,-0.00025950074209496536
interaction,outer_001_feature_317,thyromegaly_presence,thyromegaly_presence:category=Present,0.0
interaction,outer_001_feature_317,thyromegaly_presence,thyromegaly_presence:category=Absent,0.0019163368417698624
interaction,outer_001_feature_317,thyromegaly_presence,thyromegaly_presence:category=__missing__,-0.0010502818182651585
interaction,outer_001_feature_318,tiotropium_use,tiotropium_use:category=Yes,-0.002660439728175415
interaction,outer_001_feature_318,tiotropium_use,tiotropium_use:category=No,0.004576776569945292
interaction,outer_001_feature_318,tiotropium_use,tiotropium_use:category=__missing__,-0.0010502818182651585
interaction,outer_001_feature_319,tissue_thickening,tissue_thickening:category=Present,-0.00595289177112745
interaction,outer_001_feature_319,tissue_thickening,tissue_thickening:category=Absent,-0.0009696458543579221
interaction,outer_001_feature_319,tissue_thickening,tissue_thickening:category=__missing__,0.007788592648990097
interaction,outer_001_feature_320,tki_therapy_use,tki_therapy_use:category=Yes,0.0007528315339866382
interaction,outer_001_feature_320,tki_therapy_use,tki_therapy_use:category=No,-0.006745493999763168
interaction,outer_001_feature_320,tki_therapy_use,tki_therapy_use:category=__missing__,0.0068587174892812495
interaction,outer_001_feature_321,tobacco_smoking_history,tobacco_smoking_history:value,-0.016837317044002945
interaction,outer_001_feature_321,tobacco_smoking_history,tobacco_smoking_history:missing,-0.0015867860162167345
interaction,outer_001_feature_322,total_bilirubin,total_bilirubin:value,-0.008817758043096409
interaction,outer_001_feature_322,total_bilirubin,total_bilirubin:missing,0.00388324058565728
interaction,outer_001_feature_323,tp53_mutation_status,tp53_mutation_status:category=Mutant,0.0010239973411481553
interaction,outer_001_feature_323,tp53_mutation_status,tp53_mutation_status:category=Wild-type,0.0
interaction,outer_001_feature_323,tp53_mutation_status,tp53_mutation_status:category=__missing__,-0.0001579423176434428
interaction,outer_001_feature_324,tp53_r273h_mutation_status,tp53_r273h_mutation_status:category=Present,0.00559681149429233
interaction,outer_001_feature_324,tp53_r273h_mutation_status,tp53_r273h_mutation_status:category=Absent,0.00161579632340231
interaction,outer_001_feature_324,tp53_r273h_mutation_status,tp53_r273h_mutation_status:category=__missing__,-0.0063465527941899335
interaction,outer_001_feature_325,tps_score,tps_score:value,0.0030225525391841786
interaction,outer_001_feature_325,tps_score,tps_score:missing,-0.0027443072333234587
interaction,outer_001_feature_326,transependymal_flow,transependymal_flow:category=Present,0.0
interaction,outer_001_feature_326,transependymal_flow,transependymal_flow:category=Absent,0.009619900080564257
interaction,outer_001_feature_326,transependymal_flow,transependymal_flow:category=__missing__,-0.008753845057059544
interaction,outer_001_feature_327,treatment_cycle_frequency,treatment_cycle_frequency:value,0.004726676722987079
interaction,outer_001_feature_327,treatment_cycle_frequency,treatment_cycle_frequency:missing,-0.004127267259639395
interaction,outer_001_feature_328,treatment_goals,treatment_goals:category=ambulation,0.0
interaction,outer_001_feature_328,treatment_goals,treatment_goals:category=disease progression,0.0031302180744944823
interaction,outer_001_feature_328,treatment_goals,treatment_goals:category=symptom management,0.001692642200061959
interaction,outer_001_feature_328,treatment_goals,treatment_goals:category=__missing__,-0.00395680525105173
interaction,outer_001_feature_329,treatment_response,treatment_response:category=Complete Response,0.00025370175874653723
interaction,outer_001_feature_329,treatment_response,treatment_response:category=Partial Response,-0.00020611918610164462
interaction,outer_001_feature_329,treatment_response,treatment_response:category=Stable Disease,-0.00902886396574968
interaction,outer_001_feature_329,treatment_response,treatment_response:category=Progressive Disease,0.009021276163475997
interaction,outer_001_feature_329,treatment_response,treatment_response:category=__missing__,0.0008260602531335023
interaction,outer_001_feature_330,ttf1_expression,ttf1_expression:category=Positive,-0.017159203077463332
interaction,outer_001_feature_330,ttf1_expression,ttf1_expression:category=Negative,0.017333796118278184
interaction,outer_001_feature_330,ttf1_expression,ttf1_expression:category=__missing__,0.0006914619826898787
interaction,outer_001_feature_331,tumor_cell_presence,tumor_cell_presence:category=Present,-0.0011523145137048282
interaction,outer_001_feature_331,tumor_cell_presence,tumor_cell_presence:category=Absent,0.0
interaction,outer_001_feature_331,tumor_cell_presence,tumor_cell_presence:category=__missing__,0.002018369537209533
interaction,outer_001_feature_332,tumor_differentiation,tumor_differentiation:category=Well-differentiated,-2.814551852769405e-05
interaction,outer_001_feature_332,tumor_differentiation,tumor_differentiation:category=Moderately differentiated,-0.003593437355986342
interaction,outer_001_feature_332,tumor_differentiation,tumor_differentiation:category=Poorly differentiated,0.011818689149297425
interaction,outer_001_feature_332,tumor_differentiation,tumor_differentiation:category=__missing__,-0.007331051251278682
interaction,outer_001_feature_333,tumor_invasion,tumor_invasion:category=Present,-0.012036281779244231
interaction,outer_001_feature_333,tumor_invasion,tumor_invasion:category=Absent,-0.004767197765680393
interaction,outer_001_feature_333,tumor_invasion,tumor_invasion:category=__missing__,0.017669534568429318
interaction,outer_001_feature_334,tumor_mutational_burden,tumor_mutational_burden:category=Low,-0.007426360035648235
interaction,outer_001_feature_334,tumor_mutational_burden,tumor_mutational_burden:category=Intermediate,0.007386730680101308
interaction,outer_001_feature_334,tumor_mutational_burden,tumor_mutational_burden:category=High,0.002897352054443568
interaction,outer_001_feature_334,tumor_mutational_burden,tumor_mutational_burden:category=__missing__,-0.0019916676753919493
interaction,outer_001_feature_335,ulceration,ulceration:category=Present,0.002201740174299639
interaction,outer_001_feature_335,ulceration,ulceration:category=Absent,0.0005386780856861293
interaction,outer_001_feature_335,ulceration,ulceration:category=__missing__,-0.0018743632364810645
interaction,outer_001_feature_336,unintended_weight_change,unintended_weight_change:value,0.02158758932983352
interaction,outer_001_feature_336,unintended_weight_change,unintended_weight_change:missing,0.0012881826694203131
interaction,outer_001_feature_337,variant_allele_frequency,variant_allele_frequency:value,-0.017475937559438368
interaction,outer_001_feature_337,variant_allele_frequency,variant_allele_frequency:missing,-0.002332756590483732
interaction,outer_001_feature_338,vasogenic_edema_presence,vasogenic_edema_presence:category=Present,0.002919619147690826
interaction,outer_001_feature_338,vasogenic_edema_presence,vasogenic_edema_presence:category=Absent,0.012508025592580092
interaction,outer_001_feature_338,vasogenic_edema_presence,vasogenic_edema_presence:category=__missing__,-0.01456158971676623
interaction,outer_001_feature_339,ventricular_edema,ventricular_edema:category=present,0.0
interaction,outer_001_feature_339,ventricular_edema,ventricular_edema:category=absent,-0.002000222502175511
interaction,outer_001_feature_339,ventricular_edema,ventricular_edema:category=__missing__,0.0028662775256802215
interaction,outer_001_feature_340,ventricular_hemorrhage,ventricular_hemorrhage:category=Present,0.0
interaction,outer_001_feature_340,ventricular_hemorrhage,ventricular_hemorrhage:category=Absent,0.014852712750089026
interaction,outer_001_feature_340,ventricular_hemorrhage,ventricular_hemorrhage:category=__missing__,-0.0139866577265843
interaction,outer_001_feature_341,ventricular_size,ventricular_size:category=Normal,-0.007217513269844592
interaction,outer_001_feature_341,ventricular_size,ventricular_size:category=Enlarged,0.0
interaction,outer_001_feature_341,ventricular_size,ventricular_size:category=__missing__,0.008083568293349294
interaction,outer_001_feature_342,vertebral_metastasis_presence,vertebral_metastasis_presence:category=Present,0.0024232838409071426
interaction,outer_001_feature_342,vertebral_metastasis_presence,vertebral_metastasis_presence:category=Absent,-0.003216765516222
interaction,outer_001_feature_342,vertebral_metastasis_presence,vertebral_metastasis_presence:category=__missing__,0.0016595366988195767
interaction,outer_001_feature_343,vinorelbine_administered,vinorelbine_administered:category=Yes,0.0019237666025432609
interaction,outer_001_feature_343,vinorelbine_administered,vinorelbine_administered:category=No,-0.00192722978709737
interaction,outer_001_feature_343,vinorelbine_administered,vinorelbine_administered:category=__missing__,0.0008695182080588208
interaction,outer_001_feature_344,visual_field_deficit,visual_field_deficit:category=Present,0.0
interaction,outer_001_feature_344,visual_field_deficit,visual_field_deficit:category=Absent,0.0011929321776762325
interaction,outer_001_feature_344,visual_field_deficit,visual_field_deficit:category=__missing__,-0.0003268771541715244
interaction,outer_001_feature_345,vitamin_deficiency_anemia,vitamin_deficiency_anemia:category=Present,0.0009429691154694154
interaction,outer_001_feature_345,vitamin_deficiency_anemia,vitamin_deficiency_anemia:category=Absent,-0.0029818122485156962
interaction,outer_001_feature_345,vitamin_deficiency_anemia,vitamin_deficiency_anemia:category=__missing__,0.0029048981565509904
interaction,outer_001_feature_346,vitamin_supplement_use,vitamin_supplement_use:category=Yes,-0.0035731853194609802
interaction,outer_001_feature_346,vitamin_supplement_use,vitamin_supplement_use:category=No,-0.003268641622454636
interaction,outer_001_feature_346,vitamin_supplement_use,vitamin_supplement_use:category=__missing__,0.007707881965420317
interaction,outer_001_feature_347,weight,weight:value,-0.006174705070802312
interaction,outer_001_feature_347,weight,weight:missing,0.001545390584111501
interaction,outer_001_feature_348,wheezing_presence,wheezing_presence:category=Present,0.0003139139870528857
interaction,outer_001_feature_348,wheezing_presence,wheezing_presence:category=Absent,-0.002204266756155602
interaction,outer_001_feature_348,wheezing_presence,wheezing_presence:category=__missing__,0.00275640779260745
interaction,outer_001_feature_349,white_blood_cell_count,white_blood_cell_count:value,-0.001011620025715642
interaction,outer_001_feature_349,white_blood_cell_count,white_blood_cell_count:missing,0.009513926226861338
interaction,outer_001_feature_350,who_grade,who_grade:category=1,0.0
interaction,outer_001_feature_350,who_grade,who_grade:category=2,-0.0012285822345588944
interaction,outer_001_feature_350,who_grade,who_grade:category=3,0.0
interaction,outer_001_feature_350,who_grade,who_grade:category=4,0.0
interaction,outer_001_feature_350,who_grade,who_grade:category=__missing__,0.002094637258063599
interaction,outer_001_feature_351,whole_brain_radiation_therapy,whole_brain_radiation_therapy:category=Yes,-0.0049276602766741085
interaction,outer_001_feature_351,whole_brain_radiation_therapy,whole_brain_radiation_therapy:category=No,0.0043521529116487
interaction,outer_001_feature_351,whole_brain_radiation_therapy,whole_brain_radiation_therapy:category=__missing__,0.001441562388530109
interaction,outer_001_feature_352,zoledronic_acid_dose_frequency,zoledronic_acid_dose_frequency:category=q1 week,0.0
interaction,outer_001_feature_352,zoledronic_acid_dose_frequency,zoledronic_acid_dose_frequency:category=q2 weeks,0.0
interaction,outer_001_feature_352,zoledronic_acid_dose_frequency,zoledronic_acid_dose_frequency:category=q4 weeks,-0.0020561456816923216
interaction,outer_001_feature_352,zoledronic_acid_dose_frequency,zoledronic_acid_dose_frequency:category=q3 months,-0.0014921044518419167
interaction,outer_001_feature_352,zoledronic_acid_dose_frequency,zoledronic_acid_dose_frequency:category=once,0.0
interaction,outer_001_feature_352,zoledronic_acid_dose_frequency,zoledronic_acid_dose_frequency:category=__missing__,0.004414305157038957
