_oci_row_id,treatment,outcome,propensity,outcome_prediction,effect_eligible,outer_fold,method,replicate,estimated_cate,lower_95,upper_95,true_ite_prob,seed,analysis_unit,mu0,mu1,aipw_score,estimated_cate_lower_95,estimated_cate_upper_95,estimated_cate_standard_error
5,1.0,1.0,0.6377114402121038,0.34254974755376194,True,1.0,current_joint,0.0,0.029387181672531994,-0.09210290596996684,0.15087726931503082,0.29544125881310984,120042,,,,,,,
12,0.0,1.0,0.40864594703941975,0.30002689738786964,True,1.0,current_joint,0.0,0.008065274981821162,-0.16853198541154882,0.1846625353751911,-0.1020346687031714,120042,,,,,,,
15,1.0,0.0,0.5202019068490832,0.11807387106554294,True,1.0,current_joint,0.0,-0.036370627361453405,-0.2585730763797307,0.18583182165682383,-0.003080297422145953,120042,,,,,,,
30,0.0,0.0,0.5746897562690604,0.24295906763714584,True,1.0,current_joint,0.0,-0.06310083620912812,-0.18008913250901704,0.053887460090760744,-0.15824629257148742,120042,,,,,,,
39,1.0,0.0,0.6048933776872666,0.3441516064005722,True,1.0,current_joint,0.0,-0.05517019971502436,-0.19422385685665366,0.0838834574266049,-0.0787740414269622,120042,,,,,,,
40,0.0,0.0,0.3543801765148926,0.35057432062020416,True,1.0,current_joint,0.0,-0.02084551183829551,-0.17970914816888894,0.13801812449229792,0.060474988513839145,120042,,,,,,,
43,1.0,0.0,0.7309350546172592,0.38618933830050256,True,1.0,current_joint,0.0,-0.0646772550508441,-0.22229769310858313,0.09294318300689491,-0.19702180525731344,120042,,,,,,,
45,0.0,0.0,0.2877857978025763,0.3689753372039217,True,1.0,current_joint,0.0,-0.08648176897657509,-0.2148401999369644,0.041876661983814206,0.13139903885494988,120042,,,,,,,
48,1.0,1.0,0.4640558918721573,0.5888245392655549,True,1.0,current_joint,0.0,-0.10634184576324408,-0.201934753790657,-0.010748937735831174,-0.02351093248221392,120042,,,,,,,
63,1.0,0.0,0.493740643635318,0.20164355626544486,True,1.0,current_joint,0.0,-0.09802045858318513,-0.21819189807584613,0.022150980909475843,-0.08061850681857732,120042,,,,,,,
67,1.0,1.0,0.4135078007326209,0.532633707078535,True,1.0,current_joint,0.0,-0.12110372807284013,-0.2277850640873601,-0.014422392058320174,-0.4040936263411786,120042,,,,,,,
69,0.0,0.0,0.46600337273861786,0.48630868982475617,True,1.0,current_joint,0.0,-0.1014164827709429,-0.2479376599191497,0.04510469437726389,-0.2535047085663173,120042,,,,,,,
72,1.0,0.0,0.5908011295185976,0.3649110295452353,True,1.0,current_joint,0.0,-0.08981663837423179,-0.23741382132545275,0.05778054457698914,0.03393963416448598,120042,,,,,,,
75,1.0,0.0,0.8971971121686327,0.590906090484836,True,1.0,current_joint,0.0,0.07383443982208834,-0.09090665969978493,0.23857553934396156,-0.21905044290968123,120042,,,,,,,
93,0.0,1.0,0.23435593073816172,0.3708737195266814,True,1.0,current_joint,0.0,-0.07997868606085722,-0.17661126503971675,0.016653892918002275,-0.24763340158643393,120042,,,,,,,
115,0.0,0.0,0.417662784829503,0.3560754401295836,True,1.0,current_joint,0.0,-0.08537385590957264,-0.15857230709597758,-0.012175404723167707,-0.036066766855671034,120042,,,,,,,
116,0.0,1.0,0.2300810466125331,0.24524587329350514,True,1.0,current_joint,0.0,-0.12853893039108083,-0.2143951125399891,-0.042682748242172566,-0.014342061446469406,120042,,,,,,,
121,1.0,0.0,0.829551555662928,0.5644650903605791,True,1.0,current_joint,0.0,-0.08485277469006801,-0.23746684996392925,0.06776130058379316,-0.578150415838105,120042,,,,,,,
122,1.0,0.0,0.6628130336914178,0.16757719199669627,True,1.0,current_joint,0.0,-0.09995946814891583,-0.24978420684661723,0.04986527054878552,-0.1662835077113541,120042,,,,,,,
123,0.0,1.0,0.39744562120923743,0.39243083175848403,True,1.0,current_joint,0.0,0.02121197050623509,-0.10590728400127307,0.1483312250137432,0.03246765507545743,120042,,,,,,,
126,0.0,0.0,0.2904388139791195,0.3909132072928165,True,1.0,current_joint,0.0,-0.12283400948791605,-0.21023558327018974,-0.03543243570564239,-0.3010231687743369,120042,,,,,,,
130,0.0,0.0,0.26863216138852986,0.21849460988274513,True,1.0,current_joint,0.0,0.03372591507572496,-0.15312577623608392,0.22057760638753376,0.006309753656425152,120042,,,,,,,
137,0.0,0.0,0.19104229057139868,0.136704195001431,True,1.0,current_joint,0.0,-0.021656496602442274,-0.13625874953735295,0.09294575633246838,-0.035394603233024145,120042,,,,,,,
145,1.0,0.0,0.4660143956373304,0.44212132263226617,True,1.0,current_joint,0.0,-0.00715573522871562,-0.25352524967192364,0.23921377921449236,-0.33769143797714973,120042,,,,,,,
151,0.0,1.0,0.5191771574449675,0.4662585530143542,True,1.0,current_joint,0.0,-0.03169731197819705,-0.12972901359337669,0.06633438963698257,-0.31487008056515453,120042,,,,,,,
162,0.0,0.0,0.5856731783723788,0.5989655969474362,True,1.0,current_joint,0.0,-0.08988241446300799,-0.2287511868646546,0.04898635793863859,-0.1770906937214045,120042,,,,,,,
167,0.0,1.0,0.6272436550256896,0.707639467658466,True,1.0,current_joint,0.0,-0.05375597253464598,-0.22884742673396463,0.12133548166467265,0.060419762402974864,120042,,,,,,,
169,1.0,1.0,0.718421807752594,0.8744463758885973,True,1.0,current_joint,0.0,-0.11704203076123258,-0.255968578967424,0.02188451744495877,-0.059438745764093026,120042,,,,,,,
180,1.0,1.0,0.8672668628184429,0.5657293381904667,True,1.0,current_joint,0.0,-0.1304028868495416,-0.23209075895128967,-0.028715014747793546,0.07214620573564456,120042,,,,,,,
186,1.0,0.0,0.5911390146431826,0.5179879989770028,True,1.0,current_joint,0.0,-0.0053883748044148225,-0.16838675887459165,0.157610009265762,-0.34838730337294177,120042,,,,,,,
193,0.0,0.0,0.40023106047420476,0.1550758670471376,True,1.0,current_joint,0.0,-0.13700309779813047,-0.23781139145523597,-0.03619480414102498,-0.07790570380726344,120042,,,,,,,
196,0.0,0.0,0.4779684453454312,0.4063942925546509,True,1.0,current_joint,0.0,0.014631365656558495,-0.2136949808102243,0.24295771212334127,0.18500422317417548,120042,,,,,,,
198,0.0,0.0,0.14587366590344183,0.3168318250125152,True,1.0,current_joint,0.0,-0.1684645742902188,-0.2809692161346626,-0.055959932445775046,-0.09796041668062988,120042,,,,,,,
205,1.0,1.0,0.889667935890094,0.4157414662695457,True,1.0,current_joint,0.0,-0.033106266119377926,-0.12928456401299496,0.06307203177423909,0.10039000345163385,120042,,,,,,,
208,1.0,1.0,0.37917397054309765,0.6227098092939151,True,1.0,current_joint,0.0,-0.057312768129535965,-0.15911430021660397,0.044488763957532027,-0.38364186382161225,120042,,,,,,,
211,0.0,0.0,0.231401125726331,0.22905857404779453,True,1.0,current_joint,0.0,0.0463476017216752,-0.08936473639171003,0.1820599398350604,0.039362356322426656,120042,,,,,,,
229,0.0,0.0,0.35491053100236486,0.18642819332391197,True,1.0,current_joint,0.0,-0.07636512460753986,-0.18231115478222543,0.029580905567145682,-0.0181111175885878,120042,,,,,,,
237,0.0,1.0,0.3187585270756577,0.6861105920384603,True,1.0,current_joint,0.0,0.04215005315405605,-0.1167381610092831,0.20103826731739516,0.014677238537030401,120042,,,,,,,
241,1.0,0.0,0.33880276994038705,0.4470269612145222,True,1.0,current_joint,0.0,-0.08196087271268361,-0.2108943481310378,0.04697260270567054,-0.2359562924134932,120042,,,,,,,
250,1.0,1.0,0.8428866494274864,0.703627059039757,True,1.0,current_joint,0.0,-0.050631796397468336,-0.194587193756761,0.0933236009618243,-0.14381661120733635,120042,,,,,,,
254,0.0,1.0,0.20839292854203073,0.24099446092279211,True,1.0,current_joint,0.0,-0.005968238928368634,-0.12485883324395046,0.11292235538721317,0.11029612787953566,120042,,,,,,,
261,0.0,0.0,0.25783316789758004,0.1812073244799295,True,1.0,current_joint,0.0,0.07982271458816206,-0.12211828735451452,0.28176371653083865,0.31285754382566056,120042,,,,,,,
264,1.0,1.0,0.5133701154893368,0.5783417591739412,True,1.0,current_joint,0.0,-0.06312504472087006,-0.14057192754685888,0.014321838105118737,0.10130985419071503,120042,,,,,,,
265,0.0,0.0,0.4673440107611287,0.3563794093146026,True,1.0,current_joint,0.0,-0.12392845287191104,-0.2782070225222174,0.030350116778395275,-0.19966649402570194,120042,,,,,,,
270,0.0,0.0,0.34874073775724557,0.20171397701955088,True,1.0,current_joint,0.0,-0.059056778854444346,-0.21100919899682183,0.0928956412879331,-0.05981133747776573,120042,,,,,,,
271,1.0,0.0,0.8208015211662028,0.8654343342544495,True,1.0,current_joint,0.0,-0.08130130908951136,-0.21066335086655893,0.04806073268753619,-0.027407061388611043,120042,,,,,,,
277,1.0,1.0,0.8458274757149049,0.5796784555469318,True,1.0,current_joint,0.0,-0.03217682577145463,-0.12371727175874707,0.059363620215837784,0.19707323380293573,120042,,,,,,,
282,0.0,0.0,0.4968539889905682,0.48950108386632263,True,1.0,current_joint,0.0,0.010959876434861114,-0.10455466895670644,0.12647442182642865,0.2904593735133494,120042,,,,,,,
284,0.0,1.0,0.26169668314489575,0.48044735559495144,True,1.0,current_joint,0.0,-0.009134285417970666,-0.15615956575782608,0.1378909949218847,0.18518688543613304,120042,,,,,,,
288,1.0,0.0,0.7511605014707504,0.5824804714021297,True,1.0,current_joint,0.0,-0.030180650672074077,-0.13981585414036327,0.0794545527962151,0.004640120746827181,120042,,,,,,,
294,1.0,1.0,0.8164796270017057,0.49031264913350026,True,1.0,current_joint,0.0,-0.08310080322053057,-0.1876426150082399,0.021441008567178732,-0.34951026332690505,120042,,,,,,,
318,0.0,0.0,0.6636540076542939,0.5705544669325786,True,1.0,current_joint,0.0,-0.05540785110620858,-0.1991718669665018,0.08835616475408462,-0.20199985734703257,120042,,,,,,,
319,1.0,1.0,0.8930296774091446,0.7555478412559756,True,1.0,current_joint,0.0,-0.078459338801679,-0.23555904640315162,0.0786403687997936,0.04278373950332526,120042,,,,,,,
328,0.0,1.0,0.39432924248177276,0.18948303187203663,True,1.0,current_joint,0.0,0.012360054451896559,-0.13192242646919958,0.15664253537299266,0.10327243996857394,120042,,,,,,,
334,0.0,0.0,0.32003853805723764,0.2875355167491368,True,1.0,current_joint,0.0,-0.07440334043398465,-0.1630474529077724,0.014240772039803076,-0.1484375342195409,120042,,,,,,,
339,0.0,1.0,0.6907306329755005,0.5644583916735121,True,1.0,current_joint,0.0,-0.07506212176053167,-0.2558410458152065,0.10571680229414315,-0.04096418254395162,120042,,,,,,,
343,1.0,1.0,0.7122793784860058,0.5155210187085154,True,1.0,current_joint,0.0,-0.08358227909179185,-0.17945546442660432,0.012290906243020608,-0.252500407706424,120042,,,,,,,
346,0.0,0.0,0.4668878241550569,0.33951763988107997,True,1.0,current_joint,0.0,-0.014341517168262301,-0.20176698028084972,0.1730839459443251,0.021257549177203516,120042,,,,,,,
347,0.0,1.0,0.20263826870260368,0.2637419376444213,True,1.0,current_joint,0.0,-0.13717532679375494,-0.33363566396532945,0.059285010377819525,0.0718545920669893,120042,,,,,,,
349,0.0,1.0,0.7980010545149436,0.6771543356924604,True,1.0,current_joint,0.0,-0.08882337543606364,-0.18634081054687385,0.008694059674746527,0.03268878550218324,120042,,,,,,,
354,1.0,0.0,0.532805219686784,0.2924577715670299,True,1.0,current_joint,0.0,-0.08444100202807778,-0.16199053633024557,-0.006891467725909997,-0.14297135067526034,120042,,,,,,,
357,1.0,1.0,0.6408274001124588,0.2999253159315922,True,1.0,current_joint,0.0,-0.11762405735121342,-0.19871016515867956,-0.0365379495437473,0.1013446835796018,120042,,,,,,,
360,1.0,0.0,0.3477877504865826,0.3387807653978252,True,1.0,current_joint,0.0,-0.09727512506498176,-0.24026499715859204,0.04571474702862849,-0.20995476861796994,120042,,,,,,,
361,0.0,0.0,0.29661108176182654,0.23059339157774011,True,1.0,current_joint,0.0,-0.03486272217466046,-0.1585995779256916,0.08887413357637067,-0.0406445885166562,120042,,,,,,,
365,1.0,0.0,0.6049751553904226,0.2863717839207137,True,1.0,current_joint,0.0,-0.12095141147386969,-0.2637293240575777,0.02182650110983829,-0.3344524588585174,120042,,,,,,,
368,1.0,0.0,0.6849883638981021,0.32733973117530735,True,1.0,current_joint,0.0,-0.021196416052598022,-0.15109514066130109,0.108702308556105,-0.05427466854280549,120042,,,,,,,
370,1.0,0.0,0.19790340240759838,0.10800260009836761,True,1.0,current_joint,0.0,-0.07375470950640366,-0.24492512211988676,0.09741570310707943,-0.11224918810400103,120042,,,,,,,
380,0.0,1.0,0.7471666727680591,0.4674264398886901,True,1.0,current_joint,0.0,-0.062121355960215736,-0.15918773472485864,0.03494502280442715,-0.4595323870462047,120042,,,,,,,
384,1.0,1.0,0.6900728481780237,0.5112597274821526,True,1.0,current_joint,0.0,-0.000377410749664736,-0.09094659268985801,0.09019177119052851,0.0703099140074529,120042,,,,,,,
392,1.0,1.0,0.7956043945971023,0.7308406047876336,True,1.0,current_joint,0.0,-0.061469103461072795,-0.1780767001694138,0.05513849324726817,0.0859568948245617,120042,,,,,,,
398,0.0,1.0,0.3206138626697417,0.45685223927714724,True,1.0,current_joint,0.0,-0.026878008168361726,-0.2565409301881282,0.20278491385140468,-0.3498504475078327,120042,,,,,,,
409,0.0,0.0,0.18337791691798333,0.4439000770292082,True,1.0,current_joint,0.0,-0.0495916975162727,-0.22516723310560383,0.12598383807305838,0.14554265152238055,120042,,,,,,,
422,1.0,1.0,0.4374280553015159,0.34871246199525907,True,1.0,current_joint,0.0,0.050720674413036744,-0.16850641724355317,0.2699477660696266,0.04875396248008518,120042,,,,,,,
424,1.0,0.0,0.6770097302582416,0.7052642761137701,True,1.0,current_joint,0.0,-0.13628454721437958,-0.2501026623495887,-0.02246643207917047,-0.411950972386599,120042,,,,,,,
431,1.0,1.0,0.4372491262168222,0.6279412483546116,True,1.0,current_joint,0.0,-0.11657759231500904,-0.20197246543957942,-0.03118271919043869,-0.32665406706368566,120042,,,,,,,
433,0.0,0.0,0.10525170726096475,0.10427304962006238,True,1.0,current_joint,0.0,-0.13604525826051006,-0.2407270270606611,-0.03136348946035904,-0.03402153155820689,120042,,,,,,,
435,0.0,1.0,0.4409894527049854,0.6729711349557012,True,1.0,current_joint,0.0,-0.047227422516070955,-0.213740724338695,0.11928587930655304,-0.10742312894197681,120042,,,,,,,
446,1.0,0.0,0.2790381570542702,0.16375999330593335,True,1.0,current_joint,0.0,-0.050263922367486544,-0.17590942226395662,0.07538157752898349,-0.06432527410523083,120042,,,,,,,
447,1.0,1.0,0.536835214889051,0.5503554221394807,True,1.0,current_joint,0.0,-0.01584574521553906,-0.19822255485251764,0.16653106442143947,0.034144994760945346,120042,,,,,,,
451,1.0,1.0,0.7690955084071955,0.6112206494377056,True,1.0,current_joint,0.0,-0.11238053246636512,-0.21016449972040807,-0.014596565212322193,-0.17663563846118313,120042,,,,,,,
460,1.0,0.0,0.39094770965443404,0.27994469973743064,True,1.0,current_joint,0.0,-0.04528202889156761,-0.1197112063427757,0.029147148559640457,-0.15089969081385596,120042,,,,,,,
462,0.0,0.0,0.4757820881301206,0.3798226570352518,True,1.0,current_joint,0.0,0.008853008945649025,-0.15598317824220495,0.17368919613350298,-0.02877369342676961,120042,,,,,,,
465,0.0,1.0,0.4312755600906261,0.6491876730428766,True,1.0,current_joint,0.0,-0.02325264613359681,-0.13880783735030836,0.0923025450831147,-0.07352311822592295,120042,,,,,,,
467,0.0,0.0,0.2562069965782711,0.26684038260745196,True,1.0,current_joint,0.0,-0.12575519104362803,-0.2334698834695338,-0.01804049861772232,0.18109530692018136,120042,,,,,,,
468,1.0,0.0,0.44882293786932376,0.4590625162462623,True,1.0,current_joint,0.0,-0.032390875139100286,-0.27244496910144117,0.20766321882324051,-0.36394341785118856,120042,,,,,,,
474,0.0,0.0,0.4334979519869535,0.38280401600429703,True,1.0,current_joint,0.0,-0.007127277176886578,-0.12047576527851546,0.10622121092474228,0.27024214191256124,120042,,,,,,,
478,1.0,0.0,0.5739982744039367,0.2947270948162633,True,1.0,current_joint,0.0,-0.0544370806686344,-0.2131286809011774,0.10425451956390858,-0.14113139488284232,120042,,,,,,,
481,0.0,1.0,0.5087083360409932,0.40825501741027925,True,1.0,current_joint,0.0,-0.060050041586540995,-0.22873400362478213,0.10863392045170008,0.24256774419822325,120042,,,,,,,
486,1.0,1.0,0.7441202307802978,0.6148549412893181,True,1.0,current_joint,0.0,-0.07369991819181562,-0.20614292005509496,0.05874308367146369,-0.6892153014395378,120042,,,,,,,
487,1.0,1.0,0.8467975192157075,0.5866738910251524,True,1.0,current_joint,0.0,0.004065894822292519,-0.15983249801524294,0.16796428765982796,-0.028156691615068175,120042,,,,,,,
498,0.0,0.0,0.3020648921646804,0.1979830251548477,True,1.0,current_joint,0.0,-0.14043301927109703,-0.23484129846248142,-0.046024740079712675,-0.1062618189134249,120042,,,,,,,
503,0.0,0.0,0.3446948747805175,0.2658055219729751,True,1.0,current_joint,0.0,-0.0489268389543505,-0.23778510629752891,0.13993142838882783,-0.16728505428348134,120042,,,,,,,
507,1.0,1.0,0.8311033999506614,0.7945564212316646,True,1.0,current_joint,0.0,-0.008662346609773625,-0.14351050195635517,0.12618580873680788,-0.030854928811506976,120042,,,,,,,
508,0.0,0.0,0.5229332692489086,0.2601699446166555,True,1.0,current_joint,0.0,-0.1520919282945388,-0.2699407781431639,-0.034243078445913705,-0.05620972089686527,120042,,,,,,,
514,1.0,1.0,0.8270038617254091,0.6943390637417084,True,1.0,current_joint,0.0,-0.07780944434091339,-0.19693883638717968,0.04131994770535287,-0.061478120138046544,120042,,,,,,,
526,0.0,0.0,0.15782593929996835,0.13044474411998602,True,1.0,current_joint,0.0,-0.00782630809796879,-0.2610983659544051,0.24544574975846745,0.020299231269924375,120042,,,,,,,
528,1.0,1.0,0.6647472925894883,0.7352516088728809,True,1.0,current_joint,0.0,0.03241200381221794,-0.0608872406265524,0.12571124825098828,-0.3151680255715663,120042,,,,,,,
532,1.0,0.0,0.5659465902283147,0.4305883970188177,True,1.0,current_joint,0.0,-0.13877249621931798,-0.2300051142722382,-0.04753987816639778,-0.5334643262344162,120042,,,,,,,
534,0.0,1.0,0.6356185713393279,0.49570608184298615,True,1.0,current_joint,0.0,0.085545807101558,-0.16316408949562367,0.33425570369873964,0.13543398492073888,120042,,,,,,,
535,0.0,0.0,0.6385549390569282,0.3491581541021244,True,1.0,current_joint,0.0,-0.011005763611655995,-0.16951554311533695,0.14750401589202491,0.03704061610492676,120042,,,,,,,
538,1.0,0.0,0.7165422603028302,0.5565385298635452,True,1.0,current_joint,0.0,0.023602813060187192,-0.09078084324365442,0.13798646936402878,-0.06212851278558973,120042,,,,,,,
539,0.0,1.0,0.3919352408994978,0.39807883890515544,True,1.0,current_joint,0.0,-0.0697748695906484,-0.16851074260509963,0.028961003423802797,-0.11126006308263126,120042,,,,,,,
546,0.0,0.0,0.30246911548946265,0.1674140399970113,True,1.0,current_joint,0.0,-0.09885672182461976,-0.21011462144380116,0.012401177794561638,-0.06620608679353736,120042,,,,,,,
549,1.0,0.0,0.737809295603759,0.4018100071172399,True,1.0,current_joint,0.0,-0.04400873486981451,-0.16832736731436196,0.08030989757473289,-0.22605679180368443,120042,,,,,,,
550,0.0,0.0,0.22968620364065134,0.12507868829739605,True,1.0,current_joint,0.0,-0.1267665807438927,-0.22350707263809277,-0.0300260888496926,-0.08381602753461014,120042,,,,,,,
552,1.0,0.0,0.5131292585651384,0.19044531066663345,True,1.0,current_joint,0.0,-0.07887721591953907,-0.16527136051838323,0.007516928679305063,0.08753892270289004,120042,,,,,,,
559,1.0,0.0,0.6085123450001269,0.405681505096466,True,1.0,current_joint,0.0,-0.046918326352760144,-0.14319240233598332,0.04935574963046301,-0.36576085048430995,120042,,,,,,,
560,1.0,1.0,0.8655555287273489,0.6294406160354643,True,1.0,current_joint,0.0,-0.1065162228007783,-0.20848899140564392,-0.004543454195912705,-0.06469990771798673,120042,,,,,,,
561,1.0,0.0,0.6004522932294956,0.25193874811218325,True,1.0,current_joint,0.0,-0.0029212119596265552,-0.18001190796405217,0.174169484044799,-0.14847635272894044,120042,,,,,,,
563,0.0,0.0,0.34977696900330585,0.3001244011940171,True,1.0,current_joint,0.0,-0.10043261969424258,-0.31268385957374245,0.1118186201852572,0.08723419972137467,120042,,,,,,,
568,1.0,1.0,0.8420165704415828,0.7241993149028411,True,1.0,current_joint,0.0,-0.19466303884199296,-0.33269118421199817,-0.0566348934719878,-0.11006768648138565,120042,,,,,,,
569,0.0,1.0,0.6204165780663479,0.649966418468412,True,1.0,current_joint,0.0,-0.09242021994247986,-0.2310908274140519,0.04625038752909212,-0.03506472883281053,120042,,,,,,,
578,0.0,0.0,0.528449166106585,0.541129455632692,True,1.0,current_joint,0.0,-0.053380825175428574,-0.19963380417046858,0.09287215381961139,-0.1661069213092291,120042,,,,,,,
584,1.0,0.0,0.4835230499831929,0.6086690571475216,True,1.0,current_joint,0.0,0.034954168556970845,-0.09788370015632078,0.16779203727026243,-0.18620539681394355,120042,,,,,,,
588,1.0,1.0,0.6950874683394853,0.6067692377764136,True,1.0,current_joint,0.0,-0.010003325647140186,-0.13266384511454868,0.11265719382026827,0.05151712594740754,120042,,,,,,,
594,0.0,1.0,0.3845124638174599,0.20204826370818607,True,1.0,current_joint,0.0,-0.08440168449449714,-0.17590335763123172,0.0070999886422374175,-0.1845762402931477,120042,,,,,,,
599,0.0,1.0,0.5139276407168637,0.3069862927665871,True,1.0,current_joint,0.0,-0.02225615669789231,-0.14866354962470882,0.10415123622892418,-0.017020805613165407,120042,,,,,,,
603,1.0,1.0,0.8760250372770755,0.7245136388321798,True,1.0,current_joint,0.0,-0.11144141537425815,-0.2544873266428816,0.031604495894365245,-0.4064471216929251,120042,,,,,,,
606,0.0,1.0,0.21922940776003394,0.3608687382193187,True,1.0,current_joint,0.0,-0.020586292965319355,-0.14118403755399436,0.10001145162335563,-0.0810499975355446,120042,,,,,,,
607,0.0,0.0,0.2306889141131686,0.41349980578355594,True,1.0,current_joint,0.0,-0.04976266552059091,-0.13904994151767305,0.03952461047649123,-0.20262165996000597,120042,,,,,,,
609,0.0,1.0,0.2303519206028594,0.1661800464978828,True,1.0,current_joint,0.0,-0.024146567228833443,-0.11446708645860001,0.06617395200093311,-0.17815202596793825,120042,,,,,,,
614,1.0,1.0,0.6467946600933504,0.454149402724382,True,1.0,current_joint,0.0,-0.1477788300052659,-0.2908854171415789,-0.0046722428689529305,0.13800989485438941,120042,,,,,,,
617,1.0,0.0,0.6802572666640975,0.691208308706228,True,1.0,current_joint,0.0,-0.10294254900383067,-0.2195399978963865,0.013654899888725147,-0.32977963417948597,120042,,,,,,,
621,1.0,1.0,0.627291255719527,0.643934722388693,True,1.0,current_joint,0.0,-0.1100441655769747,-0.2068295899184689,-0.013258741235480542,-0.10300534475910206,120042,,,,,,,
626,1.0,0.0,0.474501537217078,0.16437460061425205,True,1.0,current_joint,0.0,-0.07657412972584,-0.22874208540062163,0.07559382594894161,-0.14734105843629364,120042,,,,,,,
638,1.0,0.0,0.2748012559824055,0.1239220657092472,True,1.0,current_joint,0.0,-0.07132447394748563,-0.24326632256711317,0.10061737467214187,-0.028967779075204383,120042,,,,,,,
648,1.0,1.0,0.5446984576494674,0.4969151883647077,True,1.0,current_joint,0.0,-0.07728653237328054,-0.22809643402010776,0.07352336927354666,0.22657797391420198,120042,,,,,,,
651,1.0,0.0,0.7414638822974168,0.20735604282143721,True,1.0,current_joint,0.0,-0.09310968475190232,-0.21402457677082645,0.027805207267021792,0.14285091672279376,120042,,,,,,,
656,0.0,0.0,0.28204662460451924,0.4366149382471533,True,1.0,current_joint,0.0,-0.05330713732142246,-0.21704464794430484,0.11043037330145984,0.008071797181922913,120042,,,,,,,
662,0.0,0.0,0.6929571721037661,0.5688028871898342,True,1.0,current_joint,0.0,0.020532012649628617,-0.1021932213903753,0.14325724668963252,0.12090442381375327,120042,,,,,,,
663,1.0,1.0,0.6304851473044282,0.5835748670106308,True,1.0,current_joint,0.0,-0.041867188741120755,-0.2091706676163741,0.12543629013413254,-0.0006267839972746714,120042,,,,,,,
676,1.0,0.0,0.4599439184764482,0.29878782114157487,True,1.0,current_joint,0.0,-0.058291005169297,-0.2009587634357954,0.08437675309720138,0.288078314021742,120042,,,,,,,
680,1.0,0.0,0.6829703748258147,0.11385594636738014,True,1.0,current_joint,0.0,-0.0015394179711269015,-0.16696834579605552,0.1638895098538017,-0.21676132704337042,120042,,,,,,,
684,0.0,0.0,0.5697406984360188,0.19983185070397666,True,1.0,current_joint,0.0,-0.062456704636253704,-0.18009002421648115,0.05517661494397372,-0.09365228131014089,120042,,,,,,,
689,1.0,1.0,0.8868225930045658,0.8706173422583725,True,1.0,current_joint,0.0,-0.07820283482121243,-0.2436876952860144,0.0872820256435895,0.028437736123359203,120042,,,,,,,
707,1.0,0.0,0.3095601577041158,0.16574517487960455,True,1.0,current_joint,0.0,-0.13407565136452385,-0.2643742776515472,-0.003777025077500523,-0.18261274863827542,120042,,,,,,,
708,0.0,0.0,0.38944180681518387,0.31109833854695346,True,1.0,current_joint,0.0,-0.06952935281964694,-0.18251488677311806,0.04345618113382416,-0.3033594815556778,120042,,,,,,,
712,0.0,0.0,0.22671743720630477,0.39916050095370287,True,1.0,current_joint,0.0,0.08490445531363001,-0.05850139289804711,0.22831030352530712,0.20262182932038472,120042,,,,,,,
713,0.0,1.0,0.4479973834356069,0.7899673126686212,True,1.0,current_joint,0.0,-0.008534583273470054,-0.20481480991469275,0.18774564336775257,0.18351149860665072,120042,,,,,,,
723,1.0,1.0,0.8791019779208326,0.6312407840166131,True,1.0,current_joint,0.0,0.1390112854442135,-0.16056220104378618,0.4385847719322131,-0.013981278819158116,120042,,,,,,,
735,1.0,1.0,0.7869431386479372,0.5368141960979033,True,1.0,current_joint,0.0,0.042205426291396106,-0.1656852359116538,0.250096088494446,0.2892291597635016,120042,,,,,,,
739,0.0,1.0,0.16567925131260422,0.3625667250095327,True,1.0,current_joint,0.0,-0.042322716729218716,-0.21324439091355818,0.1285989574551207,0.04653584065128688,120042,,,,,,,
743,1.0,0.0,0.6338297786120288,0.6070901283292623,True,1.0,current_joint,0.0,-0.03997916228908006,-0.16463621596953384,0.08467789139137369,-0.3588049137290085,120042,,,,,,,
744,0.0,0.0,0.2696157041235064,0.15264458849958287,True,1.0,current_joint,0.0,-0.08444717145538558,-0.1927945593983404,0.023900216487569195,0.00043827428651807554,120042,,,,,,,
752,1.0,0.0,0.6647472925894883,0.7208329462562315,True,1.0,current_joint,0.0,0.051455904148876026,-0.060021633820561755,0.1629334421183138,-0.048624029853681416,120042,,,,,,,
760,1.0,1.0,0.7134555858731084,0.792566241366111,True,1.0,current_joint,0.0,-0.09489886117210868,-0.23646142285808674,0.04666370051386935,-0.1049719012824385,120042,,,,,,,
773,1.0,1.0,0.8386940353384825,0.852870223315683,True,1.0,current_joint,0.0,0.00321704286047537,-0.14039288739242817,0.14682697311337886,-0.05078761983714952,120042,,,,,,,
776,0.0,0.0,0.3345234242308092,0.20533773166060534,True,1.0,current_joint,0.0,0.04168996596676029,-0.139923420076846,0.22330335201036655,0.11215936655437345,120042,,,,,,,
779,0.0,0.0,0.3257453007133764,0.22754313436062862,True,1.0,current_joint,0.0,-0.11133466093291043,-0.2824599523279455,0.059790630462124586,0.2102850669914252,120042,,,,,,,
781,1.0,1.0,0.6832939038423603,0.63754694937672,True,1.0,current_joint,0.0,-0.029694276717769457,-0.10794187367171179,0.048553320236172856,0.031273744586730046,120042,,,,,,,
782,1.0,0.0,0.7648701537663227,0.4641424883295498,True,1.0,current_joint,0.0,0.046041651221691494,-0.0582361778598894,0.15031948030327236,-0.27881971225762575,120042,,,,,,,
783,0.0,0.0,0.12172989379204215,0.3168675055683017,True,1.0,current_joint,0.0,0.008604939301922736,-0.16315045929680588,0.1803603379006513,0.11768093960974968,120042,,,,,,,
798,1.0,1.0,0.5742961575804171,0.7338549270059888,True,1.0,current_joint,0.0,0.00012205522917517605,-0.0854848041790764,0.08572891463742674,-0.012829595656138837,120042,,,,,,,
822,0.0,0.0,0.7417980053932205,0.6367950734915155,True,1.0,current_joint,0.0,0.0765036961960529,-0.08493936409783767,0.23794675648994343,0.15687867128973654,120042,,,,,,,
827,0.0,1.0,0.264977865904604,0.5063020143310597,True,1.0,current_joint,0.0,-0.11888894434665227,-0.23187835914455296,-0.0058995295487516,-0.47170840662307595,120042,,,,,,,
839,0.0,0.0,0.4808888128545494,0.1562570180525887,True,1.0,current_joint,0.0,-0.11805837146118384,-0.20948335453821043,-0.026633388384157283,-0.082870305049013,120042,,,,,,,
845,1.0,1.0,0.7067711150558171,0.505484558588421,True,1.0,current_joint,0.0,0.069203128126337,-0.054945837965171634,0.1933520942178456,-0.054967122143437575,120042,,,,,,,
848,0.0,0.0,0.1666158023279128,0.2015602546752192,True,1.0,current_joint,0.0,-0.004273323759749983,-0.19224140691204217,0.18369475939254215,0.0857810802170664,120042,,,,,,,
859,1.0,1.0,0.6849906428774399,0.6769103292049636,True,1.0,current_joint,0.0,-0.0997901992021471,-0.21818077388818885,0.01860037548389462,0.10091643251497262,120042,,,,,,,
868,1.0,0.0,0.3082583807209731,0.1535068027524439,True,1.0,current_joint,0.0,-0.08280235196254487,-0.25177697306536406,0.08617226914027432,-0.03768758335333155,120042,,,,,,,
875,1.0,1.0,0.25333963387393715,0.20708796308982624,True,1.0,current_joint,0.0,0.0800428036399482,-0.06053790112706134,0.2206235084069577,0.2750351541256375,120042,,,,,,,
892,0.0,0.0,0.6313698695873204,0.23382463068565157,True,1.0,current_joint,0.0,-0.028526459376143475,-0.21568241619249587,0.15862949744020885,-0.4218944972490402,120042,,,,,,,
893,0.0,1.0,0.45589257876268896,0.39302832109664,True,1.0,current_joint,0.0,-0.08297722824189256,-0.18713865400101054,0.021184197517225403,-0.13899119129057289,120042,,,,,,,
898,1.0,1.0,0.49462645872228006,0.3547315126470555,True,1.0,current_joint,0.0,-0.06518367660878226,-0.21188855915787247,0.08152120594030794,0.11489019733853345,120042,,,,,,,
908,1.0,1.0,0.59795154629418,0.5465323047791424,True,1.0,current_joint,0.0,0.00927338642665633,-0.18874782496600506,0.2072945978193177,0.2700079153490359,120042,,,,,,,
913,0.0,0.0,0.4590740424682504,0.15303561997525103,True,1.0,current_joint,0.0,0.034757042186313154,-0.07537168471413841,0.14488576908676468,0.5763362625455206,120042,,,,,,,
915,1.0,1.0,0.8444617337210738,0.7902472579186703,True,1.0,current_joint,0.0,0.07606311900255457,-0.12771871168497212,0.27984494969008117,-0.10460704553612188,120042,,,,,,,
924,0.0,1.0,0.11064807383603614,0.35875496457481376,True,1.0,current_joint,0.0,-0.06984012298284217,-0.1922508269677153,0.052570581002030936,-0.03518580558050255,120042,,,,,,,
929,1.0,0.0,0.6634216252210545,0.5571596280328351,True,1.0,current_joint,0.0,-0.028830556354629736,-0.19410447590470076,0.1364433631954412,-0.2246108655442407,120042,,,,,,,
934,0.0,0.0,0.17588820990102041,0.1479102128392838,True,1.0,current_joint,0.0,-0.10949491319376231,-0.23708537818804734,0.01809555180052269,-0.17923562100166213,120042,,,,,,,
955,1.0,1.0,0.7279935351733413,0.7193079523925068,True,1.0,current_joint,0.0,-0.057046558500384904,-0.2284037001654312,0.11431058316466139,-0.4074361291328243,120042,,,,,,,
960,1.0,1.0,0.516353381546526,0.48744897008899524,True,1.0,current_joint,0.0,0.01773456129339318,-0.13392312193707187,0.1693922445238582,0.30302428580824725,120042,,,,,,,
961,0.0,1.0,0.5952214322323915,0.2839526673389449,True,1.0,current_joint,0.0,0.012763397136162834,-0.2616560718308915,0.2871828661032171,-0.17386110854674186,120042,,,,,,,
967,0.0,0.0,0.7111062328377343,0.6026371727046967,True,1.0,current_joint,0.0,-0.017587648934988338,-0.2187926530709513,0.18361735520097455,0.11315424130412288,120042,,,,,,,
976,0.0,0.0,0.22296580907529134,0.08518100874594803,True,1.0,current_joint,0.0,-0.12138869508471459,-0.26462048019737694,0.02184309002794768,-0.10435438224184548,120042,,,,,,,
977,1.0,0.0,0.8795089744048036,0.5493546289655924,True,1.0,current_joint,0.0,0.029220795181361486,-0.06615109544660082,0.12459268580932377,0.2172265382051104,120042,,,,,,,
980,1.0,1.0,0.7845093011134376,0.5285083827381312,True,1.0,current_joint,0.0,-0.0948919418872993,-0.2529586297284806,0.06317474595388198,-0.1328309937568829,120042,,,,,,,
986,1.0,0.0,0.6842931095653495,0.4407593834478375,True,1.0,current_joint,0.0,-0.05581367790945351,-0.13987829941837518,0.028250943599468135,-0.21930664730454208,120042,,,,,,,
987,0.0,0.0,0.4937146818591577,0.41011618555896223,True,1.0,current_joint,0.0,-0.025672411961057483,-0.12287484999838083,0.07153002607626582,0.16537846499403014,120042,,,,,,,
989,0.0,0.0,0.502114524477848,0.4557268144672463,True,1.0,current_joint,0.0,-0.04344136301406695,-0.2460680813464951,0.15918535531836117,-0.22553091570484401,120042,,,,,,,
5,1.0,1.0,0.6377114402121038,0.34254974755376194,True,1.0,llm_adjudication,0.0,0.13140659072431668,0.04096337264783566,0.2218498088007977,0.29544125881310984,120042,,,,,,,
12,0.0,1.0,0.40864594703941975,0.30002689738786964,True,1.0,llm_adjudication,0.0,0.001832347715876345,-0.12783783539882088,0.1315025308305735,-0.1020346687031714,120042,,,,,,,
15,1.0,0.0,0.5202019068490832,0.11807387106554294,True,1.0,llm_adjudication,0.0,-0.07666635512018419,-0.16492184034712853,0.011589130106760118,-0.003080297422145953,120042,,,,,,,
30,0.0,0.0,0.5746897562690604,0.24295906763714584,True,1.0,llm_adjudication,0.0,-0.09234039562425629,-0.2326398879947883,0.0479590967462757,-0.15824629257148742,120042,,,,,,,
39,1.0,0.0,0.6048933776872666,0.3441516064005722,True,1.0,llm_adjudication,0.0,-0.09460131464216562,-0.3325382348839149,0.1433356055995836,-0.0787740414269622,120042,,,,,,,
40,0.0,0.0,0.3543801765148926,0.35057432062020416,True,1.0,llm_adjudication,0.0,-0.0025233352558787178,-0.21223651370322405,0.20718984319146658,0.060474988513839145,120042,,,,,,,
43,1.0,0.0,0.7309350546172592,0.38618933830050256,True,1.0,llm_adjudication,0.0,-0.016527610367315447,-0.13990881462798382,0.10685359389335289,-0.19702180525731344,120042,,,,,,,
45,0.0,0.0,0.2877857978025763,0.3689753372039217,True,1.0,llm_adjudication,0.0,0.015484298726169406,-0.08283511585256517,0.11380371330490396,0.13139903885494988,120042,,,,,,,
48,1.0,1.0,0.4640558918721573,0.5888245392655549,True,1.0,llm_adjudication,0.0,-0.19414400928742556,-0.27993873227232735,-0.10834928630252376,-0.02351093248221392,120042,,,,,,,
63,1.0,0.0,0.493740643635318,0.20164355626544486,True,1.0,llm_adjudication,0.0,-0.15678604165090576,-0.24414114302603968,-0.06943094027577187,-0.08061850681857732,120042,,,,,,,
67,1.0,1.0,0.4135078007326209,0.532633707078535,True,1.0,llm_adjudication,0.0,-0.11247663132157845,-0.3282524595278732,0.10329919688471623,-0.4040936263411786,120042,,,,,,,
69,0.0,0.0,0.46600337273861786,0.48630868982475617,True,1.0,llm_adjudication,0.0,-0.12462596739332632,-0.30745743472950327,0.058205499942850625,-0.2535047085663173,120042,,,,,,,
72,1.0,0.0,0.5908011295185976,0.3649110295452353,True,1.0,llm_adjudication,0.0,-0.14216645720264176,-0.2968954908637902,0.012562576458506641,0.03393963416448598,120042,,,,,,,
75,1.0,0.0,0.8971971121686327,0.590906090484836,True,1.0,llm_adjudication,0.0,0.09941163979225039,-0.021175931432654074,0.21999921101715483,-0.21905044290968123,120042,,,,,,,
93,0.0,1.0,0.23435593073816172,0.3708737195266814,True,1.0,llm_adjudication,0.0,-0.107685727214834,-0.19298261498616154,-0.02238883944350649,-0.24763340158643393,120042,,,,,,,
115,0.0,0.0,0.417662784829503,0.3560754401295836,True,1.0,llm_adjudication,0.0,-0.09911946700797994,-0.2823809659058478,0.08414203188988795,-0.036066766855671034,120042,,,,,,,
116,0.0,1.0,0.2300810466125331,0.24524587329350514,True,1.0,llm_adjudication,0.0,-0.09385934986921025,-0.25191256440701715,0.0641938646685966,-0.014342061446469406,120042,,,,,,,
121,1.0,0.0,0.829551555662928,0.5644650903605791,True,1.0,llm_adjudication,0.0,-0.0753653437633617,-0.23232019127289916,0.08158950374617575,-0.578150415838105,120042,,,,,,,
122,1.0,0.0,0.6628130336914178,0.16757719199669627,True,1.0,llm_adjudication,0.0,-0.09528513933889315,-0.2535281939617131,0.06295791528392677,-0.1662835077113541,120042,,,,,,,
123,0.0,1.0,0.39744562120923743,0.39243083175848403,True,1.0,llm_adjudication,0.0,0.030841433480466404,-0.1452224442418244,0.20690531120275718,0.03246765507545743,120042,,,,,,,
126,0.0,0.0,0.2904388139791195,0.3909132072928165,True,1.0,llm_adjudication,0.0,-0.15254986945112306,-0.2644512949680121,-0.040648443934234044,-0.3010231687743369,120042,,,,,,,
130,0.0,0.0,0.26863216138852986,0.21849460988274513,True,1.0,llm_adjudication,0.0,0.07221587400228136,-0.1307539716486676,0.27518571965323024,0.006309753656425152,120042,,,,,,,
137,0.0,0.0,0.19104229057139868,0.136704195001431,True,1.0,llm_adjudication,0.0,0.020321637717795604,-0.11704962366699345,0.15769289910258463,-0.035394603233024145,120042,,,,,,,
145,1.0,0.0,0.4660143956373304,0.44212132263226617,True,1.0,llm_adjudication,0.0,0.07487659042001325,-0.05568301610445607,0.20543619694448256,-0.33769143797714973,120042,,,,,,,
151,0.0,1.0,0.5191771574449675,0.4662585530143542,True,1.0,llm_adjudication,0.0,-0.061385652648762085,-0.24097626803275204,0.11820496273522782,-0.31487008056515453,120042,,,,,,,
162,0.0,0.0,0.5856731783723788,0.5989655969474362,True,1.0,llm_adjudication,0.0,-0.04385955082912996,-0.17056475960797535,0.0828456579497154,-0.1770906937214045,120042,,,,,,,
167,0.0,1.0,0.6272436550256896,0.707639467658466,True,1.0,llm_adjudication,0.0,0.001865348173271122,-0.18025032508343847,0.18398102142998066,0.060419762402974864,120042,,,,,,,
169,1.0,1.0,0.718421807752594,0.8744463758885973,True,1.0,llm_adjudication,0.0,-0.07812345835063184,-0.21203290424022878,0.055785987538965076,-0.059438745764093026,120042,,,,,,,
180,1.0,1.0,0.8672668628184429,0.5657293381904667,True,1.0,llm_adjudication,0.0,-0.11102122369443002,-0.19682576056671414,-0.02521668682214591,0.07214620573564456,120042,,,,,,,
186,1.0,0.0,0.5911390146431826,0.5179879989770028,True,1.0,llm_adjudication,0.0,0.005708070870428708,-0.19452134699173398,0.20593748873259138,-0.34838730337294177,120042,,,,,,,
193,0.0,0.0,0.40023106047420476,0.1550758670471376,True,1.0,llm_adjudication,0.0,-0.15751706501612836,-0.24436962912678425,-0.07066450090547248,-0.07790570380726344,120042,,,,,,,
196,0.0,0.0,0.4779684453454312,0.4063942925546509,True,1.0,llm_adjudication,0.0,0.0025502385977418532,-0.1280288591915579,0.1331293363870416,0.18500422317417548,120042,,,,,,,
198,0.0,0.0,0.14587366590344183,0.3168318250125152,True,1.0,llm_adjudication,0.0,-0.2465752038579263,-0.3916959876542554,-0.10145442006159724,-0.09796041668062988,120042,,,,,,,
205,1.0,1.0,0.889667935890094,0.4157414662695457,True,1.0,llm_adjudication,0.0,-0.035863517451042486,-0.20350865320353068,0.13178161830144566,0.10039000345163385,120042,,,,,,,
208,1.0,1.0,0.37917397054309765,0.6227098092939151,True,1.0,llm_adjudication,0.0,-0.11386884994293313,-0.30124028961239185,0.07350258972652558,-0.38364186382161225,120042,,,,,,,
211,0.0,0.0,0.231401125726331,0.22905857404779453,True,1.0,llm_adjudication,0.0,0.10152594025782442,-0.016597424197935057,0.21964930471358388,0.039362356322426656,120042,,,,,,,
229,0.0,0.0,0.35491053100236486,0.18642819332391197,True,1.0,llm_adjudication,0.0,-0.08836578274177849,-0.23486105175892985,0.05812948627537283,-0.0181111175885878,120042,,,,,,,
237,0.0,1.0,0.3187585270756577,0.6861105920384603,True,1.0,llm_adjudication,0.0,0.05440805428826044,-0.10025168449151055,0.20906779306803136,0.014677238537030401,120042,,,,,,,
241,1.0,0.0,0.33880276994038705,0.4470269612145222,True,1.0,llm_adjudication,0.0,-0.11094307321162633,-0.22482969609512893,0.0029435496718762527,-0.2359562924134932,120042,,,,,,,
250,1.0,1.0,0.8428866494274864,0.703627059039757,True,1.0,llm_adjudication,0.0,0.009807277661850244,-0.2139952214457141,0.23360977676941452,-0.14381661120733635,120042,,,,,,,
254,0.0,1.0,0.20839292854203073,0.24099446092279211,True,1.0,llm_adjudication,0.0,0.026407802618358484,-0.1688954139057542,0.2217110191424711,0.11029612787953566,120042,,,,,,,
261,0.0,0.0,0.25783316789758004,0.1812073244799295,True,1.0,llm_adjudication,0.0,0.1493118834877081,0.04134352346556293,0.25728024350985323,0.31285754382566056,120042,,,,,,,
264,1.0,1.0,0.5133701154893368,0.5783417591739412,True,1.0,llm_adjudication,0.0,-0.11094307321162633,-0.22482969609512893,0.0029435496718762527,0.10130985419071503,120042,,,,,,,
265,0.0,0.0,0.4673440107611287,0.3563794093146026,True,1.0,llm_adjudication,0.0,-0.09980331189675129,-0.2851947224668806,0.08558809867337797,-0.19966649402570194,120042,,,,,,,
270,0.0,0.0,0.34874073775724557,0.20171397701955088,True,1.0,llm_adjudication,0.0,-0.08962214720373335,-0.23843016576949005,0.0591858713620233,-0.05981133747776573,120042,,,,,,,
271,1.0,0.0,0.8208015211662028,0.8654343342544495,True,1.0,llm_adjudication,0.0,-0.08564473149688183,-0.27669197489674013,0.1054025119029764,-0.027407061388611043,120042,,,,,,,
277,1.0,1.0,0.8458274757149049,0.5796784555469318,True,1.0,llm_adjudication,0.0,0.006344628979028537,-0.17076153921048842,0.18345079716854548,0.19707323380293573,120042,,,,,,,
282,0.0,0.0,0.4968539889905682,0.48950108386632263,True,1.0,llm_adjudication,0.0,-0.026244260796082688,-0.15767347947232643,0.10518495788016102,0.2904593735133494,120042,,,,,,,
284,0.0,1.0,0.26169668314489575,0.48044735559495144,True,1.0,llm_adjudication,0.0,-0.05426122309775498,-0.1666271790147535,0.05810473281924351,0.18518688543613304,120042,,,,,,,
288,1.0,0.0,0.7511605014707504,0.5824804714021297,True,1.0,llm_adjudication,0.0,-0.0013142631190589866,-0.07804149033343993,0.07541296409532194,0.004640120746827181,120042,,,,,,,
294,1.0,1.0,0.8164796270017057,0.49031264913350026,True,1.0,llm_adjudication,0.0,-0.0489570474834975,-0.1368602488465716,0.03894615387957658,-0.34951026332690505,120042,,,,,,,
318,0.0,0.0,0.6636540076542939,0.5705544669325786,True,1.0,llm_adjudication,0.0,-0.06882502271567009,-0.25064493305045576,0.11299488761911552,-0.20199985734703257,120042,,,,,,,
319,1.0,1.0,0.8930296774091446,0.7555478412559756,True,1.0,llm_adjudication,0.0,-0.12707655875478685,-0.23123629349819516,-0.022916824011378567,0.04278373950332526,120042,,,,,,,
328,0.0,1.0,0.39432924248177276,0.18948303187203663,True,1.0,llm_adjudication,0.0,-0.007822990258097292,-0.1867284048949941,0.17108242437879947,0.10327243996857394,120042,,,,,,,
334,0.0,0.0,0.32003853805723764,0.2875355167491368,True,1.0,llm_adjudication,0.0,-0.19041308029117796,-0.46860592332758255,0.08777976274522656,-0.1484375342195409,120042,,,,,,,
339,0.0,1.0,0.6907306329755005,0.5644583916735121,True,1.0,llm_adjudication,0.0,-0.025770498438801734,-0.16215472977975776,0.11061373290215427,-0.04096418254395162,120042,,,,,,,
343,1.0,1.0,0.7122793784860058,0.5155210187085154,True,1.0,llm_adjudication,0.0,-0.08809536363876433,-0.25386230328104353,0.07767157600351482,-0.252500407706424,120042,,,,,,,
346,0.0,0.0,0.4668878241550569,0.33951763988107997,True,1.0,llm_adjudication,0.0,0.019682387336373407,-0.11041386725250722,0.149778641925254,0.021257549177203516,120042,,,,,,,
347,0.0,1.0,0.20263826870260368,0.2637419376444213,True,1.0,llm_adjudication,0.0,-0.16913829335524844,-0.2840603493249279,-0.05421623738556898,0.0718545920669893,120042,,,,,,,
349,0.0,1.0,0.7980010545149436,0.6771543356924604,True,1.0,llm_adjudication,0.0,-0.14297084442146712,-0.27148347839596454,-0.014458210446969766,0.03268878550218324,120042,,,,,,,
354,1.0,0.0,0.532805219686784,0.2924577715670299,True,1.0,llm_adjudication,0.0,-0.10458068901197488,-0.22133151197844836,0.012170133954498577,-0.14297135067526034,120042,,,,,,,
357,1.0,1.0,0.6408274001124588,0.2999253159315922,True,1.0,llm_adjudication,0.0,-0.2130648041759133,-0.30338514504867403,-0.1227444633031526,0.1013446835796018,120042,,,,,,,
360,1.0,0.0,0.3477877504865826,0.3387807653978252,True,1.0,llm_adjudication,0.0,-0.10953337126142074,-0.20912849294410968,-0.009938249578731809,-0.20995476861796994,120042,,,,,,,
361,0.0,0.0,0.29661108176182654,0.23059339157774011,True,1.0,llm_adjudication,0.0,-0.07126733263375491,-0.2272795058596398,0.08474484059212993,-0.0406445885166562,120042,,,,,,,
365,1.0,0.0,0.6049751553904226,0.2863717839207137,True,1.0,llm_adjudication,0.0,-0.10936743666478077,-0.3231393243757799,0.10440445104621832,-0.3344524588585174,120042,,,,,,,
368,1.0,0.0,0.6849883638981021,0.32733973117530735,True,1.0,llm_adjudication,0.0,-0.012917440662654161,-0.12741803645067737,0.10158315512536903,-0.05427466854280549,120042,,,,,,,
370,1.0,0.0,0.19790340240759838,0.10800260009836761,True,1.0,llm_adjudication,0.0,-0.08722575081124785,-0.3176463554165809,0.1431948537940851,-0.11224918810400103,120042,,,,,,,
380,0.0,1.0,0.7471666727680591,0.4674264398886901,True,1.0,llm_adjudication,0.0,-0.04645434054626217,-0.2448631179708124,0.15195443687828802,-0.4595323870462047,120042,,,,,,,
384,1.0,1.0,0.6900728481780237,0.5112597274821526,True,1.0,llm_adjudication,0.0,0.05374179212553547,-0.07325385572895667,0.18073743998002756,0.0703099140074529,120042,,,,,,,
392,1.0,1.0,0.7956043945971023,0.7308406047876336,True,1.0,llm_adjudication,0.0,-0.10990506532389697,-0.24750973414466992,0.027699603496875932,0.0859568948245617,120042,,,,,,,
398,0.0,1.0,0.3206138626697417,0.45685223927714724,True,1.0,llm_adjudication,0.0,0.0438269649715343,-0.11022783988250359,0.19788176982557215,-0.3498504475078327,120042,,,,,,,
409,0.0,0.0,0.18337791691798333,0.4439000770292082,True,1.0,llm_adjudication,0.0,-0.13058971764590233,-0.29362589851438065,0.032446463222575966,0.14554265152238055,120042,,,,,,,
422,1.0,1.0,0.4374280553015159,0.34871246199525907,True,1.0,llm_adjudication,0.0,0.13633891206137178,-0.016262514833166375,0.28894033895590987,0.04875396248008518,120042,,,,,,,
424,1.0,0.0,0.6770097302582416,0.7052642761137701,True,1.0,llm_adjudication,0.0,-0.11426970611602295,-0.2732051697312484,0.0446657574992025,-0.411950972386599,120042,,,,,,,
431,1.0,1.0,0.4372491262168222,0.6279412483546116,True,1.0,llm_adjudication,0.0,-0.14771358855675645,-0.2521930833934422,-0.0432340937200707,-0.32665406706368566,120042,,,,,,,
433,0.0,0.0,0.10525170726096475,0.10427304962006238,True,1.0,llm_adjudication,0.0,-0.16977561070213912,-0.2845890921084451,-0.05496212929583322,-0.03402153155820689,120042,,,,,,,
435,0.0,1.0,0.4409894527049854,0.6729711349557012,True,1.0,llm_adjudication,0.0,-0.00494339668484103,-0.18631273413517377,0.17642594076549167,-0.10742312894197681,120042,,,,,,,
446,1.0,0.0,0.2790381570542702,0.16375999330593335,True,1.0,llm_adjudication,0.0,0.0043878867953613945,-0.18162905569064086,0.19040482928136362,-0.06432527410523083,120042,,,,,,,
447,1.0,1.0,0.536835214889051,0.5503554221394807,True,1.0,llm_adjudication,0.0,-0.017207248987778343,-0.22192091164657546,0.18750641367101875,0.034144994760945346,120042,,,,,,,
451,1.0,1.0,0.7690955084071955,0.6112206494377056,True,1.0,llm_adjudication,0.0,-0.08948912811257095,-0.21702970668659902,0.03805145046145708,-0.17663563846118313,120042,,,,,,,
460,1.0,0.0,0.39094770965443404,0.27994469973743064,True,1.0,llm_adjudication,0.0,-0.012362808332341347,-0.1353387178233828,0.11061310115870009,-0.15089969081385596,120042,,,,,,,
462,0.0,0.0,0.4757820881301206,0.3798226570352518,True,1.0,llm_adjudication,0.0,0.018740154524737956,-0.13958122037251514,0.17706152942199102,-0.02877369342676961,120042,,,,,,,
465,0.0,1.0,0.4312755600906261,0.6491876730428766,True,1.0,llm_adjudication,0.0,-0.06773215949450463,-0.24574875436091603,0.11028443537190676,-0.07352311822592295,120042,,,,,,,
467,0.0,0.0,0.2562069965782711,0.26684038260745196,True,1.0,llm_adjudication,0.0,-0.04420604332131735,-0.20533597748602989,0.11692389084339518,0.18109530692018136,120042,,,,,,,
468,1.0,0.0,0.44882293786932376,0.4590625162462623,True,1.0,llm_adjudication,0.0,0.04796765947283816,-0.11790225106591715,0.2138375700115934,-0.36394341785118856,120042,,,,,,,
474,0.0,0.0,0.4334979519869535,0.38280401600429703,True,1.0,llm_adjudication,0.0,0.0058083553554083775,-0.12641632904723676,0.1380330397580535,0.27024214191256124,120042,,,,,,,
478,1.0,0.0,0.5739982744039367,0.2947270948162633,True,1.0,llm_adjudication,0.0,-0.012316144569742319,-0.14743508669977645,0.12280279756029179,-0.14113139488284232,120042,,,,,,,
481,0.0,1.0,0.5087083360409932,0.40825501741027925,True,1.0,llm_adjudication,0.0,-0.060947364302034596,-0.19854072849014043,0.07664599988607121,0.24256774419822325,120042,,,,,,,
486,1.0,1.0,0.7441202307802978,0.6148549412893181,True,1.0,llm_adjudication,0.0,-0.10362664863429735,-0.3057647086002069,0.09851141133161215,-0.6892153014395378,120042,,,,,,,
487,1.0,1.0,0.8467975192157075,0.5866738910251524,True,1.0,llm_adjudication,0.0,-0.041332868035531885,-0.13100244605344066,0.04833670998237686,-0.028156691615068175,120042,,,,,,,
498,0.0,0.0,0.3020648921646804,0.1979830251548477,True,1.0,llm_adjudication,0.0,-0.1225699375601475,-0.3145484228919416,0.0694085477716466,-0.1062618189134249,120042,,,,,,,
503,0.0,0.0,0.3446948747805175,0.2658055219729751,True,1.0,llm_adjudication,0.0,-0.03448577007964088,-0.21121534830796393,0.14224380814868215,-0.16728505428348134,120042,,,,,,,
507,1.0,1.0,0.8311033999506614,0.7945564212316646,True,1.0,llm_adjudication,0.0,-0.03241047019228621,-0.1749424096927438,0.11012146930817135,-0.030854928811506976,120042,,,,,,,
508,0.0,0.0,0.5229332692489086,0.2601699446166555,True,1.0,llm_adjudication,0.0,-0.21056556202631915,-0.30570605084367175,-0.11542507320896656,-0.05620972089686527,120042,,,,,,,
514,1.0,1.0,0.8270038617254091,0.6943390637417084,True,1.0,llm_adjudication,0.0,-0.0031854727783247436,-0.1851763409302718,0.1788053953736223,-0.061478120138046544,120042,,,,,,,
526,0.0,0.0,0.15782593929996835,0.13044474411998602,True,1.0,llm_adjudication,0.0,0.08979112013007258,-0.04560868558851992,0.22519092584866507,0.020299231269924375,120042,,,,,,,
528,1.0,1.0,0.6647472925894883,0.7352516088728809,True,1.0,llm_adjudication,0.0,0.01677438938470992,-0.17026973324134045,0.20381851201076026,-0.3151680255715663,120042,,,,,,,
532,1.0,0.0,0.5659465902283147,0.4305883970188177,True,1.0,llm_adjudication,0.0,-0.16095658772860924,-0.2953266015445753,-0.026586573912643213,-0.5334643262344162,120042,,,,,,,
534,0.0,1.0,0.6356185713393279,0.49570608184298615,True,1.0,llm_adjudication,0.0,0.17008636742546818,0.054578888093544,0.2855938467573923,0.13543398492073888,120042,,,,,,,
535,0.0,0.0,0.6385549390569282,0.3491581541021244,True,1.0,llm_adjudication,0.0,0.02702612567652973,-0.0966873445101973,0.15073959586325672,0.03704061610492676,120042,,,,,,,
538,1.0,0.0,0.7165422603028302,0.5565385298635452,True,1.0,llm_adjudication,0.0,0.05279343995791326,-0.14121810860037953,0.24680498851620603,-0.06212851278558973,120042,,,,,,,
539,0.0,1.0,0.3919352408994978,0.39807883890515544,True,1.0,llm_adjudication,0.0,-0.014816373987183966,-0.15495204356898695,0.125319295594619,-0.11126006308263126,120042,,,,,,,
546,0.0,0.0,0.30246911548946265,0.1674140399970113,True,1.0,llm_adjudication,0.0,-0.03572780855467924,-0.25381344259155525,0.1823578254821967,-0.06620608679353736,120042,,,,,,,
549,1.0,0.0,0.737809295603759,0.4018100071172399,True,1.0,llm_adjudication,0.0,-0.11398841478994559,-0.19307002329857303,-0.034906806281318176,-0.22605679180368443,120042,,,,,,,
550,0.0,0.0,0.22968620364065134,0.12507868829739605,True,1.0,llm_adjudication,0.0,-0.2924472906772583,-0.4425527911595123,-0.14234179019500431,-0.08381602753461014,120042,,,,,,,
552,1.0,0.0,0.5131292585651384,0.19044531066663345,True,1.0,llm_adjudication,0.0,-0.12620323822524993,-0.24988048317435774,-0.002525993276142141,0.08753892270289004,120042,,,,,,,
559,1.0,0.0,0.6085123450001269,0.405681505096466,True,1.0,llm_adjudication,0.0,-0.025458042494685525,-0.2214191423343871,0.17050305734501597,-0.36576085048430995,120042,,,,,,,
560,1.0,1.0,0.8655555287273489,0.6294406160354643,True,1.0,llm_adjudication,0.0,-0.08999675601642124,-0.22474807721910875,0.04475456518626625,-0.06469990771798673,120042,,,,,,,
561,1.0,0.0,0.6004522932294956,0.25193874811218325,True,1.0,llm_adjudication,0.0,0.0629914738886538,-0.12187511156558324,0.2478580593428908,-0.14847635272894044,120042,,,,,,,
563,0.0,0.0,0.34977696900330585,0.3001244011940171,True,1.0,llm_adjudication,0.0,-0.12687668316808898,-0.25082472196119787,-0.0029286443749801244,0.08723419972137467,120042,,,,,,,
568,1.0,1.0,0.8420165704415828,0.7241993149028411,True,1.0,llm_adjudication,0.0,-0.19918304599208145,-0.3410806955172218,-0.05728539646694111,-0.11006768648138565,120042,,,,,,,
569,0.0,1.0,0.6204165780663479,0.649966418468412,True,1.0,llm_adjudication,0.0,-0.07589480597603525,-0.17960306892573852,0.027813456973668008,-0.03506472883281053,120042,,,,,,,
578,0.0,0.0,0.528449166106585,0.541129455632692,True,1.0,llm_adjudication,0.0,-0.09756788531523695,-0.3037464147407947,0.10861064411032077,-0.1661069213092291,120042,,,,,,,
584,1.0,0.0,0.4835230499831929,0.6086690571475216,True,1.0,llm_adjudication,0.0,0.10930680631166538,-0.01619228659054238,0.23480589921387313,-0.18620539681394355,120042,,,,,,,
588,1.0,1.0,0.6950874683394853,0.6067692377764136,True,1.0,llm_adjudication,0.0,0.06276665425653609,-0.1132631886603384,0.23879649717341056,0.05151712594740754,120042,,,,,,,
594,0.0,1.0,0.3845124638174599,0.20204826370818607,True,1.0,llm_adjudication,0.0,-0.13211217052881064,-0.2249745804087967,-0.039249760648824586,-0.1845762402931477,120042,,,,,,,
599,0.0,1.0,0.5139276407168637,0.3069862927665871,True,1.0,llm_adjudication,0.0,0.023831259959125682,-0.15861901522379943,0.20628153514205078,-0.017020805613165407,120042,,,,,,,
603,1.0,1.0,0.8760250372770755,0.7245136388321798,True,1.0,llm_adjudication,0.0,-0.1276900096626724,-0.2649884006166523,0.00960838129130745,-0.4064471216929251,120042,,,,,,,
606,0.0,1.0,0.21922940776003394,0.3608687382193187,True,1.0,llm_adjudication,0.0,0.022771055688401244,-0.16188033840234944,0.20742244977915186,-0.0810499975355446,120042,,,,,,,
607,0.0,0.0,0.2306889141131686,0.41349980578355594,True,1.0,llm_adjudication,0.0,-0.02196716631010467,-0.12847559868918101,0.08454126606897165,-0.20262165996000597,120042,,,,,,,
609,0.0,1.0,0.2303519206028594,0.1661800464978828,True,1.0,llm_adjudication,0.0,0.038801269264309594,-0.10113626164483613,0.1787388001734553,-0.17815202596793825,120042,,,,,,,
614,1.0,1.0,0.6467946600933504,0.454149402724382,True,1.0,llm_adjudication,0.0,-0.1045440091749898,-0.2491222170490238,0.04003419869904418,0.13800989485438941,120042,,,,,,,
617,1.0,0.0,0.6802572666640975,0.691208308706228,True,1.0,llm_adjudication,0.0,-0.17498536785247787,-0.42677306350423533,0.07680232779927954,-0.32977963417948597,120042,,,,,,,
621,1.0,1.0,0.627291255719527,0.643934722388693,True,1.0,llm_adjudication,0.0,-0.14609162983928922,-0.27347393906912004,-0.01870932060945843,-0.10300534475910206,120042,,,,,,,
626,1.0,0.0,0.474501537217078,0.16437460061425205,True,1.0,llm_adjudication,0.0,-0.1126801216834422,-0.29648854998233987,0.07112830661545542,-0.14734105843629364,120042,,,,,,,
638,1.0,0.0,0.2748012559824055,0.1239220657092472,True,1.0,llm_adjudication,0.0,-0.10383204456716581,-0.30766775999407825,0.10000367085974655,-0.028967779075204383,120042,,,,,,,
648,1.0,1.0,0.5446984576494674,0.4969151883647077,True,1.0,llm_adjudication,0.0,-0.08046303859270516,-0.2029254191278309,0.04199934194242057,0.22657797391420198,120042,,,,,,,
651,1.0,0.0,0.7414638822974168,0.20735604282143721,True,1.0,llm_adjudication,0.0,-0.1631605606363077,-0.29599441441225666,-0.030326706860358793,0.14285091672279376,120042,,,,,,,
656,0.0,0.0,0.28204662460451924,0.4366149382471533,True,1.0,llm_adjudication,0.0,-0.028634663846406207,-0.22768967715830685,0.17042034946549442,0.008071797181922913,120042,,,,,,,
662,0.0,0.0,0.6929571721037661,0.5688028871898342,True,1.0,llm_adjudication,0.0,0.012635423479530271,-0.13017092980369271,0.15544177676275325,0.12090442381375327,120042,,,,,,,
663,1.0,1.0,0.6304851473044282,0.5835748670106308,True,1.0,llm_adjudication,0.0,0.025906869316982314,-0.14029326988401286,0.19210700851797746,-0.0006267839972746714,120042,,,,,,,
676,1.0,0.0,0.4599439184764482,0.29878782114157487,True,1.0,llm_adjudication,0.0,-0.06985802550157791,-0.22398875780991426,0.08427270680675839,0.288078314021742,120042,,,,,,,
680,1.0,0.0,0.6829703748258147,0.11385594636738014,True,1.0,llm_adjudication,0.0,0.05260845965508235,-0.09667422918448448,0.20189114849464912,-0.21676132704337042,120042,,,,,,,
684,0.0,0.0,0.5697406984360188,0.19983185070397666,True,1.0,llm_adjudication,0.0,-0.030281497526979548,-0.15478904358606738,0.09422604853210825,-0.09365228131014089,120042,,,,,,,
689,1.0,1.0,0.8868225930045658,0.8706173422583725,True,1.0,llm_adjudication,0.0,-0.10447555936922552,-0.33363238184654503,0.12468126310809392,0.028437736123359203,120042,,,,,,,
707,1.0,0.0,0.3095601577041158,0.16574517487960455,True,1.0,llm_adjudication,0.0,-0.18823370502709638,-0.3464917148162651,-0.029975695237927702,-0.18261274863827542,120042,,,,,,,
708,0.0,0.0,0.38944180681518387,0.31109833854695346,True,1.0,llm_adjudication,0.0,-0.09187337299118262,-0.22459892154411612,0.04085217556175086,-0.3033594815556778,120042,,,,,,,
712,0.0,0.0,0.22671743720630477,0.39916050095370287,True,1.0,llm_adjudication,0.0,0.11502379390411482,-0.07986406359625461,0.3099116514044842,0.20262182932038472,120042,,,,,,,
713,0.0,1.0,0.4479973834356069,0.7899673126686212,True,1.0,llm_adjudication,0.0,0.07838815151366113,-0.04312513699856635,0.19990144002588858,0.18351149860665072,120042,,,,,,,
723,1.0,1.0,0.8791019779208326,0.6312407840166131,True,1.0,llm_adjudication,0.0,0.1893440830768489,0.016721633751400705,0.3619665324022971,-0.013981278819158116,120042,,,,,,,
735,1.0,1.0,0.7869431386479372,0.5368141960979033,True,1.0,llm_adjudication,0.0,0.018297891500710643,-0.10173722524630799,0.13833300824772926,0.2892291597635016,120042,,,,,,,
739,0.0,1.0,0.16567925131260422,0.3625667250095327,True,1.0,llm_adjudication,0.0,0.07687082760146237,-0.024602356911614984,0.1783440121145397,0.04653584065128688,120042,,,,,,,
743,1.0,0.0,0.6338297786120288,0.6070901283292623,True,1.0,llm_adjudication,0.0,-0.03912671031680956,-0.17954177492688278,0.10128835429326363,-0.3588049137290085,120042,,,,,,,
744,0.0,0.0,0.2696157041235064,0.15264458849958287,True,1.0,llm_adjudication,0.0,-0.07117800425073248,-0.21734480027530145,0.07498879177383647,0.00043827428651807554,120042,,,,,,,
752,1.0,0.0,0.6647472925894883,0.7208329462562315,True,1.0,llm_adjudication,0.0,0.03723656878622297,-0.14516372924438953,0.21963686681683542,-0.048624029853681416,120042,,,,,,,
760,1.0,1.0,0.7134555858731084,0.792566241366111,True,1.0,llm_adjudication,0.0,-0.09301170206762206,-0.26908188869725136,0.08305848456200716,-0.1049719012824385,120042,,,,,,,
773,1.0,1.0,0.8386940353384825,0.852870223315683,True,1.0,llm_adjudication,0.0,-0.008125758895267765,-0.22421852518838115,0.20796700739784557,-0.05078761983714952,120042,,,,,,,
776,0.0,0.0,0.3345234242308092,0.20533773166060534,True,1.0,llm_adjudication,0.0,0.06163443137274703,-0.13366142771655304,0.2569302904620471,0.11215936655437345,120042,,,,,,,
779,0.0,0.0,0.3257453007133764,0.22754313436062862,True,1.0,llm_adjudication,0.0,-0.1880448593965255,-0.2829317357795301,-0.09315798301352086,0.2102850669914252,120042,,,,,,,
781,1.0,1.0,0.6832939038423603,0.63754694937672,True,1.0,llm_adjudication,0.0,-0.08306493459240666,-0.2706580779852713,0.10452820880045799,0.031273744586730046,120042,,,,,,,
782,1.0,0.0,0.7648701537663227,0.4641424883295498,True,1.0,llm_adjudication,0.0,0.10773431477977732,-0.03161620869555115,0.24708483825510577,-0.27881971225762575,120042,,,,,,,
783,0.0,0.0,0.12172989379204215,0.3168675055683017,True,1.0,llm_adjudication,0.0,0.08554964805961249,-0.04344555143473172,0.21454484755395667,0.11768093960974968,120042,,,,,,,
798,1.0,1.0,0.5742961575804171,0.7338549270059888,True,1.0,llm_adjudication,0.0,0.0005458463434968371,-0.1689495644579411,0.17004125714493473,-0.012829595656138837,120042,,,,,,,
822,0.0,0.0,0.7417980053932205,0.6367950734915155,True,1.0,llm_adjudication,0.0,0.15874295336229927,0.031426868911615974,0.28605903781298253,0.15687867128973654,120042,,,,,,,
827,0.0,1.0,0.264977865904604,0.5063020143310597,True,1.0,llm_adjudication,0.0,-0.136726244599449,-0.35726582554729125,0.08381333634839325,-0.47170840662307595,120042,,,,,,,
839,0.0,0.0,0.4808888128545494,0.1562570180525887,True,1.0,llm_adjudication,0.0,-0.1550553183912943,-0.29941177369773503,-0.0106988630848536,-0.082870305049013,120042,,,,,,,
845,1.0,1.0,0.7067711150558171,0.505484558588421,True,1.0,llm_adjudication,0.0,0.1435613489511694,-0.017688344013411766,0.3048110419157505,-0.054967122143437575,120042,,,,,,,
848,0.0,0.0,0.1666158023279128,0.2015602546752192,True,1.0,llm_adjudication,0.0,0.0873403196984256,-0.17593962267634733,0.35062026207319846,0.0857810802170664,120042,,,,,,,
859,1.0,1.0,0.6849906428774399,0.6769103292049636,True,1.0,llm_adjudication,0.0,-0.12190105805746221,-0.20894132195406032,-0.034860794160864114,0.10091643251497262,120042,,,,,,,
868,1.0,0.0,0.3082583807209731,0.1535068027524439,True,1.0,llm_adjudication,0.0,-0.030046160656275085,-0.1736224652000768,0.11353014388752661,-0.03768758335333155,120042,,,,,,,
875,1.0,1.0,0.25333963387393715,0.20708796308982624,True,1.0,llm_adjudication,0.0,0.08535146940078352,-0.06783530612632126,0.23853824492788828,0.2750351541256375,120042,,,,,,,
892,0.0,0.0,0.6313698695873204,0.23382463068565157,True,1.0,llm_adjudication,0.0,-0.02074278862031169,-0.19497248272935014,0.15348690548872668,-0.4218944972490402,120042,,,,,,,
893,0.0,1.0,0.45589257876268896,0.39302832109664,True,1.0,llm_adjudication,0.0,-0.06830550117086018,-0.19489797087570887,0.05828696853398849,-0.13899119129057289,120042,,,,,,,
898,1.0,1.0,0.49462645872228006,0.3547315126470555,True,1.0,llm_adjudication,0.0,-0.02847768628806621,-0.16322760401545705,0.1062722314393246,0.11489019733853345,120042,,,,,,,
908,1.0,1.0,0.59795154629418,0.5465323047791424,True,1.0,llm_adjudication,0.0,0.08461293803875193,-0.026517328954230646,0.19574320503173448,0.2700079153490359,120042,,,,,,,
913,0.0,0.0,0.4590740424682504,0.15303561997525103,True,1.0,llm_adjudication,0.0,0.07100773372409501,-0.08614604436165464,0.22816151180984462,0.5763362625455206,120042,,,,,,,
915,1.0,1.0,0.8444617337210738,0.7902472579186703,True,1.0,llm_adjudication,0.0,0.13514212843779264,-0.018293943307776034,0.2885782001833612,-0.10460704553612188,120042,,,,,,,
924,0.0,1.0,0.11064807383603614,0.35875496457481376,True,1.0,llm_adjudication,0.0,-0.03309877130323413,-0.1683075943833679,0.10211005177689961,-0.03518580558050255,120042,,,,,,,
929,1.0,0.0,0.6634216252210545,0.5571596280328351,True,1.0,llm_adjudication,0.0,-0.021532565503586943,-0.2512724660807075,0.2082073350735336,-0.2246108655442407,120042,,,,,,,
934,0.0,0.0,0.17588820990102041,0.1479102128392838,True,1.0,llm_adjudication,0.0,-0.11562258112485968,-0.3157793763017327,0.08453421405201325,-0.17923562100166213,120042,,,,,,,
955,1.0,1.0,0.7279935351733413,0.7193079523925068,True,1.0,llm_adjudication,0.0,-0.051469944178425237,-0.2529314698887819,0.14999158153193143,-0.4074361291328243,120042,,,,,,,
960,1.0,1.0,0.516353381546526,0.48744897008899524,True,1.0,llm_adjudication,0.0,0.057839434613169545,-0.1341307171726874,0.24980958639902645,0.30302428580824725,120042,,,,,,,
961,0.0,1.0,0.5952214322323915,0.2839526673389449,True,1.0,llm_adjudication,0.0,0.1097280142837199,-0.06112140606176886,0.2805774346292086,-0.17386110854674186,120042,,,,,,,
967,0.0,0.0,0.7111062328377343,0.6026371727046967,True,1.0,llm_adjudication,0.0,0.020630193822589342,-0.16715842174273746,0.2084188093879161,0.11315424130412288,120042,,,,,,,
976,0.0,0.0,0.22296580907529134,0.08518100874594803,True,1.0,llm_adjudication,0.0,-0.08950599968878517,-0.26444112573113104,0.08542912635356065,-0.10435438224184548,120042,,,,,,,
977,1.0,0.0,0.8795089744048036,0.5493546289655924,True,1.0,llm_adjudication,0.0,0.04148424987189704,-0.10972164693893789,0.19269014668273193,0.2172265382051104,120042,,,,,,,
980,1.0,1.0,0.7845093011134376,0.5285083827381312,True,1.0,llm_adjudication,0.0,-0.010364185772650197,-0.20782905973615132,0.18710068819085088,-0.1328309937568829,120042,,,,,,,
986,1.0,0.0,0.6842931095653495,0.4407593834478375,True,1.0,llm_adjudication,0.0,-0.1057516834057029,-0.22201878704265116,0.01051542023124534,-0.21930664730454208,120042,,,,,,,
987,0.0,0.0,0.4937146818591577,0.41011618555896223,True,1.0,llm_adjudication,0.0,-0.047406546775718185,-0.16538950185993762,0.0705764083085012,0.16537846499403014,120042,,,,,,,
989,0.0,0.0,0.502114524477848,0.4557268144672463,True,1.0,llm_adjudication,0.0,-0.05159091508366734,-0.21910925394147185,0.11592742377413712,-0.22553091570484401,120042,,,,,,,
5,1.0,1.0,0.6377114402121038,0.34254974755376194,True,1.0,permissive_union,0.0,0.012937845324404652,-0.13479549714410463,0.1606711877929139,0.29544125881310984,120042,,,,,,,
12,0.0,1.0,0.40864594703941975,0.30002689738786964,True,1.0,permissive_union,0.0,0.016538912266522637,-0.1470171705930289,0.18009499512607413,-0.1020346687031714,120042,,,,,,,
15,1.0,0.0,0.5202019068490832,0.11807387106554294,True,1.0,permissive_union,0.0,-0.0510638185520461,-0.20050442709274724,0.09837678998865503,-0.003080297422145953,120042,,,,,,,
30,0.0,0.0,0.5746897562690604,0.24295906763714584,True,1.0,permissive_union,0.0,0.02195982807162972,-0.06030230092534959,0.10422195706860901,-0.15824629257148742,120042,,,,,,,
39,1.0,0.0,0.6048933776872666,0.3441516064005722,True,1.0,permissive_union,0.0,-0.028590209107181852,-0.15513263671455865,0.09795221850019492,-0.0787740414269622,120042,,,,,,,
40,0.0,0.0,0.3543801765148926,0.35057432062020416,True,1.0,permissive_union,0.0,-0.04042327328955845,-0.18966619098397663,0.10881964440485972,0.060474988513839145,120042,,,,,,,
43,1.0,0.0,0.7309350546172592,0.38618933830050256,True,1.0,permissive_union,0.0,0.0066598024968093595,-0.14958828269813074,0.1629078876917494,-0.19702180525731344,120042,,,,,,,
45,0.0,0.0,0.2877857978025763,0.3689753372039217,True,1.0,permissive_union,0.0,0.0003814784703136511,-0.13499034021206988,0.13575329715269713,0.13139903885494988,120042,,,,,,,
48,1.0,1.0,0.4640558918721573,0.5888245392655549,True,1.0,permissive_union,0.0,-0.10978252935091025,-0.21012800210757843,-0.009437056594242113,-0.02351093248221392,120042,,,,,,,
63,1.0,0.0,0.493740643635318,0.20164355626544486,True,1.0,permissive_union,0.0,-0.030375334101113892,-0.20121908817281126,0.1404684199705834,-0.08061850681857732,120042,,,,,,,
67,1.0,1.0,0.4135078007326209,0.532633707078535,True,1.0,permissive_union,0.0,-0.10903382202144342,-0.2290442568513294,0.010976612808442518,-0.4040936263411786,120042,,,,,,,
69,0.0,0.0,0.46600337273861786,0.48630868982475617,True,1.0,permissive_union,0.0,-0.09719657896177741,-0.22332816610294368,0.02893500817938882,-0.2535047085663173,120042,,,,,,,
72,1.0,0.0,0.5908011295185976,0.3649110295452353,True,1.0,permissive_union,0.0,-0.008795047796911848,-0.1262060094869694,0.10861591389314566,0.03393963416448598,120042,,,,,,,
75,1.0,0.0,0.8971971121686327,0.590906090484836,True,1.0,permissive_union,0.0,-0.0033481281277380395,-0.22487648860611392,0.21818023235063777,-0.21905044290968123,120042,,,,,,,
93,0.0,1.0,0.23435593073816172,0.3708737195266814,True,1.0,permissive_union,0.0,-0.053403996047048874,-0.2133054222326258,0.106497430138528,-0.24763340158643393,120042,,,,,,,
115,0.0,0.0,0.417662784829503,0.3560754401295836,True,1.0,permissive_union,0.0,-0.029983360816852163,-0.19896074137999345,0.13899401974628908,-0.036066766855671034,120042,,,,,,,
116,0.0,1.0,0.2300810466125331,0.24524587329350514,True,1.0,permissive_union,0.0,-0.1705457666444402,-0.2896491531024227,-0.05144238018645779,-0.014342061446469406,120042,,,,,,,
121,1.0,0.0,0.829551555662928,0.5644650903605791,True,1.0,permissive_union,0.0,-0.04459060026676796,-0.144512046506101,0.055330845972565046,-0.578150415838105,120042,,,,,,,
122,1.0,0.0,0.6628130336914178,0.16757719199669627,True,1.0,permissive_union,0.0,-0.07408313190661646,-0.18991384354889185,0.04174757973565889,-0.1662835077113541,120042,,,,,,,
123,0.0,1.0,0.39744562120923743,0.39243083175848403,True,1.0,permissive_union,0.0,-0.005799584737164042,-0.11937860680741405,0.10777943733308593,0.03246765507545743,120042,,,,,,,
126,0.0,0.0,0.2904388139791195,0.3909132072928165,True,1.0,permissive_union,0.0,-0.12748785370337898,-0.20874006859081118,-0.04623563881594679,-0.3010231687743369,120042,,,,,,,
130,0.0,0.0,0.26863216138852986,0.21849460988274513,True,1.0,permissive_union,0.0,-0.07544676015883336,-0.1534202618719751,0.0025267415543083344,0.006309753656425152,120042,,,,,,,
137,0.0,0.0,0.19104229057139868,0.136704195001431,True,1.0,permissive_union,0.0,-0.07442190499848743,-0.2337488090948101,0.08490499909783523,-0.035394603233024145,120042,,,,,,,
145,1.0,0.0,0.4660143956373304,0.44212132263226617,True,1.0,permissive_union,0.0,0.041270984641581916,-0.11749770323069286,0.20003967251385665,-0.33769143797714973,120042,,,,,,,
151,0.0,1.0,0.5191771574449675,0.4662585530143542,True,1.0,permissive_union,0.0,-0.046949273813778274,-0.19239329027702998,0.09849474264947339,-0.31487008056515453,120042,,,,,,,
162,0.0,0.0,0.5856731783723788,0.5989655969474362,True,1.0,permissive_union,0.0,-0.07249180911597358,-0.16963092989027914,0.02464731165833195,-0.1770906937214045,120042,,,,,,,
167,0.0,1.0,0.6272436550256896,0.707639467658466,True,1.0,permissive_union,0.0,-0.02335978057431257,-0.17513470341960832,0.12841514227098316,0.060419762402974864,120042,,,,,,,
169,1.0,1.0,0.718421807752594,0.8744463758885973,True,1.0,permissive_union,0.0,-0.12027118315912051,-0.2730559654517956,0.03251359913355455,-0.059438745764093026,120042,,,,,,,
180,1.0,1.0,0.8672668628184429,0.5657293381904667,True,1.0,permissive_union,0.0,-0.03361781782568231,-0.12055566819908231,0.05332003254771768,0.07214620573564456,120042,,,,,,,
186,1.0,0.0,0.5911390146431826,0.5179879989770028,True,1.0,permissive_union,0.0,-0.04088392165255471,-0.12210756251897012,0.04033971921386069,-0.34838730337294177,120042,,,,,,,
193,0.0,0.0,0.40023106047420476,0.1550758670471376,True,1.0,permissive_union,0.0,-0.06284069525860556,-0.1846087508015365,0.05892736028432535,-0.07790570380726344,120042,,,,,,,
196,0.0,0.0,0.4779684453454312,0.4063942925546509,True,1.0,permissive_union,0.0,0.006514031674963043,-0.1436530190991346,0.15668108244906065,0.18500422317417548,120042,,,,,,,
198,0.0,0.0,0.14587366590344183,0.3168318250125152,True,1.0,permissive_union,0.0,-0.04713496708818845,-0.17300862487041344,0.0787386906940365,-0.09796041668062988,120042,,,,,,,
205,1.0,1.0,0.889667935890094,0.4157414662695457,True,1.0,permissive_union,0.0,-0.07845446486449673,-0.15348465417056467,-0.00342427555842878,0.10039000345163385,120042,,,,,,,
208,1.0,1.0,0.37917397054309765,0.6227098092939151,True,1.0,permissive_union,0.0,-0.020234516731138887,-0.18642136871678064,0.14595233525450285,-0.38364186382161225,120042,,,,,,,
211,0.0,0.0,0.231401125726331,0.22905857404779453,True,1.0,permissive_union,0.0,-0.020387274206256762,-0.1174882133562959,0.07671366494378236,0.039362356322426656,120042,,,,,,,
229,0.0,0.0,0.35491053100236486,0.18642819332391197,True,1.0,permissive_union,0.0,-0.07484203375295885,-0.16465027570246998,0.014966208196552255,-0.0181111175885878,120042,,,,,,,
237,0.0,1.0,0.3187585270756577,0.6861105920384603,True,1.0,permissive_union,0.0,-0.025307705193315936,-0.12508205565181463,0.07446664526518272,0.014677238537030401,120042,,,,,,,
241,1.0,0.0,0.33880276994038705,0.4470269612145222,True,1.0,permissive_union,0.0,-0.02513266611491275,-0.132787111846624,0.08252177961679849,-0.2359562924134932,120042,,,,,,,
250,1.0,1.0,0.8428866494274864,0.703627059039757,True,1.0,permissive_union,0.0,-0.04377506422884735,-0.13636678743524677,0.048816658977552045,-0.14381661120733635,120042,,,,,,,
254,0.0,1.0,0.20839292854203073,0.24099446092279211,True,1.0,permissive_union,0.0,-0.04257596495535144,-0.20476454897150173,0.11961261906079881,0.11029612787953566,120042,,,,,,,
261,0.0,0.0,0.25783316789758004,0.1812073244799295,True,1.0,permissive_union,0.0,0.004397317696631408,-0.15741931005131055,0.16621394544457332,0.31285754382566056,120042,,,,,,,
264,1.0,1.0,0.5133701154893368,0.5783417591739412,True,1.0,permissive_union,0.0,-0.028689262223295296,-0.1520585855933755,0.09468006114678489,0.10130985419071503,120042,,,,,,,
265,0.0,0.0,0.4673440107611287,0.3563794093146026,True,1.0,permissive_union,0.0,-0.13616798319321607,-0.3151443915046236,0.04280842511819144,-0.19966649402570194,120042,,,,,,,
270,0.0,0.0,0.34874073775724557,0.20171397701955088,True,1.0,permissive_union,0.0,-0.027461771317446974,-0.1883861631793357,0.13346262054444172,-0.05981133747776573,120042,,,,,,,
271,1.0,0.0,0.8208015211662028,0.8654343342544495,True,1.0,permissive_union,0.0,-0.03770927431482671,-0.1825127161503821,0.10709416752072864,-0.027407061388611043,120042,,,,,,,
277,1.0,1.0,0.8458274757149049,0.5796784555469318,True,1.0,permissive_union,0.0,-0.0272602486120753,-0.1703696517857472,0.11584915456159656,0.19707323380293573,120042,,,,,,,
282,0.0,0.0,0.4968539889905682,0.48950108386632263,True,1.0,permissive_union,0.0,-0.01911333211370764,-0.13624268474437962,0.09801602051696431,0.2904593735133494,120042,,,,,,,
284,0.0,1.0,0.26169668314489575,0.48044735559495144,True,1.0,permissive_union,0.0,0.003105163474382322,-0.11348211993795086,0.11969244688671547,0.18518688543613304,120042,,,,,,,
288,1.0,0.0,0.7511605014707504,0.5824804714021297,True,1.0,permissive_union,0.0,-0.060900868489202196,-0.21800255152919798,0.09620081455079352,0.004640120746827181,120042,,,,,,,
294,1.0,1.0,0.8164796270017057,0.49031264913350026,True,1.0,permissive_union,0.0,-0.015288049517007638,-0.17687925256867548,0.14630315353466017,-0.34951026332690505,120042,,,,,,,
318,0.0,0.0,0.6636540076542939,0.5705544669325786,True,1.0,permissive_union,0.0,-0.0013943316188172786,-0.16709545066135034,0.16430678742371577,-0.20199985734703257,120042,,,,,,,
319,1.0,1.0,0.8930296774091446,0.7555478412559756,True,1.0,permissive_union,0.0,-0.020761373142573772,-0.176036640361594,0.13451389407644643,0.04278373950332526,120042,,,,,,,
328,0.0,1.0,0.39432924248177276,0.18948303187203663,True,1.0,permissive_union,0.0,-0.01156384576255757,-0.12511849541239697,0.10199080388728181,0.10327243996857394,120042,,,,,,,
334,0.0,0.0,0.32003853805723764,0.2875355167491368,True,1.0,permissive_union,0.0,-0.0657821901616207,-0.2605036476241275,0.12893926730088606,-0.1484375342195409,120042,,,,,,,
339,0.0,1.0,0.6907306329755005,0.5644583916735121,True,1.0,permissive_union,0.0,-0.08416708827389224,-0.25305820439368554,0.08472402784590097,-0.04096418254395162,120042,,,,,,,
343,1.0,1.0,0.7122793784860058,0.5155210187085154,True,1.0,permissive_union,0.0,-0.04924666410073275,-0.16880075949652254,0.07030743129505701,-0.252500407706424,120042,,,,,,,
346,0.0,0.0,0.4668878241550569,0.33951763988107997,True,1.0,permissive_union,0.0,-0.020744950847989163,-0.11027600898773111,0.06878610729175276,0.021257549177203516,120042,,,,,,,
347,0.0,1.0,0.20263826870260368,0.2637419376444213,True,1.0,permissive_union,0.0,-0.07048111169262043,-0.22116037137969707,0.08019814799445617,0.0718545920669893,120042,,,,,,,
349,0.0,1.0,0.7980010545149436,0.6771543356924604,True,1.0,permissive_union,0.0,-0.054833721915325206,-0.17703220459007624,0.06736476075942581,0.03268878550218324,120042,,,,,,,
354,1.0,0.0,0.532805219686784,0.2924577715670299,True,1.0,permissive_union,0.0,0.013340002217843977,-0.08233978866224038,0.10901979309792832,-0.14297135067526034,120042,,,,,,,
357,1.0,1.0,0.6408274001124588,0.2999253159315922,True,1.0,permissive_union,0.0,-0.06377847612629192,-0.1650294846198555,0.03747253236727162,0.1013446835796018,120042,,,,,,,
360,1.0,0.0,0.3477877504865826,0.3387807653978252,True,1.0,permissive_union,0.0,-0.07414691318018317,-0.1922130708766681,0.043919244516301734,-0.20995476861796994,120042,,,,,,,
361,0.0,0.0,0.29661108176182654,0.23059339157774011,True,1.0,permissive_union,0.0,-0.04262139440853075,-0.1972375335163958,0.11199474469933429,-0.0406445885166562,120042,,,,,,,
365,1.0,0.0,0.6049751553904226,0.2863717839207137,True,1.0,permissive_union,0.0,-0.07426944663375158,-0.18052776165602177,0.03198886838851858,-0.3344524588585174,120042,,,,,,,
368,1.0,0.0,0.6849883638981021,0.32733973117530735,True,1.0,permissive_union,0.0,-0.06248136392903828,-0.15036656294328202,0.025403835085205446,-0.05427466854280549,120042,,,,,,,
370,1.0,0.0,0.19790340240759838,0.10800260009836761,True,1.0,permissive_union,0.0,-0.04773254278231055,-0.18576215531755086,0.09029706975292974,-0.11224918810400103,120042,,,,,,,
380,0.0,1.0,0.7471666727680591,0.4674264398886901,True,1.0,permissive_union,0.0,-0.06393368656016944,-0.1828799684592887,0.05501259533894978,-0.4595323870462047,120042,,,,,,,
384,1.0,1.0,0.6900728481780237,0.5112597274821526,True,1.0,permissive_union,0.0,0.0063100395331961885,-0.11435067774707629,0.12697075681346864,0.0703099140074529,120042,,,,,,,
392,1.0,1.0,0.7956043945971023,0.7308406047876336,True,1.0,permissive_union,0.0,-0.059773934755203276,-0.19376556275129736,0.0742176932408908,0.0859568948245617,120042,,,,,,,
398,0.0,1.0,0.3206138626697417,0.45685223927714724,True,1.0,permissive_union,0.0,-0.02535049248103574,-0.1319829076627051,0.0812819227006336,-0.3498504475078327,120042,,,,,,,
409,0.0,0.0,0.18337791691798333,0.4439000770292082,True,1.0,permissive_union,0.0,-0.0031864251335591287,-0.2190937049347114,0.2127208546675931,0.14554265152238055,120042,,,,,,,
422,1.0,1.0,0.4374280553015159,0.34871246199525907,True,1.0,permissive_union,0.0,0.03762918434806866,-0.0947163888796782,0.1699747575758155,0.04875396248008518,120042,,,,,,,
424,1.0,0.0,0.6770097302582416,0.7052642761137701,True,1.0,permissive_union,0.0,-0.08317234593914853,-0.23428827676702701,0.06794358488872991,-0.411950972386599,120042,,,,,,,
431,1.0,1.0,0.4372491262168222,0.6279412483546116,True,1.0,permissive_union,0.0,-0.1154467697640992,-0.2680196373547014,0.037126097826502974,-0.32665406706368566,120042,,,,,,,
433,0.0,0.0,0.10525170726096475,0.10427304962006238,True,1.0,permissive_union,0.0,-0.11102420161923046,-0.28181765525694014,0.05976925201847916,-0.03402153155820689,120042,,,,,,,
435,0.0,1.0,0.4409894527049854,0.6729711349557012,True,1.0,permissive_union,0.0,-0.07263636496912933,-0.20087958219001312,0.05560685225175442,-0.10742312894197681,120042,,,,,,,
446,1.0,0.0,0.2790381570542702,0.16375999330593335,True,1.0,permissive_union,0.0,-0.1266112875339433,-0.30231097123409073,0.04908839616620411,-0.06432527410523083,120042,,,,,,,
447,1.0,1.0,0.536835214889051,0.5503554221394807,True,1.0,permissive_union,0.0,-0.030408777414640306,-0.11429868106833309,0.05348112623905246,0.034144994760945346,120042,,,,,,,
451,1.0,1.0,0.7690955084071955,0.6112206494377056,True,1.0,permissive_union,0.0,-0.03241948622094676,-0.12866200192281108,0.06382302948091755,-0.17663563846118313,120042,,,,,,,
460,1.0,0.0,0.39094770965443404,0.27994469973743064,True,1.0,permissive_union,0.0,-0.05006070995664529,-0.18118506971477677,0.08106364980148614,-0.15089969081385596,120042,,,,,,,
462,0.0,0.0,0.4757820881301206,0.3798226570352518,True,1.0,permissive_union,0.0,0.03334707757414018,-0.11390912777641823,0.18060328292469857,-0.02877369342676961,120042,,,,,,,
465,0.0,1.0,0.4312755600906261,0.6491876730428766,True,1.0,permissive_union,0.0,-0.030266506655996082,-0.1666660209538168,0.1061330076418246,-0.07352311822592295,120042,,,,,,,
467,0.0,0.0,0.2562069965782711,0.26684038260745196,True,1.0,permissive_union,0.0,-0.07906686095951501,-0.22800467597451404,0.06987095405548396,0.18109530692018136,120042,,,,,,,
468,1.0,0.0,0.44882293786932376,0.4590625162462623,True,1.0,permissive_union,0.0,-0.03483794816495032,-0.12717384406624346,0.05749794773634279,-0.36394341785118856,120042,,,,,,,
474,0.0,0.0,0.4334979519869535,0.38280401600429703,True,1.0,permissive_union,0.0,-0.025873305498404976,-0.21302345124413458,0.16127684024732458,0.27024214191256124,120042,,,,,,,
478,1.0,0.0,0.5739982744039367,0.2947270948162633,True,1.0,permissive_union,0.0,-0.07069808465966591,-0.2011224546088674,0.059726285289535566,-0.14113139488284232,120042,,,,,,,
481,0.0,1.0,0.5087083360409932,0.40825501741027925,True,1.0,permissive_union,0.0,-0.037869937601406646,-0.1639722820298746,0.0882324068270613,0.24256774419822325,120042,,,,,,,
486,1.0,1.0,0.7441202307802978,0.6148549412893181,True,1.0,permissive_union,0.0,-0.06441775744552385,-0.16778524452470592,0.03894972963365821,-0.6892153014395378,120042,,,,,,,
487,1.0,1.0,0.8467975192157075,0.5866738910251524,True,1.0,permissive_union,0.0,0.014004200387122146,-0.09232098448116302,0.12032938525540729,-0.028156691615068175,120042,,,,,,,
498,0.0,0.0,0.3020648921646804,0.1979830251548477,True,1.0,permissive_union,0.0,-0.11423993353684361,-0.29935812190283406,0.07087825482914678,-0.1062618189134249,120042,,,,,,,
503,0.0,0.0,0.3446948747805175,0.2658055219729751,True,1.0,permissive_union,0.0,-0.04080739161258035,-0.1478384998705853,0.06622371664542459,-0.16728505428348134,120042,,,,,,,
507,1.0,1.0,0.8311033999506614,0.7945564212316646,True,1.0,permissive_union,0.0,-0.05614573095490896,-0.161911914203084,0.04962045229326606,-0.030854928811506976,120042,,,,,,,
508,0.0,0.0,0.5229332692489086,0.2601699446166555,True,1.0,permissive_union,0.0,-0.08502578066249718,-0.24624701236390278,0.07619545103890842,-0.05620972089686527,120042,,,,,,,
514,1.0,1.0,0.8270038617254091,0.6943390637417084,True,1.0,permissive_union,0.0,-0.03129404513998235,-0.14682503692433035,0.08423694664436561,-0.061478120138046544,120042,,,,,,,
526,0.0,0.0,0.15782593929996835,0.13044474411998602,True,1.0,permissive_union,0.0,-0.032350612280934256,-0.18690955822641422,0.1222083336645457,0.020299231269924375,120042,,,,,,,
528,1.0,1.0,0.6647472925894883,0.7352516088728809,True,1.0,permissive_union,0.0,-0.0031281738263008968,-0.15218272360430937,0.14592637595170754,-0.3151680255715663,120042,,,,,,,
532,1.0,0.0,0.5659465902283147,0.4305883970188177,True,1.0,permissive_union,0.0,-0.07876031414124524,-0.15049026990045644,-0.007030358382034044,-0.5334643262344162,120042,,,,,,,
534,0.0,1.0,0.6356185713393279,0.49570608184298615,True,1.0,permissive_union,0.0,0.06543760356976297,-0.08275161638780579,0.21362682352733167,0.13543398492073888,120042,,,,,,,
535,0.0,0.0,0.6385549390569282,0.3491581541021244,True,1.0,permissive_union,0.0,0.02668929925801283,-0.06747229761624456,0.1208508961322702,0.03704061610492676,120042,,,,,,,
538,1.0,0.0,0.7165422603028302,0.5565385298635452,True,1.0,permissive_union,0.0,-0.018162577769342495,-0.1968444556445782,0.16051930010589316,-0.06212851278558973,120042,,,,,,,
539,0.0,1.0,0.3919352408994978,0.39807883890515544,True,1.0,permissive_union,0.0,-0.11547758079949262,-0.22491977064117497,-0.006035390957810291,-0.11126006308263126,120042,,,,,,,
546,0.0,0.0,0.30246911548946265,0.1674140399970113,True,1.0,permissive_union,0.0,-0.08258677909849824,-0.1749011324713594,0.009727574274362896,-0.06620608679353736,120042,,,,,,,
549,1.0,0.0,0.737809295603759,0.4018100071172399,True,1.0,permissive_union,0.0,-0.04771264425309262,-0.16028826165324508,0.0648629731470598,-0.22605679180368443,120042,,,,,,,
550,0.0,0.0,0.22968620364065134,0.12507868829739605,True,1.0,permissive_union,0.0,-0.09247155871094845,-0.16828041366587115,-0.016662703756025757,-0.08381602753461014,120042,,,,,,,
552,1.0,0.0,0.5131292585651384,0.19044531066663345,True,1.0,permissive_union,0.0,-0.03744826038324648,-0.13214194751423056,0.057245426747737575,0.08753892270289004,120042,,,,,,,
559,1.0,0.0,0.6085123450001269,0.405681505096466,True,1.0,permissive_union,0.0,-0.08264687114493256,-0.21774879341708864,0.05245505112722344,-0.36576085048430995,120042,,,,,,,
560,1.0,1.0,0.8655555287273489,0.6294406160354643,True,1.0,permissive_union,0.0,-0.08506519477237069,-0.22374115955631274,0.053610770011571315,-0.06469990771798673,120042,,,,,,,
561,1.0,0.0,0.6004522932294956,0.25193874811218325,True,1.0,permissive_union,0.0,-0.02874797594963756,-0.15145008958481873,0.09395413768554359,-0.14847635272894044,120042,,,,,,,
563,0.0,0.0,0.34977696900330585,0.3001244011940171,True,1.0,permissive_union,0.0,-0.08422731205516688,-0.16932170306233724,0.0008670789520034278,0.08723419972137467,120042,,,,,,,
568,1.0,1.0,0.8420165704415828,0.7241993149028411,True,1.0,permissive_union,0.0,-0.10513510846235495,-0.23241328726223026,0.022143070337520318,-0.11006768648138565,120042,,,,,,,
569,0.0,1.0,0.6204165780663479,0.649966418468412,True,1.0,permissive_union,0.0,-0.08615611591229694,-0.20752163705278395,0.03520940522819005,-0.03506472883281053,120042,,,,,,,
578,0.0,0.0,0.528449166106585,0.541129455632692,True,1.0,permissive_union,0.0,-0.07199685291580651,-0.20084687165388965,0.05685316582227659,-0.1661069213092291,120042,,,,,,,
584,1.0,0.0,0.4835230499831929,0.6086690571475216,True,1.0,permissive_union,0.0,0.01297922387623528,-0.1534208584143467,0.17937930616681724,-0.18620539681394355,120042,,,,,,,
588,1.0,1.0,0.6950874683394853,0.6067692377764136,True,1.0,permissive_union,0.0,0.01612596562294577,-0.12518621452456385,0.15743814577045537,0.05151712594740754,120042,,,,,,,
594,0.0,1.0,0.3845124638174599,0.20204826370818607,True,1.0,permissive_union,0.0,-0.07595112620740249,-0.16797696171287185,0.016074709298066828,-0.1845762402931477,120042,,,,,,,
599,0.0,1.0,0.5139276407168637,0.3069862927665871,True,1.0,permissive_union,0.0,-0.013776237372069927,-0.0877945097732019,0.060242035029062016,-0.017020805613165407,120042,,,,,,,
603,1.0,1.0,0.8760250372770755,0.7245136388321798,True,1.0,permissive_union,0.0,-0.06908372451448432,-0.19894779410816454,0.06078034507919587,-0.4064471216929251,120042,,,,,,,
606,0.0,1.0,0.21922940776003394,0.3608687382193187,True,1.0,permissive_union,0.0,-0.07845012655435812,-0.191533884162467,0.034633631053750724,-0.0810499975355446,120042,,,,,,,
607,0.0,0.0,0.2306889141131686,0.41349980578355594,True,1.0,permissive_union,0.0,-0.04852353245504485,-0.20588628607498555,0.10883922116489583,-0.20262165996000597,120042,,,,,,,
609,0.0,1.0,0.2303519206028594,0.1661800464978828,True,1.0,permissive_union,0.0,-0.024263455726209873,-0.12200795536380146,0.0734810439113817,-0.17815202596793825,120042,,,,,,,
614,1.0,1.0,0.6467946600933504,0.454149402724382,True,1.0,permissive_union,0.0,-0.11703913410019126,-0.2570077451346106,0.02292947693422806,0.13800989485438941,120042,,,,,,,
617,1.0,0.0,0.6802572666640975,0.691208308706228,True,1.0,permissive_union,0.0,-0.11790466823397959,-0.21200365644835417,-0.02380568001960502,-0.32977963417948597,120042,,,,,,,
621,1.0,1.0,0.627291255719527,0.643934722388693,True,1.0,permissive_union,0.0,-0.08036559850135312,-0.22310557080078353,0.06237437379807727,-0.10300534475910206,120042,,,,,,,
626,1.0,0.0,0.474501537217078,0.16437460061425205,True,1.0,permissive_union,0.0,-0.06887711491751089,-0.1901458344230304,0.05239160458800861,-0.14734105843629364,120042,,,,,,,
638,1.0,0.0,0.2748012559824055,0.1239220657092472,True,1.0,permissive_union,0.0,-0.029467927855729752,-0.15033166571790052,0.09139581000644098,-0.028967779075204383,120042,,,,,,,
648,1.0,1.0,0.5446984576494674,0.4969151883647077,True,1.0,permissive_union,0.0,-0.04926979032631993,-0.16433002872334157,0.0657904480707017,0.22657797391420198,120042,,,,,,,
651,1.0,0.0,0.7414638822974168,0.20735604282143721,True,1.0,permissive_union,0.0,-0.07156156818244808,-0.1560805069489013,0.012957370584005132,0.14285091672279376,120042,,,,,,,
656,0.0,0.0,0.28204662460451924,0.4366149382471533,True,1.0,permissive_union,0.0,-0.04148863898504593,-0.17463649833729034,0.09165922036719845,0.008071797181922913,120042,,,,,,,
662,0.0,0.0,0.6929571721037661,0.5688028871898342,True,1.0,permissive_union,0.0,0.006325523546787575,-0.09057108906947581,0.10322213616305094,0.12090442381375327,120042,,,,,,,
663,1.0,1.0,0.6304851473044282,0.5835748670106308,True,1.0,permissive_union,0.0,0.014740902252751861,-0.07863516565836681,0.10811697016387051,-0.0006267839972746714,120042,,,,,,,
676,1.0,0.0,0.4599439184764482,0.29878782114157487,True,1.0,permissive_union,0.0,-0.08938394098767624,-0.23810202874241343,0.05933414676706092,0.288078314021742,120042,,,,,,,
680,1.0,0.0,0.6829703748258147,0.11385594636738014,True,1.0,permissive_union,0.0,-0.03857868531967687,-0.1752379156192477,0.09808054497989394,-0.21676132704337042,120042,,,,,,,
684,0.0,0.0,0.5697406984360188,0.19983185070397666,True,1.0,permissive_union,0.0,-0.03874716855022556,-0.11235214569523501,0.034857808594783865,-0.09365228131014089,120042,,,,,,,
689,1.0,1.0,0.8868225930045658,0.8706173422583725,True,1.0,permissive_union,0.0,-0.043009614497902,-0.14605891544998986,0.06003968645418584,0.028437736123359203,120042,,,,,,,
707,1.0,0.0,0.3095601577041158,0.16574517487960455,True,1.0,permissive_union,0.0,-0.08046171665128563,-0.23832700203610457,0.0774035687335333,-0.18261274863827542,120042,,,,,,,
708,0.0,0.0,0.38944180681518387,0.31109833854695346,True,1.0,permissive_union,0.0,-0.10024777726917139,-0.2223975631915077,0.021902008653164884,-0.3033594815556778,120042,,,,,,,
712,0.0,0.0,0.22671743720630477,0.39916050095370287,True,1.0,permissive_union,0.0,-0.025958653766749856,-0.14031852366814662,0.08840121613464688,0.20262182932038472,120042,,,,,,,
713,0.0,1.0,0.4479973834356069,0.7899673126686212,True,1.0,permissive_union,0.0,-0.04212141675762372,-0.15594082324368844,0.07169798972844096,0.18351149860665072,120042,,,,,,,
723,1.0,1.0,0.8791019779208326,0.6312407840166131,True,1.0,permissive_union,0.0,0.03739687522018366,-0.05461386997163638,0.12940762041200365,-0.013981278819158116,120042,,,,,,,
735,1.0,1.0,0.7869431386479372,0.5368141960979033,True,1.0,permissive_union,0.0,0.018997323644669058,-0.08681421251704238,0.12480885980638046,0.2892291597635016,120042,,,,,,,
739,0.0,1.0,0.16567925131260422,0.3625667250095327,True,1.0,permissive_union,0.0,-0.01594137590468374,-0.20823072598035258,0.17634797417098502,0.04653584065128688,120042,,,,,,,
743,1.0,0.0,0.6338297786120288,0.6070901283292623,True,1.0,permissive_union,0.0,-0.07782726067548777,-0.2295671813930928,0.07391266004211718,-0.3588049137290085,120042,,,,,,,
744,0.0,0.0,0.2696157041235064,0.15264458849958287,True,1.0,permissive_union,0.0,-0.03930100769881756,-0.18219779229206512,0.10359577689442998,0.00043827428651807554,120042,,,,,,,
752,1.0,0.0,0.6647472925894883,0.7208329462562315,True,1.0,permissive_union,0.0,0.008273471711356182,-0.14915519708787983,0.16570214051059212,-0.048624029853681416,120042,,,,,,,
760,1.0,1.0,0.7134555858731084,0.792566241366111,True,1.0,permissive_union,0.0,-0.14611120312663847,-0.3420795137369339,0.049857107483656904,-0.1049719012824385,120042,,,,,,,
773,1.0,1.0,0.8386940353384825,0.852870223315683,True,1.0,permissive_union,0.0,0.02375145460902972,-0.19767351431115024,0.24517642352920963,-0.05078761983714952,120042,,,,,,,
776,0.0,0.0,0.3345234242308092,0.20533773166060534,True,1.0,permissive_union,0.0,-0.008730588581689442,-0.1437698156462105,0.1263086384828316,0.11215936655437345,120042,,,,,,,
779,0.0,0.0,0.3257453007133764,0.22754313436062862,True,1.0,permissive_union,0.0,-0.05465797947406929,-0.14555745893007466,0.03624149998193606,0.2102850669914252,120042,,,,,,,
781,1.0,1.0,0.6832939038423603,0.63754694937672,True,1.0,permissive_union,0.0,-0.007631859511352628,-0.08845305663675188,0.0731893376140466,0.031273744586730046,120042,,,,,,,
782,1.0,0.0,0.7648701537663227,0.4641424883295498,True,1.0,permissive_union,0.0,-0.005689451491333016,-0.1586571314521161,0.14727822846945005,-0.27881971225762575,120042,,,,,,,
783,0.0,0.0,0.12172989379204215,0.3168675055683017,True,1.0,permissive_union,0.0,-0.037698136034862356,-0.1505422170270212,0.07514594495729644,0.11768093960974968,120042,,,,,,,
798,1.0,1.0,0.5742961575804171,0.7338549270059888,True,1.0,permissive_union,0.0,-0.07420910475052196,-0.24260014108362482,0.09418193158258086,-0.012829595656138837,120042,,,,,,,
822,0.0,0.0,0.7417980053932205,0.6367950734915155,True,1.0,permissive_union,0.0,0.05791634812406809,-0.09615304753994439,0.21198574378808052,0.15687867128973654,120042,,,,,,,
827,0.0,1.0,0.264977865904604,0.5063020143310597,True,1.0,permissive_union,0.0,-0.11990822316815139,-0.28419550969374885,0.04437906335744607,-0.47170840662307595,120042,,,,,,,
839,0.0,0.0,0.4808888128545494,0.1562570180525887,True,1.0,permissive_union,0.0,-0.07962755955417725,-0.2002988107897613,0.04104369168140677,-0.082870305049013,120042,,,,,,,
845,1.0,1.0,0.7067711150558171,0.505484558588421,True,1.0,permissive_union,0.0,0.0121574077934635,-0.1361580350446752,0.16047285063160213,-0.054967122143437575,120042,,,,,,,
848,0.0,0.0,0.1666158023279128,0.2015602546752192,True,1.0,permissive_union,0.0,-0.06544021361844907,-0.16969171352701065,0.03881128629011249,0.0857810802170664,120042,,,,,,,
859,1.0,1.0,0.6849906428774399,0.6769103292049636,True,1.0,permissive_union,0.0,-0.032824603180221464,-0.11468475290610047,0.04903554654565754,0.10091643251497262,120042,,,,,,,
868,1.0,0.0,0.3082583807209731,0.1535068027524439,True,1.0,permissive_union,0.0,-0.07645842747787947,-0.20586205331498836,0.05294519835922935,-0.03768758335333155,120042,,,,,,,
875,1.0,1.0,0.25333963387393715,0.20708796308982624,True,1.0,permissive_union,0.0,0.032174143608306977,-0.0705194142736246,0.13486770149023852,0.2750351541256375,120042,,,,,,,
892,0.0,0.0,0.6313698695873204,0.23382463068565157,True,1.0,permissive_union,0.0,-0.029262916371749492,-0.12847416613217444,0.06994833338867541,-0.4218944972490402,120042,,,,,,,
893,0.0,1.0,0.45589257876268896,0.39302832109664,True,1.0,permissive_union,0.0,-0.04471317209097692,-0.13084924844844478,0.041422904266490916,-0.13899119129057289,120042,,,,,,,
898,1.0,1.0,0.49462645872228006,0.3547315126470555,True,1.0,permissive_union,0.0,-0.035711895134536015,-0.1912942275293452,0.11987043726027313,0.11489019733853345,120042,,,,,,,
908,1.0,1.0,0.59795154629418,0.5465323047791424,True,1.0,permissive_union,0.0,-0.06829585992123434,-0.2396624423934131,0.10307072255094439,0.2700079153490359,120042,,,,,,,
913,0.0,0.0,0.4590740424682504,0.15303561997525103,True,1.0,permissive_union,0.0,-0.0015699410890656585,-0.1118166518531375,0.10867676967500614,0.5763362625455206,120042,,,,,,,
915,1.0,1.0,0.8444617337210738,0.7902472579186703,True,1.0,permissive_union,0.0,0.029297745796499793,-0.15514813376941042,0.21374362536240998,-0.10460704553612188,120042,,,,,,,
924,0.0,1.0,0.11064807383603614,0.35875496457481376,True,1.0,permissive_union,0.0,-0.08936862896972925,-0.23612821608609375,0.057390958146635224,-0.03518580558050255,120042,,,,,,,
929,1.0,0.0,0.6634216252210545,0.5571596280328351,True,1.0,permissive_union,0.0,-0.02006622420011997,-0.18503994691913433,0.14490749851889437,-0.2246108655442407,120042,,,,,,,
934,0.0,0.0,0.17588820990102041,0.1479102128392838,True,1.0,permissive_union,0.0,-0.10064556878793808,-0.2380059483933084,0.036714810817432234,-0.17923562100166213,120042,,,,,,,
955,1.0,1.0,0.7279935351733413,0.7193079523925068,True,1.0,permissive_union,0.0,-0.0849192116559326,-0.1626755496782207,-0.007162873633644512,-0.4074361291328243,120042,,,,,,,
960,1.0,1.0,0.516353381546526,0.48744897008899524,True,1.0,permissive_union,0.0,0.025082125805014868,-0.15316457679371323,0.20332882840374294,0.30302428580824725,120042,,,,,,,
961,0.0,1.0,0.5952214322323915,0.2839526673389449,True,1.0,permissive_union,0.0,-0.0022271215040065187,-0.15551644083233576,0.15106219782432267,-0.17386110854674186,120042,,,,,,,
967,0.0,0.0,0.7111062328377343,0.6026371727046967,True,1.0,permissive_union,0.0,-0.03526167751815282,-0.13204019254611132,0.061516837509805675,0.11315424130412288,120042,,,,,,,
976,0.0,0.0,0.22296580907529134,0.08518100874594803,True,1.0,permissive_union,0.0,-0.08836833268009761,-0.22182415183664822,0.04508748647645294,-0.10435438224184548,120042,,,,,,,
977,1.0,0.0,0.8795089744048036,0.5493546289655924,True,1.0,permissive_union,0.0,0.009376950893880995,-0.11648978588493383,0.1352436876726958,0.2172265382051104,120042,,,,,,,
980,1.0,1.0,0.7845093011134376,0.5285083827381312,True,1.0,permissive_union,0.0,-0.04471394001668485,-0.18492450145296513,0.09549662141959539,-0.1328309937568829,120042,,,,,,,
986,1.0,0.0,0.6842931095653495,0.4407593834478375,True,1.0,permissive_union,0.0,-0.06901096137099456,-0.1757423567454199,0.03772043400343075,-0.21930664730454208,120042,,,,,,,
987,0.0,0.0,0.4937146818591577,0.41011618555896223,True,1.0,permissive_union,0.0,-0.028429114523934602,-0.15048032744660375,0.0936220983987345,0.16537846499403014,120042,,,,,,,
989,0.0,0.0,0.502114524477848,0.4557268144672463,True,1.0,permissive_union,0.0,-0.05381319401597258,-0.18250080405689123,0.07487441602494606,-0.22553091570484401,120042,,,,,,,
5,1.0,1.0,0.6377114402121038,0.34254974755376194,True,1.0,all_candidates,0.0,-0.028730686794241962,-0.11044098857551399,0.05297961498703004,0.29544125881310984,120042,,,,,,,
12,0.0,1.0,0.40864594703941975,0.30002689738786964,True,1.0,all_candidates,0.0,-0.02523487864743786,-0.10578120374848958,0.05531144645361384,-0.1020346687031714,120042,,,,,,,
15,1.0,0.0,0.5202019068490832,0.11807387106554294,True,1.0,all_candidates,0.0,-0.03276459621540407,-0.18634857801101776,0.1208193855802096,-0.003080297422145953,120042,,,,,,,
30,0.0,0.0,0.5746897562690604,0.24295906763714584,True,1.0,all_candidates,0.0,-0.04282421789074092,-0.15721550036352527,0.07156706458204339,-0.15824629257148742,120042,,,,,,,
39,1.0,0.0,0.6048933776872666,0.3441516064005722,True,1.0,all_candidates,0.0,-0.05946472736820484,-0.27372946097710416,0.15480000624069445,-0.0787740414269622,120042,,,,,,,
40,0.0,0.0,0.3543801765148926,0.35057432062020416,True,1.0,all_candidates,0.0,-0.05926975635420773,-0.1656176494801237,0.0470781367717082,0.060474988513839145,120042,,,,,,,
43,1.0,0.0,0.7309350546172592,0.38618933830050256,True,1.0,all_candidates,0.0,-0.022804347141391772,-0.15958273895706143,0.11397404467427787,-0.19702180525731344,120042,,,,,,,
45,0.0,0.0,0.2877857978025763,0.3689753372039217,True,1.0,all_candidates,0.0,-0.040371647348540346,-0.18897300162918948,0.10822970693210873,0.13139903885494988,120042,,,,,,,
48,1.0,1.0,0.4640558918721573,0.5888245392655549,True,1.0,all_candidates,0.0,-0.06411049679574285,-0.23467645900657488,0.10645546541508913,-0.02351093248221392,120042,,,,,,,
63,1.0,0.0,0.493740643635318,0.20164355626544486,True,1.0,all_candidates,0.0,-0.08153033698940511,-0.20912881473756106,0.046068140758750806,-0.08061850681857732,120042,,,,,,,
67,1.0,1.0,0.4135078007326209,0.532633707078535,True,1.0,all_candidates,0.0,-0.08679916585259402,-0.17371358754799965,0.00011525584281157908,-0.4040936263411786,120042,,,,,,,
69,0.0,0.0,0.46600337273861786,0.48630868982475617,True,1.0,all_candidates,0.0,-0.07114225299911812,-0.15379092065153366,0.011506414653297409,-0.2535047085663173,120042,,,,,,,
72,1.0,0.0,0.5908011295185976,0.3649110295452353,True,1.0,all_candidates,0.0,-0.02340683853233752,-0.22840522627942542,0.18159154921475032,0.03393963416448598,120042,,,,,,,
75,1.0,0.0,0.8971971121686327,0.590906090484836,True,1.0,all_candidates,0.0,-0.027408876912738238,-0.17188056615935696,0.11706281233388041,-0.21905044290968123,120042,,,,,,,
93,0.0,1.0,0.23435593073816172,0.3708737195266814,True,1.0,all_candidates,0.0,-0.041826263129465066,-0.17094696424998668,0.08729443799105648,-0.24763340158643393,120042,,,,,,,
115,0.0,0.0,0.417662784829503,0.3560754401295836,True,1.0,all_candidates,0.0,-0.017165595255591505,-0.15546322526523232,0.12113203475404927,-0.036066766855671034,120042,,,,,,,
116,0.0,1.0,0.2300810466125331,0.24524587329350514,True,1.0,all_candidates,0.0,-0.08790211669420603,-0.23821542585896305,0.062411192470550964,-0.014342061446469406,120042,,,,,,,
121,1.0,0.0,0.829551555662928,0.5644650903605791,True,1.0,all_candidates,0.0,-0.01569552699296377,-0.11805178489684846,0.0866607309109209,-0.578150415838105,120042,,,,,,,
122,1.0,0.0,0.6628130336914178,0.16757719199669627,True,1.0,all_candidates,0.0,-0.07438181799094488,-0.19560590339634876,0.04684226741445896,-0.1662835077113541,120042,,,,,,,
123,0.0,1.0,0.39744562120923743,0.39243083175848403,True,1.0,all_candidates,0.0,-0.05834846938993532,-0.16478826352278705,0.048091324742916386,0.03246765507545743,120042,,,,,,,
126,0.0,0.0,0.2904388139791195,0.3909132072928165,True,1.0,all_candidates,0.0,-0.0802699692384001,-0.23271583889078964,0.07217590041398941,-0.3010231687743369,120042,,,,,,,
130,0.0,0.0,0.26863216138852986,0.21849460988274513,True,1.0,all_candidates,0.0,-0.082214136657612,-0.23949394312094158,0.07506566980571756,0.006309753656425152,120042,,,,,,,
137,0.0,0.0,0.19104229057139868,0.136704195001431,True,1.0,all_candidates,0.0,-0.03957493715761026,-0.22142732846046284,0.1422774541452423,-0.035394603233024145,120042,,,,,,,
145,1.0,0.0,0.4660143956373304,0.44212132263226617,True,1.0,all_candidates,0.0,-0.02837490384354741,-0.13089047189223554,0.07414066420514072,-0.33769143797714973,120042,,,,,,,
151,0.0,1.0,0.5191771574449675,0.4662585530143542,True,1.0,all_candidates,0.0,-0.012611153741190793,-0.13282408117833192,0.1076017736959503,-0.31487008056515453,120042,,,,,,,
162,0.0,0.0,0.5856731783723788,0.5989655969474362,True,1.0,all_candidates,0.0,-0.07885124863472474,-0.18525439569518434,0.02755189842573484,-0.1770906937214045,120042,,,,,,,
167,0.0,1.0,0.6272436550256896,0.707639467658466,True,1.0,all_candidates,0.0,-0.060033079942538876,-0.2986905872640346,0.17862442737895676,0.060419762402974864,120042,,,,,,,
169,1.0,1.0,0.718421807752594,0.8744463758885973,True,1.0,all_candidates,0.0,-0.04150354261785201,-0.21075445479940702,0.12774736956370297,-0.059438745764093026,120042,,,,,,,
180,1.0,1.0,0.8672668628184429,0.5657293381904667,True,1.0,all_candidates,0.0,-0.041657142116429326,-0.24051928475464562,0.15720500052178696,0.07214620573564456,120042,,,,,,,
186,1.0,0.0,0.5911390146431826,0.5179879989770028,True,1.0,all_candidates,0.0,-0.06404160976879698,-0.20607871322265725,0.07799549368506324,-0.34838730337294177,120042,,,,,,,
193,0.0,0.0,0.40023106047420476,0.1550758670471376,True,1.0,all_candidates,0.0,-0.03660179735139653,-0.1989325175660136,0.12572892286322052,-0.07790570380726344,120042,,,,,,,
196,0.0,0.0,0.4779684453454312,0.4063942925546509,True,1.0,all_candidates,0.0,-0.002886156515508846,-0.08861707121057605,0.08284475817955834,0.18500422317417548,120042,,,,,,,
198,0.0,0.0,0.14587366590344183,0.3168318250125152,True,1.0,all_candidates,0.0,-0.06796864865640398,-0.20656212221015985,0.07062482489735186,-0.09796041668062988,120042,,,,,,,
205,1.0,1.0,0.889667935890094,0.4157414662695457,True,1.0,all_candidates,0.0,-0.03058937791718965,-0.11146795433065032,0.050289198496271,0.10039000345163385,120042,,,,,,,
208,1.0,1.0,0.37917397054309765,0.6227098092939151,True,1.0,all_candidates,0.0,-0.017880736674702434,-0.15503480298715824,0.11927332963775333,-0.38364186382161225,120042,,,,,,,
211,0.0,0.0,0.231401125726331,0.22905857404779453,True,1.0,all_candidates,0.0,-0.07239998320402019,-0.17329568765864992,0.028495721250609507,0.039362356322426656,120042,,,,,,,
229,0.0,0.0,0.35491053100236486,0.18642819332391197,True,1.0,all_candidates,0.0,-0.04078814780753176,-0.19566678554249398,0.11409048992743043,-0.0181111175885878,120042,,,,,,,
237,0.0,1.0,0.3187585270756577,0.6861105920384603,True,1.0,all_candidates,0.0,-0.03229667547132439,-0.2201562080609084,0.1555628571182596,0.014677238537030401,120042,,,,,,,
241,1.0,0.0,0.33880276994038705,0.4470269612145222,True,1.0,all_candidates,0.0,-0.04942427338297047,-0.14808886093112747,0.049240314165186504,-0.2359562924134932,120042,,,,,,,
250,1.0,1.0,0.8428866494274864,0.703627059039757,True,1.0,all_candidates,0.0,-0.0596318114099725,-0.1728792625454908,0.053615639725545776,-0.14381661120733635,120042,,,,,,,
254,0.0,1.0,0.20839292854203073,0.24099446092279211,True,1.0,all_candidates,0.0,-0.021770319967900163,-0.1151584009711059,0.07161776103530555,0.11029612787953566,120042,,,,,,,
261,0.0,0.0,0.25783316789758004,0.1812073244799295,True,1.0,all_candidates,0.0,-0.02267968355447191,-0.10513173842928802,0.0597723713203442,0.31285754382566056,120042,,,,,,,
264,1.0,1.0,0.5133701154893368,0.5783417591739412,True,1.0,all_candidates,0.0,-0.06821982906961416,-0.149112839857021,0.012673181717792678,0.10130985419071503,120042,,,,,,,
265,0.0,0.0,0.4673440107611287,0.3563794093146026,True,1.0,all_candidates,0.0,-0.056227339669328226,-0.20512436420419453,0.09266968486553803,-0.19966649402570194,120042,,,,,,,
270,0.0,0.0,0.34874073775724557,0.20171397701955088,True,1.0,all_candidates,0.0,-0.03458301197551136,-0.15947806058100383,0.09031203662998108,-0.05981133747776573,120042,,,,,,,
271,1.0,0.0,0.8208015211662028,0.8654343342544495,True,1.0,all_candidates,0.0,-0.01383573199492084,-0.16575010220829625,0.13807863821845456,-0.027407061388611043,120042,,,,,,,
277,1.0,1.0,0.8458274757149049,0.5796784555469318,True,1.0,all_candidates,0.0,-0.014213659010036211,-0.12551579396743057,0.09708847594735812,0.19707323380293573,120042,,,,,,,
282,0.0,0.0,0.4968539889905682,0.48950108386632263,True,1.0,all_candidates,0.0,-0.04693663929602357,-0.18459039913612768,0.09071712054408052,0.2904593735133494,120042,,,,,,,
284,0.0,1.0,0.26169668314489575,0.48044735559495144,True,1.0,all_candidates,0.0,-0.004186499526909754,-0.09539098834812271,0.08701798929430318,0.18518688543613304,120042,,,,,,,
288,1.0,0.0,0.7511605014707504,0.5824804714021297,True,1.0,all_candidates,0.0,-0.08833932695367515,-0.2233491124782428,0.046670458570892484,0.004640120746827181,120042,,,,,,,
294,1.0,1.0,0.8164796270017057,0.49031264913350026,True,1.0,all_candidates,0.0,-0.043876900133222554,-0.12225475955861959,0.03450095929217446,-0.34951026332690505,120042,,,,,,,
318,0.0,0.0,0.6636540076542939,0.5705544669325786,True,1.0,all_candidates,0.0,-0.049572590719471586,-0.13318727346114267,0.03404209202219947,-0.20199985734703257,120042,,,,,,,
319,1.0,1.0,0.8930296774091446,0.7555478412559756,True,1.0,all_candidates,0.0,-0.06360164955421116,-0.15404651372195444,0.026843214613532104,0.04278373950332526,120042,,,,,,,
328,0.0,1.0,0.39432924248177276,0.18948303187203663,True,1.0,all_candidates,0.0,-0.025461209806937182,-0.11886432774578047,0.06794190813190608,0.10327243996857394,120042,,,,,,,
334,0.0,0.0,0.32003853805723764,0.2875355167491368,True,1.0,all_candidates,0.0,-0.07232347863786198,-0.16606836593844237,0.021421408662718383,-0.1484375342195409,120042,,,,,,,
339,0.0,1.0,0.6907306329755005,0.5644583916735121,True,1.0,all_candidates,0.0,-0.05695381413447799,-0.1449446810083198,0.03103705273936383,-0.04096418254395162,120042,,,,,,,
343,1.0,1.0,0.7122793784860058,0.5155210187085154,True,1.0,all_candidates,0.0,-0.06286301726662938,-0.23524855838861045,0.10952252385535166,-0.252500407706424,120042,,,,,,,
346,0.0,0.0,0.4668878241550569,0.33951763988107997,True,1.0,all_candidates,0.0,-0.04073915329909451,-0.20666945715173585,0.1251911505535468,0.021257549177203516,120042,,,,,,,
347,0.0,1.0,0.20263826870260368,0.2637419376444213,True,1.0,all_candidates,0.0,-0.07815012194377799,-0.2627512327580597,0.1064509888705037,0.0718545920669893,120042,,,,,,,
349,0.0,1.0,0.7980010545149436,0.6771543356924604,True,1.0,all_candidates,0.0,-0.04949198471525387,-0.18144638300583496,0.08246241357532719,0.03268878550218324,120042,,,,,,,
354,1.0,0.0,0.532805219686784,0.2924577715670299,True,1.0,all_candidates,0.0,-0.03470976937774653,-0.18074513289521968,0.11132559413972659,-0.14297135067526034,120042,,,,,,,
357,1.0,1.0,0.6408274001124588,0.2999253159315922,True,1.0,all_candidates,0.0,-0.05215277753391619,-0.19138896743508743,0.087083412367255,0.1013446835796018,120042,,,,,,,
360,1.0,0.0,0.3477877504865826,0.3387807653978252,True,1.0,all_candidates,0.0,-0.04240295908407963,-0.17581677409271093,0.09101085592455166,-0.20995476861796994,120042,,,,,,,
361,0.0,0.0,0.29661108176182654,0.23059339157774011,True,1.0,all_candidates,0.0,-0.03862616284640539,-0.19015917776607197,0.11290685207326118,-0.0406445885166562,120042,,,,,,,
365,1.0,0.0,0.6049751553904226,0.2863717839207137,True,1.0,all_candidates,0.0,-0.08876169418757741,-0.2318324122412192,0.05430902386606433,-0.3344524588585174,120042,,,,,,,
368,1.0,0.0,0.6849883638981021,0.32733973117530735,True,1.0,all_candidates,0.0,-0.0577249739121632,-0.1945411539604226,0.07909120613609619,-0.05427466854280549,120042,,,,,,,
370,1.0,0.0,0.19790340240759838,0.10800260009836761,True,1.0,all_candidates,0.0,-0.041645331715541765,-0.23025598355109586,0.14696532012001226,-0.11224918810400103,120042,,,,,,,
380,0.0,1.0,0.7471666727680591,0.4674264398886901,True,1.0,all_candidates,0.0,-0.06515847327807515,-0.13551049148451555,0.00519354492836524,-0.4595323870462047,120042,,,,,,,
384,1.0,1.0,0.6900728481780237,0.5112597274821526,True,1.0,all_candidates,0.0,-0.03801955557046225,-0.12993111738517035,0.05389200624424583,0.0703099140074529,120042,,,,,,,
392,1.0,1.0,0.7956043945971023,0.7308406047876336,True,1.0,all_candidates,0.0,-0.0250978395786187,-0.1516516488299965,0.10145596967275908,0.0859568948245617,120042,,,,,,,
398,0.0,1.0,0.3206138626697417,0.45685223927714724,True,1.0,all_candidates,0.0,-0.06139955789083026,-0.2970440750742904,0.17424495929262984,-0.3498504475078327,120042,,,,,,,
409,0.0,0.0,0.18337791691798333,0.4439000770292082,True,1.0,all_candidates,0.0,-0.05676731573567013,-0.16810778765994067,0.05457315618860039,0.14554265152238055,120042,,,,,,,
422,1.0,1.0,0.4374280553015159,0.34871246199525907,True,1.0,all_candidates,0.0,0.004234177715428694,-0.11995347235997496,0.12842182779083233,0.04875396248008518,120042,,,,,,,
424,1.0,0.0,0.6770097302582416,0.7052642761137701,True,1.0,all_candidates,0.0,-0.07994417236266274,-0.29228552790248574,0.1323971831771602,-0.411950972386599,120042,,,,,,,
431,1.0,1.0,0.4372491262168222,0.6279412483546116,True,1.0,all_candidates,0.0,-0.08500023315533363,-0.24335610051095585,0.07335563420028858,-0.32665406706368566,120042,,,,,,,
433,0.0,0.0,0.10525170726096475,0.10427304962006238,True,1.0,all_candidates,0.0,-0.0818233429976373,-0.18718837513510034,0.02354168913982574,-0.03402153155820689,120042,,,,,,,
435,0.0,1.0,0.4409894527049854,0.6729711349557012,True,1.0,all_candidates,0.0,-0.07250664522264941,-0.19355897013688317,0.04854567969158431,-0.10742312894197681,120042,,,,,,,
446,1.0,0.0,0.2790381570542702,0.16375999330593335,True,1.0,all_candidates,0.0,-0.08154427233674995,-0.2455635284262052,0.08247498375270527,-0.06432527410523083,120042,,,,,,,
447,1.0,1.0,0.536835214889051,0.5503554221394807,True,1.0,all_candidates,0.0,-0.02806774435593432,-0.14987846040136538,0.0937429716894967,0.034144994760945346,120042,,,,,,,
451,1.0,1.0,0.7690955084071955,0.6112206494377056,True,1.0,all_candidates,0.0,-0.032993717040868155,-0.13600148458964345,0.07001405050790713,-0.17663563846118313,120042,,,,,,,
460,1.0,0.0,0.39094770965443404,0.27994469973743064,True,1.0,all_candidates,0.0,-0.06631102375031171,-0.14709056589356986,0.014468518392946411,-0.15089969081385596,120042,,,,,,,
462,0.0,0.0,0.4757820881301206,0.3798226570352518,True,1.0,all_candidates,0.0,-0.021084554344822416,-0.1298619447582986,0.08769283606865375,-0.02877369342676961,120042,,,,,,,
465,0.0,1.0,0.4312755600906261,0.6491876730428766,True,1.0,all_candidates,0.0,-0.03421523493856788,-0.11917006967636434,0.050739599799228575,-0.07352311822592295,120042,,,,,,,
467,0.0,0.0,0.2562069965782711,0.26684038260745196,True,1.0,all_candidates,0.0,-0.059022111470590825,-0.18184542122553177,0.0638011982843501,0.18109530692018136,120042,,,,,,,
468,1.0,0.0,0.44882293786932376,0.4590625162462623,True,1.0,all_candidates,0.0,-0.0923426444047292,-0.1894624057511109,0.00477711694165249,-0.36394341785118856,120042,,,,,,,
474,0.0,0.0,0.4334979519869535,0.38280401600429703,True,1.0,all_candidates,0.0,-0.07685769708012288,-0.22798448012796754,0.07426908596772175,0.27024214191256124,120042,,,,,,,
478,1.0,0.0,0.5739982744039367,0.2947270948162633,True,1.0,all_candidates,0.0,-0.06601945647222109,-0.22154999303536033,0.08951108009091811,-0.14113139488284232,120042,,,,,,,
481,0.0,1.0,0.5087083360409932,0.40825501741027925,True,1.0,all_candidates,0.0,-0.020846975509004287,-0.12770189821829322,0.08600794720028464,0.24256774419822325,120042,,,,,,,
486,1.0,1.0,0.7441202307802978,0.6148549412893181,True,1.0,all_candidates,0.0,-0.0734081558052479,-0.21696534721055447,0.07014903560005864,-0.6892153014395378,120042,,,,,,,
487,1.0,1.0,0.8467975192157075,0.5866738910251524,True,1.0,all_candidates,0.0,-0.02703872470087659,-0.13205696747814677,0.07797951807639357,-0.028156691615068175,120042,,,,,,,
498,0.0,0.0,0.3020648921646804,0.1979830251548477,True,1.0,all_candidates,0.0,-0.08852772496383943,-0.25276958344930267,0.07571413352162382,-0.1062618189134249,120042,,,,,,,
503,0.0,0.0,0.3446948747805175,0.2658055219729751,True,1.0,all_candidates,0.0,-0.037806086363292114,-0.13945849136521252,0.06384631863862825,-0.16728505428348134,120042,,,,,,,
507,1.0,1.0,0.8311033999506614,0.7945564212316646,True,1.0,all_candidates,0.0,-0.0864329907111077,-0.15939575168643813,-0.013470229735777287,-0.030854928811506976,120042,,,,,,,
508,0.0,0.0,0.5229332692489086,0.2601699446166555,True,1.0,all_candidates,0.0,-0.028125316287128894,-0.17509294678681667,0.11884231421255886,-0.05620972089686527,120042,,,,,,,
514,1.0,1.0,0.8270038617254091,0.6943390637417084,True,1.0,all_candidates,0.0,-0.046024413032895325,-0.2091860943926483,0.11713726832685763,-0.061478120138046544,120042,,,,,,,
526,0.0,0.0,0.15782593929996835,0.13044474411998602,True,1.0,all_candidates,0.0,-0.04337251348791186,-0.22332825740853138,0.13658323043270765,0.020299231269924375,120042,,,,,,,
528,1.0,1.0,0.6647472925894883,0.7352516088728809,True,1.0,all_candidates,0.0,0.021771295150027424,-0.11005829129733641,0.15360088159739124,-0.3151680255715663,120042,,,,,,,
532,1.0,0.0,0.5659465902283147,0.4305883970188177,True,1.0,all_candidates,0.0,-0.04902999361305213,-0.20619772656644675,0.10813773934034246,-0.5334643262344162,120042,,,,,,,
534,0.0,1.0,0.6356185713393279,0.49570608184298615,True,1.0,all_candidates,0.0,0.010382030034454823,-0.11968585315547507,0.1404499132243847,0.13543398492073888,120042,,,,,,,
535,0.0,0.0,0.6385549390569282,0.3491581541021244,True,1.0,all_candidates,0.0,-0.03192732721581664,-0.14920670484083684,0.08535205040920354,0.03704061610492676,120042,,,,,,,
538,1.0,0.0,0.7165422603028302,0.5565385298635452,True,1.0,all_candidates,0.0,-0.02661060113842169,-0.24211662642712856,0.18889542415028515,-0.06212851278558973,120042,,,,,,,
539,0.0,1.0,0.3919352408994978,0.39807883890515544,True,1.0,all_candidates,0.0,-0.05129175125208602,-0.16968206130985186,0.0670985588056798,-0.11126006308263126,120042,,,,,,,
546,0.0,0.0,0.30246911548946265,0.1674140399970113,True,1.0,all_candidates,0.0,-0.08359468480933878,-0.17282142461493968,0.005632054996262098,-0.06620608679353736,120042,,,,,,,
549,1.0,0.0,0.737809295603759,0.4018100071172399,True,1.0,all_candidates,0.0,-0.026626697045476166,-0.16323199140348968,0.10997859731253733,-0.22605679180368443,120042,,,,,,,
550,0.0,0.0,0.22968620364065134,0.12507868829739605,True,1.0,all_candidates,0.0,-0.0853248493561062,-0.2641515971945299,0.0935018984823175,-0.08381602753461014,120042,,,,,,,
552,1.0,0.0,0.5131292585651384,0.19044531066663345,True,1.0,all_candidates,0.0,-0.06513017790197992,-0.18255680084017156,0.05229644503621171,0.08753892270289004,120042,,,,,,,
559,1.0,0.0,0.6085123450001269,0.405681505096466,True,1.0,all_candidates,0.0,-0.07533700078524355,-0.22482672762156095,0.07415272605107381,-0.36576085048430995,120042,,,,,,,
560,1.0,1.0,0.8655555287273489,0.6294406160354643,True,1.0,all_candidates,0.0,-0.06213594697396473,-0.2010049854769336,0.0767330915290041,-0.06469990771798673,120042,,,,,,,
561,1.0,0.0,0.6004522932294956,0.25193874811218325,True,1.0,all_candidates,0.0,-0.030824701826827176,-0.10871167246441205,0.047062268810757674,-0.14847635272894044,120042,,,,,,,
563,0.0,0.0,0.34977696900330585,0.3001244011940171,True,1.0,all_candidates,0.0,-0.05733157883421882,-0.2027082600032696,0.08804510233483193,0.08723419972137467,120042,,,,,,,
568,1.0,1.0,0.8420165704415828,0.7241993149028411,True,1.0,all_candidates,0.0,-0.10673744828362708,-0.28378683993083376,0.0703119433635796,-0.11006768648138565,120042,,,,,,,
569,0.0,1.0,0.6204165780663479,0.649966418468412,True,1.0,all_candidates,0.0,-0.08097156877634121,-0.18916829765483245,0.02722516010215001,-0.03506472883281053,120042,,,,,,,
578,0.0,0.0,0.528449166106585,0.541129455632692,True,1.0,all_candidates,0.0,-0.09287791881518484,-0.2836959871611706,0.09794014953080091,-0.1661069213092291,120042,,,,,,,
584,1.0,0.0,0.4835230499831929,0.6086690571475216,True,1.0,all_candidates,0.0,0.0013833498991456716,-0.09720726851854966,0.09997396831684097,-0.18620539681394355,120042,,,,,,,
588,1.0,1.0,0.6950874683394853,0.6067692377764136,True,1.0,all_candidates,0.0,-0.04346906593285317,-0.15373197999145274,0.06679384812574637,0.05151712594740754,120042,,,,,,,
594,0.0,1.0,0.3845124638174599,0.20204826370818607,True,1.0,all_candidates,0.0,-0.05194978821675957,-0.14952006724214878,0.0456204908086296,-0.1845762402931477,120042,,,,,,,
599,0.0,1.0,0.5139276407168637,0.3069862927665871,True,1.0,all_candidates,0.0,-0.045069481736960675,-0.1278201150935965,0.037681151619675134,-0.017020805613165407,120042,,,,,,,
603,1.0,1.0,0.8760250372770755,0.7245136388321798,True,1.0,all_candidates,0.0,-0.05961506249438473,-0.19115611983854777,0.0719259948497783,-0.4064471216929251,120042,,,,,,,
606,0.0,1.0,0.21922940776003394,0.3608687382193187,True,1.0,all_candidates,0.0,-0.047182003979510355,-0.2134633079350385,0.11909929997601776,-0.0810499975355446,120042,,,,,,,
607,0.0,0.0,0.2306889141131686,0.41349980578355594,True,1.0,all_candidates,0.0,-0.038843854569906675,-0.2290937344937901,0.15140602535397674,-0.20262165996000597,120042,,,,,,,
609,0.0,1.0,0.2303519206028594,0.1661800464978828,True,1.0,all_candidates,0.0,-0.03999389270252729,-0.12747828717932067,0.04749050177426607,-0.17815202596793825,120042,,,,,,,
614,1.0,1.0,0.6467946600933504,0.454149402724382,True,1.0,all_candidates,0.0,-0.06693182359404831,-0.19306022693654834,0.05919657974845169,0.13800989485438941,120042,,,,,,,
617,1.0,0.0,0.6802572666640975,0.691208308706228,True,1.0,all_candidates,0.0,-0.07404915795271623,-0.26831375138210367,0.12021543547667114,-0.32977963417948597,120042,,,,,,,
621,1.0,1.0,0.627291255719527,0.643934722388693,True,1.0,all_candidates,0.0,-0.02285021090398944,-0.11035561837048735,0.06465519656250845,-0.10300534475910206,120042,,,,,,,
626,1.0,0.0,0.474501537217078,0.16437460061425205,True,1.0,all_candidates,0.0,-0.07580931318775201,-0.16791011899067862,0.01629149261517457,-0.14734105843629364,120042,,,,,,,
638,1.0,0.0,0.2748012559824055,0.1239220657092472,True,1.0,all_candidates,0.0,-0.05623052650373979,-0.19539358486910152,0.0829325318616219,-0.028967779075204383,120042,,,,,,,
648,1.0,1.0,0.5446984576494674,0.4969151883647077,True,1.0,all_candidates,0.0,-0.055228901455950594,-0.14406114800278513,0.033603345090883904,0.22657797391420198,120042,,,,,,,
651,1.0,0.0,0.7414638822974168,0.20735604282143721,True,1.0,all_candidates,0.0,-0.025293005316562527,-0.10820802984539099,0.05762201921226592,0.14285091672279376,120042,,,,,,,
656,0.0,0.0,0.28204662460451924,0.4366149382471533,True,1.0,all_candidates,0.0,-0.04701864375251837,-0.24396004875609364,0.14992276125105683,0.008071797181922913,120042,,,,,,,
662,0.0,0.0,0.6929571721037661,0.5688028871898342,True,1.0,all_candidates,0.0,-0.042733222299279124,-0.1837891024101857,0.09832265781162744,0.12090442381375327,120042,,,,,,,
663,1.0,1.0,0.6304851473044282,0.5835748670106308,True,1.0,all_candidates,0.0,-0.02854653896462558,-0.10612388396704359,0.04903080603779239,-0.0006267839972746714,120042,,,,,,,
676,1.0,0.0,0.4599439184764482,0.29878782114157487,True,1.0,all_candidates,0.0,-0.0802325316642013,-0.17082078371839754,0.01035572038999491,0.288078314021742,120042,,,,,,,
680,1.0,0.0,0.6829703748258147,0.11385594636738014,True,1.0,all_candidates,0.0,-0.04427864832081759,-0.23549009682924674,0.14693280018761148,-0.21676132704337042,120042,,,,,,,
684,0.0,0.0,0.5697406984360188,0.19983185070397666,True,1.0,all_candidates,0.0,-0.05860338703599865,-0.1722018981310819,0.05499512405908457,-0.09365228131014089,120042,,,,,,,
689,1.0,1.0,0.8868225930045658,0.8706173422583725,True,1.0,all_candidates,0.0,-0.02475639832966257,-0.1981575426420786,0.14864474598275346,0.028437736123359203,120042,,,,,,,
707,1.0,0.0,0.3095601577041158,0.16574517487960455,True,1.0,all_candidates,0.0,-0.07169776021089082,-0.26556992965618137,0.12217440923439966,-0.18261274863827542,120042,,,,,,,
708,0.0,0.0,0.38944180681518387,0.31109833854695346,True,1.0,all_candidates,0.0,-0.07732680074895988,-0.26035382770229815,0.10570022620437834,-0.3033594815556778,120042,,,,,,,
712,0.0,0.0,0.22671743720630477,0.39916050095370287,True,1.0,all_candidates,0.0,-0.05162297580896833,-0.18164049805272794,0.07839454643479127,0.20262182932038472,120042,,,,,,,
713,0.0,1.0,0.4479973834356069,0.7899673126686212,True,1.0,all_candidates,0.0,-0.04045561998890129,-0.16587111627498605,0.08495987629718343,0.18351149860665072,120042,,,,,,,
723,1.0,1.0,0.8791019779208326,0.6312407840166131,True,1.0,all_candidates,0.0,-0.015312740419825902,-0.16025220168656817,0.12962672084691634,-0.013981278819158116,120042,,,,,,,
735,1.0,1.0,0.7869431386479372,0.5368141960979033,True,1.0,all_candidates,0.0,-0.03785597719933012,-0.19298140625066787,0.1172694518520076,0.2892291597635016,120042,,,,,,,
739,0.0,1.0,0.16567925131260422,0.3625667250095327,True,1.0,all_candidates,0.0,-0.03396673206782405,-0.21915595804707,0.15122249391142187,0.04653584065128688,120042,,,,,,,
743,1.0,0.0,0.6338297786120288,0.6070901283292623,True,1.0,all_candidates,0.0,-0.06169017473375442,-0.23461826128790103,0.11123791182039215,-0.3588049137290085,120042,,,,,,,
744,0.0,0.0,0.2696157041235064,0.15264458849958287,True,1.0,all_candidates,0.0,-0.06743841980777558,-0.17639810723329474,0.041521267617743565,0.00043827428651807554,120042,,,,,,,
752,1.0,0.0,0.6647472925894883,0.7208329462562315,True,1.0,all_candidates,0.0,0.026202541811794745,-0.10634168585631723,0.15874676947990668,-0.048624029853681416,120042,,,,,,,
760,1.0,1.0,0.7134555858731084,0.792566241366111,True,1.0,all_candidates,0.0,-0.08668991310152784,-0.25007328936158274,0.07669346315852706,-0.1049719012824385,120042,,,,,,,
773,1.0,1.0,0.8386940353384825,0.852870223315683,True,1.0,all_candidates,0.0,-0.02119534902905048,-0.15166894769559325,0.10927824963749225,-0.05078761983714952,120042,,,,,,,
776,0.0,0.0,0.3345234242308092,0.20533773166060534,True,1.0,all_candidates,0.0,-0.003982398912367799,-0.10991910639152372,0.1019543085667881,0.11215936655437345,120042,,,,,,,
779,0.0,0.0,0.3257453007133764,0.22754313436062862,True,1.0,all_candidates,0.0,-0.05484946715944679,-0.16399811657698726,0.054299182258093645,0.2102850669914252,120042,,,,,,,
781,1.0,1.0,0.6832939038423603,0.63754694937672,True,1.0,all_candidates,0.0,-0.0432942790045988,-0.1842460306025202,0.09765747259332254,0.031273744586730046,120042,,,,,,,
782,1.0,0.0,0.7648701537663227,0.4641424883295498,True,1.0,all_candidates,0.0,-0.03899979670412482,-0.17207207850011466,0.094072485091865,-0.27881971225762575,120042,,,,,,,
783,0.0,0.0,0.12172989379204215,0.3168675055683017,True,1.0,all_candidates,0.0,-0.053661467214329094,-0.15661328158656967,0.04929034715791147,0.11768093960974968,120042,,,,,,,
798,1.0,1.0,0.5742961575804171,0.7338549270059888,True,1.0,all_candidates,0.0,-0.07358008292432482,-0.2685505782019485,0.1213904123532988,-0.012829595656138837,120042,,,,,,,
822,0.0,0.0,0.7417980053932205,0.6367950734915155,True,1.0,all_candidates,0.0,-0.01656838096350885,-0.16674866050399856,0.13361189857698083,0.15687867128973654,120042,,,,,,,
827,0.0,1.0,0.264977865904604,0.5063020143310597,True,1.0,all_candidates,0.0,-0.1059410741950937,-0.24480223544087554,0.03292008705068809,-0.47170840662307595,120042,,,,,,,
839,0.0,0.0,0.4808888128545494,0.1562570180525887,True,1.0,all_candidates,0.0,-0.027810168585004177,-0.14695141916935445,0.09133108199934606,-0.082870305049013,120042,,,,,,,
845,1.0,1.0,0.7067711150558171,0.505484558588421,True,1.0,all_candidates,0.0,-0.030588729855617773,-0.19368081659150813,0.13250335688027254,-0.054967122143437575,120042,,,,,,,
848,0.0,0.0,0.1666158023279128,0.2015602546752192,True,1.0,all_candidates,0.0,-0.06420193347613226,-0.21952631958815358,0.09112245263588903,0.0857810802170664,120042,,,,,,,
859,1.0,1.0,0.6849906428774399,0.6769103292049636,True,1.0,all_candidates,0.0,-0.04222362488045933,-0.18464689077153038,0.10019964101061168,0.10091643251497262,120042,,,,,,,
868,1.0,0.0,0.3082583807209731,0.1535068027524439,True,1.0,all_candidates,0.0,-0.0938785573937951,-0.28540584785139017,0.09764873306379994,-0.03768758335333155,120042,,,,,,,
875,1.0,1.0,0.25333963387393715,0.20708796308982624,True,1.0,all_candidates,0.0,0.006475062404728401,-0.07890519862184386,0.09185532343130066,0.2750351541256375,120042,,,,,,,
892,0.0,0.0,0.6313698695873204,0.23382463068565157,True,1.0,all_candidates,0.0,-0.04964462422611369,-0.24053138566343912,0.14124213721121173,-0.4218944972490402,120042,,,,,,,
893,0.0,1.0,0.45589257876268896,0.39302832109664,True,1.0,all_candidates,0.0,-0.054659363288813545,-0.2678362631190657,0.1585175365414386,-0.13899119129057289,120042,,,,,,,
898,1.0,1.0,0.49462645872228006,0.3547315126470555,True,1.0,all_candidates,0.0,-0.04622508016050098,-0.16861319775211256,0.07616303743111055,0.11489019733853345,120042,,,,,,,
908,1.0,1.0,0.59795154629418,0.5465323047791424,True,1.0,all_candidates,0.0,-0.0799806506390055,-0.26082063422726576,0.1008593329492547,0.2700079153490359,120042,,,,,,,
913,0.0,0.0,0.4590740424682504,0.15303561997525103,True,1.0,all_candidates,0.0,-0.00689117298962658,-0.12927864099698452,0.11549629501773134,0.5763362625455206,120042,,,,,,,
915,1.0,1.0,0.8444617337210738,0.7902472579186703,True,1.0,all_candidates,0.0,-0.007446199180145293,-0.17312488627747477,0.1582324879171841,-0.10460704553612188,120042,,,,,,,
924,0.0,1.0,0.11064807383603614,0.35875496457481376,True,1.0,all_candidates,0.0,-0.07380533918425342,-0.19878116341474558,0.05117048504623872,-0.03518580558050255,120042,,,,,,,
929,1.0,0.0,0.6634216252210545,0.5571596280328351,True,1.0,all_candidates,0.0,-0.01225888086701239,-0.13335060865439793,0.10883284692037314,-0.2246108655442407,120042,,,,,,,
934,0.0,0.0,0.17588820990102041,0.1479102128392838,True,1.0,all_candidates,0.0,-0.053135575594562064,-0.21895555671985725,0.11268440553073311,-0.17923562100166213,120042,,,,,,,
955,1.0,1.0,0.7279935351733413,0.7193079523925068,True,1.0,all_candidates,0.0,-0.07031322629467991,-0.1720192851599775,0.03139283257061763,-0.4074361291328243,120042,,,,,,,
960,1.0,1.0,0.516353381546526,0.48744897008899524,True,1.0,all_candidates,0.0,-0.023897999886357726,-0.146224571241306,0.0984285714685905,0.30302428580824725,120042,,,,,,,
961,0.0,1.0,0.5952214322323915,0.2839526673389449,True,1.0,all_candidates,0.0,-0.025617338764843355,-0.1273717560544763,0.07613707852478954,-0.17386110854674186,120042,,,,,,,
967,0.0,0.0,0.7111062328377343,0.6026371727046967,True,1.0,all_candidates,0.0,-0.05031060817343503,-0.14079703842885105,0.040175822081980984,0.11315424130412288,120042,,,,,,,
976,0.0,0.0,0.22296580907529134,0.08518100874594803,True,1.0,all_candidates,0.0,-0.08508404189038994,-0.20541212509254259,0.03524404131176269,-0.10435438224184548,120042,,,,,,,
977,1.0,0.0,0.8795089744048036,0.5493546289655924,True,1.0,all_candidates,0.0,-0.049215007988123394,-0.13867546453245924,0.04024544855621244,0.2172265382051104,120042,,,,,,,
980,1.0,1.0,0.7845093011134376,0.5285083827381312,True,1.0,all_candidates,0.0,-0.054070075626897196,-0.17124213714515368,0.06310198589135928,-0.1328309937568829,120042,,,,,,,
986,1.0,0.0,0.6842931095653495,0.4407593834478375,True,1.0,all_candidates,0.0,-0.06041595164358905,-0.29193396729937066,0.17110206401219252,-0.21930664730454208,120042,,,,,,,
987,0.0,0.0,0.4937146818591577,0.41011618555896223,True,1.0,all_candidates,0.0,-0.030676451861622062,-0.14430103049790505,0.08294812677466092,0.16537846499403014,120042,,,,,,,
989,0.0,0.0,0.502114524477848,0.4557268144672463,True,1.0,all_candidates,0.0,-0.05704835418530066,-0.23642235903519218,0.12232565066459083,-0.22553091570484401,120042,,,,,,,
5,1.0,1.0,0.6377114402121038,0.34254974755376194,True,1.0,all_candidates_all_split_features,0.0,-0.012808262180761197,-0.1621634240530991,0.13654689969157668,0.29544125881310984,120042,,,,,,,
12,0.0,1.0,0.40864594703941975,0.30002689738786964,True,1.0,all_candidates_all_split_features,0.0,-0.006908708254752617,-0.10105758967007099,0.08724017316056572,-0.1020346687031714,120042,,,,,,,
15,1.0,0.0,0.5202019068490832,0.11807387106554294,True,1.0,all_candidates_all_split_features,0.0,-0.013012362761929085,-0.12616965373038402,0.10014492820652582,-0.003080297422145953,120042,,,,,,,
30,0.0,0.0,0.5746897562690604,0.24295906763714584,True,1.0,all_candidates_all_split_features,0.0,-0.07544339111014207,-0.22688071806371035,0.07599393584342619,-0.15824629257148742,120042,,,,,,,
39,1.0,0.0,0.6048933776872666,0.3441516064005722,True,1.0,all_candidates_all_split_features,0.0,-0.10906692067048424,-0.19851333972180063,-0.019620501619167854,-0.0787740414269622,120042,,,,,,,
40,0.0,0.0,0.3543801765148926,0.35057432062020416,True,1.0,all_candidates_all_split_features,0.0,-0.04522452071305892,-0.2756011873152108,0.18515214588909296,0.060474988513839145,120042,,,,,,,
43,1.0,0.0,0.7309350546172592,0.38618933830050256,True,1.0,all_candidates_all_split_features,0.0,-0.040877643444659065,-0.13081867250886742,0.049063385619549246,-0.19702180525731344,120042,,,,,,,
45,0.0,0.0,0.2877857978025763,0.3689753372039217,True,1.0,all_candidates_all_split_features,0.0,-0.013453340397015357,-0.11174511532758391,0.08483843453355316,0.13139903885494988,120042,,,,,,,
48,1.0,1.0,0.4640558918721573,0.5888245392655549,True,1.0,all_candidates_all_split_features,0.0,-0.012490286887473445,-0.1893685521358366,0.16438797836088964,-0.02351093248221392,120042,,,,,,,
63,1.0,0.0,0.493740643635318,0.20164355626544486,True,1.0,all_candidates_all_split_features,0.0,-0.05911124515670523,-0.14728427688068885,0.02906178656727835,-0.08061850681857732,120042,,,,,,,
67,1.0,1.0,0.4135078007326209,0.532633707078535,True,1.0,all_candidates_all_split_features,0.0,-0.08684554064389853,-0.24468303099171296,0.07099194970391585,-0.4040936263411786,120042,,,,,,,
69,0.0,0.0,0.46600337273861786,0.48630868982475617,True,1.0,all_candidates_all_split_features,0.0,-0.05592502237361515,-0.22289133522875204,0.1110412904815217,-0.2535047085663173,120042,,,,,,,
72,1.0,0.0,0.5908011295185976,0.3649110295452353,True,1.0,all_candidates_all_split_features,0.0,-0.06021237547401445,-0.23899385628562275,0.1185691053375938,0.03393963416448598,120042,,,,,,,
75,1.0,0.0,0.8971971121686327,0.590906090484836,True,1.0,all_candidates_all_split_features,0.0,0.003922877561967792,-0.08988715850410388,0.09773291362803944,-0.21905044290968123,120042,,,,,,,
93,0.0,1.0,0.23435593073816172,0.3708737195266814,True,1.0,all_candidates_all_split_features,0.0,-0.0670925384037732,-0.1665818475293534,0.03239677072180697,-0.24763340158643393,120042,,,,,,,
115,0.0,0.0,0.417662784829503,0.3560754401295836,True,1.0,all_candidates_all_split_features,0.0,-0.02418107696936324,-0.14928885009304854,0.10092669615432202,-0.036066766855671034,120042,,,,,,,
116,0.0,1.0,0.2300810466125331,0.24524587329350514,True,1.0,all_candidates_all_split_features,0.0,-0.0908864130162692,-0.17170557153418628,-0.010067254498352121,-0.014342061446469406,120042,,,,,,,
121,1.0,0.0,0.829551555662928,0.5644650903605791,True,1.0,all_candidates_all_split_features,0.0,-0.08957527632584128,-0.19412635020193797,0.014975797550255368,-0.578150415838105,120042,,,,,,,
122,1.0,0.0,0.6628130336914178,0.16757719199669627,True,1.0,all_candidates_all_split_features,0.0,-0.09744575043646077,-0.2562018124398532,0.061310311566931605,-0.1662835077113541,120042,,,,,,,
123,0.0,1.0,0.39744562120923743,0.39243083175848403,True,1.0,all_candidates_all_split_features,0.0,-0.027545115741610778,-0.2119346112321513,0.1568443797489297,0.03246765507545743,120042,,,,,,,
126,0.0,0.0,0.2904388139791195,0.3909132072928165,True,1.0,all_candidates_all_split_features,0.0,-0.09858511018979742,-0.18971668636780925,-0.007453534011785612,-0.3010231687743369,120042,,,,,,,
130,0.0,0.0,0.26863216138852986,0.21849460988274513,True,1.0,all_candidates_all_split_features,0.0,-0.05295791190383312,-0.1506288501988525,0.044713026391186246,0.006309753656425152,120042,,,,,,,
137,0.0,0.0,0.19104229057139868,0.136704195001431,True,1.0,all_candidates_all_split_features,0.0,-0.08393438612589148,-0.16360914564186907,-0.0042596266099139135,-0.035394603233024145,120042,,,,,,,
145,1.0,0.0,0.4660143956373304,0.44212132263226617,True,1.0,all_candidates_all_split_features,0.0,-0.0658076377184875,-0.2500670822816591,0.11845180684468401,-0.33769143797714973,120042,,,,,,,
151,0.0,1.0,0.5191771574449675,0.4662585530143542,True,1.0,all_candidates_all_split_features,0.0,0.049504896302991236,-0.13897041164868645,0.23798020425466887,-0.31487008056515453,120042,,,,,,,
162,0.0,0.0,0.5856731783723788,0.5989655969474362,True,1.0,all_candidates_all_split_features,0.0,-0.04901984104773418,-0.23765665692051263,0.1396169748250442,-0.1770906937214045,120042,,,,,,,
167,0.0,1.0,0.6272436550256896,0.707639467658466,True,1.0,all_candidates_all_split_features,0.0,-0.04350946541406081,-0.23213432868680323,0.14511539785868155,0.060419762402974864,120042,,,,,,,
169,1.0,1.0,0.718421807752594,0.8744463758885973,True,1.0,all_candidates_all_split_features,0.0,-0.07577089443535134,-0.23435874679070917,0.08281695792000643,-0.059438745764093026,120042,,,,,,,
180,1.0,1.0,0.8672668628184429,0.5657293381904667,True,1.0,all_candidates_all_split_features,0.0,0.002262087709148628,-0.09668266339359913,0.10120683881189636,0.07214620573564456,120042,,,,,,,
186,1.0,0.0,0.5911390146431826,0.5179879989770028,True,1.0,all_candidates_all_split_features,0.0,-0.04052570220245285,-0.14794334673911347,0.06689194233420773,-0.34838730337294177,120042,,,,,,,
193,0.0,0.0,0.40023106047420476,0.1550758670471376,True,1.0,all_candidates_all_split_features,0.0,-0.02873032063459847,-0.12447782698214556,0.06701718571294858,-0.07790570380726344,120042,,,,,,,
196,0.0,0.0,0.4779684453454312,0.4063942925546509,True,1.0,all_candidates_all_split_features,0.0,-0.00045082288707396336,-0.20649513354940374,0.20559348777525577,0.18500422317417548,120042,,,,,,,
198,0.0,0.0,0.14587366590344183,0.3168318250125152,True,1.0,all_candidates_all_split_features,0.0,-0.05574172712381278,-0.1982191225111108,0.0867356682634852,-0.09796041668062988,120042,,,,,,,
205,1.0,1.0,0.889667935890094,0.4157414662695457,True,1.0,all_candidates_all_split_features,0.0,-0.07851039036876865,-0.28581633348778407,0.12879555275024673,0.10039000345163385,120042,,,,,,,
208,1.0,1.0,0.37917397054309765,0.6227098092939151,True,1.0,all_candidates_all_split_features,0.0,-0.030308463620675595,-0.16699679912816595,0.10637987188681472,-0.38364186382161225,120042,,,,,,,
211,0.0,0.0,0.231401125726331,0.22905857404779453,True,1.0,all_candidates_all_split_features,0.0,-0.08698455644297211,-0.2685881060194026,0.09461899313345833,0.039362356322426656,120042,,,,,,,
229,0.0,0.0,0.35491053100236486,0.18642819332391197,True,1.0,all_candidates_all_split_features,0.0,-0.01653656360535753,-0.269386719541318,0.23631359233060287,-0.0181111175885878,120042,,,,,,,
237,0.0,1.0,0.3187585270756577,0.6861105920384603,True,1.0,all_candidates_all_split_features,0.0,-0.022032735867384533,-0.15641659981189088,0.11235112807712179,0.014677238537030401,120042,,,,,,,
241,1.0,0.0,0.33880276994038705,0.4470269612145222,True,1.0,all_candidates_all_split_features,0.0,-0.05597129082168407,-0.1529909488752091,0.04104836723184093,-0.2359562924134932,120042,,,,,,,
250,1.0,1.0,0.8428866494274864,0.703627059039757,True,1.0,all_candidates_all_split_features,0.0,-0.06488171383543542,-0.20790696927072497,0.0781435415998541,-0.14381661120733635,120042,,,,,,,
254,0.0,1.0,0.20839292854203073,0.24099446092279211,True,1.0,all_candidates_all_split_features,0.0,-0.0635551485203008,-0.1965003592243711,0.06939006218376949,0.11029612787953566,120042,,,,,,,
261,0.0,0.0,0.25783316789758004,0.1812073244799295,True,1.0,all_candidates_all_split_features,0.0,0.029882667216785147,-0.059826483036629935,0.11959181747020022,0.31285754382566056,120042,,,,,,,
264,1.0,1.0,0.5133701154893368,0.5783417591739412,True,1.0,all_candidates_all_split_features,0.0,-0.052199918168034494,-0.21245640206465247,0.10805656572858346,0.10130985419071503,120042,,,,,,,
265,0.0,0.0,0.4673440107611287,0.3563794093146026,True,1.0,all_candidates_all_split_features,0.0,-0.12666631478899196,-0.2184069072057279,-0.03492572237225605,-0.19966649402570194,120042,,,,,,,
270,0.0,0.0,0.34874073775724557,0.20171397701955088,True,1.0,all_candidates_all_split_features,0.0,-0.006199241741315295,-0.08743043713767304,0.07503195365504244,-0.05981133747776573,120042,,,,,,,
271,1.0,0.0,0.8208015211662028,0.8654343342544495,True,1.0,all_candidates_all_split_features,0.0,-0.07977694934232847,-0.2156044733923806,0.05605057470772361,-0.027407061388611043,120042,,,,,,,
277,1.0,1.0,0.8458274757149049,0.5796784555469318,True,1.0,all_candidates_all_split_features,0.0,-0.04150966613869081,-0.183970135050071,0.10095080277268936,0.19707323380293573,120042,,,,,,,
282,0.0,0.0,0.4968539889905682,0.48950108386632263,True,1.0,all_candidates_all_split_features,0.0,-0.0645250581541797,-0.15909354544067583,0.03004342913231639,0.2904593735133494,120042,,,,,,,
284,0.0,1.0,0.26169668314489575,0.48044735559495144,True,1.0,all_candidates_all_split_features,0.0,-0.010652605647499497,-0.1103630255475934,0.08905781425259439,0.18518688543613304,120042,,,,,,,
288,1.0,0.0,0.7511605014707504,0.5824804714021297,True,1.0,all_candidates_all_split_features,0.0,-0.05426175452202787,-0.21140717455107116,0.10288366550701541,0.004640120746827181,120042,,,,,,,
294,1.0,1.0,0.8164796270017057,0.49031264913350026,True,1.0,all_candidates_all_split_features,0.0,-0.08305701919674296,-0.22913872845102026,0.06302469005753428,-0.34951026332690505,120042,,,,,,,
318,0.0,0.0,0.6636540076542939,0.5705544669325786,True,1.0,all_candidates_all_split_features,0.0,-0.05702833866865443,-0.13361703037194408,0.019560353034635207,-0.20199985734703257,120042,,,,,,,
319,1.0,1.0,0.8930296774091446,0.7555478412559756,True,1.0,all_candidates_all_split_features,0.0,-0.012193005475640947,-0.1184190737914879,0.09403306284020597,0.04278373950332526,120042,,,,,,,
328,0.0,1.0,0.39432924248177276,0.18948303187203663,True,1.0,all_candidates_all_split_features,0.0,-0.05182733800939246,-0.19209361701965852,0.08843894100087357,0.10327243996857394,120042,,,,,,,
334,0.0,0.0,0.32003853805723764,0.2875355167491368,True,1.0,all_candidates_all_split_features,0.0,-0.06665729165793854,-0.21066418021855318,0.07734959690267607,-0.1484375342195409,120042,,,,,,,
339,0.0,1.0,0.6907306329755005,0.5644583916735121,True,1.0,all_candidates_all_split_features,0.0,-0.07088034943973667,-0.23296934218628818,0.0912086433068148,-0.04096418254395162,120042,,,,,,,
343,1.0,1.0,0.7122793784860058,0.5155210187085154,True,1.0,all_candidates_all_split_features,0.0,-0.04480998577325287,-0.1519598028008039,0.06233983125429813,-0.252500407706424,120042,,,,,,,
346,0.0,0.0,0.4668878241550569,0.33951763988107997,True,1.0,all_candidates_all_split_features,0.0,-0.07107602817726319,-0.1989467960967743,0.056794739742247885,0.021257549177203516,120042,,,,,,,
347,0.0,1.0,0.20263826870260368,0.2637419376444213,True,1.0,all_candidates_all_split_features,0.0,-0.029578693702191267,-0.15175186762053514,0.09259448021615257,0.0718545920669893,120042,,,,,,,
349,0.0,1.0,0.7980010545149436,0.6771543356924604,True,1.0,all_candidates_all_split_features,0.0,-0.04720501099296607,-0.2174102118352187,0.12300018984928651,0.03268878550218324,120042,,,,,,,
354,1.0,0.0,0.532805219686784,0.2924577715670299,True,1.0,all_candidates_all_split_features,0.0,-0.03337361698733477,-0.24392635884135722,0.17717912486668763,-0.14297135067526034,120042,,,,,,,
357,1.0,1.0,0.6408274001124588,0.2999253159315922,True,1.0,all_candidates_all_split_features,0.0,-0.06454435304476916,-0.14431870677104003,0.01523000068150171,0.1013446835796018,120042,,,,,,,
360,1.0,0.0,0.3477877504865826,0.3387807653978252,True,1.0,all_candidates_all_split_features,0.0,-0.0647729787503411,-0.1972628681782406,0.06771691067755836,-0.20995476861796994,120042,,,,,,,
361,0.0,0.0,0.29661108176182654,0.23059339157774011,True,1.0,all_candidates_all_split_features,0.0,-0.030245022620219757,-0.18360708341021234,0.1231170381697728,-0.0406445885166562,120042,,,,,,,
365,1.0,0.0,0.6049751553904226,0.2863717839207137,True,1.0,all_candidates_all_split_features,0.0,-0.09546761693978068,-0.20097883287429258,0.010043598994731229,-0.3344524588585174,120042,,,,,,,
368,1.0,0.0,0.6849883638981021,0.32733973117530735,True,1.0,all_candidates_all_split_features,0.0,-0.06369575544027956,-0.1573554842686123,0.029963973388053136,-0.05427466854280549,120042,,,,,,,
370,1.0,0.0,0.19790340240759838,0.10800260009836761,True,1.0,all_candidates_all_split_features,0.0,-0.08124772596120243,-0.18658022794561796,0.024084776023213086,-0.11224918810400103,120042,,,,,,,
380,0.0,1.0,0.7471666727680591,0.4674264398886901,True,1.0,all_candidates_all_split_features,0.0,-0.045537340852947326,-0.15595723551507765,0.06488255380918295,-0.4595323870462047,120042,,,,,,,
384,1.0,1.0,0.6900728481780237,0.5112597274821526,True,1.0,all_candidates_all_split_features,0.0,-0.06367244698722578,-0.1451796407107302,0.017834746736278634,0.0703099140074529,120042,,,,,,,
392,1.0,1.0,0.7956043945971023,0.7308406047876336,True,1.0,all_candidates_all_split_features,0.0,-0.02911111553096697,-0.11304292838606292,0.05482069732412896,0.0859568948245617,120042,,,,,,,
398,0.0,1.0,0.3206138626697417,0.45685223927714724,True,1.0,all_candidates_all_split_features,0.0,-0.0989465936857895,-0.18614899293820825,-0.011744194433370783,-0.3498504475078327,120042,,,,,,,
409,0.0,0.0,0.18337791691798333,0.4439000770292082,True,1.0,all_candidates_all_split_features,0.0,-0.03611407274206795,-0.11494309223553972,0.0427149467514038,0.14554265152238055,120042,,,,,,,
422,1.0,1.0,0.4374280553015159,0.34871246199525907,True,1.0,all_candidates_all_split_features,0.0,-0.006401618091994405,-0.15541865596423562,0.14261541978024678,0.04875396248008518,120042,,,,,,,
424,1.0,0.0,0.6770097302582416,0.7052642761137701,True,1.0,all_candidates_all_split_features,0.0,-0.09615532673069178,-0.1947064048294283,0.0023957513680447073,-0.411950972386599,120042,,,,,,,
431,1.0,1.0,0.4372491262168222,0.6279412483546116,True,1.0,all_candidates_all_split_features,0.0,-0.08926444836555494,-0.26440741175650095,0.08587851502539104,-0.32665406706368566,120042,,,,,,,
433,0.0,0.0,0.10525170726096475,0.10427304962006238,True,1.0,all_candidates_all_split_features,0.0,-0.03552750045016507,-0.21329204940730223,0.14223704850697205,-0.03402153155820689,120042,,,,,,,
435,0.0,1.0,0.4409894527049854,0.6729711349557012,True,1.0,all_candidates_all_split_features,0.0,-0.040729358114299695,-0.1391582300849201,0.05769951385632068,-0.10742312894197681,120042,,,,,,,
446,1.0,0.0,0.2790381570542702,0.16375999330593335,True,1.0,all_candidates_all_split_features,0.0,-0.07392427165440019,-0.18015372814167097,0.03230518483287058,-0.06432527410523083,120042,,,,,,,
447,1.0,1.0,0.536835214889051,0.5503554221394807,True,1.0,all_candidates_all_split_features,0.0,-0.041395261092218236,-0.13216518359701696,0.04937466141258047,0.034144994760945346,120042,,,,,,,
451,1.0,1.0,0.7690955084071955,0.6112206494377056,True,1.0,all_candidates_all_split_features,0.0,-0.07694463546487171,-0.31758011600819885,0.1636908450784554,-0.17663563846118313,120042,,,,,,,
460,1.0,0.0,0.39094770965443404,0.27994469973743064,True,1.0,all_candidates_all_split_features,0.0,-0.03840959810789834,-0.1319621065664391,0.055142910350642414,-0.15089969081385596,120042,,,,,,,
462,0.0,0.0,0.4757820881301206,0.3798226570352518,True,1.0,all_candidates_all_split_features,0.0,0.006750149862136501,-0.08266699389455069,0.09616729361882367,-0.02877369342676961,120042,,,,,,,
465,0.0,1.0,0.4312755600906261,0.6491876730428766,True,1.0,all_candidates_all_split_features,0.0,-0.07680465349426434,-0.21870826204533117,0.06509895505680245,-0.07352311822592295,120042,,,,,,,
467,0.0,0.0,0.2562069965782711,0.26684038260745196,True,1.0,all_candidates_all_split_features,0.0,-0.061879054299435444,-0.15654348958310266,0.03278538098423176,0.18109530692018136,120042,,,,,,,
468,1.0,0.0,0.44882293786932376,0.4590625162462623,True,1.0,all_candidates_all_split_features,0.0,-0.07748545878318214,-0.19790195429468788,0.04293103672832356,-0.36394341785118856,120042,,,,,,,
474,0.0,0.0,0.4334979519869535,0.38280401600429703,True,1.0,all_candidates_all_split_features,0.0,0.010292036453175267,-0.10209932093566589,0.12268339384201639,0.27024214191256124,120042,,,,,,,
478,1.0,0.0,0.5739982744039367,0.2947270948162633,True,1.0,all_candidates_all_split_features,0.0,-0.07505169729114512,-0.21242922893893013,0.06232583435663981,-0.14113139488284232,120042,,,,,,,
481,0.0,1.0,0.5087083360409932,0.40825501741027925,True,1.0,all_candidates_all_split_features,0.0,-0.05198517687609488,-0.17706446356173253,0.07309410980954273,0.24256774419822325,120042,,,,,,,
486,1.0,1.0,0.7441202307802978,0.6148549412893181,True,1.0,all_candidates_all_split_features,0.0,-0.06901176596799226,-0.22151637362033338,0.08349284168434885,-0.6892153014395378,120042,,,,,,,
487,1.0,1.0,0.8467975192157075,0.5866738910251524,True,1.0,all_candidates_all_split_features,0.0,0.022083382749695495,-0.09002881999329976,0.13419558549269073,-0.028156691615068175,120042,,,,,,,
498,0.0,0.0,0.3020648921646804,0.1979830251548477,True,1.0,all_candidates_all_split_features,0.0,-0.09190029484044727,-0.2367181852700711,0.05291759558917654,-0.1062618189134249,120042,,,,,,,
503,0.0,0.0,0.3446948747805175,0.2658055219729751,True,1.0,all_candidates_all_split_features,0.0,-0.06717791418626638,-0.20454213728720155,0.07018630891466877,-0.16728505428348134,120042,,,,,,,
507,1.0,1.0,0.8311033999506614,0.7945564212316646,True,1.0,all_candidates_all_split_features,0.0,-0.04260334564617558,-0.18585950200536955,0.10065281071301838,-0.030854928811506976,120042,,,,,,,
508,0.0,0.0,0.5229332692489086,0.2601699446166555,True,1.0,all_candidates_all_split_features,0.0,-0.08249867829074106,-0.18399546793262517,0.018998111351143016,-0.05620972089686527,120042,,,,,,,
514,1.0,1.0,0.8270038617254091,0.6943390637417084,True,1.0,all_candidates_all_split_features,0.0,-0.03617137805002286,-0.16573882527743267,0.09339606917738694,-0.061478120138046544,120042,,,,,,,
526,0.0,0.0,0.15782593929996835,0.13044474411998602,True,1.0,all_candidates_all_split_features,0.0,-0.05658363442707998,-0.15452244007335625,0.041355171219196275,0.020299231269924375,120042,,,,,,,
528,1.0,1.0,0.6647472925894883,0.7352516088728809,True,1.0,all_candidates_all_split_features,0.0,-0.022017478113688215,-0.18075462421538185,0.13671966798800542,-0.3151680255715663,120042,,,,,,,
532,1.0,0.0,0.5659465902283147,0.4305883970188177,True,1.0,all_candidates_all_split_features,0.0,-0.07021665087444147,-0.250169652731549,0.10973635098266606,-0.5334643262344162,120042,,,,,,,
534,0.0,1.0,0.6356185713393279,0.49570608184298615,True,1.0,all_candidates_all_split_features,0.0,-0.029582763820403715,-0.2133599008161967,0.1541943731753892,0.13543398492073888,120042,,,,,,,
535,0.0,0.0,0.6385549390569282,0.3491581541021244,True,1.0,all_candidates_all_split_features,0.0,-0.03961391016345649,-0.1802895320030541,0.1010617116761411,0.03704061610492676,120042,,,,,,,
538,1.0,0.0,0.7165422603028302,0.5565385298635452,True,1.0,all_candidates_all_split_features,0.0,-0.009236821154604138,-0.1241880573094332,0.10571441500022491,-0.06212851278558973,120042,,,,,,,
539,0.0,1.0,0.3919352408994978,0.39807883890515544,True,1.0,all_candidates_all_split_features,0.0,-0.07102537485588345,-0.22213422235725863,0.0800834726454917,-0.11126006308263126,120042,,,,,,,
546,0.0,0.0,0.30246911548946265,0.1674140399970113,True,1.0,all_candidates_all_split_features,0.0,-0.06939449489151102,-0.18008071184425323,0.04129172206123115,-0.06620608679353736,120042,,,,,,,
549,1.0,0.0,0.737809295603759,0.4018100071172399,True,1.0,all_candidates_all_split_features,0.0,0.013963148380874195,-0.15468136472220087,0.18260766148394922,-0.22605679180368443,120042,,,,,,,
550,0.0,0.0,0.22968620364065134,0.12507868829739605,True,1.0,all_candidates_all_split_features,0.0,-0.12418402533471208,-0.2139183728542266,-0.034449677815197574,-0.08381602753461014,120042,,,,,,,
552,1.0,0.0,0.5131292585651384,0.19044531066663345,True,1.0,all_candidates_all_split_features,0.0,-0.06507651925886714,-0.1515168892592751,0.021363850741540805,0.08753892270289004,120042,,,,,,,
559,1.0,0.0,0.6085123450001269,0.405681505096466,True,1.0,all_candidates_all_split_features,0.0,-0.06389280586511309,-0.26721611813734925,0.139430506407123,-0.36576085048430995,120042,,,,,,,
560,1.0,1.0,0.8655555287273489,0.6294406160354643,True,1.0,all_candidates_all_split_features,0.0,-0.0483466216074502,-0.15375354707872788,0.05706030386382744,-0.06469990771798673,120042,,,,,,,
561,1.0,0.0,0.6004522932294956,0.25193874811218325,True,1.0,all_candidates_all_split_features,0.0,-0.059053116830872165,-0.20930098786030374,0.09119475419855935,-0.14847635272894044,120042,,,,,,,
563,0.0,0.0,0.34977696900330585,0.3001244011940171,True,1.0,all_candidates_all_split_features,0.0,-0.0629898852352562,-0.1543161932996978,0.028336422829185387,0.08723419972137467,120042,,,,,,,
568,1.0,1.0,0.8420165704415828,0.7241993149028411,True,1.0,all_candidates_all_split_features,0.0,-0.08186595276647181,-0.18473240960657106,0.021000504073627413,-0.11006768648138565,120042,,,,,,,
569,0.0,1.0,0.6204165780663479,0.649966418468412,True,1.0,all_candidates_all_split_features,0.0,-0.04346852814693408,-0.14541832235845573,0.058481266064587534,-0.03506472883281053,120042,,,,,,,
578,0.0,0.0,0.528449166106585,0.541129455632692,True,1.0,all_candidates_all_split_features,0.0,-0.08180266804413276,-0.21326512801523645,0.04965979192697091,-0.1661069213092291,120042,,,,,,,
584,1.0,0.0,0.4835230499831929,0.6086690571475216,True,1.0,all_candidates_all_split_features,0.0,-0.0029888970108539687,-0.09634679172405973,0.09036899770235177,-0.18620539681394355,120042,,,,,,,
588,1.0,1.0,0.6950874683394853,0.6067692377764136,True,1.0,all_candidates_all_split_features,0.0,-0.0659682924857246,-0.3351414089051491,0.20320482393369982,0.05151712594740754,120042,,,,,,,
594,0.0,1.0,0.3845124638174599,0.20204826370818607,True,1.0,all_candidates_all_split_features,0.0,-0.05745292611275462,-0.21312958374606142,0.09822373152055211,-0.1845762402931477,120042,,,,,,,
599,0.0,1.0,0.5139276407168637,0.3069862927665871,True,1.0,all_candidates_all_split_features,0.0,-0.07532879344214301,-0.23224998465565921,0.08159239777137316,-0.017020805613165407,120042,,,,,,,
603,1.0,1.0,0.8760250372770755,0.7245136388321798,True,1.0,all_candidates_all_split_features,0.0,-0.09530942092480042,-0.30522817258258006,0.11460933073297914,-0.4064471216929251,120042,,,,,,,
606,0.0,1.0,0.21922940776003394,0.3608687382193187,True,1.0,all_candidates_all_split_features,0.0,-0.036634128011595234,-0.14590388055701792,0.07263562453382744,-0.0810499975355446,120042,,,,,,,
607,0.0,0.0,0.2306889141131686,0.41349980578355594,True,1.0,all_candidates_all_split_features,0.0,-0.047604138886312285,-0.15194216345607026,0.05673388568344565,-0.20262165996000597,120042,,,,,,,
609,0.0,1.0,0.2303519206028594,0.1661800464978828,True,1.0,all_candidates_all_split_features,0.0,0.007138271219594744,-0.17967561963693301,0.19395216207612245,-0.17815202596793825,120042,,,,,,,
614,1.0,1.0,0.6467946600933504,0.454149402724382,True,1.0,all_candidates_all_split_features,0.0,-0.08608897079530572,-0.23566863040899222,0.06349068881838074,0.13800989485438941,120042,,,,,,,
617,1.0,0.0,0.6802572666640975,0.691208308706228,True,1.0,all_candidates_all_split_features,0.0,-0.0362510668545523,-0.16104918282959596,0.08854704912049134,-0.32977963417948597,120042,,,,,,,
621,1.0,1.0,0.627291255719527,0.643934722388693,True,1.0,all_candidates_all_split_features,0.0,-0.04459019292428138,-0.1612346974279909,0.07205431157942813,-0.10300534475910206,120042,,,,,,,
626,1.0,0.0,0.474501537217078,0.16437460061425205,True,1.0,all_candidates_all_split_features,0.0,-0.08635465269000694,-0.25956646733420297,0.086857161954189,-0.14734105843629364,120042,,,,,,,
638,1.0,0.0,0.2748012559824055,0.1239220657092472,True,1.0,all_candidates_all_split_features,0.0,-0.06350025881848391,-0.18263043846540877,0.05562992082844091,-0.028967779075204383,120042,,,,,,,
648,1.0,1.0,0.5446984576494674,0.4969151883647077,True,1.0,all_candidates_all_split_features,0.0,-0.07047536248258185,-0.17092199472133307,0.02997126975616933,0.22657797391420198,120042,,,,,,,
651,1.0,0.0,0.7414638822974168,0.20735604282143721,True,1.0,all_candidates_all_split_features,0.0,-0.04123075337258411,-0.1732503143224744,0.09078880757730615,0.14285091672279376,120042,,,,,,,
656,0.0,0.0,0.28204662460451924,0.4366149382471533,True,1.0,all_candidates_all_split_features,0.0,-0.10189976739174114,-0.22008481211562358,0.016285277332141274,0.008071797181922913,120042,,,,,,,
662,0.0,0.0,0.6929571721037661,0.5688028871898342,True,1.0,all_candidates_all_split_features,0.0,0.004715155040639454,-0.12133889483523681,0.1307692049165157,0.12090442381375327,120042,,,,,,,
663,1.0,1.0,0.6304851473044282,0.5835748670106308,True,1.0,all_candidates_all_split_features,0.0,-0.07653572574789833,-0.23842638443982941,0.08535493294403271,-0.0006267839972746714,120042,,,,,,,
676,1.0,0.0,0.4599439184764482,0.29878782114157487,True,1.0,all_candidates_all_split_features,0.0,-0.07183517451971302,-0.24170669092723382,0.09803634188780774,0.288078314021742,120042,,,,,,,
680,1.0,0.0,0.6829703748258147,0.11385594636738014,True,1.0,all_candidates_all_split_features,0.0,-0.05511177460508716,-0.14963553678569774,0.0394119875755234,-0.21676132704337042,120042,,,,,,,
684,0.0,0.0,0.5697406984360188,0.19983185070397666,True,1.0,all_candidates_all_split_features,0.0,-0.06676552082086179,-0.234739267527704,0.10120822588598039,-0.09365228131014089,120042,,,,,,,
689,1.0,1.0,0.8868225930045658,0.8706173422583725,True,1.0,all_candidates_all_split_features,0.0,-0.05279554586642347,-0.16496681913976124,0.059375727406914276,0.028437736123359203,120042,,,,,,,
707,1.0,0.0,0.3095601577041158,0.16574517487960455,True,1.0,all_candidates_all_split_features,0.0,-0.06494778463913571,-0.15426579194815268,0.024370222669881245,-0.18261274863827542,120042,,,,,,,
708,0.0,0.0,0.38944180681518387,0.31109833854695346,True,1.0,all_candidates_all_split_features,0.0,-0.09071531546402185,-0.19948361020411345,0.01805297927606972,-0.3033594815556778,120042,,,,,,,
712,0.0,0.0,0.22671743720630477,0.39916050095370287,True,1.0,all_candidates_all_split_features,0.0,0.012186077476703097,-0.2014498480743725,0.22582200302777866,0.20262182932038472,120042,,,,,,,
713,0.0,1.0,0.4479973834356069,0.7899673126686212,True,1.0,all_candidates_all_split_features,0.0,-0.024462249087213887,-0.1775783274694291,0.12865382929500124,0.18351149860665072,120042,,,,,,,
723,1.0,1.0,0.8791019779208326,0.6312407840166131,True,1.0,all_candidates_all_split_features,0.0,-0.03427053014418968,-0.28000647374900983,0.2114654134606304,-0.013981278819158116,120042,,,,,,,
735,1.0,1.0,0.7869431386479372,0.5368141960979033,True,1.0,all_candidates_all_split_features,0.0,-0.011266100717184993,-0.09691242058371334,0.07438021914934333,0.2892291597635016,120042,,,,,,,
739,0.0,1.0,0.16567925131260422,0.3625667250095327,True,1.0,all_candidates_all_split_features,0.0,-0.031020237437478657,-0.1674415726639168,0.10540109778895944,0.04653584065128688,120042,,,,,,,
743,1.0,0.0,0.6338297786120288,0.6070901283292623,True,1.0,all_candidates_all_split_features,0.0,-0.10021704521783097,-0.29209718032422094,0.09166308988855897,-0.3588049137290085,120042,,,,,,,
744,0.0,0.0,0.2696157041235064,0.15264458849958287,True,1.0,all_candidates_all_split_features,0.0,-0.06639191500623447,-0.1484889862671414,0.015705156254672448,0.00043827428651807554,120042,,,,,,,
752,1.0,0.0,0.6647472925894883,0.7208329462562315,True,1.0,all_candidates_all_split_features,0.0,-0.02402756871713902,-0.17996605052453374,0.13191091309025568,-0.048624029853681416,120042,,,,,,,
760,1.0,1.0,0.7134555858731084,0.792566241366111,True,1.0,all_candidates_all_split_features,0.0,-0.09680124559203132,-0.21546022891623767,0.021857737732175017,-0.1049719012824385,120042,,,,,,,
773,1.0,1.0,0.8386940353384825,0.852870223315683,True,1.0,all_candidates_all_split_features,0.0,0.024014272638064563,-0.16528423273034976,0.21331277800647885,-0.05078761983714952,120042,,,,,,,
776,0.0,0.0,0.3345234242308092,0.20533773166060534,True,1.0,all_candidates_all_split_features,0.0,0.05634273840424091,-0.12282204351157418,0.23550752032005595,0.11215936655437345,120042,,,,,,,
779,0.0,0.0,0.3257453007133764,0.22754313436062862,True,1.0,all_candidates_all_split_features,0.0,-0.024192306183574274,-0.16319323669805857,0.11480862433091,0.2102850669914252,120042,,,,,,,
781,1.0,1.0,0.6832939038423603,0.63754694937672,True,1.0,all_candidates_all_split_features,0.0,-0.016627048219802605,-0.2308737026343704,0.19761960619476515,0.031273744586730046,120042,,,,,,,
782,1.0,0.0,0.7648701537663227,0.4641424883295498,True,1.0,all_candidates_all_split_features,0.0,-0.04056983289962786,-0.13737558957198542,0.05623592377272969,-0.27881971225762575,120042,,,,,,,
783,0.0,0.0,0.12172989379204215,0.3168675055683017,True,1.0,all_candidates_all_split_features,0.0,-0.030802686712919174,-0.1694374077061471,0.10783203428030873,0.11768093960974968,120042,,,,,,,
798,1.0,1.0,0.5742961575804171,0.7338549270059888,True,1.0,all_candidates_all_split_features,0.0,-0.11412340544411469,-0.3105672859700687,0.08232047508183928,-0.012829595656138837,120042,,,,,,,
822,0.0,0.0,0.7417980053932205,0.6367950734915155,True,1.0,all_candidates_all_split_features,0.0,0.05386707374360339,-0.031229669438953334,0.1389638169261601,0.15687867128973654,120042,,,,,,,
827,0.0,1.0,0.264977865904604,0.5063020143310597,True,1.0,all_candidates_all_split_features,0.0,-0.07329510671415498,-0.23525124454065052,0.08866103111234053,-0.47170840662307595,120042,,,,,,,
839,0.0,0.0,0.4808888128545494,0.1562570180525887,True,1.0,all_candidates_all_split_features,0.0,-0.059989754412698985,-0.18147341865995464,0.06149390983455664,-0.082870305049013,120042,,,,,,,
845,1.0,1.0,0.7067711150558171,0.505484558588421,True,1.0,all_candidates_all_split_features,0.0,-0.0238076197777568,-0.15559642193690904,0.1079811823813954,-0.054967122143437575,120042,,,,,,,
848,0.0,0.0,0.1666158023279128,0.2015602546752192,True,1.0,all_candidates_all_split_features,0.0,-0.02614980161930951,-0.14921516387857184,0.09691556063995278,0.0857810802170664,120042,,,,,,,
859,1.0,1.0,0.6849906428774399,0.6769103292049636,True,1.0,all_candidates_all_split_features,0.0,-0.028081006846169675,-0.15611754847878145,0.09995553478644206,0.10091643251497262,120042,,,,,,,
868,1.0,0.0,0.3082583807209731,0.1535068027524439,True,1.0,all_candidates_all_split_features,0.0,-0.08440873863916401,-0.2478203247939893,0.07900284751566125,-0.03768758335333155,120042,,,,,,,
875,1.0,1.0,0.25333963387393715,0.20708796308982624,True,1.0,all_candidates_all_split_features,0.0,0.02774987784046633,-0.0581746230104466,0.11367437869137924,0.2750351541256375,120042,,,,,,,
892,0.0,0.0,0.6313698695873204,0.23382463068565157,True,1.0,all_candidates_all_split_features,0.0,-0.08714439555850415,-0.17818650835380168,0.0038977172367933577,-0.4218944972490402,120042,,,,,,,
893,0.0,1.0,0.45589257876268896,0.39302832109664,True,1.0,all_candidates_all_split_features,0.0,-0.07108587669991506,-0.1666209046465757,0.024449151246745543,-0.13899119129057289,120042,,,,,,,
898,1.0,1.0,0.49462645872228006,0.3547315126470555,True,1.0,all_candidates_all_split_features,0.0,-0.04533332889995597,-0.15107501160091658,0.0604083538010046,0.11489019733853345,120042,,,,,,,
908,1.0,1.0,0.59795154629418,0.5465323047791424,True,1.0,all_candidates_all_split_features,0.0,-0.018832311408942794,-0.23253243995643016,0.19486781713854454,0.2700079153490359,120042,,,,,,,
913,0.0,0.0,0.4590740424682504,0.15303561997525103,True,1.0,all_candidates_all_split_features,0.0,-0.053540992810220386,-0.27154865390248895,0.1644666682820481,0.5763362625455206,120042,,,,,,,
915,1.0,1.0,0.8444617337210738,0.7902472579186703,True,1.0,all_candidates_all_split_features,0.0,0.01460545912851006,-0.11211927057049569,0.14133018882751577,-0.10460704553612188,120042,,,,,,,
924,0.0,1.0,0.11064807383603614,0.35875496457481376,True,1.0,all_candidates_all_split_features,0.0,-0.062033876284416596,-0.1801031468341155,0.056035394265282264,-0.03518580558050255,120042,,,,,,,
929,1.0,0.0,0.6634216252210545,0.5571596280328351,True,1.0,all_candidates_all_split_features,0.0,-0.005467973168381589,-0.11049055751248255,0.09955461117571934,-0.2246108655442407,120042,,,,,,,
934,0.0,0.0,0.17588820990102041,0.1479102128392838,True,1.0,all_candidates_all_split_features,0.0,-0.06451816529718613,-0.20960000387360125,0.08056367327922898,-0.17923562100166213,120042,,,,,,,
955,1.0,1.0,0.7279935351733413,0.7193079523925068,True,1.0,all_candidates_all_split_features,0.0,-0.06959042640143887,-0.23426382585067368,0.09508297304779592,-0.4074361291328243,120042,,,,,,,
960,1.0,1.0,0.516353381546526,0.48744897008899524,True,1.0,all_candidates_all_split_features,0.0,0.02456320474402752,-0.1837271403540518,0.2328535498421068,0.30302428580824725,120042,,,,,,,
961,0.0,1.0,0.5952214322323915,0.2839526673389449,True,1.0,all_candidates_all_split_features,0.0,-0.03302707166576221,-0.2711080431659548,0.20505389983443034,-0.17386110854674186,120042,,,,,,,
967,0.0,0.0,0.7111062328377343,0.6026371727046967,True,1.0,all_candidates_all_split_features,0.0,-0.056757124227538217,-0.1547294826963937,0.04121523424131725,0.11315424130412288,120042,,,,,,,
976,0.0,0.0,0.22296580907529134,0.08518100874594803,True,1.0,all_candidates_all_split_features,0.0,-0.06996570758199552,-0.15926838196271614,0.019336966798725055,-0.10435438224184548,120042,,,,,,,
977,1.0,0.0,0.8795089744048036,0.5493546289655924,True,1.0,all_candidates_all_split_features,0.0,-0.0009390849914332742,-0.12985897202603988,0.12798080204317328,0.2172265382051104,120042,,,,,,,
980,1.0,1.0,0.7845093011134376,0.5285083827381312,True,1.0,all_candidates_all_split_features,0.0,-0.03179142260062803,-0.16411091066267178,0.10052806546141568,-0.1328309937568829,120042,,,,,,,
986,1.0,0.0,0.6842931095653495,0.4407593834478375,True,1.0,all_candidates_all_split_features,0.0,-0.06308047157158791,-0.18266801913402625,0.05650707599085039,-0.21930664730454208,120042,,,,,,,
987,0.0,0.0,0.4937146818591577,0.41011618555896223,True,1.0,all_candidates_all_split_features,0.0,-0.07388511960463083,-0.1830525542934418,0.03528231508418013,0.16537846499403014,120042,,,,,,,
989,0.0,0.0,0.502114524477848,0.4557268144672463,True,1.0,all_candidates_all_split_features,0.0,-0.06975008551242708,-0.22295534123721283,0.08345517021235867,-0.22553091570484401,120042,,,,,,,
5,1.0,1.0,0.6377114402121038,0.34254974755376194,True,,multi_model_matched,,-0.007459149880559674,-0.16271001777514574,0.14779171801402635,0.29544125881310984,120042,,,,,,,
12,0.0,1.0,0.40864594703941975,0.30002689738786964,True,,multi_model_matched,,-0.008457061279681917,-0.10843641201679827,0.0915222894574344,-0.1020346687031714,120042,,,,,,,
15,1.0,0.0,0.5202019068490832,0.11807387106554294,True,,multi_model_matched,,-0.039282529876843796,-0.11841952986146859,0.03985447010778096,-0.003080297422145953,120042,,,,,,,
30,0.0,0.0,0.5746897562690604,0.24295906763714584,True,,multi_model_matched,,-0.11424508194162795,-0.2692866824034194,0.04079651852016346,-0.15824629257148742,120042,,,,,,,
39,1.0,0.0,0.6048933776872666,0.3441516064005722,True,,multi_model_matched,,-0.14328336530757213,-0.23254197221408018,-0.054024758401064105,-0.0787740414269622,120042,,,,,,,
40,0.0,0.0,0.3543801765148926,0.35057432062020416,True,,multi_model_matched,,-0.045050717725183057,-0.18961924128645113,0.09951780583608498,0.060474988513839145,120042,,,,,,,
43,1.0,0.0,0.7309350546172592,0.38618933830050256,True,,multi_model_matched,,-0.09860687174855544,-0.17848933658122787,-0.01872440691588302,-0.19702180525731344,120042,,,,,,,
45,0.0,0.0,0.2877857978025763,0.3689753372039217,True,,multi_model_matched,,-0.005020349067084118,-0.12768109149683843,0.11764039336267017,0.13139903885494988,120042,,,,,,,
48,1.0,1.0,0.4640558918721573,0.5888245392655549,True,,multi_model_matched,,0.03907248544962637,-0.06327222993582038,0.1414172008350731,-0.02351093248221392,120042,,,,,,,
63,1.0,0.0,0.493740643635318,0.20164355626544486,True,,multi_model_matched,,-0.005708219334075924,-0.15080857727319433,0.13939213860504246,-0.08061850681857732,120042,,,,,,,
67,1.0,1.0,0.4135078007326209,0.532633707078535,True,,multi_model_matched,,-0.19970649701259308,-0.326337720108972,-0.07307527391621416,-0.4040936263411786,120042,,,,,,,
69,0.0,0.0,0.46600337273861786,0.48630868982475617,True,,multi_model_matched,,-0.09764815248643492,-0.2052761530131888,0.009979848040318928,-0.2535047085663173,120042,,,,,,,
72,1.0,0.0,0.5908011295185976,0.3649110295452353,True,,multi_model_matched,,-0.09311221865321681,-0.16592663798055127,-0.020297799325882368,0.03393963416448598,120042,,,,,,,
75,1.0,0.0,0.8971971121686327,0.590906090484836,True,,multi_model_matched,,-0.00925672411913396,-0.16529590239418235,0.1467824541559144,-0.21905044290968123,120042,,,,,,,
93,0.0,1.0,0.23435593073816172,0.3708737195266814,True,,multi_model_matched,,-0.10208736597750734,-0.20749316899290376,0.003318437037889088,-0.24763340158643393,120042,,,,,,,
115,0.0,0.0,0.417662784829503,0.3560754401295836,True,,multi_model_matched,,-0.021193492480978137,-0.1299516407040122,0.08756465574205588,-0.036066766855671034,120042,,,,,,,
116,0.0,1.0,0.2300810466125331,0.24524587329350514,True,,multi_model_matched,,-0.19136190293876693,-0.28933389064117343,-0.09338991523636046,-0.014342061446469406,120042,,,,,,,
121,1.0,0.0,0.829551555662928,0.5644650903605791,True,,multi_model_matched,,-0.17926103805905658,-0.263746753185233,-0.09477532293288016,-0.578150415838105,120042,,,,,,,
122,1.0,0.0,0.6628130336914178,0.16757719199669627,True,,multi_model_matched,,-0.09895361135593986,-0.21216710981405776,0.014259887102178015,-0.1662835077113541,120042,,,,,,,
123,0.0,1.0,0.39744562120923743,0.39243083175848403,True,,multi_model_matched,,0.06752765382747809,-0.18020617327737254,0.3152614809323287,0.03246765507545743,120042,,,,,,,
126,0.0,0.0,0.2904388139791195,0.3909132072928165,True,,multi_model_matched,,-0.16427361010613922,-0.25977715645264926,-0.0687700637596292,-0.3010231687743369,120042,,,,,,,
130,0.0,0.0,0.26863216138852986,0.21849460988274513,True,,multi_model_matched,,-0.05592655805969431,-0.13977018956415058,0.02791707344476193,0.006309753656425152,120042,,,,,,,
137,0.0,0.0,0.19104229057139868,0.136704195001431,True,,multi_model_matched,,-0.11028069475105992,-0.25897619212541745,0.038414802623297606,-0.035394603233024145,120042,,,,,,,
145,1.0,0.0,0.4660143956373304,0.44212132263226617,True,,multi_model_matched,,-0.022449004334378297,-0.21699544224881637,0.17209743358005972,-0.33769143797714973,120042,,,,,,,
151,0.0,1.0,0.5191771574449675,0.4662585530143542,True,,multi_model_matched,,0.0814677520316613,-0.06923683752141747,0.23217234158474004,-0.31487008056515453,120042,,,,,,,
162,0.0,0.0,0.5856731783723788,0.5989655969474362,True,,multi_model_matched,,-0.11524130870767327,-0.2108425586799989,-0.019640058735347646,-0.1770906937214045,120042,,,,,,,
167,0.0,1.0,0.6272436550256896,0.707639467658466,True,,multi_model_matched,,-0.12152773188900498,-0.2555730741579839,0.012517610379973898,0.060419762402974864,120042,,,,,,,
169,1.0,1.0,0.718421807752594,0.8744463758885973,True,,multi_model_matched,,-0.10205466328218214,-0.2029784052899654,-0.0011309212743988856,-0.059438745764093026,120042,,,,,,,
180,1.0,1.0,0.8672668628184429,0.5657293381904667,True,,multi_model_matched,,-0.047204518174821686,-0.1398600782573457,0.045451041907702314,0.07214620573564456,120042,,,,,,,
186,1.0,0.0,0.5911390146431826,0.5179879989770028,True,,multi_model_matched,,0.008446193116643266,-0.08553750814138773,0.10242989437467426,-0.34838730337294177,120042,,,,,,,
193,0.0,0.0,0.40023106047420476,0.1550758670471376,True,,multi_model_matched,,-0.12642819425541926,-0.20666425234140356,-0.04619213616943496,-0.07790570380726344,120042,,,,,,,
196,0.0,0.0,0.4779684453454312,0.4063942925546509,True,,multi_model_matched,,-0.02145951952218122,-0.10479395097066405,0.06187491192630157,0.18500422317417548,120042,,,,,,,
198,0.0,0.0,0.14587366590344183,0.3168318250125152,True,,multi_model_matched,,-0.1298476108205398,-0.21901446213331904,-0.04068075950776058,-0.09796041668062988,120042,,,,,,,
205,1.0,1.0,0.889667935890094,0.4157414662695457,True,,multi_model_matched,,-0.14173644710756292,-0.2844840315940004,0.0010111373788745381,0.10039000345163385,120042,,,,,,,
208,1.0,1.0,0.37917397054309765,0.6227098092939151,True,,multi_model_matched,,-0.007187017242747189,-0.10628384438377983,0.09190980989828543,-0.38364186382161225,120042,,,,,,,
211,0.0,0.0,0.231401125726331,0.22905857404779453,True,,multi_model_matched,,-0.07121375372929803,-0.20061606115006134,0.05818855369146525,0.039362356322426656,120042,,,,,,,
229,0.0,0.0,0.35491053100236486,0.18642819332391197,True,,multi_model_matched,,-0.11334846411339128,-0.2258957357054936,-0.0008011925212889903,-0.0181111175885878,120042,,,,,,,
237,0.0,1.0,0.3187585270756577,0.6861105920384603,True,,multi_model_matched,,-0.044242610854105885,-0.13354594316798535,0.04506072145977354,0.014677238537030401,120042,,,,,,,
241,1.0,0.0,0.33880276994038705,0.4470269612145222,True,,multi_model_matched,,-0.041312100876000415,-0.21902208848111476,0.1363978867291139,-0.2359562924134932,120042,,,,,,,
250,1.0,1.0,0.8428866494274864,0.703627059039757,True,,multi_model_matched,,-0.09848671695364933,-0.2491233088254399,0.052149874918141215,-0.14381661120733635,120042,,,,,,,
254,0.0,1.0,0.20839292854203073,0.24099446092279211,True,,multi_model_matched,,-0.041312100876000415,-0.21902208848111476,0.1363978867291139,0.11029612787953566,120042,,,,,,,
261,0.0,0.0,0.25783316789758004,0.1812073244799295,True,,multi_model_matched,,-0.02145951952218122,-0.10479395097066405,0.06187491192630157,0.31285754382566056,120042,,,,,,,
264,1.0,1.0,0.5133701154893368,0.5783417591739412,True,,multi_model_matched,,-0.15263773475530545,-0.31982304516137683,0.014547575650765865,0.10130985419071503,120042,,,,,,,
265,0.0,0.0,0.4673440107611287,0.3563794093146026,True,,multi_model_matched,,-0.17705171687536064,-0.2743169366179336,-0.07978649713278768,-0.19966649402570194,120042,,,,,,,
270,0.0,0.0,0.34874073775724557,0.20171397701955088,True,,multi_model_matched,,-0.16337389142202122,-0.2414098528508648,-0.08533792999317764,-0.05981133747776573,120042,,,,,,,
271,1.0,0.0,0.8208015211662028,0.8654343342544495,True,,multi_model_matched,,-0.17753231989549914,-0.30909760399609765,-0.045967035794900635,-0.027407061388611043,120042,,,,,,,
277,1.0,1.0,0.8458274757149049,0.5796784555469318,True,,multi_model_matched,,0.015548344984683375,-0.16020920166425112,0.19130589163361783,0.19707323380293573,120042,,,,,,,
282,0.0,0.0,0.4968539889905682,0.48950108386632263,True,,multi_model_matched,,-0.034720189806754904,-0.21037760094233404,0.14093722132882422,0.2904593735133494,120042,,,,,,,
284,0.0,1.0,0.26169668314489575,0.48044735559495144,True,,multi_model_matched,,-0.10424760800310105,-0.21203799528202766,0.003542779275825539,0.18518688543613304,120042,,,,,,,
288,1.0,0.0,0.7511605014707504,0.5824804714021297,True,,multi_model_matched,,-0.0074563444179034455,-0.19149962122087374,0.17658693238506684,0.004640120746827181,120042,,,,,,,
294,1.0,1.0,0.8164796270017057,0.49031264913350026,True,,multi_model_matched,,-0.09167539799492548,-0.2076716151475737,0.024320819157722717,-0.34951026332690505,120042,,,,,,,
318,0.0,0.0,0.6636540076542939,0.5705544669325786,True,,multi_model_matched,,0.04417370798142156,-0.10045741085448737,0.18880482681733046,-0.20199985734703257,120042,,,,,,,
319,1.0,1.0,0.8930296774091446,0.7555478412559756,True,,multi_model_matched,,0.08584128734266247,-0.07905173212944477,0.2507343068147697,0.04278373950332526,120042,,,,,,,
328,0.0,1.0,0.39432924248177276,0.18948303187203663,True,,multi_model_matched,,-0.06875238055303529,-0.23015878849876242,0.09265402739269182,0.10327243996857394,120042,,,,,,,
334,0.0,0.0,0.32003853805723764,0.2875355167491368,True,,multi_model_matched,,-0.15315113870855684,-0.24998995047228792,-0.0563123269448258,-0.1484375342195409,120042,,,,,,,
339,0.0,1.0,0.6907306329755005,0.5644583916735121,True,,multi_model_matched,,-0.09772776987248406,-0.1918256149297038,-0.0036299248152643626,-0.04096418254395162,120042,,,,,,,
343,1.0,1.0,0.7122793784860058,0.5155210187085154,True,,multi_model_matched,,0.032985999024263093,-0.2187375467426504,0.2847095447911765,-0.252500407706424,120042,,,,,,,
346,0.0,0.0,0.4668878241550569,0.33951763988107997,True,,multi_model_matched,,-0.11081657326588576,-0.2082932472544724,-0.01333989927729913,0.021257549177203516,120042,,,,,,,
347,0.0,1.0,0.20263826870260368,0.2637419376444213,True,,multi_model_matched,,-0.11303144966535017,-0.23636062309550102,0.010297723764800648,0.0718545920669893,120042,,,,,,,
349,0.0,1.0,0.7980010545149436,0.6771543356924604,True,,multi_model_matched,,-0.09783988747079117,-0.25301527832270665,0.05733550338112425,0.03268878550218324,120042,,,,,,,
354,1.0,0.0,0.532805219686784,0.2924577715670299,True,,multi_model_matched,,-0.03049245600371626,-0.16811909585887386,0.10713418385144129,-0.14297135067526034,120042,,,,,,,
357,1.0,1.0,0.6408274001124588,0.2999253159315922,True,,multi_model_matched,,-0.10731356899555722,-0.2663295097238735,0.051702371732759045,0.1013446835796018,120042,,,,,,,
360,1.0,0.0,0.3477877504865826,0.3387807653978252,True,,multi_model_matched,,-0.03565947377214184,-0.20201647556699764,0.1306975280227139,-0.20995476861796994,120042,,,,,,,
361,0.0,0.0,0.29661108176182654,0.23059339157774011,True,,multi_model_matched,,-0.026603559981401598,-0.19558485670566306,0.14237773674285983,-0.0406445885166562,120042,,,,,,,
365,1.0,0.0,0.6049751553904226,0.2863717839207137,True,,multi_model_matched,,-0.1690182084005757,-0.2765469997052831,-0.06148941709586829,-0.3344524588585174,120042,,,,,,,
368,1.0,0.0,0.6849883638981021,0.32733973117530735,True,,multi_model_matched,,-0.11149100776634754,-0.248669482415212,0.025687466882516885,-0.05427466854280549,120042,,,,,,,
370,1.0,0.0,0.19790340240759838,0.10800260009836761,True,,multi_model_matched,,-0.09593557775348265,-0.20914898685111274,0.017277831344147426,-0.11224918810400103,120042,,,,,,,
380,0.0,1.0,0.7471666727680591,0.4674264398886901,True,,multi_model_matched,,-0.12389866081870075,-0.22051420647053127,-0.027283115166870264,-0.4595323870462047,120042,,,,,,,
384,1.0,1.0,0.6900728481780237,0.5112597274821526,True,,multi_model_matched,,-0.04628614981170569,-0.22762912587544554,0.13505682625203408,0.0703099140074529,120042,,,,,,,
392,1.0,1.0,0.7956043945971023,0.7308406047876336,True,,multi_model_matched,,-0.03901540983570502,-0.1818121028517775,0.10378128318036743,0.0859568948245617,120042,,,,,,,
398,0.0,1.0,0.3206138626697417,0.45685223927714724,True,,multi_model_matched,,-0.06929458815553949,-0.25084599399078644,0.11225681767970738,-0.3498504475078327,120042,,,,,,,
409,0.0,0.0,0.18337791691798333,0.4439000770292082,True,,multi_model_matched,,-0.015099997436328394,-0.11975389009339686,0.08955389522074006,0.14554265152238055,120042,,,,,,,
422,1.0,1.0,0.4374280553015159,0.34871246199525907,True,,multi_model_matched,,0.09586146924016935,-0.11077814782733662,0.30250108630767525,0.04875396248008518,120042,,,,,,,
424,1.0,0.0,0.6770097302582416,0.7052642761137701,True,,multi_model_matched,,-0.11527332897888577,-0.1996533985092253,-0.030893259448546234,-0.411950972386599,120042,,,,,,,
431,1.0,1.0,0.4372491262168222,0.6279412483546116,True,,multi_model_matched,,-0.06640673326288951,-0.22779564212680933,0.09498217560103028,-0.32665406706368566,120042,,,,,,,
433,0.0,0.0,0.10525170726096475,0.10427304962006238,True,,multi_model_matched,,-0.05737512207386018,-0.16178042907017615,0.04703018492245577,-0.03402153155820689,120042,,,,,,,
435,0.0,1.0,0.4409894527049854,0.6729711349557012,True,,multi_model_matched,,-0.09285744327324452,-0.20700172253389731,0.021286835987408242,-0.10742312894197681,120042,,,,,,,
446,1.0,0.0,0.2790381570542702,0.16375999330593335,True,,multi_model_matched,,-0.044377734538403185,-0.30417236981669626,0.21541690073988987,-0.06432527410523083,120042,,,,,,,
447,1.0,1.0,0.536835214889051,0.5503554221394807,True,,multi_model_matched,,-0.05704213564178894,-0.24811855308245417,0.13403428179887625,0.034144994760945346,120042,,,,,,,
451,1.0,1.0,0.7690955084071955,0.6112206494377056,True,,multi_model_matched,,0.014120396299121997,-0.19950075932732658,0.22774155192557052,-0.17663563846118313,120042,,,,,,,
460,1.0,0.0,0.39094770965443404,0.27994469973743064,True,,multi_model_matched,,0.004488065243421907,-0.13400623695468866,0.14298236744153245,-0.15089969081385596,120042,,,,,,,
462,0.0,0.0,0.4757820881301206,0.3798226570352518,True,,multi_model_matched,,0.029605508614156235,-0.07751217716956652,0.13672319439787894,-0.02877369342676961,120042,,,,,,,
465,0.0,1.0,0.4312755600906261,0.6491876730428766,True,,multi_model_matched,,-0.11334846411339128,-0.2258957357054936,-0.0008011925212889903,-0.07352311822592295,120042,,,,,,,
467,0.0,0.0,0.2562069965782711,0.26684038260745196,True,,multi_model_matched,,-0.06096438314192604,-0.23251486351450812,0.11058609723065602,0.18109530692018136,120042,,,,,,,
468,1.0,0.0,0.44882293786932376,0.4590625162462623,True,,multi_model_matched,,-0.11872505350550161,-0.21294445020759428,-0.02450565680340895,-0.36394341785118856,120042,,,,,,,
474,0.0,0.0,0.4334979519869535,0.38280401600429703,True,,multi_model_matched,,0.04500091449528575,-0.09463212471234492,0.18463395370291638,0.27024214191256124,120042,,,,,,,
478,1.0,0.0,0.5739982744039367,0.2947270948162633,True,,multi_model_matched,,-0.1109102344270236,-0.26594178663450374,0.04412131778045654,-0.14113139488284232,120042,,,,,,,
481,0.0,1.0,0.5087083360409932,0.40825501741027925,True,,multi_model_matched,,-0.13897266677938314,-0.2371062823216219,-0.040839051237144416,0.24256774419822325,120042,,,,,,,
486,1.0,1.0,0.7441202307802978,0.6148549412893181,True,,multi_model_matched,,-0.19613076657429454,-0.29706624907768137,-0.09519528407090776,-0.6892153014395378,120042,,,,,,,
487,1.0,1.0,0.8467975192157075,0.5866738910251524,True,,multi_model_matched,,0.006253724674775998,-0.08879257603877484,0.10130002538832682,-0.028156691615068175,120042,,,,,,,
498,0.0,0.0,0.3020648921646804,0.1979830251548477,True,,multi_model_matched,,-0.09834271988137823,-0.21185792279171134,0.015172483028954853,-0.1062618189134249,120042,,,,,,,
503,0.0,0.0,0.3446948747805175,0.2658055219729751,True,,multi_model_matched,,0.012215502835750014,-0.20767378702189043,0.23210479269339043,-0.16728505428348134,120042,,,,,,,
507,1.0,1.0,0.8311033999506614,0.7945564212316646,True,,multi_model_matched,,-0.031248468609211006,-0.24862409913208056,0.18612716191365847,-0.030854928811506976,120042,,,,,,,
508,0.0,0.0,0.5229332692489086,0.2601699446166555,True,,multi_model_matched,,-0.12821288861770913,-0.2150613816069012,-0.04136439562851711,-0.05620972089686527,120042,,,,,,,
514,1.0,1.0,0.8270038617254091,0.6943390637417084,True,,multi_model_matched,,-0.14876651266831165,-0.2505517470931692,-0.04698127824345416,-0.061478120138046544,120042,,,,,,,
526,0.0,0.0,0.15782593929996835,0.13044474411998602,True,,multi_model_matched,,0.04248105638377834,-0.11211215638341504,0.19707426915097168,0.020299231269924375,120042,,,,,,,
528,1.0,1.0,0.6647472925894883,0.7352516088728809,True,,multi_model_matched,,-0.023420984907662683,-0.2407480055240569,0.1939060357087315,-0.3151680255715663,120042,,,,,,,
532,1.0,0.0,0.5659465902283147,0.4305883970188177,True,,multi_model_matched,,-0.10800986859906195,-0.23906850175357736,0.023048764555453433,-0.5334643262344162,120042,,,,,,,
534,0.0,1.0,0.6356185713393279,0.49570608184298615,True,,multi_model_matched,,-0.022413988972521944,-0.12640953239820157,0.08158155445315768,0.13543398492073888,120042,,,,,,,
535,0.0,0.0,0.6385549390569282,0.3491581541021244,True,,multi_model_matched,,-0.0981673534219381,-0.2041032854132369,0.007768578569360682,0.03704061610492676,120042,,,,,,,
538,1.0,0.0,0.7165422603028302,0.5565385298635452,True,,multi_model_matched,,-0.029910275534664132,-0.11880460007881839,0.0589840490094901,-0.06212851278558973,120042,,,,,,,
539,0.0,1.0,0.3919352408994978,0.39807883890515544,True,,multi_model_matched,,-0.1839868052890884,-0.2793390343590698,-0.08863457621910698,-0.11126006308263126,120042,,,,,,,
546,0.0,0.0,0.30246911548946265,0.1674140399970113,True,,multi_model_matched,,-0.08180843792773324,-0.1836974061526729,0.02008053029720641,-0.06620608679353736,120042,,,,,,,
549,1.0,0.0,0.737809295603759,0.4018100071172399,True,,multi_model_matched,,-0.047411390891395844,-0.13577809726420076,0.04095531548140907,-0.22605679180368443,120042,,,,,,,
550,0.0,0.0,0.22968620364065134,0.12507868829739605,True,,multi_model_matched,,-0.1233275081395313,-0.2420039259951228,-0.0046510902839398405,-0.08381602753461014,120042,,,,,,,
552,1.0,0.0,0.5131292585651384,0.19044531066663345,True,,multi_model_matched,,-0.17818157615848798,-0.2655710082950076,-0.09079214402196834,0.08753892270289004,120042,,,,,,,
559,1.0,0.0,0.6085123450001269,0.405681505096466,True,,multi_model_matched,,-0.15263773475530545,-0.31982304516137683,0.014547575650765865,-0.36576085048430995,120042,,,,,,,
560,1.0,1.0,0.8655555287273489,0.6294406160354643,True,,multi_model_matched,,-0.05944511261492021,-0.22880199458572908,0.10991176935588862,-0.06469990771798673,120042,,,,,,,
561,1.0,0.0,0.6004522932294956,0.25193874811218325,True,,multi_model_matched,,-0.15263773475530545,-0.31982304516137683,0.014547575650765865,-0.14847635272894044,120042,,,,,,,
563,0.0,0.0,0.34977696900330585,0.3001244011940171,True,,multi_model_matched,,-0.062194338545607734,-0.22875588088272275,0.10436720379150724,0.08723419972137467,120042,,,,,,,
568,1.0,1.0,0.8420165704415828,0.7241993149028411,True,,multi_model_matched,,-0.1783090558997462,-0.30256088196758396,-0.05405722983190844,-0.11006768648138565,120042,,,,,,,
569,0.0,1.0,0.6204165780663479,0.649966418468412,True,,multi_model_matched,,-0.054733978941360534,-0.1434331458479186,0.03396518796519753,-0.03506472883281053,120042,,,,,,,
578,0.0,0.0,0.528449166106585,0.541129455632692,True,,multi_model_matched,,-0.07328788433295151,-0.15032608086634655,0.0037503122004435147,-0.1661069213092291,120042,,,,,,,
584,1.0,0.0,0.4835230499831929,0.6086690571475216,True,,multi_model_matched,,-0.07721377462027465,-0.1629609686064008,0.00853341936585146,-0.18620539681394355,120042,,,,,,,
588,1.0,1.0,0.6950874683394853,0.6067692377764136,True,,multi_model_matched,,-0.030091174022301635,-0.16668298455218367,0.10650063650758038,0.05151712594740754,120042,,,,,,,
594,0.0,1.0,0.3845124638174599,0.20204826370818607,True,,multi_model_matched,,-0.07571577153588746,-0.21064116853763748,0.05920962546586253,-0.1845762402931477,120042,,,,,,,
599,0.0,1.0,0.5139276407168637,0.3069862927665871,True,,multi_model_matched,,-0.041312100876000415,-0.21902208848111476,0.1363978867291139,-0.017020805613165407,120042,,,,,,,
603,1.0,1.0,0.8760250372770755,0.7245136388321798,True,,multi_model_matched,,-0.17469605680032121,-0.3086131979657406,-0.04077891563490185,-0.4064471216929251,120042,,,,,,,
606,0.0,1.0,0.21922940776003394,0.3608687382193187,True,,multi_model_matched,,-0.11334846411339128,-0.2258957357054936,-0.0008011925212889903,-0.0810499975355446,120042,,,,,,,
607,0.0,0.0,0.2306889141131686,0.41349980578355594,True,,multi_model_matched,,-0.04262595663896956,-0.12724393754600327,0.041992024268064136,-0.20262165996000597,120042,,,,,,,
609,0.0,1.0,0.2303519206028594,0.1661800464978828,True,,multi_model_matched,,-0.12995291236625592,-0.21238379643100647,-0.04752202830150537,-0.17815202596793825,120042,,,,,,,
614,1.0,1.0,0.6467946600933504,0.454149402724382,True,,multi_model_matched,,-0.14870782755312525,-0.24178907208971406,-0.055626583016536474,0.13800989485438941,120042,,,,,,,
617,1.0,0.0,0.6802572666640975,0.691208308706228,True,,multi_model_matched,,-0.1397049900120064,-0.23063118344632783,-0.04877879657768501,-0.32977963417948597,120042,,,,,,,
621,1.0,1.0,0.627291255719527,0.643934722388693,True,,multi_model_matched,,-0.10674030778475442,-0.2651623192778646,0.05168170370835569,-0.10300534475910206,120042,,,,,,,
626,1.0,0.0,0.474501537217078,0.16437460061425205,True,,multi_model_matched,,-0.11311717324529666,-0.2514653574181258,0.025231010927532466,-0.14734105843629364,120042,,,,,,,
638,1.0,0.0,0.2748012559824055,0.1239220657092472,True,,multi_model_matched,,-0.12617360037754383,-0.23897265637469794,-0.01337454438038975,-0.028967779075204383,120042,,,,,,,
648,1.0,1.0,0.5446984576494674,0.4969151883647077,True,,multi_model_matched,,-0.17000427009041583,-0.2839775914953479,-0.05603094868548379,0.22657797391420198,120042,,,,,,,
651,1.0,0.0,0.7414638822974168,0.20735604282143721,True,,multi_model_matched,,-0.04757624244429735,-0.13263010571354567,0.037477620824950965,0.14285091672279376,120042,,,,,,,
656,0.0,0.0,0.28204662460451924,0.4366149382471533,True,,multi_model_matched,,-0.06902606584063783,-0.21671077543436648,0.07865864375309076,0.008071797181922913,120042,,,,,,,
662,0.0,0.0,0.6929571721037661,0.5688028871898342,True,,multi_model_matched,,0.07939400774200762,-0.07706523948278322,0.23585325496679843,0.12090442381375327,120042,,,,,,,
663,1.0,1.0,0.6304851473044282,0.5835748670106308,True,,multi_model_matched,,-0.06707383785730321,-0.1844000695556256,0.05025239384101915,-0.0006267839972746714,120042,,,,,,,
676,1.0,0.0,0.4599439184764482,0.29878782114157487,True,,multi_model_matched,,-0.10454621336140275,-0.22278773928257092,0.013695312559765402,0.288078314021742,120042,,,,,,,
680,1.0,0.0,0.6829703748258147,0.11385594636738014,True,,multi_model_matched,,-0.05118913921591243,-0.17979461089575322,0.07741633246392834,-0.21676132704337042,120042,,,,,,,
684,0.0,0.0,0.5697406984360188,0.19983185070397666,True,,multi_model_matched,,-0.060043439356046634,-0.2581571071989016,0.13807022848680828,-0.09365228131014089,120042,,,,,,,
689,1.0,1.0,0.8868225930045658,0.8706173422583725,True,,multi_model_matched,,-0.06913392268699134,-0.14399402471231676,0.005726179338334053,0.028437736123359203,120042,,,,,,,
707,1.0,0.0,0.3095601577041158,0.16574517487960455,True,,multi_model_matched,,-0.1384651257488992,-0.29199793278744657,0.015067681289648166,-0.18261274863827542,120042,,,,,,,
708,0.0,0.0,0.38944180681518387,0.31109833854695346,True,,multi_model_matched,,-0.17537682280203695,-0.25996212984395006,-0.09079151576012383,-0.3033594815556778,120042,,,,,,,
712,0.0,0.0,0.22671743720630477,0.39916050095370287,True,,multi_model_matched,,-0.016668358705826673,-0.12401195129803057,0.0906752338863772,0.20262182932038472,120042,,,,,,,
713,0.0,1.0,0.4479973834356069,0.7899673126686212,True,,multi_model_matched,,0.013465418311850046,-0.1235802979828893,0.15051113460658938,0.18351149860665072,120042,,,,,,,
723,1.0,1.0,0.8791019779208326,0.6312407840166131,True,,multi_model_matched,,-0.022768531940741927,-0.12217323407512298,0.07663617019363912,-0.013981278819158116,120042,,,,,,,
735,1.0,1.0,0.7869431386479372,0.5368141960979033,True,,multi_model_matched,,0.018892550417259707,-0.14467764505211633,0.18246274588663572,0.2892291597635016,120042,,,,,,,
739,0.0,1.0,0.16567925131260422,0.3625667250095327,True,,multi_model_matched,,0.055181527228615926,-0.17108414270285843,0.28144719716009026,0.04653584065128688,120042,,,,,,,
743,1.0,0.0,0.6338297786120288,0.6070901283292623,True,,multi_model_matched,,-0.17732325561518947,-0.31929218758694256,-0.035354323643436436,-0.3588049137290085,120042,,,,,,,
744,0.0,0.0,0.2696157041235064,0.15264458849958287,True,,multi_model_matched,,-0.012976618388529995,-0.26669677616510656,0.24074353938804655,0.00043827428651807554,120042,,,,,,,
752,1.0,0.0,0.6647472925894883,0.7208329462562315,True,,multi_model_matched,,-0.023420984907662683,-0.2407480055240569,0.1939060357087315,-0.048624029853681416,120042,,,,,,,
760,1.0,1.0,0.7134555858731084,0.792566241366111,True,,multi_model_matched,,-0.1947780790058406,-0.2826688840737325,-0.10688727393794877,-0.1049719012824385,120042,,,,,,,
773,1.0,1.0,0.8386940353384825,0.852870223315683,True,,multi_model_matched,,0.002807289667986596,-0.08970094927349277,0.09531552860946595,-0.05078761983714952,120042,,,,,,,
776,0.0,0.0,0.3345234242308092,0.20533773166060534,True,,multi_model_matched,,0.09527046514412535,-0.018202352486417314,0.20874328277466797,0.11215936655437345,120042,,,,,,,
779,0.0,0.0,0.3257453007133764,0.22754313436062862,True,,multi_model_matched,,-0.031576932043473595,-0.17954625699015744,0.11639239290321021,0.2102850669914252,120042,,,,,,,
781,1.0,1.0,0.6832939038423603,0.63754694937672,True,,multi_model_matched,,-0.02081338147818695,-0.12937273799077278,0.08774597503439886,0.031273744586730046,120042,,,,,,,
782,1.0,0.0,0.7648701537663227,0.4641424883295498,True,,multi_model_matched,,-0.050461571431653016,-0.13844668503175067,0.037523542168444626,-0.27881971225762575,120042,,,,,,,
783,0.0,0.0,0.12172989379204215,0.3168675055683017,True,,multi_model_matched,,0.07939400774200762,-0.07706523948278322,0.23585325496679843,0.11768093960974968,120042,,,,,,,
798,1.0,1.0,0.5742961575804171,0.7338549270059888,True,,multi_model_matched,,-0.01773484858901131,-0.166779475148952,0.13130977797092935,-0.012829595656138837,120042,,,,,,,
822,0.0,0.0,0.7417980053932205,0.6367950734915155,True,,multi_model_matched,,0.03530376396582857,-0.13136467893925602,0.20197220687091313,0.15687867128973654,120042,,,,,,,
827,0.0,1.0,0.264977865904604,0.5063020143310597,True,,multi_model_matched,,-0.1611372884686215,-0.27840465719314184,-0.04386991974410116,-0.47170840662307595,120042,,,,,,,
839,0.0,0.0,0.4808888128545494,0.1562570180525887,True,,multi_model_matched,,-0.10845908408309514,-0.23690087976688579,0.019982711600695466,-0.082870305049013,120042,,,,,,,
845,1.0,1.0,0.7067711150558171,0.505484558588421,True,,multi_model_matched,,0.016223166623292033,-0.14141400486042985,0.1738603381070139,-0.054967122143437575,120042,,,,,,,
848,0.0,0.0,0.1666158023279128,0.2015602546752192,True,,multi_model_matched,,-0.014040874236128183,-0.1089326554421229,0.08085090696986652,0.0857810802170664,120042,,,,,,,
859,1.0,1.0,0.6849906428774399,0.6769103292049636,True,,multi_model_matched,,-0.04098348328932556,-0.14528201800084495,0.06331505142219382,0.10091643251497262,120042,,,,,,,
868,1.0,0.0,0.3082583807209731,0.1535068027524439,True,,multi_model_matched,,-0.053431609210131834,-0.19590544138313642,0.08904222296287274,-0.03768758335333155,120042,,,,,,,
875,1.0,1.0,0.25333963387393715,0.20708796308982624,True,,multi_model_matched,,0.0629719456824324,-0.07044208182220522,0.19638597318707002,0.2750351541256375,120042,,,,,,,
892,0.0,0.0,0.6313698695873204,0.23382463068565157,True,,multi_model_matched,,-0.11330031524207937,-0.2811245735298554,0.05452394304569663,-0.4218944972490402,120042,,,,,,,
893,0.0,1.0,0.45589257876268896,0.39302832109664,True,,multi_model_matched,,-0.13246762490147812,-0.28006143958657265,0.015126189783616378,-0.13899119129057289,120042,,,,,,,
898,1.0,1.0,0.49462645872228006,0.3547315126470555,True,,multi_model_matched,,-0.10348749216438156,-0.19729408878147311,-0.009680895547290028,0.11489019733853345,120042,,,,,,,
908,1.0,1.0,0.59795154629418,0.5465323047791424,True,,multi_model_matched,,-0.04204017540724078,-0.13059791069813365,0.046517559883652054,0.2700079153490359,120042,,,,,,,
913,0.0,0.0,0.4590740424682504,0.15303561997525103,True,,multi_model_matched,,0.04801627533841534,-0.10688888103033414,0.2029214317071648,0.5763362625455206,120042,,,,,,,
915,1.0,1.0,0.8444617337210738,0.7902472579186703,True,,multi_model_matched,,-0.003996745877086675,-0.10317532693835886,0.09518183518418549,-0.10460704553612188,120042,,,,,,,
924,0.0,1.0,0.11064807383603614,0.35875496457481376,True,,multi_model_matched,,-0.12022153771200651,-0.2571369622684405,0.016693886844427477,-0.03518580558050255,120042,,,,,,,
929,1.0,0.0,0.6634216252210545,0.5571596280328351,True,,multi_model_matched,,0.09198253698104007,-0.10057220824973868,0.2845372822118188,-0.2246108655442407,120042,,,,,,,
934,0.0,0.0,0.17588820990102041,0.1479102128392838,True,,multi_model_matched,,-0.16366109797893652,-0.2961344316196634,-0.03118776433820966,-0.17923562100166213,120042,,,,,,,
955,1.0,1.0,0.7279935351733413,0.7193079523925068,True,,multi_model_matched,,-0.11334846411339128,-0.2258957357054936,-0.0008011925212889903,-0.4074361291328243,120042,,,,,,,
960,1.0,1.0,0.516353381546526,0.48744897008899524,True,,multi_model_matched,,0.027309253579777933,-0.09801954134583013,0.15263804850538595,0.30302428580824725,120042,,,,,,,
961,0.0,1.0,0.5952214322323915,0.2839526673389449,True,,multi_model_matched,,-0.04070351397316775,-0.14106344588447828,0.05965641793814275,-0.17386110854674186,120042,,,,,,,
967,0.0,0.0,0.7111062328377343,0.6026371727046967,True,,multi_model_matched,,-0.13246762490147812,-0.28006143958657265,0.015126189783616378,0.11315424130412288,120042,,,,,,,
976,0.0,0.0,0.22296580907529134,0.08518100874594803,True,,multi_model_matched,,-0.19759755939353085,-0.2797547998015903,-0.11544031898547143,-0.10435438224184548,120042,,,,,,,
977,1.0,0.0,0.8795089744048036,0.5493546289655924,True,,multi_model_matched,,-0.021315768218651936,-0.10963209422869985,0.06700055779139596,0.2172265382051104,120042,,,,,,,
980,1.0,1.0,0.7845093011134376,0.5285083827381312,True,,multi_model_matched,,-0.17694045434963682,-0.2644114325102566,-0.08946947618901704,-0.1328309937568829,120042,,,,,,,
986,1.0,0.0,0.6842931095653495,0.4407593834478375,True,,multi_model_matched,,-0.034720189806754904,-0.21037760094233404,0.14093722132882422,-0.21930664730454208,120042,,,,,,,
987,0.0,0.0,0.4937146818591577,0.41011618555896223,True,,multi_model_matched,,-0.07224302571497491,-0.2299643531755589,0.08547830174560904,0.16537846499403014,120042,,,,,,,
989,0.0,0.0,0.502114524477848,0.4557268144672463,True,,multi_model_matched,,0.020856899679769867,-0.20873233423284968,0.2504461335923894,-0.22553091570484401,120042,,,,,,,
5,1.0,1.0,0.6377114402121038,0.34254974755376194,True,,multi_model_broad,,-0.016393073269723838,-0.18584355820411624,0.15305741166466855,0.29544125881310984,120042,,,,,,,
12,0.0,1.0,0.40864594703941975,0.30002689738786964,True,,multi_model_broad,,-0.014999920531327569,-0.12298191329032118,0.09298207222766602,-0.1020346687031714,120042,,,,,,,
15,1.0,0.0,0.5202019068490832,0.11807387106554294,True,,multi_model_broad,,-0.061841716627931004,-0.16993970842887873,0.046256275173016684,-0.003080297422145953,120042,,,,,,,
30,0.0,0.0,0.5746897562690604,0.24295906763714584,True,,multi_model_broad,,-0.044012609512357054,-0.22149658341957654,0.13347136439486237,-0.15824629257148742,120042,,,,,,,
39,1.0,0.0,0.6048933776872666,0.3441516064005722,True,,multi_model_broad,,-0.05850795266632789,-0.1689704031767359,0.05195449784408011,-0.0787740414269622,120042,,,,,,,
40,0.0,0.0,0.3543801765148926,0.35057432062020416,True,,multi_model_broad,,-0.041524468526331106,-0.1548567058902152,0.07180776883755297,0.060474988513839145,120042,,,,,,,
43,1.0,0.0,0.7309350546172592,0.38618933830050256,True,,multi_model_broad,,-0.024898950124179614,-0.20231655541925142,0.15251865517089214,-0.19702180525731344,120042,,,,,,,
45,0.0,0.0,0.2877857978025763,0.3689753372039217,True,,multi_model_broad,,-0.0629329777374483,-0.16024436893114646,0.03437841345624987,0.13139903885494988,120042,,,,,,,
48,1.0,1.0,0.4640558918721573,0.5888245392655549,True,,multi_model_broad,,-0.044095934808064216,-0.16191167288577712,0.07371980326964866,-0.02351093248221392,120042,,,,,,,
63,1.0,0.0,0.493740643635318,0.20164355626544486,True,,multi_model_broad,,-0.06118273527173839,-0.17960248184664546,0.057237011303168654,-0.08061850681857732,120042,,,,,,,
67,1.0,1.0,0.4135078007326209,0.532633707078535,True,,multi_model_broad,,-0.09132873038288075,-0.17695221107640388,-0.005705249689357636,-0.4040936263411786,120042,,,,,,,
69,0.0,0.0,0.46600337273861786,0.48630868982475617,True,,multi_model_broad,,-0.0508597501309228,-0.17782696350348914,0.0761074632416435,-0.2535047085663173,120042,,,,,,,
72,1.0,0.0,0.5908011295185976,0.3649110295452353,True,,multi_model_broad,,-0.011218958062971178,-0.10790092184268563,0.08546300571674323,0.03393963416448598,120042,,,,,,,
75,1.0,0.0,0.8971971121686327,0.590906090484836,True,,multi_model_broad,,-0.00954120918515669,-0.14203270919151087,0.12295029082119746,-0.21905044290968123,120042,,,,,,,
93,0.0,1.0,0.23435593073816172,0.3708737195266814,True,,multi_model_broad,,-0.06679094541206736,-0.1609856029254792,0.027403712101344485,-0.24763340158643393,120042,,,,,,,
115,0.0,0.0,0.417662784829503,0.3560754401295836,True,,multi_model_broad,,-0.042280749609787595,-0.1710246592436782,0.08646316002410301,-0.036066766855671034,120042,,,,,,,
116,0.0,1.0,0.2300810466125331,0.24524587329350514,True,,multi_model_broad,,-0.06937582348878843,-0.20550386437803536,0.06675221740045847,-0.014342061446469406,120042,,,,,,,
121,1.0,0.0,0.829551555662928,0.5644650903605791,True,,multi_model_broad,,-0.06595043180586656,-0.20357895950306493,0.07167809589133177,-0.578150415838105,120042,,,,,,,
122,1.0,0.0,0.6628130336914178,0.16757719199669627,True,,multi_model_broad,,-0.06401237409395454,-0.16840957725923583,0.04038482907132675,-0.1662835077113541,120042,,,,,,,
123,0.0,1.0,0.39744562120923743,0.39243083175848403,True,,multi_model_broad,,-0.06580333541425232,-0.14703460451250855,0.0154279336840039,0.03246765507545743,120042,,,,,,,
126,0.0,0.0,0.2904388139791195,0.3909132072928165,True,,multi_model_broad,,-0.08760711410097811,-0.2478582806798405,0.07264405247788426,-0.3010231687743369,120042,,,,,,,
130,0.0,0.0,0.26863216138852986,0.21849460988274513,True,,multi_model_broad,,-0.06350876821845979,-0.2218674352585277,0.09484989882160812,0.006309753656425152,120042,,,,,,,
137,0.0,0.0,0.19104229057139868,0.136704195001431,True,,multi_model_broad,,-0.0754620797267,-0.15154015613406757,0.0006159966806675576,-0.035394603233024145,120042,,,,,,,
145,1.0,0.0,0.4660143956373304,0.44212132263226617,True,,multi_model_broad,,-0.005471943051831662,-0.14779480549507593,0.13685091939141258,-0.33769143797714973,120042,,,,,,,
151,0.0,1.0,0.5191771574449675,0.4662585530143542,True,,multi_model_broad,,0.005369546857910572,-0.1368737533541949,0.14761284707001604,-0.31487008056515453,120042,,,,,,,
162,0.0,0.0,0.5856731783723788,0.5989655969474362,True,,multi_model_broad,,-0.04154219890287421,-0.23369471884697535,0.1506103210412269,-0.1770906937214045,120042,,,,,,,
167,0.0,1.0,0.6272436550256896,0.707639467658466,True,,multi_model_broad,,-0.05495920387649795,-0.18757021404141264,0.07765180628841672,0.060419762402974864,120042,,,,,,,
169,1.0,1.0,0.718421807752594,0.8744463758885973,True,,multi_model_broad,,-0.06478270192178907,-0.1474607548068319,0.01789535096325373,-0.059438745764093026,120042,,,,,,,
180,1.0,1.0,0.8672668628184429,0.5657293381904667,True,,multi_model_broad,,-0.03589173518130823,-0.1569603268862934,0.08517685652367693,0.07214620573564456,120042,,,,,,,
186,1.0,0.0,0.5911390146431826,0.5179879989770028,True,,multi_model_broad,,-0.05703427757776765,-0.1920800721450151,0.07801151698947976,-0.34838730337294177,120042,,,,,,,
193,0.0,0.0,0.40023106047420476,0.1550758670471376,True,,multi_model_broad,,-0.04636705185172446,-0.1330952374797849,0.04036113377633596,-0.07790570380726344,120042,,,,,,,
196,0.0,0.0,0.4779684453454312,0.4063942925546509,True,,multi_model_broad,,0.007204072115880504,-0.0992608669258195,0.11366901115758048,0.18500422317417548,120042,,,,,,,
198,0.0,0.0,0.14587366590344183,0.3168318250125152,True,,multi_model_broad,,-0.07919012411530348,-0.15018004793092804,-0.008200200299678911,-0.09796041668062988,120042,,,,,,,
205,1.0,1.0,0.889667935890094,0.4157414662695457,True,,multi_model_broad,,-0.052057421351377794,-0.14950643603186226,0.04539159332910664,0.10039000345163385,120042,,,,,,,
208,1.0,1.0,0.37917397054309765,0.6227098092939151,True,,multi_model_broad,,-0.013686739499658174,-0.1290459992667697,0.10167252026745334,-0.38364186382161225,120042,,,,,,,
211,0.0,0.0,0.231401125726331,0.22905857404779453,True,,multi_model_broad,,-0.0703390781630698,-0.16160356952481678,0.020925413198677162,0.039362356322426656,120042,,,,,,,
229,0.0,0.0,0.35491053100236486,0.18642819332391197,True,,multi_model_broad,,-0.0735662619602723,-0.1562450300667914,0.009112506146246813,-0.0181111175885878,120042,,,,,,,
237,0.0,1.0,0.3187585270756577,0.6861105920384603,True,,multi_model_broad,,-0.03651472696916551,-0.12880342262577832,0.05577396868744726,0.014677238537030401,120042,,,,,,,
241,1.0,0.0,0.33880276994038705,0.4470269612145222,True,,multi_model_broad,,-0.053749137594360535,-0.15378053077862835,0.046282255589907284,-0.2359562924134932,120042,,,,,,,
250,1.0,1.0,0.8428866494274864,0.703627059039757,True,,multi_model_broad,,-0.0701013422332415,-0.15670748025994646,0.016504795793463423,-0.14381661120733635,120042,,,,,,,
254,0.0,1.0,0.20839292854203073,0.24099446092279211,True,,multi_model_broad,,-0.07847931350588302,-0.21345242394739897,0.05649379693563289,0.11029612787953566,120042,,,,,,,
261,0.0,0.0,0.25783316789758004,0.1812073244799295,True,,multi_model_broad,,-0.0012700257448624206,-0.1322684170918138,0.12972836560208892,0.31285754382566056,120042,,,,,,,
264,1.0,1.0,0.5133701154893368,0.5783417591739412,True,,multi_model_broad,,-0.07189947453648457,-0.24408346795987623,0.10028451888690706,0.10130985419071503,120042,,,,,,,
265,0.0,0.0,0.4673440107611287,0.3563794093146026,True,,multi_model_broad,,-0.07026730504055323,-0.1839081868283288,0.04337357674722231,-0.19966649402570194,120042,,,,,,,
270,0.0,0.0,0.34874073775724557,0.20171397701955088,True,,multi_model_broad,,-0.023536140341492123,-0.1144748449311103,0.06740256424812605,-0.05981133747776573,120042,,,,,,,
271,1.0,0.0,0.8208015211662028,0.8654343342544495,True,,multi_model_broad,,-0.060802051721720825,-0.1599969051004003,0.038392801656958624,-0.027407061388611043,120042,,,,,,,
277,1.0,1.0,0.8458274757149049,0.5796784555469318,True,,multi_model_broad,,0.02019536612061848,-0.14532708353066737,0.1857178157719043,0.19707323380293573,120042,,,,,,,
282,0.0,0.0,0.4968539889905682,0.48950108386632263,True,,multi_model_broad,,-0.039301202728538626,-0.1458949171104753,0.06729251165339803,0.2904593735133494,120042,,,,,,,
284,0.0,1.0,0.26169668314489575,0.48044735559495144,True,,multi_model_broad,,-0.04531282426361549,-0.16559264662942005,0.07496699810218904,0.18518688543613304,120042,,,,,,,
288,1.0,0.0,0.7511605014707504,0.5824804714021297,True,,multi_model_broad,,-0.03877421574350471,-0.1916084346711795,0.11406000318417006,0.004640120746827181,120042,,,,,,,
294,1.0,1.0,0.8164796270017057,0.49031264913350026,True,,multi_model_broad,,-0.052579893224286404,-0.19247781694136643,0.08731803049279357,-0.34951026332690505,120042,,,,,,,
318,0.0,0.0,0.6636540076542939,0.5705544669325786,True,,multi_model_broad,,-0.0418104058656864,-0.12624300532738753,0.042622193596014706,-0.20199985734703257,120042,,,,,,,
319,1.0,1.0,0.8930296774091446,0.7555478412559756,True,,multi_model_broad,,-0.021601355733822748,-0.10577887038753625,0.06257615891989074,0.04278373950332526,120042,,,,,,,
328,0.0,1.0,0.39432924248177276,0.18948303187203663,True,,multi_model_broad,,-0.04603044010554969,-0.12941713121995202,0.03735625100885261,0.10327243996857394,120042,,,,,,,
334,0.0,0.0,0.32003853805723764,0.2875355167491368,True,,multi_model_broad,,-0.05088721493104744,-0.1354705666831035,0.0336961368210086,-0.1484375342195409,120042,,,,,,,
339,0.0,1.0,0.6907306329755005,0.5644583916735121,True,,multi_model_broad,,-0.11244332833283505,-0.2124283436626181,-0.01245831300305203,-0.04096418254395162,120042,,,,,,,
343,1.0,1.0,0.7122793784860058,0.5155210187085154,True,,multi_model_broad,,-0.055300997837386574,-0.1571208734344767,0.04651887775970353,-0.252500407706424,120042,,,,,,,
346,0.0,0.0,0.4668878241550569,0.33951763988107997,True,,multi_model_broad,,-0.022551659614751765,-0.1427996945310297,0.09769637530152614,0.021257549177203516,120042,,,,,,,
347,0.0,1.0,0.20263826870260368,0.2637419376444213,True,,multi_model_broad,,-0.05069243617700344,-0.12970957713203568,0.02832470477802878,0.0718545920669893,120042,,,,,,,
349,0.0,1.0,0.7980010545149436,0.6771543356924604,True,,multi_model_broad,,-0.040313679077902086,-0.12550774526784986,0.04488038711204568,0.03268878550218324,120042,,,,,,,
354,1.0,0.0,0.532805219686784,0.2924577715670299,True,,multi_model_broad,,-0.018173865045178036,-0.13414408156640711,0.09779635147605102,-0.14297135067526034,120042,,,,,,,
357,1.0,1.0,0.6408274001124588,0.2999253159315922,True,,multi_model_broad,,-0.08393281118970022,-0.18395186638915234,0.01608624400975185,0.1013446835796018,120042,,,,,,,
360,1.0,0.0,0.3477877504865826,0.3387807653978252,True,,multi_model_broad,,-0.019643718167853576,-0.16079224546260906,0.1215048091269019,-0.20995476861796994,120042,,,,,,,
361,0.0,0.0,0.29661108176182654,0.23059339157774011,True,,multi_model_broad,,-0.04111739720602126,-0.20536996295050464,0.12313516853846207,-0.0406445885166562,120042,,,,,,,
365,1.0,0.0,0.6049751553904226,0.2863717839207137,True,,multi_model_broad,,-0.09818150975393955,-0.20268252066052372,0.00631950115264461,-0.3344524588585174,120042,,,,,,,
368,1.0,0.0,0.6849883638981021,0.32733973117530735,True,,multi_model_broad,,-0.046004586931440015,-0.19525763773940918,0.10324846387652911,-0.05427466854280549,120042,,,,,,,
370,1.0,0.0,0.19790340240759838,0.10800260009836761,True,,multi_model_broad,,-0.050861322562802694,-0.14900526663809643,0.047282621512491005,-0.11224918810400103,120042,,,,,,,
380,0.0,1.0,0.7471666727680591,0.4674264398886901,True,,multi_model_broad,,-0.07428795048486482,-0.17723240467130735,0.028656503701577685,-0.4595323870462047,120042,,,,,,,
384,1.0,1.0,0.6900728481780237,0.5112597274821526,True,,multi_model_broad,,-0.05686991017147124,-0.22283958070108378,0.10909976035814126,0.0703099140074529,120042,,,,,,,
392,1.0,1.0,0.7956043945971023,0.7308406047876336,True,,multi_model_broad,,-0.03683835345166714,-0.16317516775604957,0.08949846085271526,0.0859568948245617,120042,,,,,,,
398,0.0,1.0,0.3206138626697417,0.45685223927714724,True,,multi_model_broad,,-0.058813388694992454,-0.17167524352263602,0.054048466132651095,-0.3498504475078327,120042,,,,,,,
409,0.0,0.0,0.18337791691798333,0.4439000770292082,True,,multi_model_broad,,-0.028043678317423933,-0.13217933254607703,0.07609197591122914,0.14554265152238055,120042,,,,,,,
422,1.0,1.0,0.4374280553015159,0.34871246199525907,True,,multi_model_broad,,-0.0073933596472384065,-0.1344509423246428,0.11966422303016595,0.04875396248008518,120042,,,,,,,
424,1.0,0.0,0.6770097302582416,0.7052642761137701,True,,multi_model_broad,,-0.08355482848660226,-0.17500773517880078,0.007898078205596237,-0.411950972386599,120042,,,,,,,
431,1.0,1.0,0.4372491262168222,0.6279412483546116,True,,multi_model_broad,,-0.06003202673435346,-0.21244788007766954,0.0923838266089626,-0.32665406706368566,120042,,,,,,,
433,0.0,0.0,0.10525170726096475,0.10427304962006238,True,,multi_model_broad,,-0.05720048689966995,-0.1998992087049355,0.08549823490559555,-0.03402153155820689,120042,,,,,,,
435,0.0,1.0,0.4409894527049854,0.6729711349557012,True,,multi_model_broad,,-0.04256945413129815,-0.17603881931336726,0.09089991105077094,-0.10742312894197681,120042,,,,,,,
446,1.0,0.0,0.2790381570542702,0.16375999330593335,True,,multi_model_broad,,-0.06096353291048799,-0.22811650856525184,0.10618944274427582,-0.06432527410523083,120042,,,,,,,
447,1.0,1.0,0.536835214889051,0.5503554221394807,True,,multi_model_broad,,-0.04857801194228433,-0.14166061995657506,0.04450459607200639,0.034144994760945346,120042,,,,,,,
451,1.0,1.0,0.7690955084071955,0.6112206494377056,True,,multi_model_broad,,-0.053052903817596926,-0.14299084214525706,0.036885034510063204,-0.17663563846118313,120042,,,,,,,
460,1.0,0.0,0.39094770965443404,0.27994469973743064,True,,multi_model_broad,,-0.014367888926228742,-0.2416601327547772,0.21292435490231965,-0.15089969081385596,120042,,,,,,,
462,0.0,0.0,0.4757820881301206,0.3798226570352518,True,,multi_model_broad,,-0.01795526535370699,-0.19499044612536293,0.15907991541794894,-0.02877369342676961,120042,,,,,,,
465,0.0,1.0,0.4312755600906261,0.6491876730428766,True,,multi_model_broad,,-0.038703136259107415,-0.18007199234874172,0.10266571983052684,-0.07352311822592295,120042,,,,,,,
467,0.0,0.0,0.2562069965782711,0.26684038260745196,True,,multi_model_broad,,-0.08636041453023166,-0.2022302686931202,0.029509439632656842,0.18109530692018136,120042,,,,,,,
468,1.0,0.0,0.44882293786932376,0.4590625162462623,True,,multi_model_broad,,-0.08479410852560683,-0.2285931560552048,0.05900493900399113,-0.36394341785118856,120042,,,,,,,
474,0.0,0.0,0.4334979519869535,0.38280401600429703,True,,multi_model_broad,,-0.009371878381768832,-0.13202067627325084,0.11327691950971316,0.27024214191256124,120042,,,,,,,
478,1.0,0.0,0.5739982744039367,0.2947270948162633,True,,multi_model_broad,,-0.06181638201924992,-0.15516880976714748,0.03153604572864762,-0.14113139488284232,120042,,,,,,,
481,0.0,1.0,0.5087083360409932,0.40825501741027925,True,,multi_model_broad,,-0.05678745663707053,-0.18217030913975674,0.06859539586561567,0.24256774419822325,120042,,,,,,,
486,1.0,1.0,0.7441202307802978,0.6148549412893181,True,,multi_model_broad,,-0.10318543105703785,-0.1889391494114322,-0.017431712702643543,-0.6892153014395378,120042,,,,,,,
487,1.0,1.0,0.8467975192157075,0.5866738910251524,True,,multi_model_broad,,-0.040029296299434074,-0.15452197874535928,0.07446338614649112,-0.028156691615068175,120042,,,,,,,
498,0.0,0.0,0.3020648921646804,0.1979830251548477,True,,multi_model_broad,,-0.09569636532993321,-0.19617335799189659,0.004780627332030135,-0.1062618189134249,120042,,,,,,,
503,0.0,0.0,0.3446948747805175,0.2658055219729751,True,,multi_model_broad,,-0.04163040471843943,-0.13311512181145496,0.04985431237457606,-0.16728505428348134,120042,,,,,,,
507,1.0,1.0,0.8311033999506614,0.7945564212316646,True,,multi_model_broad,,-0.10257906715263551,-0.29896583667917376,0.09380770237390271,-0.030854928811506976,120042,,,,,,,
508,0.0,0.0,0.5229332692489086,0.2601699446166555,True,,multi_model_broad,,-0.08097774234699504,-0.16926779355290453,0.007312308858914429,-0.05620972089686527,120042,,,,,,,
514,1.0,1.0,0.8270038617254091,0.6943390637417084,True,,multi_model_broad,,-0.05392668698500688,-0.14955518306362556,0.04170180909361178,-0.061478120138046544,120042,,,,,,,
526,0.0,0.0,0.15782593929996835,0.13044474411998602,True,,multi_model_broad,,-0.07044075323978427,-0.14595327207777675,0.005071765598208197,0.020299231269924375,120042,,,,,,,
528,1.0,1.0,0.6647472925894883,0.7352516088728809,True,,multi_model_broad,,0.0017222355489184035,-0.14802432244824276,0.15146879354607953,-0.3151680255715663,120042,,,,,,,
532,1.0,0.0,0.5659465902283147,0.4305883970188177,True,,multi_model_broad,,-0.0680636902041171,-0.22825017271366627,0.09212279230543205,-0.5334643262344162,120042,,,,,,,
534,0.0,1.0,0.6356185713393279,0.49570608184298615,True,,multi_model_broad,,-0.030121808591004835,-0.11546931382096179,0.0552256966389521,0.13543398492073888,120042,,,,,,,
535,0.0,0.0,0.6385549390569282,0.3491581541021244,True,,multi_model_broad,,-0.03660129316300457,-0.1661012980749862,0.09289871174897704,0.03704061610492676,120042,,,,,,,
538,1.0,0.0,0.7165422603028302,0.5565385298635452,True,,multi_model_broad,,-0.044921312182792696,-0.17671399943167607,0.08687137506609066,-0.06212851278558973,120042,,,,,,,
539,0.0,1.0,0.3919352408994978,0.39807883890515544,True,,multi_model_broad,,-0.059373449118673455,-0.14426675014535734,0.025519851908010427,-0.11126006308263126,120042,,,,,,,
546,0.0,0.0,0.30246911548946265,0.1674140399970113,True,,multi_model_broad,,-0.07499258361729809,-0.1795752524050087,0.029590085170412506,-0.06620608679353736,120042,,,,,,,
549,1.0,0.0,0.737809295603759,0.4018100071172399,True,,multi_model_broad,,-0.05589301845743517,-0.13938478535238352,0.027598748437513164,-0.22605679180368443,120042,,,,,,,
550,0.0,0.0,0.22968620364065134,0.12507868829739605,True,,multi_model_broad,,-0.056357578314386966,-0.19585820539137466,0.08314304876260066,-0.08381602753461014,120042,,,,,,,
552,1.0,0.0,0.5131292585651384,0.19044531066663345,True,,multi_model_broad,,-0.06349984146593711,-0.14002971221773086,0.013030029285856629,0.08753892270289004,120042,,,,,,,
559,1.0,0.0,0.6085123450001269,0.405681505096466,True,,multi_model_broad,,-0.08620995124353259,-0.21863132112157113,0.046211418634505924,-0.36576085048430995,120042,,,,,,,
560,1.0,1.0,0.8655555287273489,0.6294406160354643,True,,multi_model_broad,,-0.04134892107296887,-0.15020803200729818,0.0675101898613604,-0.06469990771798673,120042,,,,,,,
561,1.0,0.0,0.6004522932294956,0.25193874811218325,True,,multi_model_broad,,-0.07511165036592421,-0.1818416963193152,0.03161839558746678,-0.14847635272894044,120042,,,,,,,
563,0.0,0.0,0.34977696900330585,0.3001244011940171,True,,multi_model_broad,,-0.07343405480325055,-0.1716658977204228,0.024797788113921665,0.08723419972137467,120042,,,,,,,
568,1.0,1.0,0.8420165704415828,0.7241993149028411,True,,multi_model_broad,,-0.105216851985019,-0.1954085313722668,-0.015025172597771225,-0.11006768648138565,120042,,,,,,,
569,0.0,1.0,0.6204165780663479,0.649966418468412,True,,multi_model_broad,,-0.05877758096802834,-0.20782926107286828,0.09027409913681156,-0.03506472883281053,120042,,,,,,,
578,0.0,0.0,0.528449166106585,0.541129455632692,True,,multi_model_broad,,-0.06751858757079748,-0.196149663499489,0.06111248835789401,-0.1661069213092291,120042,,,,,,,
584,1.0,0.0,0.4835230499831929,0.6086690571475216,True,,multi_model_broad,,-0.02625152390293253,-0.20974794735362018,0.15724489954775506,-0.18620539681394355,120042,,,,,,,
588,1.0,1.0,0.6950874683394853,0.6067692377764136,True,,multi_model_broad,,-0.014421708764046342,-0.24393879609866756,0.21509537857057484,0.05151712594740754,120042,,,,,,,
594,0.0,1.0,0.3845124638174599,0.20204826370818607,True,,multi_model_broad,,-0.06870472833029065,-0.2004366990510684,0.06302724239048707,-0.1845762402931477,120042,,,,,,,
599,0.0,1.0,0.5139276407168637,0.3069862927665871,True,,multi_model_broad,,-0.05527273151095703,-0.20851171160035598,0.0979662485784419,-0.017020805613165407,120042,,,,,,,
603,1.0,1.0,0.8760250372770755,0.7245136388321798,True,,multi_model_broad,,-0.0703634010134601,-0.15416864824062934,0.013441846213709127,-0.4064471216929251,120042,,,,,,,
606,0.0,1.0,0.21922940776003394,0.3608687382193187,True,,multi_model_broad,,-0.0444305510895875,-0.12014926173520919,0.03128815955603417,-0.0810499975355446,120042,,,,,,,
607,0.0,0.0,0.2306889141131686,0.41349980578355594,True,,multi_model_broad,,-0.01881007688763457,-0.12421346695072569,0.08659331317545652,-0.20262165996000597,120042,,,,,,,
609,0.0,1.0,0.2303519206028594,0.1661800464978828,True,,multi_model_broad,,-0.022347540926859942,-0.10587986472945762,0.061184782875737705,-0.17815202596793825,120042,,,,,,,
614,1.0,1.0,0.6467946600933504,0.454149402724382,True,,multi_model_broad,,-0.08125718230685208,-0.20680621359423781,0.04429184898053362,0.13800989485438941,120042,,,,,,,
617,1.0,0.0,0.6802572666640975,0.691208308706228,True,,multi_model_broad,,-0.0641869323287944,-0.1862273903215748,0.057853525663985966,-0.32977963417948597,120042,,,,,,,
621,1.0,1.0,0.627291255719527,0.643934722388693,True,,multi_model_broad,,-0.031057882163058673,-0.12374581098292271,0.06163004665680534,-0.10300534475910206,120042,,,,,,,
626,1.0,0.0,0.474501537217078,0.16437460061425205,True,,multi_model_broad,,-0.06935139095074473,-0.21685532241617844,0.07815254051468894,-0.14734105843629364,120042,,,,,,,
638,1.0,0.0,0.2748012559824055,0.1239220657092472,True,,multi_model_broad,,-0.05417629532663544,-0.14793994176093805,0.03958735110766716,-0.028967779075204383,120042,,,,,,,
648,1.0,1.0,0.5446984576494674,0.4969151883647077,True,,multi_model_broad,,-0.034294712299668094,-0.159013764672455,0.09042434007311881,0.22657797391420198,120042,,,,,,,
651,1.0,0.0,0.7414638822974168,0.20735604282143721,True,,multi_model_broad,,-0.043291949260431756,-0.18392189969687722,0.09733800117601368,0.14285091672279376,120042,,,,,,,
656,0.0,0.0,0.28204662460451924,0.4366149382471533,True,,multi_model_broad,,-0.05391106446539273,-0.19385163808151346,0.08602950915072796,0.008071797181922913,120042,,,,,,,
662,0.0,0.0,0.6929571721037661,0.5688028871898342,True,,multi_model_broad,,-0.013848641984252437,-0.13990719403659516,0.11220991006809027,0.12090442381375327,120042,,,,,,,
663,1.0,1.0,0.6304851473044282,0.5835748670106308,True,,multi_model_broad,,-0.038426665841022487,-0.14630158465966847,0.06944825297762346,-0.0006267839972746714,120042,,,,,,,
676,1.0,0.0,0.4599439184764482,0.29878782114157487,True,,multi_model_broad,,-0.07432261075491758,-0.2080008315897479,0.05935561007991269,0.288078314021742,120042,,,,,,,
680,1.0,0.0,0.6829703748258147,0.11385594636738014,True,,multi_model_broad,,-0.061096312647118775,-0.234825559082241,0.11263293378800339,-0.21676132704337042,120042,,,,,,,
684,0.0,0.0,0.5697406984360188,0.19983185070397666,True,,multi_model_broad,,-0.0855880957040135,-0.2472797798170055,0.07610358840897845,-0.09365228131014089,120042,,,,,,,
689,1.0,1.0,0.8868225930045658,0.8706173422583725,True,,multi_model_broad,,-0.01842508978895213,-0.130016486560807,0.09316630698290272,0.028437736123359203,120042,,,,,,,
707,1.0,0.0,0.3095601577041158,0.16574517487960455,True,,multi_model_broad,,-0.07117691708146902,-0.23214067140514277,0.08978683724220467,-0.18261274863827542,120042,,,,,,,
708,0.0,0.0,0.38944180681518387,0.31109833854695346,True,,multi_model_broad,,-0.11595284713756185,-0.2348016537051017,0.0028959594299779595,-0.3033594815556778,120042,,,,,,,
712,0.0,0.0,0.22671743720630477,0.39916050095370287,True,,multi_model_broad,,-0.02287215782975973,-0.13990255826556866,0.09415824260604916,0.20262182932038472,120042,,,,,,,
713,0.0,1.0,0.4479973834356069,0.7899673126686212,True,,multi_model_broad,,-0.038274203035104426,-0.1211048657702575,0.04455645970004864,0.18351149860665072,120042,,,,,,,
723,1.0,1.0,0.8791019779208326,0.6312407840166131,True,,multi_model_broad,,-0.0021770638131946626,-0.10548095611972741,0.10112682849333808,-0.013981278819158116,120042,,,,,,,
735,1.0,1.0,0.7869431386479372,0.5368141960979033,True,,multi_model_broad,,-0.0004354549710743817,-0.07550733436621718,0.07463642442406841,0.2892291597635016,120042,,,,,,,
739,0.0,1.0,0.16567925131260422,0.3625667250095327,True,,multi_model_broad,,-0.027323922836763062,-0.14573307427312304,0.0910852285995969,0.04653584065128688,120042,,,,,,,
743,1.0,0.0,0.6338297786120288,0.6070901283292623,True,,multi_model_broad,,-0.055598125092099084,-0.14539821550319085,0.034201965318992646,-0.3588049137290085,120042,,,,,,,
744,0.0,0.0,0.2696157041235064,0.15264458849958287,True,,multi_model_broad,,-0.03971619109050778,-0.19181029584629652,0.11237791366528094,0.00043827428651807554,120042,,,,,,,
752,1.0,0.0,0.6647472925894883,0.7208329462562315,True,,multi_model_broad,,0.002508421023916129,-0.14591381455291222,0.15093065660074442,-0.048624029853681416,120042,,,,,,,
760,1.0,1.0,0.7134555858731084,0.792566241366111,True,,multi_model_broad,,-0.11866363590648223,-0.20992070393493123,-0.027406567878033222,-0.1049719012824385,120042,,,,,,,
773,1.0,1.0,0.8386940353384825,0.852870223315683,True,,multi_model_broad,,-0.006733876567628326,-0.17657341319948203,0.1631056600642253,-0.05078761983714952,120042,,,,,,,
776,0.0,0.0,0.3345234242308092,0.20533773166060534,True,,multi_model_broad,,-0.0026704829419193664,-0.1635517543907618,0.158210788506923,0.11215936655437345,120042,,,,,,,
779,0.0,0.0,0.3257453007133764,0.22754313436062862,True,,multi_model_broad,,-0.03255890273021048,-0.16308083944650598,0.097963033986085,0.2102850669914252,120042,,,,,,,
781,1.0,1.0,0.6832939038423603,0.63754694937672,True,,multi_model_broad,,-0.06106474621261706,-0.14125544508672996,0.01912595266149584,0.031273744586730046,120042,,,,,,,
782,1.0,0.0,0.7648701537663227,0.4641424883295498,True,,multi_model_broad,,-0.02316858779779697,-0.13963003759304424,0.0932928619974503,-0.27881971225762575,120042,,,,,,,
783,0.0,0.0,0.12172989379204215,0.3168675055683017,True,,multi_model_broad,,-0.03873637072190786,-0.1262276301367435,0.04875488869292778,0.11768093960974968,120042,,,,,,,
798,1.0,1.0,0.5742961575804171,0.7338549270059888,True,,multi_model_broad,,-0.08263766941162375,-0.26175808045775184,0.09648274163450431,-0.012829595656138837,120042,,,,,,,
822,0.0,0.0,0.7417980053932205,0.6367950734915155,True,,multi_model_broad,,0.014847637015741398,-0.15789249307462744,0.1875877671061102,0.15687867128973654,120042,,,,,,,
827,0.0,1.0,0.264977865904604,0.5063020143310597,True,,multi_model_broad,,-0.06960159560662459,-0.19549744881405118,0.05629425760080199,-0.47170840662307595,120042,,,,,,,
839,0.0,0.0,0.4808888128545494,0.1562570180525887,True,,multi_model_broad,,-0.08213025199146837,-0.17120996500104485,0.0069494610181080885,-0.082870305049013,120042,,,,,,,
845,1.0,1.0,0.7067711150558171,0.505484558588421,True,,multi_model_broad,,-0.03475387546337707,-0.14435913965493175,0.07485138872817759,-0.054967122143437575,120042,,,,,,,
848,0.0,0.0,0.1666158023279128,0.2015602546752192,True,,multi_model_broad,,-0.03475695907106934,-0.21298557265967827,0.14347165451753952,0.0857810802170664,120042,,,,,,,
859,1.0,1.0,0.6849906428774399,0.6769103292049636,True,,multi_model_broad,,-0.051258733871543505,-0.1683820430351728,0.06586457529208574,0.10091643251497262,120042,,,,,,,
868,1.0,0.0,0.3082583807209731,0.1535068027524439,True,,multi_model_broad,,-0.08532798017792906,-0.1851677943888165,0.014511834032958373,-0.03768758335333155,120042,,,,,,,
875,1.0,1.0,0.25333963387393715,0.20708796308982624,True,,multi_model_broad,,-0.012696600548324832,-0.11897979169539132,0.09358659059874162,0.2750351541256375,120042,,,,,,,
892,0.0,0.0,0.6313698695873204,0.23382463068565157,True,,multi_model_broad,,-0.09342100986323491,-0.2036609922148593,0.016818972488389455,-0.4218944972490402,120042,,,,,,,
893,0.0,1.0,0.45589257876268896,0.39302832109664,True,,multi_model_broad,,-0.08342758479265112,-0.16835068627441496,0.0014955166891126997,-0.13899119129057289,120042,,,,,,,
898,1.0,1.0,0.49462645872228006,0.3547315126470555,True,,multi_model_broad,,-0.024626079161625018,-0.1226647002555027,0.07341254193225266,0.11489019733853345,120042,,,,,,,
908,1.0,1.0,0.59795154629418,0.5465323047791424,True,,multi_model_broad,,-0.06802529443489572,-0.1693150075321427,0.03326441866235126,0.2700079153490359,120042,,,,,,,
913,0.0,0.0,0.4590740424682504,0.15303561997525103,True,,multi_model_broad,,-0.007030003459037553,-0.12976107690312555,0.1157010699850504,0.5763362625455206,120042,,,,,,,
915,1.0,1.0,0.8444617337210738,0.7902472579186703,True,,multi_model_broad,,-0.015238889379655762,-0.16539901434187382,0.13492123558256225,-0.10460704553612188,120042,,,,,,,
924,0.0,1.0,0.11064807383603614,0.35875496457481376,True,,multi_model_broad,,-0.045197285542925396,-0.1565578950166193,0.06616332393076849,-0.03518580558050255,120042,,,,,,,
929,1.0,0.0,0.6634216252210545,0.5571596280328351,True,,multi_model_broad,,-0.001193141311463098,-0.15940105552454353,0.1570147729016173,-0.2246108655442407,120042,,,,,,,
934,0.0,0.0,0.17588820990102041,0.1479102128392838,True,,multi_model_broad,,-0.08100385140531996,-0.19480760536228992,0.032799902551649954,-0.17923562100166213,120042,,,,,,,
955,1.0,1.0,0.7279935351733413,0.7193079523925068,True,,multi_model_broad,,-0.07702343947305311,-0.31032863875735733,0.15628175981125103,-0.4074361291328243,120042,,,,,,,
960,1.0,1.0,0.516353381546526,0.48744897008899524,True,,multi_model_broad,,0.040967795406519014,-0.1318563470952174,0.21379193790825538,0.30302428580824725,120042,,,,,,,
961,0.0,1.0,0.5952214322323915,0.2839526673389449,True,,multi_model_broad,,-0.03983045333706045,-0.16506320716088888,0.08540230048676795,-0.17386110854674186,120042,,,,,,,
967,0.0,0.0,0.7111062328377343,0.6026371727046967,True,,multi_model_broad,,-0.035584907816604484,-0.15218229040223985,0.08101247476903087,0.11315424130412288,120042,,,,,,,
976,0.0,0.0,0.22296580907529134,0.08518100874594803,True,,multi_model_broad,,-0.06745895430842669,-0.18304512401882525,0.048127215401971846,-0.10435438224184548,120042,,,,,,,
977,1.0,0.0,0.8795089744048036,0.5493546289655924,True,,multi_model_broad,,-0.06088258269002004,-0.16296197253258748,0.041196807152547386,0.2172265382051104,120042,,,,,,,
980,1.0,1.0,0.7845093011134376,0.5285083827381312,True,,multi_model_broad,,-0.04089710263783782,-0.24669186782971494,0.16489766255403926,-0.1328309937568829,120042,,,,,,,
986,1.0,0.0,0.6842931095653495,0.4407593834478375,True,,multi_model_broad,,-0.06921308478928369,-0.200271064291292,0.06184489471272457,-0.21930664730454208,120042,,,,,,,
987,0.0,0.0,0.4937146818591577,0.41011618555896223,True,,multi_model_broad,,-0.06870661161985626,-0.2124127133367379,0.07499949009702532,0.16537846499403014,120042,,,,,,,
989,0.0,0.0,0.502114524477848,0.4557268144672463,True,,multi_model_broad,,-0.082877261954508,-0.17507710887485772,0.009322584965841707,-0.22553091570484401,120042,,,,,,,
5,1.0,1.0,0.6377114402121038,0.34254974755376194,True,1.0,current_joint,1.0,0.04202751017262839,-0.08348848481588243,0.1675435051611392,0.29544125881310984,1120042,,,,,,,
12,0.0,1.0,0.40864594703941975,0.30002689738786964,True,1.0,current_joint,1.0,-0.0030263993057401137,-0.13899628338190245,0.1329434847704222,-0.1020346687031714,1120042,,,,,,,
15,1.0,0.0,0.5202019068490832,0.11807387106554294,True,1.0,current_joint,1.0,-0.06505085903337426,-0.18625221562467614,0.0561504975579276,-0.003080297422145953,1120042,,,,,,,
30,0.0,0.0,0.5746897562690604,0.24295906763714584,True,1.0,current_joint,1.0,-0.0660639687199981,-0.17581324615350707,0.043685308713510854,-0.15824629257148742,1120042,,,,,,,
39,1.0,0.0,0.6048933776872666,0.3441516064005722,True,1.0,current_joint,1.0,-0.0210711841333689,-0.15239930773687477,0.11025693947013696,-0.0787740414269622,1120042,,,,,,,
40,0.0,0.0,0.3543801765148926,0.35057432062020416,True,1.0,current_joint,1.0,0.0009604534687015476,-0.1322515887793877,0.13417249571679077,0.060474988513839145,1120042,,,,,,,
43,1.0,0.0,0.7309350546172592,0.38618933830050256,True,1.0,current_joint,1.0,-0.06020234298582968,-0.20028867474256476,0.07988398877090536,-0.19702180525731344,1120042,,,,,,,
45,0.0,0.0,0.2877857978025763,0.3689753372039217,True,1.0,current_joint,1.0,-0.04628111628124002,-0.2248746025138963,0.13231236995141624,0.13139903885494988,1120042,,,,,,,
48,1.0,1.0,0.4640558918721573,0.5888245392655549,True,1.0,current_joint,1.0,-0.10106172259810178,-0.22941974458131456,0.027296299385110967,-0.02351093248221392,1120042,,,,,,,
63,1.0,0.0,0.493740643635318,0.20164355626544486,True,1.0,current_joint,1.0,-0.09523559008221491,-0.23040166164356343,0.039930481479133584,-0.08061850681857732,1120042,,,,,,,
67,1.0,1.0,0.4135078007326209,0.532633707078535,True,1.0,current_joint,1.0,-0.06196451936117993,-0.21597210384965776,0.09204306512729789,-0.4040936263411786,1120042,,,,,,,
69,0.0,0.0,0.46600337273861786,0.48630868982475617,True,1.0,current_joint,1.0,-0.09320727210102173,-0.2862283456317176,0.09981380142967408,-0.2535047085663173,1120042,,,,,,,
72,1.0,0.0,0.5908011295185976,0.3649110295452353,True,1.0,current_joint,1.0,-0.10165296674961496,-0.2507458845304662,0.047439951031236244,0.03393963416448598,1120042,,,,,,,
75,1.0,0.0,0.8971971121686327,0.590906090484836,True,1.0,current_joint,1.0,0.05807795722944205,-0.030987539252274474,0.14714345371115856,-0.21905044290968123,1120042,,,,,,,
93,0.0,1.0,0.23435593073816172,0.3708737195266814,True,1.0,current_joint,1.0,-0.07059441458629442,-0.23879275873388922,0.09760392956130032,-0.24763340158643393,1120042,,,,,,,
115,0.0,0.0,0.417662784829503,0.3560754401295836,True,1.0,current_joint,1.0,-0.0870233832086084,-0.3516130775996532,0.17756631118243632,-0.036066766855671034,1120042,,,,,,,
116,0.0,1.0,0.2300810466125331,0.24524587329350514,True,1.0,current_joint,1.0,-0.1358977471412905,-0.22014799273279928,-0.05164750154978172,-0.014342061446469406,1120042,,,,,,,
121,1.0,0.0,0.829551555662928,0.5644650903605791,True,1.0,current_joint,1.0,-0.09765978704675558,-0.17485880991553815,-0.020460764177973045,-0.578150415838105,1120042,,,,,,,
122,1.0,0.0,0.6628130336914178,0.16757719199669627,True,1.0,current_joint,1.0,-0.1049255226390127,-0.20482963479851063,-0.005021410479514793,-0.1662835077113541,1120042,,,,,,,
123,0.0,1.0,0.39744562120923743,0.39243083175848403,True,1.0,current_joint,1.0,0.02430908553004633,-0.15021360928827227,0.19883178034836488,0.03246765507545743,1120042,,,,,,,
126,0.0,0.0,0.2904388139791195,0.3909132072928165,True,1.0,current_joint,1.0,-0.13686561310930537,-0.288418122870175,0.014686896651564196,-0.3010231687743369,1120042,,,,,,,
130,0.0,0.0,0.26863216138852986,0.21849460988274513,True,1.0,current_joint,1.0,0.04117175791034046,-0.0645332131880027,0.1468767290086836,0.006309753656425152,1120042,,,,,,,
137,0.0,0.0,0.19104229057139868,0.136704195001431,True,1.0,current_joint,1.0,-0.043679126971653735,-0.12661948922633703,0.03926123528302954,-0.035394603233024145,1120042,,,,,,,
145,1.0,0.0,0.4660143956373304,0.44212132263226617,True,1.0,current_joint,1.0,0.020576979244081854,-0.07086551332242419,0.11201947181058788,-0.33769143797714973,1120042,,,,,,,
151,0.0,1.0,0.5191771574449675,0.4662585530143542,True,1.0,current_joint,1.0,-0.06002832480288875,-0.2164165092482561,0.09635985964247853,-0.31487008056515453,1120042,,,,,,,
162,0.0,0.0,0.5856731783723788,0.5989655969474362,True,1.0,current_joint,1.0,-0.08389494292628397,-0.32937260458078743,0.16158271872821942,-0.1770906937214045,1120042,,,,,,,
167,0.0,1.0,0.6272436550256896,0.707639467658466,True,1.0,current_joint,1.0,-0.07261939835003942,-0.20489176652340502,0.05965296982332616,0.060419762402974864,1120042,,,,,,,
169,1.0,1.0,0.718421807752594,0.8744463758885973,True,1.0,current_joint,1.0,-0.1004198009592307,-0.2251327058720759,0.02429310395361449,-0.059438745764093026,1120042,,,,,,,
180,1.0,1.0,0.8672668628184429,0.5657293381904667,True,1.0,current_joint,1.0,-0.12032887098859835,-0.2674662738797844,0.026808531902587696,0.07214620573564456,1120042,,,,,,,
186,1.0,0.0,0.5911390146431826,0.5179879989770028,True,1.0,current_joint,1.0,0.021801956825186628,-0.09700895500482194,0.14061286865519518,-0.34838730337294177,1120042,,,,,,,
193,0.0,0.0,0.40023106047420476,0.1550758670471376,True,1.0,current_joint,1.0,-0.14451780169201997,-0.3626378768122015,0.0736022734281615,-0.07790570380726344,1120042,,,,,,,
196,0.0,0.0,0.4779684453454312,0.4063942925546509,True,1.0,current_joint,1.0,-0.013796525802436748,-0.1695035537913562,0.14191050218648263,0.18500422317417548,1120042,,,,,,,
198,0.0,0.0,0.14587366590344183,0.3168318250125152,True,1.0,current_joint,1.0,-0.1547745197207807,-0.318704046335368,0.009155006893806494,-0.09796041668062988,1120042,,,,,,,
205,1.0,1.0,0.889667935890094,0.4157414662695457,True,1.0,current_joint,1.0,-0.03604409515529635,-0.11332668904129203,0.04123849873069931,0.10039000345163385,1120042,,,,,,,
208,1.0,1.0,0.37917397054309765,0.6227098092939151,True,1.0,current_joint,1.0,-0.06383754454562103,-0.2299482418921177,0.10227315280087561,-0.38364186382161225,1120042,,,,,,,
211,0.0,0.0,0.231401125726331,0.22905857404779453,True,1.0,current_joint,1.0,0.03196320674935733,-0.06254302993720415,0.1264694434359188,0.039362356322426656,1120042,,,,,,,
229,0.0,0.0,0.35491053100236486,0.18642819332391197,True,1.0,current_joint,1.0,-0.08988411536001314,-0.22382155421296956,0.04405332349294325,-0.0181111175885878,1120042,,,,,,,
237,0.0,1.0,0.3187585270756577,0.6861105920384603,True,1.0,current_joint,1.0,0.07239211784912081,-0.08240225368629905,0.22718648938454064,0.014677238537030401,1120042,,,,,,,
241,1.0,0.0,0.33880276994038705,0.4470269612145222,True,1.0,current_joint,1.0,-0.09226197357656148,-0.1794888273368785,-0.005035119816244493,-0.2359562924134932,1120042,,,,,,,
250,1.0,1.0,0.8428866494274864,0.703627059039757,True,1.0,current_joint,1.0,-0.06096629046717087,-0.2154678570244249,0.09353527609008314,-0.14381661120733635,1120042,,,,,,,
254,0.0,1.0,0.20839292854203073,0.24099446092279211,True,1.0,current_joint,1.0,-0.012880038984993868,-0.1353691983508834,0.10960912038089565,0.11029612787953566,1120042,,,,,,,
261,0.0,0.0,0.25783316789758004,0.1812073244799295,True,1.0,current_joint,1.0,0.06572228734767477,-0.10031149933244896,0.23175607402779844,0.31285754382566056,1120042,,,,,,,
264,1.0,1.0,0.5133701154893368,0.5783417591739412,True,1.0,current_joint,1.0,-0.08866727089819294,-0.21407295839138324,0.03673841659499734,0.10130985419071503,1120042,,,,,,,
265,0.0,0.0,0.4673440107611287,0.3563794093146026,True,1.0,current_joint,1.0,-0.12101385610514784,-0.250478383059344,0.008450670849048297,-0.19966649402570194,1120042,,,,,,,
270,0.0,0.0,0.34874073775724557,0.20171397701955088,True,1.0,current_joint,1.0,-0.06308323716923801,-0.15563892593670597,0.02947245159822992,-0.05981133747776573,1120042,,,,,,,
271,1.0,0.0,0.8208015211662028,0.8654343342544495,True,1.0,current_joint,1.0,-0.049284458167362655,-0.20234815194468786,0.10377923560996252,-0.027407061388611043,1120042,,,,,,,
277,1.0,1.0,0.8458274757149049,0.5796784555469318,True,1.0,current_joint,1.0,-0.058349967806112076,-0.20563939214533705,0.08893945653311289,0.19707323380293573,1120042,,,,,,,
282,0.0,0.0,0.4968539889905682,0.48950108386632263,True,1.0,current_joint,1.0,0.026419220780881783,-0.05937013178019461,0.11220857334195815,0.2904593735133494,1120042,,,,,,,
284,0.0,1.0,0.26169668314489575,0.48044735559495144,True,1.0,current_joint,1.0,-0.036618130533169674,-0.13605837585645655,0.06282211479011718,0.18518688543613304,1120042,,,,,,,
288,1.0,0.0,0.7511605014707504,0.5824804714021297,True,1.0,current_joint,1.0,-0.04603837201103448,-0.16482349273768254,0.07274674871561357,0.004640120746827181,1120042,,,,,,,
294,1.0,1.0,0.8164796270017057,0.49031264913350026,True,1.0,current_joint,1.0,-0.1127679007032876,-0.28420261615758213,0.05866681475100688,-0.34951026332690505,1120042,,,,,,,
318,0.0,0.0,0.6636540076542939,0.5705544669325786,True,1.0,current_joint,1.0,-0.04235917360334046,-0.12338581224184728,0.03866746503516634,-0.20199985734703257,1120042,,,,,,,
319,1.0,1.0,0.8930296774091446,0.7555478412559756,True,1.0,current_joint,1.0,-0.09543992489137978,-0.20014628092347642,0.009266431140716819,0.04278373950332526,1120042,,,,,,,
328,0.0,1.0,0.39432924248177276,0.18948303187203663,True,1.0,current_joint,1.0,0.045882203856617385,-0.030499342295374987,0.12226375000860973,0.10327243996857394,1120042,,,,,,,
334,0.0,0.0,0.32003853805723764,0.2875355167491368,True,1.0,current_joint,1.0,-0.04782514071813421,-0.1382815343368985,0.04263125290063004,-0.1484375342195409,1120042,,,,,,,
339,0.0,1.0,0.6907306329755005,0.5644583916735121,True,1.0,current_joint,1.0,-0.046296518754034226,-0.13314662687815076,0.040553589370082306,-0.04096418254395162,1120042,,,,,,,
343,1.0,1.0,0.7122793784860058,0.5155210187085154,True,1.0,current_joint,1.0,-0.06916979282102441,-0.2727036512647371,0.1343640656226882,-0.252500407706424,1120042,,,,,,,
346,0.0,0.0,0.4668878241550569,0.33951763988107997,True,1.0,current_joint,1.0,0.018808074461342795,-0.06697978382047257,0.10459593274315813,0.021257549177203516,1120042,,,,,,,
347,0.0,1.0,0.20263826870260368,0.2637419376444213,True,1.0,current_joint,1.0,-0.15244532057622376,-0.23036833174025503,-0.0745223094121925,0.0718545920669893,1120042,,,,,,,
349,0.0,1.0,0.7980010545149436,0.6771543356924604,True,1.0,current_joint,1.0,-0.09330432300334966,-0.20403991095311125,0.01743126494641188,0.03268878550218324,1120042,,,,,,,
354,1.0,0.0,0.532805219686784,0.2924577715670299,True,1.0,current_joint,1.0,-0.06084073505535666,-0.16283838938700612,0.04115691927629278,-0.14297135067526034,1120042,,,,,,,
357,1.0,1.0,0.6408274001124588,0.2999253159315922,True,1.0,current_joint,1.0,-0.10721798139640146,-0.2058005183737867,-0.00863544441901623,0.1013446835796018,1120042,,,,,,,
360,1.0,0.0,0.3477877504865826,0.3387807653978252,True,1.0,current_joint,1.0,-0.08697396840376792,-0.269169647747876,0.0952217109403401,-0.20995476861796994,1120042,,,,,,,
361,0.0,0.0,0.29661108176182654,0.23059339157774011,True,1.0,current_joint,1.0,-0.023724631230726944,-0.13764206452076228,0.09019280205930837,-0.0406445885166562,1120042,,,,,,,
365,1.0,0.0,0.6049751553904226,0.2863717839207137,True,1.0,current_joint,1.0,-0.05401171441810555,-0.21805273466662622,0.1100293058304151,-0.3344524588585174,1120042,,,,,,,
368,1.0,0.0,0.6849883638981021,0.32733973117530735,True,1.0,current_joint,1.0,-0.01973852601835937,-0.15786844653217902,0.11839139449546021,-0.05427466854280549,1120042,,,,,,,
370,1.0,0.0,0.19790340240759838,0.10800260009836761,True,1.0,current_joint,1.0,-0.050681029951426745,-0.25048721268675855,0.14912515278390504,-0.11224918810400103,1120042,,,,,,,
380,0.0,1.0,0.7471666727680591,0.4674264398886901,True,1.0,current_joint,1.0,-0.06874891659610917,-0.17861780902655688,0.041119975834338504,-0.4595323870462047,1120042,,,,,,,
384,1.0,1.0,0.6900728481780237,0.5112597274821526,True,1.0,current_joint,1.0,0.010411574531588964,-0.08117114620609205,0.10199429526926994,0.0703099140074529,1120042,,,,,,,
392,1.0,1.0,0.7956043945971023,0.7308406047876336,True,1.0,current_joint,1.0,-0.05950121738337767,-0.16323308760084426,0.04423065283408889,0.0859568948245617,1120042,,,,,,,
398,0.0,1.0,0.3206138626697417,0.45685223927714724,True,1.0,current_joint,1.0,-0.012133388403512085,-0.12254595343158416,0.09827917662455997,-0.3498504475078327,1120042,,,,,,,
409,0.0,0.0,0.18337791691798333,0.4439000770292082,True,1.0,current_joint,1.0,-0.053819115784943035,-0.20318899947995842,0.09555076791007233,0.14554265152238055,1120042,,,,,,,
422,1.0,1.0,0.4374280553015159,0.34871246199525907,True,1.0,current_joint,1.0,0.011330061834062445,-0.15026193870784582,0.17292206237597066,0.04875396248008518,1120042,,,,,,,
424,1.0,0.0,0.6770097302582416,0.7052642761137701,True,1.0,current_joint,1.0,-0.10678989573713957,-0.2385686102066592,0.02498881873238004,-0.411950972386599,1120042,,,,,,,
431,1.0,1.0,0.4372491262168222,0.6279412483546116,True,1.0,current_joint,1.0,-0.09703818304911083,-0.2392883436160931,0.04521197751787143,-0.32665406706368566,1120042,,,,,,,
433,0.0,0.0,0.10525170726096475,0.10427304962006238,True,1.0,current_joint,1.0,-0.1374609382902704,-0.2674442192448403,-0.007477657335700494,-0.03402153155820689,1120042,,,,,,,
435,0.0,1.0,0.4409894527049854,0.6729711349557012,True,1.0,current_joint,1.0,-0.053562543805145725,-0.14299463898485637,0.0358695513745649,-0.10742312894197681,1120042,,,,,,,
446,1.0,0.0,0.2790381570542702,0.16375999330593335,True,1.0,current_joint,1.0,-0.02258110204544876,-0.1660526238691838,0.12089041977828625,-0.06432527410523083,1120042,,,,,,,
447,1.0,1.0,0.536835214889051,0.5503554221394807,True,1.0,current_joint,1.0,-0.019621235007852813,-0.1761329264365769,0.13689045642087122,0.034144994760945346,1120042,,,,,,,
451,1.0,1.0,0.7690955084071955,0.6112206494377056,True,1.0,current_joint,1.0,-0.07050491267742559,-0.2193541395078616,0.07834431415301035,-0.17663563846118313,1120042,,,,,,,
460,1.0,0.0,0.39094770965443404,0.27994469973743064,True,1.0,current_joint,1.0,-0.06759819231862112,-0.26236624741836645,0.1271698627811242,-0.15089969081385596,1120042,,,,,,,
462,0.0,0.0,0.4757820881301206,0.3798226570352518,True,1.0,current_joint,1.0,0.02473436472698059,-0.1716317446209861,0.22110047407494726,-0.02877369342676961,1120042,,,,,,,
465,0.0,1.0,0.4312755600906261,0.6491876730428766,True,1.0,current_joint,1.0,-0.04735411653596556,-0.12401794250188189,0.029309709429950752,-0.07352311822592295,1120042,,,,,,,
467,0.0,0.0,0.2562069965782711,0.26684038260745196,True,1.0,current_joint,1.0,-0.12516901735244754,-0.2767880359060488,0.026450001201153678,0.18109530692018136,1120042,,,,,,,
468,1.0,0.0,0.44882293786932376,0.4590625162462623,True,1.0,current_joint,1.0,-0.03084304612004033,-0.1931592956240128,0.13147320338393212,-0.36394341785118856,1120042,,,,,,,
474,0.0,0.0,0.4334979519869535,0.38280401600429703,True,1.0,current_joint,1.0,-0.04349799794870127,-0.17629163464145156,0.089295638744049,0.27024214191256124,1120042,,,,,,,
478,1.0,0.0,0.5739982744039367,0.2947270948162633,True,1.0,current_joint,1.0,-0.06311934870475151,-0.1529116021346818,0.026672904725178748,-0.14113139488284232,1120042,,,,,,,
481,0.0,1.0,0.5087083360409932,0.40825501741027925,True,1.0,current_joint,1.0,-0.07608833146353447,-0.21655716619269919,0.06438050326563022,0.24256774419822325,1120042,,,,,,,
486,1.0,1.0,0.7441202307802978,0.6148549412893181,True,1.0,current_joint,1.0,-0.07253590938875204,-0.17428547670126893,0.029213657923764805,-0.6892153014395378,1120042,,,,,,,
487,1.0,1.0,0.8467975192157075,0.5866738910251524,True,1.0,current_joint,1.0,-0.02739806596052357,-0.14877573389451917,0.093979601973472,-0.028156691615068175,1120042,,,,,,,
498,0.0,0.0,0.3020648921646804,0.1979830251548477,True,1.0,current_joint,1.0,-0.10713089075822131,-0.2817108370380034,0.06744905552156079,-0.1062618189134249,1120042,,,,,,,
503,0.0,0.0,0.3446948747805175,0.2658055219729751,True,1.0,current_joint,1.0,-0.031162788270363808,-0.12729239587888883,0.06496681933816117,-0.16728505428348134,1120042,,,,,,,
507,1.0,1.0,0.8311033999506614,0.7945564212316646,True,1.0,current_joint,1.0,-0.041330071348809005,-0.13693961831005436,0.05427947561243632,-0.030854928811506976,1120042,,,,,,,
508,0.0,0.0,0.5229332692489086,0.2601699446166555,True,1.0,current_joint,1.0,-0.15250695565249825,-0.2454237290023258,-0.05959018230267071,-0.05620972089686527,1120042,,,,,,,
514,1.0,1.0,0.8270038617254091,0.6943390637417084,True,1.0,current_joint,1.0,-0.05681245048411706,-0.21423165787298562,0.10060675690475146,-0.061478120138046544,1120042,,,,,,,
526,0.0,0.0,0.15782593929996835,0.13044474411998602,True,1.0,current_joint,1.0,-0.0016667269633493013,-0.1337608878265371,0.1304274338998385,0.020299231269924375,1120042,,,,,,,
528,1.0,1.0,0.6647472925894883,0.7352516088728809,True,1.0,current_joint,1.0,0.008777009394352964,-0.0845870941782521,0.10214111296695802,-0.3151680255715663,1120042,,,,,,,
532,1.0,0.0,0.5659465902283147,0.4305883970188177,True,1.0,current_joint,1.0,-0.15093159375841006,-0.29602127839701575,-0.005841909119804395,-0.5334643262344162,1120042,,,,,,,
534,0.0,1.0,0.6356185713393279,0.49570608184298615,True,1.0,current_joint,1.0,0.07756422777308987,-0.07090391844581372,0.22603237399199344,0.13543398492073888,1120042,,,,,,,
535,0.0,0.0,0.6385549390569282,0.3491581541021244,True,1.0,current_joint,1.0,-0.04191005421137616,-0.14043499813492286,0.056614889712170526,0.03704061610492676,1120042,,,,,,,
538,1.0,0.0,0.7165422603028302,0.5565385298635452,True,1.0,current_joint,1.0,0.0005821521238077057,-0.17237258518124082,0.1735368894288562,-0.06212851278558973,1120042,,,,,,,
539,0.0,1.0,0.3919352408994978,0.39807883890515544,True,1.0,current_joint,1.0,-0.05696390114460047,-0.31016228229419424,0.19623448000499316,-0.11126006308263126,1120042,,,,,,,
546,0.0,0.0,0.30246911548946265,0.1674140399970113,True,1.0,current_joint,1.0,-0.06786181069047534,-0.23143257862429825,0.09570895724334755,-0.06620608679353736,1120042,,,,,,,
549,1.0,0.0,0.737809295603759,0.4018100071172399,True,1.0,current_joint,1.0,-0.04137326210460448,-0.1876756735356971,0.10492914932648809,-0.22605679180368443,1120042,,,,,,,
550,0.0,0.0,0.22968620364065134,0.12507868829739605,True,1.0,current_joint,1.0,-0.11075567759475628,-0.24507531025383084,0.02356395506431823,-0.08381602753461014,1120042,,,,,,,
552,1.0,0.0,0.5131292585651384,0.19044531066663345,True,1.0,current_joint,1.0,-0.07504204771065122,-0.16141758424871488,0.011333488827412419,0.08753892270289004,1120042,,,,,,,
559,1.0,0.0,0.6085123450001269,0.405681505096466,True,1.0,current_joint,1.0,-0.060530004137185026,-0.1718415411874321,0.05078153291306206,-0.36576085048430995,1120042,,,,,,,
560,1.0,1.0,0.8655555287273489,0.6294406160354643,True,1.0,current_joint,1.0,-0.06252872109905347,-0.19667243988014002,0.07161499768203303,-0.06469990771798673,1120042,,,,,,,
561,1.0,0.0,0.6004522932294956,0.25193874811218325,True,1.0,current_joint,1.0,-0.014158110118076338,-0.11331967229569978,0.08500345205954707,-0.14847635272894044,1120042,,,,,,,
563,0.0,0.0,0.34977696900330585,0.3001244011940171,True,1.0,current_joint,1.0,-0.10942829835524345,-0.21361446944645712,-0.005242127264029783,0.08723419972137467,1120042,,,,,,,
568,1.0,1.0,0.8420165704415828,0.7241993149028411,True,1.0,current_joint,1.0,-0.17351859989569754,-0.2548474832884405,-0.09218971650295461,-0.11006768648138565,1120042,,,,,,,
569,0.0,1.0,0.6204165780663479,0.649966418468412,True,1.0,current_joint,1.0,-0.11154034888665493,-0.2772440619503096,0.05416336417699971,-0.03506472883281053,1120042,,,,,,,
578,0.0,0.0,0.528449166106585,0.541129455632692,True,1.0,current_joint,1.0,-0.023523586913961916,-0.11358619909279051,0.06653902526486666,-0.1661069213092291,1120042,,,,,,,
584,1.0,0.0,0.4835230499831929,0.6086690571475216,True,1.0,current_joint,1.0,0.057987301031826526,-0.08540526529632261,0.20137986735997565,-0.18620539681394355,1120042,,,,,,,
588,1.0,1.0,0.6950874683394853,0.6067692377764136,True,1.0,current_joint,1.0,-0.0205838419061707,-0.09697237153965783,0.05580468772731642,0.05151712594740754,1120042,,,,,,,
594,0.0,1.0,0.3845124638174599,0.20204826370818607,True,1.0,current_joint,1.0,-0.10374168962717048,-0.24610132976455107,0.03861795051021008,-0.1845762402931477,1120042,,,,,,,
599,0.0,1.0,0.5139276407168637,0.3069862927665871,True,1.0,current_joint,1.0,-0.002338564602629386,-0.18480137587730872,0.18012424667204993,-0.017020805613165407,1120042,,,,,,,
603,1.0,1.0,0.8760250372770755,0.7245136388321798,True,1.0,current_joint,1.0,-0.12705381677744582,-0.22964615476276756,-0.024461478792124083,-0.4064471216929251,1120042,,,,,,,
606,0.0,1.0,0.21922940776003394,0.3608687382193187,True,1.0,current_joint,1.0,0.02245360961087528,-0.07835189585463805,0.12325911507638859,-0.0810499975355446,1120042,,,,,,,
607,0.0,0.0,0.2306889141131686,0.41349980578355594,True,1.0,current_joint,1.0,-0.05695095264168474,-0.27162871438611935,0.15772680910274983,-0.20262165996000597,1120042,,,,,,,
609,0.0,1.0,0.2303519206028594,0.1661800464978828,True,1.0,current_joint,1.0,0.024681064038627094,-0.19916986364685427,0.24853199172410842,-0.17815202596793825,1120042,,,,,,,
614,1.0,1.0,0.6467946600933504,0.454149402724382,True,1.0,current_joint,1.0,-0.12918465472986573,-0.21958616658140298,-0.038783142878328514,0.13800989485438941,1120042,,,,,,,
617,1.0,0.0,0.6802572666640975,0.691208308706228,True,1.0,current_joint,1.0,-0.07869130420815104,-0.22168053739372548,0.06429792897742337,-0.32977963417948597,1120042,,,,,,,
621,1.0,1.0,0.627291255719527,0.643934722388693,True,1.0,current_joint,1.0,-0.1135378463965309,-0.24359712992476007,0.01652143713169825,-0.10300534475910206,1120042,,,,,,,
626,1.0,0.0,0.474501537217078,0.16437460061425205,True,1.0,current_joint,1.0,-0.08006867982501686,-0.2740551952295214,0.11391783557948762,-0.14734105843629364,1120042,,,,,,,
638,1.0,0.0,0.2748012559824055,0.1239220657092472,True,1.0,current_joint,1.0,-0.0672644361798597,-0.18591350494118108,0.05138463258146167,-0.028967779075204383,1120042,,,,,,,
648,1.0,1.0,0.5446984576494674,0.4969151883647077,True,1.0,current_joint,1.0,-0.0860464901599847,-0.17512238978019176,0.003029409460222357,0.22657797391420198,1120042,,,,,,,
651,1.0,0.0,0.7414638822974168,0.20735604282143721,True,1.0,current_joint,1.0,-0.13277273941373283,-0.2801327989034962,0.014587320076030502,0.14285091672279376,1120042,,,,,,,
656,0.0,0.0,0.28204662460451924,0.4366149382471533,True,1.0,current_joint,1.0,-0.022352804967710808,-0.15883656850217528,0.11413095856675365,0.008071797181922913,1120042,,,,,,,
662,0.0,0.0,0.6929571721037661,0.5688028871898342,True,1.0,current_joint,1.0,-0.03793865479230544,-0.20860554530202,0.13272823571740908,0.12090442381375327,1120042,,,,,,,
663,1.0,1.0,0.6304851473044282,0.5835748670106308,True,1.0,current_joint,1.0,-0.04314300575333776,-0.13376180037435687,0.04747578886768133,-0.0006267839972746714,1120042,,,,,,,
676,1.0,0.0,0.4599439184764482,0.29878782114157487,True,1.0,current_joint,1.0,-0.032358595511664964,-0.18639615644228064,0.12167896541895067,0.288078314021742,1120042,,,,,,,
680,1.0,0.0,0.6829703748258147,0.11385594636738014,True,1.0,current_joint,1.0,0.030651622909228755,-0.11211803784767611,0.1734212836661336,-0.21676132704337042,1120042,,,,,,,
684,0.0,0.0,0.5697406984360188,0.19983185070397666,True,1.0,current_joint,1.0,-0.06142087070307306,-0.14400168166932442,0.02115994026317826,-0.09365228131014089,1120042,,,,,,,
689,1.0,1.0,0.8868225930045658,0.8706173422583725,True,1.0,current_joint,1.0,-0.10141567000718855,-0.19386068261136663,-0.008970657403010493,0.028437736123359203,1120042,,,,,,,
707,1.0,0.0,0.3095601577041158,0.16574517487960455,True,1.0,current_joint,1.0,-0.10233992184645378,-0.31064393633222404,0.1059640926393164,-0.18261274863827542,1120042,,,,,,,
708,0.0,0.0,0.38944180681518387,0.31109833854695346,True,1.0,current_joint,1.0,-0.05563947478308256,-0.22511661873469307,0.11383766916852792,-0.3033594815556778,1120042,,,,,,,
712,0.0,0.0,0.22671743720630477,0.39916050095370287,True,1.0,current_joint,1.0,0.090831342798096,-0.029939206655958853,0.21160189225215081,0.20262182932038472,1120042,,,,,,,
713,0.0,1.0,0.4479973834356069,0.7899673126686212,True,1.0,current_joint,1.0,0.030971737836554034,-0.20754982307022218,0.2694932987433302,0.18351149860665072,1120042,,,,,,,
723,1.0,1.0,0.8791019779208326,0.6312407840166131,True,1.0,current_joint,1.0,0.14329447107571766,0.000292682896983365,0.2862962592544519,-0.013981278819158116,1120042,,,,,,,
735,1.0,1.0,0.7869431386479372,0.5368141960979033,True,1.0,current_joint,1.0,-0.025297615722031156,-0.18611404029426565,0.13551880885020332,0.2892291597635016,1120042,,,,,,,
739,0.0,1.0,0.16567925131260422,0.3625667250095327,True,1.0,current_joint,1.0,-0.03040732610715985,-0.25453627098304277,0.19372161876872301,0.04653584065128688,1120042,,,,,,,
743,1.0,0.0,0.6338297786120288,0.6070901283292623,True,1.0,current_joint,1.0,-0.05693324529817392,-0.2317842731507895,0.11791778255444163,-0.3588049137290085,1120042,,,,,,,
744,0.0,0.0,0.2696157041235064,0.15264458849958287,True,1.0,current_joint,1.0,-0.10640744795707352,-0.262722035233859,0.04990713931971194,0.00043827428651807554,1120042,,,,,,,
752,1.0,0.0,0.6647472925894883,0.7208329462562315,True,1.0,current_joint,1.0,0.011007623536915853,-0.11775561565368999,0.13977086272752165,-0.048624029853681416,1120042,,,,,,,
760,1.0,1.0,0.7134555858731084,0.792566241366111,True,1.0,current_joint,1.0,-0.09655905820485887,-0.19851404777794512,0.005395931368227344,-0.1049719012824385,1120042,,,,,,,
773,1.0,1.0,0.8386940353384825,0.852870223315683,True,1.0,current_joint,1.0,3.931606905993807e-05,-0.1483056793921386,0.1483843115302584,-0.05078761983714952,1120042,,,,,,,
776,0.0,0.0,0.3345234242308092,0.20533773166060534,True,1.0,current_joint,1.0,0.02702549001535319,-0.1520702746637202,0.20612125469442655,0.11215936655437345,1120042,,,,,,,
779,0.0,0.0,0.3257453007133764,0.22754313436062862,True,1.0,current_joint,1.0,-0.13165720119015434,-0.28082069643898744,0.017506294058678762,0.2102850669914252,1120042,,,,,,,
781,1.0,1.0,0.6832939038423603,0.63754694937672,True,1.0,current_joint,1.0,-0.036182534612467065,-0.27115280126323404,0.19878773203829983,0.031273744586730046,1120042,,,,,,,
782,1.0,0.0,0.7648701537663227,0.4641424883295498,True,1.0,current_joint,1.0,0.02429460713702935,-0.10569771665618191,0.1542869309302406,-0.27881971225762575,1120042,,,,,,,
783,0.0,0.0,0.12172989379204215,0.3168675055683017,True,1.0,current_joint,1.0,0.00028631082958722933,-0.0932325484763261,0.09380517013550055,0.11768093960974968,1120042,,,,,,,
798,1.0,1.0,0.5742961575804171,0.7338549270059888,True,1.0,current_joint,1.0,0.016932256755656464,-0.1612766510586681,0.19514116456998096,-0.012829595656138837,1120042,,,,,,,
822,0.0,0.0,0.7417980053932205,0.6367950734915155,True,1.0,current_joint,1.0,0.04144826448009336,-0.103270558044803,0.18616708700498968,0.15687867128973654,1120042,,,,,,,
827,0.0,1.0,0.264977865904604,0.5063020143310597,True,1.0,current_joint,1.0,-0.09438343233382196,-0.2805768254263408,0.09180996075869688,-0.47170840662307595,1120042,,,,,,,
839,0.0,0.0,0.4808888128545494,0.1562570180525887,True,1.0,current_joint,1.0,-0.14154611327445,-0.28294690082025975,-0.00014532572864026094,-0.082870305049013,1120042,,,,,,,
845,1.0,1.0,0.7067711150558171,0.505484558588421,True,1.0,current_joint,1.0,0.06162414705781831,-0.03413689309885537,0.15738518721449196,-0.054967122143437575,1120042,,,,,,,
848,0.0,0.0,0.1666158023279128,0.2015602546752192,True,1.0,current_joint,1.0,0.04954849278903357,-0.16054973612901854,0.25964672170708564,0.0857810802170664,1120042,,,,,,,
859,1.0,1.0,0.6849906428774399,0.6769103292049636,True,1.0,current_joint,1.0,-0.07268212750958154,-0.27432066733351346,0.12895641231435034,0.10091643251497262,1120042,,,,,,,
868,1.0,0.0,0.3082583807209731,0.1535068027524439,True,1.0,current_joint,1.0,-0.08134595717345226,-0.1930929888576261,0.030401074510721562,-0.03768758335333155,1120042,,,,,,,
875,1.0,1.0,0.25333963387393715,0.20708796308982624,True,1.0,current_joint,1.0,0.05441089194477781,-0.13110076479278196,0.2399225486823375,0.2750351541256375,1120042,,,,,,,
892,0.0,0.0,0.6313698695873204,0.23382463068565157,True,1.0,current_joint,1.0,-0.053525225137642754,-0.17242108694626085,0.06537063667097533,-0.4218944972490402,1120042,,,,,,,
893,0.0,1.0,0.45589257876268896,0.39302832109664,True,1.0,current_joint,1.0,-0.10665374981808289,-0.25766131665008996,0.04435381701392414,-0.13899119129057289,1120042,,,,,,,
898,1.0,1.0,0.49462645872228006,0.3547315126470555,True,1.0,current_joint,1.0,-0.09193227226919472,-0.24230493497323696,0.058440390434847486,0.11489019733853345,1120042,,,,,,,
908,1.0,1.0,0.59795154629418,0.5465323047791424,True,1.0,current_joint,1.0,0.014303096943105893,-0.14609934177736797,0.17470553566357971,0.2700079153490359,1120042,,,,,,,
913,0.0,0.0,0.4590740424682504,0.15303561997525103,True,1.0,current_joint,1.0,0.06645976694470311,-0.014420540406445997,0.1473400742958522,0.5763362625455206,1120042,,,,,,,
915,1.0,1.0,0.8444617337210738,0.7902472579186703,True,1.0,current_joint,1.0,0.06440254258945885,-0.06927480470727079,0.19807988988618846,-0.10460704553612188,1120042,,,,,,,
924,0.0,1.0,0.11064807383603614,0.35875496457481376,True,1.0,current_joint,1.0,-0.034137819901260996,-0.18237341497304052,0.1140977751705185,-0.03518580558050255,1120042,,,,,,,
929,1.0,0.0,0.6634216252210545,0.5571596280328351,True,1.0,current_joint,1.0,-0.06999826866552492,-0.2194689164180897,0.07947237908703983,-0.2246108655442407,1120042,,,,,,,
934,0.0,0.0,0.17588820990102041,0.1479102128392838,True,1.0,current_joint,1.0,-0.07880106093267034,-0.18262804081865514,0.025025918953314435,-0.17923562100166213,1120042,,,,,,,
955,1.0,1.0,0.7279935351733413,0.7193079523925068,True,1.0,current_joint,1.0,-0.09150687431822456,-0.20287182740021775,0.01985807876376859,-0.4074361291328243,1120042,,,,,,,
960,1.0,1.0,0.516353381546526,0.48744897008899524,True,1.0,current_joint,1.0,0.026424427104180328,-0.14210180673963632,0.19495066094799696,0.30302428580824725,1120042,,,,,,,
961,0.0,1.0,0.5952214322323915,0.2839526673389449,True,1.0,current_joint,1.0,0.02684245457952229,-0.13340604046317764,0.18709094962222217,-0.17386110854674186,1120042,,,,,,,
967,0.0,0.0,0.7111062328377343,0.6026371727046967,True,1.0,current_joint,1.0,-0.0067034438877373835,-0.1489275449779181,0.1355206572024433,0.11315424130412288,1120042,,,,,,,
976,0.0,0.0,0.22296580907529134,0.08518100874594803,True,1.0,current_joint,1.0,-0.12298106717829685,-0.24284092380316602,-0.0031212105534277196,-0.10435438224184548,1120042,,,,,,,
977,1.0,0.0,0.8795089744048036,0.5493546289655924,True,1.0,current_joint,1.0,0.028845713721864875,-0.07323970790576204,0.13093113534949177,0.2172265382051104,1120042,,,,,,,
980,1.0,1.0,0.7845093011134376,0.5285083827381312,True,1.0,current_joint,1.0,-0.09206492523009177,-0.21510418332917375,0.030974332868990165,-0.1328309937568829,1120042,,,,,,,
986,1.0,0.0,0.6842931095653495,0.4407593834478375,True,1.0,current_joint,1.0,-0.06774729852120921,-0.17063115321730454,0.03513655617488609,-0.21930664730454208,1120042,,,,,,,
987,0.0,0.0,0.4937146818591577,0.41011618555896223,True,1.0,current_joint,1.0,-0.019727742535794776,-0.14006555310722316,0.10061006803563358,0.16537846499403014,1120042,,,,,,,
989,0.0,0.0,0.502114524477848,0.4557268144672463,True,1.0,current_joint,1.0,-0.08884060396887272,-0.1862169582591852,0.00853575032143973,-0.22553091570484401,1120042,,,,,,,
5,1.0,1.0,0.6377114402121038,0.34254974755376194,True,1.0,llm_adjudication,1.0,0.12777288744927365,-0.11108119128093447,0.3666269661794817,0.29544125881310984,1120042,,,,,,,
12,0.0,1.0,0.40864594703941975,0.30002689738786964,True,1.0,llm_adjudication,1.0,0.003860314884767794,-0.12120302694462615,0.1289236567141617,-0.1020346687031714,1120042,,,,,,,
15,1.0,0.0,0.5202019068490832,0.11807387106554294,True,1.0,llm_adjudication,1.0,-0.08796238836527877,-0.21876020382834144,0.04283542709778386,-0.003080297422145953,1120042,,,,,,,
30,0.0,0.0,0.5746897562690604,0.24295906763714584,True,1.0,llm_adjudication,1.0,-0.07966593919525575,-0.19931814777669188,0.039986269386180356,-0.15824629257148742,1120042,,,,,,,
39,1.0,0.0,0.6048933776872666,0.3441516064005722,True,1.0,llm_adjudication,1.0,-0.05034517910017198,-0.18719982205568006,0.08650946385533609,-0.0787740414269622,1120042,,,,,,,
40,0.0,0.0,0.3543801765148926,0.35057432062020416,True,1.0,llm_adjudication,1.0,0.027318152221681533,-0.08251885666087254,0.1371551611042356,0.060474988513839145,1120042,,,,,,,
43,1.0,0.0,0.7309350546172592,0.38618933830050256,True,1.0,llm_adjudication,1.0,-0.05509360626089983,-0.22849009661229736,0.11830288409049765,-0.19702180525731344,1120042,,,,,,,
45,0.0,0.0,0.2877857978025763,0.3689753372039217,True,1.0,llm_adjudication,1.0,0.027129729831374308,-0.11390797130511258,0.1681674309678612,0.13139903885494988,1120042,,,,,,,
48,1.0,1.0,0.4640558918721573,0.5888245392655549,True,1.0,llm_adjudication,1.0,-0.13628432827871725,-0.29539542376323,0.02282676720579549,-0.02351093248221392,1120042,,,,,,,
63,1.0,0.0,0.493740643635318,0.20164355626544486,True,1.0,llm_adjudication,1.0,-0.14549987228074945,-0.2986854068863894,0.00768566232489043,-0.08061850681857732,1120042,,,,,,,
67,1.0,1.0,0.4135078007326209,0.532633707078535,True,1.0,llm_adjudication,1.0,-0.06904151203410086,-0.22763149768422886,0.08954847361602711,-0.4040936263411786,1120042,,,,,,,
69,0.0,0.0,0.46600337273861786,0.48630868982475617,True,1.0,llm_adjudication,1.0,-0.09544881078330834,-0.2184796282359725,0.02758200666935577,-0.2535047085663173,1120042,,,,,,,
72,1.0,0.0,0.5908011295185976,0.3649110295452353,True,1.0,llm_adjudication,1.0,-0.13038566774341026,-0.28574545309610894,0.024974117609288388,0.03393963416448598,1120042,,,,,,,
75,1.0,0.0,0.8971971121686327,0.590906090484836,True,1.0,llm_adjudication,1.0,0.0960373108464335,-0.11721058721062733,0.30928520890349426,-0.21905044290968123,1120042,,,,,,,
93,0.0,1.0,0.23435593073816172,0.3708737195266814,True,1.0,llm_adjudication,1.0,-0.11222962083816226,-0.20075267454609041,-0.023706567130234155,-0.24763340158643393,1120042,,,,,,,
115,0.0,0.0,0.417662784829503,0.3560754401295836,True,1.0,llm_adjudication,1.0,-0.08651363242968098,-0.27627620506155753,0.10324894020219554,-0.036066766855671034,1120042,,,,,,,
116,0.0,1.0,0.2300810466125331,0.24524587329350514,True,1.0,llm_adjudication,1.0,-0.06086121374085645,-0.13534096189178885,0.01361853441007594,-0.014342061446469406,1120042,,,,,,,
121,1.0,0.0,0.829551555662928,0.5644650903605791,True,1.0,llm_adjudication,1.0,-0.05003015746040685,-0.14157884190902342,0.0415185269882097,-0.578150415838105,1120042,,,,,,,
122,1.0,0.0,0.6628130336914178,0.16757719199669627,True,1.0,llm_adjudication,1.0,-0.08964385955286569,-0.19678018990575108,0.017492470800019685,-0.1662835077113541,1120042,,,,,,,
123,0.0,1.0,0.39744562120923743,0.39243083175848403,True,1.0,llm_adjudication,1.0,0.07796082103762189,-0.12095219558802739,0.2768738376632711,0.03246765507545743,1120042,,,,,,,
126,0.0,0.0,0.2904388139791195,0.3909132072928165,True,1.0,llm_adjudication,1.0,-0.18235164335166654,-0.29961546980056913,-0.06508781690276398,-0.3010231687743369,1120042,,,,,,,
130,0.0,0.0,0.26863216138852986,0.21849460988274513,True,1.0,llm_adjudication,1.0,0.03173697724290835,-0.12105697899654053,0.18453093348235722,0.006309753656425152,1120042,,,,,,,
137,0.0,0.0,0.19104229057139868,0.136704195001431,True,1.0,llm_adjudication,1.0,-0.003982683496803399,-0.11074691378049416,0.10278154678688733,-0.035394603233024145,1120042,,,,,,,
145,1.0,0.0,0.4660143956373304,0.44212132263226617,True,1.0,llm_adjudication,1.0,0.10006499640113892,-0.08150880829983576,0.28163880110211353,-0.33769143797714973,1120042,,,,,,,
151,0.0,1.0,0.5191771574449675,0.4662585530143542,True,1.0,llm_adjudication,1.0,-0.07837084911520319,-0.24579274781620297,0.08905104958579656,-0.31487008056515453,1120042,,,,,,,
162,0.0,0.0,0.5856731783723788,0.5989655969474362,True,1.0,llm_adjudication,1.0,-0.12025215282004513,-0.30698047319485094,0.06647616755476062,-0.1770906937214045,1120042,,,,,,,
167,0.0,1.0,0.6272436550256896,0.707639467658466,True,1.0,llm_adjudication,1.0,-0.03591039449189741,-0.1398849626998237,0.06806417371602885,0.060419762402974864,1120042,,,,,,,
169,1.0,1.0,0.718421807752594,0.8744463758885973,True,1.0,llm_adjudication,1.0,-0.08973977130834565,-0.18251783243590802,0.003038289819216694,-0.059438745764093026,1120042,,,,,,,
180,1.0,1.0,0.8672668628184429,0.5657293381904667,True,1.0,llm_adjudication,1.0,-0.09472425777361933,-0.23889426353189336,0.04944574798465469,0.07214620573564456,1120042,,,,,,,
186,1.0,0.0,0.5911390146431826,0.5179879989770028,True,1.0,llm_adjudication,1.0,0.02679130384011031,-0.08144530431826852,0.13502791199848913,-0.34838730337294177,1120042,,,,,,,
193,0.0,0.0,0.40023106047420476,0.1550758670471376,True,1.0,llm_adjudication,1.0,-0.14549987228074945,-0.2986854068863894,0.00768566232489043,-0.07790570380726344,1120042,,,,,,,
196,0.0,0.0,0.4779684453454312,0.4063942925546509,True,1.0,llm_adjudication,1.0,0.003860314884767794,-0.12120302694462615,0.1289236567141617,0.18500422317417548,1120042,,,,,,,
198,0.0,0.0,0.14587366590344183,0.3168318250125152,True,1.0,llm_adjudication,1.0,-0.19761361837390956,-0.31092469510303694,-0.08430254164478221,-0.09796041668062988,1120042,,,,,,,
205,1.0,1.0,0.889667935890094,0.4157414662695457,True,1.0,llm_adjudication,1.0,-0.03723566907558432,-0.121840512052619,0.04736917390145034,0.10039000345163385,1120042,,,,,,,
208,1.0,1.0,0.37917397054309765,0.6227098092939151,True,1.0,llm_adjudication,1.0,-0.02664934376633071,-0.15588098074817666,0.10258229321551518,-0.38364186382161225,1120042,,,,,,,
211,0.0,0.0,0.231401125726331,0.22905857404779453,True,1.0,llm_adjudication,1.0,0.10740789594898047,-0.03371098854068534,0.24852678043864623,0.039362356322426656,1120042,,,,,,,
229,0.0,0.0,0.35491053100236486,0.18642819332391197,True,1.0,llm_adjudication,1.0,-0.05671631603681826,-0.1438355391251863,0.030402907051549743,-0.0181111175885878,1120042,,,,,,,
237,0.0,1.0,0.3187585270756577,0.6861105920384603,True,1.0,llm_adjudication,1.0,0.10329276792364299,-0.10758961484342904,0.314175150690715,0.014677238537030401,1120042,,,,,,,
241,1.0,0.0,0.33880276994038705,0.4470269612145222,True,1.0,llm_adjudication,1.0,-0.12739878857603773,-0.2639017920316885,0.00910421487961302,-0.2359562924134932,1120042,,,,,,,
250,1.0,1.0,0.8428866494274864,0.703627059039757,True,1.0,llm_adjudication,1.0,-0.014609665259208158,-0.08695814406345907,0.05773881354504274,-0.14381661120733635,1120042,,,,,,,
254,0.0,1.0,0.20839292854203073,0.24099446092279211,True,1.0,llm_adjudication,1.0,0.054960750831150554,-0.03677014153138247,0.14669164319368355,0.11029612787953566,1120042,,,,,,,
261,0.0,0.0,0.25783316789758004,0.1812073244799295,True,1.0,llm_adjudication,1.0,0.16323177909191408,0.0142234311306558,0.3122401270531723,0.31285754382566056,1120042,,,,,,,
264,1.0,1.0,0.5133701154893368,0.5783417591739412,True,1.0,llm_adjudication,1.0,-0.12739878857603773,-0.2639017920316885,0.00910421487961302,0.10130985419071503,1120042,,,,,,,
265,0.0,0.0,0.4673440107611287,0.3563794093146026,True,1.0,llm_adjudication,1.0,-0.08256608079802523,-0.15816555195828977,-0.006966609637760718,-0.19966649402570194,1120042,,,,,,,
270,0.0,0.0,0.34874073775724557,0.20171397701955088,True,1.0,llm_adjudication,1.0,-0.0916979422235172,-0.2930766806274643,0.10968079618042982,-0.05981133747776573,1120042,,,,,,,
271,1.0,0.0,0.8208015211662028,0.8654343342544495,True,1.0,llm_adjudication,1.0,-0.06585164980226854,-0.1355329066920208,0.0038296070874837135,-0.027407061388611043,1120042,,,,,,,
277,1.0,1.0,0.8458274757149049,0.5796784555469318,True,1.0,llm_adjudication,1.0,-0.04269796499129883,-0.11789828336801625,0.03250235338541858,0.19707323380293573,1120042,,,,,,,
282,0.0,0.0,0.4968539889905682,0.48950108386632263,True,1.0,llm_adjudication,1.0,0.010608658968010713,-0.13086572791493473,0.15208304585095614,0.2904593735133494,1120042,,,,,,,
284,0.0,1.0,0.26169668314489575,0.48044735559495144,True,1.0,llm_adjudication,1.0,-0.0545248715995854,-0.2395471208749319,0.13049737767576108,0.18518688543613304,1120042,,,,,,,
288,1.0,0.0,0.7511605014707504,0.5824804714021297,True,1.0,llm_adjudication,1.0,0.003718133517373399,-0.12186671958443053,0.1293029866191773,0.004640120746827181,1120042,,,,,,,
294,1.0,1.0,0.8164796270017057,0.49031264913350026,True,1.0,llm_adjudication,1.0,-0.06382692150650021,-0.1531414133198879,0.025487570306887475,-0.34951026332690505,1120042,,,,,,,
318,0.0,0.0,0.6636540076542939,0.5705544669325786,True,1.0,llm_adjudication,1.0,-0.08161645259284726,-0.2909480186615795,0.12771511347588488,-0.20199985734703257,1120042,,,,,,,
319,1.0,1.0,0.8930296774091446,0.7555478412559756,True,1.0,llm_adjudication,1.0,-0.1121928221442988,-0.24518360091156238,0.020797956622964756,0.04278373950332526,1120042,,,,,,,
328,0.0,1.0,0.39432924248177276,0.18948303187203663,True,1.0,llm_adjudication,1.0,0.03053052175281438,-0.06891930250960633,0.1299803460152351,0.10327243996857394,1120042,,,,,,,
334,0.0,0.0,0.32003853805723764,0.2875355167491368,True,1.0,llm_adjudication,1.0,-0.10624256658920439,-0.27709743011315235,0.06461229693474357,-0.1484375342195409,1120042,,,,,,,
339,0.0,1.0,0.6907306329755005,0.5644583916735121,True,1.0,llm_adjudication,1.0,-0.06675046068484664,-0.15521158999059176,0.021710668620898446,-0.04096418254395162,1120042,,,,,,,
343,1.0,1.0,0.7122793784860058,0.5155210187085154,True,1.0,llm_adjudication,1.0,-0.0502734540557476,-0.1737591886132752,0.07321228050177994,-0.252500407706424,1120042,,,,,,,
346,0.0,0.0,0.4668878241550569,0.33951763988107997,True,1.0,llm_adjudication,1.0,-0.020662157468635003,-0.12097117206166527,0.07964685712439523,0.021257549177203516,1120042,,,,,,,
347,0.0,1.0,0.20263826870260368,0.2637419376444213,True,1.0,llm_adjudication,1.0,-0.1500242464557737,-0.2948875493733424,-0.005160943538205037,0.0718545920669893,1120042,,,,,,,
349,0.0,1.0,0.7980010545149436,0.6771543356924604,True,1.0,llm_adjudication,1.0,-0.12247358101661962,-0.23973111899409053,-0.005216043039148743,0.03268878550218324,1120042,,,,,,,
354,1.0,0.0,0.532805219686784,0.2924577715670299,True,1.0,llm_adjudication,1.0,-0.0946835456569476,-0.2779076955149288,0.08854060420103353,-0.14297135067526034,1120042,,,,,,,
357,1.0,1.0,0.6408274001124588,0.2999253159315922,True,1.0,llm_adjudication,1.0,-0.17473960933717517,-0.2612552734994902,-0.08822394517486015,0.1013446835796018,1120042,,,,,,,
360,1.0,0.0,0.3477877504865826,0.3387807653978252,True,1.0,llm_adjudication,1.0,-0.10007855120260219,-0.28180321266985275,0.08164611026464834,-0.20995476861796994,1120042,,,,,,,
361,0.0,0.0,0.29661108176182654,0.23059339157774011,True,1.0,llm_adjudication,1.0,-0.04821117886801521,-0.1302464510789163,0.03382409334288587,-0.0406445885166562,1120042,,,,,,,
365,1.0,0.0,0.6049751553904226,0.2863717839207137,True,1.0,llm_adjudication,1.0,-0.06681108935818776,-0.211062098142901,0.07743991942652541,-0.3344524588585174,1120042,,,,,,,
368,1.0,0.0,0.6849883638981021,0.32733973117530735,True,1.0,llm_adjudication,1.0,-0.03112013336281867,-0.14911999754786384,0.08687973082222647,-0.05427466854280549,1120042,,,,,,,
370,1.0,0.0,0.19790340240759838,0.10800260009836761,True,1.0,llm_adjudication,1.0,-0.05820997213053532,-0.22279272096661357,0.10637277670554289,-0.11224918810400103,1120042,,,,,,,
380,0.0,1.0,0.7471666727680591,0.4674264398886901,True,1.0,llm_adjudication,1.0,-0.07509689725340593,-0.2792692122358645,0.12907541772905257,-0.4595323870462047,1120042,,,,,,,
384,1.0,1.0,0.6900728481780237,0.5112597274821526,True,1.0,llm_adjudication,1.0,0.04890013303643458,-0.070777227926486,0.16857749399935515,0.0703099140074529,1120042,,,,,,,
392,1.0,1.0,0.7956043945971023,0.7308406047876336,True,1.0,llm_adjudication,1.0,-0.07377551891563384,-0.2027434036713397,0.05519236584007199,0.0859568948245617,1120042,,,,,,,
398,0.0,1.0,0.3206138626697417,0.45685223927714724,True,1.0,llm_adjudication,1.0,-0.0015774401340578907,-0.13582624764225396,0.13267136737413815,-0.3498504475078327,1120042,,,,,,,
409,0.0,0.0,0.18337791691798333,0.4439000770292082,True,1.0,llm_adjudication,1.0,-0.0839525574516788,-0.2597296331741382,0.09182451827078057,0.14554265152238055,1120042,,,,,,,
422,1.0,1.0,0.4374280553015159,0.34871246199525907,True,1.0,llm_adjudication,1.0,0.12906661569029418,-0.06012750144437695,0.31826073282496525,0.04875396248008518,1120042,,,,,,,
424,1.0,0.0,0.6770097302582416,0.7052642761137701,True,1.0,llm_adjudication,1.0,-0.1291693048653035,-0.24855132882691394,-0.009787280903693088,-0.411950972386599,1120042,,,,,,,
431,1.0,1.0,0.4372491262168222,0.6279412483546116,True,1.0,llm_adjudication,1.0,-0.12125140691221345,-0.20722092397270866,-0.03528188985171825,-0.32665406706368566,1120042,,,,,,,
433,0.0,0.0,0.10525170726096475,0.10427304962006238,True,1.0,llm_adjudication,1.0,-0.13962440915566887,-0.31839728324285166,0.03914846493151386,-0.03402153155820689,1120042,,,,,,,
435,0.0,1.0,0.4409894527049854,0.6729711349557012,True,1.0,llm_adjudication,1.0,-0.013633471165116937,-0.12435968542095113,0.09709274309071722,-0.10742312894197681,1120042,,,,,,,
446,1.0,0.0,0.2790381570542702,0.16375999330593335,True,1.0,llm_adjudication,1.0,0.03110630237499995,-0.11695927880635493,0.1791718835563548,-0.06432527410523083,1120042,,,,,,,
447,1.0,1.0,0.536835214889051,0.5503554221394807,True,1.0,llm_adjudication,1.0,-0.022774793767484834,-0.1681613369769154,0.1226117494419457,0.034144994760945346,1120042,,,,,,,
451,1.0,1.0,0.7690955084071955,0.6112206494377056,True,1.0,llm_adjudication,1.0,-0.14619400807782235,-0.28059856195175054,-0.011789454203894184,-0.17663563846118313,1120042,,,,,,,
460,1.0,0.0,0.39094770965443404,0.27994469973743064,True,1.0,llm_adjudication,1.0,-0.021656273821858526,-0.15339832216515692,0.11008577452143983,-0.15089969081385596,1120042,,,,,,,
462,0.0,0.0,0.4757820881301206,0.3798226570352518,True,1.0,llm_adjudication,1.0,-0.0011105868136049588,-0.14610774418541275,0.1438865705582028,-0.02877369342676961,1120042,,,,,,,
465,0.0,1.0,0.4312755600906261,0.6491876730428766,True,1.0,llm_adjudication,1.0,-0.04646881508822006,-0.15394369878418898,0.06100606860774883,-0.07352311822592295,1120042,,,,,,,
467,0.0,0.0,0.2562069965782711,0.26684038260745196,True,1.0,llm_adjudication,1.0,-0.029502776655917336,-0.10303634413011978,0.044030790818285086,0.18109530692018136,1120042,,,,,,,
468,1.0,0.0,0.44882293786932376,0.4590625162462623,True,1.0,llm_adjudication,1.0,0.011120680457344078,-0.18902441613984192,0.21126577705453,-0.36394341785118856,1120042,,,,,,,
474,0.0,0.0,0.4334979519869535,0.38280401600429703,True,1.0,llm_adjudication,1.0,0.013725221390977984,-0.11993214335282859,0.14738258613478453,0.27024214191256124,1120042,,,,,,,
478,1.0,0.0,0.5739982744039367,0.2947270948162633,True,1.0,llm_adjudication,1.0,-0.010441295641634594,-0.08195931571204662,0.061076724428777415,-0.14113139488284232,1120042,,,,,,,
481,0.0,1.0,0.5087083360409932,0.40825501741027925,True,1.0,llm_adjudication,1.0,-0.09069432786473232,-0.2003577971878001,0.01896914145833546,0.24256774419822325,1120042,,,,,,,
486,1.0,1.0,0.7441202307802978,0.6148549412893181,True,1.0,llm_adjudication,1.0,-0.10854203882982257,-0.19295494563569077,-0.024129132023954378,-0.6892153014395378,1120042,,,,,,,
487,1.0,1.0,0.8467975192157075,0.5866738910251524,True,1.0,llm_adjudication,1.0,-0.04458368012307296,-0.2098328646509718,0.12066550440482587,-0.028156691615068175,1120042,,,,,,,
498,0.0,0.0,0.3020648921646804,0.1979830251548477,True,1.0,llm_adjudication,1.0,-0.0883749439704453,-0.2033187881290841,0.026568900188193453,-0.1062618189134249,1120042,,,,,,,
503,0.0,0.0,0.3446948747805175,0.2658055219729751,True,1.0,llm_adjudication,1.0,-0.06915784762347041,-0.1822740096961884,0.04395831444924754,-0.16728505428348134,1120042,,,,,,,
507,1.0,1.0,0.8311033999506614,0.7945564212316646,True,1.0,llm_adjudication,1.0,-0.011495585318318164,-0.14298550596876058,0.11999433533212424,-0.030854928811506976,1120042,,,,,,,
508,0.0,0.0,0.5229332692489086,0.2601699446166555,True,1.0,llm_adjudication,1.0,-0.17664043306956473,-0.3037480563027044,-0.04953280983642511,-0.05620972089686527,1120042,,,,,,,
514,1.0,1.0,0.8270038617254091,0.6943390637417084,True,1.0,llm_adjudication,1.0,-0.029353414075806238,-0.096407592359711,0.0377007642080985,-0.061478120138046544,1120042,,,,,,,
526,0.0,0.0,0.15782593929996835,0.13044474411998602,True,1.0,llm_adjudication,1.0,0.08181899902936644,-0.019998831120980387,0.18363682917971325,0.020299231269924375,1120042,,,,,,,
528,1.0,1.0,0.6647472925894883,0.7352516088728809,True,1.0,llm_adjudication,1.0,0.009326780789286785,-0.08712329100354294,0.10577685258211647,-0.3151680255715663,1120042,,,,,,,
532,1.0,0.0,0.5659465902283147,0.4305883970188177,True,1.0,llm_adjudication,1.0,-0.18275802325925883,-0.29097271909201294,-0.07454332742650471,-0.5334643262344162,1120042,,,,,,,
534,0.0,1.0,0.6356185713393279,0.49570608184298615,True,1.0,llm_adjudication,1.0,0.15839064590309196,-0.05692602283247794,0.3737073146386618,0.13543398492073888,1120042,,,,,,,
535,0.0,0.0,0.6385549390569282,0.3491581541021244,True,1.0,llm_adjudication,1.0,-0.008934163776240811,-0.07969922488657852,0.06183089733409688,0.03704061610492676,1120042,,,,,,,
538,1.0,0.0,0.7165422603028302,0.5565385298635452,True,1.0,llm_adjudication,1.0,0.046675202403416834,-0.18074985559261186,0.27410026039944546,-0.06212851278558973,1120042,,,,,,,
539,0.0,1.0,0.3919352408994978,0.39807883890515544,True,1.0,llm_adjudication,1.0,-0.01478044648657962,-0.1379114543874164,0.10835056141425714,-0.11126006308263126,1120042,,,,,,,
546,0.0,0.0,0.30246911548946265,0.1674140399970113,True,1.0,llm_adjudication,1.0,-0.04702998809779779,-0.11597328377338056,0.021913307577784966,-0.06620608679353736,1120042,,,,,,,
549,1.0,0.0,0.737809295603759,0.4018100071172399,True,1.0,llm_adjudication,1.0,-0.11163600256243632,-0.24250207977936072,0.019230074654488075,-0.22605679180368443,1120042,,,,,,,
550,0.0,0.0,0.22968620364065134,0.12507868829739605,True,1.0,llm_adjudication,1.0,-0.20101713839812196,-0.28064597724149376,-0.12138829955475017,-0.08381602753461014,1120042,,,,,,,
552,1.0,0.0,0.5131292585651384,0.19044531066663345,True,1.0,llm_adjudication,1.0,-0.11671221396421094,-0.23852966424000943,0.005105236311587519,0.08753892270289004,1120042,,,,,,,
559,1.0,0.0,0.6085123450001269,0.405681505096466,True,1.0,llm_adjudication,1.0,-0.014113231334526402,-0.16695912211605357,0.13873265944700072,-0.36576085048430995,1120042,,,,,,,
560,1.0,1.0,0.8655555287273489,0.6294406160354643,True,1.0,llm_adjudication,1.0,-0.07316415980177582,-0.2081633794240502,0.06183505982049853,-0.06469990771798673,1120042,,,,,,,
561,1.0,0.0,0.6004522932294956,0.25193874811218325,True,1.0,llm_adjudication,1.0,0.05493843109916668,-0.06487185222885872,0.17474871442719203,-0.14847635272894044,1120042,,,,,,,
563,0.0,0.0,0.34977696900330585,0.3001244011940171,True,1.0,llm_adjudication,1.0,-0.10252134307210704,-0.216769513113051,0.011726826968836895,0.08723419972137467,1120042,,,,,,,
568,1.0,1.0,0.8420165704415828,0.7241993149028411,True,1.0,llm_adjudication,1.0,-0.19728060363489094,-0.30648152988771005,-0.08807967738207187,-0.11006768648138565,1120042,,,,,,,
569,0.0,1.0,0.6204165780663479,0.649966418468412,True,1.0,llm_adjudication,1.0,-0.09002646251923341,-0.2589964605756485,0.07894353553718164,-0.03506472883281053,1120042,,,,,,,
578,0.0,0.0,0.528449166106585,0.541129455632692,True,1.0,llm_adjudication,1.0,-0.09027439341494906,-0.27856880754255353,0.09802002071265539,-0.1661069213092291,1120042,,,,,,,
584,1.0,0.0,0.4835230499831929,0.6086690571475216,True,1.0,llm_adjudication,1.0,0.12004857622196019,-0.06739139282351464,0.30748854526743497,-0.18620539681394355,1120042,,,,,,,
588,1.0,1.0,0.6950874683394853,0.6067692377764136,True,1.0,llm_adjudication,1.0,0.0587894358962386,-0.048459032297897206,0.1660379040903744,0.05151712594740754,1120042,,,,,,,
594,0.0,1.0,0.3845124638174599,0.20204826370818607,True,1.0,llm_adjudication,1.0,-0.15623554578194115,-0.2674610419283067,-0.045010049635575616,-0.1845762402931477,1120042,,,,,,,
599,0.0,1.0,0.5139276407168637,0.3069862927665871,True,1.0,llm_adjudication,1.0,0.002833747802567367,-0.17782060348379666,0.18348809908893138,-0.017020805613165407,1120042,,,,,,,
603,1.0,1.0,0.8760250372770755,0.7245136388321798,True,1.0,llm_adjudication,1.0,-0.12385911479355585,-0.2620127970605947,0.014294567473482983,-0.4064471216929251,1120042,,,,,,,
606,0.0,1.0,0.21922940776003394,0.3608687382193187,True,1.0,llm_adjudication,1.0,0.055098042526174354,-0.09381713464246029,0.20401321969480896,-0.0810499975355446,1120042,,,,,,,
607,0.0,0.0,0.2306889141131686,0.41349980578355594,True,1.0,llm_adjudication,1.0,-0.021656273821858526,-0.15339832216515692,0.11008577452143983,-0.20262165996000597,1120042,,,,,,,
609,0.0,1.0,0.2303519206028594,0.1661800464978828,True,1.0,llm_adjudication,1.0,0.06077580303586922,-0.03863701945819053,0.16018862552992896,-0.17815202596793825,1120042,,,,,,,
614,1.0,1.0,0.6467946600933504,0.454149402724382,True,1.0,llm_adjudication,1.0,-0.07628502732715842,-0.2082569105264663,0.05568685587214944,0.13800989485438941,1120042,,,,,,,
617,1.0,0.0,0.6802572666640975,0.691208308706228,True,1.0,llm_adjudication,1.0,-0.10444537974555058,-0.2929745313965995,0.0840837719054983,-0.32977963417948597,1120042,,,,,,,
621,1.0,1.0,0.627291255719527,0.643934722388693,True,1.0,llm_adjudication,1.0,-0.1744784076202218,-0.27081407254665724,-0.07814274269378638,-0.10300534475910206,1120042,,,,,,,
626,1.0,0.0,0.474501537217078,0.16437460061425205,True,1.0,llm_adjudication,1.0,-0.10700595288178565,-0.1954149888501613,-0.018596916913410047,-0.14734105843629364,1120042,,,,,,,
638,1.0,0.0,0.2748012559824055,0.1239220657092472,True,1.0,llm_adjudication,1.0,-0.11025698643564065,-0.18671234297272593,-0.033801629898555396,-0.028967779075204383,1120042,,,,,,,
648,1.0,1.0,0.5446984576494674,0.4969151883647077,True,1.0,llm_adjudication,1.0,-0.07434404269136903,-0.1649606136430007,0.016272528260262625,0.22657797391420198,1120042,,,,,,,
651,1.0,0.0,0.7414638822974168,0.20735604282143721,True,1.0,llm_adjudication,1.0,-0.16730118791905293,-0.2988512948164941,-0.035751081021611814,0.14285091672279376,1120042,,,,,,,
656,0.0,0.0,0.28204662460451924,0.4366149382471533,True,1.0,llm_adjudication,1.0,-0.003125632878499315,-0.07345377161567838,0.06720250585867973,0.008071797181922913,1120042,,,,,,,
662,0.0,0.0,0.6929571721037661,0.5688028871898342,True,1.0,llm_adjudication,1.0,0.01716035023891515,-0.09718104672329905,0.1315017472011293,0.12090442381375327,1120042,,,,,,,
663,1.0,1.0,0.6304851473044282,0.5835748670106308,True,1.0,llm_adjudication,1.0,0.025288869568402567,-0.03791553463186659,0.0884932737686717,-0.0006267839972746714,1120042,,,,,,,
676,1.0,0.0,0.4599439184764482,0.29878782114157487,True,1.0,llm_adjudication,1.0,-0.03253780688402465,-0.13972336064258103,0.07464774687453171,0.288078314021742,1120042,,,,,,,
680,1.0,0.0,0.6829703748258147,0.11385594636738014,True,1.0,llm_adjudication,1.0,0.02273610707483346,-0.11821325440060106,0.16368546855026794,-0.21676132704337042,1120042,,,,,,,
684,0.0,0.0,0.5697406984360188,0.19983185070397666,True,1.0,llm_adjudication,1.0,-0.043363735620947697,-0.15087881709448314,0.06415134585258774,-0.09365228131014089,1120042,,,,,,,
689,1.0,1.0,0.8868225930045658,0.8706173422583725,True,1.0,llm_adjudication,1.0,-0.06861634820200728,-0.22129861147335672,0.08406591506934212,0.028437736123359203,1120042,,,,,,,
707,1.0,0.0,0.3095601577041158,0.16574517487960455,True,1.0,llm_adjudication,1.0,-0.14868397158187266,-0.24230826519058826,-0.055059677973157084,-0.18261274863827542,1120042,,,,,,,
708,0.0,0.0,0.38944180681518387,0.31109833854695346,True,1.0,llm_adjudication,1.0,-0.08949621685252816,-0.21716222670039986,0.038169792995343524,-0.3033594815556778,1120042,,,,,,,
712,0.0,0.0,0.22671743720630477,0.39916050095370287,True,1.0,llm_adjudication,1.0,0.1638946300419768,-0.08424820128530172,0.41203746136925523,0.20262182932038472,1120042,,,,,,,
713,0.0,1.0,0.4479973834356069,0.7899673126686212,True,1.0,llm_adjudication,1.0,0.08751460135265467,-0.0503826786677256,0.22541188137303486,0.18351149860665072,1120042,,,,,,,
723,1.0,1.0,0.8791019779208326,0.6312407840166131,True,1.0,llm_adjudication,1.0,0.169074120552468,0.015553638714482121,0.3225946023904539,-0.013981278819158116,1120042,,,,,,,
735,1.0,1.0,0.7869431386479372,0.5368141960979033,True,1.0,llm_adjudication,1.0,0.006482703821224221,-0.0901238856052494,0.10308929324769782,0.2892291597635016,1120042,,,,,,,
739,0.0,1.0,0.16567925131260422,0.3625667250095327,True,1.0,llm_adjudication,1.0,0.09621194708348979,0.0040520488471727095,0.18837184531980686,0.04653584065128688,1120042,,,,,,,
743,1.0,0.0,0.6338297786120288,0.6070901283292623,True,1.0,llm_adjudication,1.0,-0.009499680449216398,-0.14979230219461878,0.13079294129618596,-0.3588049137290085,1120042,,,,,,,
744,0.0,0.0,0.2696157041235064,0.15264458849958287,True,1.0,llm_adjudication,1.0,-0.08956863351633913,-0.23763053447844762,0.05849326744576931,0.00043827428651807554,1120042,,,,,,,
752,1.0,0.0,0.6647472925894883,0.7208329462562315,True,1.0,llm_adjudication,1.0,0.03137750021305563,-0.06339836743961279,0.126153367865724,-0.048624029853681416,1120042,,,,,,,
760,1.0,1.0,0.7134555858731084,0.792566241366111,True,1.0,llm_adjudication,1.0,-0.0620278753947976,-0.17662915339565483,0.052573402606059604,-0.1049719012824385,1120042,,,,,,,
773,1.0,1.0,0.8386940353384825,0.852870223315683,True,1.0,llm_adjudication,1.0,-0.055761619896150534,-0.2873591069866211,0.17583586719431996,-0.05078761983714952,1120042,,,,,,,
776,0.0,0.0,0.3345234242308092,0.20533773166060534,True,1.0,llm_adjudication,1.0,0.05095356681973765,-0.04789875991559452,0.1498058935550698,0.11215936655437345,1120042,,,,,,,
779,0.0,0.0,0.3257453007133764,0.22754313436062862,True,1.0,llm_adjudication,1.0,-0.16116943188508429,-0.3033293455876287,-0.01900951818253993,0.2102850669914252,1120042,,,,,,,
781,1.0,1.0,0.6832939038423603,0.63754694937672,True,1.0,llm_adjudication,1.0,-0.05727135936524018,-0.20111310704299112,0.08657038831251075,0.031273744586730046,1120042,,,,,,,
782,1.0,0.0,0.7648701537663227,0.4641424883295498,True,1.0,llm_adjudication,1.0,0.11329126120150435,-0.09558030722278638,0.322162829625795,-0.27881971225762575,1120042,,,,,,,
783,0.0,0.0,0.12172989379204215,0.3168675055683017,True,1.0,llm_adjudication,1.0,0.08088705544228836,-0.06494066369743925,0.22671477458201594,0.11768093960974968,1120042,,,,,,,
798,1.0,1.0,0.5742961575804171,0.7338549270059888,True,1.0,llm_adjudication,1.0,0.006484673040972123,-0.14618977712286452,0.1591591232048087,-0.012829595656138837,1120042,,,,,,,
822,0.0,0.0,0.7417980053932205,0.6367950734915155,True,1.0,llm_adjudication,1.0,0.16147122205328812,0.02529585163392445,0.2976465924726518,0.15687867128973654,1120042,,,,,,,
827,0.0,1.0,0.264977865904604,0.5063020143310597,True,1.0,llm_adjudication,1.0,-0.0838996565648934,-0.2141874263822539,0.046388113252467084,-0.47170840662307595,1120042,,,,,,,
839,0.0,0.0,0.4808888128545494,0.1562570180525887,True,1.0,llm_adjudication,1.0,-0.1735950660914434,-0.2563667356911573,-0.09082339649172952,-0.082870305049013,1120042,,,,,,,
845,1.0,1.0,0.7067711150558171,0.505484558588421,True,1.0,llm_adjudication,1.0,0.11356947577000251,-0.08557061192200727,0.3127095634620123,-0.054967122143437575,1120042,,,,,,,
848,0.0,0.0,0.1666158023279128,0.2015602546752192,True,1.0,llm_adjudication,1.0,0.12101669468590988,-0.031153056305922563,0.2731864456777423,0.0857810802170664,1120042,,,,,,,
859,1.0,1.0,0.6849906428774399,0.6769103292049636,True,1.0,llm_adjudication,1.0,-0.11730126201949269,-0.24366802579287256,0.009065501753887137,0.10091643251497262,1120042,,,,,,,
868,1.0,0.0,0.3082583807209731,0.1535068027524439,True,1.0,llm_adjudication,1.0,-0.06209762165293943,-0.1925404295076833,0.06834518620180442,-0.03768758335333155,1120042,,,,,,,
875,1.0,1.0,0.25333963387393715,0.20708796308982624,True,1.0,llm_adjudication,1.0,0.11624828927610047,-0.007413646984918337,0.23991022553711924,0.2750351541256375,1120042,,,,,,,
892,0.0,0.0,0.6313698695873204,0.23382463068565157,True,1.0,llm_adjudication,1.0,-0.017499699745718317,-0.10609501286432407,0.07109561337288743,-0.4218944972490402,1120042,,,,,,,
893,0.0,1.0,0.45589257876268896,0.39302832109664,True,1.0,llm_adjudication,1.0,-0.08246686296939272,-0.21775134595793505,0.052817620019149567,-0.13899119129057289,1120042,,,,,,,
898,1.0,1.0,0.49462645872228006,0.3547315126470555,True,1.0,llm_adjudication,1.0,-0.06169602583533177,-0.20972509493393018,0.08633304326326663,0.11489019733853345,1120042,,,,,,,
908,1.0,1.0,0.59795154629418,0.5465323047791424,True,1.0,llm_adjudication,1.0,0.09929744120774078,-0.0005483505968018193,0.19914323301228337,0.2700079153490359,1120042,,,,,,,
913,0.0,0.0,0.4590740424682504,0.15303561997525103,True,1.0,llm_adjudication,1.0,0.04400688109336444,-0.09153493006994624,0.17954869225667508,0.5763362625455206,1120042,,,,,,,
915,1.0,1.0,0.8444617337210738,0.7902472579186703,True,1.0,llm_adjudication,1.0,0.13132256084889662,-0.04649542251917971,0.3091405442169729,-0.10460704553612188,1120042,,,,,,,
924,0.0,1.0,0.11064807383603614,0.35875496457481376,True,1.0,llm_adjudication,1.0,0.008875403897189186,-0.13196088717033277,0.14971169496471112,-0.03518580558050255,1120042,,,,,,,
929,1.0,0.0,0.6634216252210545,0.5571596280328351,True,1.0,llm_adjudication,1.0,-0.057914002214602814,-0.23084205429195065,0.11501404986274501,-0.2246108655442407,1120042,,,,,,,
934,0.0,0.0,0.17588820990102041,0.1479102128392838,True,1.0,llm_adjudication,1.0,-0.08377613925547013,-0.2027631079935096,0.03521082948256932,-0.17923562100166213,1120042,,,,,,,
955,1.0,1.0,0.7279935351733413,0.7193079523925068,True,1.0,llm_adjudication,1.0,-0.06805265673183827,-0.21769439838105728,0.0815890849173807,-0.4074361291328243,1120042,,,,,,,
960,1.0,1.0,0.516353381546526,0.48744897008899524,True,1.0,llm_adjudication,1.0,0.041978062474464554,-0.07591336131227253,0.1598694862612016,0.30302428580824725,1120042,,,,,,,
961,0.0,1.0,0.5952214322323915,0.2839526673389449,True,1.0,llm_adjudication,1.0,0.0988036349627414,0.010458455736195624,0.18714881418928714,-0.17386110854674186,1120042,,,,,,,
967,0.0,0.0,0.7111062328377343,0.6026371727046967,True,1.0,llm_adjudication,1.0,0.008680242158794767,-0.15070678876149762,0.1680672730790871,0.11315424130412288,1120042,,,,,,,
976,0.0,0.0,0.22296580907529134,0.08518100874594803,True,1.0,llm_adjudication,1.0,-0.06827370157729173,-0.19325843116575547,0.05671102801117196,-0.10435438224184548,1120042,,,,,,,
977,1.0,0.0,0.8795089744048036,0.5493546289655924,True,1.0,llm_adjudication,1.0,0.04592935289532097,-0.1474282149700416,0.23928692076068347,0.2172265382051104,1120042,,,,,,,
980,1.0,1.0,0.7845093011134376,0.5285083827381312,True,1.0,llm_adjudication,1.0,-0.029254409191047097,-0.09901622952487185,0.04050741114277762,-0.1328309937568829,1120042,,,,,,,
986,1.0,0.0,0.6842931095653495,0.4407593834478375,True,1.0,llm_adjudication,1.0,-0.11569389831930035,-0.2276345465536065,-0.0037532500849942613,-0.21930664730454208,1120042,,,,,,,
987,0.0,0.0,0.4937146818591577,0.41011618555896223,True,1.0,llm_adjudication,1.0,-0.01890014792636454,-0.13442953544590688,0.09662923959317776,0.16537846499403014,1120042,,,,,,,
989,0.0,0.0,0.502114524477848,0.4557268144672463,True,1.0,llm_adjudication,1.0,-0.08297941735606251,-0.2483339296043762,0.08237509489225114,-0.22553091570484401,1120042,,,,,,,
5,1.0,1.0,0.6377114402121038,0.34254974755376194,True,1.0,permissive_union,1.0,0.02295329207928861,-0.16040536993855328,0.2063119540971305,0.29544125881310984,1120042,,,,,,,
12,0.0,1.0,0.40864594703941975,0.30002689738786964,True,1.0,permissive_union,1.0,0.03100318542703978,-0.10297406127007128,0.1649804321241508,-0.1020346687031714,1120042,,,,,,,
15,1.0,0.0,0.5202019068490832,0.11807387106554294,True,1.0,permissive_union,1.0,-0.08350926441239605,-0.2622565723595176,0.09523804353472544,-0.003080297422145953,1120042,,,,,,,
30,0.0,0.0,0.5746897562690604,0.24295906763714584,True,1.0,permissive_union,1.0,0.0037857780878316903,-0.0831651377608869,0.09073669393655025,-0.15824629257148742,1120042,,,,,,,
39,1.0,0.0,0.6048933776872666,0.3441516064005722,True,1.0,permissive_union,1.0,-0.0005151843358288072,-0.10093522814063774,0.0999048594689801,-0.0787740414269622,1120042,,,,,,,
40,0.0,0.0,0.3543801765148926,0.35057432062020416,True,1.0,permissive_union,1.0,0.011446711178581573,-0.15530601063707816,0.17819943299424126,0.060474988513839145,1120042,,,,,,,
43,1.0,0.0,0.7309350546172592,0.38618933830050256,True,1.0,permissive_union,1.0,-0.060485648879811574,-0.26074725099756935,0.13977595323794617,-0.19702180525731344,1120042,,,,,,,
45,0.0,0.0,0.2877857978025763,0.3689753372039217,True,1.0,permissive_union,1.0,-0.004429251553036399,-0.20050788090143784,0.191649377795365,0.13139903885494988,1120042,,,,,,,
48,1.0,1.0,0.4640558918721573,0.5888245392655549,True,1.0,permissive_union,1.0,-0.06918967700105295,-0.1782086487103248,0.03982929470821886,-0.02351093248221392,1120042,,,,,,,
63,1.0,0.0,0.493740643635318,0.20164355626544486,True,1.0,permissive_union,1.0,-0.08755268230850881,-0.27948517295637754,0.1043798083393599,-0.08061850681857732,1120042,,,,,,,
67,1.0,1.0,0.4135078007326209,0.532633707078535,True,1.0,permissive_union,1.0,-0.1417493019598611,-0.2856089261689667,0.0021103222492445117,-0.4040936263411786,1120042,,,,,,,
69,0.0,0.0,0.46600337273861786,0.48630868982475617,True,1.0,permissive_union,1.0,-0.03866030807239879,-0.1846405309464968,0.10731991480169917,-0.2535047085663173,1120042,,,,,,,
72,1.0,0.0,0.5908011295185976,0.3649110295452353,True,1.0,permissive_union,1.0,-0.0184839390937694,-0.0957430284806442,0.058775150293105385,0.03393963416448598,1120042,,,,,,,
75,1.0,0.0,0.8971971121686327,0.590906090484836,True,1.0,permissive_union,1.0,-0.0057056004055083135,-0.20200845217675015,0.19059725136573344,-0.21905044290968123,1120042,,,,,,,
93,0.0,1.0,0.23435593073816172,0.3708737195266814,True,1.0,permissive_union,1.0,-0.034413847078277236,-0.13682491088450974,0.06799721672795525,-0.24763340158643393,1120042,,,,,,,
115,0.0,0.0,0.417662784829503,0.3560754401295836,True,1.0,permissive_union,1.0,-0.017307678444650868,-0.1657376669309605,0.13112231004165875,-0.036066766855671034,1120042,,,,,,,
116,0.0,1.0,0.2300810466125331,0.24524587329350514,True,1.0,permissive_union,1.0,-0.11879401864495202,-0.3126574477735184,0.0750694104836143,-0.014342061446469406,1120042,,,,,,,
121,1.0,0.0,0.829551555662928,0.5644650903605791,True,1.0,permissive_union,1.0,-0.012699737038135544,-0.11414766690189383,0.08874819282562274,-0.578150415838105,1120042,,,,,,,
122,1.0,0.0,0.6628130336914178,0.16757719199669627,True,1.0,permissive_union,1.0,-0.059529106696174186,-0.2587900121404403,0.13973179874809188,-0.1662835077113541,1120042,,,,,,,
123,0.0,1.0,0.39744562120923743,0.39243083175848403,True,1.0,permissive_union,1.0,-0.010193791830263518,-0.1881178011717632,0.16773021751123612,0.03246765507545743,1120042,,,,,,,
126,0.0,0.0,0.2904388139791195,0.3909132072928165,True,1.0,permissive_union,1.0,-0.14156442048659143,-0.3184558309134611,0.03532698994027822,-0.3010231687743369,1120042,,,,,,,
130,0.0,0.0,0.26863216138852986,0.21849460988274513,True,1.0,permissive_union,1.0,-0.05947552791630692,-0.1741075456790776,0.05515648984646376,0.006309753656425152,1120042,,,,,,,
137,0.0,0.0,0.19104229057139868,0.136704195001431,True,1.0,permissive_union,1.0,-0.02618100937617966,-0.11080800932341114,0.058445990571051806,-0.035394603233024145,1120042,,,,,,,
145,1.0,0.0,0.4660143956373304,0.44212132263226617,True,1.0,permissive_union,1.0,0.04483859888751289,-0.05380821549641081,0.14348541327143655,-0.33769143797714973,1120042,,,,,,,
151,0.0,1.0,0.5191771574449675,0.4662585530143542,True,1.0,permissive_union,1.0,-0.032981411381197145,-0.19792882386307514,0.13196600110068082,-0.31487008056515453,1120042,,,,,,,
162,0.0,0.0,0.5856731783723788,0.5989655969474362,True,1.0,permissive_union,1.0,-0.02610103122418973,-0.16315116666063498,0.1109491042122555,-0.1770906937214045,1120042,,,,,,,
167,0.0,1.0,0.6272436550256896,0.707639467658466,True,1.0,permissive_union,1.0,-0.05455014192659904,-0.15125962478323315,0.04215934093003507,0.060419762402974864,1120042,,,,,,,
169,1.0,1.0,0.718421807752594,0.8744463758885973,True,1.0,permissive_union,1.0,-0.10725451944159863,-0.20204104525433617,-0.012467993628861113,-0.059438745764093026,1120042,,,,,,,
180,1.0,1.0,0.8672668628184429,0.5657293381904667,True,1.0,permissive_union,1.0,-0.028283979813733755,-0.13521877646737424,0.07865081683990671,0.07214620573564456,1120042,,,,,,,
186,1.0,0.0,0.5911390146431826,0.5179879989770028,True,1.0,permissive_union,1.0,-0.06358476211749528,-0.24683720705714696,0.11966768282215634,-0.34838730337294177,1120042,,,,,,,
193,0.0,0.0,0.40023106047420476,0.1550758670471376,True,1.0,permissive_union,1.0,-0.028836494509119303,-0.173596007222595,0.11592301820435637,-0.07790570380726344,1120042,,,,,,,
196,0.0,0.0,0.4779684453454312,0.4063942925546509,True,1.0,permissive_union,1.0,0.021715111805882266,-0.08059365185863815,0.12402387547040267,0.18500422317417548,1120042,,,,,,,
198,0.0,0.0,0.14587366590344183,0.3168318250125152,True,1.0,permissive_union,1.0,-0.022890789580790553,-0.14228094789350473,0.0964993687319236,-0.09796041668062988,1120042,,,,,,,
205,1.0,1.0,0.889667935890094,0.4157414662695457,True,1.0,permissive_union,1.0,-0.06235246130940183,-0.2019292832147793,0.07722436059597557,0.10039000345163385,1120042,,,,,,,
208,1.0,1.0,0.37917397054309765,0.6227098092939151,True,1.0,permissive_union,1.0,-0.030280026015070072,-0.193379914827337,0.13281986279719682,-0.38364186382161225,1120042,,,,,,,
211,0.0,0.0,0.231401125726331,0.22905857404779453,True,1.0,permissive_union,1.0,0.04730821365092898,-0.055355224741926834,0.14997165204378476,0.039362356322426656,1120042,,,,,,,
229,0.0,0.0,0.35491053100236486,0.18642819332391197,True,1.0,permissive_union,1.0,-0.07895291571321679,-0.1642418139240038,0.006335982497570211,-0.0181111175885878,1120042,,,,,,,
237,0.0,1.0,0.3187585270756577,0.6861105920384603,True,1.0,permissive_union,1.0,0.011752785251032412,-0.09415710338516955,0.11766267388723436,0.014677238537030401,1120042,,,,,,,
241,1.0,0.0,0.33880276994038705,0.4470269612145222,True,1.0,permissive_union,1.0,-0.07911803734381495,-0.1709965188913597,0.012760444203729779,-0.2359562924134932,1120042,,,,,,,
250,1.0,1.0,0.8428866494274864,0.703627059039757,True,1.0,permissive_union,1.0,-0.05099963761512241,-0.15417187862074677,0.05217260339050192,-0.14381661120733635,1120042,,,,,,,
254,0.0,1.0,0.20839292854203073,0.24099446092279211,True,1.0,permissive_union,1.0,0.015735670737325676,-0.07809979286572742,0.10957113434037875,0.11029612787953566,1120042,,,,,,,
261,0.0,0.0,0.25783316789758004,0.1812073244799295,True,1.0,permissive_union,1.0,0.05477477723234428,-0.0585640539547931,0.16811360841948164,0.31285754382566056,1120042,,,,,,,
264,1.0,1.0,0.5133701154893368,0.5783417591739412,True,1.0,permissive_union,1.0,-0.019965962900175004,-0.15191567322563493,0.1119837474252849,0.10130985419071503,1120042,,,,,,,
265,0.0,0.0,0.4673440107611287,0.3563794093146026,True,1.0,permissive_union,1.0,-0.06929466087369104,-0.25701583689491536,0.11842651514753322,-0.19966649402570194,1120042,,,,,,,
270,0.0,0.0,0.34874073775724557,0.20171397701955088,True,1.0,permissive_union,1.0,-0.001102011617101346,-0.09636146403501641,0.0941574408008137,-0.05981133747776573,1120042,,,,,,,
271,1.0,0.0,0.8208015211662028,0.8654343342544495,True,1.0,permissive_union,1.0,-0.02849432281269506,-0.12112368812464663,0.0641350424992565,-0.027407061388611043,1120042,,,,,,,
277,1.0,1.0,0.8458274757149049,0.5796784555469318,True,1.0,permissive_union,1.0,0.0011882825490492901,-0.10022109294219085,0.1025976580402894,0.19707323380293573,1120042,,,,,,,
282,0.0,0.0,0.4968539889905682,0.48950108386632263,True,1.0,permissive_union,1.0,-0.02328867640775134,-0.20137970855228676,0.15480235573678403,0.2904593735133494,1120042,,,,,,,
284,0.0,1.0,0.26169668314489575,0.48044735559495144,True,1.0,permissive_union,1.0,-0.011329648987734137,-0.11234794737578623,0.08968864940031793,0.18518688543613304,1120042,,,,,,,
288,1.0,0.0,0.7511605014707504,0.5824804714021297,True,1.0,permissive_union,1.0,0.006265826408313247,-0.11086066294609355,0.12339231576272003,0.004640120746827181,1120042,,,,,,,
294,1.0,1.0,0.8164796270017057,0.49031264913350026,True,1.0,permissive_union,1.0,0.0013248510377338386,-0.13962101342208097,0.1422707154975486,-0.34951026332690505,1120042,,,,,,,
318,0.0,0.0,0.6636540076542939,0.5705544669325786,True,1.0,permissive_union,1.0,-0.03261754645381017,-0.19392296268668419,0.12868786977906382,-0.20199985734703257,1120042,,,,,,,
319,1.0,1.0,0.8930296774091446,0.7555478412559756,True,1.0,permissive_union,1.0,-0.05158395804789821,-0.19227637331379305,0.08910845721799661,0.04278373950332526,1120042,,,,,,,
328,0.0,1.0,0.39432924248177276,0.18948303187203663,True,1.0,permissive_union,1.0,0.015136043320184997,-0.08443186408767785,0.11470395072804782,0.10327243996857394,1120042,,,,,,,
334,0.0,0.0,0.32003853805723764,0.2875355167491368,True,1.0,permissive_union,1.0,-0.02561781642070635,-0.18530362367344302,0.1340679908320303,-0.1484375342195409,1120042,,,,,,,
339,0.0,1.0,0.6907306329755005,0.5644583916735121,True,1.0,permissive_union,1.0,-0.06704909769315884,-0.16760164684003204,0.03350345145371435,-0.04096418254395162,1120042,,,,,,,
343,1.0,1.0,0.7122793784860058,0.5155210187085154,True,1.0,permissive_union,1.0,-0.04183059191202973,-0.1730864995472952,0.08942531572323567,-0.252500407706424,1120042,,,,,,,
346,0.0,0.0,0.4668878241550569,0.33951763988107997,True,1.0,permissive_union,1.0,-0.02837207662071185,-0.2008504147276451,0.14410626148622138,0.021257549177203516,1120042,,,,,,,
347,0.0,1.0,0.20263826870260368,0.2637419376444213,True,1.0,permissive_union,1.0,-0.07626129932731161,-0.20649499240031627,0.053972393745693,0.0718545920669893,1120042,,,,,,,
349,0.0,1.0,0.7980010545149436,0.6771543356924604,True,1.0,permissive_union,1.0,-0.034702608239804644,-0.15934126982129249,0.08993605334168316,0.03268878550218324,1120042,,,,,,,
354,1.0,0.0,0.532805219686784,0.2924577715670299,True,1.0,permissive_union,1.0,0.004996975907902523,-0.11641527531711704,0.12640922713292205,-0.14297135067526034,1120042,,,,,,,
357,1.0,1.0,0.6408274001124588,0.2999253159315922,True,1.0,permissive_union,1.0,-0.05733494287827909,-0.17728197734752488,0.06261209159096669,0.1013446835796018,1120042,,,,,,,
360,1.0,0.0,0.3477877504865826,0.3387807653978252,True,1.0,permissive_union,1.0,-0.07004821814662845,-0.16642210659394224,0.02632567030068529,-0.20995476861796994,1120042,,,,,,,
361,0.0,0.0,0.29661108176182654,0.23059339157774011,True,1.0,permissive_union,1.0,-0.036236958110791674,-0.14006636429992614,0.06759244807834278,-0.0406445885166562,1120042,,,,,,,
365,1.0,0.0,0.6049751553904226,0.2863717839207137,True,1.0,permissive_union,1.0,-0.07620061876818197,-0.204561753970799,0.05216051643443502,-0.3344524588585174,1120042,,,,,,,
368,1.0,0.0,0.6849883638981021,0.32733973117530735,True,1.0,permissive_union,1.0,-0.020638520392284497,-0.16485790912754436,0.12358086834297533,-0.05427466854280549,1120042,,,,,,,
370,1.0,0.0,0.19790340240759838,0.10800260009836761,True,1.0,permissive_union,1.0,-0.057411010774828214,-0.16051471318786964,0.04569269163821317,-0.11224918810400103,1120042,,,,,,,
380,0.0,1.0,0.7471666727680591,0.4674264398886901,True,1.0,permissive_union,1.0,-0.058823640142556755,-0.19248545875895123,0.0748381784738377,-0.4595323870462047,1120042,,,,,,,
384,1.0,1.0,0.6900728481780237,0.5112597274821526,True,1.0,permissive_union,1.0,-0.00213189525746775,-0.15230078803792824,0.1480369975229927,0.0703099140074529,1120042,,,,,,,
392,1.0,1.0,0.7956043945971023,0.7308406047876336,True,1.0,permissive_union,1.0,-0.015893232426768773,-0.09781892890527771,0.06603246405174015,0.0859568948245617,1120042,,,,,,,
398,0.0,1.0,0.3206138626697417,0.45685223927714724,True,1.0,permissive_union,1.0,-0.00790330076898562,-0.15162294019803318,0.1358163386600619,-0.3498504475078327,1120042,,,,,,,
409,0.0,0.0,0.18337791691798333,0.4439000770292082,True,1.0,permissive_union,1.0,-0.041759232434652904,-0.17377743262120754,0.09025896775190168,0.14554265152238055,1120042,,,,,,,
422,1.0,1.0,0.4374280553015159,0.34871246199525907,True,1.0,permissive_union,1.0,0.025904574769848022,-0.13624569503776002,0.18805484457745605,0.04875396248008518,1120042,,,,,,,
424,1.0,0.0,0.6770097302582416,0.7052642761137701,True,1.0,permissive_union,1.0,-0.07903830202793917,-0.1814845295182409,0.023407925462362547,-0.411950972386599,1120042,,,,,,,
431,1.0,1.0,0.4372491262168222,0.6279412483546116,True,1.0,permissive_union,1.0,-0.07347970750089951,-0.23287802530035145,0.0859186102985524,-0.32665406706368566,1120042,,,,,,,
433,0.0,0.0,0.10525170726096475,0.10427304962006238,True,1.0,permissive_union,1.0,-0.11301725074179501,-0.2845206164145761,0.05848611493098606,-0.03402153155820689,1120042,,,,,,,
435,0.0,1.0,0.4409894527049854,0.6729711349557012,True,1.0,permissive_union,1.0,-0.02861508920985777,-0.13551542547244289,0.07828524705272731,-0.10742312894197681,1120042,,,,,,,
446,1.0,0.0,0.2790381570542702,0.16375999330593335,True,1.0,permissive_union,1.0,-0.027357563712272145,-0.11043214497337715,0.05571701754883285,-0.06432527410523083,1120042,,,,,,,
447,1.0,1.0,0.536835214889051,0.5503554221394807,True,1.0,permissive_union,1.0,-0.010360274370478218,-0.10299671992929894,0.08227617118834249,0.034144994760945346,1120042,,,,,,,
451,1.0,1.0,0.7690955084071955,0.6112206494377056,True,1.0,permissive_union,1.0,-0.03286234853879005,-0.13107820133981807,0.06535350426223796,-0.17663563846118313,1120042,,,,,,,
460,1.0,0.0,0.39094770965443404,0.27994469973743064,True,1.0,permissive_union,1.0,-0.036159890223280505,-0.2140990480534128,0.14177926760685172,-0.15089969081385596,1120042,,,,,,,
462,0.0,0.0,0.4757820881301206,0.3798226570352518,True,1.0,permissive_union,1.0,-0.019877855914340097,-0.20761096228994907,0.16785525046126884,-0.02877369342676961,1120042,,,,,,,
465,0.0,1.0,0.4312755600906261,0.6491876730428766,True,1.0,permissive_union,1.0,-0.02333182074351976,-0.13355104194823536,0.08688740046119584,-0.07352311822592295,1120042,,,,,,,
467,0.0,0.0,0.2562069965782711,0.26684038260745196,True,1.0,permissive_union,1.0,-0.028915118632064946,-0.18039643586332466,0.12256619859919474,0.18109530692018136,1120042,,,,,,,
468,1.0,0.0,0.44882293786932376,0.4590625162462623,True,1.0,permissive_union,1.0,-0.015490868158772769,-0.15532062969967503,0.12433889338212947,-0.36394341785118856,1120042,,,,,,,
474,0.0,0.0,0.4334979519869535,0.38280401600429703,True,1.0,permissive_union,1.0,-0.010980166911756854,-0.12628470788048585,0.10432437405697212,0.27024214191256124,1120042,,,,,,,
478,1.0,0.0,0.5739982744039367,0.2947270948162633,True,1.0,permissive_union,1.0,-0.04770645613608879,-0.1805799050627349,0.08516699279055731,-0.14113139488284232,1120042,,,,,,,
481,0.0,1.0,0.5087083360409932,0.40825501741027925,True,1.0,permissive_union,1.0,-0.04490616204262577,-0.15674641288574437,0.06693408880049281,0.24256774419822325,1120042,,,,,,,
486,1.0,1.0,0.7441202307802978,0.6148549412893181,True,1.0,permissive_union,1.0,-0.04267125259400738,-0.20724847998009172,0.12190597479207692,-0.6892153014395378,1120042,,,,,,,
487,1.0,1.0,0.8467975192157075,0.5866738910251524,True,1.0,permissive_union,1.0,0.01065394611990352,-0.11314264626922729,0.1344505385090343,-0.028156691615068175,1120042,,,,,,,
498,0.0,0.0,0.3020648921646804,0.1979830251548477,True,1.0,permissive_union,1.0,-0.09627990594332993,-0.18446714316038254,-0.008092668726277327,-0.1062618189134249,1120042,,,,,,,
503,0.0,0.0,0.3446948747805175,0.2658055219729751,True,1.0,permissive_union,1.0,-0.023693246427428937,-0.11896114371097263,0.07157465085611472,-0.16728505428348134,1120042,,,,,,,
507,1.0,1.0,0.8311033999506614,0.7945564212316646,True,1.0,permissive_union,1.0,-0.018846139053321165,-0.13813450942704214,0.10044223132039978,-0.030854928811506976,1120042,,,,,,,
508,0.0,0.0,0.5229332692489086,0.2601699446166555,True,1.0,permissive_union,1.0,-0.0541796823832634,-0.18709454051976238,0.07873517575323555,-0.05620972089686527,1120042,,,,,,,
514,1.0,1.0,0.8270038617254091,0.6943390637417084,True,1.0,permissive_union,1.0,-0.007150914648370876,-0.09099751896256689,0.0766956896658251,-0.061478120138046544,1120042,,,,,,,
526,0.0,0.0,0.15782593929996835,0.13044474411998602,True,1.0,permissive_union,1.0,0.015852929748442397,-0.1233867274844581,0.15509258698134287,0.020299231269924375,1120042,,,,,,,
528,1.0,1.0,0.6647472925894883,0.7352516088728809,True,1.0,permissive_union,1.0,-0.024954596208054222,-0.12852671743631933,0.07861752502021087,-0.3151680255715663,1120042,,,,,,,
532,1.0,0.0,0.5659465902283147,0.4305883970188177,True,1.0,permissive_union,1.0,-0.1215337204749663,-0.20948500169067424,-0.0335824392592584,-0.5334643262344162,1120042,,,,,,,
534,0.0,1.0,0.6356185713393279,0.49570608184298615,True,1.0,permissive_union,1.0,0.06401454517005677,-0.04279590770819143,0.17082499804830492,0.13543398492073888,1120042,,,,,,,
535,0.0,0.0,0.6385549390569282,0.3491581541021244,True,1.0,permissive_union,1.0,0.03012214313858067,-0.08016281091962177,0.1404070971967831,0.03704061610492676,1120042,,,,,,,
538,1.0,0.0,0.7165422603028302,0.5565385298635452,True,1.0,permissive_union,1.0,-0.017985464707026486,-0.19506863804349073,0.15909770862943773,-0.06212851278558973,1120042,,,,,,,
539,0.0,1.0,0.3919352408994978,0.39807883890515544,True,1.0,permissive_union,1.0,-0.03980793734343496,-0.12838261915414223,0.048766744467272305,-0.11126006308263126,1120042,,,,,,,
546,0.0,0.0,0.30246911548946265,0.1674140399970113,True,1.0,permissive_union,1.0,-0.02440629916681276,-0.11455657572731393,0.06574397739368838,-0.06620608679353736,1120042,,,,,,,
549,1.0,0.0,0.737809295603759,0.4018100071172399,True,1.0,permissive_union,1.0,-0.044508647551538036,-0.15320735837025234,0.06419006326717627,-0.22605679180368443,1120042,,,,,,,
550,0.0,0.0,0.22968620364065134,0.12507868829739605,True,1.0,permissive_union,1.0,-0.08246986115956295,-0.18364575318289078,0.01870603086376485,-0.08381602753461014,1120042,,,,,,,
552,1.0,0.0,0.5131292585651384,0.19044531066663345,True,1.0,permissive_union,1.0,0.015192902522420131,-0.1648710253528609,0.19525683039770117,0.08753892270289004,1120042,,,,,,,
559,1.0,0.0,0.6085123450001269,0.405681505096466,True,1.0,permissive_union,1.0,-0.05530962780482015,-0.1510414803375783,0.04042222472793797,-0.36576085048430995,1120042,,,,,,,
560,1.0,1.0,0.8655555287273489,0.6294406160354643,True,1.0,permissive_union,1.0,0.017531551911484637,-0.09972331373403903,0.1347864175570083,-0.06469990771798673,1120042,,,,,,,
561,1.0,0.0,0.6004522932294956,0.25193874811218325,True,1.0,permissive_union,1.0,-0.031225820191547675,-0.1426846477670821,0.08023300738398673,-0.14847635272894044,1120042,,,,,,,
563,0.0,0.0,0.34977696900330585,0.3001244011940171,True,1.0,permissive_union,1.0,-0.03407159414228932,-0.17609719560625886,0.10795400732168015,0.08723419972137467,1120042,,,,,,,
568,1.0,1.0,0.8420165704415828,0.7241993149028411,True,1.0,permissive_union,1.0,-0.10587991512167251,-0.22586673939281426,0.014106909149469216,-0.11006768648138565,1120042,,,,,,,
569,0.0,1.0,0.6204165780663479,0.649966418468412,True,1.0,permissive_union,1.0,-0.06692133328332778,-0.17519842583859152,0.04135575927193595,-0.03506472883281053,1120042,,,,,,,
578,0.0,0.0,0.528449166106585,0.541129455632692,True,1.0,permissive_union,1.0,-0.06651083481085582,-0.17361495755965367,0.04059328793794201,-0.1661069213092291,1120042,,,,,,,
584,1.0,0.0,0.4835230499831929,0.6086690571475216,True,1.0,permissive_union,1.0,0.001909039819921667,-0.12002102517352183,0.12383910481336514,-0.18620539681394355,1120042,,,,,,,
588,1.0,1.0,0.6950874683394853,0.6067692377764136,True,1.0,permissive_union,1.0,-0.0010884109443966214,-0.09287342412991995,0.09069660224112669,0.05151712594740754,1120042,,,,,,,
594,0.0,1.0,0.3845124638174599,0.20204826370818607,True,1.0,permissive_union,1.0,-0.01935500662228928,-0.1530749747096141,0.1143649614650355,-0.1845762402931477,1120042,,,,,,,
599,0.0,1.0,0.5139276407168637,0.3069862927665871,True,1.0,permissive_union,1.0,-0.021951197269197982,-0.13112477140096254,0.08722237686256656,-0.017020805613165407,1120042,,,,,,,
603,1.0,1.0,0.8760250372770755,0.7245136388321798,True,1.0,permissive_union,1.0,-0.0950779347445352,-0.1878447430904323,-0.0023111263986381053,-0.4064471216929251,1120042,,,,,,,
606,0.0,1.0,0.21922940776003394,0.3608687382193187,True,1.0,permissive_union,1.0,-0.050002611160528794,-0.15630750454955938,0.05630228222850179,-0.0810499975355446,1120042,,,,,,,
607,0.0,0.0,0.2306889141131686,0.41349980578355594,True,1.0,permissive_union,1.0,-0.001613595747604941,-0.13597623472190043,0.1327490432266905,-0.20262165996000597,1120042,,,,,,,
609,0.0,1.0,0.2303519206028594,0.1661800464978828,True,1.0,permissive_union,1.0,0.0016662847992053383,-0.07758340225195856,0.08091597185036924,-0.17815202596793825,1120042,,,,,,,
614,1.0,1.0,0.6467946600933504,0.454149402724382,True,1.0,permissive_union,1.0,-0.06734466617767638,-0.2265734704890885,0.09188413813373568,0.13800989485438941,1120042,,,,,,,
617,1.0,0.0,0.6802572666640975,0.691208308706228,True,1.0,permissive_union,1.0,-0.07362251088100154,-0.20376190571693575,0.05651688395493261,-0.32977963417948597,1120042,,,,,,,
621,1.0,1.0,0.627291255719527,0.643934722388693,True,1.0,permissive_union,1.0,-0.09462270030681365,-0.2033679074934049,0.014122506879777563,-0.10300534475910206,1120042,,,,,,,
626,1.0,0.0,0.474501537217078,0.16437460061425205,True,1.0,permissive_union,1.0,0.010692746478294914,-0.07552802944534678,0.0969135224019366,-0.14734105843629364,1120042,,,,,,,
638,1.0,0.0,0.2748012559824055,0.1239220657092472,True,1.0,permissive_union,1.0,-0.0002098395132509607,-0.09205999689590567,0.09164031786940373,-0.028967779075204383,1120042,,,,,,,
648,1.0,1.0,0.5446984576494674,0.4969151883647077,True,1.0,permissive_union,1.0,-0.02285250930388161,-0.17881969082303692,0.13311467221527368,0.22657797391420198,1120042,,,,,,,
651,1.0,0.0,0.7414638822974168,0.20735604282143721,True,1.0,permissive_union,1.0,-0.06929211910196724,-0.1776527967962418,0.039068558592307304,0.14285091672279376,1120042,,,,,,,
656,0.0,0.0,0.28204662460451924,0.4366149382471533,True,1.0,permissive_union,1.0,-0.02202649570380263,-0.1344610829426094,0.0904080915350041,0.008071797181922913,1120042,,,,,,,
662,0.0,0.0,0.6929571721037661,0.5688028871898342,True,1.0,permissive_union,1.0,-0.021840260652739495,-0.2199904834291085,0.17630996212362948,0.12090442381375327,1120042,,,,,,,
663,1.0,1.0,0.6304851473044282,0.5835748670106308,True,1.0,permissive_union,1.0,0.0221250701835139,-0.08936680855739779,0.13361694892442555,-0.0006267839972746714,1120042,,,,,,,
676,1.0,0.0,0.4599439184764482,0.29878782114157487,True,1.0,permissive_union,1.0,-0.08513823369184967,-0.23045173995754217,0.06017527257384281,0.288078314021742,1120042,,,,,,,
680,1.0,0.0,0.6829703748258147,0.11385594636738014,True,1.0,permissive_union,1.0,-0.019461551927675673,-0.1440232106533862,0.1051001067980348,-0.21676132704337042,1120042,,,,,,,
684,0.0,0.0,0.5697406984360188,0.19983185070397666,True,1.0,permissive_union,1.0,-0.028691785796250733,-0.12443948246975574,0.06705591087725427,-0.09365228131014089,1120042,,,,,,,
689,1.0,1.0,0.8868225930045658,0.8706173422583725,True,1.0,permissive_union,1.0,-0.06568450898051853,-0.1687415625955887,0.03737254463455161,0.028437736123359203,1120042,,,,,,,
707,1.0,0.0,0.3095601577041158,0.16574517487960455,True,1.0,permissive_union,1.0,-0.07268485070424816,-0.15809821229860088,0.012728510890104558,-0.18261274863827542,1120042,,,,,,,
708,0.0,0.0,0.38944180681518387,0.31109833854695346,True,1.0,permissive_union,1.0,-0.11408381883967994,-0.23067806710047317,0.002510429421113264,-0.3033594815556778,1120042,,,,,,,
712,0.0,0.0,0.22671743720630477,0.39916050095370287,True,1.0,permissive_union,1.0,-0.02492321709199609,-0.15309977610676567,0.10325334192277345,0.20262182932038472,1120042,,,,,,,
713,0.0,1.0,0.4479973834356069,0.7899673126686212,True,1.0,permissive_union,1.0,-0.02656785973313081,-0.10768923356371164,0.05455351409745002,0.18351149860665072,1120042,,,,,,,
723,1.0,1.0,0.8791019779208326,0.6312407840166131,True,1.0,permissive_union,1.0,0.06476532558744161,-0.09958379015683674,0.2291144413317199,-0.013981278819158116,1120042,,,,,,,
735,1.0,1.0,0.7869431386479372,0.5368141960979033,True,1.0,permissive_union,1.0,-0.02124273616136821,-0.1246594658514108,0.08217399352867437,0.2892291597635016,1120042,,,,,,,
739,0.0,1.0,0.16567925131260422,0.3625667250095327,True,1.0,permissive_union,1.0,-0.025498847341576484,-0.2275680137629752,0.17657031907982218,0.04653584065128688,1120042,,,,,,,
743,1.0,0.0,0.6338297786120288,0.6070901283292623,True,1.0,permissive_union,1.0,-0.024448601461540473,-0.2701677182597898,0.22127051533670877,-0.3588049137290085,1120042,,,,,,,
744,0.0,0.0,0.2696157041235064,0.15264458849958287,True,1.0,permissive_union,1.0,-0.04858305844059881,-0.13420956631119335,0.03704344942999569,0.00043827428651807554,1120042,,,,,,,
752,1.0,0.0,0.6647472925894883,0.7208329462562315,True,1.0,permissive_union,1.0,-0.029328111171406098,-0.11594069942625997,0.057284477083447735,-0.048624029853681416,1120042,,,,,,,
760,1.0,1.0,0.7134555858731084,0.792566241366111,True,1.0,permissive_union,1.0,-0.0984180478389368,-0.2673253782901358,0.07048928261226219,-0.1049719012824385,1120042,,,,,,,
773,1.0,1.0,0.8386940353384825,0.852870223315683,True,1.0,permissive_union,1.0,0.07070338217313424,-0.054640224008914884,0.19604698835518333,-0.05078761983714952,1120042,,,,,,,
776,0.0,0.0,0.3345234242308092,0.20533773166060534,True,1.0,permissive_union,1.0,-0.0016613695102424737,-0.11060324863439475,0.10728050961390978,0.11215936655437345,1120042,,,,,,,
779,0.0,0.0,0.3257453007133764,0.22754313436062862,True,1.0,permissive_union,1.0,-0.02322670698834368,-0.11870371452254214,0.07225030054585474,0.2102850669914252,1120042,,,,,,,
781,1.0,1.0,0.6832939038423603,0.63754694937672,True,1.0,permissive_union,1.0,0.003949125409573941,-0.11431226416441687,0.12221051498356472,0.031273744586730046,1120042,,,,,,,
782,1.0,0.0,0.7648701537663227,0.4641424883295498,True,1.0,permissive_union,1.0,0.004978506428637861,-0.1514688968928601,0.16142590975013582,-0.27881971225762575,1120042,,,,,,,
783,0.0,0.0,0.12172989379204215,0.3168675055683017,True,1.0,permissive_union,1.0,-0.05794615825475758,-0.17173814550474553,0.05584582899523035,0.11768093960974968,1120042,,,,,,,
798,1.0,1.0,0.5742961575804171,0.7338549270059888,True,1.0,permissive_union,1.0,-0.020596625975079864,-0.12579068814395603,0.08459743619379625,-0.012829595656138837,1120042,,,,,,,
822,0.0,0.0,0.7417980053932205,0.6367950734915155,True,1.0,permissive_union,1.0,0.0806438021072454,-0.011789583064266557,0.17307718727875732,0.15687867128973654,1120042,,,,,,,
827,0.0,1.0,0.264977865904604,0.5063020143310597,True,1.0,permissive_union,1.0,-0.10939536179030807,-0.22458147377807836,0.0057907501974622105,-0.47170840662307595,1120042,,,,,,,
839,0.0,0.0,0.4808888128545494,0.1562570180525887,True,1.0,permissive_union,1.0,-0.11681303227221242,-0.23273565898857151,-0.0008904055558533464,-0.082870305049013,1120042,,,,,,,
845,1.0,1.0,0.7067711150558171,0.505484558588421,True,1.0,permissive_union,1.0,0.06541197093924028,-0.10870749359541665,0.2395314354738972,-0.054967122143437575,1120042,,,,,,,
848,0.0,0.0,0.1666158023279128,0.2015602546752192,True,1.0,permissive_union,1.0,-0.03495466631044544,-0.15101535295527868,0.08110602033438778,0.0857810802170664,1120042,,,,,,,
859,1.0,1.0,0.6849906428774399,0.6769103292049636,True,1.0,permissive_union,1.0,-0.0316695076955622,-0.1242028074130401,0.0608637920219157,0.10091643251497262,1120042,,,,,,,
868,1.0,0.0,0.3082583807209731,0.1535068027524439,True,1.0,permissive_union,1.0,-0.04977861638241179,-0.18706712188120803,0.08750988911638438,-0.03768758335333155,1120042,,,,,,,
875,1.0,1.0,0.25333963387393715,0.20708796308982624,True,1.0,permissive_union,1.0,0.07078353793631072,-0.09403007958822489,0.2355971554608463,0.2750351541256375,1120042,,,,,,,
892,0.0,0.0,0.6313698695873204,0.23382463068565157,True,1.0,permissive_union,1.0,-0.010105314941124904,-0.20382087462782034,0.18361024474557047,-0.4218944972490402,1120042,,,,,,,
893,0.0,1.0,0.45589257876268896,0.39302832109664,True,1.0,permissive_union,1.0,-0.07099200135962036,-0.28247904357270226,0.1404950408534615,-0.13899119129057289,1120042,,,,,,,
898,1.0,1.0,0.49462645872228006,0.3547315126470555,True,1.0,permissive_union,1.0,-0.040800972451028636,-0.18661979658947214,0.10501785168741483,0.11489019733853345,1120042,,,,,,,
908,1.0,1.0,0.59795154629418,0.5465323047791424,True,1.0,permissive_union,1.0,-0.03431566558082719,-0.18132139804705677,0.11269006688540237,0.2700079153490359,1120042,,,,,,,
913,0.0,0.0,0.4590740424682504,0.15303561997525103,True,1.0,permissive_union,1.0,0.01774355720171944,-0.07224198563446171,0.10772910003790058,0.5763362625455206,1120042,,,,,,,
915,1.0,1.0,0.8444617337210738,0.7902472579186703,True,1.0,permissive_union,1.0,0.030452446960421882,-0.06718461059854178,0.1280895045193855,-0.10460704553612188,1120042,,,,,,,
924,0.0,1.0,0.11064807383603614,0.35875496457481376,True,1.0,permissive_union,1.0,-0.04475576493884098,-0.16000302853625237,0.07049149865857038,-0.03518580558050255,1120042,,,,,,,
929,1.0,0.0,0.6634216252210545,0.5571596280328351,True,1.0,permissive_union,1.0,-0.039295585215927,-0.2545290106387032,0.17593784020684913,-0.2246108655442407,1120042,,,,,,,
934,0.0,0.0,0.17588820990102041,0.1479102128392838,True,1.0,permissive_union,1.0,-0.04346534475683079,-0.15149667240563736,0.06456598289197577,-0.17923562100166213,1120042,,,,,,,
955,1.0,1.0,0.7279935351733413,0.7193079523925068,True,1.0,permissive_union,1.0,-0.07669312143716213,-0.19236527630393907,0.038979033429614784,-0.4074361291328243,1120042,,,,,,,
960,1.0,1.0,0.516353381546526,0.48744897008899524,True,1.0,permissive_union,1.0,-0.010107054304025887,-0.2232233038861558,0.20300919527810396,0.30302428580824725,1120042,,,,,,,
961,0.0,1.0,0.5952214322323915,0.2839526673389449,True,1.0,permissive_union,1.0,0.0032309623536562757,-0.11543329797227712,0.12189522267958965,-0.17386110854674186,1120042,,,,,,,
967,0.0,0.0,0.7111062328377343,0.6026371727046967,True,1.0,permissive_union,1.0,0.017199892006936963,-0.06766377236241405,0.10206355637628796,0.11315424130412288,1120042,,,,,,,
976,0.0,0.0,0.22296580907529134,0.08518100874594803,True,1.0,permissive_union,1.0,-0.008732195039344068,-0.10703892419833609,0.08957453411964793,-0.10435438224184548,1120042,,,,,,,
977,1.0,0.0,0.8795089744048036,0.5493546289655924,True,1.0,permissive_union,1.0,0.0011593197064779922,-0.13423917379497596,0.1365578132079319,0.2172265382051104,1120042,,,,,,,
980,1.0,1.0,0.7845093011134376,0.5285083827381312,True,1.0,permissive_union,1.0,0.011327325760859444,-0.08970115866190308,0.11235581018362195,-0.1328309937568829,1120042,,,,,,,
986,1.0,0.0,0.6842931095653495,0.4407593834478375,True,1.0,permissive_union,1.0,-0.06575605545703878,-0.1934394100180653,0.061927299103987726,-0.21930664730454208,1120042,,,,,,,
987,0.0,0.0,0.4937146818591577,0.41011618555896223,True,1.0,permissive_union,1.0,-0.017684914408043945,-0.1237982428233085,0.08842841400722058,0.16537846499403014,1120042,,,,,,,
989,0.0,0.0,0.502114524477848,0.4557268144672463,True,1.0,permissive_union,1.0,-0.09313008926070775,-0.21269621363671365,0.026436035115298115,-0.22553091570484401,1120042,,,,,,,
5,1.0,1.0,0.6377114402121038,0.34254974755376194,True,1.0,all_candidates,1.0,0.026429143867911783,-0.07728691882324912,0.13014520655907266,0.29544125881310984,1120042,,,,,,,
12,0.0,1.0,0.40864594703941975,0.30002689738786964,True,1.0,all_candidates,1.0,-0.015257724438872822,-0.18853527912734866,0.15801983024960298,-0.1020346687031714,1120042,,,,,,,
15,1.0,0.0,0.5202019068490832,0.11807387106554294,True,1.0,all_candidates,1.0,-0.06664645684402086,-0.20927262653305156,0.07597971284500983,-0.003080297422145953,1120042,,,,,,,
30,0.0,0.0,0.5746897562690604,0.24295906763714584,True,1.0,all_candidates,1.0,-0.04509065181057708,-0.13400505229326196,0.04382374867210779,-0.15824629257148742,1120042,,,,,,,
39,1.0,0.0,0.6048933776872666,0.3441516064005722,True,1.0,all_candidates,1.0,-0.05922160658094115,-0.21722931179350152,0.09878609863161918,-0.0787740414269622,1120042,,,,,,,
40,0.0,0.0,0.3543801765148926,0.35057432062020416,True,1.0,all_candidates,1.0,-0.037366156048035754,-0.1743165805778181,0.09958426848174656,0.060474988513839145,1120042,,,,,,,
43,1.0,0.0,0.7309350546172592,0.38618933830050256,True,1.0,all_candidates,1.0,-0.017884500530970036,-0.12061427019119111,0.08484526912925103,-0.19702180525731344,1120042,,,,,,,
45,0.0,0.0,0.2877857978025763,0.3689753372039217,True,1.0,all_candidates,1.0,-0.05521602396990044,-0.15505409475403156,0.044622046814230654,0.13139903885494988,1120042,,,,,,,
48,1.0,1.0,0.4640558918721573,0.5888245392655549,True,1.0,all_candidates,1.0,-0.06594496236450989,-0.26643259485739845,0.13454267012837862,-0.02351093248221392,1120042,,,,,,,
63,1.0,0.0,0.493740643635318,0.20164355626544486,True,1.0,all_candidates,1.0,-0.06195645947806862,-0.19254346338212097,0.0686305444259837,-0.08061850681857732,1120042,,,,,,,
67,1.0,1.0,0.4135078007326209,0.532633707078535,True,1.0,all_candidates,1.0,-0.0886663417600058,-0.30104701108749227,0.12371432756748059,-0.4040936263411786,1120042,,,,,,,
69,0.0,0.0,0.46600337273861786,0.48630868982475617,True,1.0,all_candidates,1.0,-0.031641599405466486,-0.2786446286365555,0.21536142982562242,-0.2535047085663173,1120042,,,,,,,
72,1.0,0.0,0.5908011295185976,0.3649110295452353,True,1.0,all_candidates,1.0,-0.07487482558297165,-0.1625529644924737,0.012803313326530397,0.03393963416448598,1120042,,,,,,,
75,1.0,0.0,0.8971971121686327,0.590906090484836,True,1.0,all_candidates,1.0,0.011332194342755099,-0.1381952161799477,0.16085960486545786,-0.21905044290968123,1120042,,,,,,,
93,0.0,1.0,0.23435593073816172,0.3708737195266814,True,1.0,all_candidates,1.0,-0.02259629576041776,-0.16578355293417657,0.12059096141334098,-0.24763340158643393,1120042,,,,,,,
115,0.0,0.0,0.417662784829503,0.3560754401295836,True,1.0,all_candidates,1.0,-0.02046270174984049,-0.17262857907288554,0.13170317557320452,-0.036066766855671034,1120042,,,,,,,
116,0.0,1.0,0.2300810466125331,0.24524587329350514,True,1.0,all_candidates,1.0,-0.0957468512776503,-0.19964586307966803,0.008152160524367416,-0.014342061446469406,1120042,,,,,,,
121,1.0,0.0,0.829551555662928,0.5644650903605791,True,1.0,all_candidates,1.0,0.004059924119823366,-0.10038558288111955,0.10850543112076627,-0.578150415838105,1120042,,,,,,,
122,1.0,0.0,0.6628130336914178,0.16757719199669627,True,1.0,all_candidates,1.0,-0.018038085556677668,-0.1404884854410503,0.10441231432769493,-0.1662835077113541,1120042,,,,,,,
123,0.0,1.0,0.39744562120923743,0.39243083175848403,True,1.0,all_candidates,1.0,-0.06912075802516592,-0.153354806148284,0.015113290097952162,0.03246765507545743,1120042,,,,,,,
126,0.0,0.0,0.2904388139791195,0.3909132072928165,True,1.0,all_candidates,1.0,-0.053114988201518,-0.1497171313282083,0.043487154925172286,-0.3010231687743369,1120042,,,,,,,
130,0.0,0.0,0.26863216138852986,0.21849460988274513,True,1.0,all_candidates,1.0,-0.04951782387307286,-0.18357937453575904,0.0845437267896133,0.006309753656425152,1120042,,,,,,,
137,0.0,0.0,0.19104229057139868,0.136704195001431,True,1.0,all_candidates,1.0,-0.017439210158366684,-0.1454415032535447,0.11056308293681127,-0.035394603233024145,1120042,,,,,,,
145,1.0,0.0,0.4660143956373304,0.44212132263226617,True,1.0,all_candidates,1.0,-0.024374965504392693,-0.14518633299745656,0.09643640198867115,-0.33769143797714973,1120042,,,,,,,
151,0.0,1.0,0.5191771574449675,0.4662585530143542,True,1.0,all_candidates,1.0,-0.014800042935060213,-0.10855761330916795,0.0789575274390475,-0.31487008056515453,1120042,,,,,,,
162,0.0,0.0,0.5856731783723788,0.5989655969474362,True,1.0,all_candidates,1.0,-0.021219950731834764,-0.09961883769415526,0.05717893623048573,-0.1770906937214045,1120042,,,,,,,
167,0.0,1.0,0.6272436550256896,0.707639467658466,True,1.0,all_candidates,1.0,-0.05454710262670939,-0.18093625972696417,0.07184205447354536,0.060419762402974864,1120042,,,,,,,
169,1.0,1.0,0.718421807752594,0.8744463758885973,True,1.0,all_candidates,1.0,-0.03503269863115798,-0.1556069303588658,0.08554153309654983,-0.059438745764093026,1120042,,,,,,,
180,1.0,1.0,0.8672668628184429,0.5657293381904667,True,1.0,all_candidates,1.0,-0.04559974711594335,-0.22913182240393065,0.13793232817204393,0.07214620573564456,1120042,,,,,,,
186,1.0,0.0,0.5911390146431826,0.5179879989770028,True,1.0,all_candidates,1.0,-0.04272711018411575,-0.20878096068156043,0.12332674031332892,-0.34838730337294177,1120042,,,,,,,
193,0.0,0.0,0.40023106047420476,0.1550758670471376,True,1.0,all_candidates,1.0,-0.05380219091934496,-0.26431779751740325,0.15671341567871327,-0.07790570380726344,1120042,,,,,,,
196,0.0,0.0,0.4779684453454312,0.4063942925546509,True,1.0,all_candidates,1.0,0.00438968076666444,-0.19485305408330503,0.20363241561663387,0.18500422317417548,1120042,,,,,,,
198,0.0,0.0,0.14587366590344183,0.3168318250125152,True,1.0,all_candidates,1.0,-0.05258002723074674,-0.18930462748374766,0.08414457302225413,-0.09796041668062988,1120042,,,,,,,
205,1.0,1.0,0.889667935890094,0.4157414662695457,True,1.0,all_candidates,1.0,-0.06539292596905587,-0.17533928904748233,0.04455343710937057,0.10039000345163385,1120042,,,,,,,
208,1.0,1.0,0.37917397054309765,0.6227098092939151,True,1.0,all_candidates,1.0,-0.027253485904814922,-0.13555160355936868,0.08104463174973882,-0.38364186382161225,1120042,,,,,,,
211,0.0,0.0,0.231401125726331,0.22905857404779453,True,1.0,all_candidates,1.0,-0.04044800667712506,-0.1845898884080071,0.10369387505375696,0.039362356322426656,1120042,,,,,,,
229,0.0,0.0,0.35491053100236486,0.18642819332391197,True,1.0,all_candidates,1.0,-0.06266341100231652,-0.19599735631262794,0.07067053430799487,-0.0181111175885878,1120042,,,,,,,
237,0.0,1.0,0.3187585270756577,0.6861105920384603,True,1.0,all_candidates,1.0,-0.03795522397875118,-0.24608075747609512,0.17017030951859272,0.014677238537030401,1120042,,,,,,,
241,1.0,0.0,0.33880276994038705,0.4470269612145222,True,1.0,all_candidates,1.0,-0.064284063813005,-0.2505903784359196,0.12202225080990955,-0.2359562924134932,1120042,,,,,,,
250,1.0,1.0,0.8428866494274864,0.703627059039757,True,1.0,all_candidates,1.0,-0.05421409258077135,-0.17566654619853672,0.067238361036994,-0.14381661120733635,1120042,,,,,,,
254,0.0,1.0,0.20839292854203073,0.24099446092279211,True,1.0,all_candidates,1.0,-0.061266434187085814,-0.2050112704482812,0.08247840207410957,0.11029612787953566,1120042,,,,,,,
261,0.0,0.0,0.25783316789758004,0.1812073244799295,True,1.0,all_candidates,1.0,-0.0016536518069471034,-0.1516331339108558,0.14832583029696159,0.31285754382566056,1120042,,,,,,,
264,1.0,1.0,0.5133701154893368,0.5783417591739412,True,1.0,all_candidates,1.0,-0.027879559304309715,-0.15761565959217969,0.10185654098356023,0.10130985419071503,1120042,,,,,,,
265,0.0,0.0,0.4673440107611287,0.3563794093146026,True,1.0,all_candidates,1.0,-0.04713947329099877,-0.16395479542302616,0.06967584884102858,-0.19966649402570194,1120042,,,,,,,
270,0.0,0.0,0.34874073775724557,0.20171397701955088,True,1.0,all_candidates,1.0,-0.023305871235968736,-0.11568722253241408,0.06907548006047658,-0.05981133747776573,1120042,,,,,,,
271,1.0,0.0,0.8208015211662028,0.8654343342544495,True,1.0,all_candidates,1.0,-0.025327109708137004,-0.14843324767399235,0.09777902825771832,-0.027407061388611043,1120042,,,,,,,
277,1.0,1.0,0.8458274757149049,0.5796784555469318,True,1.0,all_candidates,1.0,-0.033245966128649315,-0.12727051140028467,0.060778579142986025,0.19707323380293573,1120042,,,,,,,
282,0.0,0.0,0.4968539889905682,0.48950108386632263,True,1.0,all_candidates,1.0,-0.02732226813143525,-0.18989902567620226,0.13525448941333168,0.2904593735133494,1120042,,,,,,,
284,0.0,1.0,0.26169668314489575,0.48044735559495144,True,1.0,all_candidates,1.0,-0.007038520088589607,-0.11472589212894982,0.10064885195177059,0.18518688543613304,1120042,,,,,,,
288,1.0,0.0,0.7511605014707504,0.5824804714021297,True,1.0,all_candidates,1.0,-0.06326449376371332,-0.21076198444393254,0.08423299691650588,0.004640120746827181,1120042,,,,,,,
294,1.0,1.0,0.8164796270017057,0.49031264913350026,True,1.0,all_candidates,1.0,-0.040248465797997915,-0.1688562943500621,0.08835936275406624,-0.34951026332690505,1120042,,,,,,,
318,0.0,0.0,0.6636540076542939,0.5705544669325786,True,1.0,all_candidates,1.0,-0.06822690021483256,-0.17919223127679412,0.04273843084712897,-0.20199985734703257,1120042,,,,,,,
319,1.0,1.0,0.8930296774091446,0.7555478412559756,True,1.0,all_candidates,1.0,-0.027103726469928854,-0.1508391797878789,0.09663172684802115,0.04278373950332526,1120042,,,,,,,
328,0.0,1.0,0.39432924248177276,0.18948303187203663,True,1.0,all_candidates,1.0,-0.03102904159392994,-0.12295775964808535,0.06089967646022544,0.10327243996857394,1120042,,,,,,,
334,0.0,0.0,0.32003853805723764,0.2875355167491368,True,1.0,all_candidates,1.0,-0.03538307672496198,-0.1705016088964224,0.09973545544649841,-0.1484375342195409,1120042,,,,,,,
339,0.0,1.0,0.6907306329755005,0.5644583916735121,True,1.0,all_candidates,1.0,-0.05557802578098758,-0.15211798173576008,0.04096193017378487,-0.04096418254395162,1120042,,,,,,,
343,1.0,1.0,0.7122793784860058,0.5155210187085154,True,1.0,all_candidates,1.0,-0.03603322741483737,-0.11762488868362053,0.04555843385394578,-0.252500407706424,1120042,,,,,,,
346,0.0,0.0,0.4668878241550569,0.33951763988107997,True,1.0,all_candidates,1.0,-0.0582230359082901,-0.19173050862064495,0.0752844368040647,0.021257549177203516,1120042,,,,,,,
347,0.0,1.0,0.20263826870260368,0.2637419376444213,True,1.0,all_candidates,1.0,-0.053567031269710116,-0.19167593872450045,0.08454187618508018,0.0718545920669893,1120042,,,,,,,
349,0.0,1.0,0.7980010545149436,0.6771543356924604,True,1.0,all_candidates,1.0,-0.04269521970212728,-0.12645226514391217,0.04106182573965757,0.03268878550218324,1120042,,,,,,,
354,1.0,0.0,0.532805219686784,0.2924577715670299,True,1.0,all_candidates,1.0,-0.03434878291777128,-0.17986394764914226,0.11116638181359967,-0.14297135067526034,1120042,,,,,,,
357,1.0,1.0,0.6408274001124588,0.2999253159315922,True,1.0,all_candidates,1.0,-0.045001073307405944,-0.18668306154235206,0.09668091492754016,0.1013446835796018,1120042,,,,,,,
360,1.0,0.0,0.3477877504865826,0.3387807653978252,True,1.0,all_candidates,1.0,-0.07669560644407146,-0.16632209852870306,0.012930885640560136,-0.20995476861796994,1120042,,,,,,,
361,0.0,0.0,0.29661108176182654,0.23059339157774011,True,1.0,all_candidates,1.0,-0.041540778672745755,-0.12796604881956158,0.044884491474070067,-0.0406445885166562,1120042,,,,,,,
365,1.0,0.0,0.6049751553904226,0.2863717839207137,True,1.0,all_candidates,1.0,-0.04439150574789141,-0.1773647252632676,0.08858171376748475,-0.3344524588585174,1120042,,,,,,,
368,1.0,0.0,0.6849883638981021,0.32733973117530735,True,1.0,all_candidates,1.0,-0.052558895854787645,-0.22861768551265382,0.12349989380307849,-0.05427466854280549,1120042,,,,,,,
370,1.0,0.0,0.19790340240759838,0.10800260009836761,True,1.0,all_candidates,1.0,-0.021969724049182036,-0.13072649403694644,0.08678704593858236,-0.11224918810400103,1120042,,,,,,,
380,0.0,1.0,0.7471666727680591,0.4674264398886901,True,1.0,all_candidates,1.0,-0.08853370030219775,-0.17755637972164207,0.0004889791172465324,-0.4595323870462047,1120042,,,,,,,
384,1.0,1.0,0.6900728481780237,0.5112597274821526,True,1.0,all_candidates,1.0,-0.013279509099819944,-0.14899534445353477,0.12243632625389485,0.0703099140074529,1120042,,,,,,,
392,1.0,1.0,0.7956043945971023,0.7308406047876336,True,1.0,all_candidates,1.0,-0.046141846099493025,-0.14433623824544636,0.052052546046460285,0.0859568948245617,1120042,,,,,,,
398,0.0,1.0,0.3206138626697417,0.45685223927714724,True,1.0,all_candidates,1.0,-0.04940678842023265,-0.11762430165958965,0.01881072481912434,-0.3498504475078327,1120042,,,,,,,
409,0.0,0.0,0.18337791691798333,0.4439000770292082,True,1.0,all_candidates,1.0,-0.027675270957507637,-0.1368419936042226,0.0814914516892073,0.14554265152238055,1120042,,,,,,,
422,1.0,1.0,0.4374280553015159,0.34871246199525907,True,1.0,all_candidates,1.0,-0.012859971318260392,-0.10755310753392619,0.0818331648974054,0.04875396248008518,1120042,,,,,,,
424,1.0,0.0,0.6770097302582416,0.7052642761137701,True,1.0,all_candidates,1.0,-0.03673481801709639,-0.14079912237778877,0.06732948634359598,-0.411950972386599,1120042,,,,,,,
431,1.0,1.0,0.4372491262168222,0.6279412483546116,True,1.0,all_candidates,1.0,-0.06529009491143714,-0.1716523701820517,0.041072180359177396,-0.32665406706368566,1120042,,,,,,,
433,0.0,0.0,0.10525170726096475,0.10427304962006238,True,1.0,all_candidates,1.0,-0.041258587045367535,-0.21564045638142038,0.13312328229068526,-0.03402153155820689,1120042,,,,,,,
435,0.0,1.0,0.4409894527049854,0.6729711349557012,True,1.0,all_candidates,1.0,-0.02350534158794386,-0.13090711224764612,0.08389642907175836,-0.10742312894197681,1120042,,,,,,,
446,1.0,0.0,0.2790381570542702,0.16375999330593335,True,1.0,all_candidates,1.0,-0.0542221054133076,-0.15722538025757676,0.04878116943096153,-0.06432527410523083,1120042,,,,,,,
447,1.0,1.0,0.536835214889051,0.5503554221394807,True,1.0,all_candidates,1.0,-0.009960046323980037,-0.1814376010172592,0.1615175083692991,0.034144994760945346,1120042,,,,,,,
451,1.0,1.0,0.7690955084071955,0.6112206494377056,True,1.0,all_candidates,1.0,-0.04998402730846698,-0.1749597751599334,0.07499172054299943,-0.17663563846118313,1120042,,,,,,,
460,1.0,0.0,0.39094770965443404,0.27994469973743064,True,1.0,all_candidates,1.0,-0.02458088681201665,-0.169624312410367,0.12046253878633367,-0.15089969081385596,1120042,,,,,,,
462,0.0,0.0,0.4757820881301206,0.3798226570352518,True,1.0,all_candidates,1.0,-0.027068564024000766,-0.12290586351423759,0.06876873546623605,-0.02877369342676961,1120042,,,,,,,
465,0.0,1.0,0.4312755600906261,0.6491876730428766,True,1.0,all_candidates,1.0,-0.04159263827957161,-0.18985432972274893,0.1066690531636057,-0.07352311822592295,1120042,,,,,,,
467,0.0,0.0,0.2562069965782711,0.26684038260745196,True,1.0,all_candidates,1.0,-0.07169933655152066,-0.1547887890148724,0.011390115911831034,0.18109530692018136,1120042,,,,,,,
468,1.0,0.0,0.44882293786932376,0.4590625162462623,True,1.0,all_candidates,1.0,-0.027211570040732217,-0.14522564774695035,0.09080250766548588,-0.36394341785118856,1120042,,,,,,,
474,0.0,0.0,0.4334979519869535,0.38280401600429703,True,1.0,all_candidates,1.0,-0.025350195205503204,-0.2151006091833051,0.16440021877229866,0.27024214191256124,1120042,,,,,,,
478,1.0,0.0,0.5739982744039367,0.2947270948162633,True,1.0,all_candidates,1.0,-0.0649529729598124,-0.2288583886050222,0.09895244268539735,-0.14113139488284232,1120042,,,,,,,
481,0.0,1.0,0.5087083360409932,0.40825501741027925,True,1.0,all_candidates,1.0,-0.006709552234396353,-0.21871392652879826,0.20529482206000552,0.24256774419822325,1120042,,,,,,,
486,1.0,1.0,0.7441202307802978,0.6148549412893181,True,1.0,all_candidates,1.0,-0.06018800136164137,-0.21021613249941234,0.08984012977612957,-0.6892153014395378,1120042,,,,,,,
487,1.0,1.0,0.8467975192157075,0.5866738910251524,True,1.0,all_candidates,1.0,-0.02830342631494083,-0.14443569753601138,0.0878288449061297,-0.028156691615068175,1120042,,,,,,,
498,0.0,0.0,0.3020648921646804,0.1979830251548477,True,1.0,all_candidates,1.0,-0.07565460684676784,-0.1891967432725242,0.0378875295789885,-0.1062618189134249,1120042,,,,,,,
503,0.0,0.0,0.3446948747805175,0.2658055219729751,True,1.0,all_candidates,1.0,-0.05132430402574193,-0.16046328502101379,0.05781467696952989,-0.16728505428348134,1120042,,,,,,,
507,1.0,1.0,0.8311033999506614,0.7945564212316646,True,1.0,all_candidates,1.0,-0.057366432857875294,-0.15049723695397482,0.03576437123822421,-0.030854928811506976,1120042,,,,,,,
508,0.0,0.0,0.5229332692489086,0.2601699446166555,True,1.0,all_candidates,1.0,-0.0844525674751979,-0.24550034430207096,0.07659520935167514,-0.05620972089686527,1120042,,,,,,,
514,1.0,1.0,0.8270038617254091,0.6943390637417084,True,1.0,all_candidates,1.0,-0.05717450849175078,-0.21247873364539366,0.09812971666189206,-0.061478120138046544,1120042,,,,,,,
526,0.0,0.0,0.15782593929996835,0.13044474411998602,True,1.0,all_candidates,1.0,-0.031609932331122303,-0.1259588023669646,0.06273893770471997,0.020299231269924375,1120042,,,,,,,
528,1.0,1.0,0.6647472925894883,0.7352516088728809,True,1.0,all_candidates,1.0,0.008131989318360034,-0.09318202051222155,0.1094459991489416,-0.3151680255715663,1120042,,,,,,,
532,1.0,0.0,0.5659465902283147,0.4305883970188177,True,1.0,all_candidates,1.0,-0.05649351565848432,-0.17582712167192738,0.06284009035495872,-0.5334643262344162,1120042,,,,,,,
534,0.0,1.0,0.6356185713393279,0.49570608184298615,True,1.0,all_candidates,1.0,-0.016883385846456773,-0.18692418203742195,0.1531574103445084,0.13543398492073888,1120042,,,,,,,
535,0.0,0.0,0.6385549390569282,0.3491581541021244,True,1.0,all_candidates,1.0,-0.01501842352156021,-0.11850862398043091,0.08847177693731047,0.03704061610492676,1120042,,,,,,,
538,1.0,0.0,0.7165422603028302,0.5565385298635452,True,1.0,all_candidates,1.0,-0.02089948895530073,-0.1769258722142245,0.135126894303623,-0.06212851278558973,1120042,,,,,,,
539,0.0,1.0,0.3919352408994978,0.39807883890515544,True,1.0,all_candidates,1.0,-0.043897866041276316,-0.11635132836073706,0.028555596278184416,-0.11126006308263126,1120042,,,,,,,
546,0.0,0.0,0.30246911548946265,0.1674140399970113,True,1.0,all_candidates,1.0,-0.04614235576399618,-0.18015122332372918,0.08786651179573678,-0.06620608679353736,1120042,,,,,,,
549,1.0,0.0,0.737809295603759,0.4018100071172399,True,1.0,all_candidates,1.0,-0.07331077219013471,-0.1875762185717186,0.04095467419144917,-0.22605679180368443,1120042,,,,,,,
550,0.0,0.0,0.22968620364065134,0.12507868829739605,True,1.0,all_candidates,1.0,-0.04320358596195859,-0.17405108486034054,0.08764391293642335,-0.08381602753461014,1120042,,,,,,,
552,1.0,0.0,0.5131292585651384,0.19044531066663345,True,1.0,all_candidates,1.0,-0.04305631032392203,-0.20804257860800396,0.12192995796015989,0.08753892270289004,1120042,,,,,,,
559,1.0,0.0,0.6085123450001269,0.405681505096466,True,1.0,all_candidates,1.0,-0.04820712667841186,-0.16466701776192916,0.0682527644051054,-0.36576085048430995,1120042,,,,,,,
560,1.0,1.0,0.8655555287273489,0.6294406160354643,True,1.0,all_candidates,1.0,-0.030026170170795896,-0.17149369576133028,0.11144135541973846,-0.06469990771798673,1120042,,,,,,,
561,1.0,0.0,0.6004522932294956,0.25193874811218325,True,1.0,all_candidates,1.0,-0.03967412513421894,-0.18542088914141425,0.10607263887297633,-0.14847635272894044,1120042,,,,,,,
563,0.0,0.0,0.34977696900330585,0.3001244011940171,True,1.0,all_candidates,1.0,-0.0345008358157873,-0.15184362366356324,0.0828419520319886,0.08723419972137467,1120042,,,,,,,
568,1.0,1.0,0.8420165704415828,0.7241993149028411,True,1.0,all_candidates,1.0,-0.06882766169284665,-0.1777294274509182,0.04007410406522485,-0.11006768648138565,1120042,,,,,,,
569,0.0,1.0,0.6204165780663479,0.649966418468412,True,1.0,all_candidates,1.0,-0.0715848051128462,-0.16266201916335576,0.019492408937663352,-0.03506472883281053,1120042,,,,,,,
578,0.0,0.0,0.528449166106585,0.541129455632692,True,1.0,all_candidates,1.0,-0.025547979949381103,-0.1342253658433811,0.08312940594461887,-0.1661069213092291,1120042,,,,,,,
584,1.0,0.0,0.4835230499831929,0.6086690571475216,True,1.0,all_candidates,1.0,-0.01318054802151392,-0.19675741963256993,0.17039632358954204,-0.18620539681394355,1120042,,,,,,,
588,1.0,1.0,0.6950874683394853,0.6067692377764136,True,1.0,all_candidates,1.0,-0.018892706153890187,-0.16703515775004307,0.12924974544226267,0.05151712594740754,1120042,,,,,,,
594,0.0,1.0,0.3845124638174599,0.20204826370818607,True,1.0,all_candidates,1.0,-0.03274525201988775,-0.19785607318544507,0.1323655691456695,-0.1845762402931477,1120042,,,,,,,
599,0.0,1.0,0.5139276407168637,0.3069862927665871,True,1.0,all_candidates,1.0,-0.038056402559556904,-0.1558435334042903,0.07973072828517648,-0.017020805613165407,1120042,,,,,,,
603,1.0,1.0,0.8760250372770755,0.7245136388321798,True,1.0,all_candidates,1.0,-0.04359843646579616,-0.1968868852241304,0.10969001229253802,-0.4064471216929251,1120042,,,,,,,
606,0.0,1.0,0.21922940776003394,0.3608687382193187,True,1.0,all_candidates,1.0,-0.04458468936517923,-0.13029407600982512,0.04112469727946662,-0.0810499975355446,1120042,,,,,,,
607,0.0,0.0,0.2306889141131686,0.41349980578355594,True,1.0,all_candidates,1.0,-0.03431731754740494,-0.14352597183234608,0.07489133673753617,-0.20262165996000597,1120042,,,,,,,
609,0.0,1.0,0.2303519206028594,0.1661800464978828,True,1.0,all_candidates,1.0,-0.05898928500991834,-0.1873995421876334,0.06942097216779669,-0.17815202596793825,1120042,,,,,,,
614,1.0,1.0,0.6467946600933504,0.454149402724382,True,1.0,all_candidates,1.0,-0.04642950090686378,-0.15036126820329188,0.05750226638956432,0.13800989485438941,1120042,,,,,,,
617,1.0,0.0,0.6802572666640975,0.691208308706228,True,1.0,all_candidates,1.0,-0.03198737281935276,-0.19731229378919457,0.133337548150489,-0.32977963417948597,1120042,,,,,,,
621,1.0,1.0,0.627291255719527,0.643934722388693,True,1.0,all_candidates,1.0,-0.03734858154838161,-0.18719170108740135,0.1124945379906381,-0.10300534475910206,1120042,,,,,,,
626,1.0,0.0,0.474501537217078,0.16437460061425205,True,1.0,all_candidates,1.0,-0.007614822027860593,-0.15251549414182564,0.13728585008610442,-0.14734105843629364,1120042,,,,,,,
638,1.0,0.0,0.2748012559824055,0.1239220657092472,True,1.0,all_candidates,1.0,-0.04295518048180469,-0.1948584854866906,0.10894812452308117,-0.028967779075204383,1120042,,,,,,,
648,1.0,1.0,0.5446984576494674,0.4969151883647077,True,1.0,all_candidates,1.0,-0.024606003835090554,-0.1585494668276924,0.10933745915751124,0.22657797391420198,1120042,,,,,,,
651,1.0,0.0,0.7414638822974168,0.20735604282143721,True,1.0,all_candidates,1.0,-0.06324668515805648,-0.14716567123322294,0.020672300917109976,0.14285091672279376,1120042,,,,,,,
656,0.0,0.0,0.28204662460451924,0.4366149382471533,True,1.0,all_candidates,1.0,-0.040548827448593144,-0.1670793111242215,0.08598165622703519,0.008071797181922913,1120042,,,,,,,
662,0.0,0.0,0.6929571721037661,0.5688028871898342,True,1.0,all_candidates,1.0,-0.012665960949133113,-0.20065509788445415,0.1753231759861879,0.12090442381375327,1120042,,,,,,,
663,1.0,1.0,0.6304851473044282,0.5835748670106308,True,1.0,all_candidates,1.0,-0.034856784103745195,-0.14549570183529748,0.07578213362780707,-0.0006267839972746714,1120042,,,,,,,
676,1.0,0.0,0.4599439184764482,0.29878782114157487,True,1.0,all_candidates,1.0,-0.03282596483420825,-0.12791403424481226,0.06226210457639574,0.288078314021742,1120042,,,,,,,
680,1.0,0.0,0.6829703748258147,0.11385594636738014,True,1.0,all_candidates,1.0,-0.01361175987221102,-0.13514575977002688,0.10792224002560483,-0.21676132704337042,1120042,,,,,,,
684,0.0,0.0,0.5697406984360188,0.19983185070397666,True,1.0,all_candidates,1.0,-0.006177285431174248,-0.1770710597626627,0.1647164889003142,-0.09365228131014089,1120042,,,,,,,
689,1.0,1.0,0.8868225930045658,0.8706173422583725,True,1.0,all_candidates,1.0,-0.014366089819201702,-0.16676194797757973,0.13802976833917627,0.028437736123359203,1120042,,,,,,,
707,1.0,0.0,0.3095601577041158,0.16574517487960455,True,1.0,all_candidates,1.0,-0.045461581086515476,-0.1438164126117546,0.0528932504387236,-0.18261274863827542,1120042,,,,,,,
708,0.0,0.0,0.38944180681518387,0.31109833854695346,True,1.0,all_candidates,1.0,-0.05986582856196655,-0.1664607308958786,0.046729073771945476,-0.3033594815556778,1120042,,,,,,,
712,0.0,0.0,0.22671743720630477,0.39916050095370287,True,1.0,all_candidates,1.0,-0.0530136099929339,-0.2171921448687862,0.1111649248829184,0.20262182932038472,1120042,,,,,,,
713,0.0,1.0,0.4479973834356069,0.7899673126686212,True,1.0,all_candidates,1.0,-0.05269099025020209,-0.17661234725372993,0.07123036675332571,0.18351149860665072,1120042,,,,,,,
723,1.0,1.0,0.8791019779208326,0.6312407840166131,True,1.0,all_candidates,1.0,-0.034736372767175124,-0.14750995206405088,0.07803720652970061,-0.013981278819158116,1120042,,,,,,,
735,1.0,1.0,0.7869431386479372,0.5368141960979033,True,1.0,all_candidates,1.0,-0.024284584880830174,-0.1208094783476489,0.07224030858598854,0.2892291597635016,1120042,,,,,,,
739,0.0,1.0,0.16567925131260422,0.3625667250095327,True,1.0,all_candidates,1.0,-0.013840681738939093,-0.20739471864153922,0.17971335516366096,0.04653584065128688,1120042,,,,,,,
743,1.0,0.0,0.6338297786120288,0.6070901283292623,True,1.0,all_candidates,1.0,-0.058422322304822825,-0.18711877752901643,0.07027413291937074,-0.3588049137290085,1120042,,,,,,,
744,0.0,0.0,0.2696157041235064,0.15264458849958287,True,1.0,all_candidates,1.0,-0.025346793294517132,-0.15126131452150327,0.10056772793246896,0.00043827428651807554,1120042,,,,,,,
752,1.0,0.0,0.6647472925894883,0.7208329462562315,True,1.0,all_candidates,1.0,0.005111141582198223,-0.08808161690574778,0.09830390007014421,-0.048624029853681416,1120042,,,,,,,
760,1.0,1.0,0.7134555858731084,0.792566241366111,True,1.0,all_candidates,1.0,-0.09747723561940937,-0.20114225356144072,0.00618778232262196,-0.1049719012824385,1120042,,,,,,,
773,1.0,1.0,0.8386940353384825,0.852870223315683,True,1.0,all_candidates,1.0,0.013194879614342033,-0.09467659475433725,0.12106635398302128,-0.05078761983714952,1120042,,,,,,,
776,0.0,0.0,0.3345234242308092,0.20533773166060534,True,1.0,all_candidates,1.0,-0.028751592240139633,-0.15770781248358143,0.10020462800330214,0.11215936655437345,1120042,,,,,,,
779,0.0,0.0,0.3257453007133764,0.22754313436062862,True,1.0,all_candidates,1.0,-0.04275741664021802,-0.16421072495836733,0.07869589167793126,0.2102850669914252,1120042,,,,,,,
781,1.0,1.0,0.6832939038423603,0.63754694937672,True,1.0,all_candidates,1.0,-0.024802100234833754,-0.1940083759152775,0.14440417544560993,0.031273744586730046,1120042,,,,,,,
782,1.0,0.0,0.7648701537663227,0.4641424883295498,True,1.0,all_candidates,1.0,-0.009563346877628939,-0.12334540212552873,0.10421870837027082,-0.27881971225762575,1120042,,,,,,,
783,0.0,0.0,0.12172989379204215,0.3168675055683017,True,1.0,all_candidates,1.0,-0.016680176711785275,-0.15853312668706016,0.12517277326348958,0.11768093960974968,1120042,,,,,,,
798,1.0,1.0,0.5742961575804171,0.7338549270059888,True,1.0,all_candidates,1.0,-0.023550003698199377,-0.12258205047478626,0.0754820430783875,-0.012829595656138837,1120042,,,,,,,
822,0.0,0.0,0.7417980053932205,0.6367950734915155,True,1.0,all_candidates,1.0,-0.012657806308892027,-0.2093579094641817,0.1840422968463976,0.15687867128973654,1120042,,,,,,,
827,0.0,1.0,0.264977865904604,0.5063020143310597,True,1.0,all_candidates,1.0,-0.06523857409205834,-0.27535804288815335,0.1448808947040366,-0.47170840662307595,1120042,,,,,,,
839,0.0,0.0,0.4808888128545494,0.1562570180525887,True,1.0,all_candidates,1.0,-0.04543677316882507,-0.23218222132104221,0.141308674983392,-0.082870305049013,1120042,,,,,,,
845,1.0,1.0,0.7067711150558171,0.505484558588421,True,1.0,all_candidates,1.0,0.007324027694744352,-0.17327765122948627,0.18792570661897495,-0.054967122143437575,1120042,,,,,,,
848,0.0,0.0,0.1666158023279128,0.2015602546752192,True,1.0,all_candidates,1.0,-0.033468038487630254,-0.1746589660510776,0.10772288907581709,0.0857810802170664,1120042,,,,,,,
859,1.0,1.0,0.6849906428774399,0.6769103292049636,True,1.0,all_candidates,1.0,-0.03360416089035851,-0.1609780670962589,0.09376974531554186,0.10091643251497262,1120042,,,,,,,
868,1.0,0.0,0.3082583807209731,0.1535068027524439,True,1.0,all_candidates,1.0,-0.07288392943152006,-0.22687492285898245,0.08110706399594231,-0.03768758335333155,1120042,,,,,,,
875,1.0,1.0,0.25333963387393715,0.20708796308982624,True,1.0,all_candidates,1.0,0.0013860030366665331,-0.15418549532431988,0.1569575013976529,0.2750351541256375,1120042,,,,,,,
892,0.0,0.0,0.6313698695873204,0.23382463068565157,True,1.0,all_candidates,1.0,-0.030285317120105827,-0.1549532213348413,0.09438258709462963,-0.4218944972490402,1120042,,,,,,,
893,0.0,1.0,0.45589257876268896,0.39302832109664,True,1.0,all_candidates,1.0,-0.053142692302662234,-0.20962281685466433,0.10333743224933982,-0.13899119129057289,1120042,,,,,,,
898,1.0,1.0,0.49462645872228006,0.3547315126470555,True,1.0,all_candidates,1.0,0.008524625693513336,-0.08275218075737398,0.09980143214440063,0.11489019733853345,1120042,,,,,,,
908,1.0,1.0,0.59795154629418,0.5465323047791424,True,1.0,all_candidates,1.0,-0.0458757467779307,-0.2423371761064808,0.15058568255061938,0.2700079153490359,1120042,,,,,,,
913,0.0,0.0,0.4590740424682504,0.15303561997525103,True,1.0,all_candidates,1.0,-0.05069872887551104,-0.15563518206436883,0.054237724313346725,0.5763362625455206,1120042,,,,,,,
915,1.0,1.0,0.8444617337210738,0.7902472579186703,True,1.0,all_candidates,1.0,0.00040176693699919537,-0.10416825214617338,0.10497178602017175,-0.10460704553612188,1120042,,,,,,,
924,0.0,1.0,0.11064807383603614,0.35875496457481376,True,1.0,all_candidates,1.0,-0.039440645718277885,-0.14315777936687835,0.06427648793032253,-0.03518580558050255,1120042,,,,,,,
929,1.0,0.0,0.6634216252210545,0.5571596280328351,True,1.0,all_candidates,1.0,-0.01008359321099409,-0.18065085224927213,0.1604836658272839,-0.2246108655442407,1120042,,,,,,,
934,0.0,0.0,0.17588820990102041,0.1479102128392838,True,1.0,all_candidates,1.0,-0.04753913861228039,-0.20845675513222284,0.11337847790766205,-0.17923562100166213,1120042,,,,,,,
955,1.0,1.0,0.7279935351733413,0.7193079523925068,True,1.0,all_candidates,1.0,-0.0632909210529701,-0.17605880977200802,0.049476967666067795,-0.4074361291328243,1120042,,,,,,,
960,1.0,1.0,0.516353381546526,0.48744897008899524,True,1.0,all_candidates,1.0,-0.03372855287648305,-0.1998090383330944,0.13235193258012828,0.30302428580824725,1120042,,,,,,,
961,0.0,1.0,0.5952214322323915,0.2839526673389449,True,1.0,all_candidates,1.0,0.024327191305655235,-0.07477489464467287,0.12342927725598331,-0.17386110854674186,1120042,,,,,,,
967,0.0,0.0,0.7111062328377343,0.6026371727046967,True,1.0,all_candidates,1.0,-0.04923313707417046,-0.17051500604404296,0.07204873189570202,0.11315424130412288,1120042,,,,,,,
976,0.0,0.0,0.22296580907529134,0.08518100874594803,True,1.0,all_candidates,1.0,-0.048149023939599654,-0.20311045819053902,0.10681241031133965,-0.10435438224184548,1120042,,,,,,,
977,1.0,0.0,0.8795089744048036,0.5493546289655924,True,1.0,all_candidates,1.0,-0.046529485806585405,-0.21872262147001476,0.12566364985684386,0.2172265382051104,1120042,,,,,,,
980,1.0,1.0,0.7845093011134376,0.5285083827381312,True,1.0,all_candidates,1.0,-0.031102844293313073,-0.11595068007593098,0.05374499148930481,-0.1328309937568829,1120042,,,,,,,
986,1.0,0.0,0.6842931095653495,0.4407593834478375,True,1.0,all_candidates,1.0,-0.004583211807961603,-0.16098438581068153,0.15181796219475832,-0.21930664730454208,1120042,,,,,,,
987,0.0,0.0,0.4937146818591577,0.41011618555896223,True,1.0,all_candidates,1.0,-0.05639405330863968,-0.1572390431383494,0.044450936521070045,0.16537846499403014,1120042,,,,,,,
989,0.0,0.0,0.502114524477848,0.4557268144672463,True,1.0,all_candidates,1.0,-0.06263001345379396,-0.15391279765640803,0.028652770748820083,-0.22553091570484401,1120042,,,,,,,
5,1.0,1.0,0.6377114402121038,0.34254974755376194,True,1.0,all_candidates_all_split_features,1.0,0.021952452087596715,-0.11060298034868013,0.15450788452387354,0.29544125881310984,1120042,,,,,,,
12,0.0,1.0,0.40864594703941975,0.30002689738786964,True,1.0,all_candidates_all_split_features,1.0,-0.005729646145162791,-0.23806373912898793,0.22660444683866227,-0.1020346687031714,1120042,,,,,,,
15,1.0,0.0,0.5202019068490832,0.11807387106554294,True,1.0,all_candidates_all_split_features,1.0,0.037804637494419854,-0.22646880143902554,0.3020780764278652,-0.003080297422145953,1120042,,,,,,,
30,0.0,0.0,0.5746897562690604,0.24295906763714584,True,1.0,all_candidates_all_split_features,1.0,-0.021214184279430504,-0.14328451864909691,0.10085615009023587,-0.15824629257148742,1120042,,,,,,,
39,1.0,0.0,0.6048933776872666,0.3441516064005722,True,1.0,all_candidates_all_split_features,1.0,-0.04737970158011103,-0.13438326678545365,0.03962386362523156,-0.0787740414269622,1120042,,,,,,,
40,0.0,0.0,0.3543801765148926,0.35057432062020416,True,1.0,all_candidates_all_split_features,1.0,-0.04389915657818539,-0.1705492196308668,0.08275090647449601,0.060474988513839145,1120042,,,,,,,
43,1.0,0.0,0.7309350546172592,0.38618933830050256,True,1.0,all_candidates_all_split_features,1.0,-0.04190369097108745,-0.15009770220835797,0.06629032026618306,-0.19702180525731344,1120042,,,,,,,
45,0.0,0.0,0.2877857978025763,0.3689753372039217,True,1.0,all_candidates_all_split_features,1.0,-0.004618163537242854,-0.11355293528655006,0.10431660821206432,0.13139903885494988,1120042,,,,,,,
48,1.0,1.0,0.4640558918721573,0.5888245392655549,True,1.0,all_candidates_all_split_features,1.0,-0.016148937825023746,-0.24708084675204023,0.2147829711019927,-0.02351093248221392,1120042,,,,,,,
63,1.0,0.0,0.493740643635318,0.20164355626544486,True,1.0,all_candidates_all_split_features,1.0,-0.06205045252032154,-0.16349793088727566,0.03939702584663253,-0.08061850681857732,1120042,,,,,,,
67,1.0,1.0,0.4135078007326209,0.532633707078535,True,1.0,all_candidates_all_split_features,1.0,-0.06352913975112444,-0.1838740322934732,0.05681575279122429,-0.4040936263411786,1120042,,,,,,,
69,0.0,0.0,0.46600337273861786,0.48630868982475617,True,1.0,all_candidates_all_split_features,1.0,-0.04923417099514633,-0.24784738373869586,0.14937904174840316,-0.2535047085663173,1120042,,,,,,,
72,1.0,0.0,0.5908011295185976,0.3649110295452353,True,1.0,all_candidates_all_split_features,1.0,-0.0566855387928374,-0.15916416316697637,0.045793085581301546,0.03393963416448598,1120042,,,,,,,
75,1.0,0.0,0.8971971121686327,0.590906090484836,True,1.0,all_candidates_all_split_features,1.0,0.043907542643067815,-0.13094765633899783,0.2187627416251334,-0.21905044290968123,1120042,,,,,,,
93,0.0,1.0,0.23435593073816172,0.3708737195266814,True,1.0,all_candidates_all_split_features,1.0,-0.05657251037687352,-0.23590731598616405,0.12276229523241694,-0.24763340158643393,1120042,,,,,,,
115,0.0,0.0,0.417662784829503,0.3560754401295836,True,1.0,all_candidates_all_split_features,1.0,0.0029209911117705737,-0.0910210847620709,0.09686306698561202,-0.036066766855671034,1120042,,,,,,,
116,0.0,1.0,0.2300810466125331,0.24524587329350514,True,1.0,all_candidates_all_split_features,1.0,-0.06640047948332033,-0.19760573481305177,0.0648047758464111,-0.014342061446469406,1120042,,,,,,,
121,1.0,0.0,0.829551555662928,0.5644650903605791,True,1.0,all_candidates_all_split_features,1.0,-0.025079942134176244,-0.1500102882392529,0.09985040397090036,-0.578150415838105,1120042,,,,,,,
122,1.0,0.0,0.6628130336914178,0.16757719199669627,True,1.0,all_candidates_all_split_features,1.0,-0.02367743628559147,-0.14721969254691386,0.0998648199757309,-0.1662835077113541,1120042,,,,,,,
123,0.0,1.0,0.39744562120923743,0.39243083175848403,True,1.0,all_candidates_all_split_features,1.0,-0.045621834625025025,-0.17243608576131972,0.08119241651126963,0.03246765507545743,1120042,,,,,,,
126,0.0,0.0,0.2904388139791195,0.3909132072928165,True,1.0,all_candidates_all_split_features,1.0,-0.07968989447347553,-0.2069956953621691,0.047615906415218026,-0.3010231687743369,1120042,,,,,,,
130,0.0,0.0,0.26863216138852986,0.21849460988274513,True,1.0,all_candidates_all_split_features,1.0,-0.06536070512772131,-0.18631688354889708,0.055595473293454434,0.006309753656425152,1120042,,,,,,,
137,0.0,0.0,0.19104229057139868,0.136704195001431,True,1.0,all_candidates_all_split_features,1.0,-0.03991345521602918,-0.16425836285481318,0.0844314524227548,-0.035394603233024145,1120042,,,,,,,
145,1.0,0.0,0.4660143956373304,0.44212132263226617,True,1.0,all_candidates_all_split_features,1.0,-0.027109689756602322,-0.14187642074288706,0.08765704122968238,-0.33769143797714973,1120042,,,,,,,
151,0.0,1.0,0.5191771574449675,0.4662585530143542,True,1.0,all_candidates_all_split_features,1.0,0.012122983096816049,-0.13217199100837285,0.1564179572020049,-0.31487008056515453,1120042,,,,,,,
162,0.0,0.0,0.5856731783723788,0.5989655969474362,True,1.0,all_candidates_all_split_features,1.0,-0.07070561381701465,-0.1962203592317549,0.054809131597725574,-0.1770906937214045,1120042,,,,,,,
167,0.0,1.0,0.6272436550256896,0.707639467658466,True,1.0,all_candidates_all_split_features,1.0,-0.01335824467222636,-0.12302182276819454,0.09630533342374178,0.060419762402974864,1120042,,,,,,,
169,1.0,1.0,0.718421807752594,0.8744463758885973,True,1.0,all_candidates_all_split_features,1.0,-0.06563365111309447,-0.22371261096619038,0.09244530874000143,-0.059438745764093026,1120042,,,,,,,
180,1.0,1.0,0.8672668628184429,0.5657293381904667,True,1.0,all_candidates_all_split_features,1.0,-0.0012746575526790555,-0.19282051027709954,0.1902711951717414,0.07214620573564456,1120042,,,,,,,
186,1.0,0.0,0.5911390146431826,0.5179879989770028,True,1.0,all_candidates_all_split_features,1.0,-0.029088725568351827,-0.15502285682455882,0.09684540568785516,-0.34838730337294177,1120042,,,,,,,
193,0.0,0.0,0.40023106047420476,0.1550758670471376,True,1.0,all_candidates_all_split_features,1.0,-0.031552016704501785,-0.1539305772918337,0.09082654388283012,-0.07790570380726344,1120042,,,,,,,
196,0.0,0.0,0.4779684453454312,0.4063942925546509,True,1.0,all_candidates_all_split_features,1.0,0.0038911506785424465,-0.16265383223671237,0.17043613359379725,0.18500422317417548,1120042,,,,,,,
198,0.0,0.0,0.14587366590344183,0.3168318250125152,True,1.0,all_candidates_all_split_features,1.0,-0.038571775415990515,-0.16394220687589403,0.08679865604391296,-0.09796041668062988,1120042,,,,,,,
205,1.0,1.0,0.889667935890094,0.4157414662695457,True,1.0,all_candidates_all_split_features,1.0,-0.06116400907193039,-0.21593017282237698,0.09360215467851615,0.10039000345163385,1120042,,,,,,,
208,1.0,1.0,0.37917397054309765,0.6227098092939151,True,1.0,all_candidates_all_split_features,1.0,-0.021933315351665608,-0.20427546592600543,0.16040883522267418,-0.38364186382161225,1120042,,,,,,,
211,0.0,0.0,0.231401125726331,0.22905857404779453,True,1.0,all_candidates_all_split_features,1.0,-0.02417370821365876,-0.13758330407841593,0.08923588765109838,0.039362356322426656,1120042,,,,,,,
229,0.0,0.0,0.35491053100236486,0.18642819332391197,True,1.0,all_candidates_all_split_features,1.0,-0.030209339477135454,-0.1682442193833526,0.10782554042908167,-0.0181111175885878,1120042,,,,,,,
237,0.0,1.0,0.3187585270756577,0.6861105920384603,True,1.0,all_candidates_all_split_features,1.0,-0.005915358926102157,-0.14341557400432986,0.13158485615212553,0.014677238537030401,1120042,,,,,,,
241,1.0,0.0,0.33880276994038705,0.4470269612145222,True,1.0,all_candidates_all_split_features,1.0,-0.048892422988017686,-0.1974207033455326,0.0996358573694972,-0.2359562924134932,1120042,,,,,,,
250,1.0,1.0,0.8428866494274864,0.703627059039757,True,1.0,all_candidates_all_split_features,1.0,-0.07440982736728922,-0.24575641138297,0.09693675664839148,-0.14381661120733635,1120042,,,,,,,
254,0.0,1.0,0.20839292854203073,0.24099446092279211,True,1.0,all_candidates_all_split_features,1.0,-0.05083922358778413,-0.20921343687449973,0.10753498969893142,0.11029612787953566,1120042,,,,,,,
261,0.0,0.0,0.25783316789758004,0.1812073244799295,True,1.0,all_candidates_all_split_features,1.0,0.026276144340730848,-0.06311634192087014,0.1156686306023318,0.31285754382566056,1120042,,,,,,,
264,1.0,1.0,0.5133701154893368,0.5783417591739412,True,1.0,all_candidates_all_split_features,1.0,-0.034595492177430937,-0.14400366704678114,0.07481268269191924,0.10130985419071503,1120042,,,,,,,
265,0.0,0.0,0.4673440107611287,0.3563794093146026,True,1.0,all_candidates_all_split_features,1.0,-0.08414445651046315,-0.17656583808704898,0.008276925066122653,-0.19966649402570194,1120042,,,,,,,
270,0.0,0.0,0.34874073775724557,0.20171397701955088,True,1.0,all_candidates_all_split_features,1.0,-0.03205751515672005,-0.12026245595463098,0.05614742564119085,-0.05981133747776573,1120042,,,,,,,
271,1.0,0.0,0.8208015211662028,0.8654343342544495,True,1.0,all_candidates_all_split_features,1.0,-0.04364531153689622,-0.18316373851481094,0.09587311544101848,-0.027407061388611043,1120042,,,,,,,
277,1.0,1.0,0.8458274757149049,0.5796784555469318,True,1.0,all_candidates_all_split_features,1.0,-0.0069168371887831336,-0.1542635726375359,0.1404298982599696,0.19707323380293573,1120042,,,,,,,
282,0.0,0.0,0.4968539889905682,0.48950108386632263,True,1.0,all_candidates_all_split_features,1.0,-0.0431425672271932,-0.21425787407595692,0.1279727396215705,0.2904593735133494,1120042,,,,,,,
284,0.0,1.0,0.26169668314489575,0.48044735559495144,True,1.0,all_candidates_all_split_features,1.0,-0.03850445735320419,-0.13126440269718545,0.05425548799077704,0.18518688543613304,1120042,,,,,,,
288,1.0,0.0,0.7511605014707504,0.5824804714021297,True,1.0,all_candidates_all_split_features,1.0,-0.03905395508436131,-0.12607341079806486,0.047965500629342225,0.004640120746827181,1120042,,,,,,,
294,1.0,1.0,0.8164796270017057,0.49031264913350026,True,1.0,all_candidates_all_split_features,1.0,-0.046736117341429254,-0.1398861937887936,0.04641395910593507,-0.34951026332690505,1120042,,,,,,,
318,0.0,0.0,0.6636540076542939,0.5705544669325786,True,1.0,all_candidates_all_split_features,1.0,-0.030685554257976404,-0.24985796955739564,0.1884868610414428,-0.20199985734703257,1120042,,,,,,,
319,1.0,1.0,0.8930296774091446,0.7555478412559756,True,1.0,all_candidates_all_split_features,1.0,-0.000974759669857106,-0.13242010030536883,0.1304705809656546,0.04278373950332526,1120042,,,,,,,
328,0.0,1.0,0.39432924248177276,0.18948303187203663,True,1.0,all_candidates_all_split_features,1.0,-0.022242180587388912,-0.1007092724589576,0.05622491128417974,0.10327243996857394,1120042,,,,,,,
334,0.0,0.0,0.32003853805723764,0.2875355167491368,True,1.0,all_candidates_all_split_features,1.0,-0.03805330306857295,-0.1641067556642179,0.08800014952707196,-0.1484375342195409,1120042,,,,,,,
339,0.0,1.0,0.6907306329755005,0.5644583916735121,True,1.0,all_candidates_all_split_features,1.0,-0.0331584700620378,-0.201925112211365,0.13560817208728937,-0.04096418254395162,1120042,,,,,,,
343,1.0,1.0,0.7122793784860058,0.5155210187085154,True,1.0,all_candidates_all_split_features,1.0,-0.038969217324847184,-0.1829831549216754,0.10504472027198103,-0.252500407706424,1120042,,,,,,,
346,0.0,0.0,0.4668878241550569,0.33951763988107997,True,1.0,all_candidates_all_split_features,1.0,-0.05514055168323593,-0.16743739186831463,0.057156288501842754,0.021257549177203516,1120042,,,,,,,
347,0.0,1.0,0.20263826870260368,0.2637419376444213,True,1.0,all_candidates_all_split_features,1.0,-0.04881966804538728,-0.20314936409238027,0.10551002800160564,0.0718545920669893,1120042,,,,,,,
349,0.0,1.0,0.7980010545149436,0.6771543356924604,True,1.0,all_candidates_all_split_features,1.0,-0.06336830686256482,-0.22513654052931015,0.09839992680418048,0.03268878550218324,1120042,,,,,,,
354,1.0,0.0,0.532805219686784,0.2924577715670299,True,1.0,all_candidates_all_split_features,1.0,-0.019091749964962757,-0.14168874244868235,0.10350524251875681,-0.14297135067526034,1120042,,,,,,,
357,1.0,1.0,0.6408274001124588,0.2999253159315922,True,1.0,all_candidates_all_split_features,1.0,-0.0574099289478873,-0.19891844479698104,0.08409858690120642,0.1013446835796018,1120042,,,,,,,
360,1.0,0.0,0.3477877504865826,0.3387807653978252,True,1.0,all_candidates_all_split_features,1.0,-0.06971665271737507,-0.1977875080614055,0.05835420262665533,-0.20995476861796994,1120042,,,,,,,
361,0.0,0.0,0.29661108176182654,0.23059339157774011,True,1.0,all_candidates_all_split_features,1.0,-0.030040084372727403,-0.17889715038942713,0.11881698164397231,-0.0406445885166562,1120042,,,,,,,
365,1.0,0.0,0.6049751553904226,0.2863717839207137,True,1.0,all_candidates_all_split_features,1.0,-0.05002842714312214,-0.2045901551388271,0.1045333008525828,-0.3344524588585174,1120042,,,,,,,
368,1.0,0.0,0.6849883638981021,0.32733973117530735,True,1.0,all_candidates_all_split_features,1.0,-0.03479072500425193,-0.14127764353154748,0.07169619352304361,-0.05427466854280549,1120042,,,,,,,
370,1.0,0.0,0.19790340240759838,0.10800260009836761,True,1.0,all_candidates_all_split_features,1.0,-0.05289721304154248,-0.14167273977992237,0.03587831369683738,-0.11224918810400103,1120042,,,,,,,
380,0.0,1.0,0.7471666727680591,0.4674264398886901,True,1.0,all_candidates_all_split_features,1.0,-0.08522357909999423,-0.17502131769417115,0.004574159494182661,-0.4595323870462047,1120042,,,,,,,
384,1.0,1.0,0.6900728481780237,0.5112597274821526,True,1.0,all_candidates_all_split_features,1.0,-0.040048806032022086,-0.15350930437363863,0.07341169230959443,0.0703099140074529,1120042,,,,,,,
392,1.0,1.0,0.7956043945971023,0.7308406047876336,True,1.0,all_candidates_all_split_features,1.0,-0.058984411629114504,-0.22423784062227933,0.10626901736405028,0.0859568948245617,1120042,,,,,,,
398,0.0,1.0,0.3206138626697417,0.45685223927714724,True,1.0,all_candidates_all_split_features,1.0,-0.046565254881031914,-0.1912658715707735,0.09813536180870963,-0.3498504475078327,1120042,,,,,,,
409,0.0,0.0,0.18337791691798333,0.4439000770292082,True,1.0,all_candidates_all_split_features,1.0,0.018850894051909806,-0.12198211359433687,0.15968390169815647,0.14554265152238055,1120042,,,,,,,
422,1.0,1.0,0.4374280553015159,0.34871246199525907,True,1.0,all_candidates_all_split_features,1.0,0.027409748073861987,-0.17040680587193313,0.22522630201965707,0.04875396248008518,1120042,,,,,,,
424,1.0,0.0,0.6770097302582416,0.7052642761137701,True,1.0,all_candidates_all_split_features,1.0,-0.06321440050863465,-0.13976302767534665,0.013334226658077333,-0.411950972386599,1120042,,,,,,,
431,1.0,1.0,0.4372491262168222,0.6279412483546116,True,1.0,all_candidates_all_split_features,1.0,-0.057611543165647955,-0.13900255398426825,0.023779467652972314,-0.32665406706368566,1120042,,,,,,,
433,0.0,0.0,0.10525170726096475,0.10427304962006238,True,1.0,all_candidates_all_split_features,1.0,-0.048559273440779094,-0.17561227137003477,0.07849372448847655,-0.03402153155820689,1120042,,,,,,,
435,0.0,1.0,0.4409894527049854,0.6729711349557012,True,1.0,all_candidates_all_split_features,1.0,-0.04627970706021024,-0.13909608533502005,0.04653667121459952,-0.10742312894197681,1120042,,,,,,,
446,1.0,0.0,0.2790381570542702,0.16375999330593335,True,1.0,all_candidates_all_split_features,1.0,-0.0812144926523157,-0.21825469651026477,0.055825711205633344,-0.06432527410523083,1120042,,,,,,,
447,1.0,1.0,0.536835214889051,0.5503554221394807,True,1.0,all_candidates_all_split_features,1.0,-0.005016516592249516,-0.15284973143300795,0.14281669824850884,0.034144994760945346,1120042,,,,,,,
451,1.0,1.0,0.7690955084071955,0.6112206494377056,True,1.0,all_candidates_all_split_features,1.0,-0.0491543856386476,-0.18811730254738113,0.08980853127008587,-0.17663563846118313,1120042,,,,,,,
460,1.0,0.0,0.39094770965443404,0.27994469973743064,True,1.0,all_candidates_all_split_features,1.0,-0.03492843777021385,-0.14050116638157226,0.07064429084114454,-0.15089969081385596,1120042,,,,,,,
462,0.0,0.0,0.4757820881301206,0.3798226570352518,True,1.0,all_candidates_all_split_features,1.0,0.026702311319180355,-0.1233700363496496,0.17677465898801026,-0.02877369342676961,1120042,,,,,,,
465,0.0,1.0,0.4312755600906261,0.6491876730428766,True,1.0,all_candidates_all_split_features,1.0,-0.06126529960187768,-0.21008115225486473,0.08755055305110934,-0.07352311822592295,1120042,,,,,,,
467,0.0,0.0,0.2562069965782711,0.26684038260745196,True,1.0,all_candidates_all_split_features,1.0,-0.04287105004552022,-0.19453289140224708,0.10879079131120661,0.18109530692018136,1120042,,,,,,,
468,1.0,0.0,0.44882293786932376,0.4590625162462623,True,1.0,all_candidates_all_split_features,1.0,-0.06321459029985002,-0.22015994583594398,0.09373076523624391,-0.36394341785118856,1120042,,,,,,,
474,0.0,0.0,0.4334979519869535,0.38280401600429703,True,1.0,all_candidates_all_split_features,1.0,0.0070422537826558985,-0.14429594048572889,0.15838044805104068,0.27024214191256124,1120042,,,,,,,
478,1.0,0.0,0.5739982744039367,0.2947270948162633,True,1.0,all_candidates_all_split_features,1.0,-0.05506518971690455,-0.17291131317254888,0.06278093373873973,-0.14113139488284232,1120042,,,,,,,
481,0.0,1.0,0.5087083360409932,0.40825501741027925,True,1.0,all_candidates_all_split_features,1.0,-0.03966918226375022,-0.1600153561369226,0.08067699160942216,0.24256774419822325,1120042,,,,,,,
486,1.0,1.0,0.7441202307802978,0.6148549412893181,True,1.0,all_candidates_all_split_features,1.0,-0.05737163023001508,-0.20658247923804512,0.09183921877801492,-0.6892153014395378,1120042,,,,,,,
487,1.0,1.0,0.8467975192157075,0.5866738910251524,True,1.0,all_candidates_all_split_features,1.0,-0.01033916350517059,-0.18626413881228898,0.16558581180194779,-0.028156691615068175,1120042,,,,,,,
498,0.0,0.0,0.3020648921646804,0.1979830251548477,True,1.0,all_candidates_all_split_features,1.0,-0.08521916456552275,-0.1852357135053379,0.014797384374292386,-0.1062618189134249,1120042,,,,,,,
503,0.0,0.0,0.3446948747805175,0.2658055219729751,True,1.0,all_candidates_all_split_features,1.0,-0.06431513223311336,-0.23762630037471272,0.10899603590848597,-0.16728505428348134,1120042,,,,,,,
507,1.0,1.0,0.8311033999506614,0.7945564212316646,True,1.0,all_candidates_all_split_features,1.0,-0.03794192087468175,-0.14677689404050748,0.07089305229114395,-0.030854928811506976,1120042,,,,,,,
508,0.0,0.0,0.5229332692489086,0.2601699446166555,True,1.0,all_candidates_all_split_features,1.0,-0.04584811325039515,-0.183741923521907,0.09204569702111667,-0.05620972089686527,1120042,,,,,,,
514,1.0,1.0,0.8270038617254091,0.6943390637417084,True,1.0,all_candidates_all_split_features,1.0,-0.05298268915475204,-0.1396160595744853,0.03365068126498121,-0.061478120138046544,1120042,,,,,,,
526,0.0,0.0,0.15782593929996835,0.13044474411998602,True,1.0,all_candidates_all_split_features,1.0,-0.026124777683270924,-0.11528188790851654,0.06303233254197466,0.020299231269924375,1120042,,,,,,,
528,1.0,1.0,0.6647472925894883,0.7352516088728809,True,1.0,all_candidates_all_split_features,1.0,-0.022793609427137554,-0.13907510908679638,0.09348789023252124,-0.3151680255715663,1120042,,,,,,,
532,1.0,0.0,0.5659465902283147,0.4305883970188177,True,1.0,all_candidates_all_split_features,1.0,-0.07091586732052464,-0.19909672434871667,0.05726498970766737,-0.5334643262344162,1120042,,,,,,,
534,0.0,1.0,0.6356185713393279,0.49570608184298615,True,1.0,all_candidates_all_split_features,1.0,0.03150616653761699,-0.11250164058488918,0.1755139736601231,0.13543398492073888,1120042,,,,,,,
535,0.0,0.0,0.6385549390569282,0.3491581541021244,True,1.0,all_candidates_all_split_features,1.0,-0.009208331857956874,-0.2076307458329008,0.189214082116987,0.03704061610492676,1120042,,,,,,,
538,1.0,0.0,0.7165422603028302,0.5565385298635452,True,1.0,all_candidates_all_split_features,1.0,0.01462300081286621,-0.12670122237785814,0.1559472240035905,-0.06212851278558973,1120042,,,,,,,
539,0.0,1.0,0.3919352408994978,0.39807883890515544,True,1.0,all_candidates_all_split_features,1.0,-0.07851466520185336,-0.1804041707640588,0.023374840360352034,-0.11126006308263126,1120042,,,,,,,
546,0.0,0.0,0.30246911548946265,0.1674140399970113,True,1.0,all_candidates_all_split_features,1.0,-0.06271816383817555,-0.24079441276221092,0.11535808508585979,-0.06620608679353736,1120042,,,,,,,
549,1.0,0.0,0.737809295603759,0.4018100071172399,True,1.0,all_candidates_all_split_features,1.0,-0.03071368585375098,-0.1756396211639654,0.11421224945646338,-0.22605679180368443,1120042,,,,,,,
550,0.0,0.0,0.22968620364065134,0.12507868829739605,True,1.0,all_candidates_all_split_features,1.0,-0.05216790940935072,-0.1799343407328694,0.07559852191416795,-0.08381602753461014,1120042,,,,,,,
552,1.0,0.0,0.5131292585651384,0.19044531066663345,True,1.0,all_candidates_all_split_features,1.0,-0.06949712428775133,-0.17336542106938377,0.03437117249388108,0.08753892270289004,1120042,,,,,,,
559,1.0,0.0,0.6085123450001269,0.405681505096466,True,1.0,all_candidates_all_split_features,1.0,-0.07172636129160594,-0.20956666805488317,0.06611394547167125,-0.36576085048430995,1120042,,,,,,,
560,1.0,1.0,0.8655555287273489,0.6294406160354643,True,1.0,all_candidates_all_split_features,1.0,-0.02597477037603182,-0.1783240060059734,0.1263744652539097,-0.06469990771798673,1120042,,,,,,,
561,1.0,0.0,0.6004522932294956,0.25193874811218325,True,1.0,all_candidates_all_split_features,1.0,-0.0400341243558885,-0.18076249281161966,0.10069424409984265,-0.14847635272894044,1120042,,,,,,,
563,0.0,0.0,0.34977696900330585,0.3001244011940171,True,1.0,all_candidates_all_split_features,1.0,-0.05291937705667347,-0.165264028382282,0.05942527426893502,0.08723419972137467,1120042,,,,,,,
568,1.0,1.0,0.8420165704415828,0.7241993149028411,True,1.0,all_candidates_all_split_features,1.0,-0.06796806463329791,-0.17621890693611986,0.040282777669524025,-0.11006768648138565,1120042,,,,,,,
569,0.0,1.0,0.6204165780663479,0.649966418468412,True,1.0,all_candidates_all_split_features,1.0,-0.022082728154599746,-0.13910078206457907,0.09493532575537955,-0.03506472883281053,1120042,,,,,,,
578,0.0,0.0,0.528449166106585,0.541129455632692,True,1.0,all_candidates_all_split_features,1.0,-0.08334432830130054,-0.19728631040484604,0.03059765380224494,-0.1661069213092291,1120042,,,,,,,
584,1.0,0.0,0.4835230499831929,0.6086690571475216,True,1.0,all_candidates_all_split_features,1.0,0.02578135728871134,-0.05859914727286346,0.11016186185028612,-0.18620539681394355,1120042,,,,,,,
588,1.0,1.0,0.6950874683394853,0.6067692377764136,True,1.0,all_candidates_all_split_features,1.0,-0.052329983843273094,-0.14872676411777552,0.04406679643122933,0.05151712594740754,1120042,,,,,,,
594,0.0,1.0,0.3845124638174599,0.20204826370818607,True,1.0,all_candidates_all_split_features,1.0,-0.08032942286169328,-0.24485756143886886,0.08419871571548226,-0.1845762402931477,1120042,,,,,,,
599,0.0,1.0,0.5139276407168637,0.3069862927665871,True,1.0,all_candidates_all_split_features,1.0,-0.051333302760398276,-0.2585902393860485,0.1559236338652519,-0.017020805613165407,1120042,,,,,,,
603,1.0,1.0,0.8760250372770755,0.7245136388321798,True,1.0,all_candidates_all_split_features,1.0,-0.02966458447742854,-0.12084355661893297,0.06151438766407587,-0.4064471216929251,1120042,,,,,,,
606,0.0,1.0,0.21922940776003394,0.3608687382193187,True,1.0,all_candidates_all_split_features,1.0,-0.06939648454038409,-0.19134008481428474,0.05254711573351653,-0.0810499975355446,1120042,,,,,,,
607,0.0,0.0,0.2306889141131686,0.41349980578355594,True,1.0,all_candidates_all_split_features,1.0,-0.0028932728828528834,-0.15127570809676333,0.14548916233105755,-0.20262165996000597,1120042,,,,,,,
609,0.0,1.0,0.2303519206028594,0.1661800464978828,True,1.0,all_candidates_all_split_features,1.0,-0.07312857074159608,-0.26166200312263527,0.11540486163944307,-0.17815202596793825,1120042,,,,,,,
614,1.0,1.0,0.6467946600933504,0.454149402724382,True,1.0,all_candidates_all_split_features,1.0,-0.09151486934104874,-0.1728410160413814,-0.010188722640716102,0.13800989485438941,1120042,,,,,,,
617,1.0,0.0,0.6802572666640975,0.691208308706228,True,1.0,all_candidates_all_split_features,1.0,-0.08617856400778781,-0.19103547128228476,0.018678343266709127,-0.32977963417948597,1120042,,,,,,,
621,1.0,1.0,0.627291255719527,0.643934722388693,True,1.0,all_candidates_all_split_features,1.0,-0.051436116420983814,-0.20731450644083593,0.10444227359886826,-0.10300534475910206,1120042,,,,,,,
626,1.0,0.0,0.474501537217078,0.16437460061425205,True,1.0,all_candidates_all_split_features,1.0,-0.06387174702204126,-0.15335582477430248,0.025612330730219943,-0.14734105843629364,1120042,,,,,,,
638,1.0,0.0,0.2748012559824055,0.1239220657092472,True,1.0,all_candidates_all_split_features,1.0,-0.06010258075698998,-0.25220771406148346,0.13200255254750345,-0.028967779075204383,1120042,,,,,,,
648,1.0,1.0,0.5446984576494674,0.4969151883647077,True,1.0,all_candidates_all_split_features,1.0,-0.0581740050863009,-0.13787910324721153,0.021531093074609736,0.22657797391420198,1120042,,,,,,,
651,1.0,0.0,0.7414638822974168,0.20735604282143721,True,1.0,all_candidates_all_split_features,1.0,-0.035369567847456186,-0.24202586538091944,0.17128672968600703,0.14285091672279376,1120042,,,,,,,
656,0.0,0.0,0.28204662460451924,0.4366149382471533,True,1.0,all_candidates_all_split_features,1.0,-0.03999740665323821,-0.14166885093001258,0.061674037623536154,0.008071797181922913,1120042,,,,,,,
662,0.0,0.0,0.6929571721037661,0.5688028871898342,True,1.0,all_candidates_all_split_features,1.0,0.012037106035935684,-0.257898472826098,0.2819726848979693,0.12090442381375327,1120042,,,,,,,
663,1.0,1.0,0.6304851473044282,0.5835748670106308,True,1.0,all_candidates_all_split_features,1.0,-0.048948980311965845,-0.15432561635232733,0.05642765572839563,-0.0006267839972746714,1120042,,,,,,,
676,1.0,0.0,0.4599439184764482,0.29878782114157487,True,1.0,all_candidates_all_split_features,1.0,-0.07704113636620494,-0.18057709122545434,0.026494818493044442,0.288078314021742,1120042,,,,,,,
680,1.0,0.0,0.6829703748258147,0.11385594636738014,True,1.0,all_candidates_all_split_features,1.0,-0.03559635328432963,-0.2974694319305654,0.22627672536190607,-0.21676132704337042,1120042,,,,,,,
684,0.0,0.0,0.5697406984360188,0.19983185070397666,True,1.0,all_candidates_all_split_features,1.0,-0.04642316363707606,-0.2539928342875022,0.16114650701334998,-0.09365228131014089,1120042,,,,,,,
689,1.0,1.0,0.8868225930045658,0.8706173422583725,True,1.0,all_candidates_all_split_features,1.0,-0.04265457359200461,-0.14434032992434762,0.05903118274033836,0.028437736123359203,1120042,,,,,,,
707,1.0,0.0,0.3095601577041158,0.16574517487960455,True,1.0,all_candidates_all_split_features,1.0,-0.06248241680472003,-0.16694541437906407,0.04198058076962397,-0.18261274863827542,1120042,,,,,,,
708,0.0,0.0,0.38944180681518387,0.31109833854695346,True,1.0,all_candidates_all_split_features,1.0,-0.09709460245897793,-0.20423912421105367,0.010049919293097787,-0.3033594815556778,1120042,,,,,,,
712,0.0,0.0,0.22671743720630477,0.39916050095370287,True,1.0,all_candidates_all_split_features,1.0,-0.026832581602273257,-0.2489679609908346,0.19530279778628806,0.20262182932038472,1120042,,,,,,,
713,0.0,1.0,0.4479973834356069,0.7899673126686212,True,1.0,all_candidates_all_split_features,1.0,-0.02048433594014386,-0.2041196959064056,0.16315102402611784,0.18351149860665072,1120042,,,,,,,
723,1.0,1.0,0.8791019779208326,0.6312407840166131,True,1.0,all_candidates_all_split_features,1.0,0.0617245944681571,-0.0441126828593641,0.16756187179567827,-0.013981278819158116,1120042,,,,,,,
735,1.0,1.0,0.7869431386479372,0.5368141960979033,True,1.0,all_candidates_all_split_features,1.0,0.03724344702914481,-0.05924392177697352,0.1337308158352631,0.2892291597635016,1120042,,,,,,,
739,0.0,1.0,0.16567925131260422,0.3625667250095327,True,1.0,all_candidates_all_split_features,1.0,0.0263134005201409,-0.11726398535643155,0.1698907863967133,0.04653584065128688,1120042,,,,,,,
743,1.0,0.0,0.6338297786120288,0.6070901283292623,True,1.0,all_candidates_all_split_features,1.0,-0.056563728115518686,-0.15087290751451962,0.03774545128348224,-0.3588049137290085,1120042,,,,,,,
744,0.0,0.0,0.2696157041235064,0.15264458849958287,True,1.0,all_candidates_all_split_features,1.0,-0.042009008018729053,-0.1448155935495984,0.060797577512140245,0.00043827428651807554,1120042,,,,,,,
752,1.0,0.0,0.6647472925894883,0.7208329462562315,True,1.0,all_candidates_all_split_features,1.0,-0.02035766098071294,-0.1122383704963957,0.07152304853496981,-0.048624029853681416,1120042,,,,,,,
760,1.0,1.0,0.7134555858731084,0.792566241366111,True,1.0,all_candidates_all_split_features,1.0,-0.07882811330179638,-0.1709270345863099,0.013270807982717112,-0.1049719012824385,1120042,,,,,,,
773,1.0,1.0,0.8386940353384825,0.852870223315683,True,1.0,all_candidates_all_split_features,1.0,0.002780704035343319,-0.09271797193040719,0.0982793800010938,-0.05078761983714952,1120042,,,,,,,
776,0.0,0.0,0.3345234242308092,0.20533773166060534,True,1.0,all_candidates_all_split_features,1.0,0.012481446814303396,-0.25958367790746173,0.2845465715360685,0.11215936655437345,1120042,,,,,,,
779,0.0,0.0,0.3257453007133764,0.22754313436062862,True,1.0,all_candidates_all_split_features,1.0,-0.039193679657439195,-0.17881136265817865,0.10042400334330023,0.2102850669914252,1120042,,,,,,,
781,1.0,1.0,0.6832939038423603,0.63754694937672,True,1.0,all_candidates_all_split_features,1.0,-0.026306789634524607,-0.13422949152497063,0.0816159122559214,0.031273744586730046,1120042,,,,,,,
782,1.0,0.0,0.7648701537663227,0.4641424883295498,True,1.0,all_candidates_all_split_features,1.0,-0.021022754847713578,-0.1297056231893912,0.08766011349396399,-0.27881971225762575,1120042,,,,,,,
783,0.0,0.0,0.12172989379204215,0.3168675055683017,True,1.0,all_candidates_all_split_features,1.0,0.013991299995557394,-0.14124062530537548,0.16922322529649025,0.11768093960974968,1120042,,,,,,,
798,1.0,1.0,0.5742961575804171,0.7338549270059888,True,1.0,all_candidates_all_split_features,1.0,-0.007805216319678815,-0.1429173745199489,0.12730694188059125,-0.012829595656138837,1120042,,,,,,,
822,0.0,0.0,0.7417980053932205,0.6367950734915155,True,1.0,all_candidates_all_split_features,1.0,0.03883465345339272,-0.14601239618781237,0.22368170309459778,0.15687867128973654,1120042,,,,,,,
827,0.0,1.0,0.264977865904604,0.5063020143310597,True,1.0,all_candidates_all_split_features,1.0,-0.0783886212766809,-0.22012474874911153,0.06334750619574968,-0.47170840662307595,1120042,,,,,,,
839,0.0,0.0,0.4808888128545494,0.1562570180525887,True,1.0,all_candidates_all_split_features,1.0,-0.05046751755955183,-0.14931464513649537,0.04837961001739168,-0.082870305049013,1120042,,,,,,,
845,1.0,1.0,0.7067711150558171,0.505484558588421,True,1.0,all_candidates_all_split_features,1.0,0.04621227588138363,-0.11294408109999973,0.20536863286276696,-0.054967122143437575,1120042,,,,,,,
848,0.0,0.0,0.1666158023279128,0.2015602546752192,True,1.0,all_candidates_all_split_features,1.0,-0.02067127537952085,-0.1541260710291649,0.11278352027012317,0.0857810802170664,1120042,,,,,,,
859,1.0,1.0,0.6849906428774399,0.6769103292049636,True,1.0,all_candidates_all_split_features,1.0,-0.019585321180016727,-0.1788193254476192,0.13964868308758566,0.10091643251497262,1120042,,,,,,,
868,1.0,0.0,0.3082583807209731,0.1535068027524439,True,1.0,all_candidates_all_split_features,1.0,-0.03509258844356389,-0.14413680093829329,0.07395162405116547,-0.03768758335333155,1120042,,,,,,,
875,1.0,1.0,0.25333963387393715,0.20708796308982624,True,1.0,all_candidates_all_split_features,1.0,0.06840576768147619,-0.13232651685338861,0.2691380522163409,0.2750351541256375,1120042,,,,,,,
892,0.0,0.0,0.6313698695873204,0.23382463068565157,True,1.0,all_candidates_all_split_features,1.0,-0.047541283002605475,-0.14044665098831627,0.04536408498310529,-0.4218944972490402,1120042,,,,,,,
893,0.0,1.0,0.45589257876268896,0.39302832109664,True,1.0,all_candidates_all_split_features,1.0,-0.022672567521187882,-0.13781595408223313,0.09247081903985735,-0.13899119129057289,1120042,,,,,,,
898,1.0,1.0,0.49462645872228006,0.3547315126470555,True,1.0,all_candidates_all_split_features,1.0,-0.06491123318113728,-0.18934483606713348,0.05952236970485887,0.11489019733853345,1120042,,,,,,,
908,1.0,1.0,0.59795154629418,0.5465323047791424,True,1.0,all_candidates_all_split_features,1.0,-0.023971973649550293,-0.18611395134183636,0.13817000404273577,0.2700079153490359,1120042,,,,,,,
913,0.0,0.0,0.4590740424682504,0.15303561997525103,True,1.0,all_candidates_all_split_features,1.0,-0.045120890883356454,-0.14213720024984805,0.05189541848313514,0.5763362625455206,1120042,,,,,,,
915,1.0,1.0,0.8444617337210738,0.7902472579186703,True,1.0,all_candidates_all_split_features,1.0,0.052922494936547625,-0.10171070211617353,0.20755569198926874,-0.10460704553612188,1120042,,,,,,,
924,0.0,1.0,0.11064807383603614,0.35875496457481376,True,1.0,all_candidates_all_split_features,1.0,-0.0693615816273411,-0.16247067541142252,0.0237475121567403,-0.03518580558050255,1120042,,,,,,,
929,1.0,0.0,0.6634216252210545,0.5571596280328351,True,1.0,all_candidates_all_split_features,1.0,0.00020114968506533808,-0.24406563084884492,0.24446793021897556,-0.2246108655442407,1120042,,,,,,,
934,0.0,0.0,0.17588820990102041,0.1479102128392838,True,1.0,all_candidates_all_split_features,1.0,-0.03894794486897176,-0.1649103574471181,0.08701446770917454,-0.17923562100166213,1120042,,,,,,,
955,1.0,1.0,0.7279935351733413,0.7193079523925068,True,1.0,all_candidates_all_split_features,1.0,-0.07639506016454187,-0.15624946574061888,0.003459345411535114,-0.4074361291328243,1120042,,,,,,,
960,1.0,1.0,0.516353381546526,0.48744897008899524,True,1.0,all_candidates_all_split_features,1.0,-0.00047150701220194944,-0.15586553687165852,0.1549225228472546,0.30302428580824725,1120042,,,,,,,
961,0.0,1.0,0.5952214322323915,0.2839526673389449,True,1.0,all_candidates_all_split_features,1.0,0.003582230433707127,-0.08825849032079938,0.09542295118821363,-0.17386110854674186,1120042,,,,,,,
967,0.0,0.0,0.7111062328377343,0.6026371727046967,True,1.0,all_candidates_all_split_features,1.0,-0.06926276586622779,-0.15856951359018912,0.02004398185773354,0.11315424130412288,1120042,,,,,,,
976,0.0,0.0,0.22296580907529134,0.08518100874594803,True,1.0,all_candidates_all_split_features,1.0,-0.06252512318376181,-0.16387014464847255,0.038819898280948895,-0.10435438224184548,1120042,,,,,,,
977,1.0,0.0,0.8795089744048036,0.5493546289655924,True,1.0,all_candidates_all_split_features,1.0,0.016277334994875988,-0.16248245193470262,0.19503712192445458,0.2172265382051104,1120042,,,,,,,
980,1.0,1.0,0.7845093011134376,0.5285083827381312,True,1.0,all_candidates_all_split_features,1.0,-0.06436141862184973,-0.19832010349421503,0.06959726625051556,-0.1328309937568829,1120042,,,,,,,
986,1.0,0.0,0.6842931095653495,0.4407593834478375,True,1.0,all_candidates_all_split_features,1.0,-0.023971076179306928,-0.1590173331852713,0.11107518082665739,-0.21930664730454208,1120042,,,,,,,
987,0.0,0.0,0.4937146818591577,0.41011618555896223,True,1.0,all_candidates_all_split_features,1.0,-0.06619317963022443,-0.1700767005363591,0.0376903412759102,0.16537846499403014,1120042,,,,,,,
989,0.0,0.0,0.502114524477848,0.4557268144672463,True,1.0,all_candidates_all_split_features,1.0,-0.06099940836838953,-0.25182042289523077,0.12982160615845167,-0.22553091570484401,1120042,,,,,,,
5,1.0,1.0,0.6377114402121038,0.34254974755376194,True,,multi_model_matched,,0.008044603925541979,-0.07771304380853278,0.09380225165961671,0.29544125881310984,1120042,,,,,,,
12,0.0,1.0,0.40864594703941975,0.30002689738786964,True,,multi_model_matched,,-0.013956465283404945,-0.17456594493042157,0.14665301436361167,-0.1020346687031714,1120042,,,,,,,
15,1.0,0.0,0.5202019068490832,0.11807387106554294,True,,multi_model_matched,,-0.04842305070114904,-0.1870226100001846,0.09017650859788652,-0.003080297422145953,1120042,,,,,,,
30,0.0,0.0,0.5746897562690604,0.24295906763714584,True,,multi_model_matched,,-0.0906963761624718,-0.199685227910342,0.018292475585398357,-0.15824629257148742,1120042,,,,,,,
39,1.0,0.0,0.6048933776872666,0.3441516064005722,True,,multi_model_matched,,-0.15991449014078624,-0.33722885416221166,0.017399873880639155,-0.0787740414269622,1120042,,,,,,,
40,0.0,0.0,0.3543801765148926,0.35057432062020416,True,,multi_model_matched,,-0.0447967224118955,-0.14638809134901604,0.05679464652522502,0.060474988513839145,1120042,,,,,,,
43,1.0,0.0,0.7309350546172592,0.38618933830050256,True,,multi_model_matched,,-0.12328349675862257,-0.20107852714167618,-0.045488466375569,-0.19702180525731344,1120042,,,,,,,
45,0.0,0.0,0.2877857978025763,0.3689753372039217,True,,multi_model_matched,,0.037353462382395786,-0.13172014198786022,0.20642706675265177,0.13139903885494988,1120042,,,,,,,
48,1.0,1.0,0.4640558918721573,0.5888245392655549,True,,multi_model_matched,,0.02075870965352826,-0.10080349122645288,0.14232091053350937,-0.02351093248221392,1120042,,,,,,,
63,1.0,0.0,0.493740643635318,0.20164355626544486,True,,multi_model_matched,,-0.021041845512583802,-0.13362747460330024,0.09154378357813261,-0.08061850681857732,1120042,,,,,,,
67,1.0,1.0,0.4135078007326209,0.532633707078535,True,,multi_model_matched,,-0.19873609384628368,-0.3545469322692104,-0.04292525542335701,-0.4040936263411786,1120042,,,,,,,
69,0.0,0.0,0.46600337273861786,0.48630868982475617,True,,multi_model_matched,,-0.09722231721370757,-0.18784735093995525,-0.006597283487459929,-0.2535047085663173,1120042,,,,,,,
72,1.0,0.0,0.5908011295185976,0.3649110295452353,True,,multi_model_matched,,-0.10557340575886116,-0.1764051188953038,-0.03474169262241854,0.03393963416448598,1120042,,,,,,,
75,1.0,0.0,0.8971971121686327,0.590906090484836,True,,multi_model_matched,,0.008044603925541979,-0.07771304380853278,0.09380225165961671,-0.21905044290968123,1120042,,,,,,,
93,0.0,1.0,0.23435593073816172,0.3708737195266814,True,,multi_model_matched,,-0.11914234692838242,-0.22712802889136105,-0.011156664965403823,-0.24763340158643393,1120042,,,,,,,
115,0.0,0.0,0.417662784829503,0.3560754401295836,True,,multi_model_matched,,-0.02055368355029588,-0.14070202376385868,0.09959465666326689,-0.036066766855671034,1120042,,,,,,,
116,0.0,1.0,0.2300810466125331,0.24524587329350514,True,,multi_model_matched,,-0.15856921288071815,-0.33831012629530693,0.021171700533870574,-0.014342061446469406,1120042,,,,,,,
121,1.0,0.0,0.829551555662928,0.5644650903605791,True,,multi_model_matched,,-0.18484377326536008,-0.314340624241808,-0.05534692228891219,-0.578150415838105,1120042,,,,,,,
122,1.0,0.0,0.6628130336914178,0.16757719199669627,True,,multi_model_matched,,-0.07279507596972774,-0.24216121939654506,0.09657106745708956,-0.1662835077113541,1120042,,,,,,,
123,0.0,1.0,0.39744562120923743,0.39243083175848403,True,,multi_model_matched,,0.041513302179584585,-0.08841199000407708,0.1714385943632462,0.03246765507545743,1120042,,,,,,,
126,0.0,0.0,0.2904388139791195,0.3909132072928165,True,,multi_model_matched,,-0.17237897271064387,-0.2480110124918785,-0.09674693292940925,-0.3010231687743369,1120042,,,,,,,
130,0.0,0.0,0.26863216138852986,0.21849460988274513,True,,multi_model_matched,,-0.025366442540226724,-0.15688326620411688,0.10615038112366341,0.006309753656425152,1120042,,,,,,,
137,0.0,0.0,0.19104229057139868,0.136704195001431,True,,multi_model_matched,,-0.12884298548771284,-0.28756775599433476,0.029881785018909063,-0.035394603233024145,1120042,,,,,,,
145,1.0,0.0,0.4660143956373304,0.44212132263226617,True,,multi_model_matched,,-0.028370521945989213,-0.15808225627179204,0.10134121237981358,-0.33769143797714973,1120042,,,,,,,
151,0.0,1.0,0.5191771574449675,0.4662585530143542,True,,multi_model_matched,,0.07720906409894061,-0.085092618575231,0.23951074677311218,-0.31487008056515453,1120042,,,,,,,
162,0.0,0.0,0.5856731783723788,0.5989655969474362,True,,multi_model_matched,,-0.13118524876759313,-0.22255573664855854,-0.03981476088662776,-0.1770906937214045,1120042,,,,,,,
167,0.0,1.0,0.6272436550256896,0.707639467658466,True,,multi_model_matched,,-0.10636462101272204,-0.3202448011110597,0.10751555908561558,0.060419762402974864,1120042,,,,,,,
169,1.0,1.0,0.718421807752594,0.8744463758885973,True,,multi_model_matched,,-0.09768628031507247,-0.1830967873178381,-0.01227577331230685,-0.059438745764093026,1120042,,,,,,,
180,1.0,1.0,0.8672668628184429,0.5657293381904667,True,,multi_model_matched,,-0.03250235177901336,-0.13791308251418957,0.07290837895616284,0.07214620573564456,1120042,,,,,,,
186,1.0,0.0,0.5911390146431826,0.5179879989770028,True,,multi_model_matched,,0.03120315603061476,-0.09127094979206785,0.15367726185329733,-0.34838730337294177,1120042,,,,,,,
193,0.0,0.0,0.40023106047420476,0.1550758670471376,True,,multi_model_matched,,-0.10614284923102352,-0.25148449241005877,0.03919879394801165,-0.07790570380726344,1120042,,,,,,,
196,0.0,0.0,0.4779684453454312,0.4063942925546509,True,,multi_model_matched,,-0.035734974661046366,-0.15434951209785294,0.0828795627757602,0.18500422317417548,1120042,,,,,,,
198,0.0,0.0,0.14587366590344183,0.3168318250125152,True,,multi_model_matched,,-0.10853516106717342,-0.31503380490412514,0.0979634827697782,-0.09796041668062988,1120042,,,,,,,
205,1.0,1.0,0.889667935890094,0.4157414662695457,True,,multi_model_matched,,-0.12127118048244055,-0.26850309994328847,0.025960738978407324,0.10039000345163385,1120042,,,,,,,
208,1.0,1.0,0.37917397054309765,0.6227098092939151,True,,multi_model_matched,,-0.010609841659548825,-0.17540867988164446,0.1541889965625468,-0.38364186382161225,1120042,,,,,,,
211,0.0,0.0,0.231401125726331,0.22905857404779453,True,,multi_model_matched,,-0.03752511524054705,-0.1662361862283335,0.09118595574723937,0.039362356322426656,1120042,,,,,,,
229,0.0,0.0,0.35491053100236486,0.18642819332391197,True,,multi_model_matched,,-0.11027151013547723,-0.19633720204364144,-0.024205818227313033,-0.0181111175885878,1120042,,,,,,,
237,0.0,1.0,0.3187585270756577,0.6861105920384603,True,,multi_model_matched,,-0.050809678421902905,-0.15399694253438215,0.0523775856905763,0.014677238537030401,1120042,,,,,,,
241,1.0,0.0,0.33880276994038705,0.4470269612145222,True,,multi_model_matched,,-0.04484132635498031,-0.1152817403297169,0.025599087619756267,-0.2359562924134932,1120042,,,,,,,
250,1.0,1.0,0.8428866494274864,0.703627059039757,True,,multi_model_matched,,-0.051328782418899155,-0.15193874712057687,0.04928118228277854,-0.14381661120733635,1120042,,,,,,,
254,0.0,1.0,0.20839292854203073,0.24099446092279211,True,,multi_model_matched,,-0.04484132635498031,-0.1152817403297169,0.025599087619756267,0.11029612787953566,1120042,,,,,,,
261,0.0,0.0,0.25783316789758004,0.1812073244799295,True,,multi_model_matched,,-0.035734974661046366,-0.15434951209785294,0.0828795627757602,0.31285754382566056,1120042,,,,,,,
264,1.0,1.0,0.5133701154893368,0.5783417591739412,True,,multi_model_matched,,-0.14066572477054437,-0.29498730799924067,0.013655858458151898,0.10130985419071503,1120042,,,,,,,
265,0.0,0.0,0.4673440107611287,0.3563794093146026,True,,multi_model_matched,,-0.1611912231424176,-0.2500966927126641,-0.07228575357217111,-0.19966649402570194,1120042,,,,,,,
270,0.0,0.0,0.34874073775724557,0.20171397701955088,True,,multi_model_matched,,-0.16734734153741057,-0.23517383187550073,-0.09952085119932041,-0.05981133747776573,1120042,,,,,,,
271,1.0,0.0,0.8208015211662028,0.8654343342544495,True,,multi_model_matched,,-0.16729450723173264,-0.24797831165796164,-0.08661070280550366,-0.027407061388611043,1120042,,,,,,,
277,1.0,1.0,0.8458274757149049,0.5796784555469318,True,,multi_model_matched,,0.017663698323348163,-0.17049039824553863,0.20581779489223492,0.19707323380293573,1120042,,,,,,,
282,0.0,0.0,0.4968539889905682,0.48950108386632263,True,,multi_model_matched,,-0.03832945625542914,-0.12550125506532445,0.04884234255446613,0.2904593735133494,1120042,,,,,,,
284,0.0,1.0,0.26169668314489575,0.48044735559495144,True,,multi_model_matched,,-0.10462650507333562,-0.19065214983052037,-0.018600860316150908,0.18518688543613304,1120042,,,,,,,
288,1.0,0.0,0.7511605014707504,0.5824804714021297,True,,multi_model_matched,,-0.04365265425527237,-0.12298415704154753,0.03567884853100277,0.004640120746827181,1120042,,,,,,,
294,1.0,1.0,0.8164796270017057,0.49031264913350026,True,,multi_model_matched,,-0.06665490086195357,-0.251680427376024,0.11837062565211677,-0.34951026332690505,1120042,,,,,,,
318,0.0,0.0,0.6636540076542939,0.5705544669325786,True,,multi_model_matched,,0.0343082454071105,-0.14551910251865344,0.2141355933328744,-0.20199985734703257,1120042,,,,,,,
319,1.0,1.0,0.8930296774091446,0.7555478412559756,True,,multi_model_matched,,0.03962229312133173,-0.08758612046534361,0.16683070670800704,0.04278373950332526,1120042,,,,,,,
328,0.0,1.0,0.39432924248177276,0.18948303187203663,True,,multi_model_matched,,-0.03906615248162667,-0.19715185050544826,0.11901954554219488,0.10327243996857394,1120042,,,,,,,
334,0.0,0.0,0.32003853805723764,0.2875355167491368,True,,multi_model_matched,,-0.15864908360432303,-0.2639127714469584,-0.05338539576168767,-0.1484375342195409,1120042,,,,,,,
339,0.0,1.0,0.6907306329755005,0.5644583916735121,True,,multi_model_matched,,-0.1104346230161302,-0.17935047642356217,-0.04151876960869827,-0.04096418254395162,1120042,,,,,,,
343,1.0,1.0,0.7122793784860058,0.5155210187085154,True,,multi_model_matched,,0.003129285686863256,-0.09292437456682598,0.09918294594055246,-0.252500407706424,1120042,,,,,,,
346,0.0,0.0,0.4668878241550569,0.33951763988107997,True,,multi_model_matched,,-0.1300045004122751,-0.2098827580322648,-0.050126242792285405,0.021257549177203516,1120042,,,,,,,
347,0.0,1.0,0.20263826870260368,0.2637419376444213,True,,multi_model_matched,,-0.12241082985730226,-0.2093815718713966,-0.035440087843207915,0.0718545920669893,1120042,,,,,,,
349,0.0,1.0,0.7980010545149436,0.6771543356924604,True,,multi_model_matched,,-0.09751738187641415,-0.2471081653675832,0.05207340161475488,0.03268878550218324,1120042,,,,,,,
354,1.0,0.0,0.532805219686784,0.2924577715670299,True,,multi_model_matched,,-0.05730149674823878,-0.1664783238019352,0.05187533030545762,-0.14297135067526034,1120042,,,,,,,
357,1.0,1.0,0.6408274001124588,0.2999253159315922,True,,multi_model_matched,,-0.08693421149612857,-0.18399029092400213,0.010121867931744966,0.1013446835796018,1120042,,,,,,,
360,1.0,0.0,0.3477877504865826,0.3387807653978252,True,,multi_model_matched,,-0.0625653312591603,-0.16741713133506264,0.042286468816742015,-0.20995476861796994,1120042,,,,,,,
361,0.0,0.0,0.29661108176182654,0.23059339157774011,True,,multi_model_matched,,-0.06011092935618135,-0.1731186034147811,0.05289674470241839,-0.0406445885166562,1120042,,,,,,,
365,1.0,0.0,0.6049751553904226,0.2863717839207137,True,,multi_model_matched,,-0.13210850471205335,-0.28066326278914827,0.016446253365041547,-0.3344524588585174,1120042,,,,,,,
368,1.0,0.0,0.6849883638981021,0.32733973117530735,True,,multi_model_matched,,-0.10082610004522134,-0.23033042443666613,0.028678224346223427,-0.05427466854280549,1120042,,,,,,,
370,1.0,0.0,0.19790340240759838,0.10800260009836761,True,,multi_model_matched,,-0.06712755740928428,-0.24149355968597283,0.10723844486740422,-0.11224918810400103,1120042,,,,,,,
380,0.0,1.0,0.7471666727680591,0.4674264398886901,True,,multi_model_matched,,-0.12426594778655288,-0.21104079582230725,-0.03749109975079852,-0.4595323870462047,1120042,,,,,,,
384,1.0,1.0,0.6900728481780237,0.5112597274821526,True,,multi_model_matched,,-0.047723522699965014,-0.11749985565865517,0.022052810258725138,0.0703099140074529,1120042,,,,,,,
392,1.0,1.0,0.7956043945971023,0.7308406047876336,True,,multi_model_matched,,-0.03936620936125023,-0.16255994146158018,0.0838275227390797,0.0859568948245617,1120042,,,,,,,
398,0.0,1.0,0.3206138626697417,0.45685223927714724,True,,multi_model_matched,,-0.07643552623121588,-0.16419150125710008,0.0113204487946683,-0.3498504475078327,1120042,,,,,,,
409,0.0,0.0,0.18337791691798333,0.4439000770292082,True,,multi_model_matched,,-0.008452259587501858,-0.13247713153226529,0.11557261235726153,0.14554265152238055,1120042,,,,,,,
422,1.0,1.0,0.4374280553015159,0.34871246199525907,True,,multi_model_matched,,0.0676318381836776,-0.1019505464528806,0.23721422282023577,0.04875396248008518,1120042,,,,,,,
424,1.0,0.0,0.6770097302582416,0.7052642761137701,True,,multi_model_matched,,-0.09956551577579392,-0.32057975867314303,0.12144872712155513,-0.411950972386599,1120042,,,,,,,
431,1.0,1.0,0.4372491262168222,0.6279412483546116,True,,multi_model_matched,,-0.09430698860724142,-0.2145383365836714,0.02592435936918855,-0.32665406706368566,1120042,,,,,,,
433,0.0,0.0,0.10525170726096475,0.10427304962006238,True,,multi_model_matched,,-0.06870521810872517,-0.19733168913720384,0.05992125291975349,-0.03402153155820689,1120042,,,,,,,
435,0.0,1.0,0.4409894527049854,0.6729711349557012,True,,multi_model_matched,,-0.09856280975061193,-0.17449815920178002,-0.022627460299443847,-0.10742312894197681,1120042,,,,,,,
446,1.0,0.0,0.2790381570542702,0.16375999330593335,True,,multi_model_matched,,-0.04623448351164768,-0.22091549994723098,0.12844653292393554,-0.06432527410523083,1120042,,,,,,,
447,1.0,1.0,0.536835214889051,0.5503554221394807,True,,multi_model_matched,,-0.07260538193708126,-0.19342289825973613,0.048212134385573605,0.034144994760945346,1120042,,,,,,,
451,1.0,1.0,0.7690955084071955,0.6112206494377056,True,,multi_model_matched,,0.011589379145483981,-0.1685440859989782,0.1917228442899461,-0.17663563846118313,1120042,,,,,,,
460,1.0,0.0,0.39094770965443404,0.27994469973743064,True,,multi_model_matched,,0.022173991423919678,-0.1143906282174317,0.158738611065271,-0.15089969081385596,1120042,,,,,,,
462,0.0,0.0,0.4757820881301206,0.3798226570352518,True,,multi_model_matched,,0.04627214242146518,-0.11491787917290747,0.2074621640158378,-0.02877369342676961,1120042,,,,,,,
465,0.0,1.0,0.4312755600906261,0.6491876730428766,True,,multi_model_matched,,-0.11027151013547723,-0.19633720204364144,-0.024205818227313033,-0.07352311822592295,1120042,,,,,,,
467,0.0,0.0,0.2562069965782711,0.26684038260745196,True,,multi_model_matched,,-0.0159482557277637,-0.09882721159341014,0.0669307001378827,0.18109530692018136,1120042,,,,,,,
468,1.0,0.0,0.44882293786932376,0.4590625162462623,True,,multi_model_matched,,-0.13423860874556334,-0.21228850685001688,-0.05618871064110981,-0.36394341785118856,1120042,,,,,,,
474,0.0,0.0,0.4334979519869535,0.38280401600429703,True,,multi_model_matched,,-0.0008889086763556602,-0.10046695235549476,0.09868913500278341,0.27024214191256124,1120042,,,,,,,
478,1.0,0.0,0.5739982744039367,0.2947270948162633,True,,multi_model_matched,,-0.08641841529242476,-0.18343466380055773,0.010597833215708174,-0.14113139488284232,1120042,,,,,,,
481,0.0,1.0,0.5087083360409932,0.40825501741027925,True,,multi_model_matched,,-0.13979461410341493,-0.2074432008922502,-0.07214602731457964,0.24256774419822325,1120042,,,,,,,
486,1.0,1.0,0.7441202307802978,0.6148549412893181,True,,multi_model_matched,,-0.19801276959759948,-0.35422523286444085,-0.04180030633075815,-0.6892153014395378,1120042,,,,,,,
487,1.0,1.0,0.8467975192157075,0.5866738910251524,True,,multi_model_matched,,-0.013364698609473313,-0.15624849580411895,0.1295190985851723,-0.028156691615068175,1120042,,,,,,,
498,0.0,0.0,0.3020648921646804,0.1979830251548477,True,,multi_model_matched,,-0.06796248515494671,-0.2406706871697384,0.10474571685984496,-0.1062618189134249,1120042,,,,,,,
503,0.0,0.0,0.3446948747805175,0.2658055219729751,True,,multi_model_matched,,0.005638413498129726,-0.10009146593081912,0.11136829292707855,-0.16728505428348134,1120042,,,,,,,
507,1.0,1.0,0.8311033999506614,0.7945564212316646,True,,multi_model_matched,,-0.06539820260676675,-0.13677469809003281,0.0059782928764993,-0.030854928811506976,1120042,,,,,,,
508,0.0,0.0,0.5229332692489086,0.2601699446166555,True,,multi_model_matched,,-0.07942600204574915,-0.18712921131967833,0.02827720722818,-0.05620972089686527,1120042,,,,,,,
514,1.0,1.0,0.8270038617254091,0.6943390637417084,True,,multi_model_matched,,-0.12796612814910224,-0.20863751973908354,-0.047294736559120976,-0.061478120138046544,1120042,,,,,,,
526,0.0,0.0,0.15782593929996835,0.13044474411998602,True,,multi_model_matched,,0.034735201359067734,-0.1493821135203375,0.21885251623847296,0.020299231269924375,1120042,,,,,,,
528,1.0,1.0,0.6647472925894883,0.7352516088728809,True,,multi_model_matched,,-0.009076996147999708,-0.12030655641347865,0.1021525641174792,-0.3151680255715663,1120042,,,,,,,
532,1.0,0.0,0.5659465902283147,0.4305883970188177,True,,multi_model_matched,,-0.08076676380966921,-0.23318813569041996,0.07165460807108151,-0.5334643262344162,1120042,,,,,,,
534,0.0,1.0,0.6356185713393279,0.49570608184298615,True,,multi_model_matched,,-0.014147482705853063,-0.11715919056319167,0.08886422515148552,0.13543398492073888,1120042,,,,,,,
535,0.0,0.0,0.6385549390569282,0.3491581541021244,True,,multi_model_matched,,-0.07594491067151109,-0.2614515078457281,0.10956168650270591,0.03704061610492676,1120042,,,,,,,
538,1.0,0.0,0.7165422603028302,0.5565385298635452,True,,multi_model_matched,,-0.019614172475427537,-0.13093309784799592,0.0917047528971408,-0.06212851278558973,1120042,,,,,,,
539,0.0,1.0,0.3919352408994978,0.39807883890515544,True,,multi_model_matched,,-0.18808134180431735,-0.2627127419640023,-0.11344994164463239,-0.11126006308263126,1120042,,,,,,,
546,0.0,0.0,0.30246911548946265,0.1674140399970113,True,,multi_model_matched,,-0.061961125981003534,-0.19271041605035885,0.06878816408835176,-0.06620608679353736,1120042,,,,,,,
549,1.0,0.0,0.737809295603759,0.4018100071172399,True,,multi_model_matched,,-0.023263945914647532,-0.13850551865360425,0.09197762682430916,-0.22605679180368443,1120042,,,,,,,
550,0.0,0.0,0.22968620364065134,0.12507868829739605,True,,multi_model_matched,,-0.10960200916365716,-0.22945680762378096,0.010252789296466613,-0.08381602753461014,1120042,,,,,,,
552,1.0,0.0,0.5131292585651384,0.19044531066663345,True,,multi_model_matched,,-0.18412760633009,-0.3190946482628862,-0.049160564397293854,0.08753892270289004,1120042,,,,,,,
559,1.0,0.0,0.6085123450001269,0.405681505096466,True,,multi_model_matched,,-0.14066572477054437,-0.29498730799924067,0.013655858458151898,-0.36576085048430995,1120042,,,,,,,
560,1.0,1.0,0.8655555287273489,0.6294406160354643,True,,multi_model_matched,,-0.03191026495234877,-0.17034964678464282,0.10652911687994521,-0.06469990771798673,1120042,,,,,,,
561,1.0,0.0,0.6004522932294956,0.25193874811218325,True,,multi_model_matched,,-0.14066572477054437,-0.29498730799924067,0.013655858458151898,-0.14847635272894044,1120042,,,,,,,
563,0.0,0.0,0.34977696900330585,0.3001244011940171,True,,multi_model_matched,,-0.07843491819266157,-0.16794763073517233,0.011077794349849165,0.08723419972137467,1120042,,,,,,,
568,1.0,1.0,0.8420165704415828,0.7241993149028411,True,,multi_model_matched,,-0.16796916230702402,-0.24634776425751603,-0.08959056035653203,-0.11006768648138565,1120042,,,,,,,
569,0.0,1.0,0.6204165780663479,0.649966418468412,True,,multi_model_matched,,-0.021028100344256284,-0.2460749884196557,0.20401878773114307,-0.03506472883281053,1120042,,,,,,,
578,0.0,0.0,0.528449166106585,0.541129455632692,True,,multi_model_matched,,-0.10613543608414895,-0.19331956448345594,-0.018951307684842003,-0.1661069213092291,1120042,,,,,,,
584,1.0,0.0,0.4835230499831929,0.6086690571475216,True,,multi_model_matched,,-0.08555184460781684,-0.1739789407257184,0.002875251510084706,-0.18620539681394355,1120042,,,,,,,
588,1.0,1.0,0.6950874683394853,0.6067692377764136,True,,multi_model_matched,,-0.007741344903288376,-0.1023211661986398,0.08683847639206303,0.05151712594740754,1120042,,,,,,,
594,0.0,1.0,0.3845124638174599,0.20204826370818607,True,,multi_model_matched,,-0.06551060911417825,-0.16286071181432557,0.03183949358596905,-0.1845762402931477,1120042,,,,,,,
599,0.0,1.0,0.5139276407168637,0.3069862927665871,True,,multi_model_matched,,-0.04484132635498031,-0.1152817403297169,0.025599087619756267,-0.017020805613165407,1120042,,,,,,,
603,1.0,1.0,0.8760250372770755,0.7245136388321798,True,,multi_model_matched,,-0.16729450723173264,-0.24797831165796164,-0.08661070280550366,-0.4064471216929251,1120042,,,,,,,
606,0.0,1.0,0.21922940776003394,0.3608687382193187,True,,multi_model_matched,,-0.11027151013547723,-0.19633720204364144,-0.024205818227313033,-0.0810499975355446,1120042,,,,,,,
607,0.0,0.0,0.2306889141131686,0.41349980578355594,True,,multi_model_matched,,-0.057628469632935664,-0.15561032450424467,0.0403533852383733,-0.20262165996000597,1120042,,,,,,,
609,0.0,1.0,0.2303519206028594,0.1661800464978828,True,,multi_model_matched,,-0.11291521150016522,-0.2958891876306703,0.07005876463033985,-0.17815202596793825,1120042,,,,,,,
614,1.0,1.0,0.6467946600933504,0.454149402724382,True,,multi_model_matched,,-0.10622366303826165,-0.219333724494007,0.006886398417483661,0.13800989485438941,1120042,,,,,,,
617,1.0,0.0,0.6802572666640975,0.691208308706228,True,,multi_model_matched,,-0.15010231871734922,-0.22151074982362995,-0.0786938876110685,-0.32977963417948597,1120042,,,,,,,
621,1.0,1.0,0.627291255719527,0.643934722388693,True,,multi_model_matched,,-0.08693421149612857,-0.18399029092400213,0.010121867931744966,-0.10300534475910206,1120042,,,,,,,
626,1.0,0.0,0.474501537217078,0.16437460061425205,True,,multi_model_matched,,-0.08666975789459747,-0.18298737018348762,0.009647854394292665,-0.14734105843629364,1120042,,,,,,,
638,1.0,0.0,0.2748012559824055,0.1239220657092472,True,,multi_model_matched,,-0.11187051303555098,-0.2967945068927157,0.07305348082161367,-0.028967779075204383,1120042,,,,,,,
648,1.0,1.0,0.5446984576494674,0.4969151883647077,True,,multi_model_matched,,-0.1512859373086155,-0.2421430237822004,-0.060428850835030634,0.22657797391420198,1120042,,,,,,,
651,1.0,0.0,0.7414638822974168,0.20735604282143721,True,,multi_model_matched,,-0.0672396497707808,-0.16635648085310648,0.031877181311544864,0.14285091672279376,1120042,,,,,,,
656,0.0,0.0,0.28204662460451924,0.4366149382471533,True,,multi_model_matched,,-0.06638367901957155,-0.19202381652022305,0.059256458481079896,0.008071797181922913,1120042,,,,,,,
662,0.0,0.0,0.6929571721037661,0.5688028871898342,True,,multi_model_matched,,0.04787755926018992,-0.14705550808973133,0.24281062661011113,0.12090442381375327,1120042,,,,,,,
663,1.0,1.0,0.6304851473044282,0.5835748670106308,True,,multi_model_matched,,-0.07133010556110947,-0.17307564592367553,0.030415434801456573,-0.0006267839972746714,1120042,,,,,,,
676,1.0,0.0,0.4599439184764482,0.29878782114157487,True,,multi_model_matched,,-0.10324431680063131,-0.27685254695250766,0.07036391335124498,0.288078314021742,1120042,,,,,,,
680,1.0,0.0,0.6829703748258147,0.11385594636738014,True,,multi_model_matched,,-0.04837512063310983,-0.16966614937344504,0.07291590810722534,-0.21676132704337042,1120042,,,,,,,
684,0.0,0.0,0.5697406984360188,0.19983185070397666,True,,multi_model_matched,,-0.052894502192818424,-0.14198527715836456,0.036196272772727675,-0.09365228131014089,1120042,,,,,,,
689,1.0,1.0,0.8868225930045658,0.8706173422583725,True,,multi_model_matched,,-0.10613543608414895,-0.19331956448345594,-0.018951307684842003,0.028437736123359203,1120042,,,,,,,
707,1.0,0.0,0.3095601577041158,0.16574517487960455,True,,multi_model_matched,,-0.10435792170351946,-0.27343076047736103,0.06471491707032212,-0.18261274863827542,1120042,,,,,,,
708,0.0,0.0,0.38944180681518387,0.31109833854695346,True,,multi_model_matched,,-0.16990028397315107,-0.2409653875505839,-0.09883518039571829,-0.3033594815556778,1120042,,,,,,,
712,0.0,0.0,0.22671743720630477,0.39916050095370287,True,,multi_model_matched,,-0.002150495179543993,-0.10072442627506678,0.09642343591597878,0.20262182932038472,1120042,,,,,,,
713,0.0,1.0,0.4479973834356069,0.7899673126686212,True,,multi_model_matched,,-0.0021993215360129265,-0.14311448712251051,0.1387158440504846,0.18351149860665072,1120042,,,,,,,
723,1.0,1.0,0.8791019779208326,0.6312407840166131,True,,multi_model_matched,,-0.016613404826700314,-0.1225268995829776,0.08930008992957694,-0.013981278819158116,1120042,,,,,,,
735,1.0,1.0,0.7869431386479372,0.5368141960979033,True,,multi_model_matched,,0.02681241573929469,-0.06411680450424773,0.11774163598283707,0.2892291597635016,1120042,,,,,,,
739,0.0,1.0,0.16567925131260422,0.3625667250095327,True,,multi_model_matched,,0.037256914407999046,-0.15266445088597153,0.22717827970196958,0.04653584065128688,1120042,,,,,,,
743,1.0,0.0,0.6338297786120288,0.6070901283292623,True,,multi_model_matched,,-0.15984774584851397,-0.2537868769554492,-0.06590861474157873,-0.3588049137290085,1120042,,,,,,,
744,0.0,0.0,0.2696157041235064,0.15264458849958287,True,,multi_model_matched,,-0.026676219572060084,-0.20041984832499038,0.14706740918087013,0.00043827428651807554,1120042,,,,,,,
752,1.0,0.0,0.6647472925894883,0.7208329462562315,True,,multi_model_matched,,-0.009076996147999708,-0.12030655641347865,0.1021525641174792,-0.048624029853681416,1120042,,,,,,,
760,1.0,1.0,0.7134555858731084,0.792566241366111,True,,multi_model_matched,,-0.1903092684002974,-0.3465735976383766,-0.03404493916221829,-0.1049719012824385,1120042,,,,,,,
773,1.0,1.0,0.8386940353384825,0.852870223315683,True,,multi_model_matched,,-0.011301431052120075,-0.1334872050616158,0.1108843429573756,-0.05078761983714952,1120042,,,,,,,
776,0.0,0.0,0.3345234242308092,0.20533773166060534,True,,multi_model_matched,,0.09681448618057249,-0.10645917788812455,0.3000881502492695,0.11215936655437345,1120042,,,,,,,
779,0.0,0.0,0.3257453007133764,0.22754313436062862,True,,multi_model_matched,,-0.019777481195312804,-0.11047936304479755,0.07092440065417192,0.2102850669914252,1120042,,,,,,,
781,1.0,1.0,0.6832939038423603,0.63754694937672,True,,multi_model_matched,,-0.017246264553265223,-0.1425504712518949,0.10805794214536443,0.031273744586730046,1120042,,,,,,,
782,1.0,0.0,0.7648701537663227,0.4641424883295498,True,,multi_model_matched,,-0.06342406587359704,-0.17090069368834732,0.04405256194115319,-0.27881971225762575,1120042,,,,,,,
783,0.0,0.0,0.12172989379204215,0.3168675055683017,True,,multi_model_matched,,0.051616933357193674,-0.14533300026395807,0.24856686697834537,0.11768093960974968,1120042,,,,,,,
798,1.0,1.0,0.5742961575804171,0.7338549270059888,True,,multi_model_matched,,-0.006621194743743683,-0.13519981766151215,0.12195742817402476,-0.012829595656138837,1120042,,,,,,,
822,0.0,0.0,0.7417980053932205,0.6367950734915155,True,,multi_model_matched,,0.017770131011259127,-0.18296694973651545,0.21850721175903368,0.15687867128973654,1120042,,,,,,,
827,0.0,1.0,0.264977865904604,0.5063020143310597,True,,multi_model_matched,,-0.15988381109753574,-0.2787811230506769,-0.040986499144394575,-0.47170840662307595,1120042,,,,,,,
839,0.0,0.0,0.4808888128545494,0.1562570180525887,True,,multi_model_matched,,-0.0856772833065211,-0.18044380220277356,0.009089235589731334,-0.082870305049013,1120042,,,,,,,
845,1.0,1.0,0.7067711150558171,0.505484558588421,True,,multi_model_matched,,0.03607459278913297,-0.0813214550106199,0.15347064058888582,-0.054967122143437575,1120042,,,,,,,
848,0.0,0.0,0.1666158023279128,0.2015602546752192,True,,multi_model_matched,,-0.019487217278217683,-0.1918488850079888,0.15287445045155343,0.0857810802170664,1120042,,,,,,,
859,1.0,1.0,0.6849906428774399,0.6769103292049636,True,,multi_model_matched,,-0.030495603257476224,-0.187059030231495,0.12606782371654252,0.10091643251497262,1120042,,,,,,,
868,1.0,0.0,0.3082583807209731,0.1535068027524439,True,,multi_model_matched,,-0.059009037195157446,-0.1705554414336155,0.0525373670433006,-0.03768758335333155,1120042,,,,,,,
875,1.0,1.0,0.25333963387393715,0.20708796308982624,True,,multi_model_matched,,0.022695592057331838,-0.12546010738960436,0.17085129150426803,0.2750351541256375,1120042,,,,,,,
892,0.0,0.0,0.6313698695873204,0.23382463068565157,True,,multi_model_matched,,-0.12019805168037279,-0.22004477797165078,-0.020351325389094815,-0.4218944972490402,1120042,,,,,,,
893,0.0,1.0,0.45589257876268896,0.39302832109664,True,,multi_model_matched,,-0.10822869265823426,-0.19071582116553237,-0.025741564150936147,-0.13899119129057289,1120042,,,,,,,
898,1.0,1.0,0.49462645872228006,0.3547315126470555,True,,multi_model_matched,,-0.12250860254997807,-0.2160786962208402,-0.028938508879115976,0.11489019733853345,1120042,,,,,,,
908,1.0,1.0,0.59795154629418,0.5465323047791424,True,,multi_model_matched,,-0.022401773500928302,-0.1445383138082969,0.09973476680644026,0.2700079153490359,1120042,,,,,,,
913,0.0,0.0,0.4590740424682504,0.15303561997525103,True,,multi_model_matched,,0.03543560101299313,-0.11418440610445797,0.1850556081304442,0.5763362625455206,1120042,,,,,,,
915,1.0,1.0,0.8444617337210738,0.7902472579186703,True,,multi_model_matched,,0.02065476491150115,-0.11754419091802837,0.15885372074103063,-0.10460704553612188,1120042,,,,,,,
924,0.0,1.0,0.11064807383603614,0.35875496457481376,True,,multi_model_matched,,-0.13559563583755277,-0.22017440845183994,-0.051016863223265624,-0.03518580558050255,1120042,,,,,,,
929,1.0,0.0,0.6634216252210545,0.5571596280328351,True,,multi_model_matched,,0.06293508211145077,-0.07044413674341077,0.19631430096631228,-0.2246108655442407,1120042,,,,,,,
934,0.0,0.0,0.17588820990102041,0.1479102128392838,True,,multi_model_matched,,-0.1669794317644636,-0.2988410608453871,-0.03511780268354012,-0.17923562100166213,1120042,,,,,,,
955,1.0,1.0,0.7279935351733413,0.7193079523925068,True,,multi_model_matched,,-0.11027151013547723,-0.19633720204364144,-0.024205818227313033,-0.4074361291328243,1120042,,,,,,,
960,1.0,1.0,0.516353381546526,0.48744897008899524,True,,multi_model_matched,,0.04254767725937896,-0.13624642890247463,0.22134178342123254,0.30302428580824725,1120042,,,,,,,
961,0.0,1.0,0.5952214322323915,0.2839526673389449,True,,multi_model_matched,,-0.040446586784348856,-0.14612677106835847,0.06523359749966075,-0.17386110854674186,1120042,,,,,,,
967,0.0,0.0,0.7111062328377343,0.6026371727046967,True,,multi_model_matched,,-0.10822869265823426,-0.19071582116553237,-0.025741564150936147,0.11315424130412288,1120042,,,,,,,
976,0.0,0.0,0.22296580907529134,0.08518100874594803,True,,multi_model_matched,,-0.1903092684002974,-0.3465735976383766,-0.03404493916221829,-0.10435438224184548,1120042,,,,,,,
977,1.0,0.0,0.8795089744048036,0.5493546289655924,True,,multi_model_matched,,-0.020076339788467585,-0.24791860031962698,0.20776592074269176,0.2172265382051104,1120042,,,,,,,
980,1.0,1.0,0.7845093011134376,0.5285083827381312,True,,multi_model_matched,,-0.14558663083817025,-0.3253164585217831,0.034143196845442536,-0.1328309937568829,1120042,,,,,,,
986,1.0,0.0,0.6842931095653495,0.4407593834478375,True,,multi_model_matched,,-0.03832945625542914,-0.12550125506532445,0.04884234255446613,-0.21930664730454208,1120042,,,,,,,
987,0.0,0.0,0.4937146818591577,0.41011618555896223,True,,multi_model_matched,,-0.03410472670290125,-0.13724305107435247,0.06903359766854995,0.16537846499403014,1120042,,,,,,,
989,0.0,0.0,0.502114524477848,0.4557268144672463,True,,multi_model_matched,,0.013368738083171404,-0.15752281503639382,0.1842602912027366,-0.22553091570484401,1120042,,,,,,,
5,1.0,1.0,0.6377114402121038,0.34254974755376194,True,,multi_model_broad,,-0.0016627239031733899,-0.10022607140703772,0.09690062360069093,0.29544125881310984,1120042,,,,,,,
12,0.0,1.0,0.40864594703941975,0.30002689738786964,True,,multi_model_broad,,0.0002900335918035394,-0.1616104945846187,0.16219056176822577,-0.1020346687031714,1120042,,,,,,,
15,1.0,0.0,0.5202019068490832,0.11807387106554294,True,,multi_model_broad,,-0.06328821577972246,-0.2319592663574168,0.10538283479797184,-0.003080297422145953,1120042,,,,,,,
30,0.0,0.0,0.5746897562690604,0.24295906763714584,True,,multi_model_broad,,-0.02948677350838949,-0.18220716769237327,0.12323362067559426,-0.15824629257148742,1120042,,,,,,,
39,1.0,0.0,0.6048933776872666,0.3441516064005722,True,,multi_model_broad,,-0.07825337754882082,-0.1644138595445144,0.007907104446872745,-0.0787740414269622,1120042,,,,,,,
40,0.0,0.0,0.3543801765148926,0.35057432062020416,True,,multi_model_broad,,-0.05617755319889448,-0.2272860812700066,0.11493097487221762,0.060474988513839145,1120042,,,,,,,
43,1.0,0.0,0.7309350546172592,0.38618933830050256,True,,multi_model_broad,,-0.03177716282812875,-0.12047513428790063,0.05692080863164311,-0.19702180525731344,1120042,,,,,,,
45,0.0,0.0,0.2877857978025763,0.3689753372039217,True,,multi_model_broad,,-0.09537219627881877,-0.21628812492181126,0.02554373236417372,0.13139903885494988,1120042,,,,,,,
48,1.0,1.0,0.4640558918721573,0.5888245392655549,True,,multi_model_broad,,-0.076517713329652,-0.25750031797540235,0.1044648913160983,-0.02351093248221392,1120042,,,,,,,
63,1.0,0.0,0.493740643635318,0.20164355626544486,True,,multi_model_broad,,-0.0906715359435186,-0.17056299430409036,-0.010780077582946843,-0.08061850681857732,1120042,,,,,,,
67,1.0,1.0,0.4135078007326209,0.532633707078535,True,,multi_model_broad,,-0.06818908653220622,-0.23238676850121226,0.09600859543679978,-0.4040936263411786,1120042,,,,,,,
69,0.0,0.0,0.46600337273861786,0.48630868982475617,True,,multi_model_broad,,-0.04990052105494404,-0.1748461792928792,0.07504513718299112,-0.2535047085663173,1120042,,,,,,,
72,1.0,0.0,0.5908011295185976,0.3649110295452353,True,,multi_model_broad,,-0.034039410529706694,-0.1628152581404727,0.0947364370810593,0.03393963416448598,1120042,,,,,,,
75,1.0,0.0,0.8971971121686327,0.590906090484836,True,,multi_model_broad,,0.005715935122768962,-0.13025909566211222,0.1416909659076501,-0.21905044290968123,1120042,,,,,,,
93,0.0,1.0,0.23435593073816172,0.3708737195266814,True,,multi_model_broad,,-0.053773306064850146,-0.14563632589160683,0.03808971376190652,-0.24763340158643393,1120042,,,,,,,
115,0.0,0.0,0.417662784829503,0.3560754401295836,True,,multi_model_broad,,-0.06033661881254866,-0.1640221642901139,0.04334892666501655,-0.036066766855671034,1120042,,,,,,,
116,0.0,1.0,0.2300810466125331,0.24524587329350514,True,,multi_model_broad,,-0.0919709306259846,-0.2197768904483477,0.03583502919637846,-0.014342061446469406,1120042,,,,,,,
121,1.0,0.0,0.829551555662928,0.5644650903605791,True,,multi_model_broad,,-0.025983874965685938,-0.11854771577948825,0.06657996584811636,-0.578150415838105,1120042,,,,,,,
122,1.0,0.0,0.6628130336914178,0.16757719199669627,True,,multi_model_broad,,-0.03310956513655454,-0.12174814238241123,0.055529012109302125,-0.1662835077113541,1120042,,,,,,,
123,0.0,1.0,0.39744562120923743,0.39243083175848403,True,,multi_model_broad,,-0.018139421684471024,-0.10577263952757267,0.0694937961586306,0.03246765507545743,1120042,,,,,,,
126,0.0,0.0,0.2904388139791195,0.3909132072928165,True,,multi_model_broad,,-0.054877750470694306,-0.17003510142607864,0.060279600484689985,-0.3010231687743369,1120042,,,,,,,
130,0.0,0.0,0.26863216138852986,0.21849460988274513,True,,multi_model_broad,,-0.0289913308970379,-0.21021512652231128,0.15223246472823546,0.006309753656425152,1120042,,,,,,,
137,0.0,0.0,0.19104229057139868,0.136704195001431,True,,multi_model_broad,,-0.02152887818318378,-0.11088531304089923,0.06782755667453165,-0.035394603233024145,1120042,,,,,,,
145,1.0,0.0,0.4660143956373304,0.44212132263226617,True,,multi_model_broad,,-0.0007114323293864062,-0.12026551479047182,0.11884265013169898,-0.33769143797714973,1120042,,,,,,,
151,0.0,1.0,0.5191771574449675,0.4662585530143542,True,,multi_model_broad,,0.0072907587924943874,-0.16809399084563928,0.18267550843062802,-0.31487008056515453,1120042,,,,,,,
162,0.0,0.0,0.5856731783723788,0.5989655969474362,True,,multi_model_broad,,-0.04251333394955916,-0.1826901269497499,0.09766345905063151,-0.1770906937214045,1120042,,,,,,,
167,0.0,1.0,0.6272436550256896,0.707639467658466,True,,multi_model_broad,,-0.03353580129696352,-0.20379555024015283,0.13672394764622578,0.060419762402974864,1120042,,,,,,,
169,1.0,1.0,0.718421807752594,0.8744463758885973,True,,multi_model_broad,,-0.04733217511273657,-0.23113691030848765,0.13647256008301445,-0.059438745764093026,1120042,,,,,,,
180,1.0,1.0,0.8672668628184429,0.5657293381904667,True,,multi_model_broad,,-0.07461588458661955,-0.21887756759593852,0.06964579842269938,0.07214620573564456,1120042,,,,,,,
186,1.0,0.0,0.5911390146431826,0.5179879989770028,True,,multi_model_broad,,-0.05970587323763192,-0.1452412061403376,0.025829459665073717,-0.34838730337294177,1120042,,,,,,,
193,0.0,0.0,0.40023106047420476,0.1550758670471376,True,,multi_model_broad,,-0.05671767076110141,-0.2190149314144673,0.10557958989226446,-0.07790570380726344,1120042,,,,,,,
196,0.0,0.0,0.4779684453454312,0.4063942925546509,True,,multi_model_broad,,0.024046173606392017,-0.22344135564172402,0.271533702854508,0.18500422317417548,1120042,,,,,,,
198,0.0,0.0,0.14587366590344183,0.3168318250125152,True,,multi_model_broad,,-0.06438326646208693,-0.13946998036274338,0.010703447438569505,-0.09796041668062988,1120042,,,,,,,
205,1.0,1.0,0.889667935890094,0.4157414662695457,True,,multi_model_broad,,-0.0411389194445942,-0.21421189627214282,0.13193405738295438,0.10039000345163385,1120042,,,,,,,
208,1.0,1.0,0.37917397054309765,0.6227098092939151,True,,multi_model_broad,,-0.030772309508030827,-0.22596363706627318,0.16441901805021145,-0.38364186382161225,1120042,,,,,,,
211,0.0,0.0,0.231401125726331,0.22905857404779453,True,,multi_model_broad,,-0.028912293861839484,-0.16023490531642107,0.10241031759274206,0.039362356322426656,1120042,,,,,,,
229,0.0,0.0,0.35491053100236486,0.18642819332391197,True,,multi_model_broad,,-0.04601345511260795,-0.15647148434087027,0.06444457411565432,-0.0181111175885878,1120042,,,,,,,
237,0.0,1.0,0.3187585270756577,0.6861105920384603,True,,multi_model_broad,,-0.025123158666337946,-0.11732830173653115,0.06708198440385524,0.014677238537030401,1120042,,,,,,,
241,1.0,0.0,0.33880276994038705,0.4470269612145222,True,,multi_model_broad,,-0.016190300611525058,-0.11030526299339952,0.07792466177034939,-0.2359562924134932,1120042,,,,,,,
250,1.0,1.0,0.8428866494274864,0.703627059039757,True,,multi_model_broad,,-0.06458927870983144,-0.17825161581888466,0.04907305839922174,-0.14381661120733635,1120042,,,,,,,
254,0.0,1.0,0.20839292854203073,0.24099446092279211,True,,multi_model_broad,,-0.05146548781312327,-0.20293196169541816,0.1000009860691716,0.11029612787953566,1120042,,,,,,,
261,0.0,0.0,0.25783316789758004,0.1812073244799295,True,,multi_model_broad,,-0.010606413864057172,-0.11121472668489364,0.09000189895677928,0.31285754382566056,1120042,,,,,,,
264,1.0,1.0,0.5133701154893368,0.5783417591739412,True,,multi_model_broad,,-0.04679639006846379,-0.14360855222248484,0.05001577208555722,0.10130985419071503,1120042,,,,,,,
265,0.0,0.0,0.4673440107611287,0.3563794093146026,True,,multi_model_broad,,-0.08315988205017741,-0.1612835409457502,-0.005036223154604641,-0.19966649402570194,1120042,,,,,,,
270,0.0,0.0,0.34874073775724557,0.20171397701955088,True,,multi_model_broad,,-0.0006565529862944392,-0.10776691189799663,0.10645380592540774,-0.05981133747776573,1120042,,,,,,,
271,1.0,0.0,0.8208015211662028,0.8654343342544495,True,,multi_model_broad,,-0.018099543967282472,-0.1560063775736187,0.11980728963905374,-0.027407061388611043,1120042,,,,,,,
277,1.0,1.0,0.8458274757149049,0.5796784555469318,True,,multi_model_broad,,0.010527087212677286,-0.12902912407573205,0.1500832985010866,0.19707323380293573,1120042,,,,,,,
282,0.0,0.0,0.4968539889905682,0.48950108386632263,True,,multi_model_broad,,-0.02118764425177317,-0.13746249979825897,0.09508721129471259,0.2904593735133494,1120042,,,,,,,
284,0.0,1.0,0.26169668314489575,0.48044735559495144,True,,multi_model_broad,,0.0021673127208225724,-0.207910655690964,0.2122452811326091,0.18518688543613304,1120042,,,,,,,
288,1.0,0.0,0.7511605014707504,0.5824804714021297,True,,multi_model_broad,,-0.01937715510572003,-0.09622646597631102,0.057472155764870934,0.004640120746827181,1120042,,,,,,,
294,1.0,1.0,0.8164796270017057,0.49031264913350026,True,,multi_model_broad,,-0.011768493115578932,-0.15913182579508148,0.1355948395639236,-0.34951026332690505,1120042,,,,,,,
318,0.0,0.0,0.6636540076542939,0.5705544669325786,True,,multi_model_broad,,-0.053220161517400416,-0.195556692300113,0.08911636926531213,-0.20199985734703257,1120042,,,,,,,
319,1.0,1.0,0.8930296774091446,0.7555478412559756,True,,multi_model_broad,,-0.06188987219848354,-0.17450808548876884,0.05072834109180172,0.04278373950332526,1120042,,,,,,,
328,0.0,1.0,0.39432924248177276,0.18948303187203663,True,,multi_model_broad,,-0.011365946928146043,-0.10003220871803606,0.07730031486174394,0.10327243996857394,1120042,,,,,,,
334,0.0,0.0,0.32003853805723764,0.2875355167491368,True,,multi_model_broad,,-0.07549110664773392,-0.1588075823251644,0.007825369029696522,-0.1484375342195409,1120042,,,,,,,
339,0.0,1.0,0.6907306329755005,0.5644583916735121,True,,multi_model_broad,,-0.011604988178629266,-0.10947043207356977,0.08626045571631122,-0.04096418254395162,1120042,,,,,,,
343,1.0,1.0,0.7122793784860058,0.5155210187085154,True,,multi_model_broad,,-0.020996502934636858,-0.15158285933040205,0.1095898534611283,-0.252500407706424,1120042,,,,,,,
346,0.0,0.0,0.4668878241550569,0.33951763988107997,True,,multi_model_broad,,0.007768780811229809,-0.2092155740293286,0.22475313565178817,0.021257549177203516,1120042,,,,,,,
347,0.0,1.0,0.20263826870260368,0.2637419376444213,True,,multi_model_broad,,-0.06841303255540118,-0.23681576260362575,0.09998969749282335,0.0718545920669893,1120042,,,,,,,
349,0.0,1.0,0.7980010545149436,0.6771543356924604,True,,multi_model_broad,,-0.06068604836043325,-0.17284031832376748,0.05146822160290094,0.03268878550218324,1120042,,,,,,,
354,1.0,0.0,0.532805219686784,0.2924577715670299,True,,multi_model_broad,,-0.029714342771350672,-0.12888566432440277,0.06945697878170139,-0.14297135067526034,1120042,,,,,,,
357,1.0,1.0,0.6408274001124588,0.2999253159315922,True,,multi_model_broad,,-0.07566957454097242,-0.17891370954107721,0.02757456045913234,0.1013446835796018,1120042,,,,,,,
360,1.0,0.0,0.3477877504865826,0.3387807653978252,True,,multi_model_broad,,-0.04315957036709205,-0.18225147846246603,0.09593233772828189,-0.20995476861796994,1120042,,,,,,,
361,0.0,0.0,0.29661108176182654,0.23059339157774011,True,,multi_model_broad,,0.01871519872877679,-0.07195690290378023,0.10938730036133379,-0.0406445885166562,1120042,,,,,,,
365,1.0,0.0,0.6049751553904226,0.2863717839207137,True,,multi_model_broad,,-0.07396712656381092,-0.24508124374632273,0.09714699061870084,-0.3344524588585174,1120042,,,,,,,
368,1.0,0.0,0.6849883638981021,0.32733973117530735,True,,multi_model_broad,,-0.01837302937908221,-0.1624836924754024,0.12573763371723795,-0.05427466854280549,1120042,,,,,,,
370,1.0,0.0,0.19790340240759838,0.10800260009836761,True,,multi_model_broad,,-0.03716328013492358,-0.18814653149801464,0.11381997122816741,-0.11224918810400103,1120042,,,,,,,
380,0.0,1.0,0.7471666727680591,0.4674264398886901,True,,multi_model_broad,,-0.037381424945806076,-0.23806030202137535,0.16329745212976315,-0.4595323870462047,1120042,,,,,,,
384,1.0,1.0,0.6900728481780237,0.5112597274821526,True,,multi_model_broad,,-0.00405370207561934,-0.0908726629254365,0.08276525877419781,0.0703099140074529,1120042,,,,,,,
392,1.0,1.0,0.7956043945971023,0.7308406047876336,True,,multi_model_broad,,-0.06982360911595598,-0.1881414547157237,0.04849423648381172,0.0859568948245617,1120042,,,,,,,
398,0.0,1.0,0.3206138626697417,0.45685223927714724,True,,multi_model_broad,,-0.06097945917550209,-0.1723053034403679,0.050346385089363684,-0.3498504475078327,1120042,,,,,,,
409,0.0,0.0,0.18337791691798333,0.4439000770292082,True,,multi_model_broad,,-0.028064920237853647,-0.19368612860409812,0.1375562881283908,0.14554265152238055,1120042,,,,,,,
422,1.0,1.0,0.4374280553015159,0.34871246199525907,True,,multi_model_broad,,0.0023963009789373913,-0.10804830896944201,0.11284091092731677,0.04875396248008518,1120042,,,,,,,
424,1.0,0.0,0.6770097302582416,0.7052642761137701,True,,multi_model_broad,,-0.08343620663908366,-0.26548005900979954,0.09860764573163214,-0.411950972386599,1120042,,,,,,,
431,1.0,1.0,0.4372491262168222,0.6279412483546116,True,,multi_model_broad,,-0.06019132975351499,-0.21178608987336922,0.09140343036633922,-0.32665406706368566,1120042,,,,,,,
433,0.0,0.0,0.10525170726096475,0.10427304962006238,True,,multi_model_broad,,-0.07923299612949015,-0.24227557367810593,0.08380958141912558,-0.03402153155820689,1120042,,,,,,,
435,0.0,1.0,0.4409894527049854,0.6729711349557012,True,,multi_model_broad,,-0.05266190003037971,-0.22569200940487139,0.12036820934411194,-0.10742312894197681,1120042,,,,,,,
446,1.0,0.0,0.2790381570542702,0.16375999330593335,True,,multi_model_broad,,-0.05410004957519635,-0.1364990959241369,0.028298996773744152,-0.06432527410523083,1120042,,,,,,,
447,1.0,1.0,0.536835214889051,0.5503554221394807,True,,multi_model_broad,,0.011078055429223724,-0.13676340470196502,0.15891951556041242,0.034144994760945346,1120042,,,,,,,
451,1.0,1.0,0.7690955084071955,0.6112206494377056,True,,multi_model_broad,,-0.02312940078350892,-0.16585675817389725,0.11959795660687936,-0.17663563846118313,1120042,,,,,,,
460,1.0,0.0,0.39094770965443404,0.27994469973743064,True,,multi_model_broad,,-0.032018181917583946,-0.15878210323298758,0.09474573939781965,-0.15089969081385596,1120042,,,,,,,
462,0.0,0.0,0.4757820881301206,0.3798226570352518,True,,multi_model_broad,,0.012052107411580578,-0.08957548866192683,0.11367970348508796,-0.02877369342676961,1120042,,,,,,,
465,0.0,1.0,0.4312755600906261,0.6491876730428766,True,,multi_model_broad,,-0.043270274439879866,-0.15090476561529642,0.06436421673553668,-0.07352311822592295,1120042,,,,,,,
467,0.0,0.0,0.2562069965782711,0.26684038260745196,True,,multi_model_broad,,-0.06500218609845662,-0.1567878171716256,0.026783444974712328,0.18109530692018136,1120042,,,,,,,
468,1.0,0.0,0.44882293786932376,0.4590625162462623,True,,multi_model_broad,,-0.025055066937307677,-0.18420126431027328,0.1340911304356579,-0.36394341785118856,1120042,,,,,,,
474,0.0,0.0,0.4334979519869535,0.38280401600429703,True,,multi_model_broad,,-0.057092881296117115,-0.1960894845936556,0.08190372200142135,0.27024214191256124,1120042,,,,,,,
478,1.0,0.0,0.5739982744039367,0.2947270948162633,True,,multi_model_broad,,-0.014317192285790366,-0.10909412619729494,0.08045974162571418,-0.14113139488284232,1120042,,,,,,,
481,0.0,1.0,0.5087083360409932,0.40825501741027925,True,,multi_model_broad,,-0.033004740045013775,-0.15537947180150485,0.08936999171147728,0.24256774419822325,1120042,,,,,,,
486,1.0,1.0,0.7441202307802978,0.6148549412893181,True,,multi_model_broad,,-0.07910267449621682,-0.18348490874730553,0.025279559754871866,-0.6892153014395378,1120042,,,,,,,
487,1.0,1.0,0.8467975192157075,0.5866738910251524,True,,multi_model_broad,,-0.055045006543673475,-0.1809461864087154,0.07085617332136843,-0.028156691615068175,1120042,,,,,,,
498,0.0,0.0,0.3020648921646804,0.1979830251548477,True,,multi_model_broad,,-0.1136868169772317,-0.22336095309413648,-0.004012680860326939,-0.1062618189134249,1120042,,,,,,,
503,0.0,0.0,0.3446948747805175,0.2658055219729751,True,,multi_model_broad,,-0.04136198159738417,-0.11665936202403579,0.03393539882926743,-0.16728505428348134,1120042,,,,,,,
507,1.0,1.0,0.8311033999506614,0.7945564212316646,True,,multi_model_broad,,-0.07409211954898662,-0.1420196941178552,-0.00616454498011805,-0.030854928811506976,1120042,,,,,,,
508,0.0,0.0,0.5229332692489086,0.2601699446166555,True,,multi_model_broad,,-0.05572198988232991,-0.24202994934293828,0.13058596957827842,-0.05620972089686527,1120042,,,,,,,
514,1.0,1.0,0.8270038617254091,0.6943390637417084,True,,multi_model_broad,,-0.05724838482366873,-0.17233845199952638,0.057841682352188895,-0.061478120138046544,1120042,,,,,,,
526,0.0,0.0,0.15782593929996835,0.13044474411998602,True,,multi_model_broad,,-0.04111159468490709,-0.17634337745454753,0.09412018808473334,0.020299231269924375,1120042,,,,,,,
528,1.0,1.0,0.6647472925894883,0.7352516088728809,True,,multi_model_broad,,0.005332091615989407,-0.18857209235107153,0.1992362755830503,-0.3151680255715663,1120042,,,,,,,
532,1.0,0.0,0.5659465902283147,0.4305883970188177,True,,multi_model_broad,,-0.03802774862674969,-0.19178010504560494,0.11572460779210555,-0.5334643262344162,1120042,,,,,,,
534,0.0,1.0,0.6356185713393279,0.49570608184298615,True,,multi_model_broad,,0.021638222979489287,-0.07977420343312341,0.12305064939210197,0.13543398492073888,1120042,,,,,,,
535,0.0,0.0,0.6385549390569282,0.3491581541021244,True,,multi_model_broad,,-0.01994495327737203,-0.16422288101031793,0.12433297445557384,0.03704061610492676,1120042,,,,,,,
538,1.0,0.0,0.7165422603028302,0.5565385298635452,True,,multi_model_broad,,-0.010398295266187746,-0.13824379482420354,0.11744720429182803,-0.06212851278558973,1120042,,,,,,,
539,0.0,1.0,0.3919352408994978,0.39807883890515544,True,,multi_model_broad,,-0.056151781219732994,-0.13833437750836602,0.026030815068899996,-0.11126006308263126,1120042,,,,,,,
546,0.0,0.0,0.30246911548946265,0.1674140399970113,True,,multi_model_broad,,-0.0777272032047571,-0.15555894212919247,0.00010453571967825037,-0.06620608679353736,1120042,,,,,,,
549,1.0,0.0,0.737809295603759,0.4018100071172399,True,,multi_model_broad,,-0.06862107919115035,-0.23134685476734843,0.0941046963850477,-0.22605679180368443,1120042,,,,,,,
550,0.0,0.0,0.22968620364065134,0.12507868829739605,True,,multi_model_broad,,-0.09859460208086288,-0.24991633131209323,0.05272712715036745,-0.08381602753461014,1120042,,,,,,,
552,1.0,0.0,0.5131292585651384,0.19044531066663345,True,,multi_model_broad,,-0.08461927963338632,-0.21806531473821017,0.048826755471437486,0.08753892270289004,1120042,,,,,,,
559,1.0,0.0,0.6085123450001269,0.405681505096466,True,,multi_model_broad,,-0.06256836711593798,-0.15787905109268185,0.032742316860805865,-0.36576085048430995,1120042,,,,,,,
560,1.0,1.0,0.8655555287273489,0.6294406160354643,True,,multi_model_broad,,-0.056196765913879065,-0.25632158163871954,0.14392804981096138,-0.06469990771798673,1120042,,,,,,,
561,1.0,0.0,0.6004522932294956,0.25193874811218325,True,,multi_model_broad,,-0.042344526882451494,-0.1339435820068133,0.04925452824191029,-0.14847635272894044,1120042,,,,,,,
563,0.0,0.0,0.34977696900330585,0.3001244011940171,True,,multi_model_broad,,-0.05769851163728465,-0.1815898916673217,0.06619286839275237,0.08723419972137467,1120042,,,,,,,
568,1.0,1.0,0.8420165704415828,0.7241993149028411,True,,multi_model_broad,,-0.07145436534727473,-0.17296964292874778,0.030060912234198295,-0.11006768648138565,1120042,,,,,,,
569,0.0,1.0,0.6204165780663479,0.649966418468412,True,,multi_model_broad,,-0.11062136416611941,-0.2825508662075225,0.06130813787528365,-0.03506472883281053,1120042,,,,,,,
578,0.0,0.0,0.528449166106585,0.541129455632692,True,,multi_model_broad,,-0.06338598269366166,-0.21999235116029328,0.09322038577296993,-0.1661069213092291,1120042,,,,,,,
584,1.0,0.0,0.4835230499831929,0.6086690571475216,True,,multi_model_broad,,-0.028476795631729297,-0.1089750568811714,0.05202146561771279,-0.18620539681394355,1120042,,,,,,,
588,1.0,1.0,0.6950874683394853,0.6067692377764136,True,,multi_model_broad,,-0.03534273564516771,-0.12026821787934208,0.04958274658900663,0.05151712594740754,1120042,,,,,,,
594,0.0,1.0,0.3845124638174599,0.20204826370818607,True,,multi_model_broad,,-0.026320291106426755,-0.17829828864166994,0.1256577064288164,-0.1845762402931477,1120042,,,,,,,
599,0.0,1.0,0.5139276407168637,0.3069862927665871,True,,multi_model_broad,,-0.03479772239053804,-0.20072455899303343,0.13112911421195728,-0.017020805613165407,1120042,,,,,,,
603,1.0,1.0,0.8760250372770755,0.7245136388321798,True,,multi_model_broad,,-0.05042868322909868,-0.17095780805953864,0.07010044160134127,-0.4064471216929251,1120042,,,,,,,
606,0.0,1.0,0.21922940776003394,0.3608687382193187,True,,multi_model_broad,,-0.03284729793599572,-0.1475818100022308,0.08188721413023932,-0.0810499975355446,1120042,,,,,,,
607,0.0,0.0,0.2306889141131686,0.41349980578355594,True,,multi_model_broad,,-0.004015704536692427,-0.16132154440379473,0.15329013533040983,-0.20262165996000597,1120042,,,,,,,
609,0.0,1.0,0.2303519206028594,0.1661800464978828,True,,multi_model_broad,,-0.060937369775985524,-0.1541848516265112,0.03231011207454012,-0.17815202596793825,1120042,,,,,,,
614,1.0,1.0,0.6467946600933504,0.454149402724382,True,,multi_model_broad,,-0.07827507457041441,-0.2609437715795464,0.10439362243871755,0.13800989485438941,1120042,,,,,,,
617,1.0,0.0,0.6802572666640975,0.691208308706228,True,,multi_model_broad,,-0.06724049489164408,-0.19947446327084684,0.06499347348755866,-0.32977963417948597,1120042,,,,,,,
621,1.0,1.0,0.627291255719527,0.643934722388693,True,,multi_model_broad,,-0.033944114454232066,-0.1544278905537365,0.08653966164527235,-0.10300534475910206,1120042,,,,,,,
626,1.0,0.0,0.474501537217078,0.16437460061425205,True,,multi_model_broad,,-0.010348482918720349,-0.1520674843300707,0.13137051849262996,-0.14734105843629364,1120042,,,,,,,
638,1.0,0.0,0.2748012559824055,0.1239220657092472,True,,multi_model_broad,,-0.038118345727100954,-0.12838758999300523,0.0521508985388033,-0.028967779075204383,1120042,,,,,,,
648,1.0,1.0,0.5446984576494674,0.4969151883647077,True,,multi_model_broad,,-0.025066777115107786,-0.10908395803293112,0.058950403802715545,0.22657797391420198,1120042,,,,,,,
651,1.0,0.0,0.7414638822974168,0.20735604282143721,True,,multi_model_broad,,-0.05458772363553427,-0.15322270487385592,0.044047257602787354,0.14285091672279376,1120042,,,,,,,
656,0.0,0.0,0.28204662460451924,0.4366149382471533,True,,multi_model_broad,,-0.046152522220937374,-0.1213849581880812,0.029079913746206422,0.008071797181922913,1120042,,,,,,,
662,0.0,0.0,0.6929571721037661,0.5688028871898342,True,,multi_model_broad,,-0.010826968335787548,-0.1323247957269587,0.11067085905538358,0.12090442381375327,1120042,,,,,,,
663,1.0,1.0,0.6304851473044282,0.5835748670106308,True,,multi_model_broad,,-0.02470767543495836,-0.1439201624573211,0.09450481158740434,-0.0006267839972746714,1120042,,,,,,,
676,1.0,0.0,0.4599439184764482,0.29878782114157487,True,,multi_model_broad,,-0.09314453914394476,-0.2224539865733749,0.03616490828548534,0.288078314021742,1120042,,,,,,,
680,1.0,0.0,0.6829703748258147,0.11385594636738014,True,,multi_model_broad,,-0.03123694049126399,-0.11584458096228528,0.05337069997975728,-0.21676132704337042,1120042,,,,,,,
684,0.0,0.0,0.5697406984360188,0.19983185070397666,True,,multi_model_broad,,-0.02273900721623529,-0.20877953636737112,0.16330152193490052,-0.09365228131014089,1120042,,,,,,,
689,1.0,1.0,0.8868225930045658,0.8706173422583725,True,,multi_model_broad,,-0.06233778265999161,-0.13924888929574197,0.01457332397575875,0.028437736123359203,1120042,,,,,,,
707,1.0,0.0,0.3095601577041158,0.16574517487960455,True,,multi_model_broad,,-0.06308467933682861,-0.19341551476656982,0.06724615609291255,-0.18261274863827542,1120042,,,,,,,
708,0.0,0.0,0.38944180681518387,0.31109833854695346,True,,multi_model_broad,,-0.0780894302943675,-0.19250050244205422,0.03632164185331918,-0.3033594815556778,1120042,,,,,,,
712,0.0,0.0,0.22671743720630477,0.39916050095370287,True,,multi_model_broad,,-0.03863165241188677,-0.16018841719597077,0.08292511237219719,0.20262182932038472,1120042,,,,,,,
713,0.0,1.0,0.4479973834356069,0.7899673126686212,True,,multi_model_broad,,-0.06551471685858368,-0.15381511285957133,0.022785679142403967,0.18351149860665072,1120042,,,,,,,
723,1.0,1.0,0.8791019779208326,0.6312407840166131,True,,multi_model_broad,,0.019551995376796933,-0.13998077638236747,0.1790847671359613,-0.013981278819158116,1120042,,,,,,,
735,1.0,1.0,0.7869431386479372,0.5368141960979033,True,,multi_model_broad,,-0.037046688090015774,-0.131963193481468,0.05786981730143643,0.2892291597635016,1120042,,,,,,,
739,0.0,1.0,0.16567925131260422,0.3625667250095327,True,,multi_model_broad,,-0.07390105496875708,-0.16216220565560624,0.014360095718092061,0.04653584065128688,1120042,,,,,,,
743,1.0,0.0,0.6338297786120288,0.6070901283292623,True,,multi_model_broad,,-0.07541133116285859,-0.15658732792280688,0.005764665597089713,-0.3588049137290085,1120042,,,,,,,
744,0.0,0.0,0.2696157041235064,0.15264458849958287,True,,multi_model_broad,,-0.017792554727110915,-0.1637623801072518,0.12817727065302992,0.00043827428651807554,1120042,,,,,,,
752,1.0,0.0,0.6647472925894883,0.7208329462562315,True,,multi_model_broad,,0.0038381284083257574,-0.17059115388052445,0.17826741069717594,-0.048624029853681416,1120042,,,,,,,
760,1.0,1.0,0.7134555858731084,0.792566241366111,True,,multi_model_broad,,-0.09892999716662983,-0.2482314132870071,0.0503714189537474,-0.1049719012824385,1120042,,,,,,,
773,1.0,1.0,0.8386940353384825,0.852870223315683,True,,multi_model_broad,,0.0027616215291906806,-0.15952663926148772,0.16504988231986906,-0.05078761983714952,1120042,,,,,,,
776,0.0,0.0,0.3345234242308092,0.20533773166060534,True,,multi_model_broad,,0.023354597980371563,-0.15095119114526007,0.19766038710600317,0.11215936655437345,1120042,,,,,,,
779,0.0,0.0,0.3257453007133764,0.22754313436062862,True,,multi_model_broad,,-0.05362455165055602,-0.12638768565403521,0.01913858235292315,0.2102850669914252,1120042,,,,,,,
781,1.0,1.0,0.6832939038423603,0.63754694937672,True,,multi_model_broad,,-0.045520621882633866,-0.17951365683150014,0.08847241306623238,0.031273744586730046,1120042,,,,,,,
782,1.0,0.0,0.7648701537663227,0.4641424883295498,True,,multi_model_broad,,-0.026607600369874588,-0.13562178481598386,0.08240658407623465,-0.27881971225762575,1120042,,,,,,,
783,0.0,0.0,0.12172989379204215,0.3168675055683017,True,,multi_model_broad,,-0.031246646743960615,-0.1854447666988536,0.12295147321093232,0.11768093960974968,1120042,,,,,,,
798,1.0,1.0,0.5742961575804171,0.7338549270059888,True,,multi_model_broad,,-0.05576984855180463,-0.2159758515554313,0.10443615445182204,-0.012829595656138837,1120042,,,,,,,
822,0.0,0.0,0.7417980053932205,0.6367950734915155,True,,multi_model_broad,,0.035753338895246047,-0.05875201732541669,0.13025869511590876,0.15687867128973654,1120042,,,,,,,
827,0.0,1.0,0.264977865904604,0.5063020143310597,True,,multi_model_broad,,-0.07826550218527277,-0.16698738553045595,0.010456381159910377,-0.47170840662307595,1120042,,,,,,,
839,0.0,0.0,0.4808888128545494,0.1562570180525887,True,,multi_model_broad,,-0.04478769044039722,-0.1894645321702629,0.09988915128946846,-0.082870305049013,1120042,,,,,,,
845,1.0,1.0,0.7067711150558171,0.505484558588421,True,,multi_model_broad,,-0.03398125203877577,-0.13107273802817584,0.06311023395062429,-0.054967122143437575,1120042,,,,,,,
848,0.0,0.0,0.1666158023279128,0.2015602546752192,True,,multi_model_broad,,-0.07278818640926303,-0.27154771686712204,0.12597134404859595,0.0857810802170664,1120042,,,,,,,
859,1.0,1.0,0.6849906428774399,0.6769103292049636,True,,multi_model_broad,,-0.08109953790683842,-0.24098631480438443,0.07878723899070754,0.10091643251497262,1120042,,,,,,,
868,1.0,0.0,0.3082583807209731,0.1535068027524439,True,,multi_model_broad,,-0.06288916860071213,-0.1422220849928702,0.016443747791445945,-0.03768758335333155,1120042,,,,,,,
875,1.0,1.0,0.25333963387393715,0.20708796308982624,True,,multi_model_broad,,-0.005180306494497939,-0.1023013610768374,0.09194074808784151,0.2750351541256375,1120042,,,,,,,
892,0.0,0.0,0.6313698695873204,0.23382463068565157,True,,multi_model_broad,,-0.021047529641710205,-0.1594131943258891,0.11731813504246864,-0.4218944972490402,1120042,,,,,,,
893,0.0,1.0,0.45589257876268896,0.39302832109664,True,,multi_model_broad,,-0.0630558944377948,-0.24463678699445845,0.11852499811886882,-0.13899119129057289,1120042,,,,,,,
898,1.0,1.0,0.49462645872228006,0.3547315126470555,True,,multi_model_broad,,-0.04734590925977812,-0.13065266038480372,0.03596084186524748,0.11489019733853345,1120042,,,,,,,
908,1.0,1.0,0.59795154629418,0.5465323047791424,True,,multi_model_broad,,-0.04610467123052924,-0.18708673502097664,0.09487739255991812,0.2700079153490359,1120042,,,,,,,
913,0.0,0.0,0.4590740424682504,0.15303561997525103,True,,multi_model_broad,,0.0009465354814649302,-0.08606784544475009,0.08796091640767995,0.5763362625455206,1120042,,,,,,,
915,1.0,1.0,0.8444617337210738,0.7902472579186703,True,,multi_model_broad,,-0.004307025598078167,-0.21072252628757687,0.20210847509142052,-0.10460704553612188,1120042,,,,,,,
924,0.0,1.0,0.11064807383603614,0.35875496457481376,True,,multi_model_broad,,-0.04992072809924356,-0.12956841093777177,0.02972695473928464,-0.03518580558050255,1120042,,,,,,,
929,1.0,0.0,0.6634216252210545,0.5571596280328351,True,,multi_model_broad,,-0.014300956409825441,-0.14271006466689973,0.11410815184724883,-0.2246108655442407,1120042,,,,,,,
934,0.0,0.0,0.17588820990102041,0.1479102128392838,True,,multi_model_broad,,-0.0709825284444666,-0.20239687123686145,0.06043181434792823,-0.17923562100166213,1120042,,,,,,,
955,1.0,1.0,0.7279935351733413,0.7193079523925068,True,,multi_model_broad,,-0.06630898164225717,-0.1578859087628921,0.025267945478377768,-0.4074361291328243,1120042,,,,,,,
960,1.0,1.0,0.516353381546526,0.48744897008899524,True,,multi_model_broad,,0.0016934679351282202,-0.15659131878578184,0.15997825465603827,0.30302428580824725,1120042,,,,,,,
961,0.0,1.0,0.5952214322323915,0.2839526673389449,True,,multi_model_broad,,-0.03342654104220724,-0.12737987880031476,0.06052679671590026,-0.17386110854674186,1120042,,,,,,,
967,0.0,0.0,0.7111062328377343,0.6026371727046967,True,,multi_model_broad,,-0.007776102798495348,-0.18038418292401476,0.16483197732702398,0.11315424130412288,1120042,,,,,,,
976,0.0,0.0,0.22296580907529134,0.08518100874594803,True,,multi_model_broad,,-0.06809037220397614,-0.18441995852017895,0.04823921411222666,-0.10435438224184548,1120042,,,,,,,
977,1.0,0.0,0.8795089744048036,0.5493546289655924,True,,multi_model_broad,,-0.05188172621210543,-0.21463932081983955,0.11087586839562866,0.2172265382051104,1120042,,,,,,,
980,1.0,1.0,0.7845093011134376,0.5285083827381312,True,,multi_model_broad,,-0.03270223797790614,-0.1428050338025913,0.077400557846779,-0.1328309937568829,1120042,,,,,,,
986,1.0,0.0,0.6842931095653495,0.4407593834478375,True,,multi_model_broad,,-0.02961404934799693,-0.14959935595091045,0.09037125725491657,-0.21930664730454208,1120042,,,,,,,
987,0.0,0.0,0.4937146818591577,0.41011618555896223,True,,multi_model_broad,,-0.012716010303717756,-0.1263248320770182,0.10089281146958265,0.16537846499403014,1120042,,,,,,,
989,0.0,0.0,0.502114524477848,0.4557268144672463,True,,multi_model_broad,,-0.07257742600714938,-0.1907746272015896,0.04561977518729081,-0.22553091570484401,1120042,,,,,,,
5,1.0,1.0,0.6377114402121038,0.34254974755376194,True,1.0,current_joint,2.0,0.02633648487786479,-0.06452839002441006,0.11720135978013961,0.29544125881310984,2120042,,,,,,,
12,0.0,1.0,0.40864594703941975,0.30002689738786964,True,1.0,current_joint,2.0,0.00286305379513087,-0.11843191177197397,0.12415801936223568,-0.1020346687031714,2120042,,,,,,,
15,1.0,0.0,0.5202019068490832,0.11807387106554294,True,1.0,current_joint,2.0,-0.046493297984564454,-0.1354630128527792,0.042476416883650274,-0.003080297422145953,2120042,,,,,,,
30,0.0,0.0,0.5746897562690604,0.24295906763714584,True,1.0,current_joint,2.0,-0.03641418461869569,-0.13550381766711175,0.06267544842972037,-0.15824629257148742,2120042,,,,,,,
39,1.0,0.0,0.6048933776872666,0.3441516064005722,True,1.0,current_joint,2.0,-0.0545415396398155,-0.14819787368988496,0.03911479441025394,-0.0787740414269622,2120042,,,,,,,
40,0.0,0.0,0.3543801765148926,0.35057432062020416,True,1.0,current_joint,2.0,0.004102942289526909,-0.15785189202024952,0.1660577765993033,0.060474988513839145,2120042,,,,,,,
43,1.0,0.0,0.7309350546172592,0.38618933830050256,True,1.0,current_joint,2.0,-0.006685136354339206,-0.08446018337378394,0.07108991066510552,-0.19702180525731344,2120042,,,,,,,
45,0.0,0.0,0.2877857978025763,0.3689753372039217,True,1.0,current_joint,2.0,-0.036906556551447645,-0.1244438603958614,0.050630747292966086,0.13139903885494988,2120042,,,,,,,
48,1.0,1.0,0.4640558918721573,0.5888245392655549,True,1.0,current_joint,2.0,-0.09539067453730853,-0.21328458111260043,0.02250323203798335,-0.02351093248221392,2120042,,,,,,,
63,1.0,0.0,0.493740643635318,0.20164355626544486,True,1.0,current_joint,2.0,-0.07939782409509087,-0.16411941428313298,0.005323766092951238,-0.08061850681857732,2120042,,,,,,,
67,1.0,1.0,0.4135078007326209,0.532633707078535,True,1.0,current_joint,2.0,-0.09584064479492557,-0.2504085287941071,0.058727239204255904,-0.4040936263411786,2120042,,,,,,,
69,0.0,0.0,0.46600337273861786,0.48630868982475617,True,1.0,current_joint,2.0,-0.1000399932037928,-0.2533258021741285,0.053245815766542845,-0.2535047085663173,2120042,,,,,,,
72,1.0,0.0,0.5908011295185976,0.3649110295452353,True,1.0,current_joint,2.0,-0.08358657620601576,-0.16256509019970058,-0.004608062212330941,0.03393963416448598,2120042,,,,,,,
75,1.0,0.0,0.8971971121686327,0.590906090484836,True,1.0,current_joint,2.0,0.08818317944510277,0.006804359419063585,0.16956199947114195,-0.21905044290968123,2120042,,,,,,,
93,0.0,1.0,0.23435593073816172,0.3708737195266814,True,1.0,current_joint,2.0,-0.027311474677433938,-0.1126327305178382,0.05800978116297032,-0.24763340158643393,2120042,,,,,,,
115,0.0,0.0,0.417662784829503,0.3560754401295836,True,1.0,current_joint,2.0,-0.07405996063659091,-0.17824610159253013,0.030126180319348272,-0.036066766855671034,2120042,,,,,,,
116,0.0,1.0,0.2300810466125331,0.24524587329350514,True,1.0,current_joint,2.0,-0.11257992792981901,-0.19770617971615326,-0.027453676143484776,-0.014342061446469406,2120042,,,,,,,
121,1.0,0.0,0.829551555662928,0.5644650903605791,True,1.0,current_joint,2.0,-0.06115243888578696,-0.16644881669147935,0.044143938919905396,-0.578150415838105,2120042,,,,,,,
122,1.0,0.0,0.6628130336914178,0.16757719199669627,True,1.0,current_joint,2.0,-0.07110725511723591,-0.1642151442489328,0.022000634014460965,-0.1662835077113541,2120042,,,,,,,
123,0.0,1.0,0.39744562120923743,0.39243083175848403,True,1.0,current_joint,2.0,-0.0035523796918229657,-0.1587046902662857,0.15159993088263976,0.03246765507545743,2120042,,,,,,,
126,0.0,0.0,0.2904388139791195,0.3909132072928165,True,1.0,current_joint,2.0,-0.08551301985044543,-0.1630946353249842,-0.007931404375906698,-0.3010231687743369,2120042,,,,,,,
130,0.0,0.0,0.26863216138852986,0.21849460988274513,True,1.0,current_joint,2.0,0.029873118201853677,-0.09151616072947623,0.15126239713318357,0.006309753656425152,2120042,,,,,,,
137,0.0,0.0,0.19104229057139868,0.136704195001431,True,1.0,current_joint,2.0,0.009322903377276528,-0.13611117683248602,0.15475698358703907,-0.035394603233024145,2120042,,,,,,,
145,1.0,0.0,0.4660143956373304,0.44212132263226617,True,1.0,current_joint,2.0,0.05017716396032856,-0.05561445356146625,0.15596878148212334,-0.33769143797714973,2120042,,,,,,,
151,0.0,1.0,0.5191771574449675,0.4662585530143542,True,1.0,current_joint,2.0,-0.04430393715170411,-0.15321631123865947,0.06460843693525124,-0.31487008056515453,2120042,,,,,,,
162,0.0,0.0,0.5856731783723788,0.5989655969474362,True,1.0,current_joint,2.0,-0.02563358248057855,-0.15526226876263405,0.10399510380147693,-0.1770906937214045,2120042,,,,,,,
167,0.0,1.0,0.6272436550256896,0.707639467658466,True,1.0,current_joint,2.0,-0.027986349355187474,-0.1569920269077374,0.10101932819736241,0.060419762402974864,2120042,,,,,,,
169,1.0,1.0,0.718421807752594,0.8744463758885973,True,1.0,current_joint,2.0,-0.0730844371244834,-0.21010533475732784,0.06393646050836102,-0.059438745764093026,2120042,,,,,,,
180,1.0,1.0,0.8672668628184429,0.5657293381904667,True,1.0,current_joint,2.0,-0.12006170671990593,-0.26034142790292947,0.020218014463117523,0.07214620573564456,2120042,,,,,,,
186,1.0,0.0,0.5911390146431826,0.5179879989770028,True,1.0,current_joint,2.0,-0.014490598665043087,-0.14755218386542984,0.1185709865353436,-0.34838730337294177,2120042,,,,,,,
193,0.0,0.0,0.40023106047420476,0.1550758670471376,True,1.0,current_joint,2.0,-0.11419541242326299,-0.2749326588047426,0.04654183395821658,-0.07790570380726344,2120042,,,,,,,
196,0.0,0.0,0.4779684453454312,0.4063942925546509,True,1.0,current_joint,2.0,0.008502530111760026,-0.12239799833223786,0.13940305855575788,0.18500422317417548,2120042,,,,,,,
198,0.0,0.0,0.14587366590344183,0.3168318250125152,True,1.0,current_joint,2.0,-0.15505431255881702,-0.24593479105048816,-0.06417383406714593,-0.09796041668062988,2120042,,,,,,,
205,1.0,1.0,0.889667935890094,0.4157414662695457,True,1.0,current_joint,2.0,-0.021190701398551018,-0.12728673443972477,0.08490533164262273,0.10039000345163385,2120042,,,,,,,
208,1.0,1.0,0.37917397054309765,0.6227098092939151,True,1.0,current_joint,2.0,-0.0681357045335225,-0.18967886047010862,0.05340745140306359,-0.38364186382161225,2120042,,,,,,,
211,0.0,0.0,0.231401125726331,0.22905857404779453,True,1.0,current_joint,2.0,0.011890831451988937,-0.09946267538496807,0.12324433828894592,0.039362356322426656,2120042,,,,,,,
229,0.0,0.0,0.35491053100236486,0.18642819332391197,True,1.0,current_joint,2.0,-0.07924445525499345,-0.24429863783882877,0.0858097273288418,-0.0181111175885878,2120042,,,,,,,
237,0.0,1.0,0.3187585270756577,0.6861105920384603,True,1.0,current_joint,2.0,0.047297444474326336,-0.1145382334170325,0.20913312236568515,0.014677238537030401,2120042,,,,,,,
241,1.0,0.0,0.33880276994038705,0.4470269612145222,True,1.0,current_joint,2.0,-0.035261234633484864,-0.13039723386723417,0.05987476460026442,-0.2359562924134932,2120042,,,,,,,
250,1.0,1.0,0.8428866494274864,0.703627059039757,True,1.0,current_joint,2.0,-0.01022789559385785,-0.10701710708937016,0.08656131590165443,-0.14381661120733635,2120042,,,,,,,
254,0.0,1.0,0.20839292854203073,0.24099446092279211,True,1.0,current_joint,2.0,0.001516031209268865,-0.12081501604837479,0.1238470784669125,0.11029612787953566,2120042,,,,,,,
261,0.0,0.0,0.25783316789758004,0.1812073244799295,True,1.0,current_joint,2.0,0.06003979740446246,-0.08645945044036327,0.20653904524928818,0.31285754382566056,2120042,,,,,,,
264,1.0,1.0,0.5133701154893368,0.5783417591739412,True,1.0,current_joint,2.0,-0.05545286175459683,-0.15142993432421925,0.04052421081502557,0.10130985419071503,2120042,,,,,,,
265,0.0,0.0,0.4673440107611287,0.3563794093146026,True,1.0,current_joint,2.0,-0.06290308135439514,-0.2045522661817447,0.07874610347295442,-0.19966649402570194,2120042,,,,,,,
270,0.0,0.0,0.34874073775724557,0.20171397701955088,True,1.0,current_joint,2.0,-0.04688484757446505,-0.12489790838561138,0.03112821323668126,-0.05981133747776573,2120042,,,,,,,
271,1.0,0.0,0.8208015211662028,0.8654343342544495,True,1.0,current_joint,2.0,-0.026561660119595636,-0.14376549657594198,0.09064217633675067,-0.027407061388611043,2120042,,,,,,,
277,1.0,1.0,0.8458274757149049,0.5796784555469318,True,1.0,current_joint,2.0,-0.01614057914301681,-0.16557650947487423,0.1332953511888406,0.19707323380293573,2120042,,,,,,,
282,0.0,0.0,0.4968539889905682,0.48950108386632263,True,1.0,current_joint,2.0,0.019034064551308936,-0.10920288989820917,0.147271019000827,0.2904593735133494,2120042,,,,,,,
284,0.0,1.0,0.26169668314489575,0.48044735559495144,True,1.0,current_joint,2.0,0.0054803112850328834,-0.09779230659352364,0.1087529291635894,0.18518688543613304,2120042,,,,,,,
288,1.0,0.0,0.7511605014707504,0.5824804714021297,True,1.0,current_joint,2.0,-0.011396653851703986,-0.12112072893572857,0.09832742123232056,0.004640120746827181,2120042,,,,,,,
294,1.0,1.0,0.8164796270017057,0.49031264913350026,True,1.0,current_joint,2.0,-0.053092407991809226,-0.1514491551803691,0.045264339196750616,-0.34951026332690505,2120042,,,,,,,
318,0.0,0.0,0.6636540076542939,0.5705544669325786,True,1.0,current_joint,2.0,-0.03636278507380594,-0.1327770273645837,0.060051457216971776,-0.20199985734703257,2120042,,,,,,,
319,1.0,1.0,0.8930296774091446,0.7555478412559756,True,1.0,current_joint,2.0,-0.09791500417296863,-0.2120681992238494,0.01623819087791213,0.04278373950332526,2120042,,,,,,,
328,0.0,1.0,0.39432924248177276,0.18948303187203663,True,1.0,current_joint,2.0,0.04825097454162324,-0.08444766333839646,0.1809496124216429,0.10327243996857394,2120042,,,,,,,
334,0.0,0.0,0.32003853805723764,0.2875355167491368,True,1.0,current_joint,2.0,-0.09635346526617633,-0.18710469977609565,-0.005602230756257029,-0.1484375342195409,2120042,,,,,,,
339,0.0,1.0,0.6907306329755005,0.5644583916735121,True,1.0,current_joint,2.0,-0.011323376611676672,-0.10678435564997028,0.08413760242661691,-0.04096418254395162,2120042,,,,,,,
343,1.0,1.0,0.7122793784860058,0.5155210187085154,True,1.0,current_joint,2.0,-0.09456887157307929,-0.2662397752086476,0.07710203206248901,-0.252500407706424,2120042,,,,,,,
346,0.0,0.0,0.4668878241550569,0.33951763988107997,True,1.0,current_joint,2.0,0.06487036368889408,-0.019845779987928178,0.14958650736571633,0.021257549177203516,2120042,,,,,,,
347,0.0,1.0,0.20263826870260368,0.2637419376444213,True,1.0,current_joint,2.0,-0.10484376823858202,-0.1935979365067848,-0.01608959997037926,0.0718545920669893,2120042,,,,,,,
349,0.0,1.0,0.7980010545149436,0.6771543356924604,True,1.0,current_joint,2.0,-0.046188271764430834,-0.11462668263066325,0.022250139101801562,0.03268878550218324,2120042,,,,,,,
354,1.0,0.0,0.532805219686784,0.2924577715670299,True,1.0,current_joint,2.0,-0.034808056084125474,-0.12157115622400334,0.05195504405575238,-0.14297135067526034,2120042,,,,,,,
357,1.0,1.0,0.6408274001124588,0.2999253159315922,True,1.0,current_joint,2.0,-0.054194692222058645,-0.14430868742193576,0.03591930297781846,0.1013446835796018,2120042,,,,,,,
360,1.0,0.0,0.3477877504865826,0.3387807653978252,True,1.0,current_joint,2.0,-0.0567917353563522,-0.14288953566316623,0.02930606495046182,-0.20995476861796994,2120042,,,,,,,
361,0.0,0.0,0.29661108176182654,0.23059339157774011,True,1.0,current_joint,2.0,0.0261946951498452,-0.0490708160179099,0.10146020631760028,-0.0406445885166562,2120042,,,,,,,
365,1.0,0.0,0.6049751553904226,0.2863717839207137,True,1.0,current_joint,2.0,-0.08284832327139696,-0.17468256351747707,0.00898591697468315,-0.3344524588585174,2120042,,,,,,,
368,1.0,0.0,0.6849883638981021,0.32733973117530735,True,1.0,current_joint,2.0,0.04866516637385262,-0.05698749385953104,0.15431782660723625,-0.05427466854280549,2120042,,,,,,,
370,1.0,0.0,0.19790340240759838,0.10800260009836761,True,1.0,current_joint,2.0,-0.043682428491204545,-0.16609483203440262,0.07872997505199349,-0.11224918810400103,2120042,,,,,,,
380,0.0,1.0,0.7471666727680591,0.4674264398886901,True,1.0,current_joint,2.0,-0.05327358105846839,-0.1785287026085589,0.07198154049162211,-0.4595323870462047,2120042,,,,,,,
384,1.0,1.0,0.6900728481780237,0.5112597274821526,True,1.0,current_joint,2.0,0.02059480866106673,-0.13004949963515156,0.17123911695728497,0.0703099140074529,2120042,,,,,,,
392,1.0,1.0,0.7956043945971023,0.7308406047876336,True,1.0,current_joint,2.0,-0.06436108022166238,-0.18776737949338362,0.05904521905005884,0.0859568948245617,2120042,,,,,,,
398,0.0,1.0,0.3206138626697417,0.45685223927714724,True,1.0,current_joint,2.0,-0.008296536930054714,-0.12303861817607398,0.10644554431596454,-0.3498504475078327,2120042,,,,,,,
409,0.0,0.0,0.18337791691798333,0.4439000770292082,True,1.0,current_joint,2.0,-0.07549445028480628,-0.2314135481821671,0.08042464761255452,0.14554265152238055,2120042,,,,,,,
422,1.0,1.0,0.4374280553015159,0.34871246199525907,True,1.0,current_joint,2.0,0.04313835030992654,-0.16283656357666187,0.24911326419651492,0.04875396248008518,2120042,,,,,,,
424,1.0,0.0,0.6770097302582416,0.7052642761137701,True,1.0,current_joint,2.0,-0.10885718979402086,-0.26924601264934983,0.051531633061308105,-0.411950972386599,2120042,,,,,,,
431,1.0,1.0,0.4372491262168222,0.6279412483546116,True,1.0,current_joint,2.0,-0.07778442411950849,-0.21071654961729946,0.05514770137828244,-0.32665406706368566,2120042,,,,,,,
433,0.0,0.0,0.10525170726096475,0.10427304962006238,True,1.0,current_joint,2.0,-0.12838708058668466,-0.23653412910052482,-0.020240032072844527,-0.03402153155820689,2120042,,,,,,,
435,0.0,1.0,0.4409894527049854,0.6729711349557012,True,1.0,current_joint,2.0,-0.018659917645027092,-0.20150529041155324,0.164185455121499,-0.10742312894197681,2120042,,,,,,,
446,1.0,0.0,0.2790381570542702,0.16375999330593335,True,1.0,current_joint,2.0,-0.030706182409299662,-0.13860319292265538,0.07719082810405603,-0.06432527410523083,2120042,,,,,,,
447,1.0,1.0,0.536835214889051,0.5503554221394807,True,1.0,current_joint,2.0,0.037036371638258334,-0.0703774717681722,0.14445021504468886,0.034144994760945346,2120042,,,,,,,
451,1.0,1.0,0.7690955084071955,0.6112206494377056,True,1.0,current_joint,2.0,-0.03529568036651679,-0.12813043265513263,0.05753907192209904,-0.17663563846118313,2120042,,,,,,,
460,1.0,0.0,0.39094770965443404,0.27994469973743064,True,1.0,current_joint,2.0,-0.05051998460053044,-0.1439194892723059,0.04287952007124501,-0.15089969081385596,2120042,,,,,,,
462,0.0,0.0,0.4757820881301206,0.3798226570352518,True,1.0,current_joint,2.0,0.01987581948414064,-0.08318632423011632,0.12293796319839759,-0.02877369342676961,2120042,,,,,,,
465,0.0,1.0,0.4312755600906261,0.6491876730428766,True,1.0,current_joint,2.0,-0.03550753194251041,-0.16169045661879042,0.09067539273376957,-0.07352311822592295,2120042,,,,,,,
467,0.0,0.0,0.2562069965782711,0.26684038260745196,True,1.0,current_joint,2.0,-0.06694185751169017,-0.14679872356905851,0.012915008545678161,0.18109530692018136,2120042,,,,,,,
468,1.0,0.0,0.44882293786932376,0.4590625162462623,True,1.0,current_joint,2.0,0.02001881822711279,-0.1061338957238408,0.14617153217806636,-0.36394341785118856,2120042,,,,,,,
474,0.0,0.0,0.4334979519869535,0.38280401600429703,True,1.0,current_joint,2.0,-0.037362424504228574,-0.2094102713613337,0.1346854223528765,0.27024214191256124,2120042,,,,,,,
478,1.0,0.0,0.5739982744039367,0.2947270948162633,True,1.0,current_joint,2.0,-0.03286870005013074,-0.17769671282441246,0.11195931272415097,-0.14113139488284232,2120042,,,,,,,
481,0.0,1.0,0.5087083360409932,0.40825501741027925,True,1.0,current_joint,2.0,-0.020215049036041172,-0.15204638263086587,0.11161628455878349,0.24256774419822325,2120042,,,,,,,
486,1.0,1.0,0.7441202307802978,0.6148549412893181,True,1.0,current_joint,2.0,-0.03497941833987654,-0.11186502350021994,0.041906186820466845,-0.6892153014395378,2120042,,,,,,,
487,1.0,1.0,0.8467975192157075,0.5866738910251524,True,1.0,current_joint,2.0,-0.012065909921544438,-0.10829475024614997,0.08416293040306107,-0.028156691615068175,2120042,,,,,,,
498,0.0,0.0,0.3020648921646804,0.1979830251548477,True,1.0,current_joint,2.0,-0.12439006645136716,-0.22881450384516877,-0.019965629057565562,-0.1062618189134249,2120042,,,,,,,
503,0.0,0.0,0.3446948747805175,0.2658055219729751,True,1.0,current_joint,2.0,-0.005418963519337152,-0.14844340923937585,0.13760548220070148,-0.16728505428348134,2120042,,,,,,,
507,1.0,1.0,0.8311033999506614,0.7945564212316646,True,1.0,current_joint,2.0,-0.004822828187034889,-0.08486550487586537,0.07521984850179557,-0.030854928811506976,2120042,,,,,,,
508,0.0,0.0,0.5229332692489086,0.2601699446166555,True,1.0,current_joint,2.0,-0.12662501411059915,-0.2544233375430547,0.0011733093218563861,-0.05620972089686527,2120042,,,,,,,
514,1.0,1.0,0.8270038617254091,0.6943390637417084,True,1.0,current_joint,2.0,-0.012573323771308095,-0.09663183035839,0.07148518281577378,-0.061478120138046544,2120042,,,,,,,
526,0.0,0.0,0.15782593929996835,0.13044474411998602,True,1.0,current_joint,2.0,0.022605861383213556,-0.16316622444229037,0.2083779472087174,0.020299231269924375,2120042,,,,,,,
528,1.0,1.0,0.6647472925894883,0.7352516088728809,True,1.0,current_joint,2.0,0.030499205095417908,-0.13441684325954434,0.19541525345038008,-0.3151680255715663,2120042,,,,,,,
532,1.0,0.0,0.5659465902283147,0.4305883970188177,True,1.0,current_joint,2.0,-0.10583528301711774,-0.2074378284768701,-0.004232737557365432,-0.5334643262344162,2120042,,,,,,,
534,0.0,1.0,0.6356185713393279,0.49570608184298615,True,1.0,current_joint,2.0,0.0767147329401815,0.002702532517050077,0.1507269333633129,0.13543398492073888,2120042,,,,,,,
535,0.0,0.0,0.6385549390569282,0.3491581541021244,True,1.0,current_joint,2.0,0.006741347842988977,-0.17512418507743846,0.18860688076341636,0.03704061610492676,2120042,,,,,,,
538,1.0,0.0,0.7165422603028302,0.5565385298635452,True,1.0,current_joint,2.0,0.009122729614489553,-0.2036330451908625,0.22187850441984158,-0.06212851278558973,2120042,,,,,,,
539,0.0,1.0,0.3919352408994978,0.39807883890515544,True,1.0,current_joint,2.0,-0.03788232730905315,-0.1621323126828022,0.08636765806469589,-0.11126006308263126,2120042,,,,,,,
546,0.0,0.0,0.30246911548946265,0.1674140399970113,True,1.0,current_joint,2.0,-0.038534744742497865,-0.12632957196961403,0.04926008248461829,-0.06620608679353736,2120042,,,,,,,
549,1.0,0.0,0.737809295603759,0.4018100071172399,True,1.0,current_joint,2.0,-0.035931982537780835,-0.1676743935522324,0.09581042847667072,-0.22605679180368443,2120042,,,,,,,
550,0.0,0.0,0.22968620364065134,0.12507868829739605,True,1.0,current_joint,2.0,-0.11554140043279118,-0.18855044119008654,-0.04253235967549583,-0.08381602753461014,2120042,,,,,,,
552,1.0,0.0,0.5131292585651384,0.19044531066663345,True,1.0,current_joint,2.0,-0.02076042080753719,-0.10375692619910182,0.06223608458402742,0.08753892270289004,2120042,,,,,,,
559,1.0,0.0,0.6085123450001269,0.405681505096466,True,1.0,current_joint,2.0,-0.021391773795105474,-0.11906690782822045,0.07628336023800948,-0.36576085048430995,2120042,,,,,,,
560,1.0,1.0,0.8655555287273489,0.6294406160354643,True,1.0,current_joint,2.0,-0.05127046392895095,-0.17883584272867056,0.07629491487076862,-0.06469990771798673,2120042,,,,,,,
561,1.0,0.0,0.6004522932294956,0.25193874811218325,True,1.0,current_joint,2.0,0.01303355502237442,-0.12645902866735667,0.15252613871210546,-0.14847635272894044,2120042,,,,,,,
563,0.0,0.0,0.34977696900330585,0.3001244011940171,True,1.0,current_joint,2.0,-0.0922536931115718,-0.1673444766280718,-0.01716290959507183,0.08723419972137467,2120042,,,,,,,
568,1.0,1.0,0.8420165704415828,0.7241993149028411,True,1.0,current_joint,2.0,-0.17141962110792358,-0.3543199069966763,0.011480664780829097,-0.11006768648138565,2120042,,,,,,,
569,0.0,1.0,0.6204165780663479,0.649966418468412,True,1.0,current_joint,2.0,-0.08068356005822892,-0.23010126638777612,0.06873414627131826,-0.03506472883281053,2120042,,,,,,,
578,0.0,0.0,0.528449166106585,0.541129455632692,True,1.0,current_joint,2.0,-0.04767946741981582,-0.14705796425275752,0.05169902941312588,-0.1661069213092291,2120042,,,,,,,
584,1.0,0.0,0.4835230499831929,0.6086690571475216,True,1.0,current_joint,2.0,0.05062315888855992,-0.049446028117656846,0.15069234589477667,-0.18620539681394355,2120042,,,,,,,
588,1.0,1.0,0.6950874683394853,0.6067692377764136,True,1.0,current_joint,2.0,-0.0006664457962904399,-0.12947157163542794,0.12813868004284704,0.05151712594740754,2120042,,,,,,,
594,0.0,1.0,0.3845124638174599,0.20204826370818607,True,1.0,current_joint,2.0,-0.061674783217688794,-0.16402058507741463,0.040671018642037024,-0.1845762402931477,2120042,,,,,,,
599,0.0,1.0,0.5139276407168637,0.3069862927665871,True,1.0,current_joint,2.0,-0.021523471497585066,-0.13007872194460574,0.08703177894943559,-0.017020805613165407,2120042,,,,,,,
603,1.0,1.0,0.8760250372770755,0.7245136388321798,True,1.0,current_joint,2.0,-0.07832155035999394,-0.2141311448512334,0.0574880441312455,-0.4064471216929251,2120042,,,,,,,
606,0.0,1.0,0.21922940776003394,0.3608687382193187,True,1.0,current_joint,2.0,-0.014654166311578534,-0.12882686831007337,0.09951853568691627,-0.0810499975355446,2120042,,,,,,,
607,0.0,0.0,0.2306889141131686,0.41349980578355594,True,1.0,current_joint,2.0,-0.047133210175248595,-0.14665551671481425,0.05238909636431704,-0.20262165996000597,2120042,,,,,,,
609,0.0,1.0,0.2303519206028594,0.1661800464978828,True,1.0,current_joint,2.0,0.006715062131196538,-0.07989706998834491,0.09332719425073796,-0.17815202596793825,2120042,,,,,,,
614,1.0,1.0,0.6467946600933504,0.454149402724382,True,1.0,current_joint,2.0,-0.11604691949322403,-0.2244315244051691,-0.007662314581278987,0.13800989485438941,2120042,,,,,,,
617,1.0,0.0,0.6802572666640975,0.691208308706228,True,1.0,current_joint,2.0,-0.12565287683108198,-0.2707478820414976,0.019442128379333595,-0.32977963417948597,2120042,,,,,,,
621,1.0,1.0,0.627291255719527,0.643934722388693,True,1.0,current_joint,2.0,-0.05604054869529506,-0.13421532658345015,0.022134229192860018,-0.10300534475910206,2120042,,,,,,,
626,1.0,0.0,0.474501537217078,0.16437460061425205,True,1.0,current_joint,2.0,-0.04325888900376523,-0.13462482755217092,0.04810704954464046,-0.14734105843629364,2120042,,,,,,,
638,1.0,0.0,0.2748012559824055,0.1239220657092472,True,1.0,current_joint,2.0,-0.0461771717674731,-0.12078070681155258,0.02842636327660636,-0.028967779075204383,2120042,,,,,,,
648,1.0,1.0,0.5446984576494674,0.4969151883647077,True,1.0,current_joint,2.0,-0.04224731812355735,-0.1687024212449767,0.08420778499786195,0.22657797391420198,2120042,,,,,,,
651,1.0,0.0,0.7414638822974168,0.20735604282143721,True,1.0,current_joint,2.0,-0.09536345987328973,-0.21108801240704272,0.02036109266046325,0.14285091672279376,2120042,,,,,,,
656,0.0,0.0,0.28204662460451924,0.4366149382471533,True,1.0,current_joint,2.0,-0.04817834381791454,-0.20495421267424357,0.10859752503841445,0.008071797181922913,2120042,,,,,,,
662,0.0,0.0,0.6929571721037661,0.5688028871898342,True,1.0,current_joint,2.0,-0.023479939708935253,-0.19258698406573327,0.14562710464786274,0.12090442381375327,2120042,,,,,,,
663,1.0,1.0,0.6304851473044282,0.5835748670106308,True,1.0,current_joint,2.0,-0.026175407216713457,-0.16649711270456335,0.1141462982711364,-0.0006267839972746714,2120042,,,,,,,
676,1.0,0.0,0.4599439184764482,0.29878782114157487,True,1.0,current_joint,2.0,-0.06019604853402041,-0.19293455807862697,0.07254246101058612,0.288078314021742,2120042,,,,,,,
680,1.0,0.0,0.6829703748258147,0.11385594636738014,True,1.0,current_joint,2.0,0.06510125218121937,-0.0335634199803579,0.16376592434279663,-0.21676132704337042,2120042,,,,,,,
684,0.0,0.0,0.5697406984360188,0.19983185070397666,True,1.0,current_joint,2.0,-0.002355561615517197,-0.13565164332049054,0.1309405200894561,-0.09365228131014089,2120042,,,,,,,
689,1.0,1.0,0.8868225930045658,0.8706173422583725,True,1.0,current_joint,2.0,-0.0743781686045885,-0.1677072938966554,0.0189509566874784,0.028437736123359203,2120042,,,,,,,
707,1.0,0.0,0.3095601577041158,0.16574517487960455,True,1.0,current_joint,2.0,-0.06510320980837281,-0.15283889790103813,0.02263247828429249,-0.18261274863827542,2120042,,,,,,,
708,0.0,0.0,0.38944180681518387,0.31109833854695346,True,1.0,current_joint,2.0,-0.034306596827093284,-0.17994736581733625,0.11133417216314964,-0.3033594815556778,2120042,,,,,,,
712,0.0,0.0,0.22671743720630477,0.39916050095370287,True,1.0,current_joint,2.0,0.03805119703405935,-0.08398029016077194,0.1600826842288906,0.20262182932038472,2120042,,,,,,,
713,0.0,1.0,0.4479973834356069,0.7899673126686212,True,1.0,current_joint,2.0,0.02952689910209924,-0.08258428270609436,0.1416380809102928,0.18351149860665072,2120042,,,,,,,
723,1.0,1.0,0.8791019779208326,0.6312407840166131,True,1.0,current_joint,2.0,0.11884245856418091,0.00962595349857956,0.22805896362978223,-0.013981278819158116,2120042,,,,,,,
735,1.0,1.0,0.7869431386479372,0.5368141960979033,True,1.0,current_joint,2.0,-0.007059576781075247,-0.14251495427063343,0.12839580070848292,0.2892291597635016,2120042,,,,,,,
739,0.0,1.0,0.16567925131260422,0.3625667250095327,True,1.0,current_joint,2.0,0.0024937905682690595,-0.08030537357692971,0.08529295471346782,0.04653584065128688,2120042,,,,,,,
743,1.0,0.0,0.6338297786120288,0.6070901283292623,True,1.0,current_joint,2.0,-0.03691859791413547,-0.16425316184588074,0.09041596601760975,-0.3588049137290085,2120042,,,,,,,
744,0.0,0.0,0.2696157041235064,0.15264458849958287,True,1.0,current_joint,2.0,-0.05129889713456341,-0.175006715121794,0.07240892085266716,0.00043827428651807554,2120042,,,,,,,
752,1.0,0.0,0.6647472925894883,0.7208329462562315,True,1.0,current_joint,2.0,0.02998641232803393,-0.14815243811010323,0.20812526276617102,-0.048624029853681416,2120042,,,,,,,
760,1.0,1.0,0.7134555858731084,0.792566241366111,True,1.0,current_joint,2.0,-0.07228145712094625,-0.17146436829387357,0.02690145405198105,-0.1049719012824385,2120042,,,,,,,
773,1.0,1.0,0.8386940353384825,0.852870223315683,True,1.0,current_joint,2.0,-0.011691961079215293,-0.1548707818985128,0.13148685974008217,-0.05078761983714952,2120042,,,,,,,
776,0.0,0.0,0.3345234242308092,0.20533773166060534,True,1.0,current_joint,2.0,0.024353201748868094,-0.10674827473168652,0.1554546782294227,0.11215936655437345,2120042,,,,,,,
779,0.0,0.0,0.3257453007133764,0.22754313436062862,True,1.0,current_joint,2.0,-0.09698508021716568,-0.19718938841860828,0.003219227984276929,0.2102850669914252,2120042,,,,,,,
781,1.0,1.0,0.6832939038423603,0.63754694937672,True,1.0,current_joint,2.0,-0.033429564089968285,-0.13194967272778169,0.0650905445478451,0.031273744586730046,2120042,,,,,,,
782,1.0,0.0,0.7648701537663227,0.4641424883295498,True,1.0,current_joint,2.0,0.02772429291411606,-0.10193187423410353,0.15738046006233564,-0.27881971225762575,2120042,,,,,,,
783,0.0,0.0,0.12172989379204215,0.3168675055683017,True,1.0,current_joint,2.0,-0.0017698718920958433,-0.2075810024810119,0.20404125869682016,0.11768093960974968,2120042,,,,,,,
798,1.0,1.0,0.5742961575804171,0.7338549270059888,True,1.0,current_joint,2.0,0.024159013862076077,-0.13340111041999092,0.18171913814414306,-0.012829595656138837,2120042,,,,,,,
822,0.0,0.0,0.7417980053932205,0.6367950734915155,True,1.0,current_joint,2.0,0.04539255592978902,-0.0957032132216723,0.18648832508125032,0.15687867128973654,2120042,,,,,,,
827,0.0,1.0,0.264977865904604,0.5063020143310597,True,1.0,current_joint,2.0,-0.10220057102574362,-0.2260007668786177,0.021599624827130418,-0.47170840662307595,2120042,,,,,,,
839,0.0,0.0,0.4808888128545494,0.1562570180525887,True,1.0,current_joint,2.0,-0.09255866527858245,-0.20413245323642798,0.019015122679263072,-0.082870305049013,2120042,,,,,,,
845,1.0,1.0,0.7067711150558171,0.505484558588421,True,1.0,current_joint,2.0,0.06475134482178423,-0.07598692943592657,0.20548961907949498,-0.054967122143437575,2120042,,,,,,,
848,0.0,0.0,0.1666158023279128,0.2015602546752192,True,1.0,current_joint,2.0,0.006079459457385762,-0.09493557477306747,0.10709449368783898,0.0857810802170664,2120042,,,,,,,
859,1.0,1.0,0.6849906428774399,0.6769103292049636,True,1.0,current_joint,2.0,-0.09940772342390944,-0.27002633476024235,0.07121088791242342,0.10091643251497262,2120042,,,,,,,
868,1.0,0.0,0.3082583807209731,0.1535068027524439,True,1.0,current_joint,2.0,-0.05496239522095408,-0.16673393584268928,0.0568091454007811,-0.03768758335333155,2120042,,,,,,,
875,1.0,1.0,0.25333963387393715,0.20708796308982624,True,1.0,current_joint,2.0,0.05950036119958848,-0.07176741230579373,0.19076813470497067,0.2750351541256375,2120042,,,,,,,
892,0.0,0.0,0.6313698695873204,0.23382463068565157,True,1.0,current_joint,2.0,-0.001580007781841341,-0.17640066201935276,0.17324064645567006,-0.4218944972490402,2120042,,,,,,,
893,0.0,1.0,0.45589257876268896,0.39302832109664,True,1.0,current_joint,2.0,-0.05392611109322213,-0.17519904579002135,0.06734682360357705,-0.13899119129057289,2120042,,,,,,,
898,1.0,1.0,0.49462645872228006,0.3547315126470555,True,1.0,current_joint,2.0,-0.03561915251826994,-0.13654643450570014,0.06530812946916023,0.11489019733853345,2120042,,,,,,,
908,1.0,1.0,0.59795154629418,0.5465323047791424,True,1.0,current_joint,2.0,0.03802562947417153,-0.058178155531579456,0.13422941447992248,0.2700079153490359,2120042,,,,,,,
913,0.0,0.0,0.4590740424682504,0.15303561997525103,True,1.0,current_joint,2.0,0.0790767904754006,-0.023814428797833534,0.1819680097486347,0.5763362625455206,2120042,,,,,,,
915,1.0,1.0,0.8444617337210738,0.7902472579186703,True,1.0,current_joint,2.0,0.09160532812873569,-0.04743377646646406,0.23064443272393542,-0.10460704553612188,2120042,,,,,,,
924,0.0,1.0,0.11064807383603614,0.35875496457481376,True,1.0,current_joint,2.0,-0.020856760673407766,-0.17825864135300604,0.13654512000619046,-0.03518580558050255,2120042,,,,,,,
929,1.0,0.0,0.6634216252210545,0.5571596280328351,True,1.0,current_joint,2.0,-0.05178229398960679,-0.14090969271824885,0.03734510473903524,-0.2246108655442407,2120042,,,,,,,
934,0.0,0.0,0.17588820990102041,0.1479102128392838,True,1.0,current_joint,2.0,-0.09356031610248726,-0.17931948233019387,-0.007801149874780658,-0.17923562100166213,2120042,,,,,,,
955,1.0,1.0,0.7279935351733413,0.7193079523925068,True,1.0,current_joint,2.0,-0.028852213259868163,-0.14472147760766912,0.08701705108793276,-0.4074361291328243,2120042,,,,,,,
960,1.0,1.0,0.516353381546526,0.48744897008899524,True,1.0,current_joint,2.0,0.028558973136400517,-0.10410270243839387,0.16122064871119487,0.30302428580824725,2120042,,,,,,,
961,0.0,1.0,0.5952214322323915,0.2839526673389449,True,1.0,current_joint,2.0,0.03086052272532971,-0.04670643908053633,0.10842748453119574,-0.17386110854674186,2120042,,,,,,,
967,0.0,0.0,0.7111062328377343,0.6026371727046967,True,1.0,current_joint,2.0,0.0025566350850514258,-0.16577719740750219,0.170890467577605,0.11315424130412288,2120042,,,,,,,
976,0.0,0.0,0.22296580907529134,0.08518100874594803,True,1.0,current_joint,2.0,-0.06633751169668815,-0.1910072191226002,0.058332195729223865,-0.10435438224184548,2120042,,,,,,,
977,1.0,0.0,0.8795089744048036,0.5493546289655924,True,1.0,current_joint,2.0,0.05356142260264011,-0.02818592440891745,0.13530876961419763,0.2172265382051104,2120042,,,,,,,
980,1.0,1.0,0.7845093011134376,0.5285083827381312,True,1.0,current_joint,2.0,-0.07255848840116791,-0.19070054482212906,0.04558356801979323,-0.1328309937568829,2120042,,,,,,,
986,1.0,0.0,0.6842931095653495,0.4407593834478375,True,1.0,current_joint,2.0,-0.024683881173720657,-0.14127631598706294,0.09190855363962161,-0.21930664730454208,2120042,,,,,,,
987,0.0,0.0,0.4937146818591577,0.41011618555896223,True,1.0,current_joint,2.0,-0.005174344649457307,-0.13560976214889225,0.12526107284997756,0.16537846499403014,2120042,,,,,,,
989,0.0,0.0,0.502114524477848,0.4557268144672463,True,1.0,current_joint,2.0,-0.02586586150250986,-0.12257074926618587,0.07083902626116613,-0.22553091570484401,2120042,,,,,,,
5,1.0,1.0,0.6377114402121038,0.34254974755376194,True,1.0,llm_adjudication,2.0,0.144925939674283,0.02412005412517962,0.26573182522338634,0.29544125881310984,2120042,,,,,,,
12,0.0,1.0,0.40864594703941975,0.30002689738786964,True,1.0,llm_adjudication,2.0,0.017908077710447827,-0.10646992063018182,0.14228607605107746,-0.1020346687031714,2120042,,,,,,,
15,1.0,0.0,0.5202019068490832,0.11807387106554294,True,1.0,llm_adjudication,2.0,-0.06946557471762246,-0.17476931224837094,0.035838162813125976,-0.003080297422145953,2120042,,,,,,,
30,0.0,0.0,0.5746897562690604,0.24295906763714584,True,1.0,llm_adjudication,2.0,-0.08972962193264275,-0.2957009449853081,0.11624170112002252,-0.15824629257148742,2120042,,,,,,,
39,1.0,0.0,0.6048933776872666,0.3441516064005722,True,1.0,llm_adjudication,2.0,-0.06135974528100809,-0.23275138727198158,0.11003189670996535,-0.0787740414269622,2120042,,,,,,,
40,0.0,0.0,0.3543801765148926,0.35057432062020416,True,1.0,llm_adjudication,2.0,0.005223052518532663,-0.1388107920306042,0.1492568970676695,0.060474988513839145,2120042,,,,,,,
43,1.0,0.0,0.7309350546172592,0.38618933830050256,True,1.0,llm_adjudication,2.0,-0.0027017441359346757,-0.1503167906613542,0.1449133023894848,-0.19702180525731344,2120042,,,,,,,
45,0.0,0.0,0.2877857978025763,0.3689753372039217,True,1.0,llm_adjudication,2.0,-0.032797329339866475,-0.23362655694644063,0.1680318982667076,0.13139903885494988,2120042,,,,,,,
48,1.0,1.0,0.4640558918721573,0.5888245392655549,True,1.0,llm_adjudication,2.0,-0.18026746080893144,-0.2710889963030635,-0.0894459253147994,-0.02351093248221392,2120042,,,,,,,
63,1.0,0.0,0.493740643635318,0.20164355626544486,True,1.0,llm_adjudication,2.0,-0.10964450047104425,-0.2462303127722963,0.026941311830207773,-0.08061850681857732,2120042,,,,,,,
67,1.0,1.0,0.4135078007326209,0.532633707078535,True,1.0,llm_adjudication,2.0,-0.08043274895499834,-0.17397747749322384,0.013111979583227115,-0.4040936263411786,2120042,,,,,,,
69,0.0,0.0,0.46600337273861786,0.48630868982475617,True,1.0,llm_adjudication,2.0,-0.10790164158912643,-0.28572075017104287,0.06991746699278997,-0.2535047085663173,2120042,,,,,,,
72,1.0,0.0,0.5908011295185976,0.3649110295452353,True,1.0,llm_adjudication,2.0,-0.10351252655416723,-0.23394792381356788,0.026922870705233387,0.03393963416448598,2120042,,,,,,,
75,1.0,0.0,0.8971971121686327,0.590906090484836,True,1.0,llm_adjudication,2.0,0.11890679508169133,-0.00473710704687208,0.2425506972102547,-0.21905044290968123,2120042,,,,,,,
93,0.0,1.0,0.23435593073816172,0.3708737195266814,True,1.0,llm_adjudication,2.0,-0.1161022446916125,-0.2904242756884938,0.05821978630526879,-0.24763340158643393,2120042,,,,,,,
115,0.0,0.0,0.417662784829503,0.3560754401295836,True,1.0,llm_adjudication,2.0,-0.0861727314001097,-0.21432139992978191,0.04197593712956249,-0.036066766855671034,2120042,,,,,,,
116,0.0,1.0,0.2300810466125331,0.24524587329350514,True,1.0,llm_adjudication,2.0,-0.07838970204978507,-0.19237320022550697,0.0355937961259368,-0.014342061446469406,2120042,,,,,,,
121,1.0,0.0,0.829551555662928,0.5644650903605791,True,1.0,llm_adjudication,2.0,-0.05835139923021734,-0.2791990378098228,0.16249623934938806,-0.578150415838105,2120042,,,,,,,
122,1.0,0.0,0.6628130336914178,0.16757719199669627,True,1.0,llm_adjudication,2.0,-0.09263268102200378,-0.28412214638255917,0.09885678433855155,-0.1662835077113541,2120042,,,,,,,
123,0.0,1.0,0.39744562120923743,0.39243083175848403,True,1.0,llm_adjudication,2.0,0.04641821178218252,-0.10998063045958106,0.2028170540239461,0.03246765507545743,2120042,,,,,,,
126,0.0,0.0,0.2904388139791195,0.3909132072928165,True,1.0,llm_adjudication,2.0,-0.15894031898678135,-0.3105947956470936,-0.007285842326469172,-0.3010231687743369,2120042,,,,,,,
130,0.0,0.0,0.26863216138852986,0.21849460988274513,True,1.0,llm_adjudication,2.0,0.08162870427743085,-0.0624751152926592,0.22573252384752088,0.006309753656425152,2120042,,,,,,,
137,0.0,0.0,0.19104229057139868,0.136704195001431,True,1.0,llm_adjudication,2.0,0.03228293932315497,-0.16782086806857932,0.23238674671488924,-0.035394603233024145,2120042,,,,,,,
145,1.0,0.0,0.4660143956373304,0.44212132263226617,True,1.0,llm_adjudication,2.0,0.08285038706332024,-0.024127502916636345,0.1898282770432768,-0.33769143797714973,2120042,,,,,,,
151,0.0,1.0,0.5191771574449675,0.4662585530143542,True,1.0,llm_adjudication,2.0,-0.06000207902912907,-0.1796305163840364,0.05962635832577825,-0.31487008056515453,2120042,,,,,,,
162,0.0,0.0,0.5856731783723788,0.5989655969474362,True,1.0,llm_adjudication,2.0,-0.05445564179857709,-0.19748238215874336,0.08857109856158915,-0.1770906937214045,2120042,,,,,,,
167,0.0,1.0,0.6272436550256896,0.707639467658466,True,1.0,llm_adjudication,2.0,0.010721098001872991,-0.1089735205403995,0.13041571654414544,0.060419762402974864,2120042,,,,,,,
169,1.0,1.0,0.718421807752594,0.8744463758885973,True,1.0,llm_adjudication,2.0,-0.06621335130649407,-0.2065844569790976,0.07415775436610943,-0.059438745764093026,2120042,,,,,,,
180,1.0,1.0,0.8672668628184429,0.5657293381904667,True,1.0,llm_adjudication,2.0,-0.09504970280755326,-0.18210607082393626,-0.007993334791170259,0.07214620573564456,2120042,,,,,,,
186,1.0,0.0,0.5911390146431826,0.5179879989770028,True,1.0,llm_adjudication,2.0,0.011001425800511392,-0.1359721406001347,0.15797499220115746,-0.34838730337294177,2120042,,,,,,,
193,0.0,0.0,0.40023106047420476,0.1550758670471376,True,1.0,llm_adjudication,2.0,-0.10964450047104425,-0.2462303127722963,0.026941311830207773,-0.07790570380726344,2120042,,,,,,,
196,0.0,0.0,0.4779684453454312,0.4063942925546509,True,1.0,llm_adjudication,2.0,0.017908077710447827,-0.10646992063018182,0.14228607605107746,0.18500422317417548,2120042,,,,,,,
198,0.0,0.0,0.14587366590344183,0.3168318250125152,True,1.0,llm_adjudication,2.0,-0.21104836240923638,-0.28136370704153246,-0.14073301777694036,-0.09796041668062988,2120042,,,,,,,
205,1.0,1.0,0.889667935890094,0.4157414662695457,True,1.0,llm_adjudication,2.0,-0.044809756626068835,-0.21672405339776707,0.12710454014562933,0.10039000345163385,2120042,,,,,,,
208,1.0,1.0,0.37917397054309765,0.6227098092939151,True,1.0,llm_adjudication,2.0,-0.02444824356917441,-0.20876993224105467,0.1598734451027058,-0.38364186382161225,2120042,,,,,,,
211,0.0,0.0,0.231401125726331,0.22905857404779453,True,1.0,llm_adjudication,2.0,0.10602367098110818,-0.03466603027941137,0.2467133722416277,0.039362356322426656,2120042,,,,,,,
229,0.0,0.0,0.35491053100236486,0.18642819332391197,True,1.0,llm_adjudication,2.0,-0.04800230096842862,-0.2765496004008771,0.18054499846401983,-0.0181111175885878,2120042,,,,,,,
237,0.0,1.0,0.3187585270756577,0.6861105920384603,True,1.0,llm_adjudication,2.0,0.08744397511024679,-0.04892480140835259,0.22381275162884615,0.014677238537030401,2120042,,,,,,,
241,1.0,0.0,0.33880276994038705,0.4470269612145222,True,1.0,llm_adjudication,2.0,-0.09512930105137897,-0.24859276834187638,0.0583341662391184,-0.2359562924134932,2120042,,,,,,,
250,1.0,1.0,0.8428866494274864,0.703627059039757,True,1.0,llm_adjudication,2.0,0.003890173589307309,-0.2255873115087047,0.23336765868731932,-0.14381661120733635,2120042,,,,,,,
254,0.0,1.0,0.20839292854203073,0.24099446092279211,True,1.0,llm_adjudication,2.0,0.024732976727086884,-0.07597620452418792,0.12544215797836167,0.11029612787953566,2120042,,,,,,,
261,0.0,0.0,0.25783316789758004,0.1812073244799295,True,1.0,llm_adjudication,2.0,0.16137359829408657,0.014696498389215829,0.30805069819895725,0.31285754382566056,2120042,,,,,,,
264,1.0,1.0,0.5133701154893368,0.5783417591739412,True,1.0,llm_adjudication,2.0,-0.09512930105137897,-0.24859276834187638,0.0583341662391184,0.10130985419071503,2120042,,,,,,,
265,0.0,0.0,0.4673440107611287,0.3563794093146026,True,1.0,llm_adjudication,2.0,-0.07162539245393794,-0.19173907864093168,0.04848829373305577,-0.19966649402570194,2120042,,,,,,,
270,0.0,0.0,0.34874073775724557,0.20171397701955088,True,1.0,llm_adjudication,2.0,-0.08241812384177875,-0.23588344973367786,0.07104720205012031,-0.05981133747776573,2120042,,,,,,,
271,1.0,0.0,0.8208015211662028,0.8654343342544495,True,1.0,llm_adjudication,2.0,-0.08354594316093374,-0.2469343710420165,0.07984248472014897,-0.027407061388611043,2120042,,,,,,,
277,1.0,1.0,0.8458274757149049,0.5796784555469318,True,1.0,llm_adjudication,2.0,-0.001835963606982389,-0.1296341754265196,0.1259622482125548,0.19707323380293573,2120042,,,,,,,
282,0.0,0.0,0.4968539889905682,0.48950108386632263,True,1.0,llm_adjudication,2.0,0.0195519376030763,-0.14349352118073672,0.1825973963868893,0.2904593735133494,2120042,,,,,,,
284,0.0,1.0,0.26169668314489575,0.48044735559495144,True,1.0,llm_adjudication,2.0,-0.031006894254399665,-0.17733628593173775,0.11532249742293836,0.18518688543613304,2120042,,,,,,,
288,1.0,0.0,0.7511605014707504,0.5824804714021297,True,1.0,llm_adjudication,2.0,-0.017106958730020206,-0.15671410739610744,0.122500189936067,0.004640120746827181,2120042,,,,,,,
294,1.0,1.0,0.8164796270017057,0.49031264913350026,True,1.0,llm_adjudication,2.0,-0.06074211106389331,-0.17479943153249144,0.053315209404704814,-0.34951026332690505,2120042,,,,,,,
318,0.0,0.0,0.6636540076542939,0.5705544669325786,True,1.0,llm_adjudication,2.0,-0.03086344090798454,-0.19917589418376777,0.13744901236779863,-0.20199985734703257,2120042,,,,,,,
319,1.0,1.0,0.8930296774091446,0.7555478412559756,True,1.0,llm_adjudication,2.0,-0.14446784908508084,-0.2829781060126143,-0.005957592157547376,0.04278373950332526,2120042,,,,,,,
328,0.0,1.0,0.39432924248177276,0.18948303187203663,True,1.0,llm_adjudication,2.0,0.008126439768923887,-0.18325642974996975,0.1995093092878175,0.10327243996857394,2120042,,,,,,,
334,0.0,0.0,0.32003853805723764,0.2875355167491368,True,1.0,llm_adjudication,2.0,-0.13990237889645027,-0.22080133004907915,-0.059003427743821404,-0.1484375342195409,2120042,,,,,,,
339,0.0,1.0,0.6907306329755005,0.5644583916735121,True,1.0,llm_adjudication,2.0,0.010439734445432676,-0.11517465279616465,0.13605412168702996,-0.04096418254395162,2120042,,,,,,,
343,1.0,1.0,0.7122793784860058,0.5155210187085154,True,1.0,llm_adjudication,2.0,-0.07432376298372462,-0.2880242734090689,0.1393767474416196,-0.252500407706424,2120042,,,,,,,
346,0.0,0.0,0.4668878241550569,0.33951763988107997,True,1.0,llm_adjudication,2.0,0.027580509880939266,-0.19310946203206542,0.2482704817939439,0.021257549177203516,2120042,,,,,,,
347,0.0,1.0,0.20263826870260368,0.2637419376444213,True,1.0,llm_adjudication,2.0,-0.13081048259286218,-0.21978580196452502,-0.04183516322119937,0.0718545920669893,2120042,,,,,,,
349,0.0,1.0,0.7980010545149436,0.6771543356924604,True,1.0,llm_adjudication,2.0,-0.14539834437212182,-0.3239021046648568,0.03310541592061311,0.03268878550218324,2120042,,,,,,,
354,1.0,0.0,0.532805219686784,0.2924577715670299,True,1.0,llm_adjudication,2.0,-0.08041899471035426,-0.21226453820802826,0.05142654878731974,-0.14297135067526034,2120042,,,,,,,
357,1.0,1.0,0.6408274001124588,0.2999253159315922,True,1.0,llm_adjudication,2.0,-0.17422966540831278,-0.2844171534411512,-0.06404217737547437,0.1013446835796018,2120042,,,,,,,
360,1.0,0.0,0.3477877504865826,0.3387807653978252,True,1.0,llm_adjudication,2.0,-0.08686463150899859,-0.22859450005728174,0.05486523703928453,-0.20995476861796994,2120042,,,,,,,
361,0.0,0.0,0.29661108176182654,0.23059339157774011,True,1.0,llm_adjudication,2.0,-0.07858560236652835,-0.22681081310495893,0.06963960837190221,-0.0406445885166562,2120042,,,,,,,
365,1.0,0.0,0.6049751553904226,0.2863717839207137,True,1.0,llm_adjudication,2.0,-0.090685350358305,-0.20195080842009433,0.020580107703484327,-0.3344524588585174,2120042,,,,,,,
368,1.0,0.0,0.6849883638981021,0.32733973117530735,True,1.0,llm_adjudication,2.0,0.00898937367233351,-0.123495070508718,0.141473817853385,-0.05427466854280549,2120042,,,,,,,
370,1.0,0.0,0.19790340240759838,0.10800260009836761,True,1.0,llm_adjudication,2.0,-0.06136563845182337,-0.15946698135558318,0.03673570445193641,-0.11224918810400103,2120042,,,,,,,
380,0.0,1.0,0.7471666727680591,0.4674264398886901,True,1.0,llm_adjudication,2.0,-0.05510612092357184,-0.17653143144035124,0.06631918959320754,-0.4595323870462047,2120042,,,,,,,
384,1.0,1.0,0.6900728481780237,0.5112597274821526,True,1.0,llm_adjudication,2.0,0.07424572911006204,-0.10198714578574762,0.2504786040058717,0.0703099140074529,2120042,,,,,,,
392,1.0,1.0,0.7956043945971023,0.7308406047876336,True,1.0,llm_adjudication,2.0,-0.0903288302336719,-0.1964948900589863,0.01583722959164248,0.0859568948245617,2120042,,,,,,,
398,0.0,1.0,0.3206138626697417,0.45685223927714724,True,1.0,llm_adjudication,2.0,0.045820750419728364,-0.08600294888107718,0.17764444972053386,-0.3498504475078327,2120042,,,,,,,
409,0.0,0.0,0.18337791691798333,0.4439000770292082,True,1.0,llm_adjudication,2.0,-0.10019311276162068,-0.2165223612122595,0.016136135689018116,0.14554265152238055,2120042,,,,,,,
422,1.0,1.0,0.4374280553015159,0.34871246199525907,True,1.0,llm_adjudication,2.0,0.13023465994317027,0.0019328763478382027,0.2585364435385023,0.04875396248008518,2120042,,,,,,,
424,1.0,0.0,0.6770097302582416,0.7052642761137701,True,1.0,llm_adjudication,2.0,-0.1035665435564654,-0.24490211644645465,0.03776902933352384,-0.411950972386599,2120042,,,,,,,
431,1.0,1.0,0.4372491262168222,0.6279412483546116,True,1.0,llm_adjudication,2.0,-0.15009659450762702,-0.30221414570277394,0.002020956687519837,-0.32665406706368566,2120042,,,,,,,
433,0.0,0.0,0.10525170726096475,0.10427304962006238,True,1.0,llm_adjudication,2.0,-0.11212891772169127,-0.2552762924198314,0.031018456976448852,-0.03402153155820689,2120042,,,,,,,
435,0.0,1.0,0.4409894527049854,0.6729711349557012,True,1.0,llm_adjudication,2.0,-0.0026693624942687602,-0.2166675054776502,0.2113287804891126,-0.10742312894197681,2120042,,,,,,,
446,1.0,0.0,0.2790381570542702,0.16375999330593335,True,1.0,llm_adjudication,2.0,-0.007609646571280127,-0.1297938999931769,0.11457460685061661,-0.06432527410523083,2120042,,,,,,,
447,1.0,1.0,0.536835214889051,0.5503554221394807,True,1.0,llm_adjudication,2.0,-0.046313894626026184,-0.1963888229364647,0.10376103368441232,0.034144994760945346,2120042,,,,,,,
451,1.0,1.0,0.7690955084071955,0.6112206494377056,True,1.0,llm_adjudication,2.0,-0.1045191481514933,-0.24210430280531306,0.03306600650232644,-0.17663563846118313,2120042,,,,,,,
460,1.0,0.0,0.39094770965443404,0.27994469973743064,True,1.0,llm_adjudication,2.0,0.018703501324721403,-0.12362957147516743,0.1610365741246102,-0.15089969081385596,2120042,,,,,,,
462,0.0,0.0,0.4757820881301206,0.3798226570352518,True,1.0,llm_adjudication,2.0,0.06163118656265451,-0.15053415069912424,0.2737965238244332,-0.02877369342676961,2120042,,,,,,,
465,0.0,1.0,0.4312755600906261,0.6491876730428766,True,1.0,llm_adjudication,2.0,-0.058335350537824966,-0.23244933458518144,0.11577863350953149,-0.07352311822592295,2120042,,,,,,,
467,0.0,0.0,0.2562069965782711,0.26684038260745196,True,1.0,llm_adjudication,2.0,-0.04562224432511927,-0.2527308447700243,0.16148635611978568,0.18109530692018136,2120042,,,,,,,
468,1.0,0.0,0.44882293786932376,0.4590625162462623,True,1.0,llm_adjudication,2.0,0.045283255176863275,-0.05920600713532476,0.1497725174890513,-0.36394341785118856,2120042,,,,,,,
474,0.0,0.0,0.4334979519869535,0.38280401600429703,True,1.0,llm_adjudication,2.0,0.030847438583577608,-0.13009379163908466,0.19178866880623985,0.27024214191256124,2120042,,,,,,,
478,1.0,0.0,0.5739982744039367,0.2947270948162633,True,1.0,llm_adjudication,2.0,0.006177946874722834,-0.17121611220961713,0.18357200595906278,-0.14113139488284232,2120042,,,,,,,
481,0.0,1.0,0.5087083360409932,0.40825501741027925,True,1.0,llm_adjudication,2.0,-0.07838560814534942,-0.21003904459014888,0.05326782829945001,0.24256774419822325,2120042,,,,,,,
486,1.0,1.0,0.7441202307802978,0.6148549412893181,True,1.0,llm_adjudication,2.0,-0.13896173732756684,-0.27605005699551943,-0.0018734176596143237,-0.6892153014395378,2120042,,,,,,,
487,1.0,1.0,0.8467975192157075,0.5866738910251524,True,1.0,llm_adjudication,2.0,-0.039005395878153354,-0.13440600801887306,0.05639521626256634,-0.028156691615068175,2120042,,,,,,,
498,0.0,0.0,0.3020648921646804,0.1979830251548477,True,1.0,llm_adjudication,2.0,-0.104550603174821,-0.23192699323328803,0.02282578688364599,-0.1062618189134249,2120042,,,,,,,
503,0.0,0.0,0.3446948747805175,0.2658055219729751,True,1.0,llm_adjudication,2.0,-0.059343223108457674,-0.2394062249921175,0.12071977877520214,-0.16728505428348134,2120042,,,,,,,
507,1.0,1.0,0.8311033999506614,0.7945564212316646,True,1.0,llm_adjudication,2.0,-0.02500574185052315,-0.1409693099652326,0.09095782626418629,-0.030854928811506976,2120042,,,,,,,
508,0.0,0.0,0.5229332692489086,0.2601699446166555,True,1.0,llm_adjudication,2.0,-0.15642914507754357,-0.31486792812142395,0.002009637966336769,-0.05620972089686527,2120042,,,,,,,
514,1.0,1.0,0.8270038617254091,0.6943390637417084,True,1.0,llm_adjudication,2.0,-0.013179453660413558,-0.19065757736191727,0.1642986700410901,-0.061478120138046544,2120042,,,,,,,
526,0.0,0.0,0.15782593929996835,0.13044474411998602,True,1.0,llm_adjudication,2.0,0.04610925956832684,-0.04000036775913882,0.13221888689579248,0.020299231269924375,2120042,,,,,,,
528,1.0,1.0,0.6647472925894883,0.7352516088728809,True,1.0,llm_adjudication,2.0,0.05199862161411773,-0.18762512986380694,0.29162237309204236,-0.3151680255715663,2120042,,,,,,,
532,1.0,0.0,0.5659465902283147,0.4305883970188177,True,1.0,llm_adjudication,2.0,-0.17835973490414972,-0.3328036824664884,-0.0239157873418111,-0.5334643262344162,2120042,,,,,,,
534,0.0,1.0,0.6356185713393279,0.49570608184298615,True,1.0,llm_adjudication,2.0,0.16879448604530684,0.0034209062183992445,0.33416806587221437,0.13543398492073888,2120042,,,,,,,
535,0.0,0.0,0.6385549390569282,0.3491581541021244,True,1.0,llm_adjudication,2.0,0.028602243460791883,-0.18684669107428015,0.24405117799586384,0.03704061610492676,2120042,,,,,,,
538,1.0,0.0,0.7165422603028302,0.5565385298635452,True,1.0,llm_adjudication,2.0,0.1072909905392566,-0.05514837700298879,0.269730358081502,-0.06212851278558973,2120042,,,,,,,
539,0.0,1.0,0.3919352408994978,0.39807883890515544,True,1.0,llm_adjudication,2.0,-0.052140193990568524,-0.18057453037683074,0.07629414239569368,-0.11126006308263126,2120042,,,,,,,
546,0.0,0.0,0.30246911548946265,0.1674140399970113,True,1.0,llm_adjudication,2.0,-0.04709534652836642,-0.22681850366706074,0.13262781061032788,-0.06620608679353736,2120042,,,,,,,
549,1.0,0.0,0.737809295603759,0.4018100071172399,True,1.0,llm_adjudication,2.0,-0.09687088493858687,-0.17693278881227312,-0.016808981064900627,-0.22605679180368443,2120042,,,,,,,
550,0.0,0.0,0.22968620364065134,0.12507868829739605,True,1.0,llm_adjudication,2.0,-0.22824653561447805,-0.31997992278927373,-0.13651314843968237,-0.08381602753461014,2120042,,,,,,,
552,1.0,0.0,0.5131292585651384,0.19044531066663345,True,1.0,llm_adjudication,2.0,-0.12491922943209458,-0.2786931430786999,0.028854684214510734,0.08753892270289004,2120042,,,,,,,
559,1.0,0.0,0.6085123450001269,0.405681505096466,True,1.0,llm_adjudication,2.0,-0.01856855841083884,-0.13887045719514957,0.10173334037347187,-0.36576085048430995,2120042,,,,,,,
560,1.0,1.0,0.8655555287273489,0.6294406160354643,True,1.0,llm_adjudication,2.0,-0.08836631173073574,-0.2917388660938098,0.11500624263233826,-0.06469990771798673,2120042,,,,,,,
561,1.0,0.0,0.6004522932294956,0.25193874811218325,True,1.0,llm_adjudication,2.0,0.07371841859859947,-0.10135860384949948,0.24879544104669837,-0.14847635272894044,2120042,,,,,,,
563,0.0,0.0,0.34977696900330585,0.3001244011940171,True,1.0,llm_adjudication,2.0,-0.11123722857486351,-0.21930285119971243,-0.0031716059500146165,0.08723419972137467,2120042,,,,,,,
568,1.0,1.0,0.8420165704415828,0.7241993149028411,True,1.0,llm_adjudication,2.0,-0.1840748110070833,-0.3477171281828777,-0.02043249383128895,-0.11006768648138565,2120042,,,,,,,
569,0.0,1.0,0.6204165780663479,0.649966418468412,True,1.0,llm_adjudication,2.0,-0.05811537306753434,-0.15475692421711607,0.03852617808204739,-0.03506472883281053,2120042,,,,,,,
578,0.0,0.0,0.528449166106585,0.541129455632692,True,1.0,llm_adjudication,2.0,-0.06425811903023956,-0.19264809130856506,0.0641318532480859,-0.1661069213092291,2120042,,,,,,,
584,1.0,0.0,0.4835230499831929,0.6086690571475216,True,1.0,llm_adjudication,2.0,0.12148451668869602,-0.048009414531861375,0.29097844790925337,-0.18620539681394355,2120042,,,,,,,
588,1.0,1.0,0.6950874683394853,0.6067692377764136,True,1.0,llm_adjudication,2.0,0.07682333032895661,-0.09894278728632061,0.25258944794423377,0.05151712594740754,2120042,,,,,,,
594,0.0,1.0,0.3845124638174599,0.20204826370818607,True,1.0,llm_adjudication,2.0,-0.12955679477689086,-0.29742130660968,0.03830771705589828,-0.1845762402931477,2120042,,,,,,,
599,0.0,1.0,0.5139276407168637,0.3069862927665871,True,1.0,llm_adjudication,2.0,0.022230975355212613,-0.09753000032779176,0.14199195103821696,-0.017020805613165407,2120042,,,,,,,
603,1.0,1.0,0.8760250372770755,0.7245136388321798,True,1.0,llm_adjudication,2.0,-0.12850358551555816,-0.2877927609784585,0.03078558994734218,-0.4064471216929251,2120042,,,,,,,
606,0.0,1.0,0.21922940776003394,0.3608687382193187,True,1.0,llm_adjudication,2.0,0.03835967472387076,-0.10500049253948021,0.1817198419872217,-0.0810499975355446,2120042,,,,,,,
607,0.0,0.0,0.2306889141131686,0.41349980578355594,True,1.0,llm_adjudication,2.0,0.015959781496794324,-0.13160098806533982,0.16352055105892846,-0.20262165996000597,2120042,,,,,,,
609,0.0,1.0,0.2303519206028594,0.1661800464978828,True,1.0,llm_adjudication,2.0,0.03111428200802184,-0.0685390249548345,0.13076758897087815,-0.17815202596793825,2120042,,,,,,,
614,1.0,1.0,0.6467946600933504,0.454149402724382,True,1.0,llm_adjudication,2.0,-0.09364398561737816,-0.20176021204642935,0.014472240811673004,0.13800989485438941,2120042,,,,,,,
617,1.0,0.0,0.6802572666640975,0.691208308706228,True,1.0,llm_adjudication,2.0,-0.11476428424657481,-0.2527371176793438,0.02320854918619414,-0.32977963417948597,2120042,,,,,,,
621,1.0,1.0,0.627291255719527,0.643934722388693,True,1.0,llm_adjudication,2.0,-0.15438038165017484,-0.28772053269578235,-0.021040230604567334,-0.10300534475910206,2120042,,,,,,,
626,1.0,0.0,0.474501537217078,0.16437460061425205,True,1.0,llm_adjudication,2.0,-0.12263483675712984,-0.2989601210107795,0.053690447496519814,-0.14734105843629364,2120042,,,,,,,
638,1.0,0.0,0.2748012559824055,0.1239220657092472,True,1.0,llm_adjudication,2.0,-0.13630955685803267,-0.2673431056068947,-0.0052760081091706434,-0.028967779075204383,2120042,,,,,,,
648,1.0,1.0,0.5446984576494674,0.4969151883647077,True,1.0,llm_adjudication,2.0,-0.08129177078153094,-0.25286240235327934,0.09027886079021744,0.22657797391420198,2120042,,,,,,,
651,1.0,0.0,0.7414638822974168,0.20735604282143721,True,1.0,llm_adjudication,2.0,-0.14540483116050057,-0.2986810615655834,0.007871399244582161,0.14285091672279376,2120042,,,,,,,
656,0.0,0.0,0.28204662460451924,0.4366149382471533,True,1.0,llm_adjudication,2.0,-0.009878877226661632,-0.22714290717152852,0.2073851527182052,0.008071797181922913,2120042,,,,,,,
662,0.0,0.0,0.6929571721037661,0.5688028871898342,True,1.0,llm_adjudication,2.0,0.027163594551525685,-0.13469426810386553,0.18902145720691688,0.12090442381375327,2120042,,,,,,,
663,1.0,1.0,0.6304851473044282,0.5835748670106308,True,1.0,llm_adjudication,2.0,0.04320887844666859,-0.16411999763101925,0.2505377545243564,-0.0006267839972746714,2120042,,,,,,,
676,1.0,0.0,0.4599439184764482,0.29878782114157487,True,1.0,llm_adjudication,2.0,-0.04363520132141998,-0.21246814129489827,0.12519773865205827,0.288078314021742,2120042,,,,,,,
680,1.0,0.0,0.6829703748258147,0.11385594636738014,True,1.0,llm_adjudication,2.0,0.06672796500752609,-0.07905348961703709,0.21250941963208925,-0.21676132704337042,2120042,,,,,,,
684,0.0,0.0,0.5697406984360188,0.19983185070397666,True,1.0,llm_adjudication,2.0,-0.0316177091712272,-0.2590704753252027,0.19583505698274828,-0.09365228131014089,2120042,,,,,,,
689,1.0,1.0,0.8868225930045658,0.8706173422583725,True,1.0,llm_adjudication,2.0,-0.041617941062624356,-0.16668515176791787,0.08344926964266912,0.028437736123359203,2120042,,,,,,,
707,1.0,0.0,0.3095601577041158,0.16574517487960455,True,1.0,llm_adjudication,2.0,-0.14488588024929283,-0.3037489283229271,0.013977167824341413,-0.18261274863827542,2120042,,,,,,,
708,0.0,0.0,0.38944180681518387,0.31109833854695346,True,1.0,llm_adjudication,2.0,-0.0891470580166119,-0.21771293248636586,0.03941881645314206,-0.3033594815556778,2120042,,,,,,,
712,0.0,0.0,0.22671743720630477,0.39916050095370287,True,1.0,llm_adjudication,2.0,0.12496049880921621,-0.0009349261959909344,0.2508559238144233,0.20262182932038472,2120042,,,,,,,
713,0.0,1.0,0.4479973834356069,0.7899673126686212,True,1.0,llm_adjudication,2.0,0.03955452495525932,-0.12742090908575388,0.2065299589962725,0.18351149860665072,2120042,,,,,,,
723,1.0,1.0,0.8791019779208326,0.6312407840166131,True,1.0,llm_adjudication,2.0,0.183620894089581,0.04627543501882847,0.3209663531603335,-0.013981278819158116,2120042,,,,,,,
735,1.0,1.0,0.7869431386479372,0.5368141960979033,True,1.0,llm_adjudication,2.0,0.030814602472749853,-0.1252987637546745,0.1869279687001742,0.2892291597635016,2120042,,,,,,,
739,0.0,1.0,0.16567925131260422,0.3625667250095327,True,1.0,llm_adjudication,2.0,0.053761132088149054,-0.07563721234663165,0.18315947652292974,0.04653584065128688,2120042,,,,,,,
743,1.0,0.0,0.6338297786120288,0.6070901283292623,True,1.0,llm_adjudication,2.0,-0.057509940560147285,-0.1969862281549848,0.08196634703469018,-0.3588049137290085,2120042,,,,,,,
744,0.0,0.0,0.2696157041235064,0.15264458849958287,True,1.0,llm_adjudication,2.0,-0.06755750565248182,-0.21156139565749266,0.07644638435252897,0.00043827428651807554,2120042,,,,,,,
752,1.0,0.0,0.6647472925894883,0.7208329462562315,True,1.0,llm_adjudication,2.0,0.0638047116158397,-0.14332257914339516,0.27093200237507453,-0.048624029853681416,2120042,,,,,,,
760,1.0,1.0,0.7134555858731084,0.792566241366111,True,1.0,llm_adjudication,2.0,-0.07557639672691532,-0.20495816995305358,0.0538053764992229,-0.1049719012824385,2120042,,,,,,,
773,1.0,1.0,0.8386940353384825,0.852870223315683,True,1.0,llm_adjudication,2.0,0.003446876437996939,-0.12530275092970458,0.13219650380569842,-0.05078761983714952,2120042,,,,,,,
776,0.0,0.0,0.3345234242308092,0.20533773166060534,True,1.0,llm_adjudication,2.0,0.10606195756278089,-0.060025529425947605,0.27214944455150936,0.11215936655437345,2120042,,,,,,,
779,0.0,0.0,0.3257453007133764,0.22754313436062862,True,1.0,llm_adjudication,2.0,-0.14808160097151732,-0.29244992594769925,-0.0037132759953353855,0.2102850669914252,2120042,,,,,,,
781,1.0,1.0,0.6832939038423603,0.63754694937672,True,1.0,llm_adjudication,2.0,-0.08703367899667527,-0.2737264592031767,0.0996591012098261,0.031273744586730046,2120042,,,,,,,
782,1.0,0.0,0.7648701537663227,0.4641424883295498,True,1.0,llm_adjudication,2.0,0.11899497523132152,-0.05138653641110241,0.2893764868737454,-0.27881971225762575,2120042,,,,,,,
783,0.0,0.0,0.12172989379204215,0.3168675055683017,True,1.0,llm_adjudication,2.0,0.10731791270401489,-0.007314843754290298,0.22195066916232004,0.11768093960974968,2120042,,,,,,,
798,1.0,1.0,0.5742961575804171,0.7338549270059888,True,1.0,llm_adjudication,2.0,0.03472349808219199,-0.13065396884882383,0.2001009650132078,-0.012829595656138837,2120042,,,,,,,
822,0.0,0.0,0.7417980053932205,0.6367950734915155,True,1.0,llm_adjudication,2.0,0.1714911964293651,0.03517287680578987,0.3078095160529403,0.15687867128973654,2120042,,,,,,,
827,0.0,1.0,0.264977865904604,0.5063020143310597,True,1.0,llm_adjudication,2.0,-0.10620301974344895,-0.22088834856511202,0.008482309078214123,-0.47170840662307595,2120042,,,,,,,
839,0.0,0.0,0.4808888128545494,0.1562570180525887,True,1.0,llm_adjudication,2.0,-0.173701293409067,-0.3085383360499765,-0.03886425076815758,-0.082870305049013,2120042,,,,,,,
845,1.0,1.0,0.7067711150558171,0.505484558588421,True,1.0,llm_adjudication,2.0,0.16600078368105242,-0.07501930051246905,0.4070208678745738,-0.054967122143437575,2120042,,,,,,,
848,0.0,0.0,0.1666158023279128,0.2015602546752192,True,1.0,llm_adjudication,2.0,0.04962141968898735,-0.06267531940891147,0.16191815878688615,0.0857810802170664,2120042,,,,,,,
859,1.0,1.0,0.6849906428774399,0.6769103292049636,True,1.0,llm_adjudication,2.0,-0.09993064228748676,-0.18115202302531613,-0.018709261549657394,0.10091643251497262,2120042,,,,,,,
868,1.0,0.0,0.3082583807209731,0.1535068027524439,True,1.0,llm_adjudication,2.0,-0.06181421504370562,-0.20126666548599412,0.07763823539858283,-0.03768758335333155,2120042,,,,,,,
875,1.0,1.0,0.25333963387393715,0.20708796308982624,True,1.0,llm_adjudication,2.0,0.059559255967472594,-0.1623755240476647,0.28149403598260986,0.2750351541256375,2120042,,,,,,,
892,0.0,0.0,0.6313698695873204,0.23382463068565157,True,1.0,llm_adjudication,2.0,-0.0032371787944405327,-0.17264379844425518,0.16616944085537408,-0.4218944972490402,2120042,,,,,,,
893,0.0,1.0,0.45589257876268896,0.39302832109664,True,1.0,llm_adjudication,2.0,-0.07061446727524387,-0.20583049080228638,0.06460155625179861,-0.13899119129057289,2120042,,,,,,,
898,1.0,1.0,0.49462645872228006,0.3547315126470555,True,1.0,llm_adjudication,2.0,-0.004112170529464885,-0.15297762283843463,0.1447532817795048,0.11489019733853345,2120042,,,,,,,
908,1.0,1.0,0.59795154629418,0.5465323047791424,True,1.0,llm_adjudication,2.0,0.059912973881416386,-0.06627201985243444,0.1860979676152672,0.2700079153490359,2120042,,,,,,,
913,0.0,0.0,0.4590740424682504,0.15303561997525103,True,1.0,llm_adjudication,2.0,0.09818959866048257,-0.08457893901232505,0.28095813633329014,0.5763362625455206,2120042,,,,,,,
915,1.0,1.0,0.8444617337210738,0.7902472579186703,True,1.0,llm_adjudication,2.0,0.1288482997920936,-0.0055948983623828885,0.26329149794657003,-0.10460704553612188,2120042,,,,,,,
924,0.0,1.0,0.11064807383603614,0.35875496457481376,True,1.0,llm_adjudication,2.0,0.006319613567347318,-0.1461147885960656,0.15875401573076017,-0.03518580558050255,2120042,,,,,,,
929,1.0,0.0,0.6634216252210545,0.5571596280328351,True,1.0,llm_adjudication,2.0,-0.03637260278804945,-0.1744843903696398,0.10173918479354087,-0.2246108655442407,2120042,,,,,,,
934,0.0,0.0,0.17588820990102041,0.1479102128392838,True,1.0,llm_adjudication,2.0,-0.08139575012482111,-0.23548229772413745,0.07269079747449517,-0.17923562100166213,2120042,,,,,,,
955,1.0,1.0,0.7279935351733413,0.7193079523925068,True,1.0,llm_adjudication,2.0,-0.03338885212109941,-0.1828350879289812,0.11605738368678237,-0.4074361291328243,2120042,,,,,,,
960,1.0,1.0,0.516353381546526,0.48744897008899524,True,1.0,llm_adjudication,2.0,0.10794983007938286,-0.06549801263767824,0.2813976727964439,0.30302428580824725,2120042,,,,,,,
961,0.0,1.0,0.5952214322323915,0.2839526673389449,True,1.0,llm_adjudication,2.0,0.13667789171158948,-0.03986198199201196,0.31321776541519086,-0.17386110854674186,2120042,,,,,,,
967,0.0,0.0,0.7111062328377343,0.6026371727046967,True,1.0,llm_adjudication,2.0,0.0198717244030002,-0.09797200076483148,0.13771544957083184,0.11315424130412288,2120042,,,,,,,
976,0.0,0.0,0.22296580907529134,0.08518100874594803,True,1.0,llm_adjudication,2.0,-0.07723585609726914,-0.2050522185914178,0.050580506396879485,-0.10435438224184548,2120042,,,,,,,
977,1.0,0.0,0.8795089744048036,0.5493546289655924,True,1.0,llm_adjudication,2.0,0.008046038948260037,-0.21823288728232207,0.23432496517884208,0.2172265382051104,2120042,,,,,,,
980,1.0,1.0,0.7845093011134376,0.5285083827381312,True,1.0,llm_adjudication,2.0,-0.014449905311950062,-0.1816062518466266,0.15270644122272645,-0.1328309937568829,2120042,,,,,,,
986,1.0,0.0,0.6842931095653495,0.4407593834478375,True,1.0,llm_adjudication,2.0,-0.09245256288234387,-0.23852562876399225,0.0536205029993045,-0.21930664730454208,2120042,,,,,,,
987,0.0,0.0,0.4937146818591577,0.41011618555896223,True,1.0,llm_adjudication,2.0,-0.0431513987971471,-0.16099504170448597,0.07469224411019176,0.16537846499403014,2120042,,,,,,,
989,0.0,0.0,0.502114524477848,0.4557268144672463,True,1.0,llm_adjudication,2.0,-0.035964015335603464,-0.14960667942109637,0.07767864874988942,-0.22553091570484401,2120042,,,,,,,
5,1.0,1.0,0.6377114402121038,0.34254974755376194,True,1.0,permissive_union,2.0,0.009629421874084894,-0.15674073223546614,0.17599957598363586,0.29544125881310984,2120042,,,,,,,
12,0.0,1.0,0.40864594703941975,0.30002689738786964,True,1.0,permissive_union,2.0,0.04423627808170743,-0.05705650205438512,0.14552905821779996,-0.1020346687031714,2120042,,,,,,,
15,1.0,0.0,0.5202019068490832,0.11807387106554294,True,1.0,permissive_union,2.0,-0.046329452038275994,-0.2312118618197291,0.13855295774317708,-0.003080297422145953,2120042,,,,,,,
30,0.0,0.0,0.5746897562690604,0.24295906763714584,True,1.0,permissive_union,2.0,-0.006540841209565499,-0.16210380679055236,0.14902212437142134,-0.15824629257148742,2120042,,,,,,,
39,1.0,0.0,0.6048933776872666,0.3441516064005722,True,1.0,permissive_union,2.0,-0.03362917657648202,-0.17509861858338252,0.10784026543041847,-0.0787740414269622,2120042,,,,,,,
40,0.0,0.0,0.3543801765148926,0.35057432062020416,True,1.0,permissive_union,2.0,0.003662721933299729,-0.09640693163624667,0.10373237550284609,0.060474988513839145,2120042,,,,,,,
43,1.0,0.0,0.7309350546172592,0.38618933830050256,True,1.0,permissive_union,2.0,0.016628636337538753,-0.09308057460057817,0.12633784727565564,-0.19702180525731344,2120042,,,,,,,
45,0.0,0.0,0.2877857978025763,0.3689753372039217,True,1.0,permissive_union,2.0,0.014535261634245912,-0.07961123587657916,0.10868175914507097,0.13139903885494988,2120042,,,,,,,
48,1.0,1.0,0.4640558918721573,0.5888245392655549,True,1.0,permissive_union,2.0,-0.055414548380284284,-0.1521266021718533,0.04129750541128473,-0.02351093248221392,2120042,,,,,,,
63,1.0,0.0,0.493740643635318,0.20164355626544486,True,1.0,permissive_union,2.0,-0.05849275647828321,-0.27998656541450684,0.1630010524579404,-0.08061850681857732,2120042,,,,,,,
67,1.0,1.0,0.4135078007326209,0.532633707078535,True,1.0,permissive_union,2.0,-0.08953138381125858,-0.18918378309955955,0.010121015477042361,-0.4040936263411786,2120042,,,,,,,
69,0.0,0.0,0.46600337273861786,0.48630868982475617,True,1.0,permissive_union,2.0,-0.0494611426838209,-0.1742629836130813,0.07534069824543944,-0.2535047085663173,2120042,,,,,,,
72,1.0,0.0,0.5908011295185976,0.3649110295452353,True,1.0,permissive_union,2.0,-0.026226892577744996,-0.19146416453971116,0.13901037938422114,0.03393963416448598,2120042,,,,,,,
75,1.0,0.0,0.8971971121686327,0.590906090484836,True,1.0,permissive_union,2.0,-0.03405959320373843,-0.1863929532895272,0.11827376688205034,-0.21905044290968123,2120042,,,,,,,
93,0.0,1.0,0.23435593073816172,0.3708737195266814,True,1.0,permissive_union,2.0,-0.02011237832170865,-0.138249372311852,0.09802461566843468,-0.24763340158643393,2120042,,,,,,,
115,0.0,0.0,0.417662784829503,0.3560754401295836,True,1.0,permissive_union,2.0,-0.016818869301137837,-0.15945543892557412,0.12581770032329842,-0.036066766855671034,2120042,,,,,,,
116,0.0,1.0,0.2300810466125331,0.24524587329350514,True,1.0,permissive_union,2.0,-0.14075848608526403,-0.2203329509944466,-0.06118402117608149,-0.014342061446469406,2120042,,,,,,,
121,1.0,0.0,0.829551555662928,0.5644650903605791,True,1.0,permissive_union,2.0,-0.029578271076195754,-0.18227362638892355,0.123117084236532,-0.578150415838105,2120042,,,,,,,
122,1.0,0.0,0.6628130336914178,0.16757719199669627,True,1.0,permissive_union,2.0,-0.05739032665094327,-0.15122482128337703,0.03644416798149048,-0.1662835077113541,2120042,,,,,,,
123,0.0,1.0,0.39744562120923743,0.39243083175848403,True,1.0,permissive_union,2.0,-0.06840507601492887,-0.1475696953928809,0.010759543363023136,0.03246765507545743,2120042,,,,,,,
126,0.0,0.0,0.2904388139791195,0.3909132072928165,True,1.0,permissive_union,2.0,-0.08279058015699582,-0.18801663645393896,0.022435476139947272,-0.3010231687743369,2120042,,,,,,,
130,0.0,0.0,0.26863216138852986,0.21849460988274513,True,1.0,permissive_union,2.0,-0.019276836977546685,-0.1807821319440997,0.14222845798900632,0.006309753656425152,2120042,,,,,,,
137,0.0,0.0,0.19104229057139868,0.136704195001431,True,1.0,permissive_union,2.0,-0.04784107937494504,-0.15792241198419277,0.06224025323430264,-0.035394603233024145,2120042,,,,,,,
145,1.0,0.0,0.4660143956373304,0.44212132263226617,True,1.0,permissive_union,2.0,0.008104531380636345,-0.13847823282565314,0.15468729558692582,-0.33769143797714973,2120042,,,,,,,
151,0.0,1.0,0.5191771574449675,0.4662585530143542,True,1.0,permissive_union,2.0,0.0028563190347723278,-0.15508382615625138,0.160796464225796,-0.31487008056515453,2120042,,,,,,,
162,0.0,0.0,0.5856731783723788,0.5989655969474362,True,1.0,permissive_union,2.0,-0.03899346161444911,-0.15618830566536307,0.07820138243646481,-0.1770906937214045,2120042,,,,,,,
167,0.0,1.0,0.6272436550256896,0.707639467658466,True,1.0,permissive_union,2.0,-0.009954567450464002,-0.14553630103559437,0.12562716613466635,0.060419762402974864,2120042,,,,,,,
169,1.0,1.0,0.718421807752594,0.8744463758885973,True,1.0,permissive_union,2.0,-0.060912943069670746,-0.19481613568501538,0.07299024954567387,-0.059438745764093026,2120042,,,,,,,
180,1.0,1.0,0.8672668628184429,0.5657293381904667,True,1.0,permissive_union,2.0,-0.03296133926157506,-0.13207688663088082,0.06615420810773069,0.07214620573564456,2120042,,,,,,,
186,1.0,0.0,0.5911390146431826,0.5179879989770028,True,1.0,permissive_union,2.0,-0.008798806386875949,-0.1538103402131871,0.1362127274394352,-0.34838730337294177,2120042,,,,,,,
193,0.0,0.0,0.40023106047420476,0.1550758670471376,True,1.0,permissive_union,2.0,-0.031242241463419182,-0.12397412461118362,0.06148964168434523,-0.07790570380726344,2120042,,,,,,,
196,0.0,0.0,0.4779684453454312,0.4063942925546509,True,1.0,permissive_union,2.0,0.013619712329820132,-0.1709690680678809,0.19820849272752109,0.18500422317417548,2120042,,,,,,,
198,0.0,0.0,0.14587366590344183,0.3168318250125152,True,1.0,permissive_union,2.0,-0.06381029315368687,-0.14905024178579596,0.021429655478422183,-0.09796041668062988,2120042,,,,,,,
205,1.0,1.0,0.889667935890094,0.4157414662695457,True,1.0,permissive_union,2.0,-0.05348439644318658,-0.16584843031836494,0.05887963743199174,0.10039000345163385,2120042,,,,,,,
208,1.0,1.0,0.37917397054309765,0.6227098092939151,True,1.0,permissive_union,2.0,-0.048565554993895685,-0.1613079970183283,0.0641768870305369,-0.38364186382161225,2120042,,,,,,,
211,0.0,0.0,0.231401125726331,0.22905857404779453,True,1.0,permissive_union,2.0,0.032935995898031485,-0.0515973749045665,0.11746936670062946,0.039362356322426656,2120042,,,,,,,
229,0.0,0.0,0.35491053100236486,0.18642819332391197,True,1.0,permissive_union,2.0,-0.05399575077682216,-0.1679337360721886,0.05994223451854423,-0.0181111175885878,2120042,,,,,,,
237,0.0,1.0,0.3187585270756577,0.6861105920384603,True,1.0,permissive_union,2.0,0.031419169492868874,-0.15609627241045104,0.21893461139618875,0.014677238537030401,2120042,,,,,,,
241,1.0,0.0,0.33880276994038705,0.4470269612145222,True,1.0,permissive_union,2.0,-0.03271299199853912,-0.1385313589152279,0.0731053749181496,-0.2359562924134932,2120042,,,,,,,
250,1.0,1.0,0.8428866494274864,0.703627059039757,True,1.0,permissive_union,2.0,-0.043276556345071146,-0.14977333460630599,0.06322022191616368,-0.14381661120733635,2120042,,,,,,,
254,0.0,1.0,0.20839292854203073,0.24099446092279211,True,1.0,permissive_union,2.0,-0.00477091390181934,-0.10306237331795823,0.09352054551431951,0.11029612787953566,2120042,,,,,,,
261,0.0,0.0,0.25783316789758004,0.1812073244799295,True,1.0,permissive_union,2.0,0.06154997698245249,-0.05357824322789875,0.1766781971928037,0.31285754382566056,2120042,,,,,,,
264,1.0,1.0,0.5133701154893368,0.5783417591739412,True,1.0,permissive_union,2.0,-0.027196275980817985,-0.18757459857200565,0.13318204661036964,0.10130985419071503,2120042,,,,,,,
265,0.0,0.0,0.4673440107611287,0.3563794093146026,True,1.0,permissive_union,2.0,-0.09727135990233461,-0.22358937960752273,0.029046659802853467,-0.19966649402570194,2120042,,,,,,,
270,0.0,0.0,0.34874073775724557,0.20171397701955088,True,1.0,permissive_union,2.0,-0.0006700547589584613,-0.08294970850669228,0.08160959898877536,-0.05981133747776573,2120042,,,,,,,
271,1.0,0.0,0.8208015211662028,0.8654343342544495,True,1.0,permissive_union,2.0,-0.034951525067807715,-0.13041911898158454,0.060516068845969107,-0.027407061388611043,2120042,,,,,,,
277,1.0,1.0,0.8458274757149049,0.5796784555469318,True,1.0,permissive_union,2.0,-0.02023596929191905,-0.20952371174420215,0.16905177316036396,0.19707323380293573,2120042,,,,,,,
282,0.0,0.0,0.4968539889905682,0.48950108386632263,True,1.0,permissive_union,2.0,-0.021070015498707056,-0.12086541866243283,0.07872538766501869,0.2904593735133494,2120042,,,,,,,
284,0.0,1.0,0.26169668314489575,0.48044735559495144,True,1.0,permissive_union,2.0,0.015959666441734712,-0.09041323646523357,0.12233256934870299,0.18518688543613304,2120042,,,,,,,
288,1.0,0.0,0.7511605014707504,0.5824804714021297,True,1.0,permissive_union,2.0,-0.00629903260374441,-0.10145249791236308,0.08885443270487423,0.004640120746827181,2120042,,,,,,,
294,1.0,1.0,0.8164796270017057,0.49031264913350026,True,1.0,permissive_union,2.0,-0.040810742311012206,-0.1334555005909032,0.05183401596887877,-0.34951026332690505,2120042,,,,,,,
318,0.0,0.0,0.6636540076542939,0.5705544669325786,True,1.0,permissive_union,2.0,-0.044824240688413744,-0.1454132970301063,0.0557648156532788,-0.20199985734703257,2120042,,,,,,,
319,1.0,1.0,0.8930296774091446,0.7555478412559756,True,1.0,permissive_union,2.0,-0.04432372234630239,-0.24174614118399396,0.15309869649138916,0.04278373950332526,2120042,,,,,,,
328,0.0,1.0,0.39432924248177276,0.18948303187203663,True,1.0,permissive_union,2.0,-0.0015381825931884306,-0.13134810281947545,0.12827173763309854,0.10327243996857394,2120042,,,,,,,
334,0.0,0.0,0.32003853805723764,0.2875355167491368,True,1.0,permissive_union,2.0,-0.07174683791391136,-0.19509707408073518,0.05160339825291245,-0.1484375342195409,2120042,,,,,,,
339,0.0,1.0,0.6907306329755005,0.5644583916735121,True,1.0,permissive_union,2.0,-0.060620834403311515,-0.23909302263974594,0.1178513538331229,-0.04096418254395162,2120042,,,,,,,
343,1.0,1.0,0.7122793784860058,0.5155210187085154,True,1.0,permissive_union,2.0,-0.044359732827556404,-0.14417518948288274,0.0554557238277699,-0.252500407706424,2120042,,,,,,,
346,0.0,0.0,0.4668878241550569,0.33951763988107997,True,1.0,permissive_union,2.0,-0.0013102669574344278,-0.14986140795765923,0.14724087404279035,0.021257549177203516,2120042,,,,,,,
347,0.0,1.0,0.20263826870260368,0.2637419376444213,True,1.0,permissive_union,2.0,-0.06456683944158773,-0.20019417322465827,0.07106049434148279,0.0718545920669893,2120042,,,,,,,
349,0.0,1.0,0.7980010545149436,0.6771543356924604,True,1.0,permissive_union,2.0,-0.07658761387864385,-0.16095764876719576,0.007782421009908044,0.03268878550218324,2120042,,,,,,,
354,1.0,0.0,0.532805219686784,0.2924577715670299,True,1.0,permissive_union,2.0,-0.009386354130901442,-0.1894427361493289,0.17067002788752597,-0.14297135067526034,2120042,,,,,,,
357,1.0,1.0,0.6408274001124588,0.2999253159315922,True,1.0,permissive_union,2.0,-0.08061428360522452,-0.20438434744249906,0.043155780232049995,0.1013446835796018,2120042,,,,,,,
360,1.0,0.0,0.3477877504865826,0.3387807653978252,True,1.0,permissive_union,2.0,-0.03935290938398632,-0.1663082012729019,0.08760238250492926,-0.20995476861796994,2120042,,,,,,,
361,0.0,0.0,0.29661108176182654,0.23059339157774011,True,1.0,permissive_union,2.0,-0.04780897364948004,-0.21142947350406735,0.11581152620510723,-0.0406445885166562,2120042,,,,,,,
365,1.0,0.0,0.6049751553904226,0.2863717839207137,True,1.0,permissive_union,2.0,-0.07303570568596339,-0.16921101636855182,0.023139604996625027,-0.3344524588585174,2120042,,,,,,,
368,1.0,0.0,0.6849883638981021,0.32733973117530735,True,1.0,permissive_union,2.0,-0.031710145405774735,-0.18981973046159473,0.12639943965004521,-0.05427466854280549,2120042,,,,,,,
370,1.0,0.0,0.19790340240759838,0.10800260009836761,True,1.0,permissive_union,2.0,-0.053364648078230464,-0.222356848443325,0.11562755228686403,-0.11224918810400103,2120042,,,,,,,
380,0.0,1.0,0.7471666727680591,0.4674264398886901,True,1.0,permissive_union,2.0,-0.029756961624302698,-0.20357539335425273,0.14406147010564732,-0.4595323870462047,2120042,,,,,,,
384,1.0,1.0,0.6900728481780237,0.5112597274821526,True,1.0,permissive_union,2.0,0.0049600347289527075,-0.11810264349623079,0.12802271295413617,0.0703099140074529,2120042,,,,,,,
392,1.0,1.0,0.7956043945971023,0.7308406047876336,True,1.0,permissive_union,2.0,-0.040434453844421646,-0.14914994099247977,0.06828103330363647,0.0859568948245617,2120042,,,,,,,
398,0.0,1.0,0.3206138626697417,0.45685223927714724,True,1.0,permissive_union,2.0,0.014898374650181748,-0.07334606914201472,0.1031428184423782,-0.3498504475078327,2120042,,,,,,,
409,0.0,0.0,0.18337791691798333,0.4439000770292082,True,1.0,permissive_union,2.0,-0.03171517783227923,-0.11419125581478846,0.05076090015022998,0.14554265152238055,2120042,,,,,,,
422,1.0,1.0,0.4374280553015159,0.34871246199525907,True,1.0,permissive_union,2.0,0.0292822753452555,-0.08664878681553578,0.14521333750604676,0.04875396248008518,2120042,,,,,,,
424,1.0,0.0,0.6770097302582416,0.7052642761137701,True,1.0,permissive_union,2.0,-0.0961877799990741,-0.2019559050014915,0.00958034500334326,-0.411950972386599,2120042,,,,,,,
431,1.0,1.0,0.4372491262168222,0.6279412483546116,True,1.0,permissive_union,2.0,-0.08963927412917949,-0.2194009811163514,0.040122432857992385,-0.32665406706368566,2120042,,,,,,,
433,0.0,0.0,0.10525170726096475,0.10427304962006238,True,1.0,permissive_union,2.0,-0.08670556863320415,-0.2081035130230815,0.03469237575667315,-0.03402153155820689,2120042,,,,,,,
435,0.0,1.0,0.4409894527049854,0.6729711349557012,True,1.0,permissive_union,2.0,-0.03361648475848815,-0.19287331873955116,0.12564034922257483,-0.10742312894197681,2120042,,,,,,,
446,1.0,0.0,0.2790381570542702,0.16375999330593335,True,1.0,permissive_union,2.0,-0.0518985882666426,-0.2243514102260139,0.12055423369272866,-0.06432527410523083,2120042,,,,,,,
447,1.0,1.0,0.536835214889051,0.5503554221394807,True,1.0,permissive_union,2.0,-0.04873309479366563,-0.22286002524560503,0.12539383565827372,0.034144994760945346,2120042,,,,,,,
451,1.0,1.0,0.7690955084071955,0.6112206494377056,True,1.0,permissive_union,2.0,-0.0013461834089780757,-0.10218437086271316,0.099492004044757,-0.17663563846118313,2120042,,,,,,,
460,1.0,0.0,0.39094770965443404,0.27994469973743064,True,1.0,permissive_union,2.0,-0.015313538871844983,-0.18524658161082502,0.15461950386713505,-0.15089969081385596,2120042,,,,,,,
462,0.0,0.0,0.4757820881301206,0.3798226570352518,True,1.0,permissive_union,2.0,0.03053088195064258,-0.06698285494227685,0.128044618843562,-0.02877369342676961,2120042,,,,,,,
465,0.0,1.0,0.4312755600906261,0.6491876730428766,True,1.0,permissive_union,2.0,-0.02814841338024158,-0.17298906784367013,0.11669224108318696,-0.07352311822592295,2120042,,,,,,,
467,0.0,0.0,0.2562069965782711,0.26684038260745196,True,1.0,permissive_union,2.0,-0.028974664105577367,-0.1089506605150387,0.051001332303883956,0.18109530692018136,2120042,,,,,,,
468,1.0,0.0,0.44882293786932376,0.4590625162462623,True,1.0,permissive_union,2.0,-0.045869953507571753,-0.19705664783899832,0.10531674082385478,-0.36394341785118856,2120042,,,,,,,
474,0.0,0.0,0.4334979519869535,0.38280401600429703,True,1.0,permissive_union,2.0,0.01994039579161925,-0.14404777437240368,0.1839285659556421,0.27024214191256124,2120042,,,,,,,
478,1.0,0.0,0.5739982744039367,0.2947270948162633,True,1.0,permissive_union,2.0,-0.09320683411444611,-0.2618663853345583,0.07545271710566603,-0.14113139488284232,2120042,,,,,,,
481,0.0,1.0,0.5087083360409932,0.40825501741027925,True,1.0,permissive_union,2.0,-0.026061442246783306,-0.1675643128883426,0.11544142839477595,0.24256774419822325,2120042,,,,,,,
486,1.0,1.0,0.7441202307802978,0.6148549412893181,True,1.0,permissive_union,2.0,-0.059626387958866656,-0.28415545617500243,0.16490268025726906,-0.6892153014395378,2120042,,,,,,,
487,1.0,1.0,0.8467975192157075,0.5866738910251524,True,1.0,permissive_union,2.0,0.009185762294581887,-0.19498165875637485,0.2133531833455386,-0.028156691615068175,2120042,,,,,,,
498,0.0,0.0,0.3020648921646804,0.1979830251548477,True,1.0,permissive_union,2.0,-0.10077460960204532,-0.24197091568510987,0.040421696481019204,-0.1062618189134249,2120042,,,,,,,
503,0.0,0.0,0.3446948747805175,0.2658055219729751,True,1.0,permissive_union,2.0,-0.009452968921349586,-0.10785469810040811,0.08894876025770891,-0.16728505428348134,2120042,,,,,,,
507,1.0,1.0,0.8311033999506614,0.7945564212316646,True,1.0,permissive_union,2.0,-0.04966746255540305,-0.14350153951345457,0.04416661440264842,-0.030854928811506976,2120042,,,,,,,
508,0.0,0.0,0.5229332692489086,0.2601699446166555,True,1.0,permissive_union,2.0,-0.06877231845799706,-0.20288034663050825,0.06533570971451408,-0.05620972089686527,2120042,,,,,,,
514,1.0,1.0,0.8270038617254091,0.6943390637417084,True,1.0,permissive_union,2.0,-0.05582693102573459,-0.2050588632429718,0.09340500119150259,-0.061478120138046544,2120042,,,,,,,
526,0.0,0.0,0.15782593929996835,0.13044474411998602,True,1.0,permissive_union,2.0,0.006081377149055089,-0.09037937493335114,0.1025421292314613,0.020299231269924375,2120042,,,,,,,
528,1.0,1.0,0.6647472925894883,0.7352516088728809,True,1.0,permissive_union,2.0,-0.019327208745232843,-0.12783117590183163,0.08917675841136591,-0.3151680255715663,2120042,,,,,,,
532,1.0,0.0,0.5659465902283147,0.4305883970188177,True,1.0,permissive_union,2.0,-0.0674966557408233,-0.2465998330096152,0.11160652152796856,-0.5334643262344162,2120042,,,,,,,
534,0.0,1.0,0.6356185713393279,0.49570608184298615,True,1.0,permissive_union,2.0,0.07364896784426672,-0.13755968677853006,0.2848576224670635,0.13543398492073888,2120042,,,,,,,
535,0.0,0.0,0.6385549390569282,0.3491581541021244,True,1.0,permissive_union,2.0,0.0027430953434573026,-0.22850527983649152,0.23399147052340605,0.03704061610492676,2120042,,,,,,,
538,1.0,0.0,0.7165422603028302,0.5565385298635452,True,1.0,permissive_union,2.0,-0.0322111677286208,-0.1278092405738583,0.06338690511661668,-0.06212851278558973,2120042,,,,,,,
539,0.0,1.0,0.3919352408994978,0.39807883890515544,True,1.0,permissive_union,2.0,-0.06938376046174988,-0.20477485056493144,0.06600732964143166,-0.11126006308263126,2120042,,,,,,,
546,0.0,0.0,0.30246911548946265,0.1674140399970113,True,1.0,permissive_union,2.0,-0.08403257106677327,-0.29216851281752604,0.12410337068397949,-0.06620608679353736,2120042,,,,,,,
549,1.0,0.0,0.737809295603759,0.4018100071172399,True,1.0,permissive_union,2.0,-0.06650705139283966,-0.2005585831123099,0.06754448032663055,-0.22605679180368443,2120042,,,,,,,
550,0.0,0.0,0.22968620364065134,0.12507868829739605,True,1.0,permissive_union,2.0,-0.096933204689846,-0.1889849488438628,-0.0048814605358292185,-0.08381602753461014,2120042,,,,,,,
552,1.0,0.0,0.5131292585651384,0.19044531066663345,True,1.0,permissive_union,2.0,-0.040069217070396235,-0.16609375028851983,0.0859553161477273,0.08753892270289004,2120042,,,,,,,
559,1.0,0.0,0.6085123450001269,0.405681505096466,True,1.0,permissive_union,2.0,-0.07698271165045559,-0.1841035404074311,0.03013811710651991,-0.36576085048430995,2120042,,,,,,,
560,1.0,1.0,0.8655555287273489,0.6294406160354643,True,1.0,permissive_union,2.0,-0.020550653227403775,-0.16270283344110653,0.12160152698629896,-0.06469990771798673,2120042,,,,,,,
561,1.0,0.0,0.6004522932294956,0.25193874811218325,True,1.0,permissive_union,2.0,-0.05550579604370942,-0.2188867098237811,0.10787511773636224,-0.14847635272894044,2120042,,,,,,,
563,0.0,0.0,0.34977696900330585,0.3001244011940171,True,1.0,permissive_union,2.0,-0.0504641400125563,-0.24254859051095295,0.14162031048584028,0.08723419972137467,2120042,,,,,,,
568,1.0,1.0,0.8420165704415828,0.7241993149028411,True,1.0,permissive_union,2.0,-0.10029789648172202,-0.21357716014487513,0.012981367181431058,-0.11006768648138565,2120042,,,,,,,
569,0.0,1.0,0.6204165780663479,0.649966418468412,True,1.0,permissive_union,2.0,-0.08270553495387226,-0.26377969705523086,0.09836862714748631,-0.03506472883281053,2120042,,,,,,,
578,0.0,0.0,0.528449166106585,0.541129455632692,True,1.0,permissive_union,2.0,-0.051579993923942836,-0.18213584028184981,0.07897585243396413,-0.1661069213092291,2120042,,,,,,,
584,1.0,0.0,0.4835230499831929,0.6086690571475216,True,1.0,permissive_union,2.0,0.013517737494584806,-0.14040516551938742,0.16744064050855695,-0.18620539681394355,2120042,,,,,,,
588,1.0,1.0,0.6950874683394853,0.6067692377764136,True,1.0,permissive_union,2.0,0.02105595090659246,-0.14388652402614732,0.1859984258393322,0.05151712594740754,2120042,,,,,,,
594,0.0,1.0,0.3845124638174599,0.20204826370818607,True,1.0,permissive_union,2.0,-0.05345908126840384,-0.13695691739215532,0.030038754855347634,-0.1845762402931477,2120042,,,,,,,
599,0.0,1.0,0.5139276407168637,0.3069862927665871,True,1.0,permissive_union,2.0,-0.018063433390213907,-0.14203653374200179,0.10590966696157394,-0.017020805613165407,2120042,,,,,,,
603,1.0,1.0,0.8760250372770755,0.7245136388321798,True,1.0,permissive_union,2.0,-0.07039750987461495,-0.17596054103586373,0.035165521286633805,-0.4064471216929251,2120042,,,,,,,
606,0.0,1.0,0.21922940776003394,0.3608687382193187,True,1.0,permissive_union,2.0,-0.030099938132367863,-0.2508897498392278,0.190689873574492,-0.0810499975355446,2120042,,,,,,,
607,0.0,0.0,0.2306889141131686,0.41349980578355594,True,1.0,permissive_union,2.0,0.005460248316965113,-0.14553089406344882,0.15645139069737904,-0.20262165996000597,2120042,,,,,,,
609,0.0,1.0,0.2303519206028594,0.1661800464978828,True,1.0,permissive_union,2.0,0.008961772430399022,-0.14415699230119397,0.16208053716199197,-0.17815202596793825,2120042,,,,,,,
614,1.0,1.0,0.6467946600933504,0.454149402724382,True,1.0,permissive_union,2.0,-0.06594288879633506,-0.1756904595997219,0.043804682007051746,0.13800989485438941,2120042,,,,,,,
617,1.0,0.0,0.6802572666640975,0.691208308706228,True,1.0,permissive_union,2.0,-0.05957314785968078,-0.1519382292517873,0.032791933532425696,-0.32977963417948597,2120042,,,,,,,
621,1.0,1.0,0.627291255719527,0.643934722388693,True,1.0,permissive_union,2.0,-0.052061636334525735,-0.24850882517636494,0.1443855525073134,-0.10300534475910206,2120042,,,,,,,
626,1.0,0.0,0.474501537217078,0.16437460061425205,True,1.0,permissive_union,2.0,-0.02510935633400865,-0.1281925866565683,0.07797387398855098,-0.14734105843629364,2120042,,,,,,,
638,1.0,0.0,0.2748012559824055,0.1239220657092472,True,1.0,permissive_union,2.0,-0.04760793639151441,-0.17898294491785433,0.08376707213482547,-0.028967779075204383,2120042,,,,,,,
648,1.0,1.0,0.5446984576494674,0.4969151883647077,True,1.0,permissive_union,2.0,-0.0243611899865003,-0.15687757260895902,0.10815519263595838,0.22657797391420198,2120042,,,,,,,
651,1.0,0.0,0.7414638822974168,0.20735604282143721,True,1.0,permissive_union,2.0,-0.04854444634057953,-0.1347574969838065,0.037668604302647415,0.14285091672279376,2120042,,,,,,,
656,0.0,0.0,0.28204662460451924,0.4366149382471533,True,1.0,permissive_union,2.0,-0.04136322369673479,-0.15800455227711252,0.0752781048836429,0.008071797181922913,2120042,,,,,,,
662,0.0,0.0,0.6929571721037661,0.5688028871898342,True,1.0,permissive_union,2.0,0.01069035815611009,-0.07597675415820268,0.09735747047042284,0.12090442381375327,2120042,,,,,,,
663,1.0,1.0,0.6304851473044282,0.5835748670106308,True,1.0,permissive_union,2.0,-0.02565077463768423,-0.16529681723924655,0.11399526796387807,-0.0006267839972746714,2120042,,,,,,,
676,1.0,0.0,0.4599439184764482,0.29878782114157487,True,1.0,permissive_union,2.0,-0.0749267291857391,-0.22576711549207418,0.07591365712059593,0.288078314021742,2120042,,,,,,,
680,1.0,0.0,0.6829703748258147,0.11385594636738014,True,1.0,permissive_union,2.0,-0.006036479687657056,-0.0949857279339206,0.08291276855860648,-0.21676132704337042,2120042,,,,,,,
684,0.0,0.0,0.5697406984360188,0.19983185070397666,True,1.0,permissive_union,2.0,-0.02713237134480551,-0.1417603873431115,0.08749564465350045,-0.09365228131014089,2120042,,,,,,,
689,1.0,1.0,0.8868225930045658,0.8706173422583725,True,1.0,permissive_union,2.0,-0.040053075236990685,-0.17263711515201768,0.0925309646780363,0.028437736123359203,2120042,,,,,,,
707,1.0,0.0,0.3095601577041158,0.16574517487960455,True,1.0,permissive_union,2.0,-0.06385372353598903,-0.1563169596599478,0.028609512587969732,-0.18261274863827542,2120042,,,,,,,
708,0.0,0.0,0.38944180681518387,0.31109833854695346,True,1.0,permissive_union,2.0,-0.08455718053122141,-0.2777156713037844,0.10860131024134154,-0.3033594815556778,2120042,,,,,,,
712,0.0,0.0,0.22671743720630477,0.39916050095370287,True,1.0,permissive_union,2.0,-0.0027317164813901824,-0.15611794394216003,0.15065451097937962,0.20262182932038472,2120042,,,,,,,
713,0.0,1.0,0.4479973834356069,0.7899673126686212,True,1.0,permissive_union,2.0,-0.03709126152746276,-0.13969157937788107,0.0655090563229555,0.18351149860665072,2120042,,,,,,,
723,1.0,1.0,0.8791019779208326,0.6312407840166131,True,1.0,permissive_union,2.0,0.06222381523910225,-0.0707021078297051,0.19514973830790958,-0.013981278819158116,2120042,,,,,,,
735,1.0,1.0,0.7869431386479372,0.5368141960979033,True,1.0,permissive_union,2.0,0.03578666161852021,-0.04993663374248652,0.12150995697952693,0.2892291597635016,2120042,,,,,,,
739,0.0,1.0,0.16567925131260422,0.3625667250095327,True,1.0,permissive_union,2.0,-0.018683194486529393,-0.1159361488308357,0.0785697598577769,0.04653584065128688,2120042,,,,,,,
743,1.0,0.0,0.6338297786120288,0.6070901283292623,True,1.0,permissive_union,2.0,-0.04632206237326563,-0.17757844299016573,0.08493431824363443,-0.3588049137290085,2120042,,,,,,,
744,0.0,0.0,0.2696157041235064,0.15264458849958287,True,1.0,permissive_union,2.0,-0.02423756929670694,-0.1591955270245866,0.1107203884311727,0.00043827428651807554,2120042,,,,,,,
752,1.0,0.0,0.6647472925894883,0.7208329462562315,True,1.0,permissive_union,2.0,-0.0006806098355981072,-0.12591767765977108,0.12455645798857483,-0.048624029853681416,2120042,,,,,,,
760,1.0,1.0,0.7134555858731084,0.792566241366111,True,1.0,permissive_union,2.0,-0.10630216153181345,-0.2211371200392674,0.008532796975640494,-0.1049719012824385,2120042,,,,,,,
773,1.0,1.0,0.8386940353384825,0.852870223315683,True,1.0,permissive_union,2.0,0.04301447443968207,-0.1049309815840978,0.1909599304634619,-0.05078761983714952,2120042,,,,,,,
776,0.0,0.0,0.3345234242308092,0.20533773166060534,True,1.0,permissive_union,2.0,-0.030470762559091383,-0.146593339953083,0.08565181483490018,0.11215936655437345,2120042,,,,,,,
779,0.0,0.0,0.3257453007133764,0.22754313436062862,True,1.0,permissive_union,2.0,-0.013945645139660278,-0.1035611455315035,0.07566985525218294,0.2102850669914252,2120042,,,,,,,
781,1.0,1.0,0.6832939038423603,0.63754694937672,True,1.0,permissive_union,2.0,-0.018255977938008434,-0.14762163799932862,0.11110968212331171,0.031273744586730046,2120042,,,,,,,
782,1.0,0.0,0.7648701537663227,0.4641424883295498,True,1.0,permissive_union,2.0,-0.015418297897496273,-0.20990393692348933,0.17906734112849676,-0.27881971225762575,2120042,,,,,,,
783,0.0,0.0,0.12172989379204215,0.3168675055683017,True,1.0,permissive_union,2.0,0.019708618974124084,-0.18382857170612782,0.22324580965437596,0.11768093960974968,2120042,,,,,,,
798,1.0,1.0,0.5742961575804171,0.7338549270059888,True,1.0,permissive_union,2.0,-0.023826926671275696,-0.11677914665620087,0.06912529331364946,-0.012829595656138837,2120042,,,,,,,
822,0.0,0.0,0.7417980053932205,0.6367950734915155,True,1.0,permissive_union,2.0,0.10001950833791347,-0.018663967320773092,0.2187029839966,0.15687867128973654,2120042,,,,,,,
827,0.0,1.0,0.264977865904604,0.5063020143310597,True,1.0,permissive_union,2.0,-0.10919454775128092,-0.232872228592227,0.014483133089665146,-0.47170840662307595,2120042,,,,,,,
839,0.0,0.0,0.4808888128545494,0.1562570180525887,True,1.0,permissive_union,2.0,-0.053527049471178804,-0.24429299818563793,0.13723889924328025,-0.082870305049013,2120042,,,,,,,
845,1.0,1.0,0.7067711150558171,0.505484558588421,True,1.0,permissive_union,2.0,0.01807032541455162,-0.0986121273493816,0.13475277817848483,-0.054967122143437575,2120042,,,,,,,
848,0.0,0.0,0.1666158023279128,0.2015602546752192,True,1.0,permissive_union,2.0,-0.024957452877836957,-0.15081926252344877,0.10090435676777482,0.0857810802170664,2120042,,,,,,,
859,1.0,1.0,0.6849906428774399,0.6769103292049636,True,1.0,permissive_union,2.0,-0.01699019389387832,-0.10232208517882009,0.06834169739106342,0.10091643251497262,2120042,,,,,,,
868,1.0,0.0,0.3082583807209731,0.1535068027524439,True,1.0,permissive_union,2.0,-0.08067979147244649,-0.22065331645186492,0.05929373350697191,-0.03768758335333155,2120042,,,,,,,
875,1.0,1.0,0.25333963387393715,0.20708796308982624,True,1.0,permissive_union,2.0,0.07838343390429077,-0.07742791838203932,0.23419478619062084,0.2750351541256375,2120042,,,,,,,
892,0.0,0.0,0.6313698695873204,0.23382463068565157,True,1.0,permissive_union,2.0,-0.026722799821453112,-0.168473135371695,0.11502753572878874,-0.4218944972490402,2120042,,,,,,,
893,0.0,1.0,0.45589257876268896,0.39302832109664,True,1.0,permissive_union,2.0,-0.06591944849458259,-0.18997759521282542,0.05813869822366023,-0.13899119129057289,2120042,,,,,,,
898,1.0,1.0,0.49462645872228006,0.3547315126470555,True,1.0,permissive_union,2.0,-0.01750931337277677,-0.1375943033576173,0.10257567661206374,0.11489019733853345,2120042,,,,,,,
908,1.0,1.0,0.59795154629418,0.5465323047791424,True,1.0,permissive_union,2.0,-0.05715454280426231,-0.17555540286660234,0.06124631725807769,0.2700079153490359,2120042,,,,,,,
913,0.0,0.0,0.4590740424682504,0.15303561997525103,True,1.0,permissive_union,2.0,0.017606293573518027,-0.19640593986536609,0.23161852701240213,0.5763362625455206,2120042,,,,,,,
915,1.0,1.0,0.8444617337210738,0.7902472579186703,True,1.0,permissive_union,2.0,0.009299751414612163,-0.125017296531762,0.1436167993609863,-0.10460704553612188,2120042,,,,,,,
924,0.0,1.0,0.11064807383603614,0.35875496457481376,True,1.0,permissive_union,2.0,-0.04028770225742753,-0.1821691238670359,0.10159371935218081,-0.03518580558050255,2120042,,,,,,,
929,1.0,0.0,0.6634216252210545,0.5571596280328351,True,1.0,permissive_union,2.0,-0.015133459563156594,-0.1008651404290296,0.0705982213027164,-0.2246108655442407,2120042,,,,,,,
934,0.0,0.0,0.17588820990102041,0.1479102128392838,True,1.0,permissive_union,2.0,-0.05564099745332622,-0.24025095712491173,0.1289689622182592,-0.17923562100166213,2120042,,,,,,,
955,1.0,1.0,0.7279935351733413,0.7193079523925068,True,1.0,permissive_union,2.0,-0.059644992201171795,-0.23448560147757758,0.11519561707523394,-0.4074361291328243,2120042,,,,,,,
960,1.0,1.0,0.516353381546526,0.48744897008899524,True,1.0,permissive_union,2.0,0.029154234029435174,-0.12452807653977435,0.18283654459864468,0.30302428580824725,2120042,,,,,,,
961,0.0,1.0,0.5952214322323915,0.2839526673389449,True,1.0,permissive_union,2.0,-0.022227418133225724,-0.11834839002430149,0.07389355375785003,-0.17386110854674186,2120042,,,,,,,
967,0.0,0.0,0.7111062328377343,0.6026371727046967,True,1.0,permissive_union,2.0,-0.0451708470049005,-0.16725099397727583,0.07690929996747481,0.11315424130412288,2120042,,,,,,,
976,0.0,0.0,0.22296580907529134,0.08518100874594803,True,1.0,permissive_union,2.0,-0.05963258775396976,-0.14808656401724396,0.028821388509304435,-0.10435438224184548,2120042,,,,,,,
977,1.0,0.0,0.8795089744048036,0.5493546289655924,True,1.0,permissive_union,2.0,-0.015112297188260378,-0.10582296313900832,0.07559836876248756,0.2172265382051104,2120042,,,,,,,
980,1.0,1.0,0.7845093011134376,0.5285083827381312,True,1.0,permissive_union,2.0,-0.0629704424500804,-0.17494757148962706,0.04900668658946622,-0.1328309937568829,2120042,,,,,,,
986,1.0,0.0,0.6842931095653495,0.4407593834478375,True,1.0,permissive_union,2.0,-0.01323819228203701,-0.15332395126083653,0.12684756669676248,-0.21930664730454208,2120042,,,,,,,
987,0.0,0.0,0.4937146818591577,0.41011618555896223,True,1.0,permissive_union,2.0,-0.029997714539931906,-0.18031023340039234,0.12031480432052849,0.16537846499403014,2120042,,,,,,,
989,0.0,0.0,0.502114524477848,0.4557268144672463,True,1.0,permissive_union,2.0,-0.06658596038930016,-0.17646418286186452,0.04329226208326417,-0.22553091570484401,2120042,,,,,,,
5,1.0,1.0,0.6377114402121038,0.34254974755376194,True,1.0,all_candidates,2.0,-0.006421278063153499,-0.15081132274823578,0.13796876662192875,0.29544125881310984,2120042,,,,,,,
12,0.0,1.0,0.40864594703941975,0.30002689738786964,True,1.0,all_candidates,2.0,0.004592184327684105,-0.1416722591960657,0.15085662785143386,-0.1020346687031714,2120042,,,,,,,
15,1.0,0.0,0.5202019068490832,0.11807387106554294,True,1.0,all_candidates,2.0,-0.07054040108527292,-0.1779861352980675,0.036905333127521645,-0.003080297422145953,2120042,,,,,,,
30,0.0,0.0,0.5746897562690604,0.24295906763714584,True,1.0,all_candidates,2.0,-0.026860486230030955,-0.11375972714000811,0.06003875467994618,-0.15824629257148742,2120042,,,,,,,
39,1.0,0.0,0.6048933776872666,0.3441516064005722,True,1.0,all_candidates,2.0,-0.028654214808241464,-0.22819216434530062,0.17088373472881765,-0.0787740414269622,2120042,,,,,,,
40,0.0,0.0,0.3543801765148926,0.35057432062020416,True,1.0,all_candidates,2.0,-0.02839217967891571,-0.15783928865144237,0.10105492929361092,0.060474988513839145,2120042,,,,,,,
43,1.0,0.0,0.7309350546172592,0.38618933830050256,True,1.0,all_candidates,2.0,-0.05381158658780595,-0.20668145373743835,0.09905828056182643,-0.19702180525731344,2120042,,,,,,,
45,0.0,0.0,0.2877857978025763,0.3689753372039217,True,1.0,all_candidates,2.0,-0.009985557303961798,-0.23065200760157278,0.21068089299364912,0.13139903885494988,2120042,,,,,,,
48,1.0,1.0,0.4640558918721573,0.5888245392655549,True,1.0,all_candidates,2.0,-0.07316618166049606,-0.19598262348349577,0.04965026016250361,-0.02351093248221392,2120042,,,,,,,
63,1.0,0.0,0.493740643635318,0.20164355626544486,True,1.0,all_candidates,2.0,-0.0359838945811961,-0.20241542387779196,0.13044763471539972,-0.08061850681857732,2120042,,,,,,,
67,1.0,1.0,0.4135078007326209,0.532633707078535,True,1.0,all_candidates,2.0,-0.063733537065835,-0.21803506562440683,0.0905679914927368,-0.4040936263411786,2120042,,,,,,,
69,0.0,0.0,0.46600337273861786,0.48630868982475617,True,1.0,all_candidates,2.0,-0.03715702207285586,-0.1770286729522635,0.10271462880655173,-0.2535047085663173,2120042,,,,,,,
72,1.0,0.0,0.5908011295185976,0.3649110295452353,True,1.0,all_candidates,2.0,-0.06304682061342629,-0.2255160762044828,0.0994224349776302,0.03393963416448598,2120042,,,,,,,
75,1.0,0.0,0.8971971121686327,0.590906090484836,True,1.0,all_candidates,2.0,0.03876207635967381,-0.059312254515057575,0.13683640723440518,-0.21905044290968123,2120042,,,,,,,
93,0.0,1.0,0.23435593073816172,0.3708737195266814,True,1.0,all_candidates,2.0,-0.05102492879580022,-0.18864367902140441,0.0865938214298039,-0.24763340158643393,2120042,,,,,,,
115,0.0,0.0,0.417662784829503,0.3560754401295836,True,1.0,all_candidates,2.0,0.00570217085747389,-0.09766997295621808,0.10907431467116584,-0.036066766855671034,2120042,,,,,,,
116,0.0,1.0,0.2300810466125331,0.24524587329350514,True,1.0,all_candidates,2.0,-0.06757580548890262,-0.17301208531324705,0.03786047433544179,-0.014342061446469406,2120042,,,,,,,
121,1.0,0.0,0.829551555662928,0.5644650903605791,True,1.0,all_candidates,2.0,0.023415434760308745,-0.11686450153410688,0.16369537105472434,-0.578150415838105,2120042,,,,,,,
122,1.0,0.0,0.6628130336914178,0.16757719199669627,True,1.0,all_candidates,2.0,-0.0390029518305197,-0.12876735431162778,0.05076145065058835,-0.1662835077113541,2120042,,,,,,,
123,0.0,1.0,0.39744562120923743,0.39243083175848403,True,1.0,all_candidates,2.0,-0.024196917520252426,-0.17422860874773521,0.1258347737072303,0.03246765507545743,2120042,,,,,,,
126,0.0,0.0,0.2904388139791195,0.3909132072928165,True,1.0,all_candidates,2.0,-0.06980420017551209,-0.1947544383277348,0.055146037976710596,-0.3010231687743369,2120042,,,,,,,
130,0.0,0.0,0.26863216138852986,0.21849460988274513,True,1.0,all_candidates,2.0,-0.027826277770249094,-0.10101387441202618,0.04536131887152797,0.006309753656425152,2120042,,,,,,,
137,0.0,0.0,0.19104229057139868,0.136704195001431,True,1.0,all_candidates,2.0,-0.04363595645860061,-0.16712161413742557,0.0798497012202243,-0.035394603233024145,2120042,,,,,,,
145,1.0,0.0,0.4660143956373304,0.44212132263226617,True,1.0,all_candidates,2.0,-0.010391942169641882,-0.11288969553048755,0.09210581119120376,-0.33769143797714973,2120042,,,,,,,
151,0.0,1.0,0.5191771574449675,0.4662585530143542,True,1.0,all_candidates,2.0,0.043072632203544965,-0.12411918114978243,0.21026444555687232,-0.31487008056515453,2120042,,,,,,,
162,0.0,0.0,0.5856731783723788,0.5989655969474362,True,1.0,all_candidates,2.0,-0.030996129151163152,-0.13769878964341192,0.0757065313410856,-0.1770906937214045,2120042,,,,,,,
167,0.0,1.0,0.6272436550256896,0.707639467658466,True,1.0,all_candidates,2.0,-0.014498880432331177,-0.15327113448485002,0.12427337362018763,0.060419762402974864,2120042,,,,,,,
169,1.0,1.0,0.718421807752594,0.8744463758885973,True,1.0,all_candidates,2.0,-0.03205520629553834,-0.1393890603240684,0.0752786477329917,-0.059438745764093026,2120042,,,,,,,
180,1.0,1.0,0.8672668628184429,0.5657293381904667,True,1.0,all_candidates,2.0,-0.06850461993042099,-0.30240913583541684,0.16539989597457477,0.07214620573564456,2120042,,,,,,,
186,1.0,0.0,0.5911390146431826,0.5179879989770028,True,1.0,all_candidates,2.0,-0.04087525765416638,-0.1548724584885982,0.07312194318026544,-0.34838730337294177,2120042,,,,,,,
193,0.0,0.0,0.40023106047420476,0.1550758670471376,True,1.0,all_candidates,2.0,-0.03609120039870825,-0.18115693548862002,0.1089745346912035,-0.07790570380726344,2120042,,,,,,,
196,0.0,0.0,0.4779684453454312,0.4063942925546509,True,1.0,all_candidates,2.0,0.013212678671256096,-0.08378505287587235,0.11021041021838451,0.18500422317417548,2120042,,,,,,,
198,0.0,0.0,0.14587366590344183,0.3168318250125152,True,1.0,all_candidates,2.0,-0.023386519854485494,-0.12390064012694531,0.0771276004179743,-0.09796041668062988,2120042,,,,,,,
205,1.0,1.0,0.889667935890094,0.4157414662695457,True,1.0,all_candidates,2.0,-0.029957690611609182,-0.17870589149584118,0.11879051027262277,0.10039000345163385,2120042,,,,,,,
208,1.0,1.0,0.37917397054309765,0.6227098092939151,True,1.0,all_candidates,2.0,-0.00361774213481399,-0.15702526584222676,0.14978978157259873,-0.38364186382161225,2120042,,,,,,,
211,0.0,0.0,0.231401125726331,0.22905857404779453,True,1.0,all_candidates,2.0,0.0016542696848928006,-0.11897946227847188,0.12228800164825744,0.039362356322426656,2120042,,,,,,,
229,0.0,0.0,0.35491053100236486,0.18642819332391197,True,1.0,all_candidates,2.0,0.009492139643710295,-0.07295765926880021,0.09194193855622078,-0.0181111175885878,2120042,,,,,,,
237,0.0,1.0,0.3187585270756577,0.6861105920384603,True,1.0,all_candidates,2.0,-0.07389714862278907,-0.2355403889367891,0.08774609169121095,0.014677238537030401,2120042,,,,,,,
241,1.0,0.0,0.33880276994038705,0.4470269612145222,True,1.0,all_candidates,2.0,-0.01003656110778059,-0.12873172586764242,0.1086586036520812,-0.2359562924134932,2120042,,,,,,,
250,1.0,1.0,0.8428866494274864,0.703627059039757,True,1.0,all_candidates,2.0,-0.03852299696075211,-0.2988178709910293,0.221771877069525,-0.14381661120733635,2120042,,,,,,,
254,0.0,1.0,0.20839292854203073,0.24099446092279211,True,1.0,all_candidates,2.0,-0.0295110900469064,-0.18034654371940761,0.12132436362559477,0.11029612787953566,2120042,,,,,,,
261,0.0,0.0,0.25783316789758004,0.1812073244799295,True,1.0,all_candidates,2.0,-0.021853212635341547,-0.23527865700617598,0.19157223173549284,0.31285754382566056,2120042,,,,,,,
264,1.0,1.0,0.5133701154893368,0.5783417591739412,True,1.0,all_candidates,2.0,0.0033771692529910046,-0.12132885217215957,0.12808319067814156,0.10130985419071503,2120042,,,,,,,
265,0.0,0.0,0.4673440107611287,0.3563794093146026,True,1.0,all_candidates,2.0,-0.05437360630126686,-0.17312591557348714,0.06437870297095341,-0.19966649402570194,2120042,,,,,,,
270,0.0,0.0,0.34874073775724557,0.20171397701955088,True,1.0,all_candidates,2.0,-0.018623295907900905,-0.1123595244105452,0.07511293259474336,-0.05981133747776573,2120042,,,,,,,
271,1.0,0.0,0.8208015211662028,0.8654343342544495,True,1.0,all_candidates,2.0,-0.015589762724120344,-0.11162371793808845,0.08044419248984776,-0.027407061388611043,2120042,,,,,,,
277,1.0,1.0,0.8458274757149049,0.5796784555469318,True,1.0,all_candidates,2.0,0.003018609911072126,-0.10217271405365877,0.10820993387580301,0.19707323380293573,2120042,,,,,,,
282,0.0,0.0,0.4968539889905682,0.48950108386632263,True,1.0,all_candidates,2.0,-0.03630781114853454,-0.15838557337773213,0.08576995108066301,0.2904593735133494,2120042,,,,,,,
284,0.0,1.0,0.26169668314489575,0.48044735559495144,True,1.0,all_candidates,2.0,0.027744329759806306,-0.17523554429886243,0.23072420381847503,0.18518688543613304,2120042,,,,,,,
288,1.0,0.0,0.7511605014707504,0.5824804714021297,True,1.0,all_candidates,2.0,-0.022421639446332867,-0.1519107379023491,0.1070674590096833,0.004640120746827181,2120042,,,,,,,
294,1.0,1.0,0.8164796270017057,0.49031264913350026,True,1.0,all_candidates,2.0,-0.011590024274554783,-0.1538432766693698,0.13066322812026024,-0.34951026332690505,2120042,,,,,,,
318,0.0,0.0,0.6636540076542939,0.5705544669325786,True,1.0,all_candidates,2.0,-0.010274626103497367,-0.11880937964099456,0.09826012743399978,-0.20199985734703257,2120042,,,,,,,
319,1.0,1.0,0.8930296774091446,0.7555478412559756,True,1.0,all_candidates,2.0,-0.024575266632241702,-0.1267442793024,0.07759374603791658,0.04278373950332526,2120042,,,,,,,
328,0.0,1.0,0.39432924248177276,0.18948303187203663,True,1.0,all_candidates,2.0,0.013263304776339843,-0.07172686422391995,0.09825347377659961,0.10327243996857394,2120042,,,,,,,
334,0.0,0.0,0.32003853805723764,0.2875355167491368,True,1.0,all_candidates,2.0,-0.05754382923889749,-0.139976831805473,0.024889173327677996,-0.1484375342195409,2120042,,,,,,,
339,0.0,1.0,0.6907306329755005,0.5644583916735121,True,1.0,all_candidates,2.0,-0.01796150290008506,-0.2102946707788726,0.17437166497870243,-0.04096418254395162,2120042,,,,,,,
343,1.0,1.0,0.7122793784860058,0.5155210187085154,True,1.0,all_candidates,2.0,-0.04485165372963639,-0.1587264650257334,0.06902315756646057,-0.252500407706424,2120042,,,,,,,
346,0.0,0.0,0.4668878241550569,0.33951763988107997,True,1.0,all_candidates,2.0,-0.010349579274459031,-0.19821851773224666,0.17751935918332853,0.021257549177203516,2120042,,,,,,,
347,0.0,1.0,0.20263826870260368,0.2637419376444213,True,1.0,all_candidates,2.0,-0.04394255792745222,-0.167447448860286,0.07956233300538156,0.0718545920669893,2120042,,,,,,,
349,0.0,1.0,0.7980010545149436,0.6771543356924604,True,1.0,all_candidates,2.0,-0.034750745963123844,-0.18429540276430745,0.11479391083805969,0.03268878550218324,2120042,,,,,,,
354,1.0,0.0,0.532805219686784,0.2924577715670299,True,1.0,all_candidates,2.0,-0.00877506962389136,-0.11290648821815089,0.09535634897036813,-0.14297135067526034,2120042,,,,,,,
357,1.0,1.0,0.6408274001124588,0.2999253159315922,True,1.0,all_candidates,2.0,-0.02235871458629378,-0.19551650013865873,0.15079907096607115,0.1013446835796018,2120042,,,,,,,
360,1.0,0.0,0.3477877504865826,0.3387807653978252,True,1.0,all_candidates,2.0,-0.008101513105969778,-0.1522541815306919,0.13605115531875234,-0.20995476861796994,2120042,,,,,,,
361,0.0,0.0,0.29661108176182654,0.23059339157774011,True,1.0,all_candidates,2.0,0.006826703198417064,-0.1521373354989463,0.1657907418957804,-0.0406445885166562,2120042,,,,,,,
365,1.0,0.0,0.6049751553904226,0.2863717839207137,True,1.0,all_candidates,2.0,-0.06579784373019076,-0.14012333307379693,0.008527645613415374,-0.3344524588585174,2120042,,,,,,,
368,1.0,0.0,0.6849883638981021,0.32733973117530735,True,1.0,all_candidates,2.0,0.0006472298609180446,-0.15418701927590833,0.15548147899774442,-0.05427466854280549,2120042,,,,,,,
370,1.0,0.0,0.19790340240759838,0.10800260009836761,True,1.0,all_candidates,2.0,-0.03219261658934422,-0.16397389504347987,0.0995886618647914,-0.11224918810400103,2120042,,,,,,,
380,0.0,1.0,0.7471666727680591,0.4674264398886901,True,1.0,all_candidates,2.0,0.006311306265511582,-0.20804189544124754,0.22066450797227063,-0.4595323870462047,2120042,,,,,,,
384,1.0,1.0,0.6900728481780237,0.5112597274821526,True,1.0,all_candidates,2.0,-0.008063591827772141,-0.15616197686900418,0.14003479321345988,0.0703099140074529,2120042,,,,,,,
392,1.0,1.0,0.7956043945971023,0.7308406047876336,True,1.0,all_candidates,2.0,-0.04963287720466366,-0.20005344984206833,0.10078769543274096,0.0859568948245617,2120042,,,,,,,
398,0.0,1.0,0.3206138626697417,0.45685223927714724,True,1.0,all_candidates,2.0,0.0068760339938615375,-0.12647386675494315,0.14022593474266618,-0.3498504475078327,2120042,,,,,,,
409,0.0,0.0,0.18337791691798333,0.4439000770292082,True,1.0,all_candidates,2.0,-0.03081860926188124,-0.21355351612275578,0.15191629759899328,0.14554265152238055,2120042,,,,,,,
422,1.0,1.0,0.4374280553015159,0.34871246199525907,True,1.0,all_candidates,2.0,0.026068148161697884,-0.13054390257839296,0.18268019890178872,0.04875396248008518,2120042,,,,,,,
424,1.0,0.0,0.6770097302582416,0.7052642761137701,True,1.0,all_candidates,2.0,-0.0827422407488461,-0.18644768130559436,0.020963199807902108,-0.411950972386599,2120042,,,,,,,
431,1.0,1.0,0.4372491262168222,0.6279412483546116,True,1.0,all_candidates,2.0,-0.05566141140147789,-0.16363363299642197,0.05231081019346616,-0.32665406706368566,2120042,,,,,,,
433,0.0,0.0,0.10525170726096475,0.10427304962006238,True,1.0,all_candidates,2.0,-0.07576357792869359,-0.16283303771487667,0.011305881857489472,-0.03402153155820689,2120042,,,,,,,
435,0.0,1.0,0.4409894527049854,0.6729711349557012,True,1.0,all_candidates,2.0,-0.04859847933810087,-0.1597799556836072,0.06258299700740545,-0.10742312894197681,2120042,,,,,,,
446,1.0,0.0,0.2790381570542702,0.16375999330593335,True,1.0,all_candidates,2.0,-0.008437217559727837,-0.17660275743901002,0.15972832231955428,-0.06432527410523083,2120042,,,,,,,
447,1.0,1.0,0.536835214889051,0.5503554221394807,True,1.0,all_candidates,2.0,0.0004645101412268825,-0.08516132653457789,0.08609034681703162,0.034144994760945346,2120042,,,,,,,
451,1.0,1.0,0.7690955084071955,0.6112206494377056,True,1.0,all_candidates,2.0,0.015535382012023103,-0.08138713924283858,0.11245790326688478,-0.17663563846118313,2120042,,,,,,,
460,1.0,0.0,0.39094770965443404,0.27994469973743064,True,1.0,all_candidates,2.0,-0.002893263155339287,-0.17575274478517813,0.16996621847449955,-0.15089969081385596,2120042,,,,,,,
462,0.0,0.0,0.4757820881301206,0.3798226570352518,True,1.0,all_candidates,2.0,-0.011174964628919475,-0.1559658704927372,0.1336159412348982,-0.02877369342676961,2120042,,,,,,,
465,0.0,1.0,0.4312755600906261,0.6491876730428766,True,1.0,all_candidates,2.0,-0.0402475726783966,-0.13436507516202223,0.053869929805229005,-0.07352311822592295,2120042,,,,,,,
467,0.0,0.0,0.2562069965782711,0.26684038260745196,True,1.0,all_candidates,2.0,-0.04340864411473348,-0.14523347717574892,0.058416188946281936,0.18109530692018136,2120042,,,,,,,
468,1.0,0.0,0.44882293786932376,0.4590625162462623,True,1.0,all_candidates,2.0,-0.032786184704575075,-0.15987450144804338,0.09430213203889322,-0.36394341785118856,2120042,,,,,,,
474,0.0,0.0,0.4334979519869535,0.38280401600429703,True,1.0,all_candidates,2.0,-0.018857473308687464,-0.11035782939549589,0.07264288277812093,0.27024214191256124,2120042,,,,,,,
478,1.0,0.0,0.5739982744039367,0.2947270948162633,True,1.0,all_candidates,2.0,-0.02538703686342955,-0.15777685299875938,0.10700277927190024,-0.14113139488284232,2120042,,,,,,,
481,0.0,1.0,0.5087083360409932,0.40825501741027925,True,1.0,all_candidates,2.0,-0.027756558521960743,-0.12529570335822496,0.06978258631430345,0.24256774419822325,2120042,,,,,,,
486,1.0,1.0,0.7441202307802978,0.6148549412893181,True,1.0,all_candidates,2.0,-0.047608821149891394,-0.149034797363366,0.05381715506358318,-0.6892153014395378,2120042,,,,,,,
487,1.0,1.0,0.8467975192157075,0.5866738910251524,True,1.0,all_candidates,2.0,-0.03971304553015405,-0.20004926228134917,0.12062317122104103,-0.028156691615068175,2120042,,,,,,,
498,0.0,0.0,0.3020648921646804,0.1979830251548477,True,1.0,all_candidates,2.0,-0.03574877814035429,-0.1993009889745857,0.12780343269387706,-0.1062618189134249,2120042,,,,,,,
503,0.0,0.0,0.3446948747805175,0.2658055219729751,True,1.0,all_candidates,2.0,-0.01601288810879467,-0.14341408100504185,0.11138830478745246,-0.16728505428348134,2120042,,,,,,,
507,1.0,1.0,0.8311033999506614,0.7945564212316646,True,1.0,all_candidates,2.0,-0.03698288198698671,-0.22596656919766953,0.15200080522369608,-0.030854928811506976,2120042,,,,,,,
508,0.0,0.0,0.5229332692489086,0.2601699446166555,True,1.0,all_candidates,2.0,-0.026060644869552646,-0.17677983459195157,0.12465854485284625,-0.05620972089686527,2120042,,,,,,,
514,1.0,1.0,0.8270038617254091,0.6943390637417084,True,1.0,all_candidates,2.0,-0.025662981461126468,-0.16945480798419368,0.11812884506194071,-0.061478120138046544,2120042,,,,,,,
526,0.0,0.0,0.15782593929996835,0.13044474411998602,True,1.0,all_candidates,2.0,0.007115802509921652,-0.14473378163352754,0.15896538665337084,0.020299231269924375,2120042,,,,,,,
528,1.0,1.0,0.6647472925894883,0.7352516088728809,True,1.0,all_candidates,2.0,0.030262702587378433,-0.09957480392825424,0.16010020910301107,-0.3151680255715663,2120042,,,,,,,
532,1.0,0.0,0.5659465902283147,0.4305883970188177,True,1.0,all_candidates,2.0,-0.009300164836477845,-0.18181607754806345,0.16321574787510773,-0.5334643262344162,2120042,,,,,,,
534,0.0,1.0,0.6356185713393279,0.49570608184298615,True,1.0,all_candidates,2.0,-0.0010282159942345257,-0.1302957446132801,0.128239312624811,0.13543398492073888,2120042,,,,,,,
535,0.0,0.0,0.6385549390569282,0.3491581541021244,True,1.0,all_candidates,2.0,-0.0037432555612359757,-0.12224792992207226,0.11476141879960028,0.03704061610492676,2120042,,,,,,,
538,1.0,0.0,0.7165422603028302,0.5565385298635452,True,1.0,all_candidates,2.0,-0.015009848557129349,-0.11588657804770845,0.08586688093344974,-0.06212851278558973,2120042,,,,,,,
539,0.0,1.0,0.3919352408994978,0.39807883890515544,True,1.0,all_candidates,2.0,-0.009306780655942697,-0.21811458699509573,0.19950102568321026,-0.11126006308263126,2120042,,,,,,,
546,0.0,0.0,0.30246911548946265,0.1674140399970113,True,1.0,all_candidates,2.0,-0.043560971573522886,-0.1691741119020494,0.08205216875500358,-0.06620608679353736,2120042,,,,,,,
549,1.0,0.0,0.737809295603759,0.4018100071172399,True,1.0,all_candidates,2.0,-0.03519534270549518,-0.15718890642153577,0.08679822101054538,-0.22605679180368443,2120042,,,,,,,
550,0.0,0.0,0.22968620364065134,0.12507868829739605,True,1.0,all_candidates,2.0,-0.07425746667867272,-0.22022376035739688,0.0717088270000514,-0.08381602753461014,2120042,,,,,,,
552,1.0,0.0,0.5131292585651384,0.19044531066663345,True,1.0,all_candidates,2.0,-0.04375211861878965,-0.22424889147072236,0.13674465423314297,0.08753892270289004,2120042,,,,,,,
559,1.0,0.0,0.6085123450001269,0.405681505096466,True,1.0,all_candidates,2.0,-0.060683559976269674,-0.14101042910928502,0.019643309156745642,-0.36576085048430995,2120042,,,,,,,
560,1.0,1.0,0.8655555287273489,0.6294406160354643,True,1.0,all_candidates,2.0,0.0009273709159098771,-0.20976634597353508,0.2116210878053548,-0.06469990771798673,2120042,,,,,,,
561,1.0,0.0,0.6004522932294956,0.25193874811218325,True,1.0,all_candidates,2.0,-0.027095299687487702,-0.1376279646813704,0.08343736530639495,-0.14847635272894044,2120042,,,,,,,
563,0.0,0.0,0.34977696900330585,0.3001244011940171,True,1.0,all_candidates,2.0,-0.025833411040510543,-0.18022029977433507,0.12855347769331396,0.08723419972137467,2120042,,,,,,,
568,1.0,1.0,0.8420165704415828,0.7241993149028411,True,1.0,all_candidates,2.0,-0.06736409287245876,-0.16738605411430957,0.03265786836939204,-0.11006768648138565,2120042,,,,,,,
569,0.0,1.0,0.6204165780663479,0.649966418468412,True,1.0,all_candidates,2.0,-0.015066771360113619,-0.17950716365213132,0.14937362093190404,-0.03506472883281053,2120042,,,,,,,
578,0.0,0.0,0.528449166106585,0.541129455632692,True,1.0,all_candidates,2.0,-0.029314278984488778,-0.15020340719503175,0.09157484922605418,-0.1661069213092291,2120042,,,,,,,
584,1.0,0.0,0.4835230499831929,0.6086690571475216,True,1.0,all_candidates,2.0,0.011619649084474961,-0.08101835093572056,0.10425764910467047,-0.18620539681394355,2120042,,,,,,,
588,1.0,1.0,0.6950874683394853,0.6067692377764136,True,1.0,all_candidates,2.0,-0.017941999680403616,-0.15852957353692762,0.12264557417612038,0.05151712594740754,2120042,,,,,,,
594,0.0,1.0,0.3845124638174599,0.20204826370818607,True,1.0,all_candidates,2.0,-0.025636634311264526,-0.14382380431836939,0.09255053569584029,-0.1845762402931477,2120042,,,,,,,
599,0.0,1.0,0.5139276407168637,0.3069862927665871,True,1.0,all_candidates,2.0,0.004083152804835023,-0.10633538270697415,0.11450168831664417,-0.017020805613165407,2120042,,,,,,,
603,1.0,1.0,0.8760250372770755,0.7245136388321798,True,1.0,all_candidates,2.0,-0.04678442102187788,-0.22750373791616785,0.13393489587241203,-0.4064471216929251,2120042,,,,,,,
606,0.0,1.0,0.21922940776003394,0.3608687382193187,True,1.0,all_candidates,2.0,-0.06181406777695843,-0.15197377651608887,0.028345640962172,-0.0810499975355446,2120042,,,,,,,
607,0.0,0.0,0.2306889141131686,0.41349980578355594,True,1.0,all_candidates,2.0,-0.009737744049566472,-0.20260624484415146,0.18313075674501844,-0.20262165996000597,2120042,,,,,,,
609,0.0,1.0,0.2303519206028594,0.1661800464978828,True,1.0,all_candidates,2.0,-0.022177360123500075,-0.1718221266696579,0.12746740642265772,-0.17815202596793825,2120042,,,,,,,
614,1.0,1.0,0.6467946600933504,0.454149402724382,True,1.0,all_candidates,2.0,-0.011569919189137533,-0.20900506800319874,0.18586522962492363,0.13800989485438941,2120042,,,,,,,
617,1.0,0.0,0.6802572666640975,0.691208308706228,True,1.0,all_candidates,2.0,-0.053722757329289474,-0.15492333060505062,0.04747781594647165,-0.32977963417948597,2120042,,,,,,,
621,1.0,1.0,0.627291255719527,0.643934722388693,True,1.0,all_candidates,2.0,0.007421726368302489,-0.09876651299593192,0.11360996573253687,-0.10300534475910206,2120042,,,,,,,
626,1.0,0.0,0.474501537217078,0.16437460061425205,True,1.0,all_candidates,2.0,-0.004815581603525786,-0.10248874434834995,0.09285758114129837,-0.14734105843629364,2120042,,,,,,,
638,1.0,0.0,0.2748012559824055,0.1239220657092472,True,1.0,all_candidates,2.0,0.0019464954832784161,-0.15905760177159387,0.16295059273815066,-0.028967779075204383,2120042,,,,,,,
648,1.0,1.0,0.5446984576494674,0.4969151883647077,True,1.0,all_candidates,2.0,-0.033176806717058756,-0.1374463961769674,0.07109278274284986,0.22657797391420198,2120042,,,,,,,
651,1.0,0.0,0.7414638822974168,0.20735604282143721,True,1.0,all_candidates,2.0,-0.033722408727744305,-0.20600721642462305,0.13856239896913441,0.14285091672279376,2120042,,,,,,,
656,0.0,0.0,0.28204662460451924,0.4366149382471533,True,1.0,all_candidates,2.0,-0.019276190601273113,-0.11857664873463136,0.08002426753208512,0.008071797181922913,2120042,,,,,,,
662,0.0,0.0,0.6929571721037661,0.5688028871898342,True,1.0,all_candidates,2.0,-0.03198279278879185,-0.1756864668815916,0.11172088130400784,0.12090442381375327,2120042,,,,,,,
663,1.0,1.0,0.6304851473044282,0.5835748670106308,True,1.0,all_candidates,2.0,-0.016902000123290187,-0.18843206782612804,0.1546280675795476,-0.0006267839972746714,2120042,,,,,,,
676,1.0,0.0,0.4599439184764482,0.29878782114157487,True,1.0,all_candidates,2.0,-0.012811519220813838,-0.15414088275663335,0.12851784431500565,0.288078314021742,2120042,,,,,,,
680,1.0,0.0,0.6829703748258147,0.11385594636738014,True,1.0,all_candidates,2.0,-0.0004052364043089083,-0.09577656859557021,0.09496609578695238,-0.21676132704337042,2120042,,,,,,,
684,0.0,0.0,0.5697406984360188,0.19983185070397666,True,1.0,all_candidates,2.0,0.011534370259678978,-0.08506922280435286,0.1081379633237108,-0.09365228131014089,2120042,,,,,,,
689,1.0,1.0,0.8868225930045658,0.8706173422583725,True,1.0,all_candidates,2.0,-0.06545432321808113,-0.17223360575017882,0.04132495931401653,0.028437736123359203,2120042,,,,,,,
707,1.0,0.0,0.3095601577041158,0.16574517487960455,True,1.0,all_candidates,2.0,-0.034029634210519494,-0.20069836025167453,0.1326390918306355,-0.18261274863827542,2120042,,,,,,,
708,0.0,0.0,0.38944180681518387,0.31109833854695346,True,1.0,all_candidates,2.0,-0.05826474969933707,-0.17272392404841702,0.05619442464974284,-0.3033594815556778,2120042,,,,,,,
712,0.0,0.0,0.22671743720630477,0.39916050095370287,True,1.0,all_candidates,2.0,-0.0031050533147179175,-0.14006248266565557,0.13385237603621972,0.20262182932038472,2120042,,,,,,,
713,0.0,1.0,0.4479973834356069,0.7899673126686212,True,1.0,all_candidates,2.0,-0.06015092961386338,-0.1721753491763352,0.05187348994860842,0.18351149860665072,2120042,,,,,,,
723,1.0,1.0,0.8791019779208326,0.6312407840166131,True,1.0,all_candidates,2.0,0.008776417430556785,-0.14601386789388215,0.16356670275499569,-0.013981278819158116,2120042,,,,,,,
735,1.0,1.0,0.7869431386479372,0.5368141960979033,True,1.0,all_candidates,2.0,-0.030281344443972888,-0.13222615519111164,0.07166346630316585,0.2892291597635016,2120042,,,,,,,
739,0.0,1.0,0.16567925131260422,0.3625667250095327,True,1.0,all_candidates,2.0,-0.010734308435370345,-0.09500941661731477,0.07354079974657404,0.04653584065128688,2120042,,,,,,,
743,1.0,0.0,0.6338297786120288,0.6070901283292623,True,1.0,all_candidates,2.0,-0.03795165452104298,-0.22214579862671674,0.14624248958463074,-0.3588049137290085,2120042,,,,,,,
744,0.0,0.0,0.2696157041235064,0.15264458849958287,True,1.0,all_candidates,2.0,-0.019132067185807497,-0.13180709392748508,0.09354295955587005,0.00043827428651807554,2120042,,,,,,,
752,1.0,0.0,0.6647472925894883,0.7208329462562315,True,1.0,all_candidates,2.0,0.0352734480775311,-0.08070313915770128,0.15125003531276346,-0.048624029853681416,2120042,,,,,,,
760,1.0,1.0,0.7134555858731084,0.792566241366111,True,1.0,all_candidates,2.0,-0.05231722163243774,-0.15453772248078984,0.04990327921591434,-0.1049719012824385,2120042,,,,,,,
773,1.0,1.0,0.8386940353384825,0.852870223315683,True,1.0,all_candidates,2.0,-0.017932285815633706,-0.21598779638895776,0.18012322475769033,-0.05078761983714952,2120042,,,,,,,
776,0.0,0.0,0.3345234242308092,0.20533773166060534,True,1.0,all_candidates,2.0,0.016928939250033713,-0.08248224955082187,0.11634012805088928,0.11215936655437345,2120042,,,,,,,
779,0.0,0.0,0.3257453007133764,0.22754313436062862,True,1.0,all_candidates,2.0,-0.045401373235849064,-0.18328193062705206,0.09247918415535392,0.2102850669914252,2120042,,,,,,,
781,1.0,1.0,0.6832939038423603,0.63754694937672,True,1.0,all_candidates,2.0,-0.025872612794170895,-0.16599463424565533,0.11424940865731352,0.031273744586730046,2120042,,,,,,,
782,1.0,0.0,0.7648701537663227,0.4641424883295498,True,1.0,all_candidates,2.0,-0.019108323735756,-0.12451384392688603,0.08629719645537398,-0.27881971225762575,2120042,,,,,,,
783,0.0,0.0,0.12172989379204215,0.3168675055683017,True,1.0,all_candidates,2.0,-0.03646139886165312,-0.1512757618417139,0.07835296411840761,0.11768093960974968,2120042,,,,,,,
798,1.0,1.0,0.5742961575804171,0.7338549270059888,True,1.0,all_candidates,2.0,-0.024358512973059184,-0.1716653690531755,0.1229483431070571,-0.012829595656138837,2120042,,,,,,,
822,0.0,0.0,0.7417980053932205,0.6367950734915155,True,1.0,all_candidates,2.0,0.0023517909299240096,-0.11829398431368376,0.12299756617353175,0.15687867128973654,2120042,,,,,,,
827,0.0,1.0,0.264977865904604,0.5063020143310597,True,1.0,all_candidates,2.0,-0.0724786385670149,-0.16941707636848094,0.024459799234451116,-0.47170840662307595,2120042,,,,,,,
839,0.0,0.0,0.4808888128545494,0.1562570180525887,True,1.0,all_candidates,2.0,-0.048663453192447276,-0.14080260092019103,0.04347569453529647,-0.082870305049013,2120042,,,,,,,
845,1.0,1.0,0.7067711150558171,0.505484558588421,True,1.0,all_candidates,2.0,0.005276488160783473,-0.1622586660417129,0.1728116423632798,-0.054967122143437575,2120042,,,,,,,
848,0.0,0.0,0.1666158023279128,0.2015602546752192,True,1.0,all_candidates,2.0,-0.05492982070336798,-0.16873889538401676,0.058879253977280804,0.0857810802170664,2120042,,,,,,,
859,1.0,1.0,0.6849906428774399,0.6769103292049636,True,1.0,all_candidates,2.0,-0.03702674074905949,-0.12905924367838803,0.05500576218026903,0.10091643251497262,2120042,,,,,,,
868,1.0,0.0,0.3082583807209731,0.1535068027524439,True,1.0,all_candidates,2.0,-0.06643350987420078,-0.2322850897753993,0.09941807002699769,-0.03768758335333155,2120042,,,,,,,
875,1.0,1.0,0.25333963387393715,0.20708796308982624,True,1.0,all_candidates,2.0,0.05121615516237921,-0.0632978113524403,0.1657301216771987,0.2750351541256375,2120042,,,,,,,
892,0.0,0.0,0.6313698695873204,0.23382463068565157,True,1.0,all_candidates,2.0,-0.004841446244675323,-0.1629960972657538,0.1533132047764031,-0.4218944972490402,2120042,,,,,,,
893,0.0,1.0,0.45589257876268896,0.39302832109664,True,1.0,all_candidates,2.0,-0.03606948334284706,-0.15177386118829034,0.0796348945025962,-0.13899119129057289,2120042,,,,,,,
898,1.0,1.0,0.49462645872228006,0.3547315126470555,True,1.0,all_candidates,2.0,-0.02583223092748629,-0.14003736175259401,0.08837289989762141,0.11489019733853345,2120042,,,,,,,
908,1.0,1.0,0.59795154629418,0.5465323047791424,True,1.0,all_candidates,2.0,-0.021321837640791704,-0.2611435880941643,0.21849991281258088,0.2700079153490359,2120042,,,,,,,
913,0.0,0.0,0.4590740424682504,0.15303561997525103,True,1.0,all_candidates,2.0,0.019542166875639495,-0.19306666130261296,0.23215099505389192,0.5763362625455206,2120042,,,,,,,
915,1.0,1.0,0.8444617337210738,0.7902472579186703,True,1.0,all_candidates,2.0,0.019866003336774518,-0.09062294245260985,0.13035494912615886,-0.10460704553612188,2120042,,,,,,,
924,0.0,1.0,0.11064807383603614,0.35875496457481376,True,1.0,all_candidates,2.0,-0.06322309350525353,-0.16407646056431696,0.03763027355380988,-0.03518580558050255,2120042,,,,,,,
929,1.0,0.0,0.6634216252210545,0.5571596280328351,True,1.0,all_candidates,2.0,-0.011642290085461882,-0.10523624630228684,0.08195166613136304,-0.2246108655442407,2120042,,,,,,,
934,0.0,0.0,0.17588820990102041,0.1479102128392838,True,1.0,all_candidates,2.0,-0.03714379907314692,-0.21902415783527004,0.14473655968897617,-0.17923562100166213,2120042,,,,,,,
955,1.0,1.0,0.7279935351733413,0.7193079523925068,True,1.0,all_candidates,2.0,-0.04883665998940925,-0.1770889208808725,0.07941560090205396,-0.4074361291328243,2120042,,,,,,,
960,1.0,1.0,0.516353381546526,0.48744897008899524,True,1.0,all_candidates,2.0,0.0028258200890535715,-0.11935535350462627,0.12500699368273338,0.30302428580824725,2120042,,,,,,,
961,0.0,1.0,0.5952214322323915,0.2839526673389449,True,1.0,all_candidates,2.0,-0.018079233390624633,-0.1369078132488053,0.100749346467556,-0.17386110854674186,2120042,,,,,,,
967,0.0,0.0,0.7111062328377343,0.6026371727046967,True,1.0,all_candidates,2.0,-0.023620816416112092,-0.21194472303582668,0.16470309020360246,0.11315424130412288,2120042,,,,,,,
976,0.0,0.0,0.22296580907529134,0.08518100874594803,True,1.0,all_candidates,2.0,-0.03748228326287046,-0.23397653481838437,0.1590119682926434,-0.10435438224184548,2120042,,,,,,,
977,1.0,0.0,0.8795089744048036,0.5493546289655924,True,1.0,all_candidates,2.0,-0.03209364680740485,-0.16535857774898896,0.10117128413417925,0.2172265382051104,2120042,,,,,,,
980,1.0,1.0,0.7845093011134376,0.5285083827381312,True,1.0,all_candidates,2.0,-0.010132198084952405,-0.2710615560657579,0.250797159895853,-0.1328309937568829,2120042,,,,,,,
986,1.0,0.0,0.6842931095653495,0.4407593834478375,True,1.0,all_candidates,2.0,-0.011296140181251794,-0.09755609913507315,0.07496381877256955,-0.21930664730454208,2120042,,,,,,,
987,0.0,0.0,0.4937146818591577,0.41011618555896223,True,1.0,all_candidates,2.0,0.014856453575543485,-0.17143342349577778,0.2011463306468647,0.16537846499403014,2120042,,,,,,,
989,0.0,0.0,0.502114524477848,0.4557268144672463,True,1.0,all_candidates,2.0,-0.05152904701860675,-0.18615827733791582,0.08310018330070229,-0.22553091570484401,2120042,,,,,,,
5,1.0,1.0,0.6377114402121038,0.34254974755376194,True,1.0,all_candidates_all_split_features,2.0,-0.01762740942400276,-0.14955800205953484,0.1143031832115293,0.29544125881310984,2120042,,,,,,,
12,0.0,1.0,0.40864594703941975,0.30002689738786964,True,1.0,all_candidates_all_split_features,2.0,-0.007253098656194657,-0.21195949609701312,0.19745329878462375,-0.1020346687031714,2120042,,,,,,,
15,1.0,0.0,0.5202019068490832,0.11807387106554294,True,1.0,all_candidates_all_split_features,2.0,-0.04549521613823374,-0.13908273900266427,0.048092306726196764,-0.003080297422145953,2120042,,,,,,,
30,0.0,0.0,0.5746897562690604,0.24295906763714584,True,1.0,all_candidates_all_split_features,2.0,-0.0529166278672927,-0.20793895920502148,0.10210570347043604,-0.15824629257148742,2120042,,,,,,,
39,1.0,0.0,0.6048933776872666,0.3441516064005722,True,1.0,all_candidates_all_split_features,2.0,-0.0488252691498566,-0.1973977493243955,0.09974721102468226,-0.0787740414269622,2120042,,,,,,,
40,0.0,0.0,0.3543801765148926,0.35057432062020416,True,1.0,all_candidates_all_split_features,2.0,-0.05601304480882561,-0.15720545242733192,0.045179362809680663,0.060474988513839145,2120042,,,,,,,
43,1.0,0.0,0.7309350546172592,0.38618933830050256,True,1.0,all_candidates_all_split_features,2.0,-0.022140803933156306,-0.12443206426085807,0.08015045639454543,-0.19702180525731344,2120042,,,,,,,
45,0.0,0.0,0.2877857978025763,0.3689753372039217,True,1.0,all_candidates_all_split_features,2.0,0.01294936448564317,-0.0699760044890857,0.09587473346037202,0.13139903885494988,2120042,,,,,,,
48,1.0,1.0,0.4640558918721573,0.5888245392655549,True,1.0,all_candidates_all_split_features,2.0,-0.028494748074294293,-0.16581050258447566,0.10882100643588703,-0.02351093248221392,2120042,,,,,,,
63,1.0,0.0,0.493740643635318,0.20164355626544486,True,1.0,all_candidates_all_split_features,2.0,-0.011530550565672787,-0.11371528587247952,0.09065418474113392,-0.08061850681857732,2120042,,,,,,,
67,1.0,1.0,0.4135078007326209,0.532633707078535,True,1.0,all_candidates_all_split_features,2.0,-0.08320776418297009,-0.27053312182685035,0.10411759346091014,-0.4040936263411786,2120042,,,,,,,
69,0.0,0.0,0.46600337273861786,0.48630868982475617,True,1.0,all_candidates_all_split_features,2.0,-0.02984002042580621,-0.15175686524115084,0.09207682438953838,-0.2535047085663173,2120042,,,,,,,
72,1.0,0.0,0.5908011295185976,0.3649110295452353,True,1.0,all_candidates_all_split_features,2.0,-0.04872519349758107,-0.21602568083516926,0.11857529384000712,0.03393963416448598,2120042,,,,,,,
75,1.0,0.0,0.8971971121686327,0.590906090484836,True,1.0,all_candidates_all_split_features,2.0,0.009737013070668562,-0.1285128207444094,0.1479868468857465,-0.21905044290968123,2120042,,,,,,,
93,0.0,1.0,0.23435593073816172,0.3708737195266814,True,1.0,all_candidates_all_split_features,2.0,-0.08004771150712173,-0.21129203941864233,0.05119661640439885,-0.24763340158643393,2120042,,,,,,,
115,0.0,0.0,0.417662784829503,0.3560754401295836,True,1.0,all_candidates_all_split_features,2.0,0.01642131940910793,-0.07091076504751498,0.10375340386573083,-0.036066766855671034,2120042,,,,,,,
116,0.0,1.0,0.2300810466125331,0.24524587329350514,True,1.0,all_candidates_all_split_features,2.0,-0.04662735246603994,-0.1373367102991288,0.044082005367048885,-0.014342061446469406,2120042,,,,,,,
121,1.0,0.0,0.829551555662928,0.5644650903605791,True,1.0,all_candidates_all_split_features,2.0,-0.031814904550039116,-0.13544963305620672,0.07181982395612846,-0.578150415838105,2120042,,,,,,,
122,1.0,0.0,0.6628130336914178,0.16757719199669627,True,1.0,all_candidates_all_split_features,2.0,-0.09832844919504867,-0.23086878171002767,0.03421188331993032,-0.1662835077113541,2120042,,,,,,,
123,0.0,1.0,0.39744562120923743,0.39243083175848403,True,1.0,all_candidates_all_split_features,2.0,-0.01188233709754547,-0.1064178935802656,0.08265321938517464,0.03246765507545743,2120042,,,,,,,
126,0.0,0.0,0.2904388139791195,0.3909132072928165,True,1.0,all_candidates_all_split_features,2.0,-0.07212612128604395,-0.23450000756435063,0.09024776499226267,-0.3010231687743369,2120042,,,,,,,
130,0.0,0.0,0.26863216138852986,0.21849460988274513,True,1.0,all_candidates_all_split_features,2.0,-0.0966875713165105,-0.18570997618548135,-0.007665166447539645,0.006309753656425152,2120042,,,,,,,
137,0.0,0.0,0.19104229057139868,0.136704195001431,True,1.0,all_candidates_all_split_features,2.0,-0.0877772856462057,-0.17571283711746472,0.00015826582505332198,-0.035394603233024145,2120042,,,,,,,
145,1.0,0.0,0.4660143956373304,0.44212132263226617,True,1.0,all_candidates_all_split_features,2.0,0.00230160010580267,-0.11754126309846769,0.122144463310073,-0.33769143797714973,2120042,,,,,,,
151,0.0,1.0,0.5191771574449675,0.4662585530143542,True,1.0,all_candidates_all_split_features,2.0,0.03278793161518005,-0.14245762184415312,0.2080334850745132,-0.31487008056515453,2120042,,,,,,,
162,0.0,0.0,0.5856731783723788,0.5989655969474362,True,1.0,all_candidates_all_split_features,2.0,-0.010299148386324345,-0.10077806133123735,0.08017976455858863,-0.1770906937214045,2120042,,,,,,,
167,0.0,1.0,0.6272436550256896,0.707639467658466,True,1.0,all_candidates_all_split_features,2.0,-0.022391810766348767,-0.14113653240070953,0.09635291086801198,0.060419762402974864,2120042,,,,,,,
169,1.0,1.0,0.718421807752594,0.8744463758885973,True,1.0,all_candidates_all_split_features,2.0,-0.055194383522281454,-0.15369498085567124,0.043306213811108316,-0.059438745764093026,2120042,,,,,,,
180,1.0,1.0,0.8672668628184429,0.5657293381904667,True,1.0,all_candidates_all_split_features,2.0,-0.0010632815771389119,-0.13641572070935945,0.13428915755508158,0.07214620573564456,2120042,,,,,,,
186,1.0,0.0,0.5911390146431826,0.5179879989770028,True,1.0,all_candidates_all_split_features,2.0,-0.011809253820418739,-0.1550338264534794,0.13141531881264185,-0.34838730337294177,2120042,,,,,,,
193,0.0,0.0,0.40023106047420476,0.1550758670471376,True,1.0,all_candidates_all_split_features,2.0,-0.015195081921145836,-0.10645151865662286,0.07606135481433117,-0.07790570380726344,2120042,,,,,,,
196,0.0,0.0,0.4779684453454312,0.4063942925546509,True,1.0,all_candidates_all_split_features,2.0,0.016107593509582577,-0.07120827829984847,0.1034234653190136,0.18500422317417548,2120042,,,,,,,
198,0.0,0.0,0.14587366590344183,0.3168318250125152,True,1.0,all_candidates_all_split_features,2.0,-0.03828536993823173,-0.21457597622233915,0.13800523634587566,-0.09796041668062988,2120042,,,,,,,
205,1.0,1.0,0.889667935890094,0.4157414662695457,True,1.0,all_candidates_all_split_features,2.0,-0.04140986691892001,-0.18142612803656794,0.09860639419872788,0.10039000345163385,2120042,,,,,,,
208,1.0,1.0,0.37917397054309765,0.6227098092939151,True,1.0,all_candidates_all_split_features,2.0,-0.026197307503693628,-0.1324285478278581,0.08003393282047082,-0.38364186382161225,2120042,,,,,,,
211,0.0,0.0,0.231401125726331,0.22905857404779453,True,1.0,all_candidates_all_split_features,2.0,-0.04974909336952866,-0.22476427205660476,0.12526608531754743,0.039362356322426656,2120042,,,,,,,
229,0.0,0.0,0.35491053100236486,0.18642819332391197,True,1.0,all_candidates_all_split_features,2.0,-0.02492205999497975,-0.14749729629137467,0.09765317630141514,-0.0181111175885878,2120042,,,,,,,
237,0.0,1.0,0.3187585270756577,0.6861105920384603,True,1.0,all_candidates_all_split_features,2.0,-0.01572872603265344,-0.17066573628435225,0.13920828421904535,0.014677238537030401,2120042,,,,,,,
241,1.0,0.0,0.33880276994038705,0.4470269612145222,True,1.0,all_candidates_all_split_features,2.0,-0.02464316123138292,-0.11770821793351416,0.06842189547074828,-0.2359562924134932,2120042,,,,,,,
250,1.0,1.0,0.8428866494274864,0.703627059039757,True,1.0,all_candidates_all_split_features,2.0,-0.030483776700454518,-0.18347045608537477,0.1225029026844657,-0.14381661120733635,2120042,,,,,,,
254,0.0,1.0,0.20839292854203073,0.24099446092279211,True,1.0,all_candidates_all_split_features,2.0,-0.03881986821750402,-0.1495370543409257,0.07189731790591763,0.11029612787953566,2120042,,,,,,,
261,0.0,0.0,0.25783316789758004,0.1812073244799295,True,1.0,all_candidates_all_split_features,2.0,-0.0002452203782398254,-0.09679750961230016,0.09630706885582051,0.31285754382566056,2120042,,,,,,,
264,1.0,1.0,0.5133701154893368,0.5783417591739412,True,1.0,all_candidates_all_split_features,2.0,-0.057295125503577266,-0.16500645771203568,0.05041620670488113,0.10130985419071503,2120042,,,,,,,
265,0.0,0.0,0.4673440107611287,0.3563794093146026,True,1.0,all_candidates_all_split_features,2.0,-0.07026802373844891,-0.1874853894809803,0.04694934200408246,-0.19966649402570194,2120042,,,,,,,
270,0.0,0.0,0.34874073775724557,0.20171397701955088,True,1.0,all_candidates_all_split_features,2.0,-0.03771311286875348,-0.13760998105399808,0.06218375531649109,-0.05981133747776573,2120042,,,,,,,
271,1.0,0.0,0.8208015211662028,0.8654343342544495,True,1.0,all_candidates_all_split_features,2.0,-0.030659493789836,-0.19996586030379723,0.13864687272412515,-0.027407061388611043,2120042,,,,,,,
277,1.0,1.0,0.8458274757149049,0.5796784555469318,True,1.0,all_candidates_all_split_features,2.0,-0.008849577631726991,-0.09814062871663114,0.08044147345317715,0.19707323380293573,2120042,,,,,,,
282,0.0,0.0,0.4968539889905682,0.48950108386632263,True,1.0,all_candidates_all_split_features,2.0,-0.014358101020769815,-0.2080342065426313,0.17931800450109164,0.2904593735133494,2120042,,,,,,,
284,0.0,1.0,0.26169668314489575,0.48044735559495144,True,1.0,all_candidates_all_split_features,2.0,0.0006644708352537408,-0.11710504186495294,0.11843398353546039,0.18518688543613304,2120042,,,,,,,
288,1.0,0.0,0.7511605014707504,0.5824804714021297,True,1.0,all_candidates_all_split_features,2.0,-0.04737533326223301,-0.19211590665122835,0.09736524012676231,0.004640120746827181,2120042,,,,,,,
294,1.0,1.0,0.8164796270017057,0.49031264913350026,True,1.0,all_candidates_all_split_features,2.0,-0.07259989273469718,-0.20862524883709338,0.06342546336769898,-0.34951026332690505,2120042,,,,,,,
318,0.0,0.0,0.6636540076542939,0.5705544669325786,True,1.0,all_candidates_all_split_features,2.0,-0.04627037332763439,-0.1437172241492828,0.051176477494014015,-0.20199985734703257,2120042,,,,,,,
319,1.0,1.0,0.8930296774091446,0.7555478412559756,True,1.0,all_candidates_all_split_features,2.0,0.013148848997667243,-0.09789186167304799,0.12418955966838247,0.04278373950332526,2120042,,,,,,,
328,0.0,1.0,0.39432924248177276,0.18948303187203663,True,1.0,all_candidates_all_split_features,2.0,-0.035721998742809555,-0.16485560138453909,0.09341160389891993,0.10327243996857394,2120042,,,,,,,
334,0.0,0.0,0.32003853805723764,0.2875355167491368,True,1.0,all_candidates_all_split_features,2.0,-0.06084925802739804,-0.18019763528173555,0.058499119226939435,-0.1484375342195409,2120042,,,,,,,
339,0.0,1.0,0.6907306329755005,0.5644583916735121,True,1.0,all_candidates_all_split_features,2.0,-0.05287683029934386,-0.15955074039930892,0.05379707980062117,-0.04096418254395162,2120042,,,,,,,
343,1.0,1.0,0.7122793784860058,0.5155210187085154,True,1.0,all_candidates_all_split_features,2.0,-0.05353738155531766,-0.15510438656076458,0.04802962345012923,-0.252500407706424,2120042,,,,,,,
346,0.0,0.0,0.4668878241550569,0.33951763988107997,True,1.0,all_candidates_all_split_features,2.0,-0.04735643037482789,-0.25081552759263853,0.15610266684298268,0.021257549177203516,2120042,,,,,,,
347,0.0,1.0,0.20263826870260368,0.2637419376444213,True,1.0,all_candidates_all_split_features,2.0,-0.02423266474489665,-0.1321525688513634,0.08368723936157008,0.0718545920669893,2120042,,,,,,,
349,0.0,1.0,0.7980010545149436,0.6771543356924604,True,1.0,all_candidates_all_split_features,2.0,-0.040390213946255006,-0.20362747284503915,0.12284704495252913,0.03268878550218324,2120042,,,,,,,
354,1.0,0.0,0.532805219686784,0.2924577715670299,True,1.0,all_candidates_all_split_features,2.0,-0.0140245713779052,-0.19050644355839355,0.16245730080258314,-0.14297135067526034,2120042,,,,,,,
357,1.0,1.0,0.6408274001124588,0.2999253159315922,True,1.0,all_candidates_all_split_features,2.0,-0.04744600929306264,-0.1932514084452562,0.0983593898591309,0.1013446835796018,2120042,,,,,,,
360,1.0,0.0,0.3477877504865826,0.3387807653978252,True,1.0,all_candidates_all_split_features,2.0,-0.058880346412760846,-0.23117697795171469,0.11341628512619295,-0.20995476861796994,2120042,,,,,,,
361,0.0,0.0,0.29661108176182654,0.23059339157774011,True,1.0,all_candidates_all_split_features,2.0,-0.06483028815902184,-0.1548373869238181,0.02517681060577441,-0.0406445885166562,2120042,,,,,,,
365,1.0,0.0,0.6049751553904226,0.2863717839207137,True,1.0,all_candidates_all_split_features,2.0,-0.056234166051336285,-0.15550888940394147,0.04304055730126889,-0.3344524588585174,2120042,,,,,,,
368,1.0,0.0,0.6849883638981021,0.32733973117530735,True,1.0,all_candidates_all_split_features,2.0,-0.02775512275035142,-0.15223279517451915,0.0967225496738163,-0.05427466854280549,2120042,,,,,,,
370,1.0,0.0,0.19790340240759838,0.10800260009836761,True,1.0,all_candidates_all_split_features,2.0,-0.053900749096933376,-0.17964215821892404,0.07184066002505726,-0.11224918810400103,2120042,,,,,,,
380,0.0,1.0,0.7471666727680591,0.4674264398886901,True,1.0,all_candidates_all_split_features,2.0,-0.06872931992829466,-0.1615611118986598,0.024102472042070444,-0.4595323870462047,2120042,,,,,,,
384,1.0,1.0,0.6900728481780237,0.5112597274821526,True,1.0,all_candidates_all_split_features,2.0,-0.02304404034802144,-0.17187282289894562,0.12578474220290273,0.0703099140074529,2120042,,,,,,,
392,1.0,1.0,0.7956043945971023,0.7308406047876336,True,1.0,all_candidates_all_split_features,2.0,-0.02752897716207146,-0.16063144461359843,0.1055734902894555,0.0859568948245617,2120042,,,,,,,
398,0.0,1.0,0.3206138626697417,0.45685223927714724,True,1.0,all_candidates_all_split_features,2.0,-0.06534787749143169,-0.15068347370642932,0.01998771872356593,-0.3498504475078327,2120042,,,,,,,
409,0.0,0.0,0.18337791691798333,0.4439000770292082,True,1.0,all_candidates_all_split_features,2.0,-0.004275687342674931,-0.10434415496297744,0.09579278027762755,0.14554265152238055,2120042,,,,,,,
422,1.0,1.0,0.4374280553015159,0.34871246199525907,True,1.0,all_candidates_all_split_features,2.0,0.02811705681160464,-0.1471088276137916,0.20334294123700086,0.04875396248008518,2120042,,,,,,,
424,1.0,0.0,0.6770097302582416,0.7052642761137701,True,1.0,all_candidates_all_split_features,2.0,-0.01551498057891378,-0.13208577354446954,0.10105581238664196,-0.411950972386599,2120042,,,,,,,
431,1.0,1.0,0.4372491262168222,0.6279412483546116,True,1.0,all_candidates_all_split_features,2.0,-0.09404111327482648,-0.2659687789138152,0.07788655236416217,-0.32665406706368566,2120042,,,,,,,
433,0.0,0.0,0.10525170726096475,0.10427304962006238,True,1.0,all_candidates_all_split_features,2.0,-0.03266217380315151,-0.1636312066092937,0.09830685900299066,-0.03402153155820689,2120042,,,,,,,
435,0.0,1.0,0.4409894527049854,0.6729711349557012,True,1.0,all_candidates_all_split_features,2.0,-0.03597062285416191,-0.12047179895254653,0.04853055324422268,-0.10742312894197681,2120042,,,,,,,
446,1.0,0.0,0.2790381570542702,0.16375999330593335,True,1.0,all_candidates_all_split_features,2.0,-0.06790919216171441,-0.16158525016752479,0.025766865844095918,-0.06432527410523083,2120042,,,,,,,
447,1.0,1.0,0.536835214889051,0.5503554221394807,True,1.0,all_candidates_all_split_features,2.0,-0.06441056200954208,-0.13922878307477946,0.010407659055695281,0.034144994760945346,2120042,,,,,,,
451,1.0,1.0,0.7690955084071955,0.6112206494377056,True,1.0,all_candidates_all_split_features,2.0,-0.04975425929914553,-0.13933484688732733,0.039826328289036254,-0.17663563846118313,2120042,,,,,,,
460,1.0,0.0,0.39094770965443404,0.27994469973743064,True,1.0,all_candidates_all_split_features,2.0,-0.035984182712495476,-0.20389134524092214,0.13192297981593112,-0.15089969081385596,2120042,,,,,,,
462,0.0,0.0,0.4757820881301206,0.3798226570352518,True,1.0,all_candidates_all_split_features,2.0,0.012475557094907405,-0.10037858774220627,0.12532970193202106,-0.02877369342676961,2120042,,,,,,,
465,0.0,1.0,0.4312755600906261,0.6491876730428766,True,1.0,all_candidates_all_split_features,2.0,-0.058760250413062064,-0.2786991966089593,0.16117869578283514,-0.07352311822592295,2120042,,,,,,,
467,0.0,0.0,0.2562069965782711,0.26684038260745196,True,1.0,all_candidates_all_split_features,2.0,-0.03869372388342765,-0.11918565011587838,0.04179820234902307,0.18109530692018136,2120042,,,,,,,
468,1.0,0.0,0.44882293786932376,0.4590625162462623,True,1.0,all_candidates_all_split_features,2.0,-0.03721911183878097,-0.15241159035966872,0.07797336668210675,-0.36394341785118856,2120042,,,,,,,
474,0.0,0.0,0.4334979519869535,0.38280401600429703,True,1.0,all_candidates_all_split_features,2.0,-0.013071902185032505,-0.16071910029892109,0.13457529592885603,0.27024214191256124,2120042,,,,,,,
478,1.0,0.0,0.5739982744039367,0.2947270948162633,True,1.0,all_candidates_all_split_features,2.0,-0.050913818316733445,-0.20372230938382085,0.10189467275035394,-0.14113139488284232,2120042,,,,,,,
481,0.0,1.0,0.5087083360409932,0.40825501741027925,True,1.0,all_candidates_all_split_features,2.0,-0.013842992065569961,-0.11274636106328992,0.08506037693214998,0.24256774419822325,2120042,,,,,,,
486,1.0,1.0,0.7441202307802978,0.6148549412893181,True,1.0,all_candidates_all_split_features,2.0,-0.043951574217569324,-0.13794294087379558,0.05003979243865691,-0.6892153014395378,2120042,,,,,,,
487,1.0,1.0,0.8467975192157075,0.5866738910251524,True,1.0,all_candidates_all_split_features,2.0,-0.01651793012980783,-0.18085252203887903,0.14781666177926334,-0.028156691615068175,2120042,,,,,,,
498,0.0,0.0,0.3020648921646804,0.1979830251548477,True,1.0,all_candidates_all_split_features,2.0,-0.10474539481581517,-0.2900685847618477,0.08057779513021733,-0.1062618189134249,2120042,,,,,,,
503,0.0,0.0,0.3446948747805175,0.2658055219729751,True,1.0,all_candidates_all_split_features,2.0,-0.033369794608064995,-0.1365641049456976,0.06982451572956758,-0.16728505428348134,2120042,,,,,,,
507,1.0,1.0,0.8311033999506614,0.7945564212316646,True,1.0,all_candidates_all_split_features,2.0,-0.05071788944165645,-0.13905932444821997,0.03762354556490706,-0.030854928811506976,2120042,,,,,,,
508,0.0,0.0,0.5229332692489086,0.2601699446166555,True,1.0,all_candidates_all_split_features,2.0,-0.030794941910325578,-0.17157910501652415,0.10998922119587295,-0.05620972089686527,2120042,,,,,,,
514,1.0,1.0,0.8270038617254091,0.6943390637417084,True,1.0,all_candidates_all_split_features,2.0,-0.028824615184991163,-0.12594402544492594,0.0682947950749436,-0.061478120138046544,2120042,,,,,,,
526,0.0,0.0,0.15782593929996835,0.13044474411998602,True,1.0,all_candidates_all_split_features,2.0,0.027635459965828717,-0.09443844155874886,0.14970936149040628,0.020299231269924375,2120042,,,,,,,
528,1.0,1.0,0.6647472925894883,0.7352516088728809,True,1.0,all_candidates_all_split_features,2.0,0.005942687708716068,-0.0868853273452047,0.09877070276263682,-0.3151680255715663,2120042,,,,,,,
532,1.0,0.0,0.5659465902283147,0.4305883970188177,True,1.0,all_candidates_all_split_features,2.0,-0.06379272021513481,-0.19484510715691655,0.06725966672664692,-0.5334643262344162,2120042,,,,,,,
534,0.0,1.0,0.6356185713393279,0.49570608184298615,True,1.0,all_candidates_all_split_features,2.0,0.052102230771357706,-0.0874362006839147,0.19164066222663007,0.13543398492073888,2120042,,,,,,,
535,0.0,0.0,0.6385549390569282,0.3491581541021244,True,1.0,all_candidates_all_split_features,2.0,-0.051449718505751946,-0.15349897378887423,0.05059953677737032,0.03704061610492676,2120042,,,,,,,
538,1.0,0.0,0.7165422603028302,0.5565385298635452,True,1.0,all_candidates_all_split_features,2.0,0.004933709118094257,-0.17642796247194734,0.18629538070813584,-0.06212851278558973,2120042,,,,,,,
539,0.0,1.0,0.3919352408994978,0.39807883890515544,True,1.0,all_candidates_all_split_features,2.0,-0.07018068017073772,-0.1460372140200685,0.0056758536785930375,-0.11126006308263126,2120042,,,,,,,
546,0.0,0.0,0.30246911548946265,0.1674140399970113,True,1.0,all_candidates_all_split_features,2.0,-0.07307250251045533,-0.17142120356017151,0.02527619853926083,-0.06620608679353736,2120042,,,,,,,
549,1.0,0.0,0.737809295603759,0.4018100071172399,True,1.0,all_candidates_all_split_features,2.0,-0.029969478799715742,-0.21572668451888838,0.15578772691945686,-0.22605679180368443,2120042,,,,,,,
550,0.0,0.0,0.22968620364065134,0.12507868829739605,True,1.0,all_candidates_all_split_features,2.0,-0.06935680381456848,-0.21543324160696986,0.07671963397783287,-0.08381602753461014,2120042,,,,,,,
552,1.0,0.0,0.5131292585651384,0.19044531066663345,True,1.0,all_candidates_all_split_features,2.0,-0.022349415011347976,-0.1743151123328166,0.12961628231012062,0.08753892270289004,2120042,,,,,,,
559,1.0,0.0,0.6085123450001269,0.405681505096466,True,1.0,all_candidates_all_split_features,2.0,-0.042710435613136866,-0.12925140489924558,0.04383053367297185,-0.36576085048430995,2120042,,,,,,,
560,1.0,1.0,0.8655555287273489,0.6294406160354643,True,1.0,all_candidates_all_split_features,2.0,-0.035845822631390245,-0.24123256905250412,0.1695409237897236,-0.06469990771798673,2120042,,,,,,,
561,1.0,0.0,0.6004522932294956,0.25193874811218325,True,1.0,all_candidates_all_split_features,2.0,-0.043062137644599506,-0.1443529219777281,0.05822864668852907,-0.14847635272894044,2120042,,,,,,,
563,0.0,0.0,0.34977696900330585,0.3001244011940171,True,1.0,all_candidates_all_split_features,2.0,-0.05299351744094811,-0.22211924618443563,0.1161322113025394,0.08723419972137467,2120042,,,,,,,
568,1.0,1.0,0.8420165704415828,0.7241993149028411,True,1.0,all_candidates_all_split_features,2.0,-0.0652054288062778,-0.3039110869301963,0.17350022931764067,-0.11006768648138565,2120042,,,,,,,
569,0.0,1.0,0.6204165780663479,0.649966418468412,True,1.0,all_candidates_all_split_features,2.0,-0.023623956349173206,-0.12995249889549848,0.08270458619715203,-0.03506472883281053,2120042,,,,,,,
578,0.0,0.0,0.528449166106585,0.541129455632692,True,1.0,all_candidates_all_split_features,2.0,-0.0795560669125574,-0.1946633347946045,0.03555120096948966,-0.1661069213092291,2120042,,,,,,,
584,1.0,0.0,0.4835230499831929,0.6086690571475216,True,1.0,all_candidates_all_split_features,2.0,0.037404987989350165,-0.09729428142626131,0.1721042574049616,-0.18620539681394355,2120042,,,,,,,
588,1.0,1.0,0.6950874683394853,0.6067692377764136,True,1.0,all_candidates_all_split_features,2.0,-0.022456374525264253,-0.1670750915971256,0.12216234254659708,0.05151712594740754,2120042,,,,,,,
594,0.0,1.0,0.3845124638174599,0.20204826370818607,True,1.0,all_candidates_all_split_features,2.0,-0.07237299269711185,-0.24959442143498795,0.10484843604076423,-0.1845762402931477,2120042,,,,,,,
599,0.0,1.0,0.5139276407168637,0.3069862927665871,True,1.0,all_candidates_all_split_features,2.0,-0.028608012066213783,-0.13602564305906983,0.07880961892664223,-0.017020805613165407,2120042,,,,,,,
603,1.0,1.0,0.8760250372770755,0.7245136388321798,True,1.0,all_candidates_all_split_features,2.0,-0.0544084940456569,-0.13190633745392544,0.023089349362611644,-0.4064471216929251,2120042,,,,,,,
606,0.0,1.0,0.21922940776003394,0.3608687382193187,True,1.0,all_candidates_all_split_features,2.0,-0.06090003772761655,-0.2478246754215227,0.1260245999662896,-0.0810499975355446,2120042,,,,,,,
607,0.0,0.0,0.2306889141131686,0.41349980578355594,True,1.0,all_candidates_all_split_features,2.0,-0.02287531549062369,-0.1811262519369439,0.1353756209556965,-0.20262165996000597,2120042,,,,,,,
609,0.0,1.0,0.2303519206028594,0.1661800464978828,True,1.0,all_candidates_all_split_features,2.0,0.012393917641543049,-0.11118592170598211,0.1359737569890682,-0.17815202596793825,2120042,,,,,,,
614,1.0,1.0,0.6467946600933504,0.454149402724382,True,1.0,all_candidates_all_split_features,2.0,-0.04488494695775723,-0.14362914637674995,0.05385925246123546,0.13800989485438941,2120042,,,,,,,
617,1.0,0.0,0.6802572666640975,0.691208308706228,True,1.0,all_candidates_all_split_features,2.0,-0.05114550681822952,-0.1936031232579917,0.09131210962153263,-0.32977963417948597,2120042,,,,,,,
621,1.0,1.0,0.627291255719527,0.643934722388693,True,1.0,all_candidates_all_split_features,2.0,-0.033598297572672325,-0.14767711198804617,0.08048051684270151,-0.10300534475910206,2120042,,,,,,,
626,1.0,0.0,0.474501537217078,0.16437460061425205,True,1.0,all_candidates_all_split_features,2.0,-0.05514119670218492,-0.17233628768259884,0.06205389427822899,-0.14734105843629364,2120042,,,,,,,
638,1.0,0.0,0.2748012559824055,0.1239220657092472,True,1.0,all_candidates_all_split_features,2.0,-0.03375883416367003,-0.17194003745557798,0.10442236912823788,-0.028967779075204383,2120042,,,,,,,
648,1.0,1.0,0.5446984576494674,0.4969151883647077,True,1.0,all_candidates_all_split_features,2.0,-0.03996754515353951,-0.18318755275605392,0.10325246244897485,0.22657797391420198,2120042,,,,,,,
651,1.0,0.0,0.7414638822974168,0.20735604282143721,True,1.0,all_candidates_all_split_features,2.0,-0.009422765363624491,-0.19079398077549503,0.17194845004824602,0.14285091672279376,2120042,,,,,,,
656,0.0,0.0,0.28204662460451924,0.4366149382471533,True,1.0,all_candidates_all_split_features,2.0,-0.04649832722669507,-0.14206450280931976,0.049067848355929616,0.008071797181922913,2120042,,,,,,,
662,0.0,0.0,0.6929571721037661,0.5688028871898342,True,1.0,all_candidates_all_split_features,2.0,0.007567649574452273,-0.08942764538429333,0.10456294453319785,0.12090442381375327,2120042,,,,,,,
663,1.0,1.0,0.6304851473044282,0.5835748670106308,True,1.0,all_candidates_all_split_features,2.0,-0.004064356528794455,-0.09373152095066886,0.08560280789307993,-0.0006267839972746714,2120042,,,,,,,
676,1.0,0.0,0.4599439184764482,0.29878782114157487,True,1.0,all_candidates_all_split_features,2.0,-0.05096677947033017,-0.14569941429146038,0.04376585535080002,0.288078314021742,2120042,,,,,,,
680,1.0,0.0,0.6829703748258147,0.11385594636738014,True,1.0,all_candidates_all_split_features,2.0,-0.040698330831633045,-0.13693866483144862,0.0555420031681825,-0.21676132704337042,2120042,,,,,,,
684,0.0,0.0,0.5697406984360188,0.19983185070397666,True,1.0,all_candidates_all_split_features,2.0,-0.048619803906740956,-0.16365402723032757,0.06641441941684564,-0.09365228131014089,2120042,,,,,,,
689,1.0,1.0,0.8868225930045658,0.8706173422583725,True,1.0,all_candidates_all_split_features,2.0,-0.06081782403260263,-0.17262747966322403,0.05099183159801877,0.028437736123359203,2120042,,,,,,,
707,1.0,0.0,0.3095601577041158,0.16574517487960455,True,1.0,all_candidates_all_split_features,2.0,-0.08738510493006903,-0.25687428968908094,0.08210407982894287,-0.18261274863827542,2120042,,,,,,,
708,0.0,0.0,0.38944180681518387,0.31109833854695346,True,1.0,all_candidates_all_split_features,2.0,-0.07283087761147694,-0.1768441743563115,0.031182419133357592,-0.3033594815556778,2120042,,,,,,,
712,0.0,0.0,0.22671743720630477,0.39916050095370287,True,1.0,all_candidates_all_split_features,2.0,-0.006394352271252788,-0.1296718584848211,0.11688315394231549,0.20262182932038472,2120042,,,,,,,
713,0.0,1.0,0.4479973834356069,0.7899673126686212,True,1.0,all_candidates_all_split_features,2.0,-0.009695004853474002,-0.1791812182919632,0.1597912085850152,0.18351149860665072,2120042,,,,,,,
723,1.0,1.0,0.8791019779208326,0.6312407840166131,True,1.0,all_candidates_all_split_features,2.0,0.009732683589619701,-0.14315875632383604,0.16262412350307542,-0.013981278819158116,2120042,,,,,,,
735,1.0,1.0,0.7869431386479372,0.5368141960979033,True,1.0,all_candidates_all_split_features,2.0,-0.006701764680715359,-0.11217277319431337,0.09876924383288263,0.2892291597635016,2120042,,,,,,,
739,0.0,1.0,0.16567925131260422,0.3625667250095327,True,1.0,all_candidates_all_split_features,2.0,0.01325743188379189,-0.10883086506684346,0.13534572883442722,0.04653584065128688,2120042,,,,,,,
743,1.0,0.0,0.6338297786120288,0.6070901283292623,True,1.0,all_candidates_all_split_features,2.0,-0.024684618801311432,-0.28126456030821184,0.2318953227055889,-0.3588049137290085,2120042,,,,,,,
744,0.0,0.0,0.2696157041235064,0.15264458849958287,True,1.0,all_candidates_all_split_features,2.0,-0.06635738773195898,-0.1649715688923552,0.032256793428437194,0.00043827428651807554,2120042,,,,,,,
752,1.0,0.0,0.6647472925894883,0.7208329462562315,True,1.0,all_candidates_all_split_features,2.0,0.005432732131026738,-0.09907813497696187,0.10994359923901532,-0.048624029853681416,2120042,,,,,,,
760,1.0,1.0,0.7134555858731084,0.792566241366111,True,1.0,all_candidates_all_split_features,2.0,-0.08281946744776177,-0.2398685261198113,0.07422959122428775,-0.1049719012824385,2120042,,,,,,,
773,1.0,1.0,0.8386940353384825,0.852870223315683,True,1.0,all_candidates_all_split_features,2.0,0.029567318368029397,-0.06849707258695219,0.12763170932301096,-0.05078761983714952,2120042,,,,,,,
776,0.0,0.0,0.3345234242308092,0.20533773166060534,True,1.0,all_candidates_all_split_features,2.0,-0.013477686711380856,-0.11374691657032954,0.08679154314756779,0.11215936655437345,2120042,,,,,,,
779,0.0,0.0,0.3257453007133764,0.22754313436062862,True,1.0,all_candidates_all_split_features,2.0,-0.0196187949002912,-0.18322071408952972,0.1439831242889473,0.2102850669914252,2120042,,,,,,,
781,1.0,1.0,0.6832939038423603,0.63754694937672,True,1.0,all_candidates_all_split_features,2.0,-0.0014340819764094652,-0.16982815555188302,0.16695999159906408,0.031273744586730046,2120042,,,,,,,
782,1.0,0.0,0.7648701537663227,0.4641424883295498,True,1.0,all_candidates_all_split_features,2.0,-0.020306811830577497,-0.1188428364631138,0.0782292128019588,-0.27881971225762575,2120042,,,,,,,
783,0.0,0.0,0.12172989379204215,0.3168675055683017,True,1.0,all_candidates_all_split_features,2.0,-0.01317151345417937,-0.14439172579779047,0.11804869888943172,0.11768093960974968,2120042,,,,,,,
798,1.0,1.0,0.5742961575804171,0.7338549270059888,True,1.0,all_candidates_all_split_features,2.0,-0.08679764676512129,-0.1865853554707883,0.01299006194054568,-0.012829595656138837,2120042,,,,,,,
822,0.0,0.0,0.7417980053932205,0.6367950734915155,True,1.0,all_candidates_all_split_features,2.0,0.048968349363650174,-0.0913408631176686,0.1892775618449689,0.15687867128973654,2120042,,,,,,,
827,0.0,1.0,0.264977865904604,0.5063020143310597,True,1.0,all_candidates_all_split_features,2.0,-0.09861502090674433,-0.220168591434251,0.02293854962076232,-0.47170840662307595,2120042,,,,,,,
839,0.0,0.0,0.4808888128545494,0.1562570180525887,True,1.0,all_candidates_all_split_features,2.0,-0.06586415549641121,-0.23256995569685285,0.10084164470403038,-0.082870305049013,2120042,,,,,,,
845,1.0,1.0,0.7067711150558171,0.505484558588421,True,1.0,all_candidates_all_split_features,2.0,0.004448891100607641,-0.1905221021055891,0.19941988430680432,-0.054967122143437575,2120042,,,,,,,
848,0.0,0.0,0.1666158023279128,0.2015602546752192,True,1.0,all_candidates_all_split_features,2.0,-0.028683917105455172,-0.17791890144718603,0.12055106723627565,0.0857810802170664,2120042,,,,,,,
859,1.0,1.0,0.6849906428774399,0.6769103292049636,True,1.0,all_candidates_all_split_features,2.0,-0.027843935330109697,-0.25926131150742027,0.20357344084720086,0.10091643251497262,2120042,,,,,,,
868,1.0,0.0,0.3082583807209731,0.1535068027524439,True,1.0,all_candidates_all_split_features,2.0,-0.06396701860679127,-0.22003919257321083,0.09210515535962827,-0.03768758335333155,2120042,,,,,,,
875,1.0,1.0,0.25333963387393715,0.20708796308982624,True,1.0,all_candidates_all_split_features,2.0,0.035196523355998884,-0.0739148366531551,0.14430788336515285,0.2750351541256375,2120042,,,,,,,
892,0.0,0.0,0.6313698695873204,0.23382463068565157,True,1.0,all_candidates_all_split_features,2.0,-0.018681170046440175,-0.12930753287144256,0.0919451927785622,-0.4218944972490402,2120042,,,,,,,
893,0.0,1.0,0.45589257876268896,0.39302832109664,True,1.0,all_candidates_all_split_features,2.0,-0.04025406478740087,-0.15689244416711778,0.07638431459231601,-0.13899119129057289,2120042,,,,,,,
898,1.0,1.0,0.49462645872228006,0.3547315126470555,True,1.0,all_candidates_all_split_features,2.0,-0.03639719334934988,-0.1664385018732078,0.09364411517450802,0.11489019733853345,2120042,,,,,,,
908,1.0,1.0,0.59795154629418,0.5465323047791424,True,1.0,all_candidates_all_split_features,2.0,-0.002547960445418101,-0.20510165605085773,0.20000573516002149,0.2700079153490359,2120042,,,,,,,
913,0.0,0.0,0.4590740424682504,0.15303561997525103,True,1.0,all_candidates_all_split_features,2.0,-0.010267275565587068,-0.2422895224124033,0.22175497128122912,0.5763362625455206,2120042,,,,,,,
915,1.0,1.0,0.8444617337210738,0.7902472579186703,True,1.0,all_candidates_all_split_features,2.0,0.03402973124556588,-0.06303556266737514,0.13109502515850688,-0.10460704553612188,2120042,,,,,,,
924,0.0,1.0,0.11064807383603614,0.35875496457481376,True,1.0,all_candidates_all_split_features,2.0,-0.05663632298948499,-0.19494196766037689,0.08166932168140689,-0.03518580558050255,2120042,,,,,,,
929,1.0,0.0,0.6634216252210545,0.5571596280328351,True,1.0,all_candidates_all_split_features,2.0,0.018121697181059382,-0.07886811881608473,0.11511151317820346,-0.2246108655442407,2120042,,,,,,,
934,0.0,0.0,0.17588820990102041,0.1479102128392838,True,1.0,all_candidates_all_split_features,2.0,-0.05049593377703108,-0.13683378119066675,0.035841913636604585,-0.17923562100166213,2120042,,,,,,,
955,1.0,1.0,0.7279935351733413,0.7193079523925068,True,1.0,all_candidates_all_split_features,2.0,-0.05398354001858397,-0.20934105506331885,0.10137397502615089,-0.4074361291328243,2120042,,,,,,,
960,1.0,1.0,0.516353381546526,0.48744897008899524,True,1.0,all_candidates_all_split_features,2.0,0.012576359002002163,-0.16627651688430475,0.19142923488830904,0.30302428580824725,2120042,,,,,,,
961,0.0,1.0,0.5952214322323915,0.2839526673389449,True,1.0,all_candidates_all_split_features,2.0,-0.025466248245534985,-0.16448431303531166,0.11355181654424168,-0.17386110854674186,2120042,,,,,,,
967,0.0,0.0,0.7111062328377343,0.6026371727046967,True,1.0,all_candidates_all_split_features,2.0,-0.05085925314899864,-0.18063862519137797,0.07892011889338066,0.11315424130412288,2120042,,,,,,,
976,0.0,0.0,0.22296580907529134,0.08518100874594803,True,1.0,all_candidates_all_split_features,2.0,-0.06882905429541873,-0.2692811814633964,0.13162307287255892,-0.10435438224184548,2120042,,,,,,,
977,1.0,0.0,0.8795089744048036,0.5493546289655924,True,1.0,all_candidates_all_split_features,2.0,0.012101520192789691,-0.14623952833047216,0.1704425687160515,0.2172265382051104,2120042,,,,,,,
980,1.0,1.0,0.7845093011134376,0.5285083827381312,True,1.0,all_candidates_all_split_features,2.0,-0.016561063734235465,-0.11423633862454306,0.08111421115607212,-0.1328309937568829,2120042,,,,,,,
986,1.0,0.0,0.6842931095653495,0.4407593834478375,True,1.0,all_candidates_all_split_features,2.0,-0.04655048563327038,-0.17307570209311118,0.07997473082657039,-0.21930664730454208,2120042,,,,,,,
987,0.0,0.0,0.4937146818591577,0.41011618555896223,True,1.0,all_candidates_all_split_features,2.0,-0.04939541845894402,-0.17237535817669852,0.07358452125881047,0.16537846499403014,2120042,,,,,,,
989,0.0,0.0,0.502114524477848,0.4557268144672463,True,1.0,all_candidates_all_split_features,2.0,-0.036192419905308054,-0.14235811213035648,0.06997327231974035,-0.22553091570484401,2120042,,,,,,,
5,1.0,1.0,0.6377114402121038,0.34254974755376194,True,,multi_model_matched,,0.0027875993444213924,-0.09106430847249772,0.09663950716134048,0.29544125881310984,2120042,,,,,,,
12,0.0,1.0,0.40864594703941975,0.30002689738786964,True,,multi_model_matched,,-0.03350094091152424,-0.12018694476859362,0.053185062945545133,-0.1020346687031714,2120042,,,,,,,
15,1.0,0.0,0.5202019068490832,0.11807387106554294,True,,multi_model_matched,,-0.03653832853500004,-0.15725350067233979,0.08417684360233968,-0.003080297422145953,2120042,,,,,,,
30,0.0,0.0,0.5746897562690604,0.24295906763714584,True,,multi_model_matched,,-0.08245986896207808,-0.20487273778335421,0.039952999859198035,-0.15824629257148742,2120042,,,,,,,
39,1.0,0.0,0.6048933776872666,0.3441516064005722,True,,multi_model_matched,,-0.14128406911062327,-0.2464608907976304,-0.036107247423616165,-0.0787740414269622,2120042,,,,,,,
40,0.0,0.0,0.3543801765148926,0.35057432062020416,True,,multi_model_matched,,-0.01482311881709143,-0.17296337232821454,0.14331713469403168,0.060474988513839145,2120042,,,,,,,
43,1.0,0.0,0.7309350546172592,0.38618933830050256,True,,multi_model_matched,,-0.13791545452339643,-0.2550037065587781,-0.020827202488014826,-0.19702180525731344,2120042,,,,,,,
45,0.0,0.0,0.2877857978025763,0.3689753372039217,True,,multi_model_matched,,0.004744966072121493,-0.09623672057674135,0.1057266527209843,0.13139903885494988,2120042,,,,,,,
48,1.0,1.0,0.4640558918721573,0.5888245392655549,True,,multi_model_matched,,0.02823834063492401,-0.1272397432169986,0.18371642448684658,-0.02351093248221392,2120042,,,,,,,
63,1.0,0.0,0.493740643635318,0.20164355626544486,True,,multi_model_matched,,-0.013240657120968322,-0.12938790913968098,0.10290659489774431,-0.08061850681857732,2120042,,,,,,,
67,1.0,1.0,0.4135078007326209,0.532633707078535,True,,multi_model_matched,,-0.20550390420290648,-0.3715723971321204,-0.039435411273692544,-0.4040936263411786,2120042,,,,,,,
69,0.0,0.0,0.46600337273861786,0.48630868982475617,True,,multi_model_matched,,-0.11256550208532039,-0.2999800443935701,0.07484904022292933,-0.2535047085663173,2120042,,,,,,,
72,1.0,0.0,0.5908011295185976,0.3649110295452353,True,,multi_model_matched,,-0.08974679010395967,-0.23657915643569075,0.057085576227771384,0.03393963416448598,2120042,,,,,,,
75,1.0,0.0,0.8971971121686327,0.590906090484836,True,,multi_model_matched,,0.0057928554298628645,-0.09528305719546068,0.10686876805518639,-0.21905044290968123,2120042,,,,,,,
93,0.0,1.0,0.23435593073816172,0.3708737195266814,True,,multi_model_matched,,-0.14607381405542702,-0.24538807188463943,-0.046759556226214624,-0.24763340158643393,2120042,,,,,,,
115,0.0,0.0,0.417662784829503,0.3560754401295836,True,,multi_model_matched,,-0.03987834690163673,-0.14497786852180725,0.06522117471853375,-0.036066766855671034,2120042,,,,,,,
116,0.0,1.0,0.2300810466125331,0.24524587329350514,True,,multi_model_matched,,-0.17798572252019285,-0.33761321476504136,-0.018358230275344334,-0.014342061446469406,2120042,,,,,,,
121,1.0,0.0,0.829551555662928,0.5644650903605791,True,,multi_model_matched,,-0.18496630875823158,-0.33365574070581944,-0.03627687681064376,-0.578150415838105,2120042,,,,,,,
122,1.0,0.0,0.6628130336914178,0.16757719199669627,True,,multi_model_matched,,-0.09619970170485516,-0.25006753847031443,0.0576681350606041,-0.1662835077113541,2120042,,,,,,,
123,0.0,1.0,0.39744562120923743,0.39243083175848403,True,,multi_model_matched,,0.06993714708233482,-0.09526309514443006,0.23513738930909966,0.03246765507545743,2120042,,,,,,,
126,0.0,0.0,0.2904388139791195,0.3909132072928165,True,,multi_model_matched,,-0.16236132234563924,-0.27691403366621503,-0.04780861102506348,-0.3010231687743369,2120042,,,,,,,
130,0.0,0.0,0.26863216138852986,0.21849460988274513,True,,multi_model_matched,,-0.0058284874296538605,-0.12743570543883828,0.11577873057953053,0.006309753656425152,2120042,,,,,,,
137,0.0,0.0,0.19104229057139868,0.136704195001431,True,,multi_model_matched,,-0.10376720524797213,-0.22893300010885176,0.021398589612907484,-0.035394603233024145,2120042,,,,,,,
145,1.0,0.0,0.4660143956373304,0.44212132263226617,True,,multi_model_matched,,-0.018729045144239648,-0.16116853138294296,0.12371044109446361,-0.33769143797714973,2120042,,,,,,,
151,0.0,1.0,0.5191771574449675,0.4662585530143542,True,,multi_model_matched,,0.08256758611992508,-0.056543620958233995,0.22167879319808415,-0.31487008056515453,2120042,,,,,,,
162,0.0,0.0,0.5856731783723788,0.5989655969474362,True,,multi_model_matched,,-0.12465549330473487,-0.223780919292364,-0.025530067317105762,-0.1770906937214045,2120042,,,,,,,
167,0.0,1.0,0.6272436550256896,0.707639467658466,True,,multi_model_matched,,-0.07193183984150289,-0.2608254514730662,0.11696177179006037,0.060419762402974864,2120042,,,,,,,
169,1.0,1.0,0.718421807752594,0.8744463758885973,True,,multi_model_matched,,-0.09709068310585756,-0.22922609497528587,0.03504472876357073,-0.059438745764093026,2120042,,,,,,,
180,1.0,1.0,0.8672668628184429,0.5657293381904667,True,,multi_model_matched,,-0.05167379419453978,-0.22371294887036508,0.12036536048128547,0.07214620573564456,2120042,,,,,,,
186,1.0,0.0,0.5911390146431826,0.5179879989770028,True,,multi_model_matched,,0.017787345404365613,-0.15849662286760854,0.19407131367633973,-0.34838730337294177,2120042,,,,,,,
193,0.0,0.0,0.40023106047420476,0.1550758670471376,True,,multi_model_matched,,-0.11170587441815086,-0.2455812369856511,0.022169488149349353,-0.07790570380726344,2120042,,,,,,,
196,0.0,0.0,0.4779684453454312,0.4063942925546509,True,,multi_model_matched,,-0.046068075634052526,-0.13003654556934233,0.03790039430123727,0.18500422317417548,2120042,,,,,,,
198,0.0,0.0,0.14587366590344183,0.3168318250125152,True,,multi_model_matched,,-0.1348649764635049,-0.321269273868443,0.05153932094143315,-0.09796041668062988,2120042,,,,,,,
205,1.0,1.0,0.889667935890094,0.4157414662695457,True,,multi_model_matched,,-0.11316370022165227,-0.30219988660840386,0.0758724861650993,0.10039000345163385,2120042,,,,,,,
208,1.0,1.0,0.37917397054309765,0.6227098092939151,True,,multi_model_matched,,-0.03350094091152424,-0.12018694476859362,0.053185062945545133,-0.38364186382161225,2120042,,,,,,,
211,0.0,0.0,0.231401125726331,0.22905857404779453,True,,multi_model_matched,,-0.05000970649089433,-0.17335445173105646,0.07333503874926778,0.039362356322426656,2120042,,,,,,,
229,0.0,0.0,0.35491053100236486,0.18642819332391197,True,,multi_model_matched,,-0.09948053389812928,-0.2734824901519126,0.07452142235565407,-0.0181111175885878,2120042,,,,,,,
237,0.0,1.0,0.3187585270756577,0.6861105920384603,True,,multi_model_matched,,-0.04045755253372696,-0.1531125340459138,0.07219742897845988,0.014677238537030401,2120042,,,,,,,
241,1.0,0.0,0.33880276994038705,0.4470269612145222,True,,multi_model_matched,,-0.04056631732083041,-0.1547345335503723,0.07360189890871147,-0.2359562924134932,2120042,,,,,,,
250,1.0,1.0,0.8428866494274864,0.703627059039757,True,,multi_model_matched,,-0.07894151304775196,-0.1687716589073038,0.010888632811799873,-0.14381661120733635,2120042,,,,,,,
254,0.0,1.0,0.20839292854203073,0.24099446092279211,True,,multi_model_matched,,-0.04056631732083041,-0.1547345335503723,0.07360189890871147,0.11029612787953566,2120042,,,,,,,
261,0.0,0.0,0.25783316789758004,0.1812073244799295,True,,multi_model_matched,,-0.046068075634052526,-0.13003654556934233,0.03790039430123727,0.31285754382566056,2120042,,,,,,,
264,1.0,1.0,0.5133701154893368,0.5783417591739412,True,,multi_model_matched,,-0.11948444944934215,-0.24692373537958617,0.007954836480901825,0.10130985419071503,2120042,,,,,,,
265,0.0,0.0,0.4673440107611287,0.3563794093146026,True,,multi_model_matched,,-0.18130294951436496,-0.33631028417471504,-0.02629561485401491,-0.19966649402570194,2120042,,,,,,,
270,0.0,0.0,0.34874073775724557,0.20171397701955088,True,,multi_model_matched,,-0.16684793437287945,-0.2703203975451885,-0.06337547120057042,-0.05981133747776573,2120042,,,,,,,
271,1.0,0.0,0.8208015211662028,0.8654343342544495,True,,multi_model_matched,,-0.1887184432728541,-0.3039220404361398,-0.07351484610956839,-0.027407061388611043,2120042,,,,,,,
277,1.0,1.0,0.8458274757149049,0.5796784555469318,True,,multi_model_matched,,0.05953018099002665,-0.11181298128526937,0.23087334326532266,0.19707323380293573,2120042,,,,,,,
282,0.0,0.0,0.4968539889905682,0.48950108386632263,True,,multi_model_matched,,-0.03376293430857561,-0.1899502987835545,0.12242443016640325,0.2904593735133494,2120042,,,,,,,
284,0.0,1.0,0.26169668314489575,0.48044735559495144,True,,multi_model_matched,,-0.10391458384838478,-0.2926760751553962,0.08484690745862658,0.18518688543613304,2120042,,,,,,,
288,1.0,0.0,0.7511605014707504,0.5824804714021297,True,,multi_model_matched,,-0.01663493108428187,-0.1143108782686972,0.08104101610013344,0.004640120746827181,2120042,,,,,,,
294,1.0,1.0,0.8164796270017057,0.49031264913350026,True,,multi_model_matched,,-0.0924032551993111,-0.24546093285322945,0.06065442245460721,-0.34951026332690505,2120042,,,,,,,
318,0.0,0.0,0.6636540076542939,0.5705544669325786,True,,multi_model_matched,,0.052505152853904606,-0.08248759128425015,0.18749789699205935,-0.20199985734703257,2120042,,,,,,,
319,1.0,1.0,0.8930296774091446,0.7555478412559756,True,,multi_model_matched,,0.054867285974766145,-0.1399426900542044,0.24967726200373663,0.04278373950332526,2120042,,,,,,,
328,0.0,1.0,0.39432924248177276,0.18948303187203663,True,,multi_model_matched,,-0.02487786006779771,-0.18355551378281296,0.13379979364721747,0.10327243996857394,2120042,,,,,,,
334,0.0,0.0,0.32003853805723764,0.2875355167491368,True,,multi_model_matched,,-0.14660014832174695,-0.27099509998542903,-0.02220519665806492,-0.1484375342195409,2120042,,,,,,,
339,0.0,1.0,0.6907306329755005,0.5644583916735121,True,,multi_model_matched,,-0.07321239500678708,-0.3072496946881986,0.16082490467462446,-0.04096418254395162,2120042,,,,,,,
343,1.0,1.0,0.7122793784860058,0.5155210187085154,True,,multi_model_matched,,0.034287512401933375,-0.11977267760425289,0.1883477024081196,-0.252500407706424,2120042,,,,,,,
346,0.0,0.0,0.4668878241550569,0.33951763988107997,True,,multi_model_matched,,-0.1500611339999483,-0.24670336065361026,-0.053418907346286376,0.021257549177203516,2120042,,,,,,,
347,0.0,1.0,0.20263826870260368,0.2637419376444213,True,,multi_model_matched,,-0.1485346526776385,-0.271154494885742,-0.025914810469535005,0.0718545920669893,2120042,,,,,,,
349,0.0,1.0,0.7980010545149436,0.6771543356924604,True,,multi_model_matched,,-0.07707011187389656,-0.2175606512148322,0.06342042746703905,0.03268878550218324,2120042,,,,,,,
354,1.0,0.0,0.532805219686784,0.2924577715670299,True,,multi_model_matched,,-0.020934386656876136,-0.12101459780990861,0.07914582449615631,-0.14297135067526034,2120042,,,,,,,
357,1.0,1.0,0.6408274001124588,0.2999253159315922,True,,multi_model_matched,,-0.07567696771477149,-0.22133194400698297,0.06997800857743995,0.1013446835796018,2120042,,,,,,,
360,1.0,0.0,0.3477877504865826,0.3387807653978252,True,,multi_model_matched,,-0.03655873267459597,-0.16355044030999155,0.09043297496079958,-0.20995476861796994,2120042,,,,,,,
361,0.0,0.0,0.29661108176182654,0.23059339157774011,True,,multi_model_matched,,-0.037288517390415,-0.1736079968000342,0.09903096201920417,-0.0406445885166562,2120042,,,,,,,
365,1.0,0.0,0.6049751553904226,0.2863717839207137,True,,multi_model_matched,,-0.15460113584415827,-0.2562223197977141,-0.05297995189060248,-0.3344524588585174,2120042,,,,,,,
368,1.0,0.0,0.6849883638981021,0.32733973117530735,True,,multi_model_matched,,-0.09200186695837759,-0.21642324138749364,0.03241950747073845,-0.05427466854280549,2120042,,,,,,,
370,1.0,0.0,0.19790340240759838,0.10800260009836761,True,,multi_model_matched,,-0.09482692857609097,-0.23960537257386144,0.04995151542167946,-0.11224918810400103,2120042,,,,,,,
380,0.0,1.0,0.7471666727680591,0.4674264398886901,True,,multi_model_matched,,-0.15333648272996633,-0.270777081348553,-0.0358958841113797,-0.4595323870462047,2120042,,,,,,,
384,1.0,1.0,0.6900728481780237,0.5112597274821526,True,,multi_model_matched,,-0.04779447707322929,-0.16718681567766894,0.07159786153121031,0.0703099140074529,2120042,,,,,,,
392,1.0,1.0,0.7956043945971023,0.7308406047876336,True,,multi_model_matched,,0.0031822352947973318,-0.13611168394384904,0.14247615453344364,0.0859568948245617,2120042,,,,,,,
398,0.0,1.0,0.3206138626697417,0.45685223927714724,True,,multi_model_matched,,-0.07248974342044716,-0.24364256447075788,0.09866307762986352,-0.3498504475078327,2120042,,,,,,,
409,0.0,0.0,0.18337791691798333,0.4439000770292082,True,,multi_model_matched,,-0.030213083670349545,-0.15324493569333927,0.09281876835264016,0.14554265152238055,2120042,,,,,,,
422,1.0,1.0,0.4374280553015159,0.34871246199525907,True,,multi_model_matched,,0.08858063413895263,-0.09876563049718194,0.2759268987750872,0.04875396248008518,2120042,,,,,,,
424,1.0,0.0,0.6770097302582416,0.7052642761137701,True,,multi_model_matched,,-0.10109538638406051,-0.3161811873968632,0.11399041462874207,-0.411950972386599,2120042,,,,,,,
431,1.0,1.0,0.4372491262168222,0.6279412483546116,True,,multi_model_matched,,-0.049962035001880956,-0.13359532094393836,0.033671250940176436,-0.32665406706368566,2120042,,,,,,,
433,0.0,0.0,0.10525170726096475,0.10427304962006238,True,,multi_model_matched,,-0.04977347079443587,-0.15704107600863312,0.05749413441976136,-0.03402153155820689,2120042,,,,,,,
435,0.0,1.0,0.4409894527049854,0.6729711349557012,True,,multi_model_matched,,-0.08172005607793226,-0.2902177403062847,0.12677762815042015,-0.10742312894197681,2120042,,,,,,,
446,1.0,0.0,0.2790381570542702,0.16375999330593335,True,,multi_model_matched,,-0.025072616857290973,-0.12758964392505429,0.07744441021047233,-0.06432527410523083,2120042,,,,,,,
447,1.0,1.0,0.536835214889051,0.5503554221394807,True,,multi_model_matched,,-0.04912930710611584,-0.1501553678720275,0.05189675365979577,0.034144994760945346,2120042,,,,,,,
451,1.0,1.0,0.7690955084071955,0.6112206494377056,True,,multi_model_matched,,0.022770860869775915,-0.0753559092300195,0.12089763096957132,-0.17663563846118313,2120042,,,,,,,
460,1.0,0.0,0.39094770965443404,0.27994469973743064,True,,multi_model_matched,,0.013472309356910617,-0.10299277404639262,0.12993739276021382,-0.15089969081385596,2120042,,,,,,,
462,0.0,0.0,0.4757820881301206,0.3798226570352518,True,,multi_model_matched,,0.030602565748047084,-0.13009064054779482,0.19129577204388895,-0.02877369342676961,2120042,,,,,,,
465,0.0,1.0,0.4312755600906261,0.6491876730428766,True,,multi_model_matched,,-0.09948053389812928,-0.2734824901519126,0.07452142235565407,-0.07352311822592295,2120042,,,,,,,
467,0.0,0.0,0.2562069965782711,0.26684038260745196,True,,multi_model_matched,,-0.06361811508123418,-0.17311624405035614,0.045880013887887774,0.18109530692018136,2120042,,,,,,,
468,1.0,0.0,0.44882293786932376,0.4590625162462623,True,,multi_model_matched,,-0.16030521742757034,-0.26141271469189614,-0.05919772016324458,-0.36394341785118856,2120042,,,,,,,
474,0.0,0.0,0.4334979519869535,0.38280401600429703,True,,multi_model_matched,,0.03155134854843187,-0.08799692362236772,0.15109962071923141,0.27024214191256124,2120042,,,,,,,
478,1.0,0.0,0.5739982744039367,0.2947270948162633,True,,multi_model_matched,,-0.08376865037004114,-0.19618021428732657,0.028642913547244256,-0.14113139488284232,2120042,,,,,,,
481,0.0,1.0,0.5087083360409932,0.40825501741027925,True,,multi_model_matched,,-0.11408667292671339,-0.28152178756738305,0.05334844171395624,0.24256774419822325,2120042,,,,,,,
486,1.0,1.0,0.7441202307802978,0.6148549412893181,True,,multi_model_matched,,-0.20731813878664004,-0.3703252266346525,-0.04431105093862761,-0.6892153014395378,2120042,,,,,,,
487,1.0,1.0,0.8467975192157075,0.5866738910251524,True,,multi_model_matched,,-0.015599998696008137,-0.12022444925295214,0.08902445186093583,-0.028156691615068175,2120042,,,,,,,
498,0.0,0.0,0.3020648921646804,0.1979830251548477,True,,multi_model_matched,,-0.09440941383093363,-0.23546021115344468,0.0466413834915774,-0.1062618189134249,2120042,,,,,,,
503,0.0,0.0,0.3446948747805175,0.2658055219729751,True,,multi_model_matched,,0.048435461581433525,-0.10863464414181168,0.2055055673046787,-0.16728505428348134,2120042,,,,,,,
507,1.0,1.0,0.8311033999506614,0.7945564212316646,True,,multi_model_matched,,-0.0013368251662616592,-0.09136028137943288,0.08868663104690953,-0.030854928811506976,2120042,,,,,,,
508,0.0,0.0,0.5229332692489086,0.2601699446166555,True,,multi_model_matched,,-0.11924600455941499,-0.21016691134465523,-0.02832509777417476,-0.05620972089686527,2120042,,,,,,,
514,1.0,1.0,0.8270038617254091,0.6943390637417084,True,,multi_model_matched,,-0.15166350818347907,-0.30851981543612805,0.005192799069169918,-0.061478120138046544,2120042,,,,,,,
526,0.0,0.0,0.15782593929996835,0.13044474411998602,True,,multi_model_matched,,0.05091352562012604,-0.08530499599585761,0.18713204723610968,0.020299231269924375,2120042,,,,,,,
528,1.0,1.0,0.6647472925894883,0.7352516088728809,True,,multi_model_matched,,0.06730870619546923,-0.11768772104312743,0.25230513343406585,-0.3151680255715663,2120042,,,,,,,
532,1.0,0.0,0.5659465902283147,0.4305883970188177,True,,multi_model_matched,,-0.09579040829029428,-0.2839419209243982,0.09236110434380956,-0.5334643262344162,2120042,,,,,,,
534,0.0,1.0,0.6356185713393279,0.49570608184298615,True,,multi_model_matched,,-0.03487617067264583,-0.13488612216070517,0.06513378081541349,0.13543398492073888,2120042,,,,,,,
535,0.0,0.0,0.6385549390569282,0.3491581541021244,True,,multi_model_matched,,-0.0612763725890732,-0.21678580596569488,0.09423306078754845,0.03704061610492676,2120042,,,,,,,
538,1.0,0.0,0.7165422603028302,0.5565385298635452,True,,multi_model_matched,,-0.03619121484931135,-0.14121807617608337,0.06883564647746065,-0.06212851278558973,2120042,,,,,,,
539,0.0,1.0,0.3919352408994978,0.39807883890515544,True,,multi_model_matched,,-0.18992215241977617,-0.2811470809333305,-0.09869722390622183,-0.11126006308263126,2120042,,,,,,,
546,0.0,0.0,0.30246911548946265,0.1674140399970113,True,,multi_model_matched,,-0.08000085934583122,-0.20359823081244316,0.04359651212078071,-0.06620608679353736,2120042,,,,,,,
549,1.0,0.0,0.737809295603759,0.4018100071172399,True,,multi_model_matched,,-0.04192401151004148,-0.222656136264899,0.138808113244816,-0.22605679180368443,2120042,,,,,,,
550,0.0,0.0,0.22968620364065134,0.12507868829739605,True,,multi_model_matched,,-0.10202621510020239,-0.2426398582724682,0.038587428072063376,-0.08381602753461014,2120042,,,,,,,
552,1.0,0.0,0.5131292585651384,0.19044531066663345,True,,multi_model_matched,,-0.1725113105536289,-0.28860433356975895,-0.05641828753749886,0.08753892270289004,2120042,,,,,,,
559,1.0,0.0,0.6085123450001269,0.405681505096466,True,,multi_model_matched,,-0.11948444944934215,-0.24692373537958617,0.007954836480901825,-0.36576085048430995,2120042,,,,,,,
560,1.0,1.0,0.8655555287273489,0.6294406160354643,True,,multi_model_matched,,-0.019602826987592883,-0.1701861476149432,0.1309804936397574,-0.06469990771798673,2120042,,,,,,,
561,1.0,0.0,0.6004522932294956,0.25193874811218325,True,,multi_model_matched,,-0.11948444944934215,-0.24692373537958617,0.007954836480901825,-0.14847635272894044,2120042,,,,,,,
563,0.0,0.0,0.34977696900330585,0.3001244011940171,True,,multi_model_matched,,-0.049632123757927804,-0.1341035575521008,0.03483931003624517,0.08723419972137467,2120042,,,,,,,
568,1.0,1.0,0.8420165704415828,0.7241993149028411,True,,multi_model_matched,,-0.19227480194573796,-0.31902107820037684,-0.0655285256910991,-0.11006768648138565,2120042,,,,,,,
569,0.0,1.0,0.6204165780663479,0.649966418468412,True,,multi_model_matched,,-0.04714735657459787,-0.2653707479890993,0.17107603483990352,-0.03506472883281053,2120042,,,,,,,
578,0.0,0.0,0.528449166106585,0.541129455632692,True,,multi_model_matched,,-0.06525484804029243,-0.18503488032024118,0.054525184239656285,-0.1661069213092291,2120042,,,,,,,
584,1.0,0.0,0.4835230499831929,0.6086690571475216,True,,multi_model_matched,,-0.08178677271350908,-0.1784206214650076,0.014847076037989418,-0.18620539681394355,2120042,,,,,,,
588,1.0,1.0,0.6950874683394853,0.6067692377764136,True,,multi_model_matched,,-0.031118301322369438,-0.14991688406228165,0.08768028141754274,0.05151712594740754,2120042,,,,,,,
594,0.0,1.0,0.3845124638174599,0.20204826370818607,True,,multi_model_matched,,-0.061773103701653925,-0.19131506482476227,0.06776885742145439,-0.1845762402931477,2120042,,,,,,,
599,0.0,1.0,0.5139276407168637,0.3069862927665871,True,,multi_model_matched,,-0.04056631732083041,-0.1547345335503723,0.07360189890871147,-0.017020805613165407,2120042,,,,,,,
603,1.0,1.0,0.8760250372770755,0.7245136388321798,True,,multi_model_matched,,-0.1887184432728541,-0.3039220404361398,-0.07351484610956839,-0.4064471216929251,2120042,,,,,,,
606,0.0,1.0,0.21922940776003394,0.3608687382193187,True,,multi_model_matched,,-0.09948053389812928,-0.2734824901519126,0.07452142235565407,-0.0810499975355446,2120042,,,,,,,
607,0.0,0.0,0.2306889141131686,0.41349980578355594,True,,multi_model_matched,,-0.047631095634937955,-0.15492859161451927,0.05966640034464333,-0.20262165996000597,2120042,,,,,,,
609,0.0,1.0,0.2303519206028594,0.1661800464978828,True,,multi_model_matched,,-0.12401292908268755,-0.25072656998358533,0.002700711818210244,-0.17815202596793825,2120042,,,,,,,
614,1.0,1.0,0.6467946600933504,0.454149402724382,True,,multi_model_matched,,-0.11688910673524078,-0.26590492832210405,0.03212671485162247,0.13800989485438941,2120042,,,,,,,
617,1.0,0.0,0.6802572666640975,0.691208308706228,True,,multi_model_matched,,-0.10817403506251827,-0.2671895347972463,0.05084146467220971,-0.32977963417948597,2120042,,,,,,,
621,1.0,1.0,0.627291255719527,0.643934722388693,True,,multi_model_matched,,-0.07567696771477149,-0.22133194400698297,0.06997800857743995,-0.10300534475910206,2120042,,,,,,,
626,1.0,0.0,0.474501537217078,0.16437460061425205,True,,multi_model_matched,,-0.08176261886215512,-0.22484105167304663,0.06131581394873638,-0.14734105843629364,2120042,,,,,,,
638,1.0,0.0,0.2748012559824055,0.1239220657092472,True,,multi_model_matched,,-0.09324725533674949,-0.2647291755331824,0.07823466485968344,-0.028967779075204383,2120042,,,,,,,
648,1.0,1.0,0.5446984576494674,0.4969151883647077,True,,multi_model_matched,,-0.1659407751599747,-0.34190296029161543,0.010021409971665951,0.22657797391420198,2120042,,,,,,,
651,1.0,0.0,0.7414638822974168,0.20735604282143721,True,,multi_model_matched,,-0.07909934583418457,-0.21433027355958115,0.05613158189121198,0.14285091672279376,2120042,,,,,,,
656,0.0,0.0,0.28204662460451924,0.4366149382471533,True,,multi_model_matched,,-0.06284465324255431,-0.21921566099361942,0.09352635450851077,0.008071797181922913,2120042,,,,,,,
662,0.0,0.0,0.6929571721037661,0.5688028871898342,True,,multi_model_matched,,0.062292903072777545,-0.07447344864111066,0.19905925478666572,0.12090442381375327,2120042,,,,,,,
663,1.0,1.0,0.6304851473044282,0.5835748670106308,True,,multi_model_matched,,-0.0491640249045441,-0.19555232193284242,0.09722427212375417,-0.0006267839972746714,2120042,,,,,,,
676,1.0,0.0,0.4599439184764482,0.29878782114157487,True,,multi_model_matched,,-0.03432234047143247,-0.21834005574569165,0.1496953748028267,0.288078314021742,2120042,,,,,,,
680,1.0,0.0,0.6829703748258147,0.11385594636738014,True,,multi_model_matched,,-0.045957326942991206,-0.25710884753500707,0.1651941936490246,-0.21676132704337042,2120042,,,,,,,
684,0.0,0.0,0.5697406984360188,0.19983185070397666,True,,multi_model_matched,,-0.04013484836877877,-0.17467269592624013,0.09440299918868252,-0.09365228131014089,2120042,,,,,,,
689,1.0,1.0,0.8868225930045658,0.8706173422583725,True,,multi_model_matched,,-0.06525484804029243,-0.18503488032024118,0.054525184239656285,0.028437736123359203,2120042,,,,,,,
707,1.0,0.0,0.3095601577041158,0.16574517487960455,True,,multi_model_matched,,-0.10867173510473704,-0.2540258398940678,0.03668236968459371,-0.18261274863827542,2120042,,,,,,,
708,0.0,0.0,0.38944180681518387,0.31109833854695346,True,,multi_model_matched,,-0.1734706610489436,-0.27304958394253165,-0.07389173815535556,-0.3033594815556778,2120042,,,,,,,
712,0.0,0.0,0.22671743720630477,0.39916050095370287,True,,multi_model_matched,,-0.02532069633639236,-0.14127407399341316,0.09063268132062843,0.20262182932038472,2120042,,,,,,,
713,0.0,1.0,0.4479973834356069,0.7899673126686212,True,,multi_model_matched,,0.015768308684240125,-0.2015006645441881,0.2330372819126683,0.18351149860665072,2120042,,,,,,,
723,1.0,1.0,0.8791019779208326,0.6312407840166131,True,,multi_model_matched,,-0.035832295659705624,-0.18292251163649437,0.1112579203170831,-0.013981278819158116,2120042,,,,,,,
735,1.0,1.0,0.7869431386479372,0.5368141960979033,True,,multi_model_matched,,0.012965437463628618,-0.08397888588086,0.10990976080811722,0.2892291597635016,2120042,,,,,,,
739,0.0,1.0,0.16567925131260422,0.3625667250095327,True,,multi_model_matched,,0.045057516279950596,-0.15531791953078922,0.24543295209069038,0.04653584065128688,2120042,,,,,,,
743,1.0,0.0,0.6338297786120288,0.6070901283292623,True,,multi_model_matched,,-0.18133884681076987,-0.32048926244043785,-0.04218843118110191,-0.3588049137290085,2120042,,,,,,,
744,0.0,0.0,0.2696157041235064,0.15264458849958287,True,,multi_model_matched,,0.009244991718761855,-0.16700422598047934,0.18549420941800301,0.00043827428651807554,2120042,,,,,,,
752,1.0,0.0,0.6647472925894883,0.7208329462562315,True,,multi_model_matched,,0.06730870619546923,-0.11768772104312743,0.25230513343406585,-0.048624029853681416,2120042,,,,,,,
760,1.0,1.0,0.7134555858731084,0.792566241366111,True,,multi_model_matched,,-0.2000651842450789,-0.3925502295346848,-0.007580138955473048,-0.1049719012824385,2120042,,,,,,,
773,1.0,1.0,0.8386940353384825,0.852870223315683,True,,multi_model_matched,,-0.01418224348959169,-0.12293569955908504,0.09457121257990161,-0.05078761983714952,2120042,,,,,,,
776,0.0,0.0,0.3345234242308092,0.20533773166060534,True,,multi_model_matched,,0.12220516808287624,-0.05153852695308006,0.2959488631188325,0.11215936655437345,2120042,,,,,,,
779,0.0,0.0,0.3257453007133764,0.22754313436062862,True,,multi_model_matched,,-0.028082614141522667,-0.18591450842994087,0.12974928014689552,0.2102850669914252,2120042,,,,,,,
781,1.0,1.0,0.6832939038423603,0.63754694937672,True,,multi_model_matched,,-0.03987834690163673,-0.14497786852180725,0.06522117471853375,0.031273744586730046,2120042,,,,,,,
782,1.0,0.0,0.7648701537663227,0.4641424883295498,True,,multi_model_matched,,-0.06943611169680347,-0.1669176656490911,0.028045442255484138,-0.27881971225762575,2120042,,,,,,,
783,0.0,0.0,0.12172989379204215,0.3168675055683017,True,,multi_model_matched,,0.062292903072777545,-0.07447344864111066,0.19905925478666572,0.11768093960974968,2120042,,,,,,,
798,1.0,1.0,0.5742961575804171,0.7338549270059888,True,,multi_model_matched,,-0.015555062727764822,-0.1857118179479799,0.1546016924924502,-0.012829595656138837,2120042,,,,,,,
822,0.0,0.0,0.7417980053932205,0.6367950734915155,True,,multi_model_matched,,0.049934143492211897,-0.07355391195942194,0.1734221989438457,0.15687867128973654,2120042,,,,,,,
827,0.0,1.0,0.264977865904604,0.5063020143310597,True,,multi_model_matched,,-0.17883300656129048,-0.29299802656549856,-0.06466798655708242,-0.47170840662307595,2120042,,,,,,,
839,0.0,0.0,0.4808888128545494,0.1562570180525887,True,,multi_model_matched,,-0.07969925562451044,-0.2082589379452021,0.04886042669618118,-0.082870305049013,2120042,,,,,,,
845,1.0,1.0,0.7067711150558171,0.505484558588421,True,,multi_model_matched,,0.03884051588439864,-0.15377888171079054,0.23145991347958775,-0.054967122143437575,2120042,,,,,,,
848,0.0,0.0,0.1666158023279128,0.2015602546752192,True,,multi_model_matched,,-0.029132544672973323,-0.11679097676266821,0.058525887416721545,0.0857810802170664,2120042,,,,,,,
859,1.0,1.0,0.6849906428774399,0.6769103292049636,True,,multi_model_matched,,-0.019890261844135015,-0.14925885333931155,0.1094783296510415,0.10091643251497262,2120042,,,,,,,
868,1.0,0.0,0.3082583807209731,0.1535068027524439,True,,multi_model_matched,,-0.04605235028998843,-0.1975764847530998,0.1054717841731229,-0.03768758335333155,2120042,,,,,,,
875,1.0,1.0,0.25333963387393715,0.20708796308982624,True,,multi_model_matched,,0.04942457547705203,-0.1363214604163859,0.23517061137048992,0.2750351541256375,2120042,,,,,,,
892,0.0,0.0,0.6313698695873204,0.23382463068565157,True,,multi_model_matched,,-0.08713752845218113,-0.2695006247664028,0.09522556786204049,-0.4218944972490402,2120042,,,,,,,
893,0.0,1.0,0.45589257876268896,0.39302832109664,True,,multi_model_matched,,-0.1089140871341176,-0.3184733863842252,0.10064521211598992,-0.13899119129057289,2120042,,,,,,,
898,1.0,1.0,0.49462645872228006,0.3547315126470555,True,,multi_model_matched,,-0.11351124174707723,-0.22471524098888782,-0.0023072425052666767,0.11489019733853345,2120042,,,,,,,
908,1.0,1.0,0.59795154629418,0.5465323047791424,True,,multi_model_matched,,-0.04163500056962861,-0.21287894114222297,0.12960894000296574,0.2700079153490359,2120042,,,,,,,
913,0.0,0.0,0.4590740424682504,0.15303561997525103,True,,multi_model_matched,,0.07734501575845149,-0.04110171935968619,0.19579175087658912,0.5763362625455206,2120042,,,,,,,
915,1.0,1.0,0.8444617337210738,0.7902472579186703,True,,multi_model_matched,,-0.017202894070818143,-0.16779363947372766,0.13338785133209133,-0.10460704553612188,2120042,,,,,,,
924,0.0,1.0,0.11064807383603614,0.35875496457481376,True,,multi_model_matched,,-0.08779595213621665,-0.2321627784522472,0.056570874179813865,-0.03518580558050255,2120042,,,,,,,
929,1.0,0.0,0.6634216252210545,0.5571596280328351,True,,multi_model_matched,,0.07945770250227634,-0.09191338064197406,0.2508287856465267,-0.2246108655442407,2120042,,,,,,,
934,0.0,0.0,0.17588820990102041,0.1479102128392838,True,,multi_model_matched,,-0.1529695496136084,-0.29317056508043576,-0.012768534146781058,-0.17923562100166213,2120042,,,,,,,
955,1.0,1.0,0.7279935351733413,0.7193079523925068,True,,multi_model_matched,,-0.09948053389812928,-0.2734824901519126,0.07452142235565407,-0.4074361291328243,2120042,,,,,,,
960,1.0,1.0,0.516353381546526,0.48744897008899524,True,,multi_model_matched,,0.01680253404873225,-0.14222097213027576,0.17582604022774023,0.30302428580824725,2120042,,,,,,,
961,0.0,1.0,0.5952214322323915,0.2839526673389449,True,,multi_model_matched,,-0.05885769705692838,-0.20606742040365672,0.08835202628979989,-0.17386110854674186,2120042,,,,,,,
967,0.0,0.0,0.7111062328377343,0.6026371727046967,True,,multi_model_matched,,-0.1089140871341176,-0.3184733863842252,0.10064521211598992,0.11315424130412288,2120042,,,,,,,
976,0.0,0.0,0.22296580907529134,0.08518100874594803,True,,multi_model_matched,,-0.2000651842450789,-0.3925502295346848,-0.007580138955473048,-0.10435438224184548,2120042,,,,,,,
977,1.0,0.0,0.8795089744048036,0.5493546289655924,True,,multi_model_matched,,-0.01754939967918501,-0.20104259207878836,0.1659437927204183,0.2172265382051104,2120042,,,,,,,
980,1.0,1.0,0.7845093011134376,0.5285083827381312,True,,multi_model_matched,,-0.17017146848445786,-0.3464974501038528,0.00615451313493709,-0.1328309937568829,2120042,,,,,,,
986,1.0,0.0,0.6842931095653495,0.4407593834478375,True,,multi_model_matched,,-0.03376293430857561,-0.1899502987835545,0.12242443016640325,-0.21930664730454208,2120042,,,,,,,
987,0.0,0.0,0.4937146818591577,0.41011618555896223,True,,multi_model_matched,,-0.040345140348159496,-0.16003356034230654,0.0793432796459875,0.16537846499403014,2120042,,,,,,,
989,0.0,0.0,0.502114524477848,0.4557268144672463,True,,multi_model_matched,,0.023160489231821003,-0.07066395988807568,0.11698493835171765,-0.22553091570484401,2120042,,,,,,,
5,1.0,1.0,0.6377114402121038,0.34254974755376194,True,,multi_model_broad,,0.007993124620146336,-0.14297870469870852,0.15896495393900117,0.29544125881310984,2120042,,,,,,,
12,0.0,1.0,0.40864594703941975,0.30002689738786964,True,,multi_model_broad,,-0.006571858816284747,-0.08729004061211747,0.07414632297954794,-0.1020346687031714,2120042,,,,,,,
15,1.0,0.0,0.5202019068490832,0.11807387106554294,True,,multi_model_broad,,-0.05546386926730424,-0.23459173795544438,0.12366399942083589,-0.003080297422145953,2120042,,,,,,,
30,0.0,0.0,0.5746897562690604,0.24295906763714584,True,,multi_model_broad,,-0.005488508691688855,-0.13621319838577184,0.12523618100239411,-0.15824629257148742,2120042,,,,,,,
39,1.0,0.0,0.6048933776872666,0.3441516064005722,True,,multi_model_broad,,-0.02433771977623282,-0.11676169127235826,0.06808625171989259,-0.0787740414269622,2120042,,,,,,,
40,0.0,0.0,0.3543801765148926,0.35057432062020416,True,,multi_model_broad,,-0.019976505835741353,-0.21057407240529671,0.170621060733814,0.060474988513839145,2120042,,,,,,,
43,1.0,0.0,0.7309350546172592,0.38618933830050256,True,,multi_model_broad,,-0.0365929488949488,-0.14065918899165658,0.06747329120175896,-0.19702180525731344,2120042,,,,,,,
45,0.0,0.0,0.2877857978025763,0.3689753372039217,True,,multi_model_broad,,-0.06406661858494038,-0.18469506828962856,0.05656183111974779,0.13139903885494988,2120042,,,,,,,
48,1.0,1.0,0.4640558918721573,0.5888245392655549,True,,multi_model_broad,,-0.08581232566192752,-0.25648043144608146,0.08485578012222637,-0.02351093248221392,2120042,,,,,,,
63,1.0,0.0,0.493740643635318,0.20164355626544486,True,,multi_model_broad,,-0.013797102296950884,-0.10789081267230757,0.08029660807840579,-0.08061850681857732,2120042,,,,,,,
67,1.0,1.0,0.4135078007326209,0.532633707078535,True,,multi_model_broad,,-0.08668228992784291,-0.2611626745205687,0.08779809466488281,-0.4040936263411786,2120042,,,,,,,
69,0.0,0.0,0.46600337273861786,0.48630868982475617,True,,multi_model_broad,,-0.04389471428739271,-0.18861585200263553,0.10082642342785007,-0.2535047085663173,2120042,,,,,,,
72,1.0,0.0,0.5908011295185976,0.3649110295452353,True,,multi_model_broad,,-0.032409578265975805,-0.19181249084766772,0.12699333431571608,0.03393963416448598,2120042,,,,,,,
75,1.0,0.0,0.8971971121686327,0.590906090484836,True,,multi_model_broad,,-0.009234326715189214,-0.16877823168905692,0.1503095782586784,-0.21905044290968123,2120042,,,,,,,
93,0.0,1.0,0.23435593073816172,0.3708737195266814,True,,multi_model_broad,,-0.03363827976896988,-0.1207732665368337,0.05349670699889392,-0.24763340158643393,2120042,,,,,,,
115,0.0,0.0,0.417662784829503,0.3560754401295836,True,,multi_model_broad,,-0.02061903139991763,-0.13128091100263586,0.09004284820280059,-0.036066766855671034,2120042,,,,,,,
116,0.0,1.0,0.2300810466125331,0.24524587329350514,True,,multi_model_broad,,-0.08199461581508632,-0.24828581981160036,0.08429658818142766,-0.014342061446469406,2120042,,,,,,,
121,1.0,0.0,0.829551555662928,0.5644650903605791,True,,multi_model_broad,,-0.011613169848842102,-0.14557194824209635,0.12234560854441211,-0.578150415838105,2120042,,,,,,,
122,1.0,0.0,0.6628130336914178,0.16757719199669627,True,,multi_model_broad,,-0.024581709195098726,-0.14825659011346887,0.09909317172327138,-0.1662835077113541,2120042,,,,,,,
123,0.0,1.0,0.39744562120923743,0.39243083175848403,True,,multi_model_broad,,-0.04492644142458591,-0.19968826420739794,0.10983538135822607,0.03246765507545743,2120042,,,,,,,
126,0.0,0.0,0.2904388139791195,0.3909132072928165,True,,multi_model_broad,,-0.0723874373034549,-0.2254521590081376,0.08067728440122776,-0.3010231687743369,2120042,,,,,,,
130,0.0,0.0,0.26863216138852986,0.21849460988274513,True,,multi_model_broad,,-0.06667488954130103,-0.2355230832345293,0.1021733041519272,0.006309753656425152,2120042,,,,,,,
137,0.0,0.0,0.19104229057139868,0.136704195001431,True,,multi_model_broad,,-0.03150076572831013,-0.1658445003411253,0.10284296888450503,-0.035394603233024145,2120042,,,,,,,
145,1.0,0.0,0.4660143956373304,0.44212132263226617,True,,multi_model_broad,,0.008696525162461905,-0.12588336051869836,0.14327641084362217,-0.33769143797714973,2120042,,,,,,,
151,0.0,1.0,0.5191771574449675,0.4662585530143542,True,,multi_model_broad,,-0.0004979147917057376,-0.07545982768625265,0.07446399810284117,-0.31487008056515453,2120042,,,,,,,
162,0.0,0.0,0.5856731783723788,0.5989655969474362,True,,multi_model_broad,,-0.03467927737004647,-0.1631179213080642,0.09375936656797124,-0.1770906937214045,2120042,,,,,,,
167,0.0,1.0,0.6272436550256896,0.707639467658466,True,,multi_model_broad,,-0.0525450559254707,-0.1962838858696856,0.09119377401874415,0.060419762402974864,2120042,,,,,,,
169,1.0,1.0,0.718421807752594,0.8744463758885973,True,,multi_model_broad,,-0.050776066649499865,-0.13797687001289954,0.036424736713899813,-0.059438745764093026,2120042,,,,,,,
180,1.0,1.0,0.8672668628184429,0.5657293381904667,True,,multi_model_broad,,-0.01603527906510194,-0.10396965276186021,0.07189909463165631,0.07214620573564456,2120042,,,,,,,
186,1.0,0.0,0.5911390146431826,0.5179879989770028,True,,multi_model_broad,,-0.03946651359210458,-0.19009628798275324,0.11116326079854406,-0.34838730337294177,2120042,,,,,,,
193,0.0,0.0,0.40023106047420476,0.1550758670471376,True,,multi_model_broad,,-0.03492087244775344,-0.1334823710108824,0.06364062611537552,-0.07790570380726344,2120042,,,,,,,
196,0.0,0.0,0.4779684453454312,0.4063942925546509,True,,multi_model_broad,,-0.00701351820217553,-0.12992476446338314,0.11589772805903206,0.18500422317417548,2120042,,,,,,,
198,0.0,0.0,0.14587366590344183,0.3168318250125152,True,,multi_model_broad,,-0.05156497488944237,-0.1558033891201669,0.05267343934128211,-0.09796041668062988,2120042,,,,,,,
205,1.0,1.0,0.889667935890094,0.4157414662695457,True,,multi_model_broad,,-0.01548282700016091,-0.10298371990509958,0.07201806590477774,0.10039000345163385,2120042,,,,,,,
208,1.0,1.0,0.37917397054309765,0.6227098092939151,True,,multi_model_broad,,0.00984685184775766,-0.09041053451087541,0.1101042382063907,-0.38364186382161225,2120042,,,,,,,
211,0.0,0.0,0.231401125726331,0.22905857404779453,True,,multi_model_broad,,-0.002682375381340016,-0.13248780022749035,0.1271230494648103,0.039362356322426656,2120042,,,,,,,
229,0.0,0.0,0.35491053100236486,0.18642819332391197,True,,multi_model_broad,,-0.03347975618496469,-0.1963977048449515,0.12943819247502208,-0.0181111175885878,2120042,,,,,,,
237,0.0,1.0,0.3187585270756577,0.6861105920384603,True,,multi_model_broad,,-0.04188073042107488,-0.13096306954732934,0.04720160870517957,0.014677238537030401,2120042,,,,,,,
241,1.0,0.0,0.33880276994038705,0.4470269612145222,True,,multi_model_broad,,-0.03318749335789935,-0.20855279463172488,0.14217780791592616,-0.2359562924134932,2120042,,,,,,,
250,1.0,1.0,0.8428866494274864,0.703627059039757,True,,multi_model_broad,,-0.0418779925862064,-0.17521241220413364,0.09145642703172083,-0.14381661120733635,2120042,,,,,,,
254,0.0,1.0,0.20839292854203073,0.24099446092279211,True,,multi_model_broad,,-0.012504653281884196,-0.15487999047241383,0.12987068390864542,0.11029612787953566,2120042,,,,,,,
261,0.0,0.0,0.25783316789758004,0.1812073244799295,True,,multi_model_broad,,-0.03574869746147192,-0.1144319511991348,0.04293455627619092,0.31285754382566056,2120042,,,,,,,
264,1.0,1.0,0.5133701154893368,0.5783417591739412,True,,multi_model_broad,,-0.03921686342957094,-0.13112396482981517,0.052690237970673265,0.10130985419071503,2120042,,,,,,,
265,0.0,0.0,0.4673440107611287,0.3563794093146026,True,,multi_model_broad,,-0.06538734211945796,-0.22640331688838553,0.09562863264946958,-0.19966649402570194,2120042,,,,,,,
270,0.0,0.0,0.34874073775724557,0.20171397701955088,True,,multi_model_broad,,-0.008950749353770226,-0.10470837330685431,0.08680687459931383,-0.05981133747776573,2120042,,,,,,,
271,1.0,0.0,0.8208015211662028,0.8654343342544495,True,,multi_model_broad,,-0.01817486556271817,-0.1065184484549127,0.07016871732947635,-0.027407061388611043,2120042,,,,,,,
277,1.0,1.0,0.8458274757149049,0.5796784555469318,True,,multi_model_broad,,0.017800338486206484,-0.14787527229769679,0.18347594927010974,0.19707323380293573,2120042,,,,,,,
282,0.0,0.0,0.4968539889905682,0.48950108386632263,True,,multi_model_broad,,-0.030965323779900283,-0.1514375584513056,0.089506910891505,0.2904593735133494,2120042,,,,,,,
284,0.0,1.0,0.26169668314489575,0.48044735559495144,True,,multi_model_broad,,0.007116822802654567,-0.08772805714184453,0.10196170274715365,0.18518688543613304,2120042,,,,,,,
288,1.0,0.0,0.7511605014707504,0.5824804714021297,True,,multi_model_broad,,-0.014953004734349707,-0.1858498931519933,0.15594388368329384,0.004640120746827181,2120042,,,,,,,
294,1.0,1.0,0.8164796270017057,0.49031264913350026,True,,multi_model_broad,,-0.03142256466294659,-0.10797001971290256,0.045124890387009356,-0.34951026332690505,2120042,,,,,,,
318,0.0,0.0,0.6636540076542939,0.5705544669325786,True,,multi_model_broad,,-0.034993612958043256,-0.118948453670737,0.04896122775465047,-0.20199985734703257,2120042,,,,,,,
319,1.0,1.0,0.8930296774091446,0.7555478412559756,True,,multi_model_broad,,-0.034721976236401664,-0.12161066297311768,0.05216671050031434,0.04278373950332526,2120042,,,,,,,
328,0.0,1.0,0.39432924248177276,0.18948303187203663,True,,multi_model_broad,,0.0006415026853312516,-0.09871156458329879,0.09999456995396126,0.10327243996857394,2120042,,,,,,,
334,0.0,0.0,0.32003853805723764,0.2875355167491368,True,,multi_model_broad,,-0.06594323224348395,-0.17337895870557388,0.04149249421860596,-0.1484375342195409,2120042,,,,,,,
339,0.0,1.0,0.6907306329755005,0.5644583916735121,True,,multi_model_broad,,-0.024238731400763044,-0.16871131242088028,0.12023384961935416,-0.04096418254395162,2120042,,,,,,,
343,1.0,1.0,0.7122793784860058,0.5155210187085154,True,,multi_model_broad,,-0.047226620386458945,-0.13561365735497666,0.04116041658205877,-0.252500407706424,2120042,,,,,,,
346,0.0,0.0,0.4668878241550569,0.33951763988107997,True,,multi_model_broad,,-0.03482704565804813,-0.137889016919717,0.06823492560362072,0.021257549177203516,2120042,,,,,,,
347,0.0,1.0,0.20263826870260368,0.2637419376444213,True,,multi_model_broad,,-0.05692408358394019,-0.15027813730762773,0.03642997013974733,0.0718545920669893,2120042,,,,,,,
349,0.0,1.0,0.7980010545149436,0.6771543356924604,True,,multi_model_broad,,-0.055024918165529575,-0.15056634941190408,0.0405165130808449,0.03268878550218324,2120042,,,,,,,
354,1.0,0.0,0.532805219686784,0.2924577715670299,True,,multi_model_broad,,-0.008510122167846476,-0.10583456532518486,0.08881432098949188,-0.14297135067526034,2120042,,,,,,,
357,1.0,1.0,0.6408274001124588,0.2999253159315922,True,,multi_model_broad,,-0.023242159597091385,-0.10720770744170079,0.060723388247517995,0.1013446835796018,2120042,,,,,,,
360,1.0,0.0,0.3477877504865826,0.3387807653978252,True,,multi_model_broad,,-0.06864382677238792,-0.16985414007688587,0.03256648653211,-0.20995476861796994,2120042,,,,,,,
361,0.0,0.0,0.29661108176182654,0.23059339157774011,True,,multi_model_broad,,-0.013915325886962517,-0.13785230409569993,0.11002165232177488,-0.0406445885166562,2120042,,,,,,,
365,1.0,0.0,0.6049751553904226,0.2863717839207137,True,,multi_model_broad,,-0.08511115548714486,-0.20319202963912458,0.03296971866483482,-0.3344524588585174,2120042,,,,,,,
368,1.0,0.0,0.6849883638981021,0.32733973117530735,True,,multi_model_broad,,-0.007552032226355268,-0.1331889998651708,0.11808493541246025,-0.05427466854280549,2120042,,,,,,,
370,1.0,0.0,0.19790340240759838,0.10800260009836761,True,,multi_model_broad,,-0.030585738765952376,-0.16227824796697835,0.10110677043507356,-0.11224918810400103,2120042,,,,,,,
380,0.0,1.0,0.7471666727680591,0.4674264398886901,True,,multi_model_broad,,-0.0413690779974383,-0.13981148908637048,0.057073333091493844,-0.4595323870462047,2120042,,,,,,,
384,1.0,1.0,0.6900728481780237,0.5112597274821526,True,,multi_model_broad,,-0.02027529328087656,-0.19814872695747435,0.15759814039572115,0.0703099140074529,2120042,,,,,,,
392,1.0,1.0,0.7956043945971023,0.7308406047876336,True,,multi_model_broad,,-0.06127068913986825,-0.16826851877114324,0.04572714049140671,0.0859568948245617,2120042,,,,,,,
398,0.0,1.0,0.3206138626697417,0.45685223927714724,True,,multi_model_broad,,-0.047543499020568945,-0.2529553675689909,0.15786836952785294,-0.3498504475078327,2120042,,,,,,,
409,0.0,0.0,0.18337791691798333,0.4439000770292082,True,,multi_model_broad,,-0.039131967851830485,-0.15943786943524887,0.08117393373158788,0.14554265152238055,2120042,,,,,,,
422,1.0,1.0,0.4374280553015159,0.34871246199525907,True,,multi_model_broad,,-0.0053698772204613275,-0.14109802212999242,0.13035826768906972,0.04875396248008518,2120042,,,,,,,
424,1.0,0.0,0.6770097302582416,0.7052642761137701,True,,multi_model_broad,,-0.09617013821117536,-0.1902405678228699,-0.002099708599480818,-0.411950972386599,2120042,,,,,,,
431,1.0,1.0,0.4372491262168222,0.6279412483546116,True,,multi_model_broad,,-0.054167349286067645,-0.1527491449819134,0.0444144464097781,-0.32665406706368566,2120042,,,,,,,
433,0.0,0.0,0.10525170726096475,0.10427304962006238,True,,multi_model_broad,,-0.08824283050302455,-0.1768932053189214,0.0004075443128722933,-0.03402153155820689,2120042,,,,,,,
435,0.0,1.0,0.4409894527049854,0.6729711349557012,True,,multi_model_broad,,-0.05499478990112652,-0.18224506006073615,0.07225548025848308,-0.10742312894197681,2120042,,,,,,,
446,1.0,0.0,0.2790381570542702,0.16375999330593335,True,,multi_model_broad,,-0.03348302501118522,-0.1282263288440189,0.06126027882164846,-0.06432527410523083,2120042,,,,,,,
447,1.0,1.0,0.536835214889051,0.5503554221394807,True,,multi_model_broad,,0.0013539854205492723,-0.12077468961759402,0.12348266045869255,0.034144994760945346,2120042,,,,,,,
451,1.0,1.0,0.7690955084071955,0.6112206494377056,True,,multi_model_broad,,-0.0027101015557392436,-0.10476758158429056,0.09934737847281205,-0.17663563846118313,2120042,,,,,,,
460,1.0,0.0,0.39094770965443404,0.27994469973743064,True,,multi_model_broad,,-0.0374591427654417,-0.1199369534732285,0.04501866794234509,-0.15089969081385596,2120042,,,,,,,
462,0.0,0.0,0.4757820881301206,0.3798226570352518,True,,multi_model_broad,,-0.01187924448926871,-0.09530294289957054,0.0715444539210331,-0.02877369342676961,2120042,,,,,,,
465,0.0,1.0,0.4312755600906261,0.6491876730428766,True,,multi_model_broad,,-0.04007810389081869,-0.15064260087384396,0.07048639309220656,-0.07352311822592295,2120042,,,,,,,
467,0.0,0.0,0.2562069965782711,0.26684038260745196,True,,multi_model_broad,,-0.06064351619182978,-0.18784780875031984,0.06656077636666025,0.18109530692018136,2120042,,,,,,,
468,1.0,0.0,0.44882293786932376,0.4590625162462623,True,,multi_model_broad,,-0.03138646759902033,-0.13498655913796917,0.07221362393992847,-0.36394341785118856,2120042,,,,,,,
474,0.0,0.0,0.4334979519869535,0.38280401600429703,True,,multi_model_broad,,-0.04716983988959794,-0.14843422993640568,0.054094550157209764,0.27024214191256124,2120042,,,,,,,
478,1.0,0.0,0.5739982744039367,0.2947270948162633,True,,multi_model_broad,,-0.04583459153854493,-0.2438091632011488,0.15213998012405885,-0.14113139488284232,2120042,,,,,,,
481,0.0,1.0,0.5087083360409932,0.40825501741027925,True,,multi_model_broad,,0.012272754949765572,-0.08379976250140742,0.10834527240093852,0.24256774419822325,2120042,,,,,,,
486,1.0,1.0,0.7441202307802978,0.6148549412893181,True,,multi_model_broad,,-0.07522055534998513,-0.28490472612372175,0.1344636154237514,-0.6892153014395378,2120042,,,,,,,
487,1.0,1.0,0.8467975192157075,0.5866738910251524,True,,multi_model_broad,,-0.017291599941096757,-0.11573088027101887,0.08114768038882532,-0.028156691615068175,2120042,,,,,,,
498,0.0,0.0,0.3020648921646804,0.1979830251548477,True,,multi_model_broad,,-0.054573141072491775,-0.21323841762874904,0.10409213548376545,-0.1062618189134249,2120042,,,,,,,
503,0.0,0.0,0.3446948747805175,0.2658055219729751,True,,multi_model_broad,,-0.019443876969184804,-0.11911513067070896,0.08022737673233933,-0.16728505428348134,2120042,,,,,,,
507,1.0,1.0,0.8311033999506614,0.7945564212316646,True,,multi_model_broad,,-0.03533834183165434,-0.12878245940742983,0.05810577574412111,-0.030854928811506976,2120042,,,,,,,
508,0.0,0.0,0.5229332692489086,0.2601699446166555,True,,multi_model_broad,,-0.04132341271138466,-0.11832516025646075,0.035678334833691414,-0.05620972089686527,2120042,,,,,,,
514,1.0,1.0,0.8270038617254091,0.6943390637417084,True,,multi_model_broad,,-0.03451622152344044,-0.220357144056109,0.1513247010092281,-0.061478120138046544,2120042,,,,,,,
526,0.0,0.0,0.15782593929996835,0.13044474411998602,True,,multi_model_broad,,-0.010290365192070577,-0.15790789653046125,0.13732716614632004,0.020299231269924375,2120042,,,,,,,
528,1.0,1.0,0.6647472925894883,0.7352516088728809,True,,multi_model_broad,,-0.01361822702847082,-0.14649822136306695,0.11926176730612528,-0.3151680255715663,2120042,,,,,,,
532,1.0,0.0,0.5659465902283147,0.4305883970188177,True,,multi_model_broad,,-0.05225215074974017,-0.21335201914864282,0.10884771764916244,-0.5334643262344162,2120042,,,,,,,
534,0.0,1.0,0.6356185713393279,0.49570608184298615,True,,multi_model_broad,,-0.020803208035579314,-0.14226097590377737,0.1006545598326187,0.13543398492073888,2120042,,,,,,,
535,0.0,0.0,0.6385549390569282,0.3491581541021244,True,,multi_model_broad,,0.0035820336061576723,-0.11294879524245606,0.1201128624547714,0.03704061610492676,2120042,,,,,,,
538,1.0,0.0,0.7165422603028302,0.5565385298635452,True,,multi_model_broad,,-0.0433937098765975,-0.2298810973241558,0.14309367757096075,-0.06212851278558973,2120042,,,,,,,
539,0.0,1.0,0.3919352408994978,0.39807883890515544,True,,multi_model_broad,,-0.07407348696863528,-0.17340684696549347,0.02525987302822287,-0.11126006308263126,2120042,,,,,,,
546,0.0,0.0,0.30246911548946265,0.1674140399970113,True,,multi_model_broad,,-0.046497947442274194,-0.16239282407385597,0.06939692918930757,-0.06620608679353736,2120042,,,,,,,
549,1.0,0.0,0.737809295603759,0.4018100071172399,True,,multi_model_broad,,-0.04708168550782992,-0.12259150746478656,0.028428136449126694,-0.22605679180368443,2120042,,,,,,,
550,0.0,0.0,0.22968620364065134,0.12507868829739605,True,,multi_model_broad,,-0.08034252632624764,-0.23953049589570563,0.07884544324321033,-0.08381602753461014,2120042,,,,,,,
552,1.0,0.0,0.5131292585651384,0.19044531066663345,True,,multi_model_broad,,-0.07232105050601033,-0.20867015365168212,0.06402805263966145,0.08753892270289004,2120042,,,,,,,
559,1.0,0.0,0.6085123450001269,0.405681505096466,True,,multi_model_broad,,-0.0393981025313704,-0.14689340011048413,0.06809719504774331,-0.36576085048430995,2120042,,,,,,,
560,1.0,1.0,0.8655555287273489,0.6294406160354643,True,,multi_model_broad,,0.001513591605874829,-0.10064437125447397,0.1036715544662236,-0.06469990771798673,2120042,,,,,,,
561,1.0,0.0,0.6004522932294956,0.25193874811218325,True,,multi_model_broad,,-0.03419964378287864,-0.1601473624969883,0.09174807493123101,-0.14847635272894044,2120042,,,,,,,
563,0.0,0.0,0.34977696900330585,0.3001244011940171,True,,multi_model_broad,,-0.043486418868973135,-0.17211800595751534,0.08514516821956902,0.08723419972137467,2120042,,,,,,,
568,1.0,1.0,0.8420165704415828,0.7241993149028411,True,,multi_model_broad,,-0.09356823214172903,-0.18423085775572587,-0.002905606527732224,-0.11006768648138565,2120042,,,,,,,
569,0.0,1.0,0.6204165780663479,0.649966418468412,True,,multi_model_broad,,-0.055919321288934926,-0.13371120594234936,0.0218725633644795,-0.03506472883281053,2120042,,,,,,,
578,0.0,0.0,0.528449166106585,0.541129455632692,True,,multi_model_broad,,-0.045479286748019286,-0.2117431022807655,0.1207845287847269,-0.1661069213092291,2120042,,,,,,,
584,1.0,0.0,0.4835230499831929,0.6086690571475216,True,,multi_model_broad,,0.011402641005727207,-0.09173106655897216,0.11453634857042654,-0.18620539681394355,2120042,,,,,,,
588,1.0,1.0,0.6950874683394853,0.6067692377764136,True,,multi_model_broad,,0.01605470169344088,-0.20809759522441418,0.24020699861129585,0.05151712594740754,2120042,,,,,,,
594,0.0,1.0,0.3845124638174599,0.20204826370818607,True,,multi_model_broad,,-0.0342248503287888,-0.1597080673315669,0.09125836667398926,-0.1845762402931477,2120042,,,,,,,
599,0.0,1.0,0.5139276407168637,0.3069862927665871,True,,multi_model_broad,,-0.02745493239169554,-0.20318377225146594,0.14827390746807484,-0.017020805613165407,2120042,,,,,,,
603,1.0,1.0,0.8760250372770755,0.7245136388321798,True,,multi_model_broad,,-0.039535335738461214,-0.19078750655081567,0.11171683507389318,-0.4064471216929251,2120042,,,,,,,
606,0.0,1.0,0.21922940776003394,0.3608687382193187,True,,multi_model_broad,,-0.07188454164255746,-0.220682677375303,0.07691359409018804,-0.0810499975355446,2120042,,,,,,,
607,0.0,0.0,0.2306889141131686,0.41349980578355594,True,,multi_model_broad,,-0.012690529639163253,-0.08984622395650127,0.06446516467817474,-0.20262165996000597,2120042,,,,,,,
609,0.0,1.0,0.2303519206028594,0.1661800464978828,True,,multi_model_broad,,-0.04396442283157418,-0.15387055872487032,0.06594171306172192,-0.17815202596793825,2120042,,,,,,,
614,1.0,1.0,0.6467946600933504,0.454149402724382,True,,multi_model_broad,,-0.08603581852061272,-0.3019973657069291,0.12992572866570362,0.13800989485438941,2120042,,,,,,,
617,1.0,0.0,0.6802572666640975,0.691208308706228,True,,multi_model_broad,,-0.05170320156628955,-0.16049485146486514,0.05708844833228603,-0.32977963417948597,2120042,,,,,,,
621,1.0,1.0,0.627291255719527,0.643934722388693,True,,multi_model_broad,,-0.023568316967567397,-0.12355869536541411,0.07642206143027931,-0.10300534475910206,2120042,,,,,,,
626,1.0,0.0,0.474501537217078,0.16437460061425205,True,,multi_model_broad,,-0.0260286732363249,-0.12689678319263226,0.07483943671998244,-0.14734105843629364,2120042,,,,,,,
638,1.0,0.0,0.2748012559824055,0.1239220657092472,True,,multi_model_broad,,-0.05747535921179701,-0.16345466750738213,0.048503949083788085,-0.028967779075204383,2120042,,,,,,,
648,1.0,1.0,0.5446984576494674,0.4969151883647077,True,,multi_model_broad,,-0.02628885926636333,-0.20479754527247768,0.15221982673975099,0.22657797391420198,2120042,,,,,,,
651,1.0,0.0,0.7414638822974168,0.20735604282143721,True,,multi_model_broad,,-0.02892675998731171,-0.11830270101897494,0.060449181044351485,0.14285091672279376,2120042,,,,,,,
656,0.0,0.0,0.28204662460451924,0.4366149382471533,True,,multi_model_broad,,-0.03907384685820097,-0.18963353230188343,0.11148583858548142,0.008071797181922913,2120042,,,,,,,
662,0.0,0.0,0.6929571721037661,0.5688028871898342,True,,multi_model_broad,,-0.01289596893914188,-0.08461364970223241,0.058821711823948616,0.12090442381375327,2120042,,,,,,,
663,1.0,1.0,0.6304851473044282,0.5835748670106308,True,,multi_model_broad,,-0.01174504268401292,-0.14458278413379583,0.12109269876576997,-0.0006267839972746714,2120042,,,,,,,
676,1.0,0.0,0.4599439184764482,0.29878782114157487,True,,multi_model_broad,,-0.0657101356345732,-0.17688319562416563,0.045462924355019196,0.288078314021742,2120042,,,,,,,
680,1.0,0.0,0.6829703748258147,0.11385594636738014,True,,multi_model_broad,,-0.016647582420742945,-0.12038890130842622,0.0870937364669403,-0.21676132704337042,2120042,,,,,,,
684,0.0,0.0,0.5697406984360188,0.19983185070397666,True,,multi_model_broad,,-0.0321956412299296,-0.18043981922733976,0.1160485367674805,-0.09365228131014089,2120042,,,,,,,
689,1.0,1.0,0.8868225930045658,0.8706173422583725,True,,multi_model_broad,,-0.022689880684243643,-0.16328561870951375,0.11790585734102645,0.028437736123359203,2120042,,,,,,,
707,1.0,0.0,0.3095601577041158,0.16574517487960455,True,,multi_model_broad,,-0.089262657514295,-0.17771831437201302,-0.0008070006565770171,-0.18261274863827542,2120042,,,,,,,
708,0.0,0.0,0.38944180681518387,0.31109833854695346,True,,multi_model_broad,,-0.05070946788658631,-0.1329990429541748,0.031580107181002154,-0.3033594815556778,2120042,,,,,,,
712,0.0,0.0,0.22671743720630477,0.39916050095370287,True,,multi_model_broad,,-0.05290849097307866,-0.17118095457718385,0.06536397263102652,0.20262182932038472,2120042,,,,,,,
713,0.0,1.0,0.4479973834356069,0.7899673126686212,True,,multi_model_broad,,-0.02658383542375591,-0.19526548619700315,0.14209781534949126,0.18351149860665072,2120042,,,,,,,
723,1.0,1.0,0.8791019779208326,0.6312407840166131,True,,multi_model_broad,,-0.01923507807525354,-0.15954576673879683,0.12107561058828972,-0.013981278819158116,2120042,,,,,,,
735,1.0,1.0,0.7869431386479372,0.5368141960979033,True,,multi_model_broad,,-0.015004932657500214,-0.11098854828400533,0.08097868296900486,0.2892291597635016,2120042,,,,,,,
739,0.0,1.0,0.16567925131260422,0.3625667250095327,True,,multi_model_broad,,-0.019270154624272465,-0.19693793255593378,0.15839762330738882,0.04653584065128688,2120042,,,,,,,
743,1.0,0.0,0.6338297786120288,0.6070901283292623,True,,multi_model_broad,,-0.02535077600948228,-0.1673087610635704,0.11660720904460582,-0.3588049137290085,2120042,,,,,,,
744,0.0,0.0,0.2696157041235064,0.15264458849958287,True,,multi_model_broad,,-0.05827601083520464,-0.1370596522228315,0.02050763055242221,0.00043827428651807554,2120042,,,,,,,
752,1.0,0.0,0.6647472925894883,0.7208329462562315,True,,multi_model_broad,,-0.0029681083482966013,-0.13152463773841436,0.1255884210418211,-0.048624029853681416,2120042,,,,,,,
760,1.0,1.0,0.7134555858731084,0.792566241366111,True,,multi_model_broad,,-0.08038574045993149,-0.23179651922880204,0.071025038308939,-0.1049719012824385,2120042,,,,,,,
773,1.0,1.0,0.8386940353384825,0.852870223315683,True,,multi_model_broad,,-0.021364398609034985,-0.12787629177581053,0.08514749455774054,-0.05078761983714952,2120042,,,,,,,
776,0.0,0.0,0.3345234242308092,0.20533773166060534,True,,multi_model_broad,,-0.015402089932864103,-0.13428059284241753,0.10347641297668929,0.11215936655437345,2120042,,,,,,,
779,0.0,0.0,0.3257453007133764,0.22754313436062862,True,,multi_model_broad,,-0.06174583756205501,-0.18522691257732163,0.06173523745321158,0.2102850669914252,2120042,,,,,,,
781,1.0,1.0,0.6832939038423603,0.63754694937672,True,,multi_model_broad,,-0.02743102508277955,-0.14474551225741755,0.08988346209185842,0.031273744586730046,2120042,,,,,,,
782,1.0,0.0,0.7648701537663227,0.4641424883295498,True,,multi_model_broad,,-0.017696530898470987,-0.09144292637507409,0.05604986457813211,-0.27881971225762575,2120042,,,,,,,
783,0.0,0.0,0.12172989379204215,0.3168675055683017,True,,multi_model_broad,,0.0031665819957769556,-0.17215515460666167,0.17848831859821557,0.11768093960974968,2120042,,,,,,,
798,1.0,1.0,0.5742961575804171,0.7338549270059888,True,,multi_model_broad,,-0.029119708086413666,-0.1269658621964577,0.06872644602363034,-0.012829595656138837,2120042,,,,,,,
822,0.0,0.0,0.7417980053932205,0.6367950734915155,True,,multi_model_broad,,0.028137412863538786,-0.16589711072964067,0.2221719364567182,0.15687867128973654,2120042,,,,,,,
827,0.0,1.0,0.264977865904604,0.5063020143310597,True,,multi_model_broad,,-0.07171458551698719,-0.19933958541427577,0.05591041438030135,-0.47170840662307595,2120042,,,,,,,
839,0.0,0.0,0.4808888128545494,0.1562570180525887,True,,multi_model_broad,,-0.04510270981530872,-0.12230324902247702,0.03209782939185956,-0.082870305049013,2120042,,,,,,,
845,1.0,1.0,0.7067711150558171,0.505484558588421,True,,multi_model_broad,,0.0009146410248187403,-0.13784388808514478,0.13967317013478225,-0.054967122143437575,2120042,,,,,,,
848,0.0,0.0,0.1666158023279128,0.2015602546752192,True,,multi_model_broad,,-0.050708304425551215,-0.2218865968034851,0.12046998795238265,0.0857810802170664,2120042,,,,,,,
859,1.0,1.0,0.6849906428774399,0.6769103292049636,True,,multi_model_broad,,-0.030138243763229825,-0.1286328412201533,0.06835635369369365,0.10091643251497262,2120042,,,,,,,
868,1.0,0.0,0.3082583807209731,0.1535068027524439,True,,multi_model_broad,,-0.04787368412419957,-0.15094620057622152,0.055198832327822356,-0.03768758335333155,2120042,,,,,,,
875,1.0,1.0,0.25333963387393715,0.20708796308982624,True,,multi_model_broad,,0.01719867625271826,-0.13019823697343894,0.16459558947887543,0.2750351541256375,2120042,,,,,,,
892,0.0,0.0,0.6313698695873204,0.23382463068565157,True,,multi_model_broad,,-0.025454389292811713,-0.17817091872828525,0.1272621401426618,-0.4218944972490402,2120042,,,,,,,
893,0.0,1.0,0.45589257876268896,0.39302832109664,True,,multi_model_broad,,-0.034380167129964716,-0.12200619389444273,0.05324585963451329,-0.13899119129057289,2120042,,,,,,,
898,1.0,1.0,0.49462645872228006,0.3547315126470555,True,,multi_model_broad,,0.0015806770906516493,-0.13166516023812183,0.13482651441942511,0.11489019733853345,2120042,,,,,,,
908,1.0,1.0,0.59795154629418,0.5465323047791424,True,,multi_model_broad,,-0.05009372801218765,-0.14704161119387005,0.046854155169494725,0.2700079153490359,2120042,,,,,,,
913,0.0,0.0,0.4590740424682504,0.15303561997525103,True,,multi_model_broad,,0.0034670934065067945,-0.1603472557126676,0.16728144252568117,0.5763362625455206,2120042,,,,,,,
915,1.0,1.0,0.8444617337210738,0.7902472579186703,True,,multi_model_broad,,-0.01374202211266468,-0.13116274469245665,0.10367870046712727,-0.10460704553612188,2120042,,,,,,,
924,0.0,1.0,0.11064807383603614,0.35875496457481376,True,,multi_model_broad,,-0.06450972336476263,-0.1807094430406304,0.051689996311105144,-0.03518580558050255,2120042,,,,,,,
929,1.0,0.0,0.6634216252210545,0.5571596280328351,True,,multi_model_broad,,-0.012734834009892547,-0.1143106644741106,0.08884099645432549,-0.2246108655442407,2120042,,,,,,,
934,0.0,0.0,0.17588820990102041,0.1479102128392838,True,,multi_model_broad,,-0.052262690546792764,-0.17694701976801624,0.0724216386744307,-0.17923562100166213,2120042,,,,,,,
955,1.0,1.0,0.7279935351733413,0.7193079523925068,True,,multi_model_broad,,-0.044641245375402226,-0.22161122422100699,0.1323287334702025,-0.4074361291328243,2120042,,,,,,,
960,1.0,1.0,0.516353381546526,0.48744897008899524,True,,multi_model_broad,,0.01068964558009414,-0.170071269761371,0.1914505609215592,0.30302428580824725,2120042,,,,,,,
961,0.0,1.0,0.5952214322323915,0.2839526673389449,True,,multi_model_broad,,-0.03518363206492387,-0.11029067036141907,0.039923406231571305,-0.17386110854674186,2120042,,,,,,,
967,0.0,0.0,0.7111062328377343,0.6026371727046967,True,,multi_model_broad,,-0.04536522018180135,-0.18339002890093686,0.09265958853733415,0.11315424130412288,2120042,,,,,,,
976,0.0,0.0,0.22296580907529134,0.08518100874594803,True,,multi_model_broad,,-0.05927530054662939,-0.2036995420032981,0.0851489409100393,-0.10435438224184548,2120042,,,,,,,
977,1.0,0.0,0.8795089744048036,0.5493546289655924,True,,multi_model_broad,,-0.021106665352230013,-0.11986507187163536,0.07765174116717533,0.2172265382051104,2120042,,,,,,,
980,1.0,1.0,0.7845093011134376,0.5285083827381312,True,,multi_model_broad,,-0.044228045193361584,-0.20255367165013705,0.11409758126341384,-0.1328309937568829,2120042,,,,,,,
986,1.0,0.0,0.6842931095653495,0.4407593834478375,True,,multi_model_broad,,-0.011321889665119135,-0.14800702066256902,0.12536324133233073,-0.21930664730454208,2120042,,,,,,,
987,0.0,0.0,0.4937146818591577,0.41011618555896223,True,,multi_model_broad,,-0.03901901389282483,-0.15346608962609312,0.07542806184044343,0.16537846499403014,2120042,,,,,,,
989,0.0,0.0,0.502114524477848,0.4557268144672463,True,,multi_model_broad,,-0.05767184589535532,-0.1783365512790034,0.06299285948829275,-0.22553091570484401,2120042,,,,,,,
5,1.0,1.0,0.7049072990646004,,True,,multi_model_production,,-0.05939387128934393,,,0.29544125881310984,100042,5.0,0.5455481244152229,0.4352866957826915,0.6908556898405971,-0.2261630307911211,0.10737528821243322,
12,0.0,1.0,0.36609056746086477,,True,,multi_model_production,,-0.021504780492282955,,,-0.1020346687031714,100042,12.0,0.38326370916535724,0.49645869311360163,-0.8597141718033823,-0.12120237275076677,0.07819281176620084,
15,1.0,0.0,0.7241382347166085,,True,,multi_model_production,,-0.06227594190948701,,,-0.003080297422145953,100042,15.0,0.6003412482212928,0.4824991136554547,-0.7841501549457877,-0.1409156219269979,0.016363738108023877,
30,0.0,0.0,0.6178105286879496,,True,,multi_model_production,,-0.13235070327017556,,,-0.15824629257148742,100042,30.0,0.7307155124952718,0.3930835914623557,1.5742876040830875,-0.22202081791671385,-0.042680588623637314,
35,1.0,1.0,0.8493923090283297,,True,,multi_model_production,,-0.08466688133118662,,,0.011426825642477212,100042,35.0,0.7502551032167515,0.6522537262889768,0.3114045830918431,-0.19261281693972868,0.02327905427735541,
39,1.0,0.0,0.7614730164450023,,True,,multi_model_production,,-0.1312370179566146,,,-0.0787740414269622,100042,39.0,0.7884230287716242,0.4463867366576751,-0.9282510719122763,-0.22258981396987934,-0.039884221943349896,
40,0.0,0.0,0.3206742283899928,,True,,multi_model_production,,-0.07291127868031491,,,0.060474988513839145,100042,40.0,0.482628423292736,0.48547590625862547,0.713299586304915,-0.21180651933359043,0.06598396197296058,
43,1.0,0.0,0.734497836147555,,True,,multi_model_production,,-0.1558696661486325,,,-0.19702180525731344,100042,43.0,0.6065163825248175,0.3379711848986395,-0.7286843134489014,-0.3311137681098292,0.019374435812564067,
45,0.0,0.0,0.17744040322714175,,True,,multi_model_production,,-0.039316818069262044,,,0.13139903885494988,100042,45.0,0.7312955356897554,0.5111571102244028,0.6689102690716043,-0.22326182269325587,0.14462818655473172,
48,1.0,1.0,0.3557585593955873,,True,,multi_model_production,,-0.010677392051785778,,,-0.02351093248221392,100042,48.0,0.8288108366755502,0.830412677475402,0.4782940188115819,-0.1045046661161245,0.08314988201255291,
63,1.0,0.0,0.7080766606562301,,True,,multi_model_production,,-0.08998337190934222,,,-0.08061850681857732,100042,63.0,0.5767190868531952,0.349341529250038,-0.7207443760014304,-0.26457739178273687,0.08461064796405238,
67,1.0,1.0,0.19759719714558777,,True,,multi_model_production,,-0.20408070487810054,,,-0.4040936263411786,100042,67.0,0.7448320635126672,0.23945146427684194,3.343603833285214,-0.3053698512499392,-0.10279155850626188,
69,0.0,0.0,0.2706905021912648,,True,,multi_model_production,,-0.1499186310708735,,,-0.2535047085663173,100042,69.0,0.5384393918865364,0.2839641255708411,0.48381128213090757,-0.29021136909712214,-0.009625893044624911,
72,1.0,0.0,0.6653769594626164,,True,,multi_model_production,,-0.13432772098605997,,,0.03393963416448598,100042,72.0,0.2971945175573258,0.2424277056814058,-0.41911322068033596,-0.2835737082919005,0.014918266319780521,
93,0.0,1.0,0.15344256775887544,,True,,multi_model_production,,-0.15563512607063112,,,-0.24763340158643393,100042,93.0,0.4044184110896956,0.16292842066585533,-0.9450235797913071,-0.2891355662565108,-0.022134685884751454,
115,0.0,0.0,0.15273673765085566,,True,,multi_model_production,,-0.06350195091809903,,,-0.036066766855671034,100042,115.0,0.14548752835810863,0.15492182468317464,0.18114896261984445,-0.17170476751144015,0.04470086567524209,
116,0.0,1.0,0.145049237378774,,True,,multi_model_production,,-0.1834766016105593,,,-0.014342061446469406,100042,116.0,0.7943031408916622,0.3882157316285509,-0.6466823863091391,-0.2771352918501043,-0.08981791137101423,
121,1.0,0.0,0.8498551003049425,,True,,multi_model_production,,-0.1644109636610176,,,-0.578150415838105,100042,121.0,0.8387382440478084,0.4651211673678721,-0.9209117475020314,-0.23929768704270413,-0.08952424027933108,
122,1.0,0.0,0.8538095238389906,,True,,multi_model_production,,-0.1149139412447814,,,-0.1662835077113541,100042,122.0,0.5518004765705514,0.2605023016654627,-0.5964040496840021,-0.21877265937679308,-0.011055223112769755,
123,0.0,1.0,0.3634766142038039,,True,,multi_model_production,,-0.004778631589719054,,,0.03246765507545743,100042,123.0,0.5996565786988798,0.5456715150500598,-0.6829382651095175,-0.08358138758703795,0.07402412440759983,
126,0.0,0.0,0.11129583094293359,,True,,multi_model_production,,-0.1565865269901623,,,-0.3010231687743369,100042,126.0,0.2280314791665559,0.0870411534523935,0.11559841000483626,-0.3183168847577059,0.005143830777381342,
130,0.0,0.0,0.1432611847382442,,True,,multi_model_production,,-0.09291097506033782,,,0.006309753656425152,100042,130.0,0.16970816140408881,0.2616661973733727,0.2900442652622086,-0.2408912399556172,0.055069289834941526,
137,0.0,0.0,0.20273176057204295,,True,,multi_model_production,,-0.16832746112781516,,,-0.035394603233024145,100042,137.0,0.2468934329799657,0.17228196367040388,0.23506276675070398,-0.2614192526347501,-0.07523566962088024,
145,1.0,0.0,0.1715919853290642,,True,,multi_model_production,,-0.03298064037081585,,,-0.33769143797714973,100042,145.0,0.22505058631303337,0.17054181878145436,-1.0483886300111935,-0.20414989417668508,0.13818861343505334,
151,0.0,1.0,0.49110200854302105,,True,,multi_model_production,,0.032480256116336335,,,-0.31487008056515453,100042,151.0,0.3709283362992538,0.6223363378194153,-0.984736912119032,-0.0410188860839597,0.10597939831663236,
162,0.0,0.0,0.2711256073731696,,True,,multi_model_production,,-0.13878661436750633,,,-0.1770906937214045,100042,162.0,0.23822526775888275,0.11324567927275175,0.20186035838088628,-0.3046493957735059,0.027076167038493165,
167,0.0,1.0,0.359898579630979,,True,,multi_model_production,,-0.16066836529391082,,,0.060419762402974864,100042,167.0,0.41344217380280107,0.2678441201293562,-1.0619494435188948,-0.2610564220461789,-0.06028030854164276,
169,1.0,1.0,0.5084032350877512,,True,,multi_model_production,,-0.13527686554556514,,,-0.059438745764093026,100042,169.0,0.6883278841339847,0.4642225061774882,0.8297382187114823,-0.33051372442979365,0.05995999333866328,
186,1.0,0.0,0.5189639378137411,,True,,multi_model_production,,-0.014760524888053595,,,-0.34838730337294177,100042,186.0,0.5489720269318175,0.634796022025597,-1.1373747202154694,-0.1214841377506212,0.09196308797451398,
193,0.0,0.0,0.39401039721703346,,True,,multi_model_production,,-0.15348928980123352,,,-0.07790570380726344,100042,193.0,0.6787264344451026,0.3483016926095335,0.7896050925511878,-0.2578317095710527,-0.04914687003141438,
196,0.0,0.0,0.4136971432840006,,True,,multi_model_production,,-0.042829851120052484,,,0.18500422317417548,100042,196.0,0.4614507709644716,0.3506110148477907,0.6762121329857371,-0.12720978431674262,0.04155008207663766,
208,1.0,1.0,0.21054983421268372,,True,,multi_model_production,,-0.021504780492282955,,,-0.38364186382161225,100042,208.0,0.41597545890091475,0.5053680390017543,2.4386319554147176,-0.12120237275076677,0.07819281176620084,
211,0.0,0.0,0.10761267594706643,,True,,multi_model_production,,-0.09702606164220817,,,0.039362356322426656,100042,211.0,0.3316960090471305,0.21881623692679605,0.25881534288945174,-0.19050090498361122,-0.0035512183008051534,
229,0.0,0.0,0.6124894427503074,,True,,multi_model_production,,-0.14332565958414126,,,-0.0181111175885878,100042,229.0,0.4369411783363335,0.2551561926496303,0.9457744321455966,-0.3160594444793069,0.029408125311024325,
241,1.0,0.0,0.1296871288930001,,True,,multi_model_production,,-0.12705487794292586,,,-0.2359562924134932,100042,241.0,0.3076005193027544,0.20998320879476207,-1.7167695778699383,-0.2415278192101616,-0.012581936675690145,
250,1.0,1.0,0.8940016469103241,,True,,multi_model_production,,-0.1394555795781024,,,-0.14381661120733635,100042,250.0,0.8420711918303014,0.5832837708476739,0.20733725629565297,-0.2667124737853561,-0.012198685370848728,
261,0.0,0.0,0.19930023023554239,,True,,multi_model_production,,-0.042829851120052484,,,0.31285754382566056,100042,261.0,0.42321609506781144,0.4712929429235553,0.5766346307464636,-0.12720978431674262,0.04155008207663766,
264,1.0,1.0,0.4092513640313307,,True,,multi_model_production,,-0.15862652125026558,,,0.10130985419071503,100042,264.0,0.7880498483851173,0.41929472739925394,1.0501901132596831,-0.23617333806759033,-0.08107970443294084,
265,0.0,0.0,0.368647353679438,,True,,multi_model_production,,-0.1991205362405094,,,-0.19966649402570194,100042,265.0,0.7599495184763637,0.31423470262778147,0.7579698806601709,-0.3439489472311494,-0.054292125249869455,
270,0.0,0.0,0.13802985819396013,,True,,multi_model_production,,-0.17077741136023727,,,-0.05981133747776573,100042,270.0,0.08385775295846423,0.06806399662428812,0.08149238954410405,-0.29877857591542323,-0.04277624680505138,
271,1.0,0.0,0.8461194009607359,,True,,multi_model_production,,-0.19998638452176126,,,-0.027407061388611043,100042,271.0,0.9284180398230525,0.3172843739213348,-0.9861213727916326,-0.3417533488560842,-0.05821942018743831,
277,1.0,1.0,0.892034668894391,,True,,multi_model_production,,0.01839698607704322,,,0.19707323380293573,100042,277.0,0.3451237238143712,0.3775647877895551,0.7302112672139278,-0.16960187437242,0.2063958465265064,
282,0.0,0.0,0.5132602916031453,,True,,multi_model_production,,-0.10699232689206363,,,0.2904593735133494,100042,282.0,0.8296609228488849,0.5592596633440878,1.4341256334858925,-0.20386200331724535,-0.010122650466881933,
284,0.0,1.0,0.1413141404945039,,True,,multi_model_production,,-0.1407415264568688,,,0.18518688543613304,100042,284.0,0.3679934513123779,0.195676874605623,-0.9083325966416642,-0.32440809054922437,0.04292503763548672,
288,1.0,0.0,0.7963047231792303,,True,,multi_model_production,,-0.014274568787926373,,,0.004640120746827181,100042,288.0,0.5812751044761094,0.5067182781321603,-0.7108939764101926,-0.10633999756105186,0.07779085998519908,
318,0.0,0.0,0.4860388286204739,,True,,multi_model_production,,0.02209181556562374,,,-0.20199985734703257,100042,318.0,0.5056820483586612,0.5431602522915472,1.0213697438353209,-0.17329873926065642,0.21748237039190385,
328,0.0,1.0,0.5302161302119288,,True,,multi_model_production,,-0.08084623824190378,,,0.10327243996857394,100042,328.0,0.6083278161523468,0.5075054675378439,-0.9345508119275245,-0.19998466081393745,0.03829218433012986,
334,0.0,0.0,0.1847209673028643,,True,,multi_model_production,,-0.13456015500834384,,,-0.1484375342195409,100042,334.0,0.5274770917896965,0.15291755106402433,0.27243010408915597,-0.2794118150151671,0.01029150499847939,
339,0.0,1.0,0.6886004217705286,,True,,multi_model_production,,-0.138575829264468,,,-0.04096418254395162,100042,339.0,0.42407558201982826,0.33648142570135153,-1.9370649271355491,-0.28755650395096877,0.010404845422032794,
343,1.0,1.0,0.7875063010179119,,True,,multi_model_production,,-0.052325157034107804,,,-0.252500407706424,100042,343.0,0.48812723878960884,0.43699824463744674,0.6637881495390447,-0.1532400798633493,0.048589765795133695,
346,0.0,0.0,0.362858115297573,,True,,multi_model_production,,-0.17277580496987868,,,0.021257549177203516,100042,346.0,0.23152888819529258,0.09356850623556755,0.2254263200515964,-0.33956741227423937,-0.0059841976655179985,
349,0.0,1.0,0.7968458306000495,,True,,multi_model_production,,-0.09053571386827376,,,0.03268878550218324,100042,349.0,0.8931765234837944,0.427922709764189,-0.9910784956925448,-0.19683175942863118,0.015760331692083643,
354,1.0,0.0,0.7081403944506248,,True,,multi_model_production,,-0.0436539224935722,,,-0.14297135067526034,100042,354.0,0.6015857393132376,0.5054953732496711,-0.8099253304449365,-0.21022727317377898,0.12291942818663457,
357,1.0,1.0,0.5646061192383953,,True,,multi_model_production,,-0.11494177133719881,,,0.1013446835796018,100042,357.0,0.663793051293977,0.3848984526113318,0.8105401885605161,-0.2006242070786425,-0.029259335595755123,
360,1.0,0.0,0.2467962268338039,,True,,multi_model_production,,-0.04590660753365396,,,-0.20995476861796994,100042,360.0,0.21523597962343474,0.24229942459267892,-0.9547158459914998,-0.19566490779662374,0.10385169272931577,
361,0.0,0.0,0.21517332243715864,,True,,multi_model_production,,-0.042903508107346444,,,-0.0406445885166562,100042,361.0,0.3626366670852508,0.36003276334919615,0.4594556534280357,-0.1838361423241656,0.09802912610947268,
365,1.0,0.0,0.6896667934490427,,True,,multi_model_production,,-0.16196013110199622,,,-0.3344524588585174,100042,365.0,0.7517190661403408,0.25841038276374845,-0.8679974246909754,-0.2801774446523795,-0.04374281755161297,
368,1.0,0.0,0.8349295135156328,,True,,multi_model_production,,-0.1440891513535417,,,-0.05427466854280549,100042,368.0,0.8320227674773234,0.5249117806965578,-0.9358009207205958,-0.24301099207721424,-0.04516731062986916,
370,1.0,0.0,0.19105388668244136,,True,,multi_model_production,,-0.11338830960901207,,,-0.11224918810400103,100042,370.0,0.38531717466948173,0.1566936962513539,-1.0487779331233653,-0.21283883410145443,-0.013937785116569734,
380,0.0,1.0,0.6487259788124597,,True,,multi_model_production,,-0.16783483559893236,,,-0.4595323870462047,100042,380.0,0.2939164706879249,0.11704677333227115,-2.186934452286981,-0.3137723940750634,-0.021897277122801373,
384,1.0,1.0,0.7777547592553032,,True,,multi_model_production,,-0.12878333988328994,,,0.0703099140074529,100042,384.0,0.8245471938555312,0.5814213593803902,0.2950626312828789,-0.23982122876936707,-0.017745450997212822,
392,1.0,1.0,0.8601323874377723,,True,,multi_model_production,,-0.06666283364327655,,,0.0859568948245617,100042,392.0,0.6657609315173387,0.7425157009905531,0.37610903489793657,-0.24176252078495647,0.10843685349840335,
398,0.0,1.0,0.13037097810437653,,True,,multi_model_production,,-0.11405504874070348,,,-0.3498504475078327,100042,398.0,0.24861712470727074,0.15577898278626026,-0.9568650503777447,-0.2271771600207771,-0.0009329374606298901,
422,1.0,1.0,0.4470482971415625,,True,,multi_model_production,,0.02024467745715914,,,0.04875396248008518,100042,422.0,0.3703732290228402,0.544977248292442,1.192442035020885,-0.04882713360853993,0.0893164885228582,
424,1.0,0.0,0.4613915724928012,,True,,multi_model_production,,-0.1384727793364236,,,-0.411950972386599,100042,424.0,0.8172697624319075,0.5529297102905639,-1.4627358253957214,-0.24540405446124458,-0.03154150421160265,
431,1.0,1.0,0.1346270485198945,,True,,multi_model_production,,-0.049203722785305735,,,-0.32665406706368566,100042,431.0,0.5357619345299722,0.23543643271958156,5.378797495285064,-0.15101287115854944,0.052605425587937966,
435,0.0,1.0,0.10700372755448935,,True,,multi_model_production,,-0.1544992598101608,,,-0.10742312894197681,100042,435.0,0.35315593559657404,0.26197772376060163,-0.815530691641979,-0.3039394485845282,-0.00505907103579345,
446,1.0,0.0,0.18909050628721016,,True,,multi_model_production,,-0.05107433561501454,,,-0.06432527410523083,100042,446.0,0.29966325171885516,0.07889263688438289,-0.6379921794356723,-0.18268457223085252,0.08053590100082342,
447,1.0,1.0,0.38950815569304514,,True,,multi_model_production,,-0.065116947403473,,,0.034144994760945346,100042,447.0,0.3085417543026676,0.2207493400941269,1.9128092381993937,-0.17105251828446538,0.040818623477519356,
451,1.0,1.0,0.691959247924834,,True,,multi_model_production,,-0.0058103973584330065,,,-0.17663563846118313,100042,451.0,0.20165645563497203,0.11999069224792844,1.1900988822784262,-0.15979296640723428,0.14817217169036825,
460,1.0,0.0,0.4157088943712665,,True,,multi_model_production,,-0.036761220281128514,,,-0.15089969081385596,100042,460.0,0.47695781467736653,0.4015169269095706,-1.041301691676838,-0.16217375688184535,0.08865131631958828,
462,0.0,0.0,0.3942368477284109,,True,,multi_model_production,,0.0021806066876063333,,,-0.02877369342676961,100042,462.0,0.40812141944827335,0.565801565614951,0.8314111545943663,-0.14383022886878727,0.1481914422439999,
465,0.0,1.0,0.1289779177381409,,True,,multi_model_production,,-0.14332565958414126,,,-0.07352311822592295,100042,465.0,0.3501358660507805,0.20151369090613436,-0.8947159277412056,-0.3160594444793069,0.029408125311024325,
467,0.0,0.0,0.33698220775036275,,True,,multi_model_production,,-0.1264487698316209,,,0.18109530692018136,100042,467.0,0.817762538545584,0.3629802431935148,0.7786122652537535,-0.25198873012695266,-0.0009088095362891901,
468,1.0,0.0,0.22816643917161483,,True,,multi_model_production,,-0.1706397622671801,,,-0.36394341785118856,100042,468.0,0.4309763987638762,0.12827920330242107,-0.8649148632663867,-0.31565502179260485,-0.0256245027417554,
474,0.0,0.0,0.3925076080967537,,True,,multi_model_production,,0.01965778617980757,,,0.27024214191256124,100042,474.0,0.3819045288556332,0.5616389038169266,0.8083916782390242,-0.0641722688896414,0.10348784124925652,
478,1.0,0.0,0.5579132158052753,,True,,multi_model_production,,-0.12796581527110373,,,-0.14113139488284232,100042,478.0,0.6057345179071194,0.3308272665458834,-0.8678798807483661,-0.21197078838218783,-0.04396084216001965,
481,0.0,1.0,0.3276911808635158,,True,,multi_model_production,,-0.15923496699839798,,,0.24256774419822325,100042,481.0,0.47113312213475605,0.25580112259636223,-1.0019747785882394,-0.29107417182128836,-0.027395762175507626,
486,1.0,1.0,0.5045161462447206,,True,,multi_model_production,,-0.20617397410573862,,,-0.6892153014395378,100042,486.0,0.7790737469108163,0.08152339588645902,1.122959479929645,-0.308868702951411,-0.10347924526006624,
487,1.0,1.0,0.8985643637235567,,True,,multi_model_production,,-0.014045952408027744,,,-0.028156691615068175,100042,487.0,0.7964910452415044,0.8168122320138349,0.2241883501962773,-0.10782404094758175,0.07973213613152622,
498,0.0,0.0,0.2156994966666864,,True,,multi_model_production,,-0.11748912581932311,,,-0.1062618189134249,100042,498.0,0.3324179649332407,0.11108606093163625,0.2025081464898193,-0.22703859398843362,-0.007939657650212623,
503,0.0,0.0,0.2317247674137624,,True,,multi_model_production,,-0.01567126856691884,,,-0.16728505428348134,100042,503.0,0.20763245072320916,0.1919760079258747,0.2546014568674224,-0.18447101428170867,0.15312847714787098,
507,1.0,1.0,0.8706771336943461,,True,,multi_model_production,,-0.028489005473559557,,,-0.030854928811506976,100042,507.0,0.8733488285565107,0.7472471608276238,0.1641928965718058,-0.11615527832176428,0.05917726737464516,
508,0.0,0.0,0.5033689522787059,,True,,multi_model_production,,-0.13485981599348335,,,-0.05620972089686527,100042,508.0,0.6144371694083594,0.3838447618790898,1.0066181378597034,-0.25262738588554323,-0.017092246101423514,
514,1.0,1.0,0.7447877937486916,,True,,multi_model_production,,-0.17787197089038567,,,-0.061478120138046544,100042,514.0,0.7292800547391642,0.3387057438994347,0.4973218948326488,-0.32252166143858374,-0.033222280342187605,
528,1.0,1.0,0.7775403403673037,,True,,multi_model_production,,0.01771034128360833,,,-0.3151680255715663,100042,528.0,0.5837238195804128,0.42650058985334427,0.5803583211873694,-0.17039353825846415,0.20581422082568077,
532,1.0,0.0,0.5579780938989961,,True,,multi_model_production,,-0.11930438189689106,,,-0.5334643262344162,100042,532.0,0.6391601036119946,0.20700286972775148,-0.8031446830173674,-0.2105877824548523,-0.028020981338929857,
534,0.0,1.0,0.4572584445749856,,True,,multi_model_production,,-0.07299480230398703,,,0.13543398492073888,100042,534.0,0.47197908965309227,0.41965102707414,-1.0252053097125737,-0.1783186865453655,0.032329081937391424,
535,0.0,0.0,0.6560893689378478,,True,,multi_model_production,,-0.10577163594462105,,,0.03704061610492676,100042,535.0,0.595894489225861,0.4175825193853518,1.5543895968004176,-0.20263217405408968,-0.008911097835152454,
538,1.0,0.0,0.6988886455823571,,True,,multi_model_production,,-0.048530849399241495,,,-0.06212851278558973,100042,538.0,0.3533958665232966,0.42180744516717184,-0.5351286960957378,-0.1319787415780108,0.034917042779527764,
539,0.0,1.0,0.1937015110916589,,True,,multi_model_production,,-0.183205560851175,,,-0.11126006308263126,100042,539.0,0.3282744327710317,0.09844220547403318,-1.0629301140838472,-0.3355073141694097,-0.030903807532940336,
546,0.0,0.0,0.18054690770069873,,True,,multi_model_production,,-0.10482654019988595,,,-0.06620608679353736,100042,546.0,0.18572171307737062,0.1505089481542954,0.19142828972991846,-0.22135376180575222,0.011700681405980295,
549,1.0,0.0,0.8254975246601015,,True,,multi_model_production,,-0.08795058554575849,,,-0.22605679180368443,100042,549.0,0.8796810216360647,0.6385696872334105,-1.0146686960632376,-0.21057436867666024,0.03467319758514324,
550,0.0,0.0,0.18796729421053068,,True,,multi_model_production,,-0.14845817880935863,,,-0.08381602753461014,100042,550.0,0.53488067466167,0.1903841927726463,0.31419702989712006,-0.2447845395439004,-0.0521318180748169,
552,1.0,0.0,0.6355853813759764,,True,,multi_model_production,,-0.14583729641401572,,,0.08753892270289004,100042,552.0,0.8427222600215725,0.4467760591615247,-1.0988825368001554,-0.2605870485846366,-0.031087544243394855,
559,1.0,0.0,0.5398117288052257,,True,,multi_model_production,,-0.15862652125026558,,,-0.36576085048430995,100042,559.0,0.6198013474682487,0.3061652897363217,-0.8808065607033286,-0.23617333806759033,-0.08107970443294084,
561,1.0,0.0,0.667888289692063,,True,,multi_model_production,,-0.15862652125026558,,,-0.14847635272894044,100042,561.0,0.8094155696683221,0.558244735902365,-1.087006323799402,-0.23617333806759033,-0.08107970443294084,
563,0.0,0.0,0.44197384257668365,,True,,multi_model_production,,-0.06024927263404013,,,0.08723419972137467,100042,563.0,0.6052965940113816,0.36997304424332755,0.8493865233337811,-0.1810986161229859,0.0606000708549056,
568,1.0,1.0,0.8093938387671157,,True,,multi_model_production,,-0.197454767070338,,,-0.11006768648138565,100042,568.0,0.8445586395998558,0.31631934740068396,0.31644301183307966,-0.32571231068491313,-0.06919722345576287,
569,0.0,1.0,0.28726737054548246,,True,,multi_model_production,,-0.08735610357820735,,,-0.03506472883281053,100042,569.0,0.5485575247146279,0.4682577906211085,-0.7136964057610967,-0.2063104592305029,0.03159825207408817,
578,0.0,0.0,0.4432872646727343,,True,,multi_model_production,,-0.10854009622705177,,,-0.1661069213092291,100042,578.0,0.5428450727123436,0.34318347947818395,0.7754284994924422,-0.24877908731634285,0.03169889486223926,
584,1.0,0.0,0.17726633177656298,,True,,multi_model_production,,-0.11647611570818486,,,-0.18620539681394355,100042,584.0,0.4049235173559957,0.25169533610598743,-1.5730992508631552,-0.20508073896483786,-0.02787149245153188,
588,1.0,1.0,0.5782937914068327,,True,,multi_model_production,,-0.0822024721570472,,,0.05151712594740754,100042,588.0,0.45670012005065286,0.43796225400521543,0.9531517761163752,-0.21303418461353424,0.04862924029943984,
594,0.0,1.0,0.386449467389606,,True,,multi_model_production,,-0.11111904828603303,,,-0.1845762402931477,100042,594.0,0.37918154552237626,0.26364786662107653,-1.1273793566098786,-0.19198220226370427,-0.030255894308361814,
599,0.0,1.0,0.5031482374929612,,True,,multi_model_production,,-0.12705487794292586,,,-0.017020805613165407,100042,599.0,0.44121580927553444,0.3296897817355329,-1.2361757377572404,-0.2415278192101616,-0.012581936675690145,
603,1.0,1.0,0.8908953314727803,,True,,multi_model_production,,-0.19998638452176126,,,-0.4064471216929251,100042,603.0,0.8770509793095941,0.22283818322529875,0.2181251647510577,-0.3417533488560842,-0.05821942018743831,
609,0.0,1.0,0.1901602672466036,,True,,multi_model_production,,-0.16044142539197961,,,-0.17815202596793825,100042,609.0,0.6122633225454889,0.2695702922306963,-0.8214750186178789,-0.2832581510788986,-0.03762469970506066,
614,1.0,1.0,0.5602570491401517,,True,,multi_model_production,,-0.1229369516809421,,,0.13800989485438941,100042,614.0,0.6260550647055798,0.3341035051990532,0.8966037577767169,-0.20049368823777816,-0.045380215124106046,
617,1.0,0.0,0.6075377020139434,,True,,multi_model_production,,-0.1602175274065723,,,-0.32977963417948597,100042,617.0,0.8764914200465013,0.5063723342594882,-1.203602065659539,-0.2822035403020894,-0.03823151451105525,
621,1.0,1.0,0.5369773559944176,,True,,multi_model_production,,-0.11494177133719881,,,-0.10300534475910206,100042,621.0,0.5538183298422534,0.2516261778479123,1.0914863966405248,-0.2006242070786425,-0.029259335595755123,
626,1.0,0.0,0.5292405685690752,,True,,multi_model_production,,-0.1152432688204377,,,-0.14734105843629364,100042,626.0,0.5737486077961318,0.249404263382862,-0.795593674481039,-0.20258500782104505,-0.02790152981983035,
638,1.0,0.0,0.268964690772088,,True,,multi_model_production,,-0.13221307625672757,,,-0.028967779075204383,100042,638.0,0.3703814831629475,0.12868155442203438,-0.7201328191424081,-0.21817820410697059,-0.04624794840648455,
648,1.0,1.0,0.26039190622887515,,True,,multi_model_production,,-0.19722763184705683,,,0.22657797391420198,100042,648.0,0.6301964432986895,0.2746088333757369,2.4301793408618786,-0.3462114905893603,-0.04824377310475342,
651,1.0,0.0,0.8852373363624773,,True,,multi_model_production,,-0.10891951202611802,,,0.14285091672279376,100042,651.0,0.8314489897677189,0.5878355766813556,-0.9076563228633354,-0.24821465768073978,0.030375633628503707,
656,0.0,0.0,0.1447202488479807,,True,,multi_model_production,,-0.0907671086525032,,,0.008071797181922913,100042,656.0,0.5788254352224498,0.43732706640460933,0.5352690098589032,-0.1746433620331187,-0.006890855271887722,
662,0.0,0.0,0.6907414449744461,,True,,multi_model_production,,0.015457619495736381,,,0.12090442381375327,100042,662.0,0.7248520794010607,0.83058166853955,2.449567997557511,-0.07093628075520442,0.10185151974667717,
663,1.0,1.0,0.47621597089092416,,True,,multi_model_production,,-0.09244841894036619,,,-0.0006267839972746714,100042,663.0,0.5130219345952134,0.3732995118142521,1.176278145224541,-0.1807032961189313,-0.004193541761801103,
676,1.0,0.0,0.5376830047796316,,True,,multi_model_production,,-0.11553768530587821,,,0.288078314021742,100042,676.0,0.597712861791681,0.4164490505735551,-0.9557890368094313,-0.23965326685958888,0.008577896247832437,
680,1.0,0.0,0.7942443189940998,,True,,multi_model_production,,-0.08232921156863202,,,-0.21676132704337042,100042,680.0,0.5796883867853545,0.5275642368106123,-0.7163583461711539,-0.18932132906025426,0.024662905922990197,
684,0.0,0.0,0.6162473208454072,,True,,multi_model_production,,-0.08207759486908953,,,-0.09365228131014089,100042,684.0,0.2748985116674759,0.28846201740372296,0.7299064177208028,-0.16857870979558576,0.004423520057406705,
689,1.0,1.0,0.8677719755402339,,True,,multi_model_production,,-0.10854009622705177,,,0.028437736123359203,100042,689.0,0.8876005988658149,0.7281500132989355,0.153822940617028,-0.24877908731634285,0.03169889486223926,
707,1.0,0.0,0.25384595440088564,,True,,multi_model_production,,-0.14265158208251477,,,-0.18261274863827542,100042,707.0,0.6457515732896454,0.09553000306953835,-0.9265521810230384,-0.2277466106574552,-0.05755655350757437,
708,0.0,0.0,0.2894424131463829,,True,,multi_model_production,,-0.17804627768840017,,,-0.3033594815556778,100042,708.0,0.5908332136088483,0.23824615728629575,0.4789193895168141,-0.33543438531668135,-0.020658170060119052,
713,0.0,1.0,0.13205192531706256,,True,,multi_model_production,,-0.012109634001802101,,,0.18351149860665072,100042,713.0,0.6967494094862863,0.7541383718907637,-0.2919989783712326,-0.11660196196986441,0.09238269396626017,
743,1.0,0.0,0.5398171790000325,,True,,multi_model_production,,-0.19937784312843232,,,-0.3588049137290085,100042,743.0,0.8372890435635298,0.22330064694011373,-1.027648160756451,-0.3424303607111504,-0.056325325545714316,
744,0.0,0.0,0.22710357667650577,,True,,multi_model_production,,-0.029132277563547405,,,0.00043827428651807554,100042,744.0,0.33474814058369307,0.27462142970409276,0.3729819573482314,-0.14602216420551728,0.08775760907842244,
752,1.0,0.0,0.758419590722071,,True,,multi_model_production,,0.01771034128360833,,,-0.048624029853681416,100042,752.0,0.6032018417651314,0.42650058985334427,-0.7390556465909706,-0.17039353825846415,0.20581422082568077,
760,1.0,1.0,0.5226093455682689,,True,,multi_model_production,,-0.20556426055177954,,,-0.1049719012824385,100042,760.0,0.9071909056080727,0.3381816166419202,0.6973637465914864,-0.3095682575770207,-0.10156026352653837,
773,1.0,1.0,0.7696606609253911,,True,,multi_model_production,,-0.015222413888851611,,,-0.05078761983714952,100042,773.0,0.6644058486015131,0.6962036538668904,0.426512465318087,-0.09326212502287307,0.06281729724516982,
776,0.0,0.0,0.18903971164294597,,True,,multi_model_production,,0.06863491135827995,,,0.11215936655437345,100042,776.0,0.09258783238654711,0.4855969281007967,0.5071797076613811,-0.017477705028473067,0.15474752774503295,
779,0.0,0.0,0.2271980081553876,,True,,multi_model_production,,-0.07009636372430732,,,0.2102850669914252,100042,779.0,0.32208499413219394,0.23741125916505773,0.33210183954115996,-0.1957724513027171,0.05557972385410244,
781,1.0,1.0,0.3738087251008669,,True,,multi_model_production,,-0.060627200610023954,,,0.031273744586730046,100042,781.0,0.6417504910022119,0.5691756359633281,1.0799513839364643,-0.17610682540134964,0.05485242418130171,
782,1.0,0.0,0.8427457057879906,,True,,multi_model_production,,-0.10434873899198258,,,-0.27881971225762575,100042,782.0,0.7793635294903749,0.6902755254695615,-0.9081672597544689,-0.2537835398137358,0.04508606182977065,
798,1.0,1.0,0.49827194513568207,,True,,multi_model_production,,-0.07043897395734305,,,-0.012829595656138837,100042,798.0,0.3831176517018049,0.44237610354693513,1.1783740309918167,-0.19920339418243524,0.058325446267749104,
822,0.0,0.0,0.6984310874645199,,True,,multi_model_production,,0.020073731665623235,,,0.15687867128973654,100042,822.0,0.5398471314543051,0.6821582573547398,1.9324397134775482,-0.07436300371814013,0.11451046704938657,
839,0.0,0.0,0.6716944283551269,,True,,multi_model_production,,-0.11650783904328404,,,-0.082870305049013,100042,839.0,0.474611578603861,0.1540654273081354,1.125093580695319,-0.20946678615591297,-0.023548891930655153,
845,1.0,1.0,0.661730889559038,,True,,multi_model_production,,0.006370968391757599,,,-0.054967122143437575,100042,845.0,0.294203375631346,0.4666652537274565,0.9784311243375022,-0.10064308722478313,0.11338502400829831,
859,1.0,1.0,0.6312964029216066,,True,,multi_model_production,,-0.07785922124679495,,,0.10091643251497262,100042,859.0,0.8312779118543759,0.5757530610840436,0.41650010763678647,-0.15575740152804407,3.895903445415294e-05,
868,1.0,0.0,0.2317247674137624,,True,,multi_model_production,,-0.1162943402910935,,,-0.03768758335333155,100042,868.0,0.4466855712297485,0.2869110741309226,-1.3979290428260023,-0.2324223376680866,-0.000166342914100448,
875,1.0,1.0,0.25586010451085783,,True,,multi_model_production,,0.014096232502318356,,,0.2750351541256375,100042,875.0,0.3367218779457116,0.6166804584856905,1.7781192345705203,-0.0895815652631751,0.11777403026781177,
892,0.0,0.0,0.8434673188708682,,True,,multi_model_production,,-0.0964319945339168,,,-0.4218944972490402,100042,892.0,0.6061598779184519,0.3610451060683781,3.6273026271619564,-0.2079729220564389,0.015108932988605286,
893,0.0,1.0,0.2595274883466261,,True,,multi_model_production,,-0.17818723857117294,,,-0.13899119129057289,100042,893.0,0.44211979982108796,0.21917015880611332,-0.9763607283938185,-0.3162202396763396,-0.040154237466006354,
898,1.0,1.0,0.501281428722854,,True,,multi_model_production,,-0.13042520370916313,,,0.11489019733853345,100042,898.0,0.5122379982810356,0.3158373386594476,1.1684268048301403,-0.312951440794898,0.05210103337657174,
908,1.0,1.0,0.5109560437350551,,True,,multi_model_production,,-0.08119511744494692,,,0.2700079153490359,100042,908.0,0.6710208549310446,0.579594731824284,0.7313555492707322,-0.22759109234037897,0.06520085745048507,
913,0.0,0.0,0.6714236584136304,,True,,multi_model_production,,0.004975405345412956,,,0.5763362625455206,100042,913.0,0.3627744297453566,0.5115992228703955,1.2529043747342268,-0.15090223741825473,0.1608530481090806,
915,1.0,1.0,0.8682284558100027,,True,,multi_model_production,,-0.043534005750405946,,,-0.10460704553612188,100042,915.0,0.8666249224195806,0.7589982137404969,0.16995206064916135,-0.140168736229888,0.05310072472907611,
929,1.0,0.0,0.607241713177601,,True,,multi_model_production,,0.019413839589410342,,,-0.2246108655442407,100042,929.0,0.4322586630503334,0.5649937484549634,-0.7976913596075865,-0.05179407782937111,0.09062175700819176,
934,0.0,0.0,0.10572190040114969,,True,,multi_model_production,,-0.1748526828641157,,,-0.17923562100166213,100042,934.0,0.3114195469302062,0.11263671868447943,0.1494528571298861,-0.26685041745079807,-0.0828549482774334,
955,1.0,1.0,0.7451469814847844,,True,,multi_model_production,,-0.14332565958414126,,,-0.4074361291328243,100042,955.0,0.7571541523507055,0.39724943909974014,0.44899685365764036,-0.3160594444793069,0.029408125311024325,
960,1.0,1.0,0.37323064271164014,,True,,multi_model_production,,0.004031631618924551,,,0.30302428580824725,100042,960.0,0.42687487585810846,0.5016332510754972,1.4100365970260507,-0.14221156772919613,0.15027483096704522,
961,0.0,1.0,0.6730818089735858,,True,,multi_model_production,,-0.10934419894016098,,,-0.17386110854674186,100042,961.0,0.3943756450733515,0.3396732352038194,-1.9072281228780061,-0.2067752627557335,-0.011913135124588498,
967,0.0,0.0,0.534612295462731,,True,,multi_model_production,,-0.17818723857117294,,,0.11315424130412288,100042,967.0,0.5714596602276528,0.3427143415330733,0.9991763789700596,-0.3162202396763396,-0.040154237466006354,
976,0.0,0.0,0.19127377441486976,,True,,multi_model_production,,-0.20556426055177954,,,-0.10435438224184548,100042,976.0,0.481075708848661,0.09033046027964171,0.20411082710800327,-0.3095682575770207,-0.10156026352653837,
980,1.0,1.0,0.800512076542826,,True,,multi_model_production,,-0.1815694492650593,,,-0.1328309937568829,100042,980.0,0.8624530302042829,0.5025747688643246,0.26150553249848985,-0.2784343775456821,-0.0847045209844365,
986,1.0,0.0,0.7652854287015328,,True,,multi_model_production,,-0.10699232689206363,,,-0.21930664730454208,100042,986.0,0.7893771985683394,0.5491838194975691,-0.957812974192782,-0.20386200331724535,-0.010122650466881933,
987,0.0,0.0,0.6907400446810398,,True,,multi_model_production,,-0.11228128179739327,,,0.16537846499403014,100042,987.0,0.4988295314797917,0.337541397103125,1.4516899537993981,-0.23318253850447962,0.008619974909693032,
989,0.0,0.0,0.3324337025960512,,True,,multi_model_production,,0.0018936793454748394,,,-0.22553091570484401,100042,989.0,0.28409432928149414,0.23361341299182026,0.37508629761295786,-0.19542294723513562,0.19921030592608527,
5,1.0,1.0,0.7049367900586416,,True,,multi_model_production,,-0.01493391660923861,,,0.29544125881310984,1100042,5.0,0.545429874720372,0.43091007673509085,0.6927723327284078,-0.12309192536396267,0.09322409214548542,
12,0.0,1.0,0.3661227591960806,,True,,multi_model_production,,0.020771133759973272,,,-0.1020346687031714,1100042,12.0,0.3831712055755259,0.5523427473899294,-0.8039329565300655,-0.14068353791616456,0.18222580543611108,
15,1.0,0.0,0.7241649968799716,,True,,multi_model_production,,-0.013323190118285266,,,-0.003080297422145953,1100042,15.0,0.6002659647845453,0.4757274023419665,-0.7814708974651414,-0.18431628414925275,0.15766990391268218,
30,0.0,0.0,0.6178425611023415,,True,,multi_model_production,,-0.08401845329053613,,,-0.15824629257148742,1100042,30.0,0.7305969854159473,0.438313901791531,1.6194865459904624,-0.19819792290447863,0.03016101632340633,
35,1.0,1.0,0.849407993489659,,True,,multi_model_production,,-0.0821914609201842,,,0.011426825642477212,1100042,35.0,0.7483479522027551,0.7044740312190182,0.30404600800923137,-0.1780176831345596,0.013634761294191167,
39,1.0,0.0,0.7614977893915532,,True,,multi_model_production,,-0.13772505919393635,,,-0.0787740414269622,1100042,39.0,0.7883634991623205,0.42230015192494186,-0.9206285184145205,-0.2368676236438905,-0.03858249474398223,
40,0.0,0.0,0.32070578965732915,,True,,multi_model_production,,-0.05366082186782699,,,0.060474988513839145,1100042,40.0,0.48252292990153167,0.4082462593431351,0.636053143173009,-0.16116750194426116,0.053845858208607156,
43,1.0,0.0,0.7345246030808934,,True,,multi_model_production,,-0.0736962352464933,,,-0.19702180525731344,1100042,43.0,0.6064104332216038,0.3902435408270516,-0.7474541211547766,-0.17610967537748368,0.02871720488449707,
45,0.0,0.0,0.17746150607167607,,True,,multi_model_production,,0.0030735802399190367,,,0.13139903885494988,1100042,45.0,0.731292956870979,0.516927495764712,0.6747029074492646,-0.08356249187041408,0.08970965235025212,
48,1.0,1.0,0.35578935963339003,,True,,multi_model_production,,0.042315682925751434,,,-0.02351093248221392,1100042,48.0,0.8287159675175726,0.8077263855714469,0.5194245963381106,-0.040997493009915516,0.12562885886141836,
63,1.0,0.0,0.7081015844313221,,True,,multi_model_production,,-0.027545120974768033,,,-0.08061850681857732,1100042,63.0,0.576613105197365,0.44943299643793794,-0.7618814091369408,-0.10725887924876304,0.05216863729922694,
67,1.0,1.0,0.19761961990991694,,True,,multi_model_production,,-0.1588449494278512,,,-0.4040936263411786,1100042,67.0,0.7447441366605764,0.2972503319222261,3.1085785548690392,-0.27903725499418786,-0.03865264386151457,
69,0.0,0.0,0.27071812122619926,,True,,multi_model_production,,-0.0808633051324078,,,-0.2535047085663173,1100042,69.0,0.5383239801604823,0.36549123530543004,0.5653235097136324,-0.17729525518297398,0.015568644918158348,
72,1.0,0.0,0.6654058634596793,,True,,multi_model_production,,-0.08536694019809728,,,0.03393963416448598,1100042,72.0,0.29710335181219366,0.3365997061292057,-0.466359882625514,-0.16308982267943284,-0.007644057716761729,
93,0.0,1.0,0.15346082880631715,,True,,multi_model_production,,-0.10679515842922861,,,-0.24763340158643393,1100042,93.0,0.40429253103395785,0.24888659366821994,-0.8591034025710995,-0.1817156043158834,-0.03187471254257386,
115,0.0,0.0,0.1527532382981618,,True,,multi_model_production,,0.03370067632192003,,,-0.036066766855671034,1100042,115.0,0.14542148883694728,0.281169612093188,0.3073881877692566,-0.09384736383342401,0.16124871647726405,
116,0.0,1.0,0.1450671547798448,,True,,multi_model_production,,-0.15386190470309644,,,-0.014342061446469406,1100042,116.0,0.7942206926425992,0.4312459259337449,-0.6036712243404595,-0.2712356728607402,-0.0364881365454527,
121,1.0,0.0,0.8498720011193464,,True,,multi_model_production,,-0.1646192992248754,,,-0.578150415838105,1100042,121.0,0.8386724310807065,0.4998429921950859,-0.9269685840001255,-0.28345558591715064,-0.045783012532600184,
122,1.0,0.0,0.8538263296423494,,True,,multi_model_production,,-0.1044508063490495,,,-0.1662835077113541,1100042,122.0,0.5516851422131019,0.28568002749247184,-0.6005930954076832,-0.20030356035827712,-0.008598052339821902,
123,0.0,1.0,0.3635090647979132,,True,,multi_model_production,,0.03209046444398971,,,0.03246765507545743,1100042,123.0,0.599543887782819,0.5316078934538502,-0.6970983123909466,-0.07598201359400536,0.14016294248198474,
126,0.0,0.0,0.11130938306603881,,True,,multi_model_production,,-0.11607470263638021,,,-0.3010231687743369,1100042,126.0,0.2279758604377287,0.15064159462539073,0.17919579773695413,-0.1840446601180073,-0.04810474515475313,
130,0.0,0.0,0.14327828486842537,,True,,multi_model_production,,-0.106586564072602,,,0.006309753656425152,1100042,130.0,0.1696498127311982,0.3152987483379091,0.34367101177778536,-0.2332255714740702,0.02005244332886616,
137,0.0,0.0,0.20275542906630564,,True,,multi_model_production,,-0.12714230810838306,,,-0.035394603233024145,1100042,137.0,0.24684688843976874,0.21014529069886334,0.2729234501295035,-0.2150101404355499,-0.03927447578121626,
145,1.0,0.0,0.17161148651355795,,True,,multi_model_production,,-0.005941203670707881,,,-0.33769143797714973,1100042,145.0,0.22499664318893609,0.23784219994568284,-1.3730884781826478,-0.18581203253157272,0.1739296251901569,
151,0.0,1.0,0.4911363279932613,,True,,multi_model_production,,0.05796652716590118,,,-0.31487008056515453,1100042,151.0,0.37089586410408704,0.5912656936967917,-1.0159222669033916,-0.06434113888919399,0.18027419322099633,
162,0.0,0.0,0.2711529465124475,,True,,multi_model_production,,-0.09950535456794615,,,-0.1770906937214045,1100042,162.0,0.2381418044695276,0.18867159080853405,0.2772674788768479,-0.16730237338365211,-0.03170833575224022,
167,0.0,1.0,0.3599302350073436,,True,,multi_model_production,,-0.13317083591642465,,,0.060419762402974864,1100042,167.0,0.41338354544095834,0.35228275573009094,-0.9775890955844811,-0.21977354676284216,-0.04656812507000713,
169,1.0,1.0,0.5084360975870578,,True,,multi_model_production,,-0.14725997405365637,,,-0.059438745764093026,1100042,169.0,0.6882508987619745,0.5907097209020846,0.7074572890867533,-0.24398917180360194,-0.05053077630371082,
186,1.0,0.0,0.5189972897681637,,True,,multi_model_production,,-5.3321739902862015e-05,,,-0.34838730337294177,1100042,186.0,0.5488354232251229,0.6133579479181148,-1.1172908681902387,-0.14458521037650846,0.14447856689670271,
193,0.0,0.0,0.39404328442896036,,True,,multi_model_production,,-0.10829919539369996,,,-0.07790570380726344,1100042,193.0,0.6786246078875908,0.3941561203955172,0.8354540918757788,-0.24285560164873254,0.02625721086133255,
196,0.0,0.0,0.41372607768955594,,True,,multi_model_production,,0.025164228233313907,,,0.18500422317417548,1100042,196.0,0.46134894714593894,0.5139321485391334,0.8395002543090244,-0.09076927016594658,0.14109772663257436,
208,1.0,1.0,0.21057314906385796,,True,,multi_model_production,,0.020771133759973272,,,-0.38364186382161225,1100042,208.0,0.41590008988098043,0.5692545106534259,2.1989404380853514,-0.14068353791616456,0.18222580543611108,
211,0.0,0.0,0.10762602854471696,,True,,multi_model_production,,-0.10667369262643474,,,0.039362356322426656,1100042,211.0,0.3315939852848276,0.2774644341423807,0.3174567970609462,-0.2260886023794414,0.012741217126571891,
229,0.0,0.0,0.6125170975782313,,True,,multi_model_production,,-0.14600888822110683,,,-0.0181111175885878,1100042,229.0,0.43682312390348293,0.3339631375656055,1.0244752358702194,-0.23667519021915284,-0.05534258622306085,
241,1.0,0.0,0.1297028816402344,,True,,multi_model_production,,-0.09042814596261142,,,-0.2359562924134932,1100042,241.0,0.3074903575076393,0.2878961486846495,-2.239253055595619,-0.19237304742965733,0.011516755504434456,
250,1.0,1.0,0.8940145741816591,,True,,multi_model_production,,-0.11742583591986865,,,-0.14381661120733635,1100042,250.0,0.8420065004082051,0.5295209690666276,0.21376878768227936,-0.24404314718065623,0.009191475340918895,
261,0.0,0.0,0.19932343875777572,,True,,multi_model_production,,0.025164228233313907,,,0.31285754382566056,1100042,261.0,0.42313934770336076,0.5155874198566821,0.6209253227510827,-0.09076927016594658,0.14109772663257436,
264,1.0,1.0,0.40928509922266226,,True,,multi_model_production,,-0.16608515898486562,,,0.10130985419071503,1100042,264.0,0.7879846289632729,0.4488407706438892,1.0074950259275726,-0.2639149076664994,-0.0682554103032319,
265,0.0,0.0,0.3686797135901631,,True,,multi_model_production,,-0.11734265142417878,,,-0.19966649402570194,1100042,265.0,0.7598677553121285,0.424216018523097,0.8679651462249922,-0.1927524488673415,-0.04193285398101608,
270,0.0,0.0,0.13804601185961027,,True,,multi_model_production,,-0.11870240317781228,,,-0.05981133747776573,1100042,270.0,0.08384969409588784,0.15807800207540484,0.1715069275457286,-0.19788922732828101,-0.03951557902734357,
271,1.0,0.0,0.8461367240564468,,True,,multi_model_production,,-0.12839015899988665,,,-0.027407061388611043,1100042,271.0,0.9283904200766833,0.39734920669755575,-1.0006452329194118,-0.2078100985516321,-0.04897021944814123,
277,1.0,1.0,0.8920464889990458,,True,,multi_model_production,,0.014083541023633564,,,0.19707323380293573,1100042,277.0,0.34503894913867855,0.4670287706193018,0.7194600609282764,-0.0728375091331035,0.1010045911803706,
282,0.0,0.0,0.5132940644807116,,True,,multi_model_production,,-0.0894846849724828,,,0.2904593735133494,1100042,282.0,0.8295833512803777,0.5832953546115129,1.4581977939045703,-0.20541329453293175,0.026443924587966128,
284,0.0,1.0,0.14133038684566038,,True,,multi_model_production,,-0.14493369460918856,,,0.18518688543613304,1100042,284.0,0.3678934001768372,0.3129926399958253,-0.7910472245948472,-0.23534244051026,-0.05452494870811715,
288,1.0,0.0,0.7963268679985519,,True,,multi_model_production,,-0.01979356741021566,,,0.004640120746827181,1100042,288.0,0.5812213116242939,0.4743173783523147,-0.7025354476831911,-0.17238243928450778,0.13279530446407645,
318,0.0,0.0,0.4860744539148504,,True,,multi_model_production,,0.04856047646487488,,,-0.20199985734703257,1100042,318.0,0.5055966842824385,0.5553435679637743,1.0335405248689424,-0.031106322372348144,0.12822727530209788,
328,0.0,1.0,0.5302523227507492,,True,,multi_model_production,,-0.07229290159880433,,,0.10327243996857394,1100042,328.0,0.6082216998514425,0.46391692803484447,-0.9783233718504152,-0.1913077614814376,0.04672195828382891,
334,0.0,0.0,0.1847418150062088,,True,,multi_model_production,,-0.11314289558541911,,,-0.1484375342195409,1100042,334.0,0.527372933141373,0.22230034439516136,0.3418058392764267,-0.19593661645560106,-0.030349174715237168,
339,0.0,1.0,0.6886296291462001,,True,,multi_model_production,,-0.1174880160088739,,,-0.04096418254395162,1100042,339.0,0.42396856172171216,0.396962173895735,-1.8769943513523983,-0.19350783513361808,-0.04146819688412974,
343,1.0,1.0,0.7875249839234263,,True,,multi_model_production,,-0.02573930304055872,,,-0.252500407706424,1100042,343.0,0.48801872995012985,0.4536296394131806,0.6593925313041996,-0.15737542583799205,0.1058968197568746,
346,0.0,0.0,0.3628878730184565,,True,,multi_model_production,,-0.08146343815528334,,,0.021257549177203516,1100042,346.0,0.23144273396230103,0.17793471316760928,0.30976042782017144,-0.17537595935196557,0.012449083041398856,
349,0.0,1.0,0.7968673566499692,,True,,multi_model_production,,-0.08155511488784714,,,0.03268878550218324,1100042,349.0,0.8931455063326547,0.44030765936489596,-0.9788709448742214,-0.22560057157621147,0.06249034180051713,
354,1.0,0.0,0.7081691555570301,,True,,multi_model_production,,-0.03679896969245838,,,-0.14297135067526034,1100042,354.0,0.6014615495388057,0.49506359768906133,-0.8054732981907684,-0.1846766148462825,0.11107867546136571,
357,1.0,1.0,0.5646391872666329,,True,,multi_model_production,,-0.09400474041052624,,,0.1013446835796018,1100042,357.0,0.6637183399106846,0.4390313497544676,0.7688123327673846,-0.1965308927682272,0.008521411947174679,
360,1.0,0.0,0.24682204083780593,,True,,multi_model_production,,-0.05010636740712424,,,-0.20995476861796994,1100042,360.0,0.21522584831451927,0.2996139899304495,-1.1294985474068493,-0.20914271447583863,0.1089299796615901,
361,0.0,0.0,0.21519738553463072,,True,,multi_model_production,,-0.05119587637289612,,,-0.0406445885166562,1100042,361.0,0.3625620864959312,0.39987849058037267,0.4992950975969742,-0.2211162068929558,0.1187244541471635,
365,1.0,0.0,0.6896962699573265,,True,,multi_model_production,,-0.14479664083575855,,,-0.3344524588585174,1100042,365.0,0.7516262861017479,0.2719960597803693,-0.8740010118806487,-0.29045229706916886,0.0008590153976517079,
368,1.0,0.0,0.8349488802909346,,True,,multi_model_production,,-0.08345506214143522,,,-0.05427466854280549,1100042,368.0,0.831941798092508,0.5040537578250439,-0.9315821941531587,-0.1741245472915553,0.007214423008684856,
370,1.0,0.0,0.19107565516586422,,True,,multi_model_production,,-0.10594964524659224,,,-0.11224918810400103,1100042,370.0,0.38519638301871134,0.21939766330990298,-1.314022773262118,-0.2049315005745284,-0.006967789918656084,
380,0.0,1.0,0.6487565302641659,,True,,multi_model_production,,-0.09472138743828491,,,-0.4595323870462047,1100042,380.0,0.2938613628323202,0.17954539112626103,-2.1247124573653027,-0.18628578813999097,-0.0031569867365788817,
384,1.0,1.0,0.7777790206219679,,True,,multi_model_production,,-0.08967373600926308,,,0.0703099140074529,1100042,384.0,0.8244756476678086,0.5893662176465834,0.2928474465027062,-0.19458259559616448,0.015235123577638301,
392,1.0,1.0,0.8601482527911424,,True,,multi_model_production,,-0.08085147987251463,,,0.0859568948245617,1100042,392.0,0.6656842250129503,0.7675297532232097,0.3721131780281074,-0.15166477955119836,-0.010038180193830917,
398,0.0,1.0,0.1303868912601541,,True,,multi_model_production,,-0.07653489814582713,,,-0.3498504475078327,1100042,398.0,0.24852433111045613,0.22791921735687612,-0.8847545399029918,-0.18615698286873528,0.033087186577080985,
422,1.0,1.0,0.44708244731806535,,True,,multi_model_production,,0.0751490297090455,,,0.04875396248008518,1100042,422.0,0.370268353325576,0.5323274542238002,1.2081134664445552,-0.02312655187854938,0.17342461129664036,
424,1.0,0.0,0.4614239721745545,,True,,multi_model_production,,-0.11816885112291974,,,-0.411950972386599,1100042,424.0,0.8171746172267765,0.6399880041726329,-1.5641713445941177,-0.20930228918171115,-0.02703541306412835,
431,1.0,1.0,0.1346435594679051,,True,,multi_model_production,,-0.06748240759315784,,,-0.32665406706368566,1100042,431.0,0.5356718308119053,0.2779138306946569,5.10518822738104,-0.21480222661039544,0.07983741142407973,
435,0.0,1.0,0.10701736262499782,,True,,multi_model_production,,-0.10608458238432938,,,-0.10742312894197681,1100042,435.0,0.35304730228205305,0.3847303476551102,-0.6928021468807575,-0.2204629612839717,0.00829379651531291,
446,1.0,0.0,0.1891108437789189,,True,,multi_model_production,,-0.05009508452291521,,,-0.06432527410523083,1100042,446.0,0.29960085319674146,0.13854352857222915,-0.8936622128676965,-0.2502731310531801,0.15008296200734966,
447,1.0,1.0,0.38954114964836234,,True,,multi_model_production,,-0.07611443773481645,,,0.034144994760945346,1100042,447.0,0.30848751989438467,0.2680213094550641,1.8386130375571772,-0.22472347876711563,0.07249460329748271,
451,1.0,1.0,0.6919855927758717,,True,,multi_model_production,,0.0063983919627076755,,,-0.17663563846118313,1100042,451.0,0.20160027101364225,0.21113034544902823,1.1495388589918007,-0.11241747313810847,0.1252142570635238,
460,1.0,0.0,0.41574261903612264,,True,,multi_model_production,,-0.013386418282118081,,,-0.15089969081385596,1100042,460.0,0.47685958252237265,0.44328815300155394,-1.099827648402814,-0.10386013837051995,0.07708730180628377,
462,0.0,0.0,0.3942704383960165,,True,,multi_model_production,,0.03211706335101591,,,-0.02877369342676961,1100042,462.0,0.4079678725161289,0.5820045772009709,0.8475515838923586,-0.12620525537248037,0.19043938207451214,
465,0.0,1.0,0.12899363505836908,,True,,multi_model_production,,-0.14600888822110683,,,-0.07352311822592295,1100042,465.0,0.3500809160385557,0.29636021867593104,-0.7998910011869804,-0.23667519021915284,-0.05534258622306085,
467,0.0,0.0,0.3370132003592264,,True,,multi_model_production,,-0.10452401160696895,,,0.18109530692018136,1100042,467.0,0.8176727670895904,0.415699011429499,0.8313430577857122,-0.210203959902799,0.0011559366888610895,
468,1.0,0.0,0.22819101790974883,,True,,multi_model_production,,-0.0969957660415687,,,-0.36394341785118856,1100042,468.0,0.4308625256124837,0.20318324050309886,-1.1180878663247038,-0.19592095399555295,0.0019294219124155326,
474,0.0,0.0,0.3925405316705979,,True,,multi_model_production,,0.04754716733749412,,,0.27024214191256124,1100042,474.0,0.38186462189283366,0.5517171345250189,0.7984781935241374,-0.1577602888101928,0.25285462348518095,
478,1.0,0.0,0.5579476411911827,,True,,multi_model_production,,-0.08371580372474963,,,-0.14113139488284232,1100042,478.0,0.6056240314522487,0.3667318268150037,-0.8961793759425213,-0.1955870295066259,0.028155422057126622,
481,0.0,1.0,0.3277216607144138,,True,,multi_model_production,,-0.14552273074577018,,,0.24256774419822325,1100042,481.0,0.47103363834650347,0.33793527672341656,-0.919924785653967,-0.22936118385694879,-0.0616842776345916,
486,1.0,1.0,0.5045503815372111,,True,,multi_model_production,,-0.17062420524514596,,,-0.6892153014395378,1100042,486.0,0.7790128705935154,0.12953020613794225,1.075755935523287,-0.28198804357029084,-0.059260366920001126,
487,1.0,1.0,0.898576045661531,,True,,multi_model_production,,0.03555074669728281,,,-0.028156691615068175,1100042,487.0,0.7964087867525759,0.8116419345224319,0.2248515394318539,-0.11637629076000786,0.18747778415457345,
498,0.0,0.0,0.2157230688882907,,True,,multi_model_production,,-0.10594964524659224,,,-0.1062618189134249,1100042,498.0,0.33237185379996365,0.16394071534447377,0.2553628565161944,-0.2049315005745284,-0.006967789918656084,
503,0.0,0.0,0.23174975233534803,,True,,multi_model_production,,-0.009096282752656833,,,-0.16728505428348134,1100042,503.0,0.20756096785285755,0.23179172921083385,0.2944044039748281,-0.15496311044208785,0.13677054493677415,
507,1.0,1.0,0.870692439690889,,True,,multi_model_production,,-0.0456736170391912,,,-0.030854928811506976,1100042,507.0,0.8733053906951318,0.7134040230636157,0.169257315586327,-0.15825501528073607,0.06690778120235366,
508,0.0,0.0,0.5034036956901548,,True,,multi_model_production,,-0.12147160678401725,,,-0.05620972089686527,1100042,508.0,0.6143292955648411,0.4194224853704163,1.0421730678337005,-0.26529037147368917,0.022347157905654613,
514,1.0,1.0,0.7448134005759014,,True,,multi_model_production,,-0.10710277101854417,,,-0.061478120138046544,1100042,514.0,0.7292771063479572,0.4171783777613376,0.47040816748696823,-0.22438010317675056,0.010174561139662211,
528,1.0,1.0,0.7776346566253983,,True,,multi_model_production,,-0.0011254725643275757,,,-0.3151680255715663,1100042,528.0,0.5825337644884686,0.4181744073647459,0.5838397974254432,-0.12304232862358454,0.12079138349492936,
532,1.0,0.0,0.5580086932425448,,True,,multi_model_production,,-0.10764309307179817,,,-0.5334643262344162,1100042,532.0,0.6390113276226803,0.3055889044282447,-0.881064257683593,-0.19669747352602535,-0.018588712617571015,
534,0.0,1.0,0.4572948016103035,,True,,multi_model_production,,0.01486416378836357,,,0.13543398492073888,1100042,534.0,0.47193254347526514,0.468339410385036,-0.976621322412177,-0.11512873158817045,0.14485705916489755,
535,0.0,0.0,0.6561193140415007,,True,,multi_model_production,,-0.10191541751548085,,,0.03704061610492676,1100042,535.0,0.5957550906055028,0.41847471335983444,1.5551667037671937,-0.2053243413774493,0.0014935063464875803,
538,1.0,0.0,0.6989184464644439,,True,,multi_model_production,,-0.025933565396187915,,,-0.06212851278558973,1100042,538.0,0.3533223409259284,0.44528261702243754,-0.5451421201486448,-0.10893227561216279,0.05706514481978694,
539,0.0,1.0,0.193723971577227,,True,,multi_model_production,,-0.140600380676863,,,-0.11126006308263126,1100042,539.0,0.328207044279567,0.15350026195504887,-1.0079114567020833,-0.20581018361489214,-0.07539057773883388,
546,0.0,0.0,0.1805673628369995,,True,,multi_model_production,,-0.08274994366456587,,,-0.06620608679353736,1100042,546.0,0.18566602048940456,0.22027028704692847,0.2611830139359641,-0.17564664640397998,0.010146759074848216,
549,1.0,0.0,0.8255150250775308,,True,,multi_model_production,,-0.027325027587395,,,-0.22605679180368443,1100042,549.0,0.8796290607893859,0.7069659409090508,-1.0290569097361333,-0.20556336360147656,0.15091330842668652,
550,0.0,0.0,0.18798867445089448,,True,,multi_model_production,,-0.0957403788959025,,,-0.08381602753461014,1100042,550.0,0.5347544435141978,0.2583388252250934,0.3821397819728087,-0.17557248924130428,-0.01590826855050076,
552,1.0,0.0,0.6356176611258127,,True,,multi_model_production,,-0.14344768005731542,,,0.08753892270289004,1100042,552.0,0.8426675897694511,0.4330226382250092,-1.0909077054113419,-0.23487590084118806,-0.0520194592734428,
559,1.0,0.0,0.5398454725501154,,True,,multi_model_production,,-0.16608515898486562,,,-0.36576085048430995,1100042,559.0,0.6197116596729499,0.3514659053628061,-0.919294847493339,-0.2639149076664994,-0.0682554103032319,
561,1.0,0.0,0.6679195830064024,,True,,multi_model_production,,-0.16608515898486562,,,-0.14847635272894044,1100042,561.0,0.8079044604631527,0.5893780039680047,-1.1009350861615057,-0.2639149076664994,-0.0682554103032319,
563,0.0,0.0,0.4420082253663322,,True,,multi_model_production,,-0.037406317130373186,,,0.08723419972137467,1100042,563.0,0.6051578842532509,0.39913042768797163,0.8785008676211274,-0.15568323715813412,0.0808706028973877,
568,1.0,1.0,0.8094141010667619,,True,,multi_model_production,,-0.1263753737802995,,,-0.11006768648138565,1100042,568.0,0.8444971907889052,0.41898951290889075,0.29230843914262006,-0.20631258239463746,-0.046438165165961595,
569,0.0,1.0,0.28729620981739196,,True,,multi_model_production,,-0.06650237462498056,,,-0.03506472883281053,1100042,569.0,0.5484735971715028,0.5195052695479874,-0.6625083887936793,-0.19320608697577168,0.06020133772581056,
578,0.0,0.0,0.44331880999530554,,True,,multi_model_production,,-0.06867724814906773,,,-0.1661069213092291,1100042,578.0,0.5427674085870688,0.47493525335044395,0.9071736799389659,-0.15324490167667554,0.015890405378540057,
584,1.0,0.0,0.17728639751511938,,True,,multi_model_production,,-0.051113256745280534,,,-0.18620539681394355,1100042,584.0,0.40482911118318365,0.34396670623792386,-2.001037799442684,-0.11650047692725443,0.014273963436693356,
588,1.0,1.0,0.578326209788565,,True,,multi_model_production,,-0.09233480526367714,,,0.05151712594740754,1100042,588.0,0.45663678822022213,0.5126163387112763,0.898728250168543,-0.21167735194313964,0.02700774141578531,
594,0.0,1.0,0.38648340668225384,,True,,multi_model_production,,-0.0730310032108594,,,-0.1845762402931477,1100042,594.0,0.3791141351583314,0.299790409305727,-1.091335253501875,-0.18918084669386664,0.043118840272147824,
599,0.0,1.0,0.5031840542926488,,True,,multi_model_production,,-0.09042814596261142,,,-0.017020805613165407,1100042,599.0,0.44113879265693434,0.3506138804906583,-1.2154107218344345,-0.19237304742965733,0.011516755504434456,
603,1.0,1.0,0.8909088350743825,,True,,multi_model_production,,-0.12839015899988665,,,-0.4064471216929251,1100042,603.0,0.8770067568653184,0.2798023168969335,0.2111809466721425,-0.2078100985516321,-0.04897021944814123,
609,0.0,1.0,0.19018166190921137,,True,,multi_model_production,,-0.11851356842272913,,,-0.17815202596793825,1100042,609.0,0.6121158141565474,0.3356099307482125,-0.7554826706689451,-0.23766876617545768,0.0006416293299994075,
614,1.0,1.0,0.560290871391724,,True,,multi_model_production,,-0.12637053174179597,,,0.13800989485438941,1100042,614.0,0.6259280859401025,0.32964981128062865,0.9001541909530171,-0.2830477069344106,0.030306643450818654,
617,1.0,0.0,0.6075701845733918,,True,,multi_model_production,,-0.15088421786830827,,,-0.32977963417948597,1100042,617.0,0.8764990190806966,0.5607340927975623,-1.2386773848516603,-0.22451851361866215,-0.07724992211795444,
621,1.0,1.0,0.5370079420991479,,True,,multi_model_production,,-0.09223924385267644,,,-0.10300534475910206,1100042,621.0,0.5536961779349606,0.36524484106672606,0.9935705834259703,-0.1928998074038612,0.00842131969850829,
626,1.0,0.0,0.5292751825957597,,True,,multi_model_production,,-0.11173883606475586,,,-0.14734105843629364,1100042,626.0,0.5736284226307573,0.2698713840084362,-0.813645642665473,-0.20315241074167614,-0.020325261387835608,
638,1.0,0.0,0.268991902731541,,True,,multi_model_production,,-0.12097502072444954,,,-0.028967779075204383,1100042,638.0,0.37027307760970296,0.17011362264131843,-0.8325711406505927,-0.31922635858278137,0.0772763171338822,
648,1.0,1.0,0.26042033594029385,,True,,multi_model_production,,-0.10230597203474871,,,0.22657797391420198,1100042,648.0,0.630117253333896,0.3248486114579891,2.2872761611413264,-0.19142707502629674,-0.013184869043200709,
651,1.0,0.0,0.885249852534265,,True,,multi_model_production,,-0.05063665664878286,,,0.14285091672279376,1100042,651.0,0.8313949154877673,0.6967475343584507,-0.9217105276114359,-0.13939555947844823,0.03812224618088249,
656,0.0,0.0,0.14473782960342105,,True,,multi_model_production,,-0.05783046769271701,,,0.008071797181922913,1100042,656.0,0.5787135030136228,0.42655712478772395,0.5244940373364748,-0.17360535910662842,0.057944423721194356,
662,0.0,0.0,0.6907698825349992,,True,,multi_model_production,,0.06614629645434632,,,0.12090442381375327,1100042,662.0,0.7247583629616382,0.8111894429905246,2.430181969829158,-0.02281196552107434,0.15510455842976695,
663,1.0,1.0,0.47625081463037383,,True,,multi_model_production,,-0.07824404955021776,,,-0.0006267839972746714,1100042,663.0,0.512943194736532,0.4174339700873686,1.1277244413441863,-0.1897141351267314,0.033226036026295855,
676,1.0,0.0,0.5377114496926193,,True,,multi_model_production,,-0.11051558074819556,,,0.288078314021742,1100042,676.0,0.5975641306522566,0.4558023007245494,-0.9894326410757812,-0.18511900178843937,-0.03591215970795178,
680,1.0,0.0,0.7942672818428265,,True,,multi_model_production,,-0.06571064176939875,,,-0.21676132704337042,1100042,680.0,0.5795858333951857,0.5437389770409027,-0.7204262032201664,-0.17881209897212857,0.04739081543333104,
684,0.0,0.0,0.6162809713716983,,True,,multi_model_production,,-0.06573538369611825,,,-0.09365228131014089,1100042,684.0,0.27480746805381584,0.2927542162848622,0.7341152140905137,-0.1879951285980871,0.056524361205850554,
689,1.0,1.0,0.8677864230341422,,True,,multi_model_production,,-0.06854847218303184,,,0.028437736123359203,1100042,689.0,0.8875638799952325,0.7744520551868505,0.14679999084844764,-0.15327811629195925,0.016181171925895577,
707,1.0,0.0,0.25387159813499116,,True,,multi_model_production,,-0.13989022732205467,,,-0.18261274863827542,1100042,707.0,0.6456244265135391,0.14270616078898585,-1.0650377065652914,-0.2752592454167029,-0.004521209227406481,
708,0.0,0.0,0.28947124429815446,,True,,multi_model_production,,-0.11676033001614074,,,-0.3033594815556778,1100042,708.0,0.5907475416423503,0.31713474392174335,0.5578068132405597,-0.19269320080254973,-0.04082745922973176,
713,0.0,1.0,0.13206847449755194,,True,,multi_model_production,,0.03358938017791016,,,0.18351149860665072,1100042,713.0,0.6966366504055694,0.7197506064914617,-0.3264105636264349,-0.12112315709883864,0.1883019174546589,
743,1.0,0.0,0.5398515491758863,,True,,multi_model_production,,-0.1260503511226425,,,-0.3588049137290085,1100042,743.0,0.8372207501493553,0.32065924681022656,-1.1105382128618315,-0.20495475513717398,-0.04714594710811107,
744,0.0,0.0,0.2271279356058897,,True,,multi_model_production,,-0.02991814673769752,,,0.00043827428651807554,1100042,744.0,0.33470082066427814,0.33304059403608915,0.4314008659947737,-0.15334742363518794,0.09351113015979286,
752,1.0,0.0,0.7584229839263824,,True,,multi_model_production,,-0.0011254725643275757,,,-0.048624029853681416,1100042,752.0,0.6021222818493142,0.4181744073647459,-0.7353214697306436,-0.12304232862358454,0.12079138349492936,
760,1.0,1.0,0.5226443203702145,,True,,multi_model_production,,-0.16797390270212828,,,-0.1049719012824385,1100042,760.0,0.907164842310011,0.3863900314611312,0.6532740491946367,-0.30301199565069104,-0.032935809753565526,
773,1.0,1.0,0.7696841801150724,,True,,multi_model_production,,0.03198853010325142,,,-0.05078761983714952,1100042,773.0,0.6643515991209682,0.7146843158674331,0.4210246076593202,-0.1384715974298983,0.2024486576364011,
776,0.0,0.0,0.18906039544467698,,True,,multi_model_production,,0.11337306538579188,,,0.11215936655437345,1100042,776.0,0.09257857560657809,0.5133966247922455,0.5349801582829821,0.02577462317614057,0.2009715075954432,
779,0.0,0.0,0.22722152403785487,,True,,multi_model_production,,-0.06544440920647489,,,0.2102850669914252,1100042,779.0,0.3219666928083336,0.3292500841323719,0.4239185627520081,-0.16426809812650123,0.033379279713551424,
781,1.0,1.0,0.3738404960754627,,True,,multi_model_production,,0.03370067632192003,,,0.031273744586730046,1100042,781.0,0.6416610920551782,0.6741581880458845,0.9041036110011661,-0.09384736383342401,0.16124871647726405,
782,1.0,0.0,0.842764601487227,,True,,multi_model_production,,-0.059341960345650334,,,-0.27881971225762575,1100042,782.0,0.7776773062998531,0.6875866913968551,-0.905961013568854,-0.17483114471124053,0.05614722401993983,
798,1.0,1.0,0.49830255595975936,,True,,multi_model_production,,-0.0839021674810865,,,-0.012829595656138837,1100042,798.0,0.3830074788485912,0.5782394860342754,1.0416264495208023,-0.23630646298309205,0.06850212802091901,
822,0.0,0.0,0.6984591257466864,,True,,multi_model_production,,0.047077259449199015,,,0.15687867128973654,1100042,822.0,0.5398087054706897,0.7017454901366827,1.9521043923158135,-0.18317599659381048,0.27733051549220844,
839,0.0,0.0,0.6717243372454579,,True,,multi_model_production,,-0.11493871426225666,,,-0.082870305049013,1100042,839.0,0.4744849053526249,0.18708770898893248,1.1579883718848016,-0.20897904057995806,-0.020898387944555286,
845,1.0,1.0,0.661761614088901,,True,,multi_model_production,,-0.012576753868164887,,,-0.054967122143437575,1100042,845.0,0.29411901232582094,0.49552038112669244,0.9637296878404462,-0.15229529909457337,0.12714179135824352,
859,1.0,1.0,0.6313256883352686,,True,,multi_model_production,,-0.03964035138550813,,,0.10091643251497262,1100042,859.0,0.8312176102575511,0.6585555970454819,0.368175163641714,-0.23512144948671887,0.15584074671570258,
868,1.0,0.0,0.23174975233534803,,True,,multi_model_production,,-0.07169707991526866,,,-0.03768758335333155,1100042,868.0,0.4465439621631171,0.3499835495980869,-1.6067391552445538,-0.1789718282806296,0.03557766845009225,
875,1.0,1.0,0.25588691446967,,True,,multi_model_production,,0.04191304978857397,,,0.2750351541256375,1100042,875.0,0.3366507607610457,0.6132470131736073,1.7880177630745855,-0.030593833290542473,0.1144199328676904,
892,0.0,0.0,0.843486204394406,,True,,multi_model_production,,-0.08306815407611196,,,-0.4218944972490402,1100042,892.0,0.6061087484549841,0.3073224071149954,3.573771640592443,-0.20074410545853558,0.03460779730631164,
893,0.0,1.0,0.2595540229811109,,True,,multi_model_production,,-0.133623057685247,,,-0.13899119129057289,1100042,893.0,0.442051829304434,0.3067628972967008,-0.8888188153652229,-0.23228126337436622,-0.03496485199612777,
898,1.0,1.0,0.5013162384660613,,True,,multi_model_production,,-0.07470178388716313,,,0.11489019733853345,1100042,898.0,0.5121365760866525,0.361233790252631,1.1232753890080307,-0.1529212484550183,0.0035176806806920535,
908,1.0,1.0,0.5109917049752833,,True,,multi_model_production,,-0.022074108173808105,,,0.2700079153490359,1100042,908.0,0.6709454009962151,0.5597468094067161,0.750367626231158,-0.21418943379195576,0.1700412174443395,
913,0.0,0.0,0.6714559180248966,,True,,multi_model_production,,0.007899129414233562,,,0.5763362625455206,1100042,913.0,0.3626929110983219,0.44701129373555837,1.1882582524955718,-0.11379829437287592,0.129596553201343,
915,1.0,1.0,0.8682435431100303,,True,,multi_model_production,,-0.028472057491561238,,,-0.10460704553612188,1100042,915.0,0.8665865401194579,0.7339115167219474,0.17379254021365004,-0.18839309944948157,0.13144898446635908,
929,1.0,0.0,0.6072744746044716,,True,,multi_model_production,,0.07547931091717477,,,-0.2246108655442407,1100042,929.0,0.4321403200953678,0.53967719929297,-0.7811505625798101,-0.02015194806572844,0.17111056990007795,
934,0.0,0.0,0.10573486610413528,,True,,multi_model_production,,-0.1584801180818021,,,-0.17923562100166213,1100042,934.0,0.3113256231961976,0.18029491011928675,0.21710499231496547,-0.2518846820921594,-0.06507555407144476,
955,1.0,1.0,0.7451700908907951,,True,,multi_model_production,,-0.14600888822110683,,,-0.4074361291328243,1100042,955.0,0.7570973474177417,0.548125277927168,0.39743273338154583,-0.23667519021915284,-0.05534258622306085,
960,1.0,1.0,0.37326063953542776,,True,,multi_model_production,,0.038563228412053174,,,0.30302428580824725,1100042,960.0,0.42671243879629944,0.5891715094209768,1.2631068407467925,-0.07119373977853014,0.14832019660263646,
961,0.0,1.0,0.6731115786602768,,True,,multi_model_production,,-0.033020103111247125,,,-0.17386110854674186,1100042,961.0,0.39427347914125105,0.4046065179964942,-1.842673924120786,-0.13043862289530148,0.06439841667280721,
967,0.0,0.0,0.5346469130507556,,True,,multi_model_production,,-0.133623057685247,,,0.11315424130412288,1100042,967.0,0.5713781956758497,0.4307790392702446,1.087238826622902,-0.23228126337436622,-0.03496485199612777,
976,0.0,0.0,0.1912960634398126,,True,,multi_model_production,,-0.16797390270212828,,,-0.10435438224184548,1100042,976.0,0.48095221884859196,0.12867252419923972,0.24244007497897002,-0.30301199565069104,-0.032935809753565526,
980,1.0,1.0,0.8005341287135094,,True,,multi_model_production,,-0.1521848133321308,,,-0.1328309937568829,1100042,980.0,0.8623894735883766,0.49089447256949426,0.2644623044474803,-0.2915708014410831,-0.012798825223178517,
986,1.0,0.0,0.7653088345337453,,True,,multi_model_production,,-0.0894846849724828,,,-0.21930664730454208,1100042,986.0,0.7892723114980718,0.5743005527209807,-0.9653884883459664,-0.20541329453293175,0.026443924587966128,
987,0.0,0.0,0.6907647780638804,,True,,multi_model_production,,-0.1151539009608297,,,0.16537846499403014,1100042,987.0,0.49875192473423086,0.3593140107191992,1.473418220585511,-0.2348408633380707,0.0045330614164112715,
989,0.0,0.0,0.33246461134764504,,True,,multi_model_production,,0.023334558385685607,,,-0.22553091570484401,1100042,989.0,0.2840309754994916,0.28511298486500986,0.426574021216611,-0.09908360400601524,0.14575272077738644,
5,1.0,1.0,0.7049033769359293,,True,,multi_model_production,,-0.02217375101021301,,,0.29544125881310984,2100042,5.0,0.4577477575722447,0.4352715059531376,0.7786668731331414,-0.10527545185050108,0.060927949830075025,
12,0.0,1.0,0.3660922929086231,,True,,multi_model_production,,-0.02333545455387332,,,-0.1020346687031714,2100042,12.0,0.3608896964626074,0.49644445300540857,-0.872652426281789,-0.1274472919938995,0.08077638288615285,
15,1.0,0.0,0.7241436317205655,,True,,multi_model_production,,-0.051739717979663424,,,-0.003080297422145953,2100042,15.0,0.4887118481860549,0.482484648307281,-0.6725102785007557,-0.21115690442109195,0.10767746846176507,
30,0.0,0.0,0.6178174076986807,,True,,multi_model_production,,-0.09410546604333758,,,-0.15824629257148742,2100042,30.0,0.6769774899748209,0.39306932769463865,1.4874375337610444,-0.21696973688810584,0.02875880480143063,
35,1.0,1.0,0.8494035565309379,,True,,multi_model_production,,-0.06746514057843028,,,0.011426825642477212,2100042,35.0,0.773600834938864,0.6522375315534109,0.2880563014333578,-0.19613305587817315,0.06120277472131255,
39,1.0,0.0,0.7614760690503459,,True,,multi_model_production,,-0.1256417516543083,,,-0.0787740414269622,2100042,39.0,0.6844682556900342,0.44637275839521806,-0.8242895702771749,-0.25690637642816894,0.005622873119552341,
40,0.0,0.0,0.3206674108368576,,True,,multi_model_production,,-0.02974682977492027,,,0.060474988513839145,2100042,40.0,0.42899505738096455,0.48546040348108965,0.6879602342070477,-0.19206547301209032,0.13257181346224972,
43,1.0,0.0,0.7344997888355581,,True,,multi_model_production,,-0.06783326445119915,,,-0.19702180525731344,2100042,43.0,0.5832620089343742,0.3379575122156982,-0.7054237742905325,-0.19823235029548147,0.06256582139308313,
45,0.0,0.0,0.1774359315129401,,True,,multi_model_production,,-0.013086457694347228,,,0.13139903885494988,2100042,45.0,0.6116697807157748,0.5111427793361984,0.6430865408953951,-0.1610831195991238,0.13491020421042932,
48,1.0,1.0,0.35576818964557794,,True,,multi_model_production,,0.03807370737186952,,,-0.02351093248221392,2100042,48.0,0.8216619292076738,0.8304033089537193,0.48544698744873443,-0.060013151646623686,0.1361605663903627,
63,1.0,0.0,0.7080995651746871,,True,,multi_model_production,,-0.034531286509530836,,,-0.08061850681857732,2100042,63.0,0.5058467378764631,0.3493278571966932,-0.6498504323105275,-0.1506038476713677,0.08154127465230601,
67,1.0,1.0,0.19759694512686618,,True,,multi_model_production,,-0.15411531609438386,,,-0.4040936263411786,2100042,67.0,0.7167088972016145,0.23944081190346342,3.3717751658929194,-0.2497680467971369,-0.05846258539163085,
69,0.0,0.0,0.2706913213019591,,True,,multi_model_production,,-0.08684241332560912,,,-0.2535047085663173,2100042,69.0,0.5234274493778296,0.28395279037704985,0.4782289206580422,-0.18637893690336177,0.012694110252143523,
72,1.0,0.0,0.6653901116439623,,True,,multi_model_production,,-0.06502075505683569,,,0.03393963416448598,2100042,72.0,0.303890774563207,0.2424165221649102,-0.42579665202936123,-0.1800309608402088,0.049989450726537404,
93,0.0,1.0,0.15344195373039696,,True,,multi_model_production,,-0.10246923525304642,,,-0.24763340158643393,2100042,93.0,0.44883891963303385,0.1629204343714579,-0.9369796650538924,-0.23301799918572752,0.02807952867963466,
115,0.0,0.0,0.1527465035794028,,True,,multi_model_production,,-0.02098788472150145,,,-0.036066766855671034,2100042,115.0,0.1507405183657937,0.15491450389472886,0.18209065273966857,-0.10048518194483809,0.05850941250183517,
116,0.0,1.0,0.1450474277951525,,True,,multi_model_production,,-0.12971411192139,,,-0.014342061446469406,2100042,116.0,0.7840143800692797,0.3882017825691593,-0.6484413712503558,-0.23779567959969866,-0.021632544243081364,
121,1.0,0.0,0.8498596305749954,,True,,multi_model_production,,-0.1449434897955364,,,-0.578150415838105,2100042,121.0,0.7665955795574346,0.46510589604947233,-0.8487634676913485,-0.21864865537904327,-0.07123832421202952,
122,1.0,0.0,0.8538117495477364,,True,,multi_model_production,,-0.09875708793864857,,,-0.1662835077113541,2100042,122.0,0.437458338029189,0.260490642812489,-0.48205911958567915,-0.2531971569059951,0.05568298102869795,
123,0.0,1.0,0.36347539233010207,,True,,multi_model_production,,0.052511911338335895,,,0.03246765507545743,2100042,123.0,0.5587695561549901,0.5456562766680426,-0.7063000605294053,-0.06748236308374814,0.1725061857604199,
126,0.0,0.0,0.11129790418372751,,True,,multi_model_production,,-0.1357496928194366,,,-0.3010231687743369,2100042,126.0,0.241716663901007,0.08703708485415372,0.11730882408500876,-0.23894742953550657,-0.03255195610336667,
130,0.0,0.0,0.1432623334927318,,True,,multi_model_production,,-0.06123397454333709,,,0.006309753656425152,2100042,130.0,0.20094028885732124,0.26165313573438037,0.29525405676282357,-0.25183928510313897,0.12937133601646472,
137,0.0,0.0,0.20272530612890216,,True,,multi_model_production,,-0.1276572990901481,,,-0.035394603233024145,2100042,137.0,0.26887260296631194,0.17227287934603275,0.24063988154117955,-0.2127572018942976,-0.04255739628599865,
145,1.0,0.0,0.1715948975885384,,True,,multi_model_production,,0.021430397133384505,,,-0.33769143797714973,2100042,145.0,0.24232659898280243,0.1705337962412169,-1.065609044586574,-0.13966433154174104,0.18252512580851002,
151,0.0,1.0,0.4911043898870103,,True,,multi_model_production,,0.0526470658630679,,,-0.31487008056515453,2100042,151.0,0.34673582275231674,0.6223216033433785,-1.008104163408729,-0.06508498353751414,0.1703791152636499,
162,0.0,0.0,0.2711259384705573,,True,,multi_model_production,,-0.09669239246923525,,,-0.1770906937214045,2100042,162.0,0.29669264324128225,0.11323989140684089,0.22360336238467798,-0.18990679890750733,-0.003477986030963165,
167,0.0,1.0,0.3599001033168796,,True,,multi_model_production,,-0.07890883471083064,,,0.060419762402974864,2100042,167.0,0.45168859992590993,0.26783118844013404,-1.040460268188829,-0.17479191943133193,0.01697425000967065,
169,1.0,1.0,0.5084108367676153,,True,,multi_model_production,,-0.11005482461668213,,,-0.059438745764093026,2100042,169.0,0.6812157822946527,0.4642079894277502,0.8368486000823883,-0.19437700502763527,-0.02573264420572899,
186,1.0,0.0,0.5189739152593302,,True,,multi_model_production,,-0.033678992633372984,,,-0.34838730337294177,2100042,186.0,0.535875626160099,0.634780777267802,-1.1242406729952354,-0.1518587190474847,0.08450073378073872,
193,0.0,0.0,0.3940133561076004,,True,,multi_model_production,,-0.09079609003816591,,,-0.07790570380726344,2100042,193.0,0.612982749700852,0.3482881154757939,0.7468503492807084,-0.27034736553930905,0.08875518546297717,
196,0.0,0.0,0.4137280999963203,,True,,multi_model_production,,-0.026835060101352982,,,0.18500422317417548,2100042,196.0,0.43830236293618524,0.35059831128567126,0.6599053134468653,-0.11678646737759305,0.06311634717488707,
208,1.0,1.0,0.21054988523070622,,True,,multi_model_production,,-0.02333545455387332,,,-0.38364186382161225,2100042,208.0,0.413470074795347,0.5053539219993589,2.4411897015322706,-0.1274472919938995,0.08077638288615285,
211,0.0,0.0,0.10761379867460914,,True,,multi_model_production,,-0.07228006979488168,,,0.039362356322426656,2100042,211.0,0.3220050571693059,0.21880549540488092,0.2576364268367627,-0.21216202236394777,0.06760188277418437,
229,0.0,0.0,0.6123997907711622,,True,,multi_model_production,,-0.10634133875278587,,,-0.0181111175885878,2100042,229.0,0.396332183460714,0.25514553047640626,0.8813416481465126,-0.17749099852962608,-0.035191678975945676,
241,1.0,0.0,0.1296880986249582,,True,,multi_model_production,,-0.05933324772313793,,,-0.2359562924134932,2100042,241.0,0.3182639952116969,0.2099733584715303,-1.727354843076841,-0.21282357908517324,0.09415708363889734,
250,1.0,1.0,0.8940026001694079,,True,,multi_model_production,,-0.08442261763711484,,,-0.14381661120733635,2100042,250.0,0.732464935215976,0.5832679134698054,0.31694489601919884,-0.2393703774319001,0.07052514215767039,
261,0.0,0.0,0.1992954062946387,,True,,multi_model_production,,-0.026835060101352982,,,0.31285754382566056,2100042,261.0,0.4250806528045124,0.47127872842097945,0.5770813203814286,-0.11678646737759305,0.06311634717488707,
264,1.0,1.0,0.40925152186396824,,True,,multi_model_production,,-0.11152514810578608,,,0.10130985419071503,2100042,264.0,0.7287618181676089,0.4192802341342337,1.109498517056616,-0.19664834899044292,-0.026401947221129235,
265,0.0,0.0,0.36864936903794254,,True,,multi_model_production,,-0.13101098962608718,,,-0.19966649402570194,2100042,265.0,0.7703048583234294,0.31422249925876805,0.7640080638270246,-0.2163732582219097,-0.04564872103026468,
270,0.0,0.0,0.13803178822790207,,True,,multi_model_production,,-0.12555868902684253,,,-0.05981133747776573,2100042,270.0,0.11447942761519113,0.06806030966906375,0.08639254036298341,-0.19496758335307468,-0.056149794700610406,
271,1.0,0.0,0.8461219175603756,,True,,multi_model_production,,-0.12585853912548717,,,-0.027407061388611043,2100042,271.0,0.8955158297287005,0.31727205379533896,-0.9532158068082145,-0.2038801261534422,-0.047836952097532165,
277,1.0,1.0,0.8920430862740399,,True,,multi_model_production,,0.06572509129035675,,,0.19707323380293573,2100042,277.0,0.3469153534521184,0.37754965339022994,0.7284148849653131,-0.07697863387626383,0.2084288164569773,
282,0.0,0.0,0.5132663734490562,,True,,multi_model_production,,-0.05751973148407209,,,0.2904593735133494,2100042,282.0,0.7881346672958255,0.5592449023705849,1.3903422426938914,-0.20006242332692842,0.08502296035878422,
284,0.0,1.0,0.1413193590669034,,True,,multi_model_production,,-0.10847351187819636,,,0.18518688543613304,2100042,284.0,0.3815603494900618,0.1956682582932055,-0.9061128822908568,-0.18943550983276822,-0.02751151392362451,
288,1.0,0.0,0.7963067209464114,,True,,multi_model_production,,-0.0009513122835424316,,,0.004640120746827181,2100042,288.0,0.5010791687213624,0.5067044897218205,-0.6306929171774159,-0.2227848466399244,0.2208822220728395,
318,0.0,0.0,0.48603437370148606,,True,,multi_model_production,,0.09006332860510471,,,-0.20199985734703257,2100042,318.0,0.5671533980973832,0.543144541059314,1.0794762187673261,-0.09706609700858859,0.27719275421879797,
328,0.0,1.0,0.5302071603076796,,True,,multi_model_production,,-0.051027050008233744,,,0.10327243996857394,2100042,328.0,0.536802850057398,0.507489355834461,-1.0152739236027502,-0.13873140714925034,0.036677307132782826,
334,0.0,0.0,0.1847227329454715,,True,,multi_model_production,,-0.12808395218188362,,,-0.1484375342195409,2100042,334.0,0.49050327119926285,0.15291086560952202,0.2640474180881299,-0.20426248736177183,-0.05190541700199543,
339,0.0,1.0,0.6886037637743346,,True,,multi_model_production,,-0.07920678246671213,,,-0.04096418254395162,2100042,339.0,0.41079311636002747,0.33646774118782086,-1.966470542954456,-0.20706974568524456,0.04865618075182028,
343,1.0,1.0,0.787448088848756,,True,,multi_model_production,,0.02289966037473385,,,-0.252500407706424,2100042,343.0,0.4353786588646314,0.436983068744426,0.7165936761293338,-0.1300826911649264,0.17588201191439404,
346,0.0,0.0,0.36287324257238956,,True,,multi_model_production,,-0.0850162321392737,,,0.021257549177203516,2100042,346.0,0.25473349457452865,0.09356345959889838,0.23864600100912609,-0.23427658300100673,0.0642441187224593,
349,0.0,1.0,0.7968499670192781,,True,,multi_model_production,,-0.04924855342007182,,,0.03268878550218324,2100042,349.0,0.8543886570052986,0.42790747013124153,-1.143248695390875,-0.24974813518502087,0.1512510283448772,
354,1.0,0.0,0.7081407301623313,,True,,multi_model_production,,-0.0044788752598180935,,,-0.14297135067526034,2100042,354.0,0.53789194536206,0.5054808581048952,-0.7462252156847456,-0.22079216976811977,0.2118344192484835,
357,1.0,1.0,0.5646118984792061,,True,,multi_model_production,,-0.10348150430604443,,,0.1013446835796018,2100042,357.0,0.6463313336875526,0.38488467940537313,0.8280013758628686,-0.25782992899650625,0.05086692038441738,
360,1.0,0.0,0.24679796134664433,,True,,multi_model_production,,-0.028604071169398382,,,-0.20995476861796994,2100042,360.0,0.22667781445137108,0.24228900813412269,-0.9661189908458454,-0.21240133912793635,0.15519319678913954,
361,0.0,0.0,0.21517215949574295,,True,,multi_model_production,,-0.019226401959195255,,,-0.0406445885166562,2100042,361.0,0.38428505334666613,0.3600196955907329,0.4653771262565611,-0.19444686913587667,0.15599406521748613,
365,1.0,0.0,0.689668624347296,,True,,multi_model_production,,-0.1394010796418086,,,-0.3344524588585174,2100042,365.0,0.6508660029283688,0.25839823646267884,-0.7671379012818527,-0.2453409545024455,-0.033461204781171705,
368,1.0,0.0,0.8349285473991095,,True,,multi_model_production,,-0.08760580115602673,,,-0.05427466854280549,2100042,368.0,0.7607777553313172,0.5248965902769277,-0.8645536327907436,-0.2138829291694025,0.038671326857349,
370,1.0,0.0,0.1910535766860055,,True,,multi_model_production,,-0.09212873827193872,,,-0.11224918810400103,2100042,370.0,0.37318937347239167,0.1566859763638165,-1.0366187756409972,-0.22444963344236007,0.04019215689848259,
380,0.0,1.0,0.6487322867967179,,True,,multi_model_production,,-0.09581941446090257,,,-0.4595323870462047,2100042,380.0,0.2890415268765503,0.117040543674366,-2.1959799781404725,-0.21968608444933468,0.0280472555275295,
384,1.0,1.0,0.7777519280384277,,True,,multi_model_production,,-0.05302709457582407,,,0.0703099140074529,2100042,384.0,0.7760739302291718,0.5814060661153564,0.3435422242113676,-0.21467315128049227,0.10861896212884409,
392,1.0,1.0,0.8601371060052582,,True,,multi_model_production,,-0.04428494212812784,,,0.0859568948245617,2100042,392.0,0.697962323663898,0.7425036881925715,0.34390795388943335,-0.1964234857826547,0.107853601526399,
398,0.0,1.0,0.130371352517539,,True,,multi_model_production,,-0.0635671195078266,,,-0.3498504475078327,2100042,398.0,0.3070635878304115,0.15577067216275198,-0.9481116660338196,-0.18598966901868091,0.05885543000302766,
422,1.0,1.0,0.447050638362522,,True,,multi_model_production,,0.07633877527506185,,,0.04875396248008518,2100042,422.0,0.34267319051466616,0.5449617636866182,1.220155895719834,-0.017573374284126697,0.17025092483425036,
424,1.0,0.0,0.46140672496136204,,True,,multi_model_production,,-0.0743017188771972,,,-0.411950972386599,2100042,424.0,0.8375167881564879,0.5529136377313645,-1.4829247348746462,-0.22891826616726424,0.08031482841286981,
431,1.0,1.0,0.13462612461560447,,True,,multi_model_production,,-0.04724474219018066,,,-0.32665406706368566,2100042,431.0,0.542667840311007,0.23542704952687737,5.371990878820815,-0.2737651509695762,0.17927566658921482,
435,0.0,1.0,0.10700230496941246,,True,,multi_model_production,,-0.0632742386102967,,,-0.10742312894197681,2100042,435.0,0.47109460663900415,0.26196585084782664,-0.8014095604385841,-0.15900565797775817,0.03245718075716475,
446,1.0,0.0,0.18909806637719978,,True,,multi_model_production,,-0.02142029414089949,,,-0.06432527410523083,2100042,446.0,0.31367422598144734,0.07888864239047298,-0.6519693438580485,-0.2128273584104009,0.1699867701286019,
447,1.0,1.0,0.38951000036259925,,True,,multi_model_production,,-0.04812733411361337,,,0.034144994760945346,2100042,447.0,0.2971469756143296,0.22073959911630378,1.9242098096031626,-0.23360248923179955,0.13734782100457277,
451,1.0,1.0,0.691977936290781,,True,,multi_model_production,,0.04259389435922864,,,-0.17663563846118313,2100042,451.0,0.2332365116131931,0.1199840936350767,1.1584874167947736,-0.1834463973592266,0.26863418607768386,
460,1.0,0.0,0.4157105898451658,,True,,multi_model_production,,-0.021590247263275294,,,-0.15089969081385596,2100042,460.0,0.439213440772679,0.40150236059242655,-1.003532905267674,-0.11168609711692486,0.06850560259037423,
462,0.0,0.0,0.3942365782423926,,True,,multi_model_production,,0.014516456023721718,,,-0.02877369342676961,2100042,462.0,0.4395880229687884,0.5657854513725109,0.8518735045413915,-0.08853964820102546,0.11757256024846886,
465,0.0,1.0,0.12897870938624417,,True,,multi_model_production,,-0.10634133875278587,,,-0.07352311822592295,2100042,465.0,0.37168038907360273,0.20150480778295254,-0.8915352285200062,-0.17749099852962608,-0.035191678975945676,
467,0.0,0.0,0.33698235021931916,,True,,multi_model_production,,-0.060119386262202874,,,0.18109530692018136,2100042,467.0,0.7490283137633142,0.36296644319307136,0.7436641842505977,-0.22972058647378824,0.10948181394938247,
468,1.0,0.0,0.22816728781904116,,True,,multi_model_production,,-0.09422578303946379,,,-0.36394341785118856,2100042,468.0,0.478082414222789,0.12827260131800788,-0.9119964547503927,-0.22791712414300058,0.039465558064072995,
474,0.0,0.0,0.3925101946204446,,True,,multi_model_production,,0.050410034819597827,,,0.27024214191256124,2100042,474.0,0.3713395525367326,0.5616253367710761,0.8015545647939155,-0.04922185535453802,0.15004192499373364,
478,1.0,0.0,0.5579136547064254,,True,,multi_model_production,,-0.09207459380323096,,,-0.14113139488284232,2100042,478.0,0.5462543883283524,0.33081395454166684,-0.808388736361824,-0.21229823524927321,0.028149047642811245,
481,0.0,1.0,0.32769348818344024,,True,,multi_model_production,,-0.11194533678097264,,,0.24256774419822325,2100042,481.0,0.4463643112382794,0.25579048567849366,-1.0140608497532706,-0.18261675468681032,-0.041273918875135,
486,1.0,1.0,0.5045164925641301,,True,,multi_model_production,,-0.1497080471392277,,,-0.6892153014395378,2100042,486.0,0.7277212302958671,0.08151895223313332,1.1743151109701264,-0.23663110436821355,-0.06278498991024185,
487,1.0,1.0,0.8985695115823384,,True,,multi_model_production,,0.0013784313476204765,,,-0.028156691615068175,2100042,487.0,0.7778936083307639,0.8168032070246305,0.2427856379028629,-0.08008242655963416,0.08283928925487509,
498,0.0,0.0,0.21570020266315956,,True,,multi_model_production,,-0.09261713932435786,,,-0.1062618189134249,2100042,498.0,0.3308169636611252,0.11108031037963521,0.20206246586203597,-0.22631641308835085,0.0410821344396351,
503,0.0,0.0,0.23172526005509939,,True,,multi_model_production,,0.01900415485170837,,,-0.16728505428348134,2100042,503.0,0.25827400203384937,0.19196597119277073,0.2698659816643597,-0.15598472974017352,0.1939930394435902,
507,1.0,1.0,0.8706783113321515,,True,,multi_model_production,,-0.025326728132752864,,,-0.030854928811506976,2100042,507.0,0.836219397172157,0.7472364703365143,0.20132352317429675,-0.23677032045402382,0.18611686418851806,
508,0.0,0.0,0.503368239410196,,True,,multi_model_production,,-0.1065259552309977,,,-0.05620972089686527,2100042,508.0,0.5631553610708934,0.3838292104450296,0.9546233986379317,-0.25609837894761756,0.04304646848562216,
514,1.0,1.0,0.7447893901566865,,True,,multi_model_production,,-0.09061884282768486,,,-0.061478120138046544,2100042,514.0,0.6770184447017797,0.3386926361949571,0.5495860932267922,-0.1864739213602679,0.005236235704898173,
528,1.0,1.0,0.7771454080206458,,True,,multi_model_production,,0.02665764200693194,,,-0.3151680255715663,2100042,528.0,0.5249242020228106,0.42648710485837976,0.6395366323623659,-0.16019675713349682,0.21351204114736064,
532,1.0,0.0,0.558001553814855,,True,,multi_model_production,,-0.0950806687945844,,,-0.5334643262344162,2100042,532.0,0.5861476058126057,0.20699326816522187,-0.7501089823971765,-0.24028801706198605,0.05012667947281721,
534,0.0,1.0,0.45724559043225943,,True,,multi_model_production,,-0.02583093335364432,,,0.13543398492073888,2100042,534.0,0.4602978985325838,0.41963658799550685,-1.0350375734535675,-0.10839095154008316,0.0567290848327945,
535,0.0,0.0,0.6560989044889268,,True,,multi_model_production,,-0.10957378326138009,,,0.03704061610492676,2100042,535.0,0.5573807572152678,0.41756673565247254,1.4809448666487746,-0.20474789760166495,-0.014399668921095274,
538,1.0,0.0,0.6988849248830186,,True,,multi_model_production,,-0.019676843393604874,,,-0.06212851278558973,2100042,538.0,0.3455489403620092,0.42179225474514065,-0.5272784382369318,-0.1395614115651964,0.10020772477798663,
539,0.0,1.0,0.19369810812728125,,True,,multi_model_production,,-0.1461438593117075,,,-0.11126006308263126,2100042,539.0,0.3246911128825196,0.09843732631128199,-1.0637922990370914,-0.21611884505633222,-0.0761688735670828,
546,0.0,0.0,0.18054913036416145,,True,,multi_model_production,,-0.08441048490637862,,,-0.06620608679353736,2100042,546.0,0.19138945624781142,0.1505013651412992,0.19267009198854546,-0.2376223916437404,0.06880142183098314,
549,1.0,0.0,0.8255121800625127,,True,,multi_model_production,,-0.05009134670415237,,,-0.22605679180368443,2100042,549.0,0.8334761585524294,0.6385554039707357,-0.968447080895111,-0.200747450726459,0.10056475731815422,
550,0.0,0.0,0.18796730122589664,,True,,multi_model_production,,-0.09847829677360694,,,-0.08381602753461014,2100042,550.0,0.5105523014787442,0.19037514660298566,0.3085565183488625,-0.24394830181095611,0.0469917082637422,
552,1.0,0.0,0.635585406414489,,True,,multi_model_production,,-0.1460759446425451,,,0.08753892270289004,2100042,552.0,0.7762332938748032,0.4467621085853305,-1.0323855443614307,-0.22232028789099845,-0.06983160139409181,
559,1.0,0.0,0.5398165303416042,,True,,multi_model_production,,-0.11152514810578608,,,-0.36576085048430995,2100042,559.0,0.5295582318666742,0.30615255352196236,-0.7905475428745444,-0.19664834899044292,-0.026401947221129235,
561,1.0,0.0,0.6678832297774241,,True,,multi_model_production,,-0.11152514810578608,,,-0.14847635272894044,2100042,561.0,0.8028647503829642,0.5582291534787168,-1.0804540882066116,-0.19664834899044292,-0.026401947221129235,
563,0.0,0.0,0.44197365051722065,,True,,multi_model_production,,-0.0200448211882223,,,0.08723419972137467,2100042,563.0,0.5572424514601734,0.36995978128626794,0.8113125609951379,-0.22837938026933874,0.18828973789289413,
568,1.0,1.0,0.8094002290300463,,True,,multi_model_production,,-0.13337878114835092,,,-0.11006768648138565,2100042,568.0,0.8045394139120279,0.31630696388240015,0.3564584848085191,-0.2105734422155618,-0.05618412008114007,
569,0.0,1.0,0.28726594125511973,,True,,multi_model_production,,-0.04925243110013662,,,-0.03506472883281053,2100042,569.0,0.5891517455013637,0.4682414717405019,-0.6973500403999603,-0.23346945471838276,0.1349645925181095,
578,0.0,0.0,0.4433028636181259,,True,,multi_model_production,,-0.06178355747877109,,,-0.1661069213092291,2100042,578.0,0.588499965517947,0.3431704025940325,0.8117981409165762,-0.15503892080543993,0.03147180584789772,
584,1.0,0.0,0.1772682377535935,,True,,multi_model_production,,-0.057136612593911056,,,-0.18620539681394355,2100042,584.0,0.4079172717645591,0.251684851186714,-1.5760290766294565,-0.13613712194247793,0.02186389675465581,
588,1.0,1.0,0.5783008815309076,,True,,multi_model_production,,-0.06543773157748357,,,0.05151712594740754,2100042,588.0,0.43654412824488825,0.4379469957877789,0.9733069786421609,-0.21841278194835473,0.08753731879338754,
594,0.0,1.0,0.38644412244604626,,True,,multi_model_production,,-0.06449822864382161,,,-0.1845762402931477,2100042,594.0,0.3415694571814792,0.26363612668834757,-1.1510720076800696,-0.1845065306211286,0.055510073333485344,
599,0.0,1.0,0.5031424706704605,,True,,multi_model_production,,-0.05933324772313793,,,-0.017020805613165407,2100042,599.0,0.3913320711743573,0.3296763061129668,-1.286690896655311,-0.21282357908517324,0.09415708363889734,
603,1.0,1.0,0.8908942800306692,,True,,multi_model_production,,-0.12585853912548717,,,-0.4064471216929251,2100042,603.0,0.8246348764951608,0.22282824552345307,0.2705435141541457,-0.2038801261534422,-0.047836952097532165,
609,0.0,1.0,0.19016182536491383,,True,,multi_model_production,,-0.10269907779289786,,,-0.17815202596793825,2100042,609.0,0.5744087599233809,0.2695586464481077,-0.8303763894728092,-0.24800342905880457,0.042605273473008826,
614,1.0,1.0,0.5602600952272403,,True,,multi_model_production,,-0.13700253764049994,,,0.13800989485438941,2100042,614.0,0.5288015986273341,0.3340900512681548,0.9938613215719079,-0.22971989888623123,-0.04428517639476867,
617,1.0,0.0,0.6075425117801919,,True,,multi_model_production,,-0.11070497638718964,,,-0.32977963417948597,2100042,617.0,0.816116285012124,0.5063589028357508,-1.1432116557745156,-0.2026727264887862,-0.018737226285593073,
621,1.0,1.0,0.536999872858566,,True,,multi_model_production,,-0.10270201621268497,,,-0.10300534475910206,2100042,621.0,0.5304017772569084,0.251615376490043,1.1148538239991934,-0.2583928457545379,0.052988813329167925,
626,1.0,0.0,0.5292426494321685,,True,,multi_model_production,,-0.10841289020513667,,,-0.14734105843629364,2100042,626.0,0.5048364549499774,0.2493938210841678,-0.7266703804424428,-0.26483785685515704,0.048012076444883645,
638,1.0,0.0,0.2689669459141727,,True,,multi_model_production,,-0.09494657196660522,,,-0.028967779075204383,2100042,638.0,0.3429344404520234,0.12867457367023072,-0.6926627918434125,-0.2660291469877887,0.07613600305457821,
648,1.0,1.0,0.2603839241254155,,True,,multi_model_production,,-0.11919446005189693,,,0.22657797391420198,2100042,648.0,0.617254966576449,0.2745977495774782,2.4432376989756706,-0.2040543762999371,-0.03433454380385677,
651,1.0,0.0,0.8852460530196238,,True,,multi_model_production,,-0.05667362540915684,,,0.14285091672279376,2100042,651.0,0.799244359230146,0.5878212312331786,-0.8754432941734643,-0.17032213963951048,0.05697488882119678,
656,0.0,0.0,0.14471925204915292,,True,,multi_model_production,,-0.054162727269874596,,,0.008071797181922913,2100042,656.0,0.5559656221190463,0.43731130170027965,0.531384422357889,-0.16832367662661643,0.059998222086867205,
662,0.0,0.0,0.6907482055083027,,True,,multi_model_production,,0.07530876901662076,,,0.12090442381375327,2100042,662.0,0.7078198136117428,0.8305725984496606,2.411566709992833,-0.03590939177878667,0.18652692981202817,
663,1.0,1.0,0.4762141245797257,,True,,multi_model_production,,-0.06865862234762404,,,-0.0006267839972746714,2100042,663.0,0.49530796638713076,0.37328577918530176,1.194012320106819,-0.18850378550820807,0.05118654081295994,
676,1.0,0.0,0.5375942468759062,,True,,multi_model_production,,-0.08114290581524805,,,0.288078314021742,2100042,676.0,0.6085342091837105,0.41643437558433144,-0.9667256373618545,-0.2154607970438609,0.05317498541336477,
680,1.0,0.0,0.7942417357221919,,True,,multi_model_production,,-0.0553466227249577,,,-0.21676132704337042,2100042,680.0,0.5801503594759694,0.5275474750891427,-0.7168181369502692,-0.16853144357634336,0.057838198126427945,
684,0.0,0.0,0.616242591753135,,True,,multi_model_production,,-0.06737820646987955,,,-0.09365228131014089,2100042,684.0,0.2714657261195501,0.2884492768482896,0.7243724383066975,-0.15805627477195952,0.023299861832200397,
689,1.0,1.0,0.8677800320278787,,True,,multi_model_production,,-0.06178355747877109,,,0.028437736123359203,2100042,689.0,0.8963655856391177,0.7281380865603496,0.14505686263251455,-0.15503892080543993,0.03147180584789772,
707,1.0,0.0,0.2538520424756198,,True,,multi_model_production,,-0.1246315273739222,,,-0.18261274863827542,2100042,707.0,0.5896002918645536,0.09552475831179798,-0.8703764582182417,-0.2240255555861969,-0.02523749916164754,
708,0.0,0.0,0.2894426069413813,,True,,multi_model_production,,-0.12557287101224385,,,-0.3033594815556778,2100042,708.0,0.568586986961578,0.23823612723183532,0.46984767808868155,-0.1993383873836292,-0.05180735464085853,
713,0.0,1.0,0.1320503419193261,,True,,multi_model_production,,0.05204219387548688,,,0.18351149860665072,2100042,713.0,0.7034578262721656,0.7541269437247617,-0.29098914690295186,-0.042989286139246075,0.1470736738902198,
743,1.0,0.0,0.5398191604068451,,True,,multi_model_production,,-0.13179569484564782,,,-0.3588049137290085,2100042,743.0,0.8249673773542775,0.22329092227417935,-1.0153166862010015,-0.2031399719115885,-0.06045141777970717,
744,0.0,0.0,0.22710535094388223,,True,,multi_model_production,,0.004149853904804392,,,0.00043827428651807554,2100042,744.0,0.3450956679283809,0.2746100849170972,0.376012097299768,-0.1244179215660607,0.13271762937566944,
752,1.0,0.0,0.7584460325948613,,True,,multi_model_production,,0.02665764200693194,,,-0.048624029853681416,2100042,752.0,0.5527684499574659,0.42648710485837976,-0.6885983545232703,-0.16019675713349682,0.21351204114736064,
760,1.0,1.0,0.52260469766482,,True,,multi_model_production,,-0.1618400716367856,,,-0.1049719012824385,2100042,760.0,0.8771409838786969,0.3381681148876022,0.7274372648437015,-0.2516457215727889,-0.07203442170078232,
773,1.0,1.0,0.7696655344907813,,True,,multi_model_production,,-0.005156664732212598,,,-0.05078761983714952,2100042,773.0,0.6780513889227028,0.696190880497301,0.4128682482724049,-0.08125133675323243,0.07093800728880721,
776,0.0,0.0,0.18904361793938207,,True,,multi_model_production,,0.12222480527749592,,,0.11215936655437345,2100042,776.0,0.12648552511748332,0.48558018138138587,0.5150654679074179,-0.049934679899359305,0.2943842904543511,
779,0.0,0.0,0.22720576048476657,,True,,multi_model_production,,-0.039125185386339884,,,0.2102850669914252,2100042,779.0,0.323908215035162,0.2374005074255336,0.3326313056914368,-0.1967205828204105,0.1184702120477307,
781,1.0,1.0,0.37381243428687494,,True,,multi_model_production,,-0.01704502952571086,,,0.031273744586730046,2100042,781.0,0.6655436467043301,0.5691610395265648,1.05617124324551,-0.10300483949809228,0.06891478044667051,
782,1.0,0.0,0.8427424157133712,,True,,multi_model_production,,-0.0686608927166707,,,-0.27881971225762575,2100042,782.0,0.7685187257548639,0.6902628605718427,-0.8973232904146605,-0.16726102982320495,0.029939244389863548,
798,1.0,1.0,0.49829542215763717,,True,,multi_model_production,,-0.046326145624295795,,,-0.012829595656138837,2100042,798.0,0.42942364995587795,0.4423600046119408,1.1320315150600213,-0.21413986434979854,0.12148757310120689,
822,0.0,0.0,0.6984374918405072,,True,,multi_model_production,,0.05212593031539203,,,0.15687867128973654,2100042,822.0,0.5211055052926254,0.6821451425258624,1.8890578463702261,-0.097086156450719,0.20133801708150303,
839,0.0,0.0,0.6716985134526892,,True,,multi_model_production,,-0.10544385021886067,,,-0.082870305049013,2100042,839.0,0.38783677367437924,0.1540580894748186,0.9475646528446624,-0.24871923457691786,0.037831534139196474,
845,1.0,1.0,0.6617315680456017,,True,,multi_model_production,,-0.01032410246807219,,,-0.054967122143437575,2100042,845.0,0.3166582849949827,0.4666492478171587,0.9559835706073416,-0.09040464710103582,0.06975644216489142,
859,1.0,1.0,0.6313146262329523,,True,,multi_model_production,,-0.05433727368996904,,,0.10091643251497262,2100042,859.0,0.7928550455421512,0.5757380885901687,0.4549123193874516,-0.18914618961174287,0.08047164223180475,
868,1.0,0.0,0.23172526005509939,,True,,multi_model_production,,-0.054876310608468044,,,-0.03768758335333155,2100042,868.0,0.4349362818086187,0.2868988543292419,-1.3861366069172307,-0.19884295171454952,0.08909033049761339,
875,1.0,1.0,0.25586019917603187,,True,,multi_model_production,,0.021075066120095652,,,0.2750351541256375,2100042,875.0,0.35694571672943604,0.6166667765724269,1.7579346337480115,-0.06993507352101686,0.11208520576120815,
892,0.0,0.0,0.8434630540589367,,True,,multi_model_production,,-0.06972299989737833,,,-0.4218944972490402,2100042,892.0,0.475923156655166,0.361030754897008,2.9254323841511876,-0.28349355054559267,0.14404755075083597,
893,0.0,1.0,0.2595299453916616,,True,,multi_model_production,,-0.10757966934530243,,,-0.13899119129057289,2100042,893.0,0.42968541805205246,0.2191606290102885,-0.9807309282348036,-0.1737972020263632,-0.04136213666424167,
898,1.0,1.0,0.501282041039593,,True,,multi_model_production,,-0.08788500981665391,,,0.11489019733853345,2100042,898.0,0.5235923119412709,0.3158250127718127,1.1570830868712993,-0.1769473546980541,0.0011773350647462516,
908,1.0,1.0,0.5109505020038081,,True,,multi_model_production,,-0.04327378071048289,,,0.2700079153490359,2100042,908.0,0.5896541998151991,0.5795797732597991,0.812745445607222,-0.19461820696067433,0.10807064553970851,
913,0.0,0.0,0.6714136000367604,,True,,multi_model_production,,0.0661859078949346,,,0.5763362625455206,2100042,913.0,0.35931264292907766,0.5115823691773611,1.2457801179421442,-0.11839747147644088,0.25076928726631004,
915,1.0,1.0,0.8682317744006631,,True,,multi_model_production,,-0.0337272620863373,,,-0.10460704553612188,2100042,915.0,0.803773289789503,0.7589859318455692,0.232804496282781,-0.1908191002520271,0.12336457607935244,
929,1.0,0.0,0.6072448065988616,,True,,multi_model_production,,0.079509676117094,,,-0.2246108655442407,2100042,929.0,0.3849545804751846,0.5649782946031615,-0.7503725419842292,-0.009655379417997365,0.16867473165218536,
934,0.0,0.0,0.10572384586857927,,True,,multi_model_production,,-0.13967670279364056,,,-0.17923562100166213,2100042,934.0,0.3007442364536771,0.11263089914281953,0.1481857298892284,-0.2103325848424567,-0.06902082074482442,
955,1.0,1.0,0.7451661083216816,,True,,multi_model_production,,-0.10634133875278587,,,-0.4074361291328243,2100042,955.0,0.7200918969891393,0.3972357351995584,0.48604303272428667,-0.17749099852962608,-0.035191678975945676,
960,1.0,1.0,0.37324859564711527,,True,,multi_model_production,,0.01784833431586146,,,0.30302428580824725,2100042,960.0,0.46716997352403733,0.5016170439955271,1.3697044882265583,-0.06639007496718694,0.10208674359890983,
961,0.0,1.0,0.6730862251664484,,True,,multi_model_production,,-0.023171998997971656,,,-0.17386110854674186,2100042,961.0,0.38215031718014536,0.33965944519307123,-1.9324377949469076,-0.10340744798844059,0.057063449992497274,
967,0.0,0.0,0.5346113855312963,,True,,multi_model_production,,-0.10757966934530243,,,0.11315424130412288,2100042,967.0,0.5543950514278178,0.3427012319950771,0.9795580380299207,-0.1737972020263632,-0.04136213666424167,
976,0.0,0.0,0.19127033509917843,,True,,multi_model_production,,-0.1618400716367856,,,-0.10435438224184548,2100042,976.0,0.442068010454626,0.09032567850203978,0.19487791661816328,-0.2516457215727889,-0.07203442170078232,
980,1.0,1.0,0.8005128710919075,,True,,multi_model_production,,-0.1320321842594384,,,-0.1328309937568829,2100042,980.0,0.7845672331441701,0.502559639974317,0.33939448291065943,-0.2733584879347639,0.009294119415887037,
986,1.0,0.0,0.7652949826076981,,True,,multi_model_production,,-0.05751973148407209,,,-0.21930664730454208,2100042,986.0,0.7238738810965775,0.5491688336571469,-0.8922961020493616,-0.20006242332692842,0.08502296035878422,
987,0.0,0.0,0.6906598450545076,,True,,multi_model_production,,-0.07483201950555815,,,0.16537846499403014,2100042,987.0,0.4137155262485938,0.33752707288057854,1.2612244871585485,-0.2236931534852165,0.07402911447410018,
989,0.0,0.0,0.3324350578420281,,True,,multi_model_production,,0.04496169384121512,,,-0.22553091570484401,2100042,989.0,0.3334584200214424,0.23360246440709903,0.3996586218640724,-0.1658314776743318,0.255754865356762,
