{
  "per_confounder": {
    "age": {
      "type": "continuous",
      "correlation": 0.9271294234892415,
      "mae": 2.842598187311178,
      "rmse": 5.289198364151928,
      "coverage": 0.993,
      "total_samples": 1000,
      "valid_extractions": 993,
      "missing_extractions": 7.0
    },
    "charlson_comorbidity_index": {
      "type": "continuous",
      "correlation": 0.6317913001128744,
      "mae": 1.1830110775427995,
      "rmse": 2.2508251815691733,
      "coverage": 0.993,
      "total_samples": 1000,
      "valid_extractions": 993,
      "missing_extractions": 7.0
    },
    "baseline_tumor_burden": {
      "type": "continuous",
      "correlation": 0.8058722287651456,
      "mae": 1.5535448136958712,
      "rmse": 3.9233920959765674,
      "coverage": 0.993,
      "total_samples": 1000,
      "valid_extractions": 993,
      "missing_extractions": 7.0
    },
    "neutrophil_to_lymphocyte_ratio": {
      "type": "continuous",
      "correlation": 0.9323380439651661,
      "mae": 0.14193353474320242,
      "rmse": 0.4411154952630069,
      "coverage": 0.993,
      "total_samples": 1000,
      "valid_extractions": 993,
      "missing_extractions": 7.0
    },
    "serum_albumin": {
      "type": "continuous",
      "correlation": 0.8944569135511412,
      "mae": 0.08601208459214502,
      "rmse": 0.24291470286932124,
      "coverage": 0.993,
      "total_samples": 1000,
      "valid_extractions": 993,
      "missing_extractions": 7.0
    },
    "ecog_performance_status": {
      "type": "categorical",
      "accuracy": 0.8610271903323263,
      "coverage": 0.993,
      "total_samples": 1000,
      "valid_extractions": 993,
      "unknown_extractions": 7.0,
      "per_category_accuracy": {
        "0": 1.0,
        "1": 0.8857142857142857,
        "2": 0.807843137254902,
        "3": 0.7191780821917808
      }
    },
    "menopausal_status": {
      "type": "categorical",
      "accuracy": 0.9345417925478349,
      "coverage": 0.993,
      "total_samples": 1000,
      "valid_extractions": 993,
      "unknown_extractions": 7.0,
      "per_category_accuracy": {
        "pre": 0.96875,
        "peri": 0.84375,
        "post": 0.9413233458177278
      }
    },
    "visceral_metastasis_site": {
      "type": "categorical",
      "accuracy": 0.8187311178247734,
      "coverage": 0.993,
      "total_samples": 1000,
      "valid_extractions": 993,
      "unknown_extractions": 7.0,
      "per_category_accuracy": {
        "none": 0.5555555555555556,
        "bone-only": 0.8238993710691824,
        "liver": 0.9064039408866995,
        "lung": 0.8439306358381503,
        "multiple": 0.7795918367346939
      }
    },
    "prior_adjuvant_endocrine_therapy": {
      "type": "categorical",
      "accuracy": 0.6706948640483383,
      "coverage": 0.993,
      "total_samples": 1000,
      "valid_extractions": 993,
      "unknown_extractions": 7.0,
      "per_category_accuracy": {
        "none": 0.983739837398374,
        "tamoxifen": 0.97,
        "sequential": 0.8807947019867549
      }
    },
    "insurance_type": {
      "type": "categorical",
      "accuracy": 0.9949545913218971,
      "coverage": 0.991,
      "total_samples": 1000,
      "valid_extractions": 991,
      "unknown_extractions": 9.0,
      "per_category_accuracy": {
        "private": 0.9963235294117647,
        "medicare": 0.994475138121547,
        "medicaid": 1.0,
        "uninsured": 0.9722222222222222
      }
    }
  },
  "aggregate": {
    "categorical_accuracy": 0.8559339109409632,
    "total_categorical_samples": 4963,
    "mean_continuous_correlation": 0.8383175819767139,
    "num_continuous_confounders": 5
  }
}