_oci_row_id,treatment,outcome,propensity,outcome_prediction,effect_eligible,outer_fold,method,replicate,estimated_cate,lower_95,upper_95,true_ite_prob
5,1,1,0.6377114402121038,0.3425497475537619,True,1,all_candidates,1,0.0264291438679117,-0.0772869188232491,0.1301452065590726,0.2954412588131098
12,0,1,0.4086459470394197,0.3000268973878696,True,1,all_candidates,1,-0.0152577244388728,-0.1885352791273486,0.1580198302496029,-0.1020346687031714
15,1,0,0.5202019068490832,0.1180738710655429,True,1,all_candidates,1,-0.0666464568440208,-0.2092726265330515,0.0759797128450098,-0.0030802974221459
30,0,0,0.5746897562690604,0.2429590676371458,True,1,all_candidates,1,-0.045090651810577,-0.1340050522932619,0.0438237486721077,-0.1582462925714874
39,1,0,0.6048933776872666,0.3441516064005722,True,1,all_candidates,1,-0.0592216065809411,-0.2172293117935015,0.0987860986316191,-0.0787740414269622
40,0,0,0.3543801765148926,0.3505743206202041,True,1,all_candidates,1,-0.0373661560480357,-0.1743165805778181,0.0995842684817465,0.0604749885138391
43,1,0,0.7309350546172592,0.3861893383005025,True,1,all_candidates,1,-0.01788450053097,-0.1206142701911911,0.084845269129251,-0.1970218052573134
45,0,0,0.2877857978025763,0.3689753372039217,True,1,all_candidates,1,-0.0552160239699004,-0.1550540947540315,0.0446220468142306,0.1313990388549498
48,1,1,0.4640558918721573,0.5888245392655549,True,1,all_candidates,1,-0.0659449623645098,-0.2664325948573984,0.1345426701283786,-0.0235109324822139
63,1,0,0.493740643635318,0.2016435562654448,True,1,all_candidates,1,-0.0619564594780686,-0.1925434633821209,0.0686305444259837,-0.0806185068185773
67,1,1,0.4135078007326209,0.532633707078535,True,1,all_candidates,1,-0.0886663417600058,-0.3010470110874922,0.1237143275674805,-0.4040936263411786
69,0,0,0.4660033727386178,0.4863086898247561,True,1,all_candidates,1,-0.0316415994054664,-0.2786446286365555,0.2153614298256224,-0.2535047085663173
72,1,0,0.5908011295185976,0.3649110295452353,True,1,all_candidates,1,-0.0748748255829716,-0.1625529644924737,0.0128033133265303,0.0339396341644859
75,1,0,0.8971971121686327,0.590906090484836,True,1,all_candidates,1,0.011332194342755,-0.1381952161799477,0.1608596048654578,-0.2190504429096812
93,0,1,0.2343559307381617,0.3708737195266814,True,1,all_candidates,1,-0.0225962957604177,-0.1657835529341765,0.1205909614133409,-0.2476334015864339
115,0,0,0.417662784829503,0.3560754401295836,True,1,all_candidates,1,-0.0204627017498404,-0.1726285790728855,0.1317031755732045,-0.036066766855671
116,0,1,0.2300810466125331,0.2452458732935051,True,1,all_candidates,1,-0.0957468512776503,-0.199645863079668,0.0081521605243674,-0.0143420614464694
121,1,0,0.829551555662928,0.5644650903605791,True,1,all_candidates,1,0.0040599241198233,-0.1003855828811195,0.1085054311207662,-0.578150415838105
122,1,0,0.6628130336914178,0.1675771919966962,True,1,all_candidates,1,-0.0180380855566776,-0.1404884854410503,0.1044123143276949,-0.1662835077113541
123,0,1,0.3974456212092374,0.392430831758484,True,1,all_candidates,1,-0.0691207580251659,-0.153354806148284,0.0151132900979521,0.0324676550754574
126,0,0,0.2904388139791195,0.3909132072928165,True,1,all_candidates,1,-0.053114988201518,-0.1497171313282083,0.0434871549251722,-0.3010231687743369
130,0,0,0.2686321613885298,0.2184946098827451,True,1,all_candidates,1,-0.0495178238730728,-0.183579374535759,0.0845437267896133,0.0063097536564251
137,0,0,0.1910422905713986,0.136704195001431,True,1,all_candidates,1,-0.0174392101583666,-0.1454415032535447,0.1105630829368112,-0.0353946032330241
145,1,0,0.4660143956373304,0.4421213226322661,True,1,all_candidates,1,-0.0243749655043926,-0.1451863329974565,0.0964364019886711,-0.3376914379771497
151,0,1,0.5191771574449675,0.4662585530143542,True,1,all_candidates,1,-0.0148000429350602,-0.1085576133091679,0.0789575274390475,-0.3148700805651545
162,0,0,0.5856731783723788,0.5989655969474362,True,1,all_candidates,1,-0.0212199507318347,-0.0996188376941552,0.0571789362304857,-0.1770906937214045
167,0,1,0.6272436550256896,0.707639467658466,True,1,all_candidates,1,-0.0545471026267093,-0.1809362597269641,0.0718420544735453,0.0604197624029748
169,1,1,0.718421807752594,0.8744463758885973,True,1,all_candidates,1,-0.0350326986311579,-0.1556069303588658,0.0855415330965498,-0.059438745764093
180,1,1,0.8672668628184429,0.5657293381904667,True,1,all_candidates,1,-0.0455997471159433,-0.2291318224039306,0.1379323281720439,0.0721462057356445
186,1,0,0.5911390146431826,0.5179879989770028,True,1,all_candidates,1,-0.0427271101841157,-0.2087809606815604,0.1233267403133289,-0.3483873033729417
193,0,0,0.4002310604742047,0.1550758670471376,True,1,all_candidates,1,-0.0538021909193449,-0.2643177975174032,0.1567134156787132,-0.0779057038072634
196,0,0,0.4779684453454312,0.4063942925546509,True,1,all_candidates,1,0.0043896807666644,-0.194853054083305,0.2036324156166338,0.1850042231741754
198,0,0,0.1458736659034418,0.3168318250125152,True,1,all_candidates,1,-0.0525800272307467,-0.1893046274837476,0.0841445730222541,-0.0979604166806298
205,1,1,0.889667935890094,0.4157414662695457,True,1,all_candidates,1,-0.0653929259690558,-0.1753392890474823,0.0445534371093705,0.1003900034516338
208,1,1,0.3791739705430976,0.6227098092939151,True,1,all_candidates,1,-0.0272534859048149,-0.1355516035593686,0.0810446317497388,-0.3836418638216122
211,0,0,0.231401125726331,0.2290585740477945,True,1,all_candidates,1,-0.040448006677125,-0.1845898884080071,0.1036938750537569,0.0393623563224266
229,0,0,0.3549105310023648,0.1864281933239119,True,1,all_candidates,1,-0.0626634110023165,-0.1959973563126279,0.0706705343079948,-0.0181111175885878
237,0,1,0.3187585270756577,0.6861105920384603,True,1,all_candidates,1,-0.0379552239787511,-0.2460807574760951,0.1701703095185927,0.0146772385370304
241,1,0,0.338802769940387,0.4470269612145222,True,1,all_candidates,1,-0.064284063813005,-0.2505903784359196,0.1220222508099095,-0.2359562924134932
250,1,1,0.8428866494274864,0.703627059039757,True,1,all_candidates,1,-0.0542140925807713,-0.1756665461985367,0.067238361036994,-0.1438166112073363
254,0,1,0.2083929285420307,0.2409944609227921,True,1,all_candidates,1,-0.0612664341870858,-0.2050112704482812,0.0824784020741095,0.1102961278795356
261,0,0,0.25783316789758,0.1812073244799295,True,1,all_candidates,1,-0.0016536518069471,-0.1516331339108558,0.1483258302969615,0.3128575438256605
264,1,1,0.5133701154893368,0.5783417591739412,True,1,all_candidates,1,-0.0278795593043097,-0.1576156595921796,0.1018565409835602,0.101309854190715
265,0,0,0.4673440107611287,0.3563794093146026,True,1,all_candidates,1,-0.0471394732909987,-0.1639547954230261,0.0696758488410285,-0.1996664940257019
270,0,0,0.3487407377572455,0.2017139770195508,True,1,all_candidates,1,-0.0233058712359687,-0.115687222532414,0.0690754800604765,-0.0598113374777657
271,1,0,0.8208015211662028,0.8654343342544495,True,1,all_candidates,1,-0.025327109708137,-0.1484332476739923,0.0977790282577183,-0.027407061388611
277,1,1,0.8458274757149049,0.5796784555469318,True,1,all_candidates,1,-0.0332459661286493,-0.1272705114002846,0.060778579142986,0.1970732338029357
282,0,0,0.4968539889905682,0.4895010838663226,True,1,all_candidates,1,-0.0273222681314352,-0.1898990256762022,0.1352544894133316,0.2904593735133494
284,0,1,0.2616966831448957,0.4804473555949514,True,1,all_candidates,1,-0.0070385200885896,-0.1147258921289498,0.1006488519517705,0.185186885436133
288,1,0,0.7511605014707504,0.5824804714021297,True,1,all_candidates,1,-0.0632644937637133,-0.2107619844439325,0.0842329969165058,0.0046401207468271
294,1,1,0.8164796270017057,0.4903126491335002,True,1,all_candidates,1,-0.0402484657979979,-0.1688562943500621,0.0883593627540662,-0.349510263326905
318,0,0,0.6636540076542939,0.5705544669325786,True,1,all_candidates,1,-0.0682269002148325,-0.1791922312767941,0.0427384308471289,-0.2019998573470325
319,1,1,0.8930296774091446,0.7555478412559756,True,1,all_candidates,1,-0.0271037264699288,-0.1508391797878789,0.0966317268480211,0.0427837395033252
328,0,1,0.3943292424817727,0.1894830318720366,True,1,all_candidates,1,-0.0310290415939299,-0.1229577596480853,0.0608996764602254,0.1032724399685739
334,0,0,0.3200385380572376,0.2875355167491368,True,1,all_candidates,1,-0.0353830767249619,-0.1705016088964224,0.0997354554464984,-0.1484375342195409
339,0,1,0.6907306329755005,0.5644583916735121,True,1,all_candidates,1,-0.0555780257809875,-0.15211798173576,0.0409619301737848,-0.0409641825439516
343,1,1,0.7122793784860058,0.5155210187085154,True,1,all_candidates,1,-0.0360332274148373,-0.1176248886836205,0.0455584338539457,-0.252500407706424
346,0,0,0.4668878241550569,0.3395176398810799,True,1,all_candidates,1,-0.0582230359082901,-0.1917305086206449,0.0752844368040647,0.0212575491772035
347,0,1,0.2026382687026036,0.2637419376444213,True,1,all_candidates,1,-0.0535670312697101,-0.1916759387245004,0.0845418761850801,0.0718545920669893
349,0,1,0.7980010545149436,0.6771543356924604,True,1,all_candidates,1,-0.0426952197021272,-0.1264522651439121,0.0410618257396575,0.0326887855021832
354,1,0,0.532805219686784,0.2924577715670299,True,1,all_candidates,1,-0.0343487829177712,-0.1798639476491422,0.1111663818135996,-0.1429713506752603
357,1,1,0.6408274001124588,0.2999253159315922,True,1,all_candidates,1,-0.0450010733074059,-0.186683061542352,0.0966809149275401,0.1013446835796018
360,1,0,0.3477877504865826,0.3387807653978252,True,1,all_candidates,1,-0.0766956064440714,-0.166322098528703,0.0129308856405601,-0.2099547686179699
361,0,0,0.2966110817618265,0.2305933915777401,True,1,all_candidates,1,-0.0415407786727457,-0.1279660488195615,0.04488449147407,-0.0406445885166562
365,1,0,0.6049751553904226,0.2863717839207137,True,1,all_candidates,1,-0.0443915057478914,-0.1773647252632676,0.0885817137674847,-0.3344524588585174
368,1,0,0.6849883638981021,0.3273397311753073,True,1,all_candidates,1,-0.0525588958547876,-0.2286176855126538,0.1234998938030784,-0.0542746685428054
370,1,0,0.1979034024075983,0.1080026000983676,True,1,all_candidates,1,-0.021969724049182,-0.1307264940369464,0.0867870459385823,-0.112249188104001
380,0,1,0.7471666727680591,0.4674264398886901,True,1,all_candidates,1,-0.0885337003021977,-0.177556379721642,0.0004889791172465,-0.4595323870462047
384,1,1,0.6900728481780237,0.5112597274821526,True,1,all_candidates,1,-0.0132795090998199,-0.1489953444535347,0.1224363262538948,0.0703099140074529
392,1,1,0.7956043945971023,0.7308406047876336,True,1,all_candidates,1,-0.046141846099493,-0.1443362382454463,0.0520525460464602,0.0859568948245617
398,0,1,0.3206138626697417,0.4568522392771472,True,1,all_candidates,1,-0.0494067884202326,-0.1176243016595896,0.0188107248191243,-0.3498504475078327
409,0,0,0.1833779169179833,0.4439000770292082,True,1,all_candidates,1,-0.0276752709575076,-0.1368419936042226,0.0814914516892073,0.1455426515223805
422,1,1,0.4374280553015159,0.348712461995259,True,1,all_candidates,1,-0.0128599713182603,-0.1075531075339261,0.0818331648974054,0.0487539624800851
424,1,0,0.6770097302582416,0.7052642761137701,True,1,all_candidates,1,-0.0367348180170963,-0.1407991223777887,0.0673294863435959,-0.411950972386599
431,1,1,0.4372491262168222,0.6279412483546116,True,1,all_candidates,1,-0.0652900949114371,-0.1716523701820517,0.0410721803591773,-0.3266540670636856
433,0,0,0.1052517072609647,0.1042730496200623,True,1,all_candidates,1,-0.0412585870453675,-0.2156404563814203,0.1331232822906852,-0.0340215315582068
435,0,1,0.4409894527049854,0.6729711349557012,True,1,all_candidates,1,-0.0235053415879438,-0.1309071122476461,0.0838964290717583,-0.1074231289419768
446,1,0,0.2790381570542702,0.1637599933059333,True,1,all_candidates,1,-0.0542221054133076,-0.1572253802575767,0.0487811694309615,-0.0643252741052308
447,1,1,0.536835214889051,0.5503554221394807,True,1,all_candidates,1,-0.00996004632398,-0.1814376010172592,0.1615175083692991,0.0341449947609453
451,1,1,0.7690955084071955,0.6112206494377056,True,1,all_candidates,1,-0.0499840273084669,-0.1749597751599334,0.0749917205429994,-0.1766356384611831
460,1,0,0.390947709654434,0.2799446997374306,True,1,all_candidates,1,-0.0245808868120166,-0.169624312410367,0.1204625387863336,-0.1508996908138559
462,0,0,0.4757820881301206,0.3798226570352518,True,1,all_candidates,1,-0.0270685640240007,-0.1229058635142375,0.068768735466236,-0.0287736934267696
465,0,1,0.4312755600906261,0.6491876730428766,True,1,all_candidates,1,-0.0415926382795716,-0.1898543297227489,0.1066690531636057,-0.0735231182259229
467,0,0,0.2562069965782711,0.2668403826074519,True,1,all_candidates,1,-0.0716993365515206,-0.1547887890148724,0.011390115911831,0.1810953069201813
468,1,0,0.4488229378693237,0.4590625162462623,True,1,all_candidates,1,-0.0272115700407322,-0.1452256477469503,0.0908025076654858,-0.3639434178511885
474,0,0,0.4334979519869535,0.382804016004297,True,1,all_candidates,1,-0.0253501952055032,-0.2151006091833051,0.1644002187722986,0.2702421419125612
478,1,0,0.5739982744039367,0.2947270948162633,True,1,all_candidates,1,-0.0649529729598124,-0.2288583886050222,0.0989524426853973,-0.1411313948828423
481,0,1,0.5087083360409932,0.4082550174102792,True,1,all_candidates,1,-0.0067095522343963,-0.2187139265287982,0.2052948220600055,0.2425677441982232
486,1,1,0.7441202307802978,0.6148549412893181,True,1,all_candidates,1,-0.0601880013616413,-0.2102161324994123,0.0898401297761295,-0.6892153014395378
487,1,1,0.8467975192157075,0.5866738910251524,True,1,all_candidates,1,-0.0283034263149408,-0.1444356975360113,0.0878288449061297,-0.0281566916150681
498,0,0,0.3020648921646804,0.1979830251548477,True,1,all_candidates,1,-0.0756546068467678,-0.1891967432725242,0.0378875295789885,-0.1062618189134249
503,0,0,0.3446948747805175,0.2658055219729751,True,1,all_candidates,1,-0.0513243040257419,-0.1604632850210137,0.0578146769695298,-0.1672850542834813
507,1,1,0.8311033999506614,0.7945564212316646,True,1,all_candidates,1,-0.0573664328578752,-0.1504972369539748,0.0357643712382242,-0.0308549288115069
508,0,0,0.5229332692489086,0.2601699446166555,True,1,all_candidates,1,-0.0844525674751979,-0.2455003443020709,0.0765952093516751,-0.0562097208968652
514,1,1,0.8270038617254091,0.6943390637417084,True,1,all_candidates,1,-0.0571745084917507,-0.2124787336453936,0.098129716661892,-0.0614781201380465
526,0,0,0.1578259392999683,0.130444744119986,True,1,all_candidates,1,-0.0316099323311223,-0.1259588023669646,0.0627389377047199,0.0202992312699243
528,1,1,0.6647472925894883,0.7352516088728809,True,1,all_candidates,1,0.00813198931836,-0.0931820205122215,0.1094459991489416,-0.3151680255715663
532,1,0,0.5659465902283147,0.4305883970188177,True,1,all_candidates,1,-0.0564935156584843,-0.1758271216719273,0.0628400903549587,-0.5334643262344162
534,0,1,0.6356185713393279,0.4957060818429861,True,1,all_candidates,1,-0.0168833858464567,-0.1869241820374219,0.1531574103445084,0.1354339849207388
535,0,0,0.6385549390569282,0.3491581541021244,True,1,all_candidates,1,-0.0150184235215602,-0.1185086239804309,0.0884717769373104,0.0370406161049267
538,1,0,0.7165422603028302,0.5565385298635452,True,1,all_candidates,1,-0.0208994889553007,-0.1769258722142245,0.135126894303623,-0.0621285127855897
539,0,1,0.3919352408994978,0.3980788389051554,True,1,all_candidates,1,-0.0438978660412763,-0.116351328360737,0.0285555962781844,-0.1112600630826312
546,0,0,0.3024691154894626,0.1674140399970113,True,1,all_candidates,1,-0.0461423557639961,-0.1801512233237291,0.0878665117957367,-0.0662060867935373
549,1,0,0.737809295603759,0.4018100071172399,True,1,all_candidates,1,-0.0733107721901347,-0.1875762185717186,0.0409546741914491,-0.2260567918036844
550,0,0,0.2296862036406513,0.125078688297396,True,1,all_candidates,1,-0.0432035859619585,-0.1740510848603405,0.0876439129364233,-0.0838160275346101
552,1,0,0.5131292585651384,0.1904453106666334,True,1,all_candidates,1,-0.043056310323922,-0.2080425786080039,0.1219299579601598,0.08753892270289
559,1,0,0.6085123450001269,0.405681505096466,True,1,all_candidates,1,-0.0482071266784118,-0.1646670177619291,0.0682527644051054,-0.3657608504843099
560,1,1,0.8655555287273489,0.6294406160354643,True,1,all_candidates,1,-0.0300261701707958,-0.1714936957613302,0.1114413554197384,-0.0646999077179867
561,1,0,0.6004522932294956,0.2519387481121832,True,1,all_candidates,1,-0.0396741251342189,-0.1854208891414142,0.1060726388729763,-0.1484763527289404
563,0,0,0.3497769690033058,0.3001244011940171,True,1,all_candidates,1,-0.0345008358157873,-0.1518436236635632,0.0828419520319886,0.0872341997213746
568,1,1,0.8420165704415828,0.7241993149028411,True,1,all_candidates,1,-0.0688276616928466,-0.1777294274509182,0.0400741040652248,-0.1100676864813856
569,0,1,0.6204165780663479,0.649966418468412,True,1,all_candidates,1,-0.0715848051128462,-0.1626620191633557,0.0194924089376633,-0.0350647288328105
578,0,0,0.528449166106585,0.541129455632692,True,1,all_candidates,1,-0.0255479799493811,-0.1342253658433811,0.0831294059446188,-0.1661069213092291
584,1,0,0.4835230499831929,0.6086690571475216,True,1,all_candidates,1,-0.0131805480215139,-0.1967574196325699,0.170396323589542,-0.1862053968139435
588,1,1,0.6950874683394853,0.6067692377764136,True,1,all_candidates,1,-0.0188927061538901,-0.167035157750043,0.1292497454422626,0.0515171259474075
594,0,1,0.3845124638174599,0.202048263708186,True,1,all_candidates,1,-0.0327452520198877,-0.197856073185445,0.1323655691456695,-0.1845762402931477
599,0,1,0.5139276407168637,0.3069862927665871,True,1,all_candidates,1,-0.0380564025595569,-0.1558435334042903,0.0797307282851764,-0.0170208056131654
603,1,1,0.8760250372770755,0.7245136388321798,True,1,all_candidates,1,-0.0435984364657961,-0.1968868852241304,0.109690012292538,-0.4064471216929251
606,0,1,0.2192294077600339,0.3608687382193187,True,1,all_candidates,1,-0.0445846893651792,-0.1302940760098251,0.0411246972794666,-0.0810499975355446
607,0,0,0.2306889141131686,0.4134998057835559,True,1,all_candidates,1,-0.0343173175474049,-0.143525971832346,0.0748913367375361,-0.2026216599600059
609,0,1,0.2303519206028594,0.1661800464978828,True,1,all_candidates,1,-0.0589892850099183,-0.1873995421876334,0.0694209721677966,-0.1781520259679382
614,1,1,0.6467946600933504,0.454149402724382,True,1,all_candidates,1,-0.0464295009068637,-0.1503612682032918,0.0575022663895643,0.1380098948543894
617,1,0,0.6802572666640975,0.691208308706228,True,1,all_candidates,1,-0.0319873728193527,-0.1973122937891945,0.133337548150489,-0.3297796341794859
621,1,1,0.627291255719527,0.643934722388693,True,1,all_candidates,1,-0.0373485815483816,-0.1871917010874013,0.1124945379906381,-0.103005344759102
626,1,0,0.474501537217078,0.164374600614252,True,1,all_candidates,1,-0.0076148220278605,-0.1525154941418256,0.1372858500861044,-0.1473410584362936
638,1,0,0.2748012559824055,0.1239220657092472,True,1,all_candidates,1,-0.0429551804818046,-0.1948584854866906,0.1089481245230811,-0.0289677790752043
648,1,1,0.5446984576494674,0.4969151883647077,True,1,all_candidates,1,-0.0246060038350905,-0.1585494668276924,0.1093374591575112,0.2265779739142019
651,1,0,0.7414638822974168,0.2073560428214372,True,1,all_candidates,1,-0.0632466851580564,-0.1471656712332229,0.0206723009171099,0.1428509167227937
656,0,0,0.2820466246045192,0.4366149382471533,True,1,all_candidates,1,-0.0405488274485931,-0.1670793111242215,0.0859816562270351,0.0080717971819229
662,0,0,0.6929571721037661,0.5688028871898342,True,1,all_candidates,1,-0.0126659609491331,-0.2006550978844541,0.1753231759861879,0.1209044238137532
663,1,1,0.6304851473044282,0.5835748670106308,True,1,all_candidates,1,-0.0348567841037451,-0.1454957018352974,0.075782133627807,-0.0006267839972746
676,1,0,0.4599439184764482,0.2987878211415748,True,1,all_candidates,1,-0.0328259648342082,-0.1279140342448122,0.0622621045763957,0.288078314021742
680,1,0,0.6829703748258147,0.1138559463673801,True,1,all_candidates,1,-0.013611759872211,-0.1351457597700268,0.1079222400256048,-0.2167613270433704
684,0,0,0.5697406984360188,0.1998318507039766,True,1,all_candidates,1,-0.0061772854311742,-0.1770710597626627,0.1647164889003142,-0.0936522813101408
689,1,1,0.8868225930045658,0.8706173422583725,True,1,all_candidates,1,-0.0143660898192017,-0.1667619479775797,0.1380297683391762,0.0284377361233592
707,1,0,0.3095601577041158,0.1657451748796045,True,1,all_candidates,1,-0.0454615810865154,-0.1438164126117546,0.0528932504387236,-0.1826127486382754
708,0,0,0.3894418068151838,0.3110983385469534,True,1,all_candidates,1,-0.0598658285619665,-0.1664607308958786,0.0467290737719454,-0.3033594815556778
712,0,0,0.2267174372063047,0.3991605009537028,True,1,all_candidates,1,-0.0530136099929339,-0.2171921448687862,0.1111649248829184,0.2026218293203847
713,0,1,0.4479973834356069,0.7899673126686212,True,1,all_candidates,1,-0.052690990250202,-0.1766123472537299,0.0712303667533257,0.1835114986066507
723,1,1,0.8791019779208326,0.6312407840166131,True,1,all_candidates,1,-0.0347363727671751,-0.1475099520640508,0.0780372065297006,-0.0139812788191581
735,1,1,0.7869431386479372,0.5368141960979033,True,1,all_candidates,1,-0.0242845848808301,-0.1208094783476489,0.0722403085859885,0.2892291597635016
739,0,1,0.1656792513126042,0.3625667250095327,True,1,all_candidates,1,-0.013840681738939,-0.2073947186415392,0.1797133551636609,0.0465358406512868
743,1,0,0.6338297786120288,0.6070901283292623,True,1,all_candidates,1,-0.0584223223048228,-0.1871187775290164,0.0702741329193707,-0.3588049137290085
744,0,0,0.2696157041235064,0.1526445884995828,True,1,all_candidates,1,-0.0253467932945171,-0.1512613145215032,0.1005677279324689,0.000438274286518
752,1,0,0.6647472925894883,0.7208329462562315,True,1,all_candidates,1,0.0051111415821982,-0.0880816169057477,0.0983039000701442,-0.0486240298536814
760,1,1,0.7134555858731084,0.792566241366111,True,1,all_candidates,1,-0.0974772356194093,-0.2011422535614407,0.0061877823226219,-0.1049719012824385
773,1,1,0.8386940353384825,0.852870223315683,True,1,all_candidates,1,0.013194879614342,-0.0946765947543372,0.1210663539830212,-0.0507876198371495
776,0,0,0.3345234242308092,0.2053377316606053,True,1,all_candidates,1,-0.0287515922401396,-0.1577078124835814,0.1002046280033021,0.1121593665543734
779,0,0,0.3257453007133764,0.2275431343606286,True,1,all_candidates,1,-0.042757416640218,-0.1642107249583673,0.0786958916779312,0.2102850669914252
781,1,1,0.6832939038423603,0.63754694937672,True,1,all_candidates,1,-0.0248021002348337,-0.1940083759152775,0.1444041754456099,0.03127374458673
782,1,0,0.7648701537663227,0.4641424883295498,True,1,all_candidates,1,-0.0095633468776289,-0.1233454021255287,0.1042187083702708,-0.2788197122576257
783,0,0,0.1217298937920421,0.3168675055683017,True,1,all_candidates,1,-0.0166801767117852,-0.1585331266870601,0.1251727732634895,0.1176809396097496
798,1,1,0.5742961575804171,0.7338549270059888,True,1,all_candidates,1,-0.0235500036981993,-0.1225820504747862,0.0754820430783875,-0.0128295956561388
822,0,0,0.7417980053932205,0.6367950734915155,True,1,all_candidates,1,-0.012657806308892,-0.2093579094641817,0.1840422968463976,0.1568786712897365
827,0,1,0.264977865904604,0.5063020143310597,True,1,all_candidates,1,-0.0652385740920583,-0.2753580428881533,0.1448808947040366,-0.4717084066230759
839,0,0,0.4808888128545494,0.1562570180525887,True,1,all_candidates,1,-0.045436773168825,-0.2321822213210422,0.141308674983392,-0.082870305049013
845,1,1,0.7067711150558171,0.505484558588421,True,1,all_candidates,1,0.0073240276947443,-0.1732776512294862,0.1879257066189749,-0.0549671221434375
848,0,0,0.1666158023279128,0.2015602546752192,True,1,all_candidates,1,-0.0334680384876302,-0.1746589660510776,0.107722889075817,0.0857810802170664
859,1,1,0.6849906428774399,0.6769103292049636,True,1,all_candidates,1,-0.0336041608903585,-0.1609780670962589,0.0937697453155418,0.1009164325149726
868,1,0,0.3082583807209731,0.1535068027524439,True,1,all_candidates,1,-0.07288392943152,-0.2268749228589824,0.0811070639959423,-0.0376875833533315
875,1,1,0.2533396338739371,0.2070879630898262,True,1,all_candidates,1,0.0013860030366665,-0.1541854953243198,0.1569575013976529,0.2750351541256375
892,0,0,0.6313698695873204,0.2338246306856515,True,1,all_candidates,1,-0.0302853171201058,-0.1549532213348413,0.0943825870946296,-0.4218944972490402
893,0,1,0.4558925787626889,0.39302832109664,True,1,all_candidates,1,-0.0531426923026622,-0.2096228168546643,0.1033374322493398,-0.1389911912905728
898,1,1,0.49462645872228,0.3547315126470555,True,1,all_candidates,1,0.0085246256935133,-0.0827521807573739,0.0998014321444006,0.1148901973385334
908,1,1,0.59795154629418,0.5465323047791424,True,1,all_candidates,1,-0.0458757467779307,-0.2423371761064808,0.1505856825506193,0.2700079153490359
913,0,0,0.4590740424682504,0.153035619975251,True,1,all_candidates,1,-0.050698728875511,-0.1556351820643688,0.0542377243133467,0.5763362625455206
915,1,1,0.8444617337210738,0.7902472579186703,True,1,all_candidates,1,0.0004017669369991,-0.1041682521461733,0.1049717860201717,-0.1046070455361218
924,0,1,0.1106480738360361,0.3587549645748137,True,1,all_candidates,1,-0.0394406457182778,-0.1431577793668783,0.0642764879303225,-0.0351858055805025
929,1,0,0.6634216252210545,0.5571596280328351,True,1,all_candidates,1,-0.010083593210994,-0.1806508522492721,0.1604836658272839,-0.2246108655442407
934,0,0,0.1758882099010204,0.1479102128392838,True,1,all_candidates,1,-0.0475391386122803,-0.2084567551322228,0.113378477907662,-0.1792356210016621
955,1,1,0.7279935351733413,0.7193079523925068,True,1,all_candidates,1,-0.0632909210529701,-0.176058809772008,0.0494769676660677,-0.4074361291328243
960,1,1,0.516353381546526,0.4874489700889952,True,1,all_candidates,1,-0.033728552876483,-0.1998090383330944,0.1323519325801282,0.3030242858082472
961,0,1,0.5952214322323915,0.2839526673389449,True,1,all_candidates,1,0.0243271913056552,-0.0747748946446728,0.1234292772559833,-0.1738611085467418
967,0,0,0.7111062328377343,0.6026371727046967,True,1,all_candidates,1,-0.0492331370741704,-0.1705150060440429,0.072048731895702,0.1131542413041228
976,0,0,0.2229658090752913,0.085181008745948,True,1,all_candidates,1,-0.0481490239395996,-0.203110458190539,0.1068124103113396,-0.1043543822418454
977,1,0,0.8795089744048036,0.5493546289655924,True,1,all_candidates,1,-0.0465294858065854,-0.2187226214700147,0.1256636498568438,0.2172265382051104
980,1,1,0.7845093011134376,0.5285083827381312,True,1,all_candidates,1,-0.031102844293313,-0.1159506800759309,0.0537449914893048,-0.1328309937568829
986,1,0,0.6842931095653495,0.4407593834478375,True,1,all_candidates,1,-0.0045832118079616,-0.1609843858106815,0.1518179621947583,-0.219306647304542
987,0,0,0.4937146818591577,0.4101161855589622,True,1,all_candidates,1,-0.0563940533086396,-0.1572390431383494,0.04445093652107,0.1653784649940301
989,0,0,0.502114524477848,0.4557268144672463,True,1,all_candidates,1,-0.0626300134537939,-0.153912797656408,0.02865277074882,-0.225530915704844
5,1,1,0.6377114402121038,0.3425497475537619,True,1,all_candidates,0,-0.0287306867942419,-0.1104409885755139,0.05297961498703,0.2954412588131098
12,0,1,0.4086459470394197,0.3000268973878696,True,1,all_candidates,0,-0.0252348786474378,-0.1057812037484895,0.0553114464536138,-0.1020346687031714
15,1,0,0.5202019068490832,0.1180738710655429,True,1,all_candidates,0,-0.032764596215404,-0.1863485780110177,0.1208193855802096,-0.0030802974221459
30,0,0,0.5746897562690604,0.2429590676371458,True,1,all_candidates,0,-0.0428242178907409,-0.1572155003635252,0.0715670645820433,-0.1582462925714874
39,1,0,0.6048933776872666,0.3441516064005722,True,1,all_candidates,0,-0.0594647273682048,-0.2737294609771041,0.1548000062406944,-0.0787740414269622
40,0,0,0.3543801765148926,0.3505743206202041,True,1,all_candidates,0,-0.0592697563542077,-0.1656176494801237,0.0470781367717082,0.0604749885138391
43,1,0,0.7309350546172592,0.3861893383005025,True,1,all_candidates,0,-0.0228043471413917,-0.1595827389570614,0.1139740446742778,-0.1970218052573134
45,0,0,0.2877857978025763,0.3689753372039217,True,1,all_candidates,0,-0.0403716473485403,-0.1889730016291894,0.1082297069321087,0.1313990388549498
48,1,1,0.4640558918721573,0.5888245392655549,True,1,all_candidates,0,-0.0641104967957428,-0.2346764590065748,0.1064554654150891,-0.0235109324822139
63,1,0,0.493740643635318,0.2016435562654448,True,1,all_candidates,0,-0.0815303369894051,-0.209128814737561,0.0460681407587508,-0.0806185068185773
67,1,1,0.4135078007326209,0.532633707078535,True,1,all_candidates,0,-0.086799165852594,-0.1737135875479996,0.0001152558428115,-0.4040936263411786
69,0,0,0.4660033727386178,0.4863086898247561,True,1,all_candidates,0,-0.0711422529991181,-0.1537909206515336,0.0115064146532974,-0.2535047085663173
72,1,0,0.5908011295185976,0.3649110295452353,True,1,all_candidates,0,-0.0234068385323375,-0.2284052262794254,0.1815915492147503,0.0339396341644859
75,1,0,0.8971971121686327,0.590906090484836,True,1,all_candidates,0,-0.0274088769127382,-0.1718805661593569,0.1170628123338804,-0.2190504429096812
93,0,1,0.2343559307381617,0.3708737195266814,True,1,all_candidates,0,-0.041826263129465,-0.1709469642499866,0.0872944379910564,-0.2476334015864339
115,0,0,0.417662784829503,0.3560754401295836,True,1,all_candidates,0,-0.0171655952555915,-0.1554632252652323,0.1211320347540492,-0.036066766855671
116,0,1,0.2300810466125331,0.2452458732935051,True,1,all_candidates,0,-0.087902116694206,-0.238215425858963,0.0624111924705509,-0.0143420614464694
121,1,0,0.829551555662928,0.5644650903605791,True,1,all_candidates,0,-0.0156955269929637,-0.1180517848968484,0.0866607309109209,-0.578150415838105
122,1,0,0.6628130336914178,0.1675771919966962,True,1,all_candidates,0,-0.0743818179909448,-0.1956059033963487,0.0468422674144589,-0.1662835077113541
123,0,1,0.3974456212092374,0.392430831758484,True,1,all_candidates,0,-0.0583484693899353,-0.164788263522787,0.0480913247429163,0.0324676550754574
126,0,0,0.2904388139791195,0.3909132072928165,True,1,all_candidates,0,-0.0802699692384001,-0.2327158388907896,0.0721759004139894,-0.3010231687743369
130,0,0,0.2686321613885298,0.2184946098827451,True,1,all_candidates,0,-0.082214136657612,-0.2394939431209415,0.0750656698057175,0.0063097536564251
137,0,0,0.1910422905713986,0.136704195001431,True,1,all_candidates,0,-0.0395749371576102,-0.2214273284604628,0.1422774541452423,-0.0353946032330241
145,1,0,0.4660143956373304,0.4421213226322661,True,1,all_candidates,0,-0.0283749038435474,-0.1308904718922355,0.0741406642051407,-0.3376914379771497
151,0,1,0.5191771574449675,0.4662585530143542,True,1,all_candidates,0,-0.0126111537411907,-0.1328240811783319,0.1076017736959503,-0.3148700805651545
162,0,0,0.5856731783723788,0.5989655969474362,True,1,all_candidates,0,-0.0788512486347247,-0.1852543956951843,0.0275518984257348,-0.1770906937214045
167,0,1,0.6272436550256896,0.707639467658466,True,1,all_candidates,0,-0.0600330799425388,-0.2986905872640346,0.1786244273789567,0.0604197624029748
169,1,1,0.718421807752594,0.8744463758885973,True,1,all_candidates,0,-0.041503542617852,-0.210754454799407,0.1277473695637029,-0.059438745764093
180,1,1,0.8672668628184429,0.5657293381904667,True,1,all_candidates,0,-0.0416571421164293,-0.2405192847546456,0.1572050005217869,0.0721462057356445
186,1,0,0.5911390146431826,0.5179879989770028,True,1,all_candidates,0,-0.0640416097687969,-0.2060787132226572,0.0779954936850632,-0.3483873033729417
193,0,0,0.4002310604742047,0.1550758670471376,True,1,all_candidates,0,-0.0366017973513965,-0.1989325175660136,0.1257289228632205,-0.0779057038072634
196,0,0,0.4779684453454312,0.4063942925546509,True,1,all_candidates,0,-0.0028861565155088,-0.088617071210576,0.0828447581795583,0.1850042231741754
198,0,0,0.1458736659034418,0.3168318250125152,True,1,all_candidates,0,-0.0679686486564039,-0.2065621222101598,0.0706248248973518,-0.0979604166806298
205,1,1,0.889667935890094,0.4157414662695457,True,1,all_candidates,0,-0.0305893779171896,-0.1114679543306503,0.050289198496271,0.1003900034516338
208,1,1,0.3791739705430976,0.6227098092939151,True,1,all_candidates,0,-0.0178807366747024,-0.1550348029871582,0.1192733296377533,-0.3836418638216122
211,0,0,0.231401125726331,0.2290585740477945,True,1,all_candidates,0,-0.0723999832040201,-0.1732956876586499,0.0284957212506095,0.0393623563224266
229,0,0,0.3549105310023648,0.1864281933239119,True,1,all_candidates,0,-0.0407881478075317,-0.1956667855424939,0.1140904899274304,-0.0181111175885878
237,0,1,0.3187585270756577,0.6861105920384603,True,1,all_candidates,0,-0.0322966754713243,-0.2201562080609084,0.1555628571182596,0.0146772385370304
241,1,0,0.338802769940387,0.4470269612145222,True,1,all_candidates,0,-0.0494242733829704,-0.1480888609311274,0.0492403141651865,-0.2359562924134932
250,1,1,0.8428866494274864,0.703627059039757,True,1,all_candidates,0,-0.0596318114099725,-0.1728792625454908,0.0536156397255457,-0.1438166112073363
254,0,1,0.2083929285420307,0.2409944609227921,True,1,all_candidates,0,-0.0217703199679001,-0.1151584009711059,0.0716177610353055,0.1102961278795356
261,0,0,0.25783316789758,0.1812073244799295,True,1,all_candidates,0,-0.0226796835544719,-0.105131738429288,0.0597723713203442,0.3128575438256605
264,1,1,0.5133701154893368,0.5783417591739412,True,1,all_candidates,0,-0.0682198290696141,-0.149112839857021,0.0126731817177926,0.101309854190715
265,0,0,0.4673440107611287,0.3563794093146026,True,1,all_candidates,0,-0.0562273396693282,-0.2051243642041945,0.092669684865538,-0.1996664940257019
270,0,0,0.3487407377572455,0.2017139770195508,True,1,all_candidates,0,-0.0345830119755113,-0.1594780605810038,0.090312036629981,-0.0598113374777657
271,1,0,0.8208015211662028,0.8654343342544495,True,1,all_candidates,0,-0.0138357319949208,-0.1657501022082962,0.1380786382184545,-0.027407061388611
277,1,1,0.8458274757149049,0.5796784555469318,True,1,all_candidates,0,-0.0142136590100362,-0.1255157939674305,0.0970884759473581,0.1970732338029357
282,0,0,0.4968539889905682,0.4895010838663226,True,1,all_candidates,0,-0.0469366392960235,-0.1845903991361276,0.0907171205440805,0.2904593735133494
284,0,1,0.2616966831448957,0.4804473555949514,True,1,all_candidates,0,-0.0041864995269097,-0.0953909883481227,0.0870179892943031,0.185186885436133
288,1,0,0.7511605014707504,0.5824804714021297,True,1,all_candidates,0,-0.0883393269536751,-0.2233491124782428,0.0466704585708924,0.0046401207468271
294,1,1,0.8164796270017057,0.4903126491335002,True,1,all_candidates,0,-0.0438769001332225,-0.1222547595586195,0.0345009592921744,-0.349510263326905
318,0,0,0.6636540076542939,0.5705544669325786,True,1,all_candidates,0,-0.0495725907194715,-0.1331872734611426,0.0340420920221994,-0.2019998573470325
319,1,1,0.8930296774091446,0.7555478412559756,True,1,all_candidates,0,-0.0636016495542111,-0.1540465137219544,0.0268432146135321,0.0427837395033252
328,0,1,0.3943292424817727,0.1894830318720366,True,1,all_candidates,0,-0.0254612098069371,-0.1188643277457804,0.067941908131906,0.1032724399685739
334,0,0,0.3200385380572376,0.2875355167491368,True,1,all_candidates,0,-0.0723234786378619,-0.1660683659384423,0.0214214086627183,-0.1484375342195409
339,0,1,0.6907306329755005,0.5644583916735121,True,1,all_candidates,0,-0.0569538141344779,-0.1449446810083198,0.0310370527393638,-0.0409641825439516
343,1,1,0.7122793784860058,0.5155210187085154,True,1,all_candidates,0,-0.0628630172666293,-0.2352485583886104,0.1095225238553516,-0.252500407706424
346,0,0,0.4668878241550569,0.3395176398810799,True,1,all_candidates,0,-0.0407391532990945,-0.2066694571517358,0.1251911505535468,0.0212575491772035
347,0,1,0.2026382687026036,0.2637419376444213,True,1,all_candidates,0,-0.0781501219437779,-0.2627512327580597,0.1064509888705037,0.0718545920669893
349,0,1,0.7980010545149436,0.6771543356924604,True,1,all_candidates,0,-0.0494919847152538,-0.1814463830058349,0.0824624135753271,0.0326887855021832
354,1,0,0.532805219686784,0.2924577715670299,True,1,all_candidates,0,-0.0347097693777465,-0.1807451328952196,0.1113255941397265,-0.1429713506752603
357,1,1,0.6408274001124588,0.2999253159315922,True,1,all_candidates,0,-0.0521527775339161,-0.1913889674350874,0.087083412367255,0.1013446835796018
360,1,0,0.3477877504865826,0.3387807653978252,True,1,all_candidates,0,-0.0424029590840796,-0.1758167740927109,0.0910108559245516,-0.2099547686179699
361,0,0,0.2966110817618265,0.2305933915777401,True,1,all_candidates,0,-0.0386261628464053,-0.1901591777660719,0.1129068520732611,-0.0406445885166562
365,1,0,0.6049751553904226,0.2863717839207137,True,1,all_candidates,0,-0.0887616941875774,-0.2318324122412192,0.0543090238660643,-0.3344524588585174
368,1,0,0.6849883638981021,0.3273397311753073,True,1,all_candidates,0,-0.0577249739121632,-0.1945411539604226,0.0790912061360961,-0.0542746685428054
370,1,0,0.1979034024075983,0.1080026000983676,True,1,all_candidates,0,-0.0416453317155417,-0.2302559835510958,0.1469653201200122,-0.112249188104001
380,0,1,0.7471666727680591,0.4674264398886901,True,1,all_candidates,0,-0.0651584732780751,-0.1355104914845155,0.0051935449283652,-0.4595323870462047
384,1,1,0.6900728481780237,0.5112597274821526,True,1,all_candidates,0,-0.0380195555704622,-0.1299311173851703,0.0538920062442458,0.0703099140074529
392,1,1,0.7956043945971023,0.7308406047876336,True,1,all_candidates,0,-0.0250978395786187,-0.1516516488299965,0.101455969672759,0.0859568948245617
398,0,1,0.3206138626697417,0.4568522392771472,True,1,all_candidates,0,-0.0613995578908302,-0.2970440750742904,0.1742449592926298,-0.3498504475078327
409,0,0,0.1833779169179833,0.4439000770292082,True,1,all_candidates,0,-0.0567673157356701,-0.1681077876599406,0.0545731561886003,0.1455426515223805
422,1,1,0.4374280553015159,0.348712461995259,True,1,all_candidates,0,0.0042341777154286,-0.1199534723599749,0.1284218277908323,0.0487539624800851
424,1,0,0.6770097302582416,0.7052642761137701,True,1,all_candidates,0,-0.0799441723626627,-0.2922855279024857,0.1323971831771602,-0.411950972386599
431,1,1,0.4372491262168222,0.6279412483546116,True,1,all_candidates,0,-0.0850002331553336,-0.2433561005109558,0.0733556342002885,-0.3266540670636856
433,0,0,0.1052517072609647,0.1042730496200623,True,1,all_candidates,0,-0.0818233429976373,-0.1871883751351003,0.0235416891398257,-0.0340215315582068
435,0,1,0.4409894527049854,0.6729711349557012,True,1,all_candidates,0,-0.0725066452226494,-0.1935589701368831,0.0485456796915843,-0.1074231289419768
446,1,0,0.2790381570542702,0.1637599933059333,True,1,all_candidates,0,-0.0815442723367499,-0.2455635284262052,0.0824749837527052,-0.0643252741052308
447,1,1,0.536835214889051,0.5503554221394807,True,1,all_candidates,0,-0.0280677443559343,-0.1498784604013653,0.0937429716894967,0.0341449947609453
451,1,1,0.7690955084071955,0.6112206494377056,True,1,all_candidates,0,-0.0329937170408681,-0.1360014845896434,0.0700140505079071,-0.1766356384611831
460,1,0,0.390947709654434,0.2799446997374306,True,1,all_candidates,0,-0.0663110237503117,-0.1470905658935698,0.0144685183929464,-0.1508996908138559
462,0,0,0.4757820881301206,0.3798226570352518,True,1,all_candidates,0,-0.0210845543448224,-0.1298619447582986,0.0876928360686537,-0.0287736934267696
465,0,1,0.4312755600906261,0.6491876730428766,True,1,all_candidates,0,-0.0342152349385678,-0.1191700696763643,0.0507395997992285,-0.0735231182259229
467,0,0,0.2562069965782711,0.2668403826074519,True,1,all_candidates,0,-0.0590221114705908,-0.1818454212255317,0.0638011982843501,0.1810953069201813
468,1,0,0.4488229378693237,0.4590625162462623,True,1,all_candidates,0,-0.0923426444047292,-0.1894624057511109,0.0047771169416524,-0.3639434178511885
474,0,0,0.4334979519869535,0.382804016004297,True,1,all_candidates,0,-0.0768576970801228,-0.2279844801279675,0.0742690859677217,0.2702421419125612
478,1,0,0.5739982744039367,0.2947270948162633,True,1,all_candidates,0,-0.066019456472221,-0.2215499930353603,0.0895110800909181,-0.1411313948828423
481,0,1,0.5087083360409932,0.4082550174102792,True,1,all_candidates,0,-0.0208469755090042,-0.1277018982182932,0.0860079472002846,0.2425677441982232
486,1,1,0.7441202307802978,0.6148549412893181,True,1,all_candidates,0,-0.0734081558052479,-0.2169653472105544,0.0701490356000586,-0.6892153014395378
487,1,1,0.8467975192157075,0.5866738910251524,True,1,all_candidates,0,-0.0270387247008765,-0.1320569674781467,0.0779795180763935,-0.0281566916150681
498,0,0,0.3020648921646804,0.1979830251548477,True,1,all_candidates,0,-0.0885277249638394,-0.2527695834493026,0.0757141335216238,-0.1062618189134249
503,0,0,0.3446948747805175,0.2658055219729751,True,1,all_candidates,0,-0.0378060863632921,-0.1394584913652125,0.0638463186386282,-0.1672850542834813
507,1,1,0.8311033999506614,0.7945564212316646,True,1,all_candidates,0,-0.0864329907111077,-0.1593957516864381,-0.0134702297357772,-0.0308549288115069
508,0,0,0.5229332692489086,0.2601699446166555,True,1,all_candidates,0,-0.0281253162871288,-0.1750929467868166,0.1188423142125588,-0.0562097208968652
514,1,1,0.8270038617254091,0.6943390637417084,True,1,all_candidates,0,-0.0460244130328953,-0.2091860943926483,0.1171372683268576,-0.0614781201380465
526,0,0,0.1578259392999683,0.130444744119986,True,1,all_candidates,0,-0.0433725134879118,-0.2233282574085313,0.1365832304327076,0.0202992312699243
528,1,1,0.6647472925894883,0.7352516088728809,True,1,all_candidates,0,0.0217712951500274,-0.1100582912973364,0.1536008815973912,-0.3151680255715663
532,1,0,0.5659465902283147,0.4305883970188177,True,1,all_candidates,0,-0.0490299936130521,-0.2061977265664467,0.1081377393403424,-0.5334643262344162
534,0,1,0.6356185713393279,0.4957060818429861,True,1,all_candidates,0,0.0103820300344548,-0.119685853155475,0.1404499132243847,0.1354339849207388
535,0,0,0.6385549390569282,0.3491581541021244,True,1,all_candidates,0,-0.0319273272158166,-0.1492067048408368,0.0853520504092035,0.0370406161049267
538,1,0,0.7165422603028302,0.5565385298635452,True,1,all_candidates,0,-0.0266106011384216,-0.2421166264271285,0.1888954241502851,-0.0621285127855897
539,0,1,0.3919352408994978,0.3980788389051554,True,1,all_candidates,0,-0.051291751252086,-0.1696820613098518,0.0670985588056798,-0.1112600630826312
546,0,0,0.3024691154894626,0.1674140399970113,True,1,all_candidates,0,-0.0835946848093387,-0.1728214246149396,0.005632054996262,-0.0662060867935373
549,1,0,0.737809295603759,0.4018100071172399,True,1,all_candidates,0,-0.0266266970454761,-0.1632319914034896,0.1099785973125373,-0.2260567918036844
550,0,0,0.2296862036406513,0.125078688297396,True,1,all_candidates,0,-0.0853248493561062,-0.2641515971945299,0.0935018984823175,-0.0838160275346101
552,1,0,0.5131292585651384,0.1904453106666334,True,1,all_candidates,0,-0.0651301779019799,-0.1825568008401715,0.0522964450362117,0.08753892270289
559,1,0,0.6085123450001269,0.405681505096466,True,1,all_candidates,0,-0.0753370007852435,-0.2248267276215609,0.0741527260510738,-0.3657608504843099
560,1,1,0.8655555287273489,0.6294406160354643,True,1,all_candidates,0,-0.0621359469739647,-0.2010049854769336,0.0767330915290041,-0.0646999077179867
561,1,0,0.6004522932294956,0.2519387481121832,True,1,all_candidates,0,-0.0308247018268271,-0.108711672464412,0.0470622688107576,-0.1484763527289404
563,0,0,0.3497769690033058,0.3001244011940171,True,1,all_candidates,0,-0.0573315788342188,-0.2027082600032696,0.0880451023348319,0.0872341997213746
568,1,1,0.8420165704415828,0.7241993149028411,True,1,all_candidates,0,-0.106737448283627,-0.2837868399308337,0.0703119433635796,-0.1100676864813856
569,0,1,0.6204165780663479,0.649966418468412,True,1,all_candidates,0,-0.0809715687763412,-0.1891682976548324,0.02722516010215,-0.0350647288328105
578,0,0,0.528449166106585,0.541129455632692,True,1,all_candidates,0,-0.0928779188151848,-0.2836959871611706,0.0979401495308009,-0.1661069213092291
584,1,0,0.4835230499831929,0.6086690571475216,True,1,all_candidates,0,0.0013833498991456,-0.0972072685185496,0.0999739683168409,-0.1862053968139435
588,1,1,0.6950874683394853,0.6067692377764136,True,1,all_candidates,0,-0.0434690659328531,-0.1537319799914527,0.0667938481257463,0.0515171259474075
594,0,1,0.3845124638174599,0.202048263708186,True,1,all_candidates,0,-0.0519497882167595,-0.1495200672421487,0.0456204908086296,-0.1845762402931477
599,0,1,0.5139276407168637,0.3069862927665871,True,1,all_candidates,0,-0.0450694817369606,-0.1278201150935965,0.0376811516196751,-0.0170208056131654
603,1,1,0.8760250372770755,0.7245136388321798,True,1,all_candidates,0,-0.0596150624943847,-0.1911561198385477,0.0719259948497783,-0.4064471216929251
606,0,1,0.2192294077600339,0.3608687382193187,True,1,all_candidates,0,-0.0471820039795103,-0.2134633079350385,0.1190992999760177,-0.0810499975355446
607,0,0,0.2306889141131686,0.4134998057835559,True,1,all_candidates,0,-0.0388438545699066,-0.2290937344937901,0.1514060253539767,-0.2026216599600059
609,0,1,0.2303519206028594,0.1661800464978828,True,1,all_candidates,0,-0.0399938927025272,-0.1274782871793206,0.047490501774266,-0.1781520259679382
614,1,1,0.6467946600933504,0.454149402724382,True,1,all_candidates,0,-0.0669318235940483,-0.1930602269365483,0.0591965797484516,0.1380098948543894
617,1,0,0.6802572666640975,0.691208308706228,True,1,all_candidates,0,-0.0740491579527162,-0.2683137513821036,0.1202154354766711,-0.3297796341794859
621,1,1,0.627291255719527,0.643934722388693,True,1,all_candidates,0,-0.0228502109039894,-0.1103556183704873,0.0646551965625084,-0.103005344759102
626,1,0,0.474501537217078,0.164374600614252,True,1,all_candidates,0,-0.075809313187752,-0.1679101189906786,0.0162914926151745,-0.1473410584362936
638,1,0,0.2748012559824055,0.1239220657092472,True,1,all_candidates,0,-0.0562305265037397,-0.1953935848691015,0.0829325318616219,-0.0289677790752043
648,1,1,0.5446984576494674,0.4969151883647077,True,1,all_candidates,0,-0.0552289014559505,-0.1440611480027851,0.0336033450908839,0.2265779739142019
651,1,0,0.7414638822974168,0.2073560428214372,True,1,all_candidates,0,-0.0252930053165625,-0.1082080298453909,0.0576220192122659,0.1428509167227937
656,0,0,0.2820466246045192,0.4366149382471533,True,1,all_candidates,0,-0.0470186437525183,-0.2439600487560936,0.1499227612510568,0.0080717971819229
662,0,0,0.6929571721037661,0.5688028871898342,True,1,all_candidates,0,-0.0427332222992791,-0.1837891024101857,0.0983226578116274,0.1209044238137532
663,1,1,0.6304851473044282,0.5835748670106308,True,1,all_candidates,0,-0.0285465389646255,-0.1061238839670435,0.0490308060377923,-0.0006267839972746
676,1,0,0.4599439184764482,0.2987878211415748,True,1,all_candidates,0,-0.0802325316642013,-0.1708207837183975,0.0103557203899949,0.288078314021742
680,1,0,0.6829703748258147,0.1138559463673801,True,1,all_candidates,0,-0.0442786483208175,-0.2354900968292467,0.1469328001876114,-0.2167613270433704
684,0,0,0.5697406984360188,0.1998318507039766,True,1,all_candidates,0,-0.0586033870359986,-0.1722018981310819,0.0549951240590845,-0.0936522813101408
689,1,1,0.8868225930045658,0.8706173422583725,True,1,all_candidates,0,-0.0247563983296625,-0.1981575426420786,0.1486447459827534,0.0284377361233592
707,1,0,0.3095601577041158,0.1657451748796045,True,1,all_candidates,0,-0.0716977602108908,-0.2655699296561813,0.1221744092343996,-0.1826127486382754
708,0,0,0.3894418068151838,0.3110983385469534,True,1,all_candidates,0,-0.0773268007489598,-0.2603538277022981,0.1057002262043783,-0.3033594815556778
712,0,0,0.2267174372063047,0.3991605009537028,True,1,all_candidates,0,-0.0516229758089683,-0.1816404980527279,0.0783945464347912,0.2026218293203847
713,0,1,0.4479973834356069,0.7899673126686212,True,1,all_candidates,0,-0.0404556199889012,-0.165871116274986,0.0849598762971834,0.1835114986066507
723,1,1,0.8791019779208326,0.6312407840166131,True,1,all_candidates,0,-0.0153127404198259,-0.1602522016865681,0.1296267208469163,-0.0139812788191581
735,1,1,0.7869431386479372,0.5368141960979033,True,1,all_candidates,0,-0.0378559771993301,-0.1929814062506678,0.1172694518520076,0.2892291597635016
739,0,1,0.1656792513126042,0.3625667250095327,True,1,all_candidates,0,-0.033966732067824,-0.21915595804707,0.1512224939114218,0.0465358406512868
743,1,0,0.6338297786120288,0.6070901283292623,True,1,all_candidates,0,-0.0616901747337544,-0.234618261287901,0.1112379118203921,-0.3588049137290085
744,0,0,0.2696157041235064,0.1526445884995828,True,1,all_candidates,0,-0.0674384198077755,-0.1763981072332947,0.0415212676177435,0.000438274286518
752,1,0,0.6647472925894883,0.7208329462562315,True,1,all_candidates,0,0.0262025418117947,-0.1063416858563172,0.1587467694799066,-0.0486240298536814
760,1,1,0.7134555858731084,0.792566241366111,True,1,all_candidates,0,-0.0866899131015278,-0.2500732893615827,0.076693463158527,-0.1049719012824385
773,1,1,0.8386940353384825,0.852870223315683,True,1,all_candidates,0,-0.0211953490290504,-0.1516689476955932,0.1092782496374922,-0.0507876198371495
776,0,0,0.3345234242308092,0.2053377316606053,True,1,all_candidates,0,-0.0039823989123677,-0.1099191063915237,0.1019543085667881,0.1121593665543734
779,0,0,0.3257453007133764,0.2275431343606286,True,1,all_candidates,0,-0.0548494671594467,-0.1639981165769872,0.0542991822580936,0.2102850669914252
781,1,1,0.6832939038423603,0.63754694937672,True,1,all_candidates,0,-0.0432942790045988,-0.1842460306025202,0.0976574725933225,0.03127374458673
782,1,0,0.7648701537663227,0.4641424883295498,True,1,all_candidates,0,-0.0389997967041248,-0.1720720785001146,0.094072485091865,-0.2788197122576257
783,0,0,0.1217298937920421,0.3168675055683017,True,1,all_candidates,0,-0.053661467214329,-0.1566132815865696,0.0492903471579114,0.1176809396097496
798,1,1,0.5742961575804171,0.7338549270059888,True,1,all_candidates,0,-0.0735800829243248,-0.2685505782019485,0.1213904123532988,-0.0128295956561388
822,0,0,0.7417980053932205,0.6367950734915155,True,1,all_candidates,0,-0.0165683809635088,-0.1667486605039985,0.1336118985769808,0.1568786712897365
827,0,1,0.264977865904604,0.5063020143310597,True,1,all_candidates,0,-0.1059410741950937,-0.2448022354408755,0.032920087050688,-0.4717084066230759
839,0,0,0.4808888128545494,0.1562570180525887,True,1,all_candidates,0,-0.0278101685850041,-0.1469514191693544,0.091331081999346,-0.082870305049013
845,1,1,0.7067711150558171,0.505484558588421,True,1,all_candidates,0,-0.0305887298556177,-0.1936808165915081,0.1325033568802725,-0.0549671221434375
848,0,0,0.1666158023279128,0.2015602546752192,True,1,all_candidates,0,-0.0642019334761322,-0.2195263195881535,0.091122452635889,0.0857810802170664
859,1,1,0.6849906428774399,0.6769103292049636,True,1,all_candidates,0,-0.0422236248804593,-0.1846468907715303,0.1001996410106116,0.1009164325149726
868,1,0,0.3082583807209731,0.1535068027524439,True,1,all_candidates,0,-0.0938785573937951,-0.2854058478513901,0.0976487330637999,-0.0376875833533315
875,1,1,0.2533396338739371,0.2070879630898262,True,1,all_candidates,0,0.0064750624047284,-0.0789051986218438,0.0918553234313006,0.2750351541256375
892,0,0,0.6313698695873204,0.2338246306856515,True,1,all_candidates,0,-0.0496446242261136,-0.2405313856634391,0.1412421372112117,-0.4218944972490402
893,0,1,0.4558925787626889,0.39302832109664,True,1,all_candidates,0,-0.0546593632888135,-0.2678362631190657,0.1585175365414386,-0.1389911912905728
898,1,1,0.49462645872228,0.3547315126470555,True,1,all_candidates,0,-0.0462250801605009,-0.1686131977521125,0.0761630374311105,0.1148901973385334
908,1,1,0.59795154629418,0.5465323047791424,True,1,all_candidates,0,-0.0799806506390055,-0.2608206342272657,0.1008593329492547,0.2700079153490359
913,0,0,0.4590740424682504,0.153035619975251,True,1,all_candidates,0,-0.0068911729896265,-0.1292786409969845,0.1154962950177313,0.5763362625455206
915,1,1,0.8444617337210738,0.7902472579186703,True,1,all_candidates,0,-0.0074461991801452,-0.1731248862774747,0.1582324879171841,-0.1046070455361218
924,0,1,0.1106480738360361,0.3587549645748137,True,1,all_candidates,0,-0.0738053391842534,-0.1987811634147455,0.0511704850462387,-0.0351858055805025
929,1,0,0.6634216252210545,0.5571596280328351,True,1,all_candidates,0,-0.0122588808670123,-0.1333506086543979,0.1088328469203731,-0.2246108655442407
934,0,0,0.1758882099010204,0.1479102128392838,True,1,all_candidates,0,-0.053135575594562,-0.2189555567198572,0.1126844055307331,-0.1792356210016621
955,1,1,0.7279935351733413,0.7193079523925068,True,1,all_candidates,0,-0.0703132262946799,-0.1720192851599775,0.0313928325706176,-0.4074361291328243
960,1,1,0.516353381546526,0.4874489700889952,True,1,all_candidates,0,-0.0238979998863577,-0.146224571241306,0.0984285714685905,0.3030242858082472
961,0,1,0.5952214322323915,0.2839526673389449,True,1,all_candidates,0,-0.0256173387648433,-0.1273717560544763,0.0761370785247895,-0.1738611085467418
967,0,0,0.7111062328377343,0.6026371727046967,True,1,all_candidates,0,-0.050310608173435,-0.140797038428851,0.0401758220819809,0.1131542413041228
976,0,0,0.2229658090752913,0.085181008745948,True,1,all_candidates,0,-0.0850840418903899,-0.2054121250925425,0.0352440413117626,-0.1043543822418454
977,1,0,0.8795089744048036,0.5493546289655924,True,1,all_candidates,0,-0.0492150079881233,-0.1386754645324592,0.0402454485562124,0.2172265382051104
980,1,1,0.7845093011134376,0.5285083827381312,True,1,all_candidates,0,-0.0540700756268971,-0.1712421371451536,0.0631019858913592,-0.1328309937568829
986,1,0,0.6842931095653495,0.4407593834478375,True,1,all_candidates,0,-0.060415951643589,-0.2919339672993706,0.1711020640121925,-0.219306647304542
987,0,0,0.4937146818591577,0.4101161855589622,True,1,all_candidates,0,-0.030676451861622,-0.144301030497905,0.0829481267746609,0.1653784649940301
989,0,0,0.502114524477848,0.4557268144672463,True,1,all_candidates,0,-0.0570483541853006,-0.2364223590351921,0.1223256506645908,-0.225530915704844
5,1,1,0.6377114402121038,0.3425497475537619,True,1,all_candidates,2,-0.0064212780631534,-0.1508113227482357,0.1379687666219287,0.2954412588131098
12,0,1,0.4086459470394197,0.3000268973878696,True,1,all_candidates,2,0.0045921843276841,-0.1416722591960657,0.1508566278514338,-0.1020346687031714
15,1,0,0.5202019068490832,0.1180738710655429,True,1,all_candidates,2,-0.0705404010852729,-0.1779861352980675,0.0369053331275216,-0.0030802974221459
30,0,0,0.5746897562690604,0.2429590676371458,True,1,all_candidates,2,-0.0268604862300309,-0.1137597271400081,0.0600387546799461,-0.1582462925714874
39,1,0,0.6048933776872666,0.3441516064005722,True,1,all_candidates,2,-0.0286542148082414,-0.2281921643453006,0.1708837347288176,-0.0787740414269622
40,0,0,0.3543801765148926,0.3505743206202041,True,1,all_candidates,2,-0.0283921796789157,-0.1578392886514423,0.1010549292936109,0.0604749885138391
43,1,0,0.7309350546172592,0.3861893383005025,True,1,all_candidates,2,-0.0538115865878059,-0.2066814537374383,0.0990582805618264,-0.1970218052573134
45,0,0,0.2877857978025763,0.3689753372039217,True,1,all_candidates,2,-0.0099855573039617,-0.2306520076015727,0.2106808929936491,0.1313990388549498
48,1,1,0.4640558918721573,0.5888245392655549,True,1,all_candidates,2,-0.073166181660496,-0.1959826234834957,0.0496502601625036,-0.0235109324822139
63,1,0,0.493740643635318,0.2016435562654448,True,1,all_candidates,2,-0.0359838945811961,-0.2024154238777919,0.1304476347153997,-0.0806185068185773
67,1,1,0.4135078007326209,0.532633707078535,True,1,all_candidates,2,-0.063733537065835,-0.2180350656244068,0.0905679914927368,-0.4040936263411786
69,0,0,0.4660033727386178,0.4863086898247561,True,1,all_candidates,2,-0.0371570220728558,-0.1770286729522635,0.1027146288065517,-0.2535047085663173
72,1,0,0.5908011295185976,0.3649110295452353,True,1,all_candidates,2,-0.0630468206134262,-0.2255160762044828,0.0994224349776302,0.0339396341644859
75,1,0,0.8971971121686327,0.590906090484836,True,1,all_candidates,2,0.0387620763596738,-0.0593122545150575,0.1368364072344051,-0.2190504429096812
93,0,1,0.2343559307381617,0.3708737195266814,True,1,all_candidates,2,-0.0510249287958002,-0.1886436790214044,0.0865938214298039,-0.2476334015864339
115,0,0,0.417662784829503,0.3560754401295836,True,1,all_candidates,2,0.0057021708574738,-0.097669972956218,0.1090743146711658,-0.036066766855671
116,0,1,0.2300810466125331,0.2452458732935051,True,1,all_candidates,2,-0.0675758054889026,-0.173012085313247,0.0378604743354417,-0.0143420614464694
121,1,0,0.829551555662928,0.5644650903605791,True,1,all_candidates,2,0.0234154347603087,-0.1168645015341068,0.1636953710547243,-0.578150415838105
122,1,0,0.6628130336914178,0.1675771919966962,True,1,all_candidates,2,-0.0390029518305197,-0.1287673543116277,0.0507614506505883,-0.1662835077113541
123,0,1,0.3974456212092374,0.392430831758484,True,1,all_candidates,2,-0.0241969175202524,-0.1742286087477352,0.1258347737072303,0.0324676550754574
126,0,0,0.2904388139791195,0.3909132072928165,True,1,all_candidates,2,-0.069804200175512,-0.1947544383277348,0.0551460379767105,-0.3010231687743369
130,0,0,0.2686321613885298,0.2184946098827451,True,1,all_candidates,2,-0.027826277770249,-0.1010138744120261,0.0453613188715279,0.0063097536564251
137,0,0,0.1910422905713986,0.136704195001431,True,1,all_candidates,2,-0.0436359564586006,-0.1671216141374255,0.0798497012202243,-0.0353946032330241
145,1,0,0.4660143956373304,0.4421213226322661,True,1,all_candidates,2,-0.0103919421696418,-0.1128896955304875,0.0921058111912037,-0.3376914379771497
151,0,1,0.5191771574449675,0.4662585530143542,True,1,all_candidates,2,0.0430726322035449,-0.1241191811497824,0.2102644455568723,-0.3148700805651545
162,0,0,0.5856731783723788,0.5989655969474362,True,1,all_candidates,2,-0.0309961291511631,-0.1376987896434119,0.0757065313410856,-0.1770906937214045
167,0,1,0.6272436550256896,0.707639467658466,True,1,all_candidates,2,-0.0144988804323311,-0.15327113448485,0.1242733736201876,0.0604197624029748
169,1,1,0.718421807752594,0.8744463758885973,True,1,all_candidates,2,-0.0320552062955383,-0.1393890603240684,0.0752786477329917,-0.059438745764093
180,1,1,0.8672668628184429,0.5657293381904667,True,1,all_candidates,2,-0.0685046199304209,-0.3024091358354168,0.1653998959745747,0.0721462057356445
186,1,0,0.5911390146431826,0.5179879989770028,True,1,all_candidates,2,-0.0408752576541663,-0.1548724584885982,0.0731219431802654,-0.3483873033729417
193,0,0,0.4002310604742047,0.1550758670471376,True,1,all_candidates,2,-0.0360912003987082,-0.18115693548862,0.1089745346912035,-0.0779057038072634
196,0,0,0.4779684453454312,0.4063942925546509,True,1,all_candidates,2,0.013212678671256,-0.0837850528758723,0.1102104102183845,0.1850042231741754
198,0,0,0.1458736659034418,0.3168318250125152,True,1,all_candidates,2,-0.0233865198544854,-0.1239006401269453,0.0771276004179743,-0.0979604166806298
205,1,1,0.889667935890094,0.4157414662695457,True,1,all_candidates,2,-0.0299576906116091,-0.1787058914958411,0.1187905102726227,0.1003900034516338
208,1,1,0.3791739705430976,0.6227098092939151,True,1,all_candidates,2,-0.0036177421348139,-0.1570252658422267,0.1497897815725987,-0.3836418638216122
211,0,0,0.231401125726331,0.2290585740477945,True,1,all_candidates,2,0.0016542696848928,-0.1189794622784718,0.1222880016482574,0.0393623563224266
229,0,0,0.3549105310023648,0.1864281933239119,True,1,all_candidates,2,0.0094921396437102,-0.0729576592688002,0.0919419385562207,-0.0181111175885878
237,0,1,0.3187585270756577,0.6861105920384603,True,1,all_candidates,2,-0.073897148622789,-0.2355403889367891,0.0877460916912109,0.0146772385370304
241,1,0,0.338802769940387,0.4470269612145222,True,1,all_candidates,2,-0.0100365611077805,-0.1287317258676424,0.1086586036520812,-0.2359562924134932
250,1,1,0.8428866494274864,0.703627059039757,True,1,all_candidates,2,-0.0385229969607521,-0.2988178709910293,0.221771877069525,-0.1438166112073363
254,0,1,0.2083929285420307,0.2409944609227921,True,1,all_candidates,2,-0.0295110900469064,-0.1803465437194076,0.1213243636255947,0.1102961278795356
261,0,0,0.25783316789758,0.1812073244799295,True,1,all_candidates,2,-0.0218532126353415,-0.2352786570061759,0.1915722317354928,0.3128575438256605
264,1,1,0.5133701154893368,0.5783417591739412,True,1,all_candidates,2,0.003377169252991,-0.1213288521721595,0.1280831906781415,0.101309854190715
265,0,0,0.4673440107611287,0.3563794093146026,True,1,all_candidates,2,-0.0543736063012668,-0.1731259155734871,0.0643787029709534,-0.1996664940257019
270,0,0,0.3487407377572455,0.2017139770195508,True,1,all_candidates,2,-0.0186232959079009,-0.1123595244105452,0.0751129325947433,-0.0598113374777657
271,1,0,0.8208015211662028,0.8654343342544495,True,1,all_candidates,2,-0.0155897627241203,-0.1116237179380884,0.0804441924898477,-0.027407061388611
277,1,1,0.8458274757149049,0.5796784555469318,True,1,all_candidates,2,0.0030186099110721,-0.1021727140536587,0.108209933875803,0.1970732338029357
282,0,0,0.4968539889905682,0.4895010838663226,True,1,all_candidates,2,-0.0363078111485345,-0.1583855733777321,0.085769951080663,0.2904593735133494
284,0,1,0.2616966831448957,0.4804473555949514,True,1,all_candidates,2,0.0277443297598063,-0.1752355442988624,0.230724203818475,0.185186885436133
288,1,0,0.7511605014707504,0.5824804714021297,True,1,all_candidates,2,-0.0224216394463328,-0.1519107379023491,0.1070674590096833,0.0046401207468271
294,1,1,0.8164796270017057,0.4903126491335002,True,1,all_candidates,2,-0.0115900242745547,-0.1538432766693698,0.1306632281202602,-0.349510263326905
318,0,0,0.6636540076542939,0.5705544669325786,True,1,all_candidates,2,-0.0102746261034973,-0.1188093796409945,0.0982601274339997,-0.2019998573470325
319,1,1,0.8930296774091446,0.7555478412559756,True,1,all_candidates,2,-0.0245752666322417,-0.1267442793024,0.0775937460379165,0.0427837395033252
328,0,1,0.3943292424817727,0.1894830318720366,True,1,all_candidates,2,0.0132633047763398,-0.0717268642239199,0.0982534737765996,0.1032724399685739
334,0,0,0.3200385380572376,0.2875355167491368,True,1,all_candidates,2,-0.0575438292388974,-0.139976831805473,0.0248891733276779,-0.1484375342195409
339,0,1,0.6907306329755005,0.5644583916735121,True,1,all_candidates,2,-0.017961502900085,-0.2102946707788726,0.1743716649787024,-0.0409641825439516
343,1,1,0.7122793784860058,0.5155210187085154,True,1,all_candidates,2,-0.0448516537296363,-0.1587264650257334,0.0690231575664605,-0.252500407706424
346,0,0,0.4668878241550569,0.3395176398810799,True,1,all_candidates,2,-0.010349579274459,-0.1982185177322466,0.1775193591833285,0.0212575491772035
347,0,1,0.2026382687026036,0.2637419376444213,True,1,all_candidates,2,-0.0439425579274522,-0.167447448860286,0.0795623330053815,0.0718545920669893
349,0,1,0.7980010545149436,0.6771543356924604,True,1,all_candidates,2,-0.0347507459631238,-0.1842954027643074,0.1147939108380596,0.0326887855021832
354,1,0,0.532805219686784,0.2924577715670299,True,1,all_candidates,2,-0.0087750696238913,-0.1129064882181508,0.0953563489703681,-0.1429713506752603
357,1,1,0.6408274001124588,0.2999253159315922,True,1,all_candidates,2,-0.0223587145862937,-0.1955165001386587,0.1507990709660711,0.1013446835796018
360,1,0,0.3477877504865826,0.3387807653978252,True,1,all_candidates,2,-0.0081015131059697,-0.1522541815306919,0.1360511553187523,-0.2099547686179699
361,0,0,0.2966110817618265,0.2305933915777401,True,1,all_candidates,2,0.006826703198417,-0.1521373354989463,0.1657907418957804,-0.0406445885166562
365,1,0,0.6049751553904226,0.2863717839207137,True,1,all_candidates,2,-0.0657978437301907,-0.1401233330737969,0.0085276456134153,-0.3344524588585174
368,1,0,0.6849883638981021,0.3273397311753073,True,1,all_candidates,2,0.000647229860918,-0.1541870192759083,0.1554814789977444,-0.0542746685428054
370,1,0,0.1979034024075983,0.1080026000983676,True,1,all_candidates,2,-0.0321926165893442,-0.1639738950434798,0.0995886618647914,-0.112249188104001
380,0,1,0.7471666727680591,0.4674264398886901,True,1,all_candidates,2,0.0063113062655115,-0.2080418954412475,0.2206645079722706,-0.4595323870462047
384,1,1,0.6900728481780237,0.5112597274821526,True,1,all_candidates,2,-0.0080635918277721,-0.1561619768690041,0.1400347932134598,0.0703099140074529
392,1,1,0.7956043945971023,0.7308406047876336,True,1,all_candidates,2,-0.0496328772046636,-0.2000534498420683,0.1007876954327409,0.0859568948245617
398,0,1,0.3206138626697417,0.4568522392771472,True,1,all_candidates,2,0.0068760339938615,-0.1264738667549431,0.1402259347426661,-0.3498504475078327
409,0,0,0.1833779169179833,0.4439000770292082,True,1,all_candidates,2,-0.0308186092618812,-0.2135535161227557,0.1519162975989932,0.1455426515223805
422,1,1,0.4374280553015159,0.348712461995259,True,1,all_candidates,2,0.0260681481616978,-0.1305439025783929,0.1826801989017887,0.0487539624800851
424,1,0,0.6770097302582416,0.7052642761137701,True,1,all_candidates,2,-0.0827422407488461,-0.1864476813055943,0.0209631998079021,-0.411950972386599
431,1,1,0.4372491262168222,0.6279412483546116,True,1,all_candidates,2,-0.0556614114014778,-0.1636336329964219,0.0523108101934661,-0.3266540670636856
433,0,0,0.1052517072609647,0.1042730496200623,True,1,all_candidates,2,-0.0757635779286935,-0.1628330377148766,0.0113058818574894,-0.0340215315582068
435,0,1,0.4409894527049854,0.6729711349557012,True,1,all_candidates,2,-0.0485984793381008,-0.1597799556836072,0.0625829970074054,-0.1074231289419768
446,1,0,0.2790381570542702,0.1637599933059333,True,1,all_candidates,2,-0.0084372175597278,-0.17660275743901,0.1597283223195542,-0.0643252741052308
447,1,1,0.536835214889051,0.5503554221394807,True,1,all_candidates,2,0.0004645101412268,-0.0851613265345778,0.0860903468170316,0.0341449947609453
451,1,1,0.7690955084071955,0.6112206494377056,True,1,all_candidates,2,0.0155353820120231,-0.0813871392428385,0.1124579032668847,-0.1766356384611831
460,1,0,0.390947709654434,0.2799446997374306,True,1,all_candidates,2,-0.0028932631553392,-0.1757527447851781,0.1699662184744995,-0.1508996908138559
462,0,0,0.4757820881301206,0.3798226570352518,True,1,all_candidates,2,-0.0111749646289194,-0.1559658704927372,0.1336159412348982,-0.0287736934267696
465,0,1,0.4312755600906261,0.6491876730428766,True,1,all_candidates,2,-0.0402475726783966,-0.1343650751620222,0.053869929805229,-0.0735231182259229
467,0,0,0.2562069965782711,0.2668403826074519,True,1,all_candidates,2,-0.0434086441147334,-0.1452334771757489,0.0584161889462819,0.1810953069201813
468,1,0,0.4488229378693237,0.4590625162462623,True,1,all_candidates,2,-0.032786184704575,-0.1598745014480433,0.0943021320388932,-0.3639434178511885
474,0,0,0.4334979519869535,0.382804016004297,True,1,all_candidates,2,-0.0188574733086874,-0.1103578293954958,0.0726428827781209,0.2702421419125612
478,1,0,0.5739982744039367,0.2947270948162633,True,1,all_candidates,2,-0.0253870368634295,-0.1577768529987593,0.1070027792719002,-0.1411313948828423
481,0,1,0.5087083360409932,0.4082550174102792,True,1,all_candidates,2,-0.0277565585219607,-0.1252957033582249,0.0697825863143034,0.2425677441982232
486,1,1,0.7441202307802978,0.6148549412893181,True,1,all_candidates,2,-0.0476088211498913,-0.149034797363366,0.0538171550635831,-0.6892153014395378
487,1,1,0.8467975192157075,0.5866738910251524,True,1,all_candidates,2,-0.039713045530154,-0.2000492622813491,0.120623171221041,-0.0281566916150681
498,0,0,0.3020648921646804,0.1979830251548477,True,1,all_candidates,2,-0.0357487781403542,-0.1993009889745857,0.127803432693877,-0.1062618189134249
503,0,0,0.3446948747805175,0.2658055219729751,True,1,all_candidates,2,-0.0160128881087946,-0.1434140810050418,0.1113883047874524,-0.1672850542834813
507,1,1,0.8311033999506614,0.7945564212316646,True,1,all_candidates,2,-0.0369828819869867,-0.2259665691976695,0.152000805223696,-0.0308549288115069
508,0,0,0.5229332692489086,0.2601699446166555,True,1,all_candidates,2,-0.0260606448695526,-0.1767798345919515,0.1246585448528462,-0.0562097208968652
514,1,1,0.8270038617254091,0.6943390637417084,True,1,all_candidates,2,-0.0256629814611264,-0.1694548079841936,0.1181288450619407,-0.0614781201380465
526,0,0,0.1578259392999683,0.130444744119986,True,1,all_candidates,2,0.0071158025099216,-0.1447337816335275,0.1589653866533708,0.0202992312699243
528,1,1,0.6647472925894883,0.7352516088728809,True,1,all_candidates,2,0.0302627025873784,-0.0995748039282542,0.160100209103011,-0.3151680255715663
532,1,0,0.5659465902283147,0.4305883970188177,True,1,all_candidates,2,-0.0093001648364778,-0.1818160775480634,0.1632157478751077,-0.5334643262344162
534,0,1,0.6356185713393279,0.4957060818429861,True,1,all_candidates,2,-0.0010282159942345,-0.1302957446132801,0.128239312624811,0.1354339849207388
535,0,0,0.6385549390569282,0.3491581541021244,True,1,all_candidates,2,-0.0037432555612359,-0.1222479299220722,0.1147614187996002,0.0370406161049267
538,1,0,0.7165422603028302,0.5565385298635452,True,1,all_candidates,2,-0.0150098485571293,-0.1158865780477084,0.0858668809334497,-0.0621285127855897
539,0,1,0.3919352408994978,0.3980788389051554,True,1,all_candidates,2,-0.0093067806559426,-0.2181145869950957,0.1995010256832102,-0.1112600630826312
546,0,0,0.3024691154894626,0.1674140399970113,True,1,all_candidates,2,-0.0435609715735228,-0.1691741119020494,0.0820521687550035,-0.0662060867935373
549,1,0,0.737809295603759,0.4018100071172399,True,1,all_candidates,2,-0.0351953427054951,-0.1571889064215357,0.0867982210105453,-0.2260567918036844
550,0,0,0.2296862036406513,0.125078688297396,True,1,all_candidates,2,-0.0742574666786727,-0.2202237603573968,0.0717088270000514,-0.0838160275346101
552,1,0,0.5131292585651384,0.1904453106666334,True,1,all_candidates,2,-0.0437521186187896,-0.2242488914707223,0.1367446542331429,0.08753892270289
559,1,0,0.6085123450001269,0.405681505096466,True,1,all_candidates,2,-0.0606835599762696,-0.141010429109285,0.0196433091567456,-0.3657608504843099
560,1,1,0.8655555287273489,0.6294406160354643,True,1,all_candidates,2,0.0009273709159098,-0.209766345973535,0.2116210878053548,-0.0646999077179867
561,1,0,0.6004522932294956,0.2519387481121832,True,1,all_candidates,2,-0.0270952996874877,-0.1376279646813704,0.0834373653063949,-0.1484763527289404
563,0,0,0.3497769690033058,0.3001244011940171,True,1,all_candidates,2,-0.0258334110405105,-0.180220299774335,0.1285534776933139,0.0872341997213746
568,1,1,0.8420165704415828,0.7241993149028411,True,1,all_candidates,2,-0.0673640928724587,-0.1673860541143095,0.032657868369392,-0.1100676864813856
569,0,1,0.6204165780663479,0.649966418468412,True,1,all_candidates,2,-0.0150667713601136,-0.1795071636521313,0.149373620931904,-0.0350647288328105
578,0,0,0.528449166106585,0.541129455632692,True,1,all_candidates,2,-0.0293142789844887,-0.1502034071950317,0.0915748492260541,-0.1661069213092291
584,1,0,0.4835230499831929,0.6086690571475216,True,1,all_candidates,2,0.0116196490844749,-0.0810183509357205,0.1042576491046704,-0.1862053968139435
588,1,1,0.6950874683394853,0.6067692377764136,True,1,all_candidates,2,-0.0179419996804036,-0.1585295735369276,0.1226455741761203,0.0515171259474075
594,0,1,0.3845124638174599,0.202048263708186,True,1,all_candidates,2,-0.0256366343112645,-0.1438238043183693,0.0925505356958402,-0.1845762402931477
599,0,1,0.5139276407168637,0.3069862927665871,True,1,all_candidates,2,0.004083152804835,-0.1063353827069741,0.1145016883166441,-0.0170208056131654
603,1,1,0.8760250372770755,0.7245136388321798,True,1,all_candidates,2,-0.0467844210218778,-0.2275037379161678,0.133934895872412,-0.4064471216929251
606,0,1,0.2192294077600339,0.3608687382193187,True,1,all_candidates,2,-0.0618140677769584,-0.1519737765160888,0.028345640962172,-0.0810499975355446
607,0,0,0.2306889141131686,0.4134998057835559,True,1,all_candidates,2,-0.0097377440495664,-0.2026062448441514,0.1831307567450184,-0.2026216599600059
609,0,1,0.2303519206028594,0.1661800464978828,True,1,all_candidates,2,-0.0221773601235,-0.1718221266696579,0.1274674064226577,-0.1781520259679382
614,1,1,0.6467946600933504,0.454149402724382,True,1,all_candidates,2,-0.0115699191891375,-0.2090050680031987,0.1858652296249236,0.1380098948543894
617,1,0,0.6802572666640975,0.691208308706228,True,1,all_candidates,2,-0.0537227573292894,-0.1549233306050506,0.0474778159464716,-0.3297796341794859
621,1,1,0.627291255719527,0.643934722388693,True,1,all_candidates,2,0.0074217263683024,-0.0987665129959319,0.1136099657325368,-0.103005344759102
626,1,0,0.474501537217078,0.164374600614252,True,1,all_candidates,2,-0.0048155816035257,-0.1024887443483499,0.0928575811412983,-0.1473410584362936
638,1,0,0.2748012559824055,0.1239220657092472,True,1,all_candidates,2,0.0019464954832784,-0.1590576017715938,0.1629505927381506,-0.0289677790752043
648,1,1,0.5446984576494674,0.4969151883647077,True,1,all_candidates,2,-0.0331768067170587,-0.1374463961769674,0.0710927827428498,0.2265779739142019
651,1,0,0.7414638822974168,0.2073560428214372,True,1,all_candidates,2,-0.0337224087277443,-0.206007216424623,0.1385623989691344,0.1428509167227937
656,0,0,0.2820466246045192,0.4366149382471533,True,1,all_candidates,2,-0.0192761906012731,-0.1185766487346313,0.0800242675320851,0.0080717971819229
662,0,0,0.6929571721037661,0.5688028871898342,True,1,all_candidates,2,-0.0319827927887918,-0.1756864668815916,0.1117208813040078,0.1209044238137532
663,1,1,0.6304851473044282,0.5835748670106308,True,1,all_candidates,2,-0.0169020001232901,-0.188432067826128,0.1546280675795476,-0.0006267839972746
676,1,0,0.4599439184764482,0.2987878211415748,True,1,all_candidates,2,-0.0128115192208138,-0.1541408827566333,0.1285178443150056,0.288078314021742
680,1,0,0.6829703748258147,0.1138559463673801,True,1,all_candidates,2,-0.0004052364043089,-0.0957765685955702,0.0949660957869523,-0.2167613270433704
684,0,0,0.5697406984360188,0.1998318507039766,True,1,all_candidates,2,0.0115343702596789,-0.0850692228043528,0.1081379633237108,-0.0936522813101408
689,1,1,0.8868225930045658,0.8706173422583725,True,1,all_candidates,2,-0.0654543232180811,-0.1722336057501788,0.0413249593140165,0.0284377361233592
707,1,0,0.3095601577041158,0.1657451748796045,True,1,all_candidates,2,-0.0340296342105194,-0.2006983602516745,0.1326390918306355,-0.1826127486382754
708,0,0,0.3894418068151838,0.3110983385469534,True,1,all_candidates,2,-0.058264749699337,-0.172723924048417,0.0561944246497428,-0.3033594815556778
712,0,0,0.2267174372063047,0.3991605009537028,True,1,all_candidates,2,-0.0031050533147179,-0.1400624826656555,0.1338523760362197,0.2026218293203847
713,0,1,0.4479973834356069,0.7899673126686212,True,1,all_candidates,2,-0.0601509296138633,-0.1721753491763352,0.0518734899486084,0.1835114986066507
723,1,1,0.8791019779208326,0.6312407840166131,True,1,all_candidates,2,0.0087764174305567,-0.1460138678938821,0.1635667027549956,-0.0139812788191581
735,1,1,0.7869431386479372,0.5368141960979033,True,1,all_candidates,2,-0.0302813444439728,-0.1322261551911116,0.0716634663031658,0.2892291597635016
739,0,1,0.1656792513126042,0.3625667250095327,True,1,all_candidates,2,-0.0107343084353703,-0.0950094166173147,0.073540799746574,0.0465358406512868
743,1,0,0.6338297786120288,0.6070901283292623,True,1,all_candidates,2,-0.0379516545210429,-0.2221457986267167,0.1462424895846307,-0.3588049137290085
744,0,0,0.2696157041235064,0.1526445884995828,True,1,all_candidates,2,-0.0191320671858074,-0.131807093927485,0.09354295955587,0.000438274286518
752,1,0,0.6647472925894883,0.7208329462562315,True,1,all_candidates,2,0.0352734480775311,-0.0807031391577012,0.1512500353127634,-0.0486240298536814
760,1,1,0.7134555858731084,0.792566241366111,True,1,all_candidates,2,-0.0523172216324377,-0.1545377224807898,0.0499032792159143,-0.1049719012824385
773,1,1,0.8386940353384825,0.852870223315683,True,1,all_candidates,2,-0.0179322858156337,-0.2159877963889577,0.1801232247576903,-0.0507876198371495
776,0,0,0.3345234242308092,0.2053377316606053,True,1,all_candidates,2,0.0169289392500337,-0.0824822495508218,0.1163401280508892,0.1121593665543734
779,0,0,0.3257453007133764,0.2275431343606286,True,1,all_candidates,2,-0.045401373235849,-0.183281930627052,0.0924791841553539,0.2102850669914252
781,1,1,0.6832939038423603,0.63754694937672,True,1,all_candidates,2,-0.0258726127941708,-0.1659946342456553,0.1142494086573135,0.03127374458673
782,1,0,0.7648701537663227,0.4641424883295498,True,1,all_candidates,2,-0.019108323735756,-0.124513843926886,0.0862971964553739,-0.2788197122576257
783,0,0,0.1217298937920421,0.3168675055683017,True,1,all_candidates,2,-0.0364613988616531,-0.1512757618417139,0.0783529641184076,0.1176809396097496
798,1,1,0.5742961575804171,0.7338549270059888,True,1,all_candidates,2,-0.0243585129730591,-0.1716653690531755,0.1229483431070571,-0.0128295956561388
822,0,0,0.7417980053932205,0.6367950734915155,True,1,all_candidates,2,0.002351790929924,-0.1182939843136837,0.1229975661735317,0.1568786712897365
827,0,1,0.264977865904604,0.5063020143310597,True,1,all_candidates,2,-0.0724786385670149,-0.1694170763684809,0.0244597992344511,-0.4717084066230759
839,0,0,0.4808888128545494,0.1562570180525887,True,1,all_candidates,2,-0.0486634531924472,-0.140802600920191,0.0434756945352964,-0.082870305049013
845,1,1,0.7067711150558171,0.505484558588421,True,1,all_candidates,2,0.0052764881607834,-0.1622586660417129,0.1728116423632798,-0.0549671221434375
848,0,0,0.1666158023279128,0.2015602546752192,True,1,all_candidates,2,-0.0549298207033679,-0.1687388953840167,0.0588792539772808,0.0857810802170664
859,1,1,0.6849906428774399,0.6769103292049636,True,1,all_candidates,2,-0.0370267407490594,-0.129059243678388,0.055005762180269,0.1009164325149726
868,1,0,0.3082583807209731,0.1535068027524439,True,1,all_candidates,2,-0.0664335098742007,-0.2322850897753993,0.0994180700269976,-0.0376875833533315
875,1,1,0.2533396338739371,0.2070879630898262,True,1,all_candidates,2,0.0512161551623792,-0.0632978113524403,0.1657301216771987,0.2750351541256375
892,0,0,0.6313698695873204,0.2338246306856515,True,1,all_candidates,2,-0.0048414462446753,-0.1629960972657538,0.1533132047764031,-0.4218944972490402
893,0,1,0.4558925787626889,0.39302832109664,True,1,all_candidates,2,-0.036069483342847,-0.1517738611882903,0.0796348945025962,-0.1389911912905728
898,1,1,0.49462645872228,0.3547315126470555,True,1,all_candidates,2,-0.0258322309274862,-0.140037361752594,0.0883728998976214,0.1148901973385334
908,1,1,0.59795154629418,0.5465323047791424,True,1,all_candidates,2,-0.0213218376407917,-0.2611435880941643,0.2184999128125808,0.2700079153490359
913,0,0,0.4590740424682504,0.153035619975251,True,1,all_candidates,2,0.0195421668756394,-0.1930666613026129,0.2321509950538919,0.5763362625455206
915,1,1,0.8444617337210738,0.7902472579186703,True,1,all_candidates,2,0.0198660033367745,-0.0906229424526098,0.1303549491261588,-0.1046070455361218
924,0,1,0.1106480738360361,0.3587549645748137,True,1,all_candidates,2,-0.0632230935052535,-0.1640764605643169,0.0376302735538098,-0.0351858055805025
929,1,0,0.6634216252210545,0.5571596280328351,True,1,all_candidates,2,-0.0116422900854618,-0.1052362463022868,0.081951666131363,-0.2246108655442407
934,0,0,0.1758882099010204,0.1479102128392838,True,1,all_candidates,2,-0.0371437990731469,-0.21902415783527,0.1447365596889761,-0.1792356210016621
955,1,1,0.7279935351733413,0.7193079523925068,True,1,all_candidates,2,-0.0488366599894092,-0.1770889208808725,0.0794156009020539,-0.4074361291328243
960,1,1,0.516353381546526,0.4874489700889952,True,1,all_candidates,2,0.0028258200890535,-0.1193553535046262,0.1250069936827333,0.3030242858082472
961,0,1,0.5952214322323915,0.2839526673389449,True,1,all_candidates,2,-0.0180792333906246,-0.1369078132488053,0.100749346467556,-0.1738611085467418
967,0,0,0.7111062328377343,0.6026371727046967,True,1,all_candidates,2,-0.023620816416112,-0.2119447230358266,0.1647030902036024,0.1131542413041228
976,0,0,0.2229658090752913,0.085181008745948,True,1,all_candidates,2,-0.0374822832628704,-0.2339765348183843,0.1590119682926434,-0.1043543822418454
977,1,0,0.8795089744048036,0.5493546289655924,True,1,all_candidates,2,-0.0320936468074048,-0.1653585777489889,0.1011712841341792,0.2172265382051104
980,1,1,0.7845093011134376,0.5285083827381312,True,1,all_candidates,2,-0.0101321980849524,-0.2710615560657579,0.250797159895853,-0.1328309937568829
986,1,0,0.6842931095653495,0.4407593834478375,True,1,all_candidates,2,-0.0112961401812517,-0.0975560991350731,0.0749638187725695,-0.219306647304542
987,0,0,0.4937146818591577,0.4101161855589622,True,1,all_candidates,2,0.0148564535755434,-0.1714334234957777,0.2011463306468647,0.1653784649940301
989,0,0,0.502114524477848,0.4557268144672463,True,1,all_candidates,2,-0.0515290470186067,-0.1861582773379158,0.0831001833007022,-0.225530915704844
5,1,1,0.6377114402121038,0.3425497475537619,True,1,current_joint,1,0.0420275101726283,-0.0834884848158824,0.1675435051611392,0.2954412588131098
12,0,1,0.4086459470394197,0.3000268973878696,True,1,current_joint,1,-0.0030263993057401,-0.1389962833819024,0.1329434847704222,-0.1020346687031714
15,1,0,0.5202019068490832,0.1180738710655429,True,1,current_joint,1,-0.0650508590333742,-0.1862522156246761,0.0561504975579276,-0.0030802974221459
30,0,0,0.5746897562690604,0.2429590676371458,True,1,current_joint,1,-0.0660639687199981,-0.175813246153507,0.0436853087135108,-0.1582462925714874
39,1,0,0.6048933776872666,0.3441516064005722,True,1,current_joint,1,-0.0210711841333689,-0.1523993077368747,0.1102569394701369,-0.0787740414269622
40,0,0,0.3543801765148926,0.3505743206202041,True,1,current_joint,1,0.0009604534687015,-0.1322515887793877,0.1341724957167907,0.0604749885138391
43,1,0,0.7309350546172592,0.3861893383005025,True,1,current_joint,1,-0.0602023429858296,-0.2002886747425647,0.0798839887709053,-0.1970218052573134
45,0,0,0.2877857978025763,0.3689753372039217,True,1,current_joint,1,-0.04628111628124,-0.2248746025138963,0.1323123699514162,0.1313990388549498
48,1,1,0.4640558918721573,0.5888245392655549,True,1,current_joint,1,-0.1010617225981017,-0.2294197445813145,0.0272962993851109,-0.0235109324822139
63,1,0,0.493740643635318,0.2016435562654448,True,1,current_joint,1,-0.0952355900822149,-0.2304016616435634,0.0399304814791335,-0.0806185068185773
67,1,1,0.4135078007326209,0.532633707078535,True,1,current_joint,1,-0.0619645193611799,-0.2159721038496577,0.0920430651272978,-0.4040936263411786
69,0,0,0.4660033727386178,0.4863086898247561,True,1,current_joint,1,-0.0932072721010217,-0.2862283456317176,0.099813801429674,-0.2535047085663173
72,1,0,0.5908011295185976,0.3649110295452353,True,1,current_joint,1,-0.1016529667496149,-0.2507458845304662,0.0474399510312362,0.0339396341644859
75,1,0,0.8971971121686327,0.590906090484836,True,1,current_joint,1,0.058077957229442,-0.0309875392522744,0.1471434537111585,-0.2190504429096812
93,0,1,0.2343559307381617,0.3708737195266814,True,1,current_joint,1,-0.0705944145862944,-0.2387927587338892,0.0976039295613003,-0.2476334015864339
115,0,0,0.417662784829503,0.3560754401295836,True,1,current_joint,1,-0.0870233832086084,-0.3516130775996532,0.1775663111824363,-0.036066766855671
116,0,1,0.2300810466125331,0.2452458732935051,True,1,current_joint,1,-0.1358977471412905,-0.2201479927327992,-0.0516475015497817,-0.0143420614464694
121,1,0,0.829551555662928,0.5644650903605791,True,1,current_joint,1,-0.0976597870467555,-0.1748588099155381,-0.020460764177973,-0.578150415838105
122,1,0,0.6628130336914178,0.1675771919966962,True,1,current_joint,1,-0.1049255226390127,-0.2048296347985106,-0.0050214104795147,-0.1662835077113541
123,0,1,0.3974456212092374,0.392430831758484,True,1,current_joint,1,0.0243090855300463,-0.1502136092882722,0.1988317803483648,0.0324676550754574
126,0,0,0.2904388139791195,0.3909132072928165,True,1,current_joint,1,-0.1368656131093053,-0.288418122870175,0.0146868966515641,-0.3010231687743369
130,0,0,0.2686321613885298,0.2184946098827451,True,1,current_joint,1,0.0411717579103404,-0.0645332131880027,0.1468767290086836,0.0063097536564251
137,0,0,0.1910422905713986,0.136704195001431,True,1,current_joint,1,-0.0436791269716537,-0.126619489226337,0.0392612352830295,-0.0353946032330241
145,1,0,0.4660143956373304,0.4421213226322661,True,1,current_joint,1,0.0205769792440818,-0.0708655133224241,0.1120194718105878,-0.3376914379771497
151,0,1,0.5191771574449675,0.4662585530143542,True,1,current_joint,1,-0.0600283248028887,-0.2164165092482561,0.0963598596424785,-0.3148700805651545
162,0,0,0.5856731783723788,0.5989655969474362,True,1,current_joint,1,-0.0838949429262839,-0.3293726045807874,0.1615827187282194,-0.1770906937214045
167,0,1,0.6272436550256896,0.707639467658466,True,1,current_joint,1,-0.0726193983500394,-0.204891766523405,0.0596529698233261,0.0604197624029748
169,1,1,0.718421807752594,0.8744463758885973,True,1,current_joint,1,-0.1004198009592307,-0.2251327058720759,0.0242931039536144,-0.059438745764093
180,1,1,0.8672668628184429,0.5657293381904667,True,1,current_joint,1,-0.1203288709885983,-0.2674662738797844,0.0268085319025876,0.0721462057356445
186,1,0,0.5911390146431826,0.5179879989770028,True,1,current_joint,1,0.0218019568251866,-0.0970089550048219,0.1406128686551951,-0.3483873033729417
193,0,0,0.4002310604742047,0.1550758670471376,True,1,current_joint,1,-0.1445178016920199,-0.3626378768122015,0.0736022734281615,-0.0779057038072634
196,0,0,0.4779684453454312,0.4063942925546509,True,1,current_joint,1,-0.0137965258024367,-0.1695035537913562,0.1419105021864826,0.1850042231741754
198,0,0,0.1458736659034418,0.3168318250125152,True,1,current_joint,1,-0.1547745197207807,-0.318704046335368,0.0091550068938064,-0.0979604166806298
205,1,1,0.889667935890094,0.4157414662695457,True,1,current_joint,1,-0.0360440951552963,-0.113326689041292,0.0412384987306993,0.1003900034516338
208,1,1,0.3791739705430976,0.6227098092939151,True,1,current_joint,1,-0.063837544545621,-0.2299482418921177,0.1022731528008756,-0.3836418638216122
211,0,0,0.231401125726331,0.2290585740477945,True,1,current_joint,1,0.0319632067493573,-0.0625430299372041,0.1264694434359188,0.0393623563224266
229,0,0,0.3549105310023648,0.1864281933239119,True,1,current_joint,1,-0.0898841153600131,-0.2238215542129695,0.0440533234929432,-0.0181111175885878
237,0,1,0.3187585270756577,0.6861105920384603,True,1,current_joint,1,0.0723921178491208,-0.082402253686299,0.2271864893845406,0.0146772385370304
241,1,0,0.338802769940387,0.4470269612145222,True,1,current_joint,1,-0.0922619735765614,-0.1794888273368785,-0.0050351198162444,-0.2359562924134932
250,1,1,0.8428866494274864,0.703627059039757,True,1,current_joint,1,-0.0609662904671708,-0.2154678570244249,0.0935352760900831,-0.1438166112073363
254,0,1,0.2083929285420307,0.2409944609227921,True,1,current_joint,1,-0.0128800389849938,-0.1353691983508834,0.1096091203808956,0.1102961278795356
261,0,0,0.25783316789758,0.1812073244799295,True,1,current_joint,1,0.0657222873476747,-0.1003114993324489,0.2317560740277984,0.3128575438256605
264,1,1,0.5133701154893368,0.5783417591739412,True,1,current_joint,1,-0.0886672708981929,-0.2140729583913832,0.0367384165949973,0.101309854190715
265,0,0,0.4673440107611287,0.3563794093146026,True,1,current_joint,1,-0.1210138561051478,-0.250478383059344,0.0084506708490482,-0.1996664940257019
270,0,0,0.3487407377572455,0.2017139770195508,True,1,current_joint,1,-0.063083237169238,-0.1556389259367059,0.0294724515982299,-0.0598113374777657
271,1,0,0.8208015211662028,0.8654343342544495,True,1,current_joint,1,-0.0492844581673626,-0.2023481519446878,0.1037792356099625,-0.027407061388611
277,1,1,0.8458274757149049,0.5796784555469318,True,1,current_joint,1,-0.058349967806112,-0.205639392145337,0.0889394565331128,0.1970732338029357
282,0,0,0.4968539889905682,0.4895010838663226,True,1,current_joint,1,0.0264192207808817,-0.0593701317801946,0.1122085733419581,0.2904593735133494
284,0,1,0.2616966831448957,0.4804473555949514,True,1,current_joint,1,-0.0366181305331696,-0.1360583758564565,0.0628221147901171,0.185186885436133
288,1,0,0.7511605014707504,0.5824804714021297,True,1,current_joint,1,-0.0460383720110344,-0.1648234927376825,0.0727467487156135,0.0046401207468271
294,1,1,0.8164796270017057,0.4903126491335002,True,1,current_joint,1,-0.1127679007032876,-0.2842026161575821,0.0586668147510068,-0.349510263326905
318,0,0,0.6636540076542939,0.5705544669325786,True,1,current_joint,1,-0.0423591736033404,-0.1233858122418472,0.0386674650351663,-0.2019998573470325
319,1,1,0.8930296774091446,0.7555478412559756,True,1,current_joint,1,-0.0954399248913797,-0.2001462809234764,0.0092664311407168,0.0427837395033252
328,0,1,0.3943292424817727,0.1894830318720366,True,1,current_joint,1,0.0458822038566173,-0.0304993422953749,0.1222637500086097,0.1032724399685739
334,0,0,0.3200385380572376,0.2875355167491368,True,1,current_joint,1,-0.0478251407181342,-0.1382815343368985,0.04263125290063,-0.1484375342195409
339,0,1,0.6907306329755005,0.5644583916735121,True,1,current_joint,1,-0.0462965187540342,-0.1331466268781507,0.0405535893700823,-0.0409641825439516
343,1,1,0.7122793784860058,0.5155210187085154,True,1,current_joint,1,-0.0691697928210244,-0.2727036512647371,0.1343640656226882,-0.252500407706424
346,0,0,0.4668878241550569,0.3395176398810799,True,1,current_joint,1,0.0188080744613427,-0.0669797838204725,0.1045959327431581,0.0212575491772035
347,0,1,0.2026382687026036,0.2637419376444213,True,1,current_joint,1,-0.1524453205762237,-0.230368331740255,-0.0745223094121925,0.0718545920669893
349,0,1,0.7980010545149436,0.6771543356924604,True,1,current_joint,1,-0.0933043230033496,-0.2040399109531112,0.0174312649464118,0.0326887855021832
354,1,0,0.532805219686784,0.2924577715670299,True,1,current_joint,1,-0.0608407350553566,-0.1628383893870061,0.0411569192762927,-0.1429713506752603
357,1,1,0.6408274001124588,0.2999253159315922,True,1,current_joint,1,-0.1072179813964014,-0.2058005183737867,-0.0086354444190162,0.1013446835796018
360,1,0,0.3477877504865826,0.3387807653978252,True,1,current_joint,1,-0.0869739684037679,-0.269169647747876,0.0952217109403401,-0.2099547686179699
361,0,0,0.2966110817618265,0.2305933915777401,True,1,current_joint,1,-0.0237246312307269,-0.1376420645207622,0.0901928020593083,-0.0406445885166562
365,1,0,0.6049751553904226,0.2863717839207137,True,1,current_joint,1,-0.0540117144181055,-0.2180527346666262,0.1100293058304151,-0.3344524588585174
368,1,0,0.6849883638981021,0.3273397311753073,True,1,current_joint,1,-0.0197385260183593,-0.157868446532179,0.1183913944954602,-0.0542746685428054
370,1,0,0.1979034024075983,0.1080026000983676,True,1,current_joint,1,-0.0506810299514267,-0.2504872126867585,0.149125152783905,-0.112249188104001
380,0,1,0.7471666727680591,0.4674264398886901,True,1,current_joint,1,-0.0687489165961091,-0.1786178090265568,0.0411199758343385,-0.4595323870462047
384,1,1,0.6900728481780237,0.5112597274821526,True,1,current_joint,1,0.0104115745315889,-0.081171146206092,0.1019942952692699,0.0703099140074529
392,1,1,0.7956043945971023,0.7308406047876336,True,1,current_joint,1,-0.0595012173833776,-0.1632330876008442,0.0442306528340888,0.0859568948245617
398,0,1,0.3206138626697417,0.4568522392771472,True,1,current_joint,1,-0.012133388403512,-0.1225459534315841,0.0982791766245599,-0.3498504475078327
409,0,0,0.1833779169179833,0.4439000770292082,True,1,current_joint,1,-0.053819115784943,-0.2031889994799584,0.0955507679100723,0.1455426515223805
422,1,1,0.4374280553015159,0.348712461995259,True,1,current_joint,1,0.0113300618340624,-0.1502619387078458,0.1729220623759706,0.0487539624800851
424,1,0,0.6770097302582416,0.7052642761137701,True,1,current_joint,1,-0.1067898957371395,-0.2385686102066592,0.02498881873238,-0.411950972386599
431,1,1,0.4372491262168222,0.6279412483546116,True,1,current_joint,1,-0.0970381830491108,-0.2392883436160931,0.0452119775178714,-0.3266540670636856
433,0,0,0.1052517072609647,0.1042730496200623,True,1,current_joint,1,-0.1374609382902704,-0.2674442192448403,-0.0074776573357004,-0.0340215315582068
435,0,1,0.4409894527049854,0.6729711349557012,True,1,current_joint,1,-0.0535625438051457,-0.1429946389848563,0.0358695513745649,-0.1074231289419768
446,1,0,0.2790381570542702,0.1637599933059333,True,1,current_joint,1,-0.0225811020454487,-0.1660526238691838,0.1208904197782862,-0.0643252741052308
447,1,1,0.536835214889051,0.5503554221394807,True,1,current_joint,1,-0.0196212350078528,-0.1761329264365769,0.1368904564208712,0.0341449947609453
451,1,1,0.7690955084071955,0.6112206494377056,True,1,current_joint,1,-0.0705049126774255,-0.2193541395078616,0.0783443141530103,-0.1766356384611831
460,1,0,0.390947709654434,0.2799446997374306,True,1,current_joint,1,-0.0675981923186211,-0.2623662474183664,0.1271698627811242,-0.1508996908138559
462,0,0,0.4757820881301206,0.3798226570352518,True,1,current_joint,1,0.0247343647269805,-0.1716317446209861,0.2211004740749472,-0.0287736934267696
465,0,1,0.4312755600906261,0.6491876730428766,True,1,current_joint,1,-0.0473541165359655,-0.1240179425018818,0.0293097094299507,-0.0735231182259229
467,0,0,0.2562069965782711,0.2668403826074519,True,1,current_joint,1,-0.1251690173524475,-0.2767880359060488,0.0264500012011536,0.1810953069201813
468,1,0,0.4488229378693237,0.4590625162462623,True,1,current_joint,1,-0.0308430461200403,-0.1931592956240128,0.1314732033839321,-0.3639434178511885
474,0,0,0.4334979519869535,0.382804016004297,True,1,current_joint,1,-0.0434979979487012,-0.1762916346414515,0.089295638744049,0.2702421419125612
478,1,0,0.5739982744039367,0.2947270948162633,True,1,current_joint,1,-0.0631193487047515,-0.1529116021346818,0.0266729047251787,-0.1411313948828423
481,0,1,0.5087083360409932,0.4082550174102792,True,1,current_joint,1,-0.0760883314635344,-0.2165571661926991,0.0643805032656302,0.2425677441982232
486,1,1,0.7441202307802978,0.6148549412893181,True,1,current_joint,1,-0.072535909388752,-0.1742854767012689,0.0292136579237648,-0.6892153014395378
487,1,1,0.8467975192157075,0.5866738910251524,True,1,current_joint,1,-0.0273980659605235,-0.1487757338945191,0.093979601973472,-0.0281566916150681
498,0,0,0.3020648921646804,0.1979830251548477,True,1,current_joint,1,-0.1071308907582213,-0.2817108370380034,0.0674490555215607,-0.1062618189134249
503,0,0,0.3446948747805175,0.2658055219729751,True,1,current_joint,1,-0.0311627882703638,-0.1272923958788888,0.0649668193381611,-0.1672850542834813
507,1,1,0.8311033999506614,0.7945564212316646,True,1,current_joint,1,-0.041330071348809,-0.1369396183100543,0.0542794756124363,-0.0308549288115069
508,0,0,0.5229332692489086,0.2601699446166555,True,1,current_joint,1,-0.1525069556524982,-0.2454237290023258,-0.0595901823026707,-0.0562097208968652
514,1,1,0.8270038617254091,0.6943390637417084,True,1,current_joint,1,-0.056812450484117,-0.2142316578729856,0.1006067569047514,-0.0614781201380465
526,0,0,0.1578259392999683,0.130444744119986,True,1,current_joint,1,-0.0016667269633493,-0.1337608878265371,0.1304274338998385,0.0202992312699243
528,1,1,0.6647472925894883,0.7352516088728809,True,1,current_joint,1,0.0087770093943529,-0.0845870941782521,0.102141112966958,-0.3151680255715663
532,1,0,0.5659465902283147,0.4305883970188177,True,1,current_joint,1,-0.15093159375841,-0.2960212783970157,-0.0058419091198043,-0.5334643262344162
534,0,1,0.6356185713393279,0.4957060818429861,True,1,current_joint,1,0.0775642277730898,-0.0709039184458137,0.2260323739919934,0.1354339849207388
535,0,0,0.6385549390569282,0.3491581541021244,True,1,current_joint,1,-0.0419100542113761,-0.1404349981349228,0.0566148897121705,0.0370406161049267
538,1,0,0.7165422603028302,0.5565385298635452,True,1,current_joint,1,0.0005821521238077,-0.1723725851812408,0.1735368894288562,-0.0621285127855897
539,0,1,0.3919352408994978,0.3980788389051554,True,1,current_joint,1,-0.0569639011446004,-0.3101622822941942,0.1962344800049931,-0.1112600630826312
546,0,0,0.3024691154894626,0.1674140399970113,True,1,current_joint,1,-0.0678618106904753,-0.2314325786242982,0.0957089572433475,-0.0662060867935373
549,1,0,0.737809295603759,0.4018100071172399,True,1,current_joint,1,-0.0413732621046044,-0.1876756735356971,0.104929149326488,-0.2260567918036844
550,0,0,0.2296862036406513,0.125078688297396,True,1,current_joint,1,-0.1107556775947562,-0.2450753102538308,0.0235639550643182,-0.0838160275346101
552,1,0,0.5131292585651384,0.1904453106666334,True,1,current_joint,1,-0.0750420477106512,-0.1614175842487148,0.0113334888274124,0.08753892270289
559,1,0,0.6085123450001269,0.405681505096466,True,1,current_joint,1,-0.060530004137185,-0.1718415411874321,0.050781532913062,-0.3657608504843099
560,1,1,0.8655555287273489,0.6294406160354643,True,1,current_joint,1,-0.0625287210990534,-0.19667243988014,0.071614997682033,-0.0646999077179867
561,1,0,0.6004522932294956,0.2519387481121832,True,1,current_joint,1,-0.0141581101180763,-0.1133196722956997,0.085003452059547,-0.1484763527289404
563,0,0,0.3497769690033058,0.3001244011940171,True,1,current_joint,1,-0.1094282983552434,-0.2136144694464571,-0.0052421272640297,0.0872341997213746
568,1,1,0.8420165704415828,0.7241993149028411,True,1,current_joint,1,-0.1735185998956975,-0.2548474832884405,-0.0921897165029546,-0.1100676864813856
569,0,1,0.6204165780663479,0.649966418468412,True,1,current_joint,1,-0.1115403488866549,-0.2772440619503096,0.0541633641769997,-0.0350647288328105
578,0,0,0.528449166106585,0.541129455632692,True,1,current_joint,1,-0.0235235869139619,-0.1135861990927905,0.0665390252648666,-0.1661069213092291
584,1,0,0.4835230499831929,0.6086690571475216,True,1,current_joint,1,0.0579873010318265,-0.0854052652963226,0.2013798673599756,-0.1862053968139435
588,1,1,0.6950874683394853,0.6067692377764136,True,1,current_joint,1,-0.0205838419061707,-0.0969723715396578,0.0558046877273164,0.0515171259474075
594,0,1,0.3845124638174599,0.202048263708186,True,1,current_joint,1,-0.1037416896271704,-0.246101329764551,0.03861795051021,-0.1845762402931477
599,0,1,0.5139276407168637,0.3069862927665871,True,1,current_joint,1,-0.0023385646026293,-0.1848013758773087,0.1801242466720499,-0.0170208056131654
603,1,1,0.8760250372770755,0.7245136388321798,True,1,current_joint,1,-0.1270538167774458,-0.2296461547627675,-0.024461478792124,-0.4064471216929251
606,0,1,0.2192294077600339,0.3608687382193187,True,1,current_joint,1,0.0224536096108752,-0.078351895854638,0.1232591150763885,-0.0810499975355446
607,0,0,0.2306889141131686,0.4134998057835559,True,1,current_joint,1,-0.0569509526416847,-0.2716287143861193,0.1577268091027498,-0.2026216599600059
609,0,1,0.2303519206028594,0.1661800464978828,True,1,current_joint,1,0.024681064038627,-0.1991698636468542,0.2485319917241084,-0.1781520259679382
614,1,1,0.6467946600933504,0.454149402724382,True,1,current_joint,1,-0.1291846547298657,-0.2195861665814029,-0.0387831428783285,0.1380098948543894
617,1,0,0.6802572666640975,0.691208308706228,True,1,current_joint,1,-0.078691304208151,-0.2216805373937254,0.0642979289774233,-0.3297796341794859
621,1,1,0.627291255719527,0.643934722388693,True,1,current_joint,1,-0.1135378463965309,-0.24359712992476,0.0165214371316982,-0.103005344759102
626,1,0,0.474501537217078,0.164374600614252,True,1,current_joint,1,-0.0800686798250168,-0.2740551952295214,0.1139178355794876,-0.1473410584362936
638,1,0,0.2748012559824055,0.1239220657092472,True,1,current_joint,1,-0.0672644361798597,-0.185913504941181,0.0513846325814616,-0.0289677790752043
648,1,1,0.5446984576494674,0.4969151883647077,True,1,current_joint,1,-0.0860464901599847,-0.1751223897801917,0.0030294094602223,0.2265779739142019
651,1,0,0.7414638822974168,0.2073560428214372,True,1,current_joint,1,-0.1327727394137328,-0.2801327989034962,0.0145873200760305,0.1428509167227937
656,0,0,0.2820466246045192,0.4366149382471533,True,1,current_joint,1,-0.0223528049677108,-0.1588365685021752,0.1141309585667536,0.0080717971819229
662,0,0,0.6929571721037661,0.5688028871898342,True,1,current_joint,1,-0.0379386547923054,-0.20860554530202,0.132728235717409,0.1209044238137532
663,1,1,0.6304851473044282,0.5835748670106308,True,1,current_joint,1,-0.0431430057533377,-0.1337618003743568,0.0474757888676813,-0.0006267839972746
676,1,0,0.4599439184764482,0.2987878211415748,True,1,current_joint,1,-0.0323585955116649,-0.1863961564422806,0.1216789654189506,0.288078314021742
680,1,0,0.6829703748258147,0.1138559463673801,True,1,current_joint,1,0.0306516229092287,-0.1121180378476761,0.1734212836661336,-0.2167613270433704
684,0,0,0.5697406984360188,0.1998318507039766,True,1,current_joint,1,-0.061420870703073,-0.1440016816693244,0.0211599402631782,-0.0936522813101408
689,1,1,0.8868225930045658,0.8706173422583725,True,1,current_joint,1,-0.1014156700071885,-0.1938606826113666,-0.0089706574030104,0.0284377361233592
707,1,0,0.3095601577041158,0.1657451748796045,True,1,current_joint,1,-0.1023399218464537,-0.310643936332224,0.1059640926393164,-0.1826127486382754
708,0,0,0.3894418068151838,0.3110983385469534,True,1,current_joint,1,-0.0556394747830825,-0.225116618734693,0.1138376691685279,-0.3033594815556778
712,0,0,0.2267174372063047,0.3991605009537028,True,1,current_joint,1,0.090831342798096,-0.0299392066559588,0.2116018922521508,0.2026218293203847
713,0,1,0.4479973834356069,0.7899673126686212,True,1,current_joint,1,0.030971737836554,-0.2075498230702221,0.2694932987433302,0.1835114986066507
723,1,1,0.8791019779208326,0.6312407840166131,True,1,current_joint,1,0.1432944710757176,0.0002926828969833,0.2862962592544519,-0.0139812788191581
735,1,1,0.7869431386479372,0.5368141960979033,True,1,current_joint,1,-0.0252976157220311,-0.1861140402942656,0.1355188088502033,0.2892291597635016
739,0,1,0.1656792513126042,0.3625667250095327,True,1,current_joint,1,-0.0304073261071598,-0.2545362709830427,0.193721618768723,0.0465358406512868
743,1,0,0.6338297786120288,0.6070901283292623,True,1,current_joint,1,-0.0569332452981739,-0.2317842731507895,0.1179177825544416,-0.3588049137290085
744,0,0,0.2696157041235064,0.1526445884995828,True,1,current_joint,1,-0.1064074479570735,-0.262722035233859,0.0499071393197119,0.000438274286518
752,1,0,0.6647472925894883,0.7208329462562315,True,1,current_joint,1,0.0110076235369158,-0.1177556156536899,0.1397708627275216,-0.0486240298536814
760,1,1,0.7134555858731084,0.792566241366111,True,1,current_joint,1,-0.0965590582048588,-0.1985140477779451,0.0053959313682273,-0.1049719012824385
773,1,1,0.8386940353384825,0.852870223315683,True,1,current_joint,1,3.931606905993807e-05,-0.1483056793921386,0.1483843115302584,-0.0507876198371495
776,0,0,0.3345234242308092,0.2053377316606053,True,1,current_joint,1,0.0270254900153531,-0.1520702746637202,0.2061212546944265,0.1121593665543734
779,0,0,0.3257453007133764,0.2275431343606286,True,1,current_joint,1,-0.1316572011901543,-0.2808206964389874,0.0175062940586787,0.2102850669914252
781,1,1,0.6832939038423603,0.63754694937672,True,1,current_joint,1,-0.036182534612467,-0.271152801263234,0.1987877320382998,0.03127374458673
782,1,0,0.7648701537663227,0.4641424883295498,True,1,current_joint,1,0.0242946071370293,-0.1056977166561819,0.1542869309302406,-0.2788197122576257
783,0,0,0.1217298937920421,0.3168675055683017,True,1,current_joint,1,0.0002863108295872,-0.0932325484763261,0.0938051701355005,0.1176809396097496
798,1,1,0.5742961575804171,0.7338549270059888,True,1,current_joint,1,0.0169322567556564,-0.1612766510586681,0.1951411645699809,-0.0128295956561388
822,0,0,0.7417980053932205,0.6367950734915155,True,1,current_joint,1,0.0414482644800933,-0.103270558044803,0.1861670870049896,0.1568786712897365
827,0,1,0.264977865904604,0.5063020143310597,True,1,current_joint,1,-0.0943834323338219,-0.2805768254263408,0.0918099607586968,-0.4717084066230759
839,0,0,0.4808888128545494,0.1562570180525887,True,1,current_joint,1,-0.14154611327445,-0.2829469008202597,-0.0001453257286402,-0.082870305049013
845,1,1,0.7067711150558171,0.505484558588421,True,1,current_joint,1,0.0616241470578183,-0.0341368930988553,0.1573851872144919,-0.0549671221434375
848,0,0,0.1666158023279128,0.2015602546752192,True,1,current_joint,1,0.0495484927890335,-0.1605497361290185,0.2596467217070856,0.0857810802170664
859,1,1,0.6849906428774399,0.6769103292049636,True,1,current_joint,1,-0.0726821275095815,-0.2743206673335134,0.1289564123143503,0.1009164325149726
868,1,0,0.3082583807209731,0.1535068027524439,True,1,current_joint,1,-0.0813459571734522,-0.1930929888576261,0.0304010745107215,-0.0376875833533315
875,1,1,0.2533396338739371,0.2070879630898262,True,1,current_joint,1,0.0544108919447778,-0.1311007647927819,0.2399225486823375,0.2750351541256375
892,0,0,0.6313698695873204,0.2338246306856515,True,1,current_joint,1,-0.0535252251376427,-0.1724210869462608,0.0653706366709753,-0.4218944972490402
893,0,1,0.4558925787626889,0.39302832109664,True,1,current_joint,1,-0.1066537498180828,-0.2576613166500899,0.0443538170139241,-0.1389911912905728
898,1,1,0.49462645872228,0.3547315126470555,True,1,current_joint,1,-0.0919322722691947,-0.2423049349732369,0.0584403904348474,0.1148901973385334
908,1,1,0.59795154629418,0.5465323047791424,True,1,current_joint,1,0.0143030969431058,-0.1460993417773679,0.1747055356635797,0.2700079153490359
913,0,0,0.4590740424682504,0.153035619975251,True,1,current_joint,1,0.0664597669447031,-0.0144205404064459,0.1473400742958522,0.5763362625455206
915,1,1,0.8444617337210738,0.7902472579186703,True,1,current_joint,1,0.0644025425894588,-0.0692748047072707,0.1980798898861884,-0.1046070455361218
924,0,1,0.1106480738360361,0.3587549645748137,True,1,current_joint,1,-0.0341378199012609,-0.1823734149730405,0.1140977751705185,-0.0351858055805025
929,1,0,0.6634216252210545,0.5571596280328351,True,1,current_joint,1,-0.0699982686655249,-0.2194689164180897,0.0794723790870398,-0.2246108655442407
934,0,0,0.1758882099010204,0.1479102128392838,True,1,current_joint,1,-0.0788010609326703,-0.1826280408186551,0.0250259189533144,-0.1792356210016621
955,1,1,0.7279935351733413,0.7193079523925068,True,1,current_joint,1,-0.0915068743182245,-0.2028718274002177,0.0198580787637685,-0.4074361291328243
960,1,1,0.516353381546526,0.4874489700889952,True,1,current_joint,1,0.0264244271041803,-0.1421018067396363,0.1949506609479969,0.3030242858082472
961,0,1,0.5952214322323915,0.2839526673389449,True,1,current_joint,1,0.0268424545795222,-0.1334060404631776,0.1870909496222221,-0.1738611085467418
967,0,0,0.7111062328377343,0.6026371727046967,True,1,current_joint,1,-0.0067034438877373,-0.1489275449779181,0.1355206572024433,0.1131542413041228
976,0,0,0.2229658090752913,0.085181008745948,True,1,current_joint,1,-0.1229810671782968,-0.242840923803166,-0.0031212105534277,-0.1043543822418454
977,1,0,0.8795089744048036,0.5493546289655924,True,1,current_joint,1,0.0288457137218648,-0.073239707905762,0.1309311353494917,0.2172265382051104
980,1,1,0.7845093011134376,0.5285083827381312,True,1,current_joint,1,-0.0920649252300917,-0.2151041833291737,0.0309743328689901,-0.1328309937568829
986,1,0,0.6842931095653495,0.4407593834478375,True,1,current_joint,1,-0.0677472985212092,-0.1706311532173045,0.035136556174886,-0.219306647304542
987,0,0,0.4937146818591577,0.4101161855589622,True,1,current_joint,1,-0.0197277425357947,-0.1400655531072231,0.1006100680356335,0.1653784649940301
989,0,0,0.502114524477848,0.4557268144672463,True,1,current_joint,1,-0.0888406039688727,-0.1862169582591852,0.0085357503214397,-0.225530915704844
5,1,1,0.6377114402121038,0.3425497475537619,True,1,current_joint,0,0.0293871816725319,-0.0921029059699668,0.1508772693150308,0.2954412588131098
12,0,1,0.4086459470394197,0.3000268973878696,True,1,current_joint,0,0.0080652749818211,-0.1685319854115488,0.1846625353751911,-0.1020346687031714
15,1,0,0.5202019068490832,0.1180738710655429,True,1,current_joint,0,-0.0363706273614534,-0.2585730763797307,0.1858318216568238,-0.0030802974221459
30,0,0,0.5746897562690604,0.2429590676371458,True,1,current_joint,0,-0.0631008362091281,-0.180089132509017,0.0538874600907607,-0.1582462925714874
39,1,0,0.6048933776872666,0.3441516064005722,True,1,current_joint,0,-0.0551701997150243,-0.1942238568566536,0.0838834574266049,-0.0787740414269622
40,0,0,0.3543801765148926,0.3505743206202041,True,1,current_joint,0,-0.0208455118382955,-0.1797091481688889,0.1380181244922979,0.0604749885138391
43,1,0,0.7309350546172592,0.3861893383005025,True,1,current_joint,0,-0.0646772550508441,-0.2222976931085831,0.0929431830068949,-0.1970218052573134
45,0,0,0.2877857978025763,0.3689753372039217,True,1,current_joint,0,-0.086481768976575,-0.2148401999369644,0.0418766619838142,0.1313990388549498
48,1,1,0.4640558918721573,0.5888245392655549,True,1,current_joint,0,-0.106341845763244,-0.201934753790657,-0.0107489377358311,-0.0235109324822139
63,1,0,0.493740643635318,0.2016435562654448,True,1,current_joint,0,-0.0980204585831851,-0.2181918980758461,0.0221509809094758,-0.0806185068185773
67,1,1,0.4135078007326209,0.532633707078535,True,1,current_joint,0,-0.1211037280728401,-0.2277850640873601,-0.0144223920583201,-0.4040936263411786
69,0,0,0.4660033727386178,0.4863086898247561,True,1,current_joint,0,-0.1014164827709429,-0.2479376599191497,0.0451046943772638,-0.2535047085663173
72,1,0,0.5908011295185976,0.3649110295452353,True,1,current_joint,0,-0.0898166383742317,-0.2374138213254527,0.0577805445769891,0.0339396341644859
75,1,0,0.8971971121686327,0.590906090484836,True,1,current_joint,0,0.0738344398220883,-0.0909066596997849,0.2385755393439615,-0.2190504429096812
93,0,1,0.2343559307381617,0.3708737195266814,True,1,current_joint,0,-0.0799786860608572,-0.1766112650397167,0.0166538929180022,-0.2476334015864339
115,0,0,0.417662784829503,0.3560754401295836,True,1,current_joint,0,-0.0853738559095726,-0.1585723070959775,-0.0121754047231677,-0.036066766855671
116,0,1,0.2300810466125331,0.2452458732935051,True,1,current_joint,0,-0.1285389303910808,-0.2143951125399891,-0.0426827482421725,-0.0143420614464694
121,1,0,0.829551555662928,0.5644650903605791,True,1,current_joint,0,-0.084852774690068,-0.2374668499639292,0.0677613005837931,-0.578150415838105
122,1,0,0.6628130336914178,0.1675771919966962,True,1,current_joint,0,-0.0999594681489158,-0.2497842068466172,0.0498652705487855,-0.1662835077113541
123,0,1,0.3974456212092374,0.392430831758484,True,1,current_joint,0,0.021211970506235,-0.105907284001273,0.1483312250137432,0.0324676550754574
126,0,0,0.2904388139791195,0.3909132072928165,True,1,current_joint,0,-0.122834009487916,-0.2102355832701897,-0.0354324357056423,-0.3010231687743369
130,0,0,0.2686321613885298,0.2184946098827451,True,1,current_joint,0,0.0337259150757249,-0.1531257762360839,0.2205776063875337,0.0063097536564251
137,0,0,0.1910422905713986,0.136704195001431,True,1,current_joint,0,-0.0216564966024422,-0.1362587495373529,0.0929457563324683,-0.0353946032330241
145,1,0,0.4660143956373304,0.4421213226322661,True,1,current_joint,0,-0.0071557352287156,-0.2535252496719236,0.2392137792144923,-0.3376914379771497
151,0,1,0.5191771574449675,0.4662585530143542,True,1,current_joint,0,-0.031697311978197,-0.1297290135933766,0.0663343896369825,-0.3148700805651545
162,0,0,0.5856731783723788,0.5989655969474362,True,1,current_joint,0,-0.0898824144630079,-0.2287511868646546,0.0489863579386385,-0.1770906937214045
167,0,1,0.6272436550256896,0.707639467658466,True,1,current_joint,0,-0.0537559725346459,-0.2288474267339646,0.1213354816646726,0.0604197624029748
169,1,1,0.718421807752594,0.8744463758885973,True,1,current_joint,0,-0.1170420307612325,-0.255968578967424,0.0218845174449587,-0.059438745764093
180,1,1,0.8672668628184429,0.5657293381904667,True,1,current_joint,0,-0.1304028868495416,-0.2320907589512896,-0.0287150147477935,0.0721462057356445
186,1,0,0.5911390146431826,0.5179879989770028,True,1,current_joint,0,-0.0053883748044148,-0.1683867588745916,0.157610009265762,-0.3483873033729417
193,0,0,0.4002310604742047,0.1550758670471376,True,1,current_joint,0,-0.1370030977981304,-0.2378113914552359,-0.0361948041410249,-0.0779057038072634
196,0,0,0.4779684453454312,0.4063942925546509,True,1,current_joint,0,0.0146313656565584,-0.2136949808102243,0.2429577121233412,0.1850042231741754
198,0,0,0.1458736659034418,0.3168318250125152,True,1,current_joint,0,-0.1684645742902188,-0.2809692161346626,-0.055959932445775,-0.0979604166806298
205,1,1,0.889667935890094,0.4157414662695457,True,1,current_joint,0,-0.0331062661193779,-0.1292845640129949,0.063072031774239,0.1003900034516338
208,1,1,0.3791739705430976,0.6227098092939151,True,1,current_joint,0,-0.0573127681295359,-0.1591143002166039,0.044488763957532,-0.3836418638216122
211,0,0,0.231401125726331,0.2290585740477945,True,1,current_joint,0,0.0463476017216752,-0.08936473639171,0.1820599398350604,0.0393623563224266
229,0,0,0.3549105310023648,0.1864281933239119,True,1,current_joint,0,-0.0763651246075398,-0.1823111547822254,0.0295809055671456,-0.0181111175885878
237,0,1,0.3187585270756577,0.6861105920384603,True,1,current_joint,0,0.042150053154056,-0.1167381610092831,0.2010382673173951,0.0146772385370304
241,1,0,0.338802769940387,0.4470269612145222,True,1,current_joint,0,-0.0819608727126836,-0.2108943481310378,0.0469726027056705,-0.2359562924134932
250,1,1,0.8428866494274864,0.703627059039757,True,1,current_joint,0,-0.0506317963974683,-0.194587193756761,0.0933236009618243,-0.1438166112073363
254,0,1,0.2083929285420307,0.2409944609227921,True,1,current_joint,0,-0.0059682389283686,-0.1248588332439504,0.1129223553872131,0.1102961278795356
261,0,0,0.25783316789758,0.1812073244799295,True,1,current_joint,0,0.079822714588162,-0.1221182873545145,0.2817637165308386,0.3128575438256605
264,1,1,0.5133701154893368,0.5783417591739412,True,1,current_joint,0,-0.06312504472087,-0.1405719275468588,0.0143218381051187,0.101309854190715
265,0,0,0.4673440107611287,0.3563794093146026,True,1,current_joint,0,-0.123928452871911,-0.2782070225222174,0.0303501167783952,-0.1996664940257019
270,0,0,0.3487407377572455,0.2017139770195508,True,1,current_joint,0,-0.0590567788544443,-0.2110091989968218,0.0928956412879331,-0.0598113374777657
271,1,0,0.8208015211662028,0.8654343342544495,True,1,current_joint,0,-0.0813013090895113,-0.2106633508665589,0.0480607326875361,-0.027407061388611
277,1,1,0.8458274757149049,0.5796784555469318,True,1,current_joint,0,-0.0321768257714546,-0.123717271758747,0.0593636202158377,0.1970732338029357
282,0,0,0.4968539889905682,0.4895010838663226,True,1,current_joint,0,0.0109598764348611,-0.1045546689567064,0.1264744218264286,0.2904593735133494
284,0,1,0.2616966831448957,0.4804473555949514,True,1,current_joint,0,-0.0091342854179706,-0.156159565757826,0.1378909949218847,0.185186885436133
288,1,0,0.7511605014707504,0.5824804714021297,True,1,current_joint,0,-0.030180650672074,-0.1398158541403632,0.0794545527962151,0.0046401207468271
294,1,1,0.8164796270017057,0.4903126491335002,True,1,current_joint,0,-0.0831008032205305,-0.1876426150082399,0.0214410085671787,-0.349510263326905
318,0,0,0.6636540076542939,0.5705544669325786,True,1,current_joint,0,-0.0554078511062085,-0.1991718669665018,0.0883561647540846,-0.2019998573470325
319,1,1,0.8930296774091446,0.7555478412559756,True,1,current_joint,0,-0.078459338801679,-0.2355590464031516,0.0786403687997936,0.0427837395033252
328,0,1,0.3943292424817727,0.1894830318720366,True,1,current_joint,0,0.0123600544518965,-0.1319224264691995,0.1566425353729926,0.1032724399685739
334,0,0,0.3200385380572376,0.2875355167491368,True,1,current_joint,0,-0.0744033404339846,-0.1630474529077724,0.014240772039803,-0.1484375342195409
339,0,1,0.6907306329755005,0.5644583916735121,True,1,current_joint,0,-0.0750621217605316,-0.2558410458152065,0.1057168022941431,-0.0409641825439516
343,1,1,0.7122793784860058,0.5155210187085154,True,1,current_joint,0,-0.0835822790917918,-0.1794554644266043,0.0122909062430206,-0.252500407706424
346,0,0,0.4668878241550569,0.3395176398810799,True,1,current_joint,0,-0.0143415171682623,-0.2017669802808497,0.1730839459443251,0.0212575491772035
347,0,1,0.2026382687026036,0.2637419376444213,True,1,current_joint,0,-0.1371753267937549,-0.3336356639653294,0.0592850103778195,0.0718545920669893
349,0,1,0.7980010545149436,0.6771543356924604,True,1,current_joint,0,-0.0888233754360636,-0.1863408105468738,0.0086940596747465,0.0326887855021832
354,1,0,0.532805219686784,0.2924577715670299,True,1,current_joint,0,-0.0844410020280777,-0.1619905363302455,-0.0068914677259099,-0.1429713506752603
357,1,1,0.6408274001124588,0.2999253159315922,True,1,current_joint,0,-0.1176240573512134,-0.1987101651586795,-0.0365379495437473,0.1013446835796018
360,1,0,0.3477877504865826,0.3387807653978252,True,1,current_joint,0,-0.0972751250649817,-0.240264997158592,0.0457147470286284,-0.2099547686179699
361,0,0,0.2966110817618265,0.2305933915777401,True,1,current_joint,0,-0.0348627221746604,-0.1585995779256916,0.0888741335763706,-0.0406445885166562
365,1,0,0.6049751553904226,0.2863717839207137,True,1,current_joint,0,-0.1209514114738696,-0.2637293240575777,0.0218265011098382,-0.3344524588585174
368,1,0,0.6849883638981021,0.3273397311753073,True,1,current_joint,0,-0.021196416052598,-0.151095140661301,0.108702308556105,-0.0542746685428054
370,1,0,0.1979034024075983,0.1080026000983676,True,1,current_joint,0,-0.0737547095064036,-0.2449251221198867,0.0974157031070794,-0.112249188104001
380,0,1,0.7471666727680591,0.4674264398886901,True,1,current_joint,0,-0.0621213559602157,-0.1591877347248586,0.0349450228044271,-0.4595323870462047
384,1,1,0.6900728481780237,0.5112597274821526,True,1,current_joint,0,-0.0003774107496647,-0.090946592689858,0.0901917711905285,0.0703099140074529
392,1,1,0.7956043945971023,0.7308406047876336,True,1,current_joint,0,-0.0614691034610727,-0.1780767001694138,0.0551384932472681,0.0859568948245617
398,0,1,0.3206138626697417,0.4568522392771472,True,1,current_joint,0,-0.0268780081683617,-0.2565409301881282,0.2027849138514046,-0.3498504475078327
409,0,0,0.1833779169179833,0.4439000770292082,True,1,current_joint,0,-0.0495916975162727,-0.2251672331056038,0.1259838380730583,0.1455426515223805
422,1,1,0.4374280553015159,0.348712461995259,True,1,current_joint,0,0.0507206744130367,-0.1685064172435531,0.2699477660696266,0.0487539624800851
424,1,0,0.6770097302582416,0.7052642761137701,True,1,current_joint,0,-0.1362845472143795,-0.2501026623495887,-0.0224664320791704,-0.411950972386599
431,1,1,0.4372491262168222,0.6279412483546116,True,1,current_joint,0,-0.116577592315009,-0.2019724654395794,-0.0311827191904386,-0.3266540670636856
433,0,0,0.1052517072609647,0.1042730496200623,True,1,current_joint,0,-0.13604525826051,-0.2407270270606611,-0.031363489460359,-0.0340215315582068
435,0,1,0.4409894527049854,0.6729711349557012,True,1,current_joint,0,-0.0472274225160709,-0.213740724338695,0.119285879306553,-0.1074231289419768
446,1,0,0.2790381570542702,0.1637599933059333,True,1,current_joint,0,-0.0502639223674865,-0.1759094222639566,0.0753815775289834,-0.0643252741052308
447,1,1,0.536835214889051,0.5503554221394807,True,1,current_joint,0,-0.015845745215539,-0.1982225548525176,0.1665310644214394,0.0341449947609453
451,1,1,0.7690955084071955,0.6112206494377056,True,1,current_joint,0,-0.1123805324663651,-0.210164499720408,-0.0145965652123221,-0.1766356384611831
460,1,0,0.390947709654434,0.2799446997374306,True,1,current_joint,0,-0.0452820288915676,-0.1197112063427757,0.0291471485596404,-0.1508996908138559
462,0,0,0.4757820881301206,0.3798226570352518,True,1,current_joint,0,0.008853008945649,-0.1559831782422049,0.1736891961335029,-0.0287736934267696
465,0,1,0.4312755600906261,0.6491876730428766,True,1,current_joint,0,-0.0232526461335968,-0.1388078373503083,0.0923025450831147,-0.0735231182259229
467,0,0,0.2562069965782711,0.2668403826074519,True,1,current_joint,0,-0.125755191043628,-0.2334698834695338,-0.0180404986177223,0.1810953069201813
468,1,0,0.4488229378693237,0.4590625162462623,True,1,current_joint,0,-0.0323908751391002,-0.2724449691014411,0.2076632188232405,-0.3639434178511885
474,0,0,0.4334979519869535,0.382804016004297,True,1,current_joint,0,-0.0071272771768865,-0.1204757652785154,0.1062212109247422,0.2702421419125612
478,1,0,0.5739982744039367,0.2947270948162633,True,1,current_joint,0,-0.0544370806686344,-0.2131286809011774,0.1042545195639085,-0.1411313948828423
481,0,1,0.5087083360409932,0.4082550174102792,True,1,current_joint,0,-0.0600500415865409,-0.2287340036247821,0.1086339204517,0.2425677441982232
486,1,1,0.7441202307802978,0.6148549412893181,True,1,current_joint,0,-0.0736999181918156,-0.2061429200550949,0.0587430836714636,-0.6892153014395378
487,1,1,0.8467975192157075,0.5866738910251524,True,1,current_joint,0,0.0040658948222925,-0.1598324980152429,0.1679642876598279,-0.0281566916150681
498,0,0,0.3020648921646804,0.1979830251548477,True,1,current_joint,0,-0.140433019271097,-0.2348412984624814,-0.0460247400797126,-0.1062618189134249
503,0,0,0.3446948747805175,0.2658055219729751,True,1,current_joint,0,-0.0489268389543505,-0.2377851062975289,0.1399314283888278,-0.1672850542834813
507,1,1,0.8311033999506614,0.7945564212316646,True,1,current_joint,0,-0.0086623466097736,-0.1435105019563551,0.1261858087368078,-0.0308549288115069
508,0,0,0.5229332692489086,0.2601699446166555,True,1,current_joint,0,-0.1520919282945388,-0.2699407781431639,-0.0342430784459137,-0.0562097208968652
514,1,1,0.8270038617254091,0.6943390637417084,True,1,current_joint,0,-0.0778094443409133,-0.1969388363871796,0.0413199477053528,-0.0614781201380465
526,0,0,0.1578259392999683,0.130444744119986,True,1,current_joint,0,-0.0078263080979687,-0.2610983659544051,0.2454457497584674,0.0202992312699243
528,1,1,0.6647472925894883,0.7352516088728809,True,1,current_joint,0,0.0324120038122179,-0.0608872406265524,0.1257112482509882,-0.3151680255715663
532,1,0,0.5659465902283147,0.4305883970188177,True,1,current_joint,0,-0.1387724962193179,-0.2300051142722382,-0.0475398781663977,-0.5334643262344162
534,0,1,0.6356185713393279,0.4957060818429861,True,1,current_joint,0,0.085545807101558,-0.1631640894956236,0.3342557036987396,0.1354339849207388
535,0,0,0.6385549390569282,0.3491581541021244,True,1,current_joint,0,-0.0110057636116559,-0.1695155431153369,0.1475040158920249,0.0370406161049267
538,1,0,0.7165422603028302,0.5565385298635452,True,1,current_joint,0,0.0236028130601871,-0.0907808432436544,0.1379864693640287,-0.0621285127855897
539,0,1,0.3919352408994978,0.3980788389051554,True,1,current_joint,0,-0.0697748695906484,-0.1685107426050996,0.0289610034238027,-0.1112600630826312
546,0,0,0.3024691154894626,0.1674140399970113,True,1,current_joint,0,-0.0988567218246197,-0.2101146214438011,0.0124011777945616,-0.0662060867935373
549,1,0,0.737809295603759,0.4018100071172399,True,1,current_joint,0,-0.0440087348698145,-0.1683273673143619,0.0803098975747328,-0.2260567918036844
550,0,0,0.2296862036406513,0.125078688297396,True,1,current_joint,0,-0.1267665807438927,-0.2235070726380927,-0.0300260888496926,-0.0838160275346101
552,1,0,0.5131292585651384,0.1904453106666334,True,1,current_joint,0,-0.078877215919539,-0.1652713605183832,0.007516928679305,0.08753892270289
559,1,0,0.6085123450001269,0.405681505096466,True,1,current_joint,0,-0.0469183263527601,-0.1431924023359833,0.049355749630463,-0.3657608504843099
560,1,1,0.8655555287273489,0.6294406160354643,True,1,current_joint,0,-0.1065162228007783,-0.2084889914056439,-0.0045434541959127,-0.0646999077179867
561,1,0,0.6004522932294956,0.2519387481121832,True,1,current_joint,0,-0.0029212119596265,-0.1800119079640521,0.174169484044799,-0.1484763527289404
563,0,0,0.3497769690033058,0.3001244011940171,True,1,current_joint,0,-0.1004326196942425,-0.3126838595737424,0.1118186201852572,0.0872341997213746
568,1,1,0.8420165704415828,0.7241993149028411,True,1,current_joint,0,-0.1946630388419929,-0.3326911842119981,-0.0566348934719878,-0.1100676864813856
569,0,1,0.6204165780663479,0.649966418468412,True,1,current_joint,0,-0.0924202199424798,-0.2310908274140519,0.0462503875290921,-0.0350647288328105
578,0,0,0.528449166106585,0.541129455632692,True,1,current_joint,0,-0.0533808251754285,-0.1996338041704685,0.0928721538196113,-0.1661069213092291
584,1,0,0.4835230499831929,0.6086690571475216,True,1,current_joint,0,0.0349541685569708,-0.0978837001563207,0.1677920372702624,-0.1862053968139435
588,1,1,0.6950874683394853,0.6067692377764136,True,1,current_joint,0,-0.0100033256471401,-0.1326638451145486,0.1126571938202682,0.0515171259474075
594,0,1,0.3845124638174599,0.202048263708186,True,1,current_joint,0,-0.0844016844944971,-0.1759033576312317,0.0070999886422374,-0.1845762402931477
599,0,1,0.5139276407168637,0.3069862927665871,True,1,current_joint,0,-0.0222561566978923,-0.1486635496247088,0.1041512362289241,-0.0170208056131654
603,1,1,0.8760250372770755,0.7245136388321798,True,1,current_joint,0,-0.1114414153742581,-0.2544873266428816,0.0316044958943652,-0.4064471216929251
606,0,1,0.2192294077600339,0.3608687382193187,True,1,current_joint,0,-0.0205862929653193,-0.1411840375539943,0.1000114516233556,-0.0810499975355446
607,0,0,0.2306889141131686,0.4134998057835559,True,1,current_joint,0,-0.0497626655205909,-0.139049941517673,0.0395246104764912,-0.2026216599600059
609,0,1,0.2303519206028594,0.1661800464978828,True,1,current_joint,0,-0.0241465672288334,-0.1144670864586,0.0661739520009331,-0.1781520259679382
614,1,1,0.6467946600933504,0.454149402724382,True,1,current_joint,0,-0.1477788300052659,-0.2908854171415789,-0.0046722428689529,0.1380098948543894
617,1,0,0.6802572666640975,0.691208308706228,True,1,current_joint,0,-0.1029425490038306,-0.2195399978963865,0.0136548998887251,-0.3297796341794859
621,1,1,0.627291255719527,0.643934722388693,True,1,current_joint,0,-0.1100441655769747,-0.2068295899184689,-0.0132587412354805,-0.103005344759102
626,1,0,0.474501537217078,0.164374600614252,True,1,current_joint,0,-0.07657412972584,-0.2287420854006216,0.0755938259489416,-0.1473410584362936
638,1,0,0.2748012559824055,0.1239220657092472,True,1,current_joint,0,-0.0713244739474856,-0.2432663225671131,0.1006173746721418,-0.0289677790752043
648,1,1,0.5446984576494674,0.4969151883647077,True,1,current_joint,0,-0.0772865323732805,-0.2280964340201077,0.0735233692735466,0.2265779739142019
651,1,0,0.7414638822974168,0.2073560428214372,True,1,current_joint,0,-0.0931096847519023,-0.2140245767708264,0.0278052072670217,0.1428509167227937
656,0,0,0.2820466246045192,0.4366149382471533,True,1,current_joint,0,-0.0533071373214224,-0.2170446479443048,0.1104303733014598,0.0080717971819229
662,0,0,0.6929571721037661,0.5688028871898342,True,1,current_joint,0,0.0205320126496286,-0.1021932213903753,0.1432572466896325,0.1209044238137532
663,1,1,0.6304851473044282,0.5835748670106308,True,1,current_joint,0,-0.0418671887411207,-0.2091706676163741,0.1254362901341325,-0.0006267839972746
676,1,0,0.4599439184764482,0.2987878211415748,True,1,current_joint,0,-0.058291005169297,-0.2009587634357954,0.0843767530972013,0.288078314021742
680,1,0,0.6829703748258147,0.1138559463673801,True,1,current_joint,0,-0.0015394179711269,-0.1669683457960555,0.1638895098538017,-0.2167613270433704
684,0,0,0.5697406984360188,0.1998318507039766,True,1,current_joint,0,-0.0624567046362537,-0.1800900242164811,0.0551766149439737,-0.0936522813101408
689,1,1,0.8868225930045658,0.8706173422583725,True,1,current_joint,0,-0.0782028348212124,-0.2436876952860144,0.0872820256435895,0.0284377361233592
707,1,0,0.3095601577041158,0.1657451748796045,True,1,current_joint,0,-0.1340756513645238,-0.2643742776515472,-0.0037770250775005,-0.1826127486382754
708,0,0,0.3894418068151838,0.3110983385469534,True,1,current_joint,0,-0.0695293528196469,-0.182514886773118,0.0434561811338241,-0.3033594815556778
712,0,0,0.2267174372063047,0.3991605009537028,True,1,current_joint,0,0.08490445531363,-0.0585013928980471,0.2283103035253071,0.2026218293203847
713,0,1,0.4479973834356069,0.7899673126686212,True,1,current_joint,0,-0.00853458327347,-0.2048148099146927,0.1877456433677525,0.1835114986066507
723,1,1,0.8791019779208326,0.6312407840166131,True,1,current_joint,0,0.1390112854442135,-0.1605622010437861,0.4385847719322131,-0.0139812788191581
735,1,1,0.7869431386479372,0.5368141960979033,True,1,current_joint,0,0.0422054262913961,-0.1656852359116538,0.250096088494446,0.2892291597635016
739,0,1,0.1656792513126042,0.3625667250095327,True,1,current_joint,0,-0.0423227167292187,-0.2132443909135581,0.1285989574551207,0.0465358406512868
743,1,0,0.6338297786120288,0.6070901283292623,True,1,current_joint,0,-0.03997916228908,-0.1646362159695338,0.0846778913913736,-0.3588049137290085
744,0,0,0.2696157041235064,0.1526445884995828,True,1,current_joint,0,-0.0844471714553855,-0.1927945593983404,0.0239002164875691,0.000438274286518
752,1,0,0.6647472925894883,0.7208329462562315,True,1,current_joint,0,0.051455904148876,-0.0600216338205617,0.1629334421183138,-0.0486240298536814
760,1,1,0.7134555858731084,0.792566241366111,True,1,current_joint,0,-0.0948988611721086,-0.2364614228580867,0.0466637005138693,-0.1049719012824385
773,1,1,0.8386940353384825,0.852870223315683,True,1,current_joint,0,0.0032170428604753,-0.1403928873924281,0.1468269731133788,-0.0507876198371495
776,0,0,0.3345234242308092,0.2053377316606053,True,1,current_joint,0,0.0416899659667602,-0.139923420076846,0.2233033520103665,0.1121593665543734
779,0,0,0.3257453007133764,0.2275431343606286,True,1,current_joint,0,-0.1113346609329104,-0.2824599523279455,0.0597906304621245,0.2102850669914252
781,1,1,0.6832939038423603,0.63754694937672,True,1,current_joint,0,-0.0296942767177694,-0.1079418736717117,0.0485533202361728,0.03127374458673
782,1,0,0.7648701537663227,0.4641424883295498,True,1,current_joint,0,0.0460416512216914,-0.0582361778598894,0.1503194803032723,-0.2788197122576257
783,0,0,0.1217298937920421,0.3168675055683017,True,1,current_joint,0,0.0086049393019227,-0.1631504592968058,0.1803603379006513,0.1176809396097496
798,1,1,0.5742961575804171,0.7338549270059888,True,1,current_joint,0,0.0001220552291751,-0.0854848041790764,0.0857289146374267,-0.0128295956561388
822,0,0,0.7417980053932205,0.6367950734915155,True,1,current_joint,0,0.0765036961960529,-0.0849393640978376,0.2379467564899434,0.1568786712897365
827,0,1,0.264977865904604,0.5063020143310597,True,1,current_joint,0,-0.1188889443466522,-0.2318783591445529,-0.0058995295487516,-0.4717084066230759
839,0,0,0.4808888128545494,0.1562570180525887,True,1,current_joint,0,-0.1180583714611838,-0.2094833545382104,-0.0266333883841572,-0.082870305049013
845,1,1,0.7067711150558171,0.505484558588421,True,1,current_joint,0,0.069203128126337,-0.0549458379651716,0.1933520942178456,-0.0549671221434375
848,0,0,0.1666158023279128,0.2015602546752192,True,1,current_joint,0,-0.0042733237597499,-0.1922414069120421,0.1836947593925421,0.0857810802170664
859,1,1,0.6849906428774399,0.6769103292049636,True,1,current_joint,0,-0.0997901992021471,-0.2181807738881888,0.0186003754838946,0.1009164325149726
868,1,0,0.3082583807209731,0.1535068027524439,True,1,current_joint,0,-0.0828023519625448,-0.251776973065364,0.0861722691402743,-0.0376875833533315
875,1,1,0.2533396338739371,0.2070879630898262,True,1,current_joint,0,0.0800428036399482,-0.0605379011270613,0.2206235084069577,0.2750351541256375
892,0,0,0.6313698695873204,0.2338246306856515,True,1,current_joint,0,-0.0285264593761434,-0.2156824161924958,0.1586294974402088,-0.4218944972490402
893,0,1,0.4558925787626889,0.39302832109664,True,1,current_joint,0,-0.0829772282418925,-0.1871386540010105,0.0211841975172254,-0.1389911912905728
898,1,1,0.49462645872228,0.3547315126470555,True,1,current_joint,0,-0.0651836766087822,-0.2118885591578724,0.0815212059403079,0.1148901973385334
908,1,1,0.59795154629418,0.5465323047791424,True,1,current_joint,0,0.0092733864266563,-0.188747824966005,0.2072945978193177,0.2700079153490359
913,0,0,0.4590740424682504,0.153035619975251,True,1,current_joint,0,0.0347570421863131,-0.0753716847141384,0.1448857690867646,0.5763362625455206
915,1,1,0.8444617337210738,0.7902472579186703,True,1,current_joint,0,0.0760631190025545,-0.1277187116849721,0.2798449496900811,-0.1046070455361218
924,0,1,0.1106480738360361,0.3587549645748137,True,1,current_joint,0,-0.0698401229828421,-0.1922508269677153,0.0525705810020309,-0.0351858055805025
929,1,0,0.6634216252210545,0.5571596280328351,True,1,current_joint,0,-0.0288305563546297,-0.1941044759047007,0.1364433631954412,-0.2246108655442407
934,0,0,0.1758882099010204,0.1479102128392838,True,1,current_joint,0,-0.1094949131937623,-0.2370853781880473,0.0180955518005226,-0.1792356210016621
955,1,1,0.7279935351733413,0.7193079523925068,True,1,current_joint,0,-0.0570465585003849,-0.2284037001654312,0.1143105831646613,-0.4074361291328243
960,1,1,0.516353381546526,0.4874489700889952,True,1,current_joint,0,0.0177345612933931,-0.1339231219370718,0.1693922445238582,0.3030242858082472
961,0,1,0.5952214322323915,0.2839526673389449,True,1,current_joint,0,0.0127633971361628,-0.2616560718308915,0.2871828661032171,-0.1738611085467418
967,0,0,0.7111062328377343,0.6026371727046967,True,1,current_joint,0,-0.0175876489349883,-0.2187926530709513,0.1836173552009745,0.1131542413041228
976,0,0,0.2229658090752913,0.085181008745948,True,1,current_joint,0,-0.1213886950847145,-0.2646204801973769,0.0218430900279476,-0.1043543822418454
977,1,0,0.8795089744048036,0.5493546289655924,True,1,current_joint,0,0.0292207951813614,-0.0661510954466008,0.1245926858093237,0.2172265382051104
980,1,1,0.7845093011134376,0.5285083827381312,True,1,current_joint,0,-0.0948919418872993,-0.2529586297284806,0.0631747459538819,-0.1328309937568829
986,1,0,0.6842931095653495,0.4407593834478375,True,1,current_joint,0,-0.0558136779094535,-0.1398782994183751,0.0282509435994681,-0.219306647304542
987,0,0,0.4937146818591577,0.4101161855589622,True,1,current_joint,0,-0.0256724119610574,-0.1228748499983808,0.0715300260762658,0.1653784649940301
989,0,0,0.502114524477848,0.4557268144672463,True,1,current_joint,0,-0.0434413630140669,-0.2460680813464951,0.1591853553183611,-0.225530915704844
5,1,1,0.6377114402121038,0.3425497475537619,True,1,current_joint,2,0.0263364848778647,-0.06452839002441,0.1172013597801396,0.2954412588131098
12,0,1,0.4086459470394197,0.3000268973878696,True,1,current_joint,2,0.0028630537951308,-0.1184319117719739,0.1241580193622356,-0.1020346687031714
15,1,0,0.5202019068490832,0.1180738710655429,True,1,current_joint,2,-0.0464932979845644,-0.1354630128527792,0.0424764168836502,-0.0030802974221459
30,0,0,0.5746897562690604,0.2429590676371458,True,1,current_joint,2,-0.0364141846186956,-0.1355038176671117,0.0626754484297203,-0.1582462925714874
39,1,0,0.6048933776872666,0.3441516064005722,True,1,current_joint,2,-0.0545415396398155,-0.1481978736898849,0.0391147944102539,-0.0787740414269622
40,0,0,0.3543801765148926,0.3505743206202041,True,1,current_joint,2,0.0041029422895269,-0.1578518920202495,0.1660577765993033,0.0604749885138391
43,1,0,0.7309350546172592,0.3861893383005025,True,1,current_joint,2,-0.0066851363543392,-0.0844601833737839,0.0710899106651055,-0.1970218052573134
45,0,0,0.2877857978025763,0.3689753372039217,True,1,current_joint,2,-0.0369065565514476,-0.1244438603958614,0.050630747292966,0.1313990388549498
48,1,1,0.4640558918721573,0.5888245392655549,True,1,current_joint,2,-0.0953906745373085,-0.2132845811126004,0.0225032320379833,-0.0235109324822139
63,1,0,0.493740643635318,0.2016435562654448,True,1,current_joint,2,-0.0793978240950908,-0.1641194142831329,0.0053237660929512,-0.0806185068185773
67,1,1,0.4135078007326209,0.532633707078535,True,1,current_joint,2,-0.0958406447949255,-0.2504085287941071,0.0587272392042559,-0.4040936263411786
69,0,0,0.4660033727386178,0.4863086898247561,True,1,current_joint,2,-0.1000399932037928,-0.2533258021741285,0.0532458157665428,-0.2535047085663173
72,1,0,0.5908011295185976,0.3649110295452353,True,1,current_joint,2,-0.0835865762060157,-0.1625650901997005,-0.0046080622123309,0.0339396341644859
75,1,0,0.8971971121686327,0.590906090484836,True,1,current_joint,2,0.0881831794451027,0.0068043594190635,0.1695619994711419,-0.2190504429096812
93,0,1,0.2343559307381617,0.3708737195266814,True,1,current_joint,2,-0.0273114746774339,-0.1126327305178382,0.0580097811629703,-0.2476334015864339
115,0,0,0.417662784829503,0.3560754401295836,True,1,current_joint,2,-0.0740599606365909,-0.1782461015925301,0.0301261803193482,-0.036066766855671
116,0,1,0.2300810466125331,0.2452458732935051,True,1,current_joint,2,-0.112579927929819,-0.1977061797161532,-0.0274536761434847,-0.0143420614464694
121,1,0,0.829551555662928,0.5644650903605791,True,1,current_joint,2,-0.0611524388857869,-0.1664488166914793,0.0441439389199053,-0.578150415838105
122,1,0,0.6628130336914178,0.1675771919966962,True,1,current_joint,2,-0.0711072551172359,-0.1642151442489328,0.0220006340144609,-0.1662835077113541
123,0,1,0.3974456212092374,0.392430831758484,True,1,current_joint,2,-0.0035523796918229,-0.1587046902662857,0.1515999308826397,0.0324676550754574
126,0,0,0.2904388139791195,0.3909132072928165,True,1,current_joint,2,-0.0855130198504454,-0.1630946353249842,-0.0079314043759066,-0.3010231687743369
130,0,0,0.2686321613885298,0.2184946098827451,True,1,current_joint,2,0.0298731182018536,-0.0915161607294762,0.1512623971331835,0.0063097536564251
137,0,0,0.1910422905713986,0.136704195001431,True,1,current_joint,2,0.0093229033772765,-0.136111176832486,0.154756983587039,-0.0353946032330241
145,1,0,0.4660143956373304,0.4421213226322661,True,1,current_joint,2,0.0501771639603285,-0.0556144535614662,0.1559687814821233,-0.3376914379771497
151,0,1,0.5191771574449675,0.4662585530143542,True,1,current_joint,2,-0.0443039371517041,-0.1532163112386594,0.0646084369352512,-0.3148700805651545
162,0,0,0.5856731783723788,0.5989655969474362,True,1,current_joint,2,-0.0256335824805785,-0.155262268762634,0.1039951038014769,-0.1770906937214045
167,0,1,0.6272436550256896,0.707639467658466,True,1,current_joint,2,-0.0279863493551874,-0.1569920269077374,0.1010193281973624,0.0604197624029748
169,1,1,0.718421807752594,0.8744463758885973,True,1,current_joint,2,-0.0730844371244834,-0.2101053347573278,0.063936460508361,-0.059438745764093
180,1,1,0.8672668628184429,0.5657293381904667,True,1,current_joint,2,-0.1200617067199059,-0.2603414279029294,0.0202180144631175,0.0721462057356445
186,1,0,0.5911390146431826,0.5179879989770028,True,1,current_joint,2,-0.014490598665043,-0.1475521838654298,0.1185709865353436,-0.3483873033729417
193,0,0,0.4002310604742047,0.1550758670471376,True,1,current_joint,2,-0.1141954124232629,-0.2749326588047426,0.0465418339582165,-0.0779057038072634
196,0,0,0.4779684453454312,0.4063942925546509,True,1,current_joint,2,0.00850253011176,-0.1223979983322378,0.1394030585557578,0.1850042231741754
198,0,0,0.1458736659034418,0.3168318250125152,True,1,current_joint,2,-0.155054312558817,-0.2459347910504881,-0.0641738340671459,-0.0979604166806298
205,1,1,0.889667935890094,0.4157414662695457,True,1,current_joint,2,-0.021190701398551,-0.1272867344397247,0.0849053316426227,0.1003900034516338
208,1,1,0.3791739705430976,0.6227098092939151,True,1,current_joint,2,-0.0681357045335225,-0.1896788604701086,0.0534074514030635,-0.3836418638216122
211,0,0,0.231401125726331,0.2290585740477945,True,1,current_joint,2,0.0118908314519889,-0.099462675384968,0.1232443382889459,0.0393623563224266
229,0,0,0.3549105310023648,0.1864281933239119,True,1,current_joint,2,-0.0792444552549934,-0.2442986378388287,0.0858097273288418,-0.0181111175885878
237,0,1,0.3187585270756577,0.6861105920384603,True,1,current_joint,2,0.0472974444743263,-0.1145382334170325,0.2091331223656851,0.0146772385370304
241,1,0,0.338802769940387,0.4470269612145222,True,1,current_joint,2,-0.0352612346334848,-0.1303972338672341,0.0598747646002644,-0.2359562924134932
250,1,1,0.8428866494274864,0.703627059039757,True,1,current_joint,2,-0.0102278955938578,-0.1070171070893701,0.0865613159016544,-0.1438166112073363
254,0,1,0.2083929285420307,0.2409944609227921,True,1,current_joint,2,0.0015160312092688,-0.1208150160483747,0.1238470784669125,0.1102961278795356
261,0,0,0.25783316789758,0.1812073244799295,True,1,current_joint,2,0.0600397974044624,-0.0864594504403632,0.2065390452492881,0.3128575438256605
264,1,1,0.5133701154893368,0.5783417591739412,True,1,current_joint,2,-0.0554528617545968,-0.1514299343242192,0.0405242108150255,0.101309854190715
265,0,0,0.4673440107611287,0.3563794093146026,True,1,current_joint,2,-0.0629030813543951,-0.2045522661817447,0.0787461034729544,-0.1996664940257019
270,0,0,0.3487407377572455,0.2017139770195508,True,1,current_joint,2,-0.046884847574465,-0.1248979083856113,0.0311282132366812,-0.0598113374777657
271,1,0,0.8208015211662028,0.8654343342544495,True,1,current_joint,2,-0.0265616601195956,-0.1437654965759419,0.0906421763367506,-0.027407061388611
277,1,1,0.8458274757149049,0.5796784555469318,True,1,current_joint,2,-0.0161405791430168,-0.1655765094748742,0.1332953511888406,0.1970732338029357
282,0,0,0.4968539889905682,0.4895010838663226,True,1,current_joint,2,0.0190340645513089,-0.1092028898982091,0.147271019000827,0.2904593735133494
284,0,1,0.2616966831448957,0.4804473555949514,True,1,current_joint,2,0.0054803112850328,-0.0977923065935236,0.1087529291635894,0.185186885436133
288,1,0,0.7511605014707504,0.5824804714021297,True,1,current_joint,2,-0.0113966538517039,-0.1211207289357285,0.0983274212323205,0.0046401207468271
294,1,1,0.8164796270017057,0.4903126491335002,True,1,current_joint,2,-0.0530924079918092,-0.1514491551803691,0.0452643391967506,-0.349510263326905
318,0,0,0.6636540076542939,0.5705544669325786,True,1,current_joint,2,-0.0363627850738059,-0.1327770273645837,0.0600514572169717,-0.2019998573470325
319,1,1,0.8930296774091446,0.7555478412559756,True,1,current_joint,2,-0.0979150041729686,-0.2120681992238494,0.0162381908779121,0.0427837395033252
328,0,1,0.3943292424817727,0.1894830318720366,True,1,current_joint,2,0.0482509745416232,-0.0844476633383964,0.1809496124216429,0.1032724399685739
334,0,0,0.3200385380572376,0.2875355167491368,True,1,current_joint,2,-0.0963534652661763,-0.1871046997760956,-0.005602230756257,-0.1484375342195409
339,0,1,0.6907306329755005,0.5644583916735121,True,1,current_joint,2,-0.0113233766116766,-0.1067843556499702,0.0841376024266169,-0.0409641825439516
343,1,1,0.7122793784860058,0.5155210187085154,True,1,current_joint,2,-0.0945688715730792,-0.2662397752086476,0.077102032062489,-0.252500407706424
346,0,0,0.4668878241550569,0.3395176398810799,True,1,current_joint,2,0.064870363688894,-0.0198457799879281,0.1495865073657163,0.0212575491772035
347,0,1,0.2026382687026036,0.2637419376444213,True,1,current_joint,2,-0.104843768238582,-0.1935979365067848,-0.0160895999703792,0.0718545920669893
349,0,1,0.7980010545149436,0.6771543356924604,True,1,current_joint,2,-0.0461882717644308,-0.1146266826306632,0.0222501391018015,0.0326887855021832
354,1,0,0.532805219686784,0.2924577715670299,True,1,current_joint,2,-0.0348080560841254,-0.1215711562240033,0.0519550440557523,-0.1429713506752603
357,1,1,0.6408274001124588,0.2999253159315922,True,1,current_joint,2,-0.0541946922220586,-0.1443086874219357,0.0359193029778184,0.1013446835796018
360,1,0,0.3477877504865826,0.3387807653978252,True,1,current_joint,2,-0.0567917353563522,-0.1428895356631662,0.0293060649504618,-0.2099547686179699
361,0,0,0.2966110817618265,0.2305933915777401,True,1,current_joint,2,0.0261946951498452,-0.0490708160179099,0.1014602063176002,-0.0406445885166562
365,1,0,0.6049751553904226,0.2863717839207137,True,1,current_joint,2,-0.0828483232713969,-0.174682563517477,0.0089859169746831,-0.3344524588585174
368,1,0,0.6849883638981021,0.3273397311753073,True,1,current_joint,2,0.0486651663738526,-0.056987493859531,0.1543178266072362,-0.0542746685428054
370,1,0,0.1979034024075983,0.1080026000983676,True,1,current_joint,2,-0.0436824284912045,-0.1660948320344026,0.0787299750519934,-0.112249188104001
380,0,1,0.7471666727680591,0.4674264398886901,True,1,current_joint,2,-0.0532735810584683,-0.1785287026085589,0.0719815404916221,-0.4595323870462047
384,1,1,0.6900728481780237,0.5112597274821526,True,1,current_joint,2,0.0205948086610667,-0.1300494996351515,0.1712391169572849,0.0703099140074529
392,1,1,0.7956043945971023,0.7308406047876336,True,1,current_joint,2,-0.0643610802216623,-0.1877673794933836,0.0590452190500588,0.0859568948245617
398,0,1,0.3206138626697417,0.4568522392771472,True,1,current_joint,2,-0.0082965369300547,-0.1230386181760739,0.1064455443159645,-0.3498504475078327
409,0,0,0.1833779169179833,0.4439000770292082,True,1,current_joint,2,-0.0754944502848062,-0.2314135481821671,0.0804246476125545,0.1455426515223805
422,1,1,0.4374280553015159,0.348712461995259,True,1,current_joint,2,0.0431383503099265,-0.1628365635766618,0.2491132641965149,0.0487539624800851
424,1,0,0.6770097302582416,0.7052642761137701,True,1,current_joint,2,-0.1088571897940208,-0.2692460126493498,0.0515316330613081,-0.411950972386599
431,1,1,0.4372491262168222,0.6279412483546116,True,1,current_joint,2,-0.0777844241195084,-0.2107165496172994,0.0551477013782824,-0.3266540670636856
433,0,0,0.1052517072609647,0.1042730496200623,True,1,current_joint,2,-0.1283870805866846,-0.2365341291005248,-0.0202400320728445,-0.0340215315582068
435,0,1,0.4409894527049854,0.6729711349557012,True,1,current_joint,2,-0.018659917645027,-0.2015052904115532,0.164185455121499,-0.1074231289419768
446,1,0,0.2790381570542702,0.1637599933059333,True,1,current_joint,2,-0.0307061824092996,-0.1386031929226553,0.077190828104056,-0.0643252741052308
447,1,1,0.536835214889051,0.5503554221394807,True,1,current_joint,2,0.0370363716382583,-0.0703774717681722,0.1444502150446888,0.0341449947609453
451,1,1,0.7690955084071955,0.6112206494377056,True,1,current_joint,2,-0.0352956803665167,-0.1281304326551326,0.057539071922099,-0.1766356384611831
460,1,0,0.390947709654434,0.2799446997374306,True,1,current_joint,2,-0.0505199846005304,-0.1439194892723059,0.042879520071245,-0.1508996908138559
462,0,0,0.4757820881301206,0.3798226570352518,True,1,current_joint,2,0.0198758194841406,-0.0831863242301163,0.1229379631983975,-0.0287736934267696
465,0,1,0.4312755600906261,0.6491876730428766,True,1,current_joint,2,-0.0355075319425104,-0.1616904566187904,0.0906753927337695,-0.0735231182259229
467,0,0,0.2562069965782711,0.2668403826074519,True,1,current_joint,2,-0.0669418575116901,-0.1467987235690585,0.0129150085456781,0.1810953069201813
468,1,0,0.4488229378693237,0.4590625162462623,True,1,current_joint,2,0.0200188182271127,-0.1061338957238408,0.1461715321780663,-0.3639434178511885
474,0,0,0.4334979519869535,0.382804016004297,True,1,current_joint,2,-0.0373624245042285,-0.2094102713613337,0.1346854223528765,0.2702421419125612
478,1,0,0.5739982744039367,0.2947270948162633,True,1,current_joint,2,-0.0328687000501307,-0.1776967128244124,0.1119593127241509,-0.1411313948828423
481,0,1,0.5087083360409932,0.4082550174102792,True,1,current_joint,2,-0.0202150490360411,-0.1520463826308658,0.1116162845587834,0.2425677441982232
486,1,1,0.7441202307802978,0.6148549412893181,True,1,current_joint,2,-0.0349794183398765,-0.1118650235002199,0.0419061868204668,-0.6892153014395378
487,1,1,0.8467975192157075,0.5866738910251524,True,1,current_joint,2,-0.0120659099215444,-0.1082947502461499,0.084162930403061,-0.0281566916150681
498,0,0,0.3020648921646804,0.1979830251548477,True,1,current_joint,2,-0.1243900664513671,-0.2288145038451687,-0.0199656290575655,-0.1062618189134249
503,0,0,0.3446948747805175,0.2658055219729751,True,1,current_joint,2,-0.0054189635193371,-0.1484434092393758,0.1376054822007014,-0.1672850542834813
507,1,1,0.8311033999506614,0.7945564212316646,True,1,current_joint,2,-0.0048228281870348,-0.0848655048758653,0.0752198485017955,-0.0308549288115069
508,0,0,0.5229332692489086,0.2601699446166555,True,1,current_joint,2,-0.1266250141105991,-0.2544233375430547,0.0011733093218563,-0.0562097208968652
514,1,1,0.8270038617254091,0.6943390637417084,True,1,current_joint,2,-0.012573323771308,-0.09663183035839,0.0714851828157737,-0.0614781201380465
526,0,0,0.1578259392999683,0.130444744119986,True,1,current_joint,2,0.0226058613832135,-0.1631662244422903,0.2083779472087174,0.0202992312699243
528,1,1,0.6647472925894883,0.7352516088728809,True,1,current_joint,2,0.0304992050954179,-0.1344168432595443,0.19541525345038,-0.3151680255715663
532,1,0,0.5659465902283147,0.4305883970188177,True,1,current_joint,2,-0.1058352830171177,-0.2074378284768701,-0.0042327375573654,-0.5334643262344162
534,0,1,0.6356185713393279,0.4957060818429861,True,1,current_joint,2,0.0767147329401815,0.00270253251705,0.1507269333633129,0.1354339849207388
535,0,0,0.6385549390569282,0.3491581541021244,True,1,current_joint,2,0.0067413478429889,-0.1751241850774384,0.1886068807634163,0.0370406161049267
538,1,0,0.7165422603028302,0.5565385298635452,True,1,current_joint,2,0.0091227296144895,-0.2036330451908625,0.2218785044198415,-0.0621285127855897
539,0,1,0.3919352408994978,0.3980788389051554,True,1,current_joint,2,-0.0378823273090531,-0.1621323126828022,0.0863676580646958,-0.1112600630826312
546,0,0,0.3024691154894626,0.1674140399970113,True,1,current_joint,2,-0.0385347447424978,-0.126329571969614,0.0492600824846182,-0.0662060867935373
549,1,0,0.737809295603759,0.4018100071172399,True,1,current_joint,2,-0.0359319825377808,-0.1676743935522324,0.0958104284766707,-0.2260567918036844
550,0,0,0.2296862036406513,0.125078688297396,True,1,current_joint,2,-0.1155414004327911,-0.1885504411900865,-0.0425323596754958,-0.0838160275346101
552,1,0,0.5131292585651384,0.1904453106666334,True,1,current_joint,2,-0.0207604208075371,-0.1037569261991018,0.0622360845840274,0.08753892270289
559,1,0,0.6085123450001269,0.405681505096466,True,1,current_joint,2,-0.0213917737951054,-0.1190669078282204,0.0762833602380094,-0.3657608504843099
560,1,1,0.8655555287273489,0.6294406160354643,True,1,current_joint,2,-0.0512704639289509,-0.1788358427286705,0.0762949148707686,-0.0646999077179867
561,1,0,0.6004522932294956,0.2519387481121832,True,1,current_joint,2,0.0130335550223744,-0.1264590286673566,0.1525261387121054,-0.1484763527289404
563,0,0,0.3497769690033058,0.3001244011940171,True,1,current_joint,2,-0.0922536931115718,-0.1673444766280718,-0.0171629095950718,0.0872341997213746
568,1,1,0.8420165704415828,0.7241993149028411,True,1,current_joint,2,-0.1714196211079235,-0.3543199069966763,0.011480664780829,-0.1100676864813856
569,0,1,0.6204165780663479,0.649966418468412,True,1,current_joint,2,-0.0806835600582289,-0.2301012663877761,0.0687341462713182,-0.0350647288328105
578,0,0,0.528449166106585,0.541129455632692,True,1,current_joint,2,-0.0476794674198158,-0.1470579642527575,0.0516990294131258,-0.1661069213092291
584,1,0,0.4835230499831929,0.6086690571475216,True,1,current_joint,2,0.0506231588885599,-0.0494460281176568,0.1506923458947766,-0.1862053968139435
588,1,1,0.6950874683394853,0.6067692377764136,True,1,current_joint,2,-0.0006664457962904,-0.1294715716354279,0.128138680042847,0.0515171259474075
594,0,1,0.3845124638174599,0.202048263708186,True,1,current_joint,2,-0.0616747832176887,-0.1640205850774146,0.040671018642037,-0.1845762402931477
599,0,1,0.5139276407168637,0.3069862927665871,True,1,current_joint,2,-0.021523471497585,-0.1300787219446057,0.0870317789494355,-0.0170208056131654
603,1,1,0.8760250372770755,0.7245136388321798,True,1,current_joint,2,-0.0783215503599939,-0.2141311448512334,0.0574880441312455,-0.4064471216929251
606,0,1,0.2192294077600339,0.3608687382193187,True,1,current_joint,2,-0.0146541663115785,-0.1288268683100733,0.0995185356869162,-0.0810499975355446
607,0,0,0.2306889141131686,0.4134998057835559,True,1,current_joint,2,-0.0471332101752485,-0.1466555167148142,0.052389096364317,-0.2026216599600059
609,0,1,0.2303519206028594,0.1661800464978828,True,1,current_joint,2,0.0067150621311965,-0.0798970699883449,0.0933271942507379,-0.1781520259679382
614,1,1,0.6467946600933504,0.454149402724382,True,1,current_joint,2,-0.116046919493224,-0.2244315244051691,-0.0076623145812789,0.1380098948543894
617,1,0,0.6802572666640975,0.691208308706228,True,1,current_joint,2,-0.1256528768310819,-0.2707478820414976,0.0194421283793335,-0.3297796341794859
621,1,1,0.627291255719527,0.643934722388693,True,1,current_joint,2,-0.056040548695295,-0.1342153265834501,0.02213422919286,-0.103005344759102
626,1,0,0.474501537217078,0.164374600614252,True,1,current_joint,2,-0.0432588890037652,-0.1346248275521709,0.0481070495446404,-0.1473410584362936
638,1,0,0.2748012559824055,0.1239220657092472,True,1,current_joint,2,-0.0461771717674731,-0.1207807068115525,0.0284263632766063,-0.0289677790752043
648,1,1,0.5446984576494674,0.4969151883647077,True,1,current_joint,2,-0.0422473181235573,-0.1687024212449767,0.0842077849978619,0.2265779739142019
651,1,0,0.7414638822974168,0.2073560428214372,True,1,current_joint,2,-0.0953634598732897,-0.2110880124070427,0.0203610926604632,0.1428509167227937
656,0,0,0.2820466246045192,0.4366149382471533,True,1,current_joint,2,-0.0481783438179145,-0.2049542126742435,0.1085975250384144,0.0080717971819229
662,0,0,0.6929571721037661,0.5688028871898342,True,1,current_joint,2,-0.0234799397089352,-0.1925869840657332,0.1456271046478627,0.1209044238137532
663,1,1,0.6304851473044282,0.5835748670106308,True,1,current_joint,2,-0.0261754072167134,-0.1664971127045633,0.1141462982711364,-0.0006267839972746
676,1,0,0.4599439184764482,0.2987878211415748,True,1,current_joint,2,-0.0601960485340204,-0.1929345580786269,0.0725424610105861,0.288078314021742
680,1,0,0.6829703748258147,0.1138559463673801,True,1,current_joint,2,0.0651012521812193,-0.0335634199803579,0.1637659243427966,-0.2167613270433704
684,0,0,0.5697406984360188,0.1998318507039766,True,1,current_joint,2,-0.0023555616155171,-0.1356516433204905,0.1309405200894561,-0.0936522813101408
689,1,1,0.8868225930045658,0.8706173422583725,True,1,current_joint,2,-0.0743781686045885,-0.1677072938966554,0.0189509566874784,0.0284377361233592
707,1,0,0.3095601577041158,0.1657451748796045,True,1,current_joint,2,-0.0651032098083728,-0.1528388979010381,0.0226324782842924,-0.1826127486382754
708,0,0,0.3894418068151838,0.3110983385469534,True,1,current_joint,2,-0.0343065968270932,-0.1799473658173362,0.1113341721631496,-0.3033594815556778
712,0,0,0.2267174372063047,0.3991605009537028,True,1,current_joint,2,0.0380511970340593,-0.0839802901607719,0.1600826842288906,0.2026218293203847
713,0,1,0.4479973834356069,0.7899673126686212,True,1,current_joint,2,0.0295268991020992,-0.0825842827060943,0.1416380809102928,0.1835114986066507
723,1,1,0.8791019779208326,0.6312407840166131,True,1,current_joint,2,0.1188424585641809,0.0096259534985795,0.2280589636297822,-0.0139812788191581
735,1,1,0.7869431386479372,0.5368141960979033,True,1,current_joint,2,-0.0070595767810752,-0.1425149542706334,0.1283958007084829,0.2892291597635016
739,0,1,0.1656792513126042,0.3625667250095327,True,1,current_joint,2,0.002493790568269,-0.0803053735769297,0.0852929547134678,0.0465358406512868
743,1,0,0.6338297786120288,0.6070901283292623,True,1,current_joint,2,-0.0369185979141354,-0.1642531618458807,0.0904159660176097,-0.3588049137290085
744,0,0,0.2696157041235064,0.1526445884995828,True,1,current_joint,2,-0.0512988971345634,-0.175006715121794,0.0724089208526671,0.000438274286518
752,1,0,0.6647472925894883,0.7208329462562315,True,1,current_joint,2,0.0299864123280339,-0.1481524381101032,0.208125262766171,-0.0486240298536814
760,1,1,0.7134555858731084,0.792566241366111,True,1,current_joint,2,-0.0722814571209462,-0.1714643682938735,0.026901454051981,-0.1049719012824385
773,1,1,0.8386940353384825,0.852870223315683,True,1,current_joint,2,-0.0116919610792152,-0.1548707818985128,0.1314868597400821,-0.0507876198371495
776,0,0,0.3345234242308092,0.2053377316606053,True,1,current_joint,2,0.024353201748868,-0.1067482747316865,0.1554546782294227,0.1121593665543734
779,0,0,0.3257453007133764,0.2275431343606286,True,1,current_joint,2,-0.0969850802171656,-0.1971893884186082,0.0032192279842769,0.2102850669914252
781,1,1,0.6832939038423603,0.63754694937672,True,1,current_joint,2,-0.0334295640899682,-0.1319496727277816,0.0650905445478451,0.03127374458673
782,1,0,0.7648701537663227,0.4641424883295498,True,1,current_joint,2,0.027724292914116,-0.1019318742341035,0.1573804600623356,-0.2788197122576257
783,0,0,0.1217298937920421,0.3168675055683017,True,1,current_joint,2,-0.0017698718920958,-0.2075810024810119,0.2040412586968201,0.1176809396097496
798,1,1,0.5742961575804171,0.7338549270059888,True,1,current_joint,2,0.024159013862076,-0.1334011104199909,0.181719138144143,-0.0128295956561388
822,0,0,0.7417980053932205,0.6367950734915155,True,1,current_joint,2,0.045392555929789,-0.0957032132216723,0.1864883250812503,0.1568786712897365
827,0,1,0.264977865904604,0.5063020143310597,True,1,current_joint,2,-0.1022005710257436,-0.2260007668786177,0.0215996248271304,-0.4717084066230759
839,0,0,0.4808888128545494,0.1562570180525887,True,1,current_joint,2,-0.0925586652785824,-0.2041324532364279,0.019015122679263,-0.082870305049013
845,1,1,0.7067711150558171,0.505484558588421,True,1,current_joint,2,0.0647513448217842,-0.0759869294359265,0.2054896190794949,-0.0549671221434375
848,0,0,0.1666158023279128,0.2015602546752192,True,1,current_joint,2,0.0060794594573857,-0.0949355747730674,0.1070944936878389,0.0857810802170664
859,1,1,0.6849906428774399,0.6769103292049636,True,1,current_joint,2,-0.0994077234239094,-0.2700263347602423,0.0712108879124234,0.1009164325149726
868,1,0,0.3082583807209731,0.1535068027524439,True,1,current_joint,2,-0.054962395220954,-0.1667339358426892,0.0568091454007811,-0.0376875833533315
875,1,1,0.2533396338739371,0.2070879630898262,True,1,current_joint,2,0.0595003611995884,-0.0717674123057937,0.1907681347049706,0.2750351541256375
892,0,0,0.6313698695873204,0.2338246306856515,True,1,current_joint,2,-0.0015800077818413,-0.1764006620193527,0.17324064645567,-0.4218944972490402
893,0,1,0.4558925787626889,0.39302832109664,True,1,current_joint,2,-0.0539261110932221,-0.1751990457900213,0.067346823603577,-0.1389911912905728
898,1,1,0.49462645872228,0.3547315126470555,True,1,current_joint,2,-0.0356191525182699,-0.1365464345057001,0.0653081294691602,0.1148901973385334
908,1,1,0.59795154629418,0.5465323047791424,True,1,current_joint,2,0.0380256294741715,-0.0581781555315794,0.1342294144799224,0.2700079153490359
913,0,0,0.4590740424682504,0.153035619975251,True,1,current_joint,2,0.0790767904754006,-0.0238144287978335,0.1819680097486347,0.5763362625455206
915,1,1,0.8444617337210738,0.7902472579186703,True,1,current_joint,2,0.0916053281287356,-0.047433776466464,0.2306444327239354,-0.1046070455361218
924,0,1,0.1106480738360361,0.3587549645748137,True,1,current_joint,2,-0.0208567606734077,-0.178258641353006,0.1365451200061904,-0.0351858055805025
929,1,0,0.6634216252210545,0.5571596280328351,True,1,current_joint,2,-0.0517822939896067,-0.1409096927182488,0.0373451047390352,-0.2246108655442407
934,0,0,0.1758882099010204,0.1479102128392838,True,1,current_joint,2,-0.0935603161024872,-0.1793194823301938,-0.0078011498747806,-0.1792356210016621
955,1,1,0.7279935351733413,0.7193079523925068,True,1,current_joint,2,-0.0288522132598681,-0.1447214776076691,0.0870170510879327,-0.4074361291328243
960,1,1,0.516353381546526,0.4874489700889952,True,1,current_joint,2,0.0285589731364005,-0.1041027024383938,0.1612206487111948,0.3030242858082472
961,0,1,0.5952214322323915,0.2839526673389449,True,1,current_joint,2,0.0308605227253297,-0.0467064390805363,0.1084274845311957,-0.1738611085467418
967,0,0,0.7111062328377343,0.6026371727046967,True,1,current_joint,2,0.0025566350850514,-0.1657771974075021,0.170890467577605,0.1131542413041228
976,0,0,0.2229658090752913,0.085181008745948,True,1,current_joint,2,-0.0663375116966881,-0.1910072191226002,0.0583321957292238,-0.1043543822418454
977,1,0,0.8795089744048036,0.5493546289655924,True,1,current_joint,2,0.0535614226026401,-0.0281859244089174,0.1353087696141976,0.2172265382051104
980,1,1,0.7845093011134376,0.5285083827381312,True,1,current_joint,2,-0.0725584884011679,-0.190700544822129,0.0455835680197932,-0.1328309937568829
986,1,0,0.6842931095653495,0.4407593834478375,True,1,current_joint,2,-0.0246838811737206,-0.1412763159870629,0.0919085536396216,-0.219306647304542
987,0,0,0.4937146818591577,0.4101161855589622,True,1,current_joint,2,-0.0051743446494573,-0.1356097621488922,0.1252610728499775,0.1653784649940301
989,0,0,0.502114524477848,0.4557268144672463,True,1,current_joint,2,-0.0258658615025098,-0.1225707492661858,0.0708390262611661,-0.225530915704844
5,1,1,0.6377114402121038,0.3425497475537619,True,1,llm_adjudication,1,0.1277728874492736,-0.1110811912809344,0.3666269661794817,0.2954412588131098
12,0,1,0.4086459470394197,0.3000268973878696,True,1,llm_adjudication,1,0.0038603148847677,-0.1212030269446261,0.1289236567141617,-0.1020346687031714
15,1,0,0.5202019068490832,0.1180738710655429,True,1,llm_adjudication,1,-0.0879623883652787,-0.2187602038283414,0.0428354270977838,-0.0030802974221459
30,0,0,0.5746897562690604,0.2429590676371458,True,1,llm_adjudication,1,-0.0796659391952557,-0.1993181477766918,0.0399862693861803,-0.1582462925714874
39,1,0,0.6048933776872666,0.3441516064005722,True,1,llm_adjudication,1,-0.0503451791001719,-0.18719982205568,0.086509463855336,-0.0787740414269622
40,0,0,0.3543801765148926,0.3505743206202041,True,1,llm_adjudication,1,0.0273181522216815,-0.0825188566608725,0.1371551611042356,0.0604749885138391
43,1,0,0.7309350546172592,0.3861893383005025,True,1,llm_adjudication,1,-0.0550936062608998,-0.2284900966122973,0.1183028840904976,-0.1970218052573134
45,0,0,0.2877857978025763,0.3689753372039217,True,1,llm_adjudication,1,0.0271297298313743,-0.1139079713051125,0.1681674309678612,0.1313990388549498
48,1,1,0.4640558918721573,0.5888245392655549,True,1,llm_adjudication,1,-0.1362843282787172,-0.29539542376323,0.0228267672057954,-0.0235109324822139
63,1,0,0.493740643635318,0.2016435562654448,True,1,llm_adjudication,1,-0.1454998722807494,-0.2986854068863894,0.0076856623248904,-0.0806185068185773
67,1,1,0.4135078007326209,0.532633707078535,True,1,llm_adjudication,1,-0.0690415120341008,-0.2276314976842288,0.0895484736160271,-0.4040936263411786
69,0,0,0.4660033727386178,0.4863086898247561,True,1,llm_adjudication,1,-0.0954488107833083,-0.2184796282359725,0.0275820066693557,-0.2535047085663173
72,1,0,0.5908011295185976,0.3649110295452353,True,1,llm_adjudication,1,-0.1303856677434102,-0.2857454530961089,0.0249741176092883,0.0339396341644859
75,1,0,0.8971971121686327,0.590906090484836,True,1,llm_adjudication,1,0.0960373108464335,-0.1172105872106273,0.3092852089034942,-0.2190504429096812
93,0,1,0.2343559307381617,0.3708737195266814,True,1,llm_adjudication,1,-0.1122296208381622,-0.2007526745460904,-0.0237065671302341,-0.2476334015864339
115,0,0,0.417662784829503,0.3560754401295836,True,1,llm_adjudication,1,-0.0865136324296809,-0.2762762050615575,0.1032489402021955,-0.036066766855671
116,0,1,0.2300810466125331,0.2452458732935051,True,1,llm_adjudication,1,-0.0608612137408564,-0.1353409618917888,0.0136185344100759,-0.0143420614464694
121,1,0,0.829551555662928,0.5644650903605791,True,1,llm_adjudication,1,-0.0500301574604068,-0.1415788419090234,0.0415185269882097,-0.578150415838105
122,1,0,0.6628130336914178,0.1675771919966962,True,1,llm_adjudication,1,-0.0896438595528656,-0.196780189905751,0.0174924708000196,-0.1662835077113541
123,0,1,0.3974456212092374,0.392430831758484,True,1,llm_adjudication,1,0.0779608210376218,-0.1209521955880273,0.2768738376632711,0.0324676550754574
126,0,0,0.2904388139791195,0.3909132072928165,True,1,llm_adjudication,1,-0.1823516433516665,-0.2996154698005691,-0.0650878169027639,-0.3010231687743369
130,0,0,0.2686321613885298,0.2184946098827451,True,1,llm_adjudication,1,0.0317369772429083,-0.1210569789965405,0.1845309334823572,0.0063097536564251
137,0,0,0.1910422905713986,0.136704195001431,True,1,llm_adjudication,1,-0.0039826834968033,-0.1107469137804941,0.1027815467868873,-0.0353946032330241
145,1,0,0.4660143956373304,0.4421213226322661,True,1,llm_adjudication,1,0.1000649964011389,-0.0815088082998357,0.2816388011021135,-0.3376914379771497
151,0,1,0.5191771574449675,0.4662585530143542,True,1,llm_adjudication,1,-0.0783708491152031,-0.2457927478162029,0.0890510495857965,-0.3148700805651545
162,0,0,0.5856731783723788,0.5989655969474362,True,1,llm_adjudication,1,-0.1202521528200451,-0.3069804731948509,0.0664761675547606,-0.1770906937214045
167,0,1,0.6272436550256896,0.707639467658466,True,1,llm_adjudication,1,-0.0359103944918974,-0.1398849626998237,0.0680641737160288,0.0604197624029748
169,1,1,0.718421807752594,0.8744463758885973,True,1,llm_adjudication,1,-0.0897397713083456,-0.182517832435908,0.0030382898192166,-0.059438745764093
180,1,1,0.8672668628184429,0.5657293381904667,True,1,llm_adjudication,1,-0.0947242577736193,-0.2388942635318933,0.0494457479846546,0.0721462057356445
186,1,0,0.5911390146431826,0.5179879989770028,True,1,llm_adjudication,1,0.0267913038401103,-0.0814453043182685,0.1350279119984891,-0.3483873033729417
193,0,0,0.4002310604742047,0.1550758670471376,True,1,llm_adjudication,1,-0.1454998722807494,-0.2986854068863894,0.0076856623248904,-0.0779057038072634
196,0,0,0.4779684453454312,0.4063942925546509,True,1,llm_adjudication,1,0.0038603148847677,-0.1212030269446261,0.1289236567141617,0.1850042231741754
198,0,0,0.1458736659034418,0.3168318250125152,True,1,llm_adjudication,1,-0.1976136183739095,-0.3109246951030369,-0.0843025416447822,-0.0979604166806298
205,1,1,0.889667935890094,0.4157414662695457,True,1,llm_adjudication,1,-0.0372356690755843,-0.121840512052619,0.0473691739014503,0.1003900034516338
208,1,1,0.3791739705430976,0.6227098092939151,True,1,llm_adjudication,1,-0.0266493437663307,-0.1558809807481766,0.1025822932155151,-0.3836418638216122
211,0,0,0.231401125726331,0.2290585740477945,True,1,llm_adjudication,1,0.1074078959489804,-0.0337109885406853,0.2485267804386462,0.0393623563224266
229,0,0,0.3549105310023648,0.1864281933239119,True,1,llm_adjudication,1,-0.0567163160368182,-0.1438355391251863,0.0304029070515497,-0.0181111175885878
237,0,1,0.3187585270756577,0.6861105920384603,True,1,llm_adjudication,1,0.1032927679236429,-0.107589614843429,0.314175150690715,0.0146772385370304
241,1,0,0.338802769940387,0.4470269612145222,True,1,llm_adjudication,1,-0.1273987885760377,-0.2639017920316885,0.009104214879613,-0.2359562924134932
250,1,1,0.8428866494274864,0.703627059039757,True,1,llm_adjudication,1,-0.0146096652592081,-0.086958144063459,0.0577388135450427,-0.1438166112073363
254,0,1,0.2083929285420307,0.2409944609227921,True,1,llm_adjudication,1,0.0549607508311505,-0.0367701415313824,0.1466916431936835,0.1102961278795356
261,0,0,0.25783316789758,0.1812073244799295,True,1,llm_adjudication,1,0.163231779091914,0.0142234311306558,0.3122401270531723,0.3128575438256605
264,1,1,0.5133701154893368,0.5783417591739412,True,1,llm_adjudication,1,-0.1273987885760377,-0.2639017920316885,0.009104214879613,0.101309854190715
265,0,0,0.4673440107611287,0.3563794093146026,True,1,llm_adjudication,1,-0.0825660807980252,-0.1581655519582897,-0.0069666096377607,-0.1996664940257019
270,0,0,0.3487407377572455,0.2017139770195508,True,1,llm_adjudication,1,-0.0916979422235172,-0.2930766806274643,0.1096807961804298,-0.0598113374777657
271,1,0,0.8208015211662028,0.8654343342544495,True,1,llm_adjudication,1,-0.0658516498022685,-0.1355329066920208,0.0038296070874837,-0.027407061388611
277,1,1,0.8458274757149049,0.5796784555469318,True,1,llm_adjudication,1,-0.0426979649912988,-0.1178982833680162,0.0325023533854185,0.1970732338029357
282,0,0,0.4968539889905682,0.4895010838663226,True,1,llm_adjudication,1,0.0106086589680107,-0.1308657279149347,0.1520830458509561,0.2904593735133494
284,0,1,0.2616966831448957,0.4804473555949514,True,1,llm_adjudication,1,-0.0545248715995854,-0.2395471208749319,0.130497377675761,0.185186885436133
288,1,0,0.7511605014707504,0.5824804714021297,True,1,llm_adjudication,1,0.0037181335173733,-0.1218667195844305,0.1293029866191773,0.0046401207468271
294,1,1,0.8164796270017057,0.4903126491335002,True,1,llm_adjudication,1,-0.0638269215065002,-0.1531414133198879,0.0254875703068874,-0.349510263326905
318,0,0,0.6636540076542939,0.5705544669325786,True,1,llm_adjudication,1,-0.0816164525928472,-0.2909480186615795,0.1277151134758848,-0.2019998573470325
319,1,1,0.8930296774091446,0.7555478412559756,True,1,llm_adjudication,1,-0.1121928221442988,-0.2451836009115623,0.0207979566229647,0.0427837395033252
328,0,1,0.3943292424817727,0.1894830318720366,True,1,llm_adjudication,1,0.0305305217528143,-0.0689193025096063,0.1299803460152351,0.1032724399685739
334,0,0,0.3200385380572376,0.2875355167491368,True,1,llm_adjudication,1,-0.1062425665892043,-0.2770974301131523,0.0646122969347435,-0.1484375342195409
339,0,1,0.6907306329755005,0.5644583916735121,True,1,llm_adjudication,1,-0.0667504606848466,-0.1552115899905917,0.0217106686208984,-0.0409641825439516
343,1,1,0.7122793784860058,0.5155210187085154,True,1,llm_adjudication,1,-0.0502734540557476,-0.1737591886132752,0.0732122805017799,-0.252500407706424
346,0,0,0.4668878241550569,0.3395176398810799,True,1,llm_adjudication,1,-0.020662157468635,-0.1209711720616652,0.0796468571243952,0.0212575491772035
347,0,1,0.2026382687026036,0.2637419376444213,True,1,llm_adjudication,1,-0.1500242464557737,-0.2948875493733424,-0.005160943538205,0.0718545920669893
349,0,1,0.7980010545149436,0.6771543356924604,True,1,llm_adjudication,1,-0.1224735810166196,-0.2397311189940905,-0.0052160430391487,0.0326887855021832
354,1,0,0.532805219686784,0.2924577715670299,True,1,llm_adjudication,1,-0.0946835456569476,-0.2779076955149288,0.0885406042010335,-0.1429713506752603
357,1,1,0.6408274001124588,0.2999253159315922,True,1,llm_adjudication,1,-0.1747396093371751,-0.2612552734994902,-0.0882239451748601,0.1013446835796018
360,1,0,0.3477877504865826,0.3387807653978252,True,1,llm_adjudication,1,-0.1000785512026021,-0.2818032126698527,0.0816461102646483,-0.2099547686179699
361,0,0,0.2966110817618265,0.2305933915777401,True,1,llm_adjudication,1,-0.0482111788680152,-0.1302464510789163,0.0338240933428858,-0.0406445885166562
365,1,0,0.6049751553904226,0.2863717839207137,True,1,llm_adjudication,1,-0.0668110893581877,-0.211062098142901,0.0774399194265254,-0.3344524588585174
368,1,0,0.6849883638981021,0.3273397311753073,True,1,llm_adjudication,1,-0.0311201333628186,-0.1491199975478638,0.0868797308222264,-0.0542746685428054
370,1,0,0.1979034024075983,0.1080026000983676,True,1,llm_adjudication,1,-0.0582099721305353,-0.2227927209666135,0.1063727767055428,-0.112249188104001
380,0,1,0.7471666727680591,0.4674264398886901,True,1,llm_adjudication,1,-0.0750968972534059,-0.2792692122358645,0.1290754177290525,-0.4595323870462047
384,1,1,0.6900728481780237,0.5112597274821526,True,1,llm_adjudication,1,0.0489001330364345,-0.070777227926486,0.1685774939993551,0.0703099140074529
392,1,1,0.7956043945971023,0.7308406047876336,True,1,llm_adjudication,1,-0.0737755189156338,-0.2027434036713397,0.0551923658400719,0.0859568948245617
398,0,1,0.3206138626697417,0.4568522392771472,True,1,llm_adjudication,1,-0.0015774401340578,-0.1358262476422539,0.1326713673741381,-0.3498504475078327
409,0,0,0.1833779169179833,0.4439000770292082,True,1,llm_adjudication,1,-0.0839525574516788,-0.2597296331741382,0.0918245182707805,0.1455426515223805
422,1,1,0.4374280553015159,0.348712461995259,True,1,llm_adjudication,1,0.1290666156902941,-0.0601275014443769,0.3182607328249652,0.0487539624800851
424,1,0,0.6770097302582416,0.7052642761137701,True,1,llm_adjudication,1,-0.1291693048653035,-0.2485513288269139,-0.009787280903693,-0.411950972386599
431,1,1,0.4372491262168222,0.6279412483546116,True,1,llm_adjudication,1,-0.1212514069122134,-0.2072209239727086,-0.0352818898517182,-0.3266540670636856
433,0,0,0.1052517072609647,0.1042730496200623,True,1,llm_adjudication,1,-0.1396244091556688,-0.3183972832428516,0.0391484649315138,-0.0340215315582068
435,0,1,0.4409894527049854,0.6729711349557012,True,1,llm_adjudication,1,-0.0136334711651169,-0.1243596854209511,0.0970927430907172,-0.1074231289419768
446,1,0,0.2790381570542702,0.1637599933059333,True,1,llm_adjudication,1,0.0311063023749999,-0.1169592788063549,0.1791718835563548,-0.0643252741052308
447,1,1,0.536835214889051,0.5503554221394807,True,1,llm_adjudication,1,-0.0227747937674848,-0.1681613369769154,0.1226117494419457,0.0341449947609453
451,1,1,0.7690955084071955,0.6112206494377056,True,1,llm_adjudication,1,-0.1461940080778223,-0.2805985619517505,-0.0117894542038941,-0.1766356384611831
460,1,0,0.390947709654434,0.2799446997374306,True,1,llm_adjudication,1,-0.0216562738218585,-0.1533983221651569,0.1100857745214398,-0.1508996908138559
462,0,0,0.4757820881301206,0.3798226570352518,True,1,llm_adjudication,1,-0.0011105868136049,-0.1461077441854127,0.1438865705582028,-0.0287736934267696
465,0,1,0.4312755600906261,0.6491876730428766,True,1,llm_adjudication,1,-0.04646881508822,-0.1539436987841889,0.0610060686077488,-0.0735231182259229
467,0,0,0.2562069965782711,0.2668403826074519,True,1,llm_adjudication,1,-0.0295027766559173,-0.1030363441301197,0.044030790818285,0.1810953069201813
468,1,0,0.4488229378693237,0.4590625162462623,True,1,llm_adjudication,1,0.011120680457344,-0.1890244161398419,0.21126577705453,-0.3639434178511885
474,0,0,0.4334979519869535,0.382804016004297,True,1,llm_adjudication,1,0.0137252213909779,-0.1199321433528285,0.1473825861347845,0.2702421419125612
478,1,0,0.5739982744039367,0.2947270948162633,True,1,llm_adjudication,1,-0.0104412956416345,-0.0819593157120466,0.0610767244287774,-0.1411313948828423
481,0,1,0.5087083360409932,0.4082550174102792,True,1,llm_adjudication,1,-0.0906943278647323,-0.2003577971878001,0.0189691414583354,0.2425677441982232
486,1,1,0.7441202307802978,0.6148549412893181,True,1,llm_adjudication,1,-0.1085420388298225,-0.1929549456356907,-0.0241291320239543,-0.6892153014395378
487,1,1,0.8467975192157075,0.5866738910251524,True,1,llm_adjudication,1,-0.0445836801230729,-0.2098328646509718,0.1206655044048258,-0.0281566916150681
498,0,0,0.3020648921646804,0.1979830251548477,True,1,llm_adjudication,1,-0.0883749439704453,-0.2033187881290841,0.0265689001881934,-0.1062618189134249
503,0,0,0.3446948747805175,0.2658055219729751,True,1,llm_adjudication,1,-0.0691578476234704,-0.1822740096961884,0.0439583144492475,-0.1672850542834813
507,1,1,0.8311033999506614,0.7945564212316646,True,1,llm_adjudication,1,-0.0114955853183181,-0.1429855059687605,0.1199943353321242,-0.0308549288115069
508,0,0,0.5229332692489086,0.2601699446166555,True,1,llm_adjudication,1,-0.1766404330695647,-0.3037480563027044,-0.0495328098364251,-0.0562097208968652
514,1,1,0.8270038617254091,0.6943390637417084,True,1,llm_adjudication,1,-0.0293534140758062,-0.096407592359711,0.0377007642080985,-0.0614781201380465
526,0,0,0.1578259392999683,0.130444744119986,True,1,llm_adjudication,1,0.0818189990293664,-0.0199988311209803,0.1836368291797132,0.0202992312699243
528,1,1,0.6647472925894883,0.7352516088728809,True,1,llm_adjudication,1,0.0093267807892867,-0.0871232910035429,0.1057768525821164,-0.3151680255715663
532,1,0,0.5659465902283147,0.4305883970188177,True,1,llm_adjudication,1,-0.1827580232592588,-0.2909727190920129,-0.0745433274265047,-0.5334643262344162
534,0,1,0.6356185713393279,0.4957060818429861,True,1,llm_adjudication,1,0.1583906459030919,-0.0569260228324779,0.3737073146386618,0.1354339849207388
535,0,0,0.6385549390569282,0.3491581541021244,True,1,llm_adjudication,1,-0.0089341637762408,-0.0796992248865785,0.0618308973340968,0.0370406161049267
538,1,0,0.7165422603028302,0.5565385298635452,True,1,llm_adjudication,1,0.0466752024034168,-0.1807498555926118,0.2741002603994454,-0.0621285127855897
539,0,1,0.3919352408994978,0.3980788389051554,True,1,llm_adjudication,1,-0.0147804464865796,-0.1379114543874164,0.1083505614142571,-0.1112600630826312
546,0,0,0.3024691154894626,0.1674140399970113,True,1,llm_adjudication,1,-0.0470299880977977,-0.1159732837733805,0.0219133075777849,-0.0662060867935373
549,1,0,0.737809295603759,0.4018100071172399,True,1,llm_adjudication,1,-0.1116360025624363,-0.2425020797793607,0.019230074654488,-0.2260567918036844
550,0,0,0.2296862036406513,0.125078688297396,True,1,llm_adjudication,1,-0.2010171383981219,-0.2806459772414937,-0.1213882995547501,-0.0838160275346101
552,1,0,0.5131292585651384,0.1904453106666334,True,1,llm_adjudication,1,-0.1167122139642109,-0.2385296642400094,0.0051052363115875,0.08753892270289
559,1,0,0.6085123450001269,0.405681505096466,True,1,llm_adjudication,1,-0.0141132313345264,-0.1669591221160535,0.1387326594470007,-0.3657608504843099
560,1,1,0.8655555287273489,0.6294406160354643,True,1,llm_adjudication,1,-0.0731641598017758,-0.2081633794240502,0.0618350598204985,-0.0646999077179867
561,1,0,0.6004522932294956,0.2519387481121832,True,1,llm_adjudication,1,0.0549384310991666,-0.0648718522288587,0.174748714427192,-0.1484763527289404
563,0,0,0.3497769690033058,0.3001244011940171,True,1,llm_adjudication,1,-0.102521343072107,-0.216769513113051,0.0117268269688368,0.0872341997213746
568,1,1,0.8420165704415828,0.7241993149028411,True,1,llm_adjudication,1,-0.1972806036348909,-0.30648152988771,-0.0880796773820718,-0.1100676864813856
569,0,1,0.6204165780663479,0.649966418468412,True,1,llm_adjudication,1,-0.0900264625192334,-0.2589964605756485,0.0789435355371816,-0.0350647288328105
578,0,0,0.528449166106585,0.541129455632692,True,1,llm_adjudication,1,-0.090274393414949,-0.2785688075425535,0.0980200207126553,-0.1661069213092291
584,1,0,0.4835230499831929,0.6086690571475216,True,1,llm_adjudication,1,0.1200485762219601,-0.0673913928235146,0.3074885452674349,-0.1862053968139435
588,1,1,0.6950874683394853,0.6067692377764136,True,1,llm_adjudication,1,0.0587894358962386,-0.0484590322978972,0.1660379040903744,0.0515171259474075
594,0,1,0.3845124638174599,0.202048263708186,True,1,llm_adjudication,1,-0.1562355457819411,-0.2674610419283067,-0.0450100496355756,-0.1845762402931477
599,0,1,0.5139276407168637,0.3069862927665871,True,1,llm_adjudication,1,0.0028337478025673,-0.1778206034837966,0.1834880990889313,-0.0170208056131654
603,1,1,0.8760250372770755,0.7245136388321798,True,1,llm_adjudication,1,-0.1238591147935558,-0.2620127970605947,0.0142945674734829,-0.4064471216929251
606,0,1,0.2192294077600339,0.3608687382193187,True,1,llm_adjudication,1,0.0550980425261743,-0.0938171346424602,0.2040132196948089,-0.0810499975355446
607,0,0,0.2306889141131686,0.4134998057835559,True,1,llm_adjudication,1,-0.0216562738218585,-0.1533983221651569,0.1100857745214398,-0.2026216599600059
609,0,1,0.2303519206028594,0.1661800464978828,True,1,llm_adjudication,1,0.0607758030358692,-0.0386370194581905,0.1601886255299289,-0.1781520259679382
614,1,1,0.6467946600933504,0.454149402724382,True,1,llm_adjudication,1,-0.0762850273271584,-0.2082569105264663,0.0556868558721494,0.1380098948543894
617,1,0,0.6802572666640975,0.691208308706228,True,1,llm_adjudication,1,-0.1044453797455505,-0.2929745313965995,0.0840837719054983,-0.3297796341794859
621,1,1,0.627291255719527,0.643934722388693,True,1,llm_adjudication,1,-0.1744784076202218,-0.2708140725466572,-0.0781427426937863,-0.103005344759102
626,1,0,0.474501537217078,0.164374600614252,True,1,llm_adjudication,1,-0.1070059528817856,-0.1954149888501613,-0.01859691691341,-0.1473410584362936
638,1,0,0.2748012559824055,0.1239220657092472,True,1,llm_adjudication,1,-0.1102569864356406,-0.1867123429727259,-0.0338016298985553,-0.0289677790752043
648,1,1,0.5446984576494674,0.4969151883647077,True,1,llm_adjudication,1,-0.074344042691369,-0.1649606136430007,0.0162725282602626,0.2265779739142019
651,1,0,0.7414638822974168,0.2073560428214372,True,1,llm_adjudication,1,-0.1673011879190529,-0.2988512948164941,-0.0357510810216118,0.1428509167227937
656,0,0,0.2820466246045192,0.4366149382471533,True,1,llm_adjudication,1,-0.0031256328784993,-0.0734537716156783,0.0672025058586797,0.0080717971819229
662,0,0,0.6929571721037661,0.5688028871898342,True,1,llm_adjudication,1,0.0171603502389151,-0.097181046723299,0.1315017472011293,0.1209044238137532
663,1,1,0.6304851473044282,0.5835748670106308,True,1,llm_adjudication,1,0.0252888695684025,-0.0379155346318665,0.0884932737686717,-0.0006267839972746
676,1,0,0.4599439184764482,0.2987878211415748,True,1,llm_adjudication,1,-0.0325378068840246,-0.139723360642581,0.0746477468745317,0.288078314021742
680,1,0,0.6829703748258147,0.1138559463673801,True,1,llm_adjudication,1,0.0227361070748334,-0.118213254400601,0.1636854685502679,-0.2167613270433704
684,0,0,0.5697406984360188,0.1998318507039766,True,1,llm_adjudication,1,-0.0433637356209476,-0.1508788170944831,0.0641513458525877,-0.0936522813101408
689,1,1,0.8868225930045658,0.8706173422583725,True,1,llm_adjudication,1,-0.0686163482020072,-0.2212986114733567,0.0840659150693421,0.0284377361233592
707,1,0,0.3095601577041158,0.1657451748796045,True,1,llm_adjudication,1,-0.1486839715818726,-0.2423082651905882,-0.055059677973157,-0.1826127486382754
708,0,0,0.3894418068151838,0.3110983385469534,True,1,llm_adjudication,1,-0.0894962168525281,-0.2171622267003998,0.0381697929953435,-0.3033594815556778
712,0,0,0.2267174372063047,0.3991605009537028,True,1,llm_adjudication,1,0.1638946300419768,-0.0842482012853017,0.4120374613692552,0.2026218293203847
713,0,1,0.4479973834356069,0.7899673126686212,True,1,llm_adjudication,1,0.0875146013526546,-0.0503826786677256,0.2254118813730348,0.1835114986066507
723,1,1,0.8791019779208326,0.6312407840166131,True,1,llm_adjudication,1,0.169074120552468,0.0155536387144821,0.3225946023904539,-0.0139812788191581
735,1,1,0.7869431386479372,0.5368141960979033,True,1,llm_adjudication,1,0.0064827038212242,-0.0901238856052494,0.1030892932476978,0.2892291597635016
739,0,1,0.1656792513126042,0.3625667250095327,True,1,llm_adjudication,1,0.0962119470834897,0.0040520488471727,0.1883718453198068,0.0465358406512868
743,1,0,0.6338297786120288,0.6070901283292623,True,1,llm_adjudication,1,-0.0094996804492163,-0.1497923021946187,0.1307929412961859,-0.3588049137290085
744,0,0,0.2696157041235064,0.1526445884995828,True,1,llm_adjudication,1,-0.0895686335163391,-0.2376305344784476,0.0584932674457693,0.000438274286518
752,1,0,0.6647472925894883,0.7208329462562315,True,1,llm_adjudication,1,0.0313775002130556,-0.0633983674396127,0.126153367865724,-0.0486240298536814
760,1,1,0.7134555858731084,0.792566241366111,True,1,llm_adjudication,1,-0.0620278753947976,-0.1766291533956548,0.0525734026060596,-0.1049719012824385
773,1,1,0.8386940353384825,0.852870223315683,True,1,llm_adjudication,1,-0.0557616198961505,-0.2873591069866211,0.1758358671943199,-0.0507876198371495
776,0,0,0.3345234242308092,0.2053377316606053,True,1,llm_adjudication,1,0.0509535668197376,-0.0478987599155945,0.1498058935550698,0.1121593665543734
779,0,0,0.3257453007133764,0.2275431343606286,True,1,llm_adjudication,1,-0.1611694318850842,-0.3033293455876287,-0.0190095181825399,0.2102850669914252
781,1,1,0.6832939038423603,0.63754694937672,True,1,llm_adjudication,1,-0.0572713593652401,-0.2011131070429911,0.0865703883125107,0.03127374458673
782,1,0,0.7648701537663227,0.4641424883295498,True,1,llm_adjudication,1,0.1132912612015043,-0.0955803072227863,0.322162829625795,-0.2788197122576257
783,0,0,0.1217298937920421,0.3168675055683017,True,1,llm_adjudication,1,0.0808870554422883,-0.0649406636974392,0.2267147745820159,0.1176809396097496
798,1,1,0.5742961575804171,0.7338549270059888,True,1,llm_adjudication,1,0.0064846730409721,-0.1461897771228645,0.1591591232048087,-0.0128295956561388
822,0,0,0.7417980053932205,0.6367950734915155,True,1,llm_adjudication,1,0.1614712220532881,0.0252958516339244,0.2976465924726518,0.1568786712897365
827,0,1,0.264977865904604,0.5063020143310597,True,1,llm_adjudication,1,-0.0838996565648934,-0.2141874263822539,0.046388113252467,-0.4717084066230759
839,0,0,0.4808888128545494,0.1562570180525887,True,1,llm_adjudication,1,-0.1735950660914434,-0.2563667356911573,-0.0908233964917295,-0.082870305049013
845,1,1,0.7067711150558171,0.505484558588421,True,1,llm_adjudication,1,0.1135694757700025,-0.0855706119220072,0.3127095634620123,-0.0549671221434375
848,0,0,0.1666158023279128,0.2015602546752192,True,1,llm_adjudication,1,0.1210166946859098,-0.0311530563059225,0.2731864456777423,0.0857810802170664
859,1,1,0.6849906428774399,0.6769103292049636,True,1,llm_adjudication,1,-0.1173012620194926,-0.2436680257928725,0.0090655017538871,0.1009164325149726
868,1,0,0.3082583807209731,0.1535068027524439,True,1,llm_adjudication,1,-0.0620976216529394,-0.1925404295076833,0.0683451862018044,-0.0376875833533315
875,1,1,0.2533396338739371,0.2070879630898262,True,1,llm_adjudication,1,0.1162482892761004,-0.0074136469849183,0.2399102255371192,0.2750351541256375
892,0,0,0.6313698695873204,0.2338246306856515,True,1,llm_adjudication,1,-0.0174996997457183,-0.106095012864324,0.0710956133728874,-0.4218944972490402
893,0,1,0.4558925787626889,0.39302832109664,True,1,llm_adjudication,1,-0.0824668629693927,-0.217751345957935,0.0528176200191495,-0.1389911912905728
898,1,1,0.49462645872228,0.3547315126470555,True,1,llm_adjudication,1,-0.0616960258353317,-0.2097250949339301,0.0863330432632666,0.1148901973385334
908,1,1,0.59795154629418,0.5465323047791424,True,1,llm_adjudication,1,0.0992974412077407,-0.0005483505968018,0.1991432330122833,0.2700079153490359
913,0,0,0.4590740424682504,0.153035619975251,True,1,llm_adjudication,1,0.0440068810933644,-0.0915349300699462,0.179548692256675,0.5763362625455206
915,1,1,0.8444617337210738,0.7902472579186703,True,1,llm_adjudication,1,0.1313225608488966,-0.0464954225191797,0.3091405442169729,-0.1046070455361218
924,0,1,0.1106480738360361,0.3587549645748137,True,1,llm_adjudication,1,0.0088754038971891,-0.1319608871703327,0.1497116949647111,-0.0351858055805025
929,1,0,0.6634216252210545,0.5571596280328351,True,1,llm_adjudication,1,-0.0579140022146028,-0.2308420542919506,0.115014049862745,-0.2246108655442407
934,0,0,0.1758882099010204,0.1479102128392838,True,1,llm_adjudication,1,-0.0837761392554701,-0.2027631079935096,0.0352108294825693,-0.1792356210016621
955,1,1,0.7279935351733413,0.7193079523925068,True,1,llm_adjudication,1,-0.0680526567318382,-0.2176943983810572,0.0815890849173807,-0.4074361291328243
960,1,1,0.516353381546526,0.4874489700889952,True,1,llm_adjudication,1,0.0419780624744645,-0.0759133613122725,0.1598694862612016,0.3030242858082472
961,0,1,0.5952214322323915,0.2839526673389449,True,1,llm_adjudication,1,0.0988036349627414,0.0104584557361956,0.1871488141892871,-0.1738611085467418
967,0,0,0.7111062328377343,0.6026371727046967,True,1,llm_adjudication,1,0.0086802421587947,-0.1507067887614976,0.1680672730790871,0.1131542413041228
976,0,0,0.2229658090752913,0.085181008745948,True,1,llm_adjudication,1,-0.0682737015772917,-0.1932584311657554,0.0567110280111719,-0.1043543822418454
977,1,0,0.8795089744048036,0.5493546289655924,True,1,llm_adjudication,1,0.0459293528953209,-0.1474282149700416,0.2392869207606834,0.2172265382051104
980,1,1,0.7845093011134376,0.5285083827381312,True,1,llm_adjudication,1,-0.029254409191047,-0.0990162295248718,0.0405074111427776,-0.1328309937568829
986,1,0,0.6842931095653495,0.4407593834478375,True,1,llm_adjudication,1,-0.1156938983193003,-0.2276345465536065,-0.0037532500849942,-0.219306647304542
987,0,0,0.4937146818591577,0.4101161855589622,True,1,llm_adjudication,1,-0.0189001479263645,-0.1344295354459068,0.0966292395931777,0.1653784649940301
989,0,0,0.502114524477848,0.4557268144672463,True,1,llm_adjudication,1,-0.0829794173560625,-0.2483339296043762,0.0823750948922511,-0.225530915704844
5,1,1,0.6377114402121038,0.3425497475537619,True,1,llm_adjudication,0,0.1314065907243166,0.0409633726478356,0.2218498088007977,0.2954412588131098
12,0,1,0.4086459470394197,0.3000268973878696,True,1,llm_adjudication,0,0.0018323477158763,-0.1278378353988208,0.1315025308305735,-0.1020346687031714
15,1,0,0.5202019068490832,0.1180738710655429,True,1,llm_adjudication,0,-0.0766663551201841,-0.1649218403471285,0.0115891301067601,-0.0030802974221459
30,0,0,0.5746897562690604,0.2429590676371458,True,1,llm_adjudication,0,-0.0923403956242562,-0.2326398879947883,0.0479590967462757,-0.1582462925714874
39,1,0,0.6048933776872666,0.3441516064005722,True,1,llm_adjudication,0,-0.0946013146421656,-0.3325382348839149,0.1433356055995836,-0.0787740414269622
40,0,0,0.3543801765148926,0.3505743206202041,True,1,llm_adjudication,0,-0.0025233352558787,-0.212236513703224,0.2071898431914665,0.0604749885138391
43,1,0,0.7309350546172592,0.3861893383005025,True,1,llm_adjudication,0,-0.0165276103673154,-0.1399088146279838,0.1068535938933528,-0.1970218052573134
45,0,0,0.2877857978025763,0.3689753372039217,True,1,llm_adjudication,0,0.0154842987261694,-0.0828351158525651,0.1138037133049039,0.1313990388549498
48,1,1,0.4640558918721573,0.5888245392655549,True,1,llm_adjudication,0,-0.1941440092874255,-0.2799387322723273,-0.1083492863025237,-0.0235109324822139
63,1,0,0.493740643635318,0.2016435562654448,True,1,llm_adjudication,0,-0.1567860416509057,-0.2441411430260396,-0.0694309402757718,-0.0806185068185773
67,1,1,0.4135078007326209,0.532633707078535,True,1,llm_adjudication,0,-0.1124766313215784,-0.3282524595278732,0.1032991968847162,-0.4040936263411786
69,0,0,0.4660033727386178,0.4863086898247561,True,1,llm_adjudication,0,-0.1246259673933263,-0.3074574347295032,0.0582054999428506,-0.2535047085663173
72,1,0,0.5908011295185976,0.3649110295452353,True,1,llm_adjudication,0,-0.1421664572026417,-0.2968954908637902,0.0125625764585066,0.0339396341644859
75,1,0,0.8971971121686327,0.590906090484836,True,1,llm_adjudication,0,0.0994116397922503,-0.021175931432654,0.2199992110171548,-0.2190504429096812
93,0,1,0.2343559307381617,0.3708737195266814,True,1,llm_adjudication,0,-0.107685727214834,-0.1929826149861615,-0.0223888394435064,-0.2476334015864339
115,0,0,0.417662784829503,0.3560754401295836,True,1,llm_adjudication,0,-0.0991194670079799,-0.2823809659058478,0.0841420318898879,-0.036066766855671
116,0,1,0.2300810466125331,0.2452458732935051,True,1,llm_adjudication,0,-0.0938593498692102,-0.2519125644070171,0.0641938646685966,-0.0143420614464694
121,1,0,0.829551555662928,0.5644650903605791,True,1,llm_adjudication,0,-0.0753653437633617,-0.2323201912728991,0.0815895037461757,-0.578150415838105
122,1,0,0.6628130336914178,0.1675771919966962,True,1,llm_adjudication,0,-0.0952851393388931,-0.2535281939617131,0.0629579152839267,-0.1662835077113541
123,0,1,0.3974456212092374,0.392430831758484,True,1,llm_adjudication,0,0.0308414334804664,-0.1452224442418244,0.2069053112027571,0.0324676550754574
126,0,0,0.2904388139791195,0.3909132072928165,True,1,llm_adjudication,0,-0.152549869451123,-0.2644512949680121,-0.040648443934234,-0.3010231687743369
130,0,0,0.2686321613885298,0.2184946098827451,True,1,llm_adjudication,0,0.0722158740022813,-0.1307539716486676,0.2751857196532302,0.0063097536564251
137,0,0,0.1910422905713986,0.136704195001431,True,1,llm_adjudication,0,0.0203216377177956,-0.1170496236669934,0.1576928991025846,-0.0353946032330241
145,1,0,0.4660143956373304,0.4421213226322661,True,1,llm_adjudication,0,0.0748765904200132,-0.055683016104456,0.2054361969444825,-0.3376914379771497
151,0,1,0.5191771574449675,0.4662585530143542,True,1,llm_adjudication,0,-0.061385652648762,-0.240976268032752,0.1182049627352278,-0.3148700805651545
162,0,0,0.5856731783723788,0.5989655969474362,True,1,llm_adjudication,0,-0.0438595508291299,-0.1705647596079753,0.0828456579497154,-0.1770906937214045
167,0,1,0.6272436550256896,0.707639467658466,True,1,llm_adjudication,0,0.0018653481732711,-0.1802503250834384,0.1839810214299806,0.0604197624029748
169,1,1,0.718421807752594,0.8744463758885973,True,1,llm_adjudication,0,-0.0781234583506318,-0.2120329042402287,0.055785987538965,-0.059438745764093
180,1,1,0.8672668628184429,0.5657293381904667,True,1,llm_adjudication,0,-0.11102122369443,-0.1968257605667141,-0.0252166868221459,0.0721462057356445
186,1,0,0.5911390146431826,0.5179879989770028,True,1,llm_adjudication,0,0.0057080708704287,-0.1945213469917339,0.2059374887325913,-0.3483873033729417
193,0,0,0.4002310604742047,0.1550758670471376,True,1,llm_adjudication,0,-0.1575170650161283,-0.2443696291267842,-0.0706645009054724,-0.0779057038072634
196,0,0,0.4779684453454312,0.4063942925546509,True,1,llm_adjudication,0,0.0025502385977418,-0.1280288591915579,0.1331293363870416,0.1850042231741754
198,0,0,0.1458736659034418,0.3168318250125152,True,1,llm_adjudication,0,-0.2465752038579263,-0.3916959876542554,-0.1014544200615972,-0.0979604166806298
205,1,1,0.889667935890094,0.4157414662695457,True,1,llm_adjudication,0,-0.0358635174510424,-0.2035086532035306,0.1317816183014456,0.1003900034516338
208,1,1,0.3791739705430976,0.6227098092939151,True,1,llm_adjudication,0,-0.1138688499429331,-0.3012402896123918,0.0735025897265255,-0.3836418638216122
211,0,0,0.231401125726331,0.2290585740477945,True,1,llm_adjudication,0,0.1015259402578244,-0.016597424197935,0.2196493047135838,0.0393623563224266
229,0,0,0.3549105310023648,0.1864281933239119,True,1,llm_adjudication,0,-0.0883657827417784,-0.2348610517589298,0.0581294862753728,-0.0181111175885878
237,0,1,0.3187585270756577,0.6861105920384603,True,1,llm_adjudication,0,0.0544080542882604,-0.1002516844915105,0.2090677930680313,0.0146772385370304
241,1,0,0.338802769940387,0.4470269612145222,True,1,llm_adjudication,0,-0.1109430732116263,-0.2248296960951289,0.0029435496718762,-0.2359562924134932
250,1,1,0.8428866494274864,0.703627059039757,True,1,llm_adjudication,0,0.0098072776618502,-0.2139952214457141,0.2336097767694145,-0.1438166112073363
254,0,1,0.2083929285420307,0.2409944609227921,True,1,llm_adjudication,0,0.0264078026183584,-0.1688954139057542,0.2217110191424711,0.1102961278795356
261,0,0,0.25783316789758,0.1812073244799295,True,1,llm_adjudication,0,0.1493118834877081,0.0413435234655629,0.2572802435098532,0.3128575438256605
264,1,1,0.5133701154893368,0.5783417591739412,True,1,llm_adjudication,0,-0.1109430732116263,-0.2248296960951289,0.0029435496718762,0.101309854190715
265,0,0,0.4673440107611287,0.3563794093146026,True,1,llm_adjudication,0,-0.0998033118967512,-0.2851947224668806,0.0855880986733779,-0.1996664940257019
270,0,0,0.3487407377572455,0.2017139770195508,True,1,llm_adjudication,0,-0.0896221472037333,-0.23843016576949,0.0591858713620233,-0.0598113374777657
271,1,0,0.8208015211662028,0.8654343342544495,True,1,llm_adjudication,0,-0.0856447314968818,-0.2766919748967401,0.1054025119029764,-0.027407061388611
277,1,1,0.8458274757149049,0.5796784555469318,True,1,llm_adjudication,0,0.0063446289790285,-0.1707615392104884,0.1834507971685454,0.1970732338029357
282,0,0,0.4968539889905682,0.4895010838663226,True,1,llm_adjudication,0,-0.0262442607960826,-0.1576734794723264,0.105184957880161,0.2904593735133494
284,0,1,0.2616966831448957,0.4804473555949514,True,1,llm_adjudication,0,-0.0542612230977549,-0.1666271790147535,0.0581047328192435,0.185186885436133
288,1,0,0.7511605014707504,0.5824804714021297,True,1,llm_adjudication,0,-0.0013142631190589,-0.0780414903334399,0.0754129640953219,0.0046401207468271
294,1,1,0.8164796270017057,0.4903126491335002,True,1,llm_adjudication,0,-0.0489570474834975,-0.1368602488465716,0.0389461538795765,-0.349510263326905
318,0,0,0.6636540076542939,0.5705544669325786,True,1,llm_adjudication,0,-0.06882502271567,-0.2506449330504557,0.1129948876191155,-0.2019998573470325
319,1,1,0.8930296774091446,0.7555478412559756,True,1,llm_adjudication,0,-0.1270765587547868,-0.2312362934981951,-0.0229168240113785,0.0427837395033252
328,0,1,0.3943292424817727,0.1894830318720366,True,1,llm_adjudication,0,-0.0078229902580972,-0.1867284048949941,0.1710824243787994,0.1032724399685739
334,0,0,0.3200385380572376,0.2875355167491368,True,1,llm_adjudication,0,-0.1904130802911779,-0.4686059233275825,0.0877797627452265,-0.1484375342195409
339,0,1,0.6907306329755005,0.5644583916735121,True,1,llm_adjudication,0,-0.0257704984388017,-0.1621547297797577,0.1106137329021542,-0.0409641825439516
343,1,1,0.7122793784860058,0.5155210187085154,True,1,llm_adjudication,0,-0.0880953636387643,-0.2538623032810435,0.0776715760035148,-0.252500407706424
346,0,0,0.4668878241550569,0.3395176398810799,True,1,llm_adjudication,0,0.0196823873363734,-0.1104138672525072,0.149778641925254,0.0212575491772035
347,0,1,0.2026382687026036,0.2637419376444213,True,1,llm_adjudication,0,-0.1691382933552484,-0.2840603493249279,-0.0542162373855689,0.0718545920669893
349,0,1,0.7980010545149436,0.6771543356924604,True,1,llm_adjudication,0,-0.1429708444214671,-0.2714834783959645,-0.0144582104469697,0.0326887855021832
354,1,0,0.532805219686784,0.2924577715670299,True,1,llm_adjudication,0,-0.1045806890119748,-0.2213315119784483,0.0121701339544985,-0.1429713506752603
357,1,1,0.6408274001124588,0.2999253159315922,True,1,llm_adjudication,0,-0.2130648041759133,-0.303385145048674,-0.1227444633031526,0.1013446835796018
360,1,0,0.3477877504865826,0.3387807653978252,True,1,llm_adjudication,0,-0.1095333712614207,-0.2091284929441096,-0.0099382495787318,-0.2099547686179699
361,0,0,0.2966110817618265,0.2305933915777401,True,1,llm_adjudication,0,-0.0712673326337549,-0.2272795058596398,0.0847448405921299,-0.0406445885166562
365,1,0,0.6049751553904226,0.2863717839207137,True,1,llm_adjudication,0,-0.1093674366647807,-0.3231393243757799,0.1044044510462183,-0.3344524588585174
368,1,0,0.6849883638981021,0.3273397311753073,True,1,llm_adjudication,0,-0.0129174406626541,-0.1274180364506773,0.101583155125369,-0.0542746685428054
370,1,0,0.1979034024075983,0.1080026000983676,True,1,llm_adjudication,0,-0.0872257508112478,-0.3176463554165809,0.1431948537940851,-0.112249188104001
380,0,1,0.7471666727680591,0.4674264398886901,True,1,llm_adjudication,0,-0.0464543405462621,-0.2448631179708124,0.151954436878288,-0.4595323870462047
384,1,1,0.6900728481780237,0.5112597274821526,True,1,llm_adjudication,0,0.0537417921255354,-0.0732538557289566,0.1807374399800275,0.0703099140074529
392,1,1,0.7956043945971023,0.7308406047876336,True,1,llm_adjudication,0,-0.1099050653238969,-0.2475097341446699,0.0276996034968759,0.0859568948245617
398,0,1,0.3206138626697417,0.4568522392771472,True,1,llm_adjudication,0,0.0438269649715343,-0.1102278398825035,0.1978817698255721,-0.3498504475078327
409,0,0,0.1833779169179833,0.4439000770292082,True,1,llm_adjudication,0,-0.1305897176459023,-0.2936258985143806,0.0324464632225759,0.1455426515223805
422,1,1,0.4374280553015159,0.348712461995259,True,1,llm_adjudication,0,0.1363389120613717,-0.0162625148331663,0.2889403389559098,0.0487539624800851
424,1,0,0.6770097302582416,0.7052642761137701,True,1,llm_adjudication,0,-0.1142697061160229,-0.2732051697312484,0.0446657574992025,-0.411950972386599
431,1,1,0.4372491262168222,0.6279412483546116,True,1,llm_adjudication,0,-0.1477135885567564,-0.2521930833934422,-0.0432340937200707,-0.3266540670636856
433,0,0,0.1052517072609647,0.1042730496200623,True,1,llm_adjudication,0,-0.1697756107021391,-0.2845890921084451,-0.0549621292958332,-0.0340215315582068
435,0,1,0.4409894527049854,0.6729711349557012,True,1,llm_adjudication,0,-0.004943396684841,-0.1863127341351737,0.1764259407654916,-0.1074231289419768
446,1,0,0.2790381570542702,0.1637599933059333,True,1,llm_adjudication,0,0.0043878867953613,-0.1816290556906408,0.1904048292813636,-0.0643252741052308
447,1,1,0.536835214889051,0.5503554221394807,True,1,llm_adjudication,0,-0.0172072489877783,-0.2219209116465754,0.1875064136710187,0.0341449947609453
451,1,1,0.7690955084071955,0.6112206494377056,True,1,llm_adjudication,0,-0.0894891281125709,-0.217029706686599,0.038051450461457,-0.1766356384611831
460,1,0,0.390947709654434,0.2799446997374306,True,1,llm_adjudication,0,-0.0123628083323413,-0.1353387178233828,0.1106131011587,-0.1508996908138559
462,0,0,0.4757820881301206,0.3798226570352518,True,1,llm_adjudication,0,0.0187401545247379,-0.1395812203725151,0.177061529421991,-0.0287736934267696
465,0,1,0.4312755600906261,0.6491876730428766,True,1,llm_adjudication,0,-0.0677321594945046,-0.245748754360916,0.1102844353719067,-0.0735231182259229
467,0,0,0.2562069965782711,0.2668403826074519,True,1,llm_adjudication,0,-0.0442060433213173,-0.2053359774860298,0.1169238908433951,0.1810953069201813
468,1,0,0.4488229378693237,0.4590625162462623,True,1,llm_adjudication,0,0.0479676594728381,-0.1179022510659171,0.2138375700115934,-0.3639434178511885
474,0,0,0.4334979519869535,0.382804016004297,True,1,llm_adjudication,0,0.0058083553554083,-0.1264163290472367,0.1380330397580535,0.2702421419125612
478,1,0,0.5739982744039367,0.2947270948162633,True,1,llm_adjudication,0,-0.0123161445697423,-0.1474350866997764,0.1228027975602917,-0.1411313948828423
481,0,1,0.5087083360409932,0.4082550174102792,True,1,llm_adjudication,0,-0.0609473643020345,-0.1985407284901404,0.0766459998860712,0.2425677441982232
486,1,1,0.7441202307802978,0.6148549412893181,True,1,llm_adjudication,0,-0.1036266486342973,-0.3057647086002069,0.0985114113316121,-0.6892153014395378
487,1,1,0.8467975192157075,0.5866738910251524,True,1,llm_adjudication,0,-0.0413328680355318,-0.1310024460534406,0.0483367099823768,-0.0281566916150681
498,0,0,0.3020648921646804,0.1979830251548477,True,1,llm_adjudication,0,-0.1225699375601475,-0.3145484228919416,0.0694085477716466,-0.1062618189134249
503,0,0,0.3446948747805175,0.2658055219729751,True,1,llm_adjudication,0,-0.0344857700796408,-0.2112153483079639,0.1422438081486821,-0.1672850542834813
507,1,1,0.8311033999506614,0.7945564212316646,True,1,llm_adjudication,0,-0.0324104701922862,-0.1749424096927438,0.1101214693081713,-0.0308549288115069
508,0,0,0.5229332692489086,0.2601699446166555,True,1,llm_adjudication,0,-0.2105655620263191,-0.3057060508436717,-0.1154250732089665,-0.0562097208968652
514,1,1,0.8270038617254091,0.6943390637417084,True,1,llm_adjudication,0,-0.0031854727783247,-0.1851763409302718,0.1788053953736223,-0.0614781201380465
526,0,0,0.1578259392999683,0.130444744119986,True,1,llm_adjudication,0,0.0897911201300725,-0.0456086855885199,0.225190925848665,0.0202992312699243
528,1,1,0.6647472925894883,0.7352516088728809,True,1,llm_adjudication,0,0.0167743893847099,-0.1702697332413404,0.2038185120107602,-0.3151680255715663
532,1,0,0.5659465902283147,0.4305883970188177,True,1,llm_adjudication,0,-0.1609565877286092,-0.2953266015445753,-0.0265865739126432,-0.5334643262344162
534,0,1,0.6356185713393279,0.4957060818429861,True,1,llm_adjudication,0,0.1700863674254681,0.054578888093544,0.2855938467573923,0.1354339849207388
535,0,0,0.6385549390569282,0.3491581541021244,True,1,llm_adjudication,0,0.0270261256765297,-0.0966873445101973,0.1507395958632567,0.0370406161049267
538,1,0,0.7165422603028302,0.5565385298635452,True,1,llm_adjudication,0,0.0527934399579132,-0.1412181086003795,0.246804988516206,-0.0621285127855897
539,0,1,0.3919352408994978,0.3980788389051554,True,1,llm_adjudication,0,-0.0148163739871839,-0.1549520435689869,0.125319295594619,-0.1112600630826312
546,0,0,0.3024691154894626,0.1674140399970113,True,1,llm_adjudication,0,-0.0357278085546792,-0.2538134425915552,0.1823578254821967,-0.0662060867935373
549,1,0,0.737809295603759,0.4018100071172399,True,1,llm_adjudication,0,-0.1139884147899455,-0.193070023298573,-0.0349068062813181,-0.2260567918036844
550,0,0,0.2296862036406513,0.125078688297396,True,1,llm_adjudication,0,-0.2924472906772583,-0.4425527911595123,-0.1423417901950043,-0.0838160275346101
552,1,0,0.5131292585651384,0.1904453106666334,True,1,llm_adjudication,0,-0.1262032382252499,-0.2498804831743577,-0.0025259932761421,0.08753892270289
559,1,0,0.6085123450001269,0.405681505096466,True,1,llm_adjudication,0,-0.0254580424946855,-0.2214191423343871,0.1705030573450159,-0.3657608504843099
560,1,1,0.8655555287273489,0.6294406160354643,True,1,llm_adjudication,0,-0.0899967560164212,-0.2247480772191087,0.0447545651862662,-0.0646999077179867
561,1,0,0.6004522932294956,0.2519387481121832,True,1,llm_adjudication,0,0.0629914738886538,-0.1218751115655832,0.2478580593428908,-0.1484763527289404
563,0,0,0.3497769690033058,0.3001244011940171,True,1,llm_adjudication,0,-0.1268766831680889,-0.2508247219611978,-0.0029286443749801,0.0872341997213746
568,1,1,0.8420165704415828,0.7241993149028411,True,1,llm_adjudication,0,-0.1991830459920814,-0.3410806955172218,-0.0572853964669411,-0.1100676864813856
569,0,1,0.6204165780663479,0.649966418468412,True,1,llm_adjudication,0,-0.0758948059760352,-0.1796030689257385,0.027813456973668,-0.0350647288328105
578,0,0,0.528449166106585,0.541129455632692,True,1,llm_adjudication,0,-0.0975678853152369,-0.3037464147407947,0.1086106441103207,-0.1661069213092291
584,1,0,0.4835230499831929,0.6086690571475216,True,1,llm_adjudication,0,0.1093068063116653,-0.0161922865905423,0.2348058992138731,-0.1862053968139435
588,1,1,0.6950874683394853,0.6067692377764136,True,1,llm_adjudication,0,0.062766654256536,-0.1132631886603384,0.2387964971734105,0.0515171259474075
594,0,1,0.3845124638174599,0.202048263708186,True,1,llm_adjudication,0,-0.1321121705288106,-0.2249745804087967,-0.0392497606488245,-0.1845762402931477
599,0,1,0.5139276407168637,0.3069862927665871,True,1,llm_adjudication,0,0.0238312599591256,-0.1586190152237994,0.2062815351420507,-0.0170208056131654
603,1,1,0.8760250372770755,0.7245136388321798,True,1,llm_adjudication,0,-0.1276900096626724,-0.2649884006166523,0.0096083812913074,-0.4064471216929251
606,0,1,0.2192294077600339,0.3608687382193187,True,1,llm_adjudication,0,0.0227710556884012,-0.1618803384023494,0.2074224497791518,-0.0810499975355446
607,0,0,0.2306889141131686,0.4134998057835559,True,1,llm_adjudication,0,-0.0219671663101046,-0.128475598689181,0.0845412660689716,-0.2026216599600059
609,0,1,0.2303519206028594,0.1661800464978828,True,1,llm_adjudication,0,0.0388012692643095,-0.1011362616448361,0.1787388001734553,-0.1781520259679382
614,1,1,0.6467946600933504,0.454149402724382,True,1,llm_adjudication,0,-0.1045440091749898,-0.2491222170490238,0.0400341986990441,0.1380098948543894
617,1,0,0.6802572666640975,0.691208308706228,True,1,llm_adjudication,0,-0.1749853678524778,-0.4267730635042353,0.0768023277992795,-0.3297796341794859
621,1,1,0.627291255719527,0.643934722388693,True,1,llm_adjudication,0,-0.1460916298392892,-0.27347393906912,-0.0187093206094584,-0.103005344759102
626,1,0,0.474501537217078,0.164374600614252,True,1,llm_adjudication,0,-0.1126801216834422,-0.2964885499823398,0.0711283066154554,-0.1473410584362936
638,1,0,0.2748012559824055,0.1239220657092472,True,1,llm_adjudication,0,-0.1038320445671658,-0.3076677599940782,0.1000036708597465,-0.0289677790752043
648,1,1,0.5446984576494674,0.4969151883647077,True,1,llm_adjudication,0,-0.0804630385927051,-0.2029254191278309,0.0419993419424205,0.2265779739142019
651,1,0,0.7414638822974168,0.2073560428214372,True,1,llm_adjudication,0,-0.1631605606363077,-0.2959944144122566,-0.0303267068603587,0.1428509167227937
656,0,0,0.2820466246045192,0.4366149382471533,True,1,llm_adjudication,0,-0.0286346638464062,-0.2276896771583068,0.1704203494654944,0.0080717971819229
662,0,0,0.6929571721037661,0.5688028871898342,True,1,llm_adjudication,0,0.0126354234795302,-0.1301709298036927,0.1554417767627532,0.1209044238137532
663,1,1,0.6304851473044282,0.5835748670106308,True,1,llm_adjudication,0,0.0259068693169823,-0.1402932698840128,0.1921070085179774,-0.0006267839972746
676,1,0,0.4599439184764482,0.2987878211415748,True,1,llm_adjudication,0,-0.0698580255015779,-0.2239887578099142,0.0842727068067583,0.288078314021742
680,1,0,0.6829703748258147,0.1138559463673801,True,1,llm_adjudication,0,0.0526084596550823,-0.0966742291844844,0.2018911484946491,-0.2167613270433704
684,0,0,0.5697406984360188,0.1998318507039766,True,1,llm_adjudication,0,-0.0302814975269795,-0.1547890435860673,0.0942260485321082,-0.0936522813101408
689,1,1,0.8868225930045658,0.8706173422583725,True,1,llm_adjudication,0,-0.1044755593692255,-0.333632381846545,0.1246812631080939,0.0284377361233592
707,1,0,0.3095601577041158,0.1657451748796045,True,1,llm_adjudication,0,-0.1882337050270963,-0.3464917148162651,-0.0299756952379277,-0.1826127486382754
708,0,0,0.3894418068151838,0.3110983385469534,True,1,llm_adjudication,0,-0.0918733729911826,-0.2245989215441161,0.0408521755617508,-0.3033594815556778
712,0,0,0.2267174372063047,0.3991605009537028,True,1,llm_adjudication,0,0.1150237939041148,-0.0798640635962546,0.3099116514044842,0.2026218293203847
713,0,1,0.4479973834356069,0.7899673126686212,True,1,llm_adjudication,0,0.0783881515136611,-0.0431251369985663,0.1999014400258885,0.1835114986066507
723,1,1,0.8791019779208326,0.6312407840166131,True,1,llm_adjudication,0,0.1893440830768489,0.0167216337514007,0.3619665324022971,-0.0139812788191581
735,1,1,0.7869431386479372,0.5368141960979033,True,1,llm_adjudication,0,0.0182978915007106,-0.1017372252463079,0.1383330082477292,0.2892291597635016
739,0,1,0.1656792513126042,0.3625667250095327,True,1,llm_adjudication,0,0.0768708276014623,-0.0246023569116149,0.1783440121145397,0.0465358406512868
743,1,0,0.6338297786120288,0.6070901283292623,True,1,llm_adjudication,0,-0.0391267103168095,-0.1795417749268827,0.1012883542932636,-0.3588049137290085
744,0,0,0.2696157041235064,0.1526445884995828,True,1,llm_adjudication,0,-0.0711780042507324,-0.2173448002753014,0.0749887917738364,0.000438274286518
752,1,0,0.6647472925894883,0.7208329462562315,True,1,llm_adjudication,0,0.0372365687862229,-0.1451637292443895,0.2196368668168354,-0.0486240298536814
760,1,1,0.7134555858731084,0.792566241366111,True,1,llm_adjudication,0,-0.093011702067622,-0.2690818886972513,0.0830584845620071,-0.1049719012824385
773,1,1,0.8386940353384825,0.852870223315683,True,1,llm_adjudication,0,-0.0081257588952677,-0.2242185251883811,0.2079670073978455,-0.0507876198371495
776,0,0,0.3345234242308092,0.2053377316606053,True,1,llm_adjudication,0,0.061634431372747,-0.133661427716553,0.2569302904620471,0.1121593665543734
779,0,0,0.3257453007133764,0.2275431343606286,True,1,llm_adjudication,0,-0.1880448593965255,-0.2829317357795301,-0.0931579830135208,0.2102850669914252
781,1,1,0.6832939038423603,0.63754694937672,True,1,llm_adjudication,0,-0.0830649345924066,-0.2706580779852713,0.1045282088004579,0.03127374458673
782,1,0,0.7648701537663227,0.4641424883295498,True,1,llm_adjudication,0,0.1077343147797773,-0.0316162086955511,0.2470848382551057,-0.2788197122576257
783,0,0,0.1217298937920421,0.3168675055683017,True,1,llm_adjudication,0,0.0855496480596124,-0.0434455514347317,0.2145448475539566,0.1176809396097496
798,1,1,0.5742961575804171,0.7338549270059888,True,1,llm_adjudication,0,0.0005458463434968,-0.1689495644579411,0.1700412571449347,-0.0128295956561388
822,0,0,0.7417980053932205,0.6367950734915155,True,1,llm_adjudication,0,0.1587429533622992,0.0314268689116159,0.2860590378129825,0.1568786712897365
827,0,1,0.264977865904604,0.5063020143310597,True,1,llm_adjudication,0,-0.136726244599449,-0.3572658255472912,0.0838133363483932,-0.4717084066230759
839,0,0,0.4808888128545494,0.1562570180525887,True,1,llm_adjudication,0,-0.1550553183912943,-0.299411773697735,-0.0106988630848536,-0.082870305049013
845,1,1,0.7067711150558171,0.505484558588421,True,1,llm_adjudication,0,0.1435613489511694,-0.0176883440134117,0.3048110419157505,-0.0549671221434375
848,0,0,0.1666158023279128,0.2015602546752192,True,1,llm_adjudication,0,0.0873403196984256,-0.1759396226763473,0.3506202620731984,0.0857810802170664
859,1,1,0.6849906428774399,0.6769103292049636,True,1,llm_adjudication,0,-0.1219010580574622,-0.2089413219540603,-0.0348607941608641,0.1009164325149726
868,1,0,0.3082583807209731,0.1535068027524439,True,1,llm_adjudication,0,-0.030046160656275,-0.1736224652000768,0.1135301438875266,-0.0376875833533315
875,1,1,0.2533396338739371,0.2070879630898262,True,1,llm_adjudication,0,0.0853514694007835,-0.0678353061263212,0.2385382449278882,0.2750351541256375
892,0,0,0.6313698695873204,0.2338246306856515,True,1,llm_adjudication,0,-0.0207427886203116,-0.1949724827293501,0.1534869054887266,-0.4218944972490402
893,0,1,0.4558925787626889,0.39302832109664,True,1,llm_adjudication,0,-0.0683055011708601,-0.1948979708757088,0.0582869685339884,-0.1389911912905728
898,1,1,0.49462645872228,0.3547315126470555,True,1,llm_adjudication,0,-0.0284776862880662,-0.163227604015457,0.1062722314393246,0.1148901973385334
908,1,1,0.59795154629418,0.5465323047791424,True,1,llm_adjudication,0,0.0846129380387519,-0.0265173289542306,0.1957432050317344,0.2700079153490359
913,0,0,0.4590740424682504,0.153035619975251,True,1,llm_adjudication,0,0.071007733724095,-0.0861460443616546,0.2281615118098446,0.5763362625455206
915,1,1,0.8444617337210738,0.7902472579186703,True,1,llm_adjudication,0,0.1351421284377926,-0.018293943307776,0.2885782001833612,-0.1046070455361218
924,0,1,0.1106480738360361,0.3587549645748137,True,1,llm_adjudication,0,-0.0330987713032341,-0.1683075943833679,0.1021100517768996,-0.0351858055805025
929,1,0,0.6634216252210545,0.5571596280328351,True,1,llm_adjudication,0,-0.0215325655035869,-0.2512724660807075,0.2082073350735336,-0.2246108655442407
934,0,0,0.1758882099010204,0.1479102128392838,True,1,llm_adjudication,0,-0.1156225811248596,-0.3157793763017327,0.0845342140520132,-0.1792356210016621
955,1,1,0.7279935351733413,0.7193079523925068,True,1,llm_adjudication,0,-0.0514699441784252,-0.2529314698887819,0.1499915815319314,-0.4074361291328243
960,1,1,0.516353381546526,0.4874489700889952,True,1,llm_adjudication,0,0.0578394346131695,-0.1341307171726874,0.2498095863990264,0.3030242858082472
961,0,1,0.5952214322323915,0.2839526673389449,True,1,llm_adjudication,0,0.1097280142837199,-0.0611214060617688,0.2805774346292086,-0.1738611085467418
967,0,0,0.7111062328377343,0.6026371727046967,True,1,llm_adjudication,0,0.0206301938225893,-0.1671584217427374,0.2084188093879161,0.1131542413041228
976,0,0,0.2229658090752913,0.085181008745948,True,1,llm_adjudication,0,-0.0895059996887851,-0.264441125731131,0.0854291263535606,-0.1043543822418454
977,1,0,0.8795089744048036,0.5493546289655924,True,1,llm_adjudication,0,0.041484249871897,-0.1097216469389378,0.1926901466827319,0.2172265382051104
980,1,1,0.7845093011134376,0.5285083827381312,True,1,llm_adjudication,0,-0.0103641857726501,-0.2078290597361513,0.1871006881908508,-0.1328309937568829
986,1,0,0.6842931095653495,0.4407593834478375,True,1,llm_adjudication,0,-0.1057516834057029,-0.2220187870426511,0.0105154202312453,-0.219306647304542
987,0,0,0.4937146818591577,0.4101161855589622,True,1,llm_adjudication,0,-0.0474065467757181,-0.1653895018599376,0.0705764083085012,0.1653784649940301
989,0,0,0.502114524477848,0.4557268144672463,True,1,llm_adjudication,0,-0.0515909150836673,-0.2191092539414718,0.1159274237741371,-0.225530915704844
5,1,1,0.6377114402121038,0.3425497475537619,True,1,llm_adjudication,2,0.144925939674283,0.0241200541251796,0.2657318252233863,0.2954412588131098
12,0,1,0.4086459470394197,0.3000268973878696,True,1,llm_adjudication,2,0.0179080777104478,-0.1064699206301818,0.1422860760510774,-0.1020346687031714
15,1,0,0.5202019068490832,0.1180738710655429,True,1,llm_adjudication,2,-0.0694655747176224,-0.1747693122483709,0.0358381628131259,-0.0030802974221459
30,0,0,0.5746897562690604,0.2429590676371458,True,1,llm_adjudication,2,-0.0897296219326427,-0.2957009449853081,0.1162417011200225,-0.1582462925714874
39,1,0,0.6048933776872666,0.3441516064005722,True,1,llm_adjudication,2,-0.061359745281008,-0.2327513872719815,0.1100318967099653,-0.0787740414269622
40,0,0,0.3543801765148926,0.3505743206202041,True,1,llm_adjudication,2,0.0052230525185326,-0.1388107920306042,0.1492568970676695,0.0604749885138391
43,1,0,0.7309350546172592,0.3861893383005025,True,1,llm_adjudication,2,-0.0027017441359346,-0.1503167906613542,0.1449133023894848,-0.1970218052573134
45,0,0,0.2877857978025763,0.3689753372039217,True,1,llm_adjudication,2,-0.0327973293398664,-0.2336265569464406,0.1680318982667076,0.1313990388549498
48,1,1,0.4640558918721573,0.5888245392655549,True,1,llm_adjudication,2,-0.1802674608089314,-0.2710889963030635,-0.0894459253147994,-0.0235109324822139
63,1,0,0.493740643635318,0.2016435562654448,True,1,llm_adjudication,2,-0.1096445004710442,-0.2462303127722963,0.0269413118302077,-0.0806185068185773
67,1,1,0.4135078007326209,0.532633707078535,True,1,llm_adjudication,2,-0.0804327489549983,-0.1739774774932238,0.0131119795832271,-0.4040936263411786
69,0,0,0.4660033727386178,0.4863086898247561,True,1,llm_adjudication,2,-0.1079016415891264,-0.2857207501710428,0.0699174669927899,-0.2535047085663173
72,1,0,0.5908011295185976,0.3649110295452353,True,1,llm_adjudication,2,-0.1035125265541672,-0.2339479238135678,0.0269228707052333,0.0339396341644859
75,1,0,0.8971971121686327,0.590906090484836,True,1,llm_adjudication,2,0.1189067950816913,-0.004737107046872,0.2425506972102547,-0.2190504429096812
93,0,1,0.2343559307381617,0.3708737195266814,True,1,llm_adjudication,2,-0.1161022446916125,-0.2904242756884938,0.0582197863052687,-0.2476334015864339
115,0,0,0.417662784829503,0.3560754401295836,True,1,llm_adjudication,2,-0.0861727314001097,-0.2143213999297819,0.0419759371295624,-0.036066766855671
116,0,1,0.2300810466125331,0.2452458732935051,True,1,llm_adjudication,2,-0.078389702049785,-0.1923732002255069,0.0355937961259368,-0.0143420614464694
121,1,0,0.829551555662928,0.5644650903605791,True,1,llm_adjudication,2,-0.0583513992302173,-0.2791990378098228,0.162496239349388,-0.578150415838105
122,1,0,0.6628130336914178,0.1675771919966962,True,1,llm_adjudication,2,-0.0926326810220037,-0.2841221463825591,0.0988567843385515,-0.1662835077113541
123,0,1,0.3974456212092374,0.392430831758484,True,1,llm_adjudication,2,0.0464182117821825,-0.109980630459581,0.2028170540239461,0.0324676550754574
126,0,0,0.2904388139791195,0.3909132072928165,True,1,llm_adjudication,2,-0.1589403189867813,-0.3105947956470936,-0.0072858423264691,-0.3010231687743369
130,0,0,0.2686321613885298,0.2184946098827451,True,1,llm_adjudication,2,0.0816287042774308,-0.0624751152926592,0.2257325238475208,0.0063097536564251
137,0,0,0.1910422905713986,0.136704195001431,True,1,llm_adjudication,2,0.0322829393231549,-0.1678208680685793,0.2323867467148892,-0.0353946032330241
145,1,0,0.4660143956373304,0.4421213226322661,True,1,llm_adjudication,2,0.0828503870633202,-0.0241275029166363,0.1898282770432768,-0.3376914379771497
151,0,1,0.5191771574449675,0.4662585530143542,True,1,llm_adjudication,2,-0.060002079029129,-0.1796305163840364,0.0596263583257782,-0.3148700805651545
162,0,0,0.5856731783723788,0.5989655969474362,True,1,llm_adjudication,2,-0.054455641798577,-0.1974823821587433,0.0885710985615891,-0.1770906937214045
167,0,1,0.6272436550256896,0.707639467658466,True,1,llm_adjudication,2,0.0107210980018729,-0.1089735205403995,0.1304157165441454,0.0604197624029748
169,1,1,0.718421807752594,0.8744463758885973,True,1,llm_adjudication,2,-0.066213351306494,-0.2065844569790976,0.0741577543661094,-0.059438745764093
180,1,1,0.8672668628184429,0.5657293381904667,True,1,llm_adjudication,2,-0.0950497028075532,-0.1821060708239362,-0.0079933347911702,0.0721462057356445
186,1,0,0.5911390146431826,0.5179879989770028,True,1,llm_adjudication,2,0.0110014258005113,-0.1359721406001347,0.1579749922011574,-0.3483873033729417
193,0,0,0.4002310604742047,0.1550758670471376,True,1,llm_adjudication,2,-0.1096445004710442,-0.2462303127722963,0.0269413118302077,-0.0779057038072634
196,0,0,0.4779684453454312,0.4063942925546509,True,1,llm_adjudication,2,0.0179080777104478,-0.1064699206301818,0.1422860760510774,0.1850042231741754
198,0,0,0.1458736659034418,0.3168318250125152,True,1,llm_adjudication,2,-0.2110483624092363,-0.2813637070415324,-0.1407330177769403,-0.0979604166806298
205,1,1,0.889667935890094,0.4157414662695457,True,1,llm_adjudication,2,-0.0448097566260688,-0.216724053397767,0.1271045401456293,0.1003900034516338
208,1,1,0.3791739705430976,0.6227098092939151,True,1,llm_adjudication,2,-0.0244482435691744,-0.2087699322410546,0.1598734451027058,-0.3836418638216122
211,0,0,0.231401125726331,0.2290585740477945,True,1,llm_adjudication,2,0.1060236709811081,-0.0346660302794113,0.2467133722416277,0.0393623563224266
229,0,0,0.3549105310023648,0.1864281933239119,True,1,llm_adjudication,2,-0.0480023009684286,-0.2765496004008771,0.1805449984640198,-0.0181111175885878
237,0,1,0.3187585270756577,0.6861105920384603,True,1,llm_adjudication,2,0.0874439751102467,-0.0489248014083525,0.2238127516288461,0.0146772385370304
241,1,0,0.338802769940387,0.4470269612145222,True,1,llm_adjudication,2,-0.0951293010513789,-0.2485927683418763,0.0583341662391184,-0.2359562924134932
250,1,1,0.8428866494274864,0.703627059039757,True,1,llm_adjudication,2,0.0038901735893073,-0.2255873115087047,0.2333676586873193,-0.1438166112073363
254,0,1,0.2083929285420307,0.2409944609227921,True,1,llm_adjudication,2,0.0247329767270868,-0.0759762045241879,0.1254421579783616,0.1102961278795356
261,0,0,0.25783316789758,0.1812073244799295,True,1,llm_adjudication,2,0.1613735982940865,0.0146964983892158,0.3080506981989572,0.3128575438256605
264,1,1,0.5133701154893368,0.5783417591739412,True,1,llm_adjudication,2,-0.0951293010513789,-0.2485927683418763,0.0583341662391184,0.101309854190715
265,0,0,0.4673440107611287,0.3563794093146026,True,1,llm_adjudication,2,-0.0716253924539379,-0.1917390786409316,0.0484882937330557,-0.1996664940257019
270,0,0,0.3487407377572455,0.2017139770195508,True,1,llm_adjudication,2,-0.0824181238417787,-0.2358834497336778,0.0710472020501203,-0.0598113374777657
271,1,0,0.8208015211662028,0.8654343342544495,True,1,llm_adjudication,2,-0.0835459431609337,-0.2469343710420165,0.0798424847201489,-0.027407061388611
277,1,1,0.8458274757149049,0.5796784555469318,True,1,llm_adjudication,2,-0.0018359636069823,-0.1296341754265196,0.1259622482125548,0.1970732338029357
282,0,0,0.4968539889905682,0.4895010838663226,True,1,llm_adjudication,2,0.0195519376030763,-0.1434935211807367,0.1825973963868893,0.2904593735133494
284,0,1,0.2616966831448957,0.4804473555949514,True,1,llm_adjudication,2,-0.0310068942543996,-0.1773362859317377,0.1153224974229383,0.185186885436133
288,1,0,0.7511605014707504,0.5824804714021297,True,1,llm_adjudication,2,-0.0171069587300202,-0.1567141073961074,0.122500189936067,0.0046401207468271
294,1,1,0.8164796270017057,0.4903126491335002,True,1,llm_adjudication,2,-0.0607421110638933,-0.1747994315324914,0.0533152094047048,-0.349510263326905
318,0,0,0.6636540076542939,0.5705544669325786,True,1,llm_adjudication,2,-0.0308634409079845,-0.1991758941837677,0.1374490123677986,-0.2019998573470325
319,1,1,0.8930296774091446,0.7555478412559756,True,1,llm_adjudication,2,-0.1444678490850808,-0.2829781060126143,-0.0059575921575473,0.0427837395033252
328,0,1,0.3943292424817727,0.1894830318720366,True,1,llm_adjudication,2,0.0081264397689238,-0.1832564297499697,0.1995093092878175,0.1032724399685739
334,0,0,0.3200385380572376,0.2875355167491368,True,1,llm_adjudication,2,-0.1399023788964502,-0.2208013300490791,-0.0590034277438214,-0.1484375342195409
339,0,1,0.6907306329755005,0.5644583916735121,True,1,llm_adjudication,2,0.0104397344454326,-0.1151746527961646,0.1360541216870299,-0.0409641825439516
343,1,1,0.7122793784860058,0.5155210187085154,True,1,llm_adjudication,2,-0.0743237629837246,-0.2880242734090689,0.1393767474416196,-0.252500407706424
346,0,0,0.4668878241550569,0.3395176398810799,True,1,llm_adjudication,2,0.0275805098809392,-0.1931094620320654,0.2482704817939439,0.0212575491772035
347,0,1,0.2026382687026036,0.2637419376444213,True,1,llm_adjudication,2,-0.1308104825928621,-0.219785801964525,-0.0418351632211993,0.0718545920669893
349,0,1,0.7980010545149436,0.6771543356924604,True,1,llm_adjudication,2,-0.1453983443721218,-0.3239021046648568,0.0331054159206131,0.0326887855021832
354,1,0,0.532805219686784,0.2924577715670299,True,1,llm_adjudication,2,-0.0804189947103542,-0.2122645382080282,0.0514265487873197,-0.1429713506752603
357,1,1,0.6408274001124588,0.2999253159315922,True,1,llm_adjudication,2,-0.1742296654083127,-0.2844171534411512,-0.0640421773754743,0.1013446835796018
360,1,0,0.3477877504865826,0.3387807653978252,True,1,llm_adjudication,2,-0.0868646315089985,-0.2285945000572817,0.0548652370392845,-0.2099547686179699
361,0,0,0.2966110817618265,0.2305933915777401,True,1,llm_adjudication,2,-0.0785856023665283,-0.2268108131049589,0.0696396083719022,-0.0406445885166562
365,1,0,0.6049751553904226,0.2863717839207137,True,1,llm_adjudication,2,-0.090685350358305,-0.2019508084200943,0.0205801077034843,-0.3344524588585174
368,1,0,0.6849883638981021,0.3273397311753073,True,1,llm_adjudication,2,0.0089893736723335,-0.123495070508718,0.141473817853385,-0.0542746685428054
370,1,0,0.1979034024075983,0.1080026000983676,True,1,llm_adjudication,2,-0.0613656384518233,-0.1594669813555831,0.0367357044519364,-0.112249188104001
380,0,1,0.7471666727680591,0.4674264398886901,True,1,llm_adjudication,2,-0.0551061209235718,-0.1765314314403512,0.0663191895932075,-0.4595323870462047
384,1,1,0.6900728481780237,0.5112597274821526,True,1,llm_adjudication,2,0.074245729110062,-0.1019871457857476,0.2504786040058717,0.0703099140074529
392,1,1,0.7956043945971023,0.7308406047876336,True,1,llm_adjudication,2,-0.0903288302336719,-0.1964948900589863,0.0158372295916424,0.0859568948245617
398,0,1,0.3206138626697417,0.4568522392771472,True,1,llm_adjudication,2,0.0458207504197283,-0.0860029488810771,0.1776444497205338,-0.3498504475078327
409,0,0,0.1833779169179833,0.4439000770292082,True,1,llm_adjudication,2,-0.1001931127616206,-0.2165223612122595,0.0161361356890181,0.1455426515223805
422,1,1,0.4374280553015159,0.348712461995259,True,1,llm_adjudication,2,0.1302346599431702,0.0019328763478382,0.2585364435385023,0.0487539624800851
424,1,0,0.6770097302582416,0.7052642761137701,True,1,llm_adjudication,2,-0.1035665435564654,-0.2449021164464546,0.0377690293335238,-0.411950972386599
431,1,1,0.4372491262168222,0.6279412483546116,True,1,llm_adjudication,2,-0.150096594507627,-0.3022141457027739,0.0020209566875198,-0.3266540670636856
433,0,0,0.1052517072609647,0.1042730496200623,True,1,llm_adjudication,2,-0.1121289177216912,-0.2552762924198314,0.0310184569764488,-0.0340215315582068
435,0,1,0.4409894527049854,0.6729711349557012,True,1,llm_adjudication,2,-0.0026693624942687,-0.2166675054776502,0.2113287804891126,-0.1074231289419768
446,1,0,0.2790381570542702,0.1637599933059333,True,1,llm_adjudication,2,-0.0076096465712801,-0.1297938999931769,0.1145746068506166,-0.0643252741052308
447,1,1,0.536835214889051,0.5503554221394807,True,1,llm_adjudication,2,-0.0463138946260261,-0.1963888229364647,0.1037610336844123,0.0341449947609453
451,1,1,0.7690955084071955,0.6112206494377056,True,1,llm_adjudication,2,-0.1045191481514933,-0.242104302805313,0.0330660065023264,-0.1766356384611831
460,1,0,0.390947709654434,0.2799446997374306,True,1,llm_adjudication,2,0.0187035013247214,-0.1236295714751674,0.1610365741246102,-0.1508996908138559
462,0,0,0.4757820881301206,0.3798226570352518,True,1,llm_adjudication,2,0.0616311865626545,-0.1505341506991242,0.2737965238244332,-0.0287736934267696
465,0,1,0.4312755600906261,0.6491876730428766,True,1,llm_adjudication,2,-0.0583353505378249,-0.2324493345851814,0.1157786335095314,-0.0735231182259229
467,0,0,0.2562069965782711,0.2668403826074519,True,1,llm_adjudication,2,-0.0456222443251192,-0.2527308447700243,0.1614863561197856,0.1810953069201813
468,1,0,0.4488229378693237,0.4590625162462623,True,1,llm_adjudication,2,0.0452832551768632,-0.0592060071353247,0.1497725174890513,-0.3639434178511885
474,0,0,0.4334979519869535,0.382804016004297,True,1,llm_adjudication,2,0.0308474385835776,-0.1300937916390846,0.1917886688062398,0.2702421419125612
478,1,0,0.5739982744039367,0.2947270948162633,True,1,llm_adjudication,2,0.0061779468747228,-0.1712161122096171,0.1835720059590627,-0.1411313948828423
481,0,1,0.5087083360409932,0.4082550174102792,True,1,llm_adjudication,2,-0.0783856081453494,-0.2100390445901488,0.05326782829945,0.2425677441982232
486,1,1,0.7441202307802978,0.6148549412893181,True,1,llm_adjudication,2,-0.1389617373275668,-0.2760500569955194,-0.0018734176596143,-0.6892153014395378
487,1,1,0.8467975192157075,0.5866738910251524,True,1,llm_adjudication,2,-0.0390053958781533,-0.134406008018873,0.0563952162625663,-0.0281566916150681
498,0,0,0.3020648921646804,0.1979830251548477,True,1,llm_adjudication,2,-0.104550603174821,-0.231926993233288,0.0228257868836459,-0.1062618189134249
503,0,0,0.3446948747805175,0.2658055219729751,True,1,llm_adjudication,2,-0.0593432231084576,-0.2394062249921175,0.1207197787752021,-0.1672850542834813
507,1,1,0.8311033999506614,0.7945564212316646,True,1,llm_adjudication,2,-0.0250057418505231,-0.1409693099652326,0.0909578262641862,-0.0308549288115069
508,0,0,0.5229332692489086,0.2601699446166555,True,1,llm_adjudication,2,-0.1564291450775435,-0.3148679281214239,0.0020096379663367,-0.0562097208968652
514,1,1,0.8270038617254091,0.6943390637417084,True,1,llm_adjudication,2,-0.0131794536604135,-0.1906575773619172,0.1642986700410901,-0.0614781201380465
526,0,0,0.1578259392999683,0.130444744119986,True,1,llm_adjudication,2,0.0461092595683268,-0.0400003677591388,0.1322188868957924,0.0202992312699243
528,1,1,0.6647472925894883,0.7352516088728809,True,1,llm_adjudication,2,0.0519986216141177,-0.1876251298638069,0.2916223730920423,-0.3151680255715663
532,1,0,0.5659465902283147,0.4305883970188177,True,1,llm_adjudication,2,-0.1783597349041497,-0.3328036824664884,-0.0239157873418111,-0.5334643262344162
534,0,1,0.6356185713393279,0.4957060818429861,True,1,llm_adjudication,2,0.1687944860453068,0.0034209062183992,0.3341680658722143,0.1354339849207388
535,0,0,0.6385549390569282,0.3491581541021244,True,1,llm_adjudication,2,0.0286022434607918,-0.1868466910742801,0.2440511779958638,0.0370406161049267
538,1,0,0.7165422603028302,0.5565385298635452,True,1,llm_adjudication,2,0.1072909905392566,-0.0551483770029887,0.269730358081502,-0.0621285127855897
539,0,1,0.3919352408994978,0.3980788389051554,True,1,llm_adjudication,2,-0.0521401939905685,-0.1805745303768307,0.0762941423956936,-0.1112600630826312
546,0,0,0.3024691154894626,0.1674140399970113,True,1,llm_adjudication,2,-0.0470953465283664,-0.2268185036670607,0.1326278106103278,-0.0662060867935373
549,1,0,0.737809295603759,0.4018100071172399,True,1,llm_adjudication,2,-0.0968708849385868,-0.1769327888122731,-0.0168089810649006,-0.2260567918036844
550,0,0,0.2296862036406513,0.125078688297396,True,1,llm_adjudication,2,-0.228246535614478,-0.3199799227892737,-0.1365131484396823,-0.0838160275346101
552,1,0,0.5131292585651384,0.1904453106666334,True,1,llm_adjudication,2,-0.1249192294320945,-0.2786931430786999,0.0288546842145107,0.08753892270289
559,1,0,0.6085123450001269,0.405681505096466,True,1,llm_adjudication,2,-0.0185685584108388,-0.1388704571951495,0.1017333403734718,-0.3657608504843099
560,1,1,0.8655555287273489,0.6294406160354643,True,1,llm_adjudication,2,-0.0883663117307357,-0.2917388660938098,0.1150062426323382,-0.0646999077179867
561,1,0,0.6004522932294956,0.2519387481121832,True,1,llm_adjudication,2,0.0737184185985994,-0.1013586038494994,0.2487954410466983,-0.1484763527289404
563,0,0,0.3497769690033058,0.3001244011940171,True,1,llm_adjudication,2,-0.1112372285748635,-0.2193028511997124,-0.0031716059500146,0.0872341997213746
568,1,1,0.8420165704415828,0.7241993149028411,True,1,llm_adjudication,2,-0.1840748110070833,-0.3477171281828777,-0.0204324938312889,-0.1100676864813856
569,0,1,0.6204165780663479,0.649966418468412,True,1,llm_adjudication,2,-0.0581153730675343,-0.154756924217116,0.0385261780820473,-0.0350647288328105
578,0,0,0.528449166106585,0.541129455632692,True,1,llm_adjudication,2,-0.0642581190302395,-0.192648091308565,0.0641318532480859,-0.1661069213092291
584,1,0,0.4835230499831929,0.6086690571475216,True,1,llm_adjudication,2,0.121484516688696,-0.0480094145318613,0.2909784479092533,-0.1862053968139435
588,1,1,0.6950874683394853,0.6067692377764136,True,1,llm_adjudication,2,0.0768233303289566,-0.0989427872863206,0.2525894479442337,0.0515171259474075
594,0,1,0.3845124638174599,0.202048263708186,True,1,llm_adjudication,2,-0.1295567947768908,-0.29742130660968,0.0383077170558982,-0.1845762402931477
599,0,1,0.5139276407168637,0.3069862927665871,True,1,llm_adjudication,2,0.0222309753552126,-0.0975300003277917,0.1419919510382169,-0.0170208056131654
603,1,1,0.8760250372770755,0.7245136388321798,True,1,llm_adjudication,2,-0.1285035855155581,-0.2877927609784585,0.0307855899473421,-0.4064471216929251
606,0,1,0.2192294077600339,0.3608687382193187,True,1,llm_adjudication,2,0.0383596747238707,-0.1050004925394802,0.1817198419872217,-0.0810499975355446
607,0,0,0.2306889141131686,0.4134998057835559,True,1,llm_adjudication,2,0.0159597814967943,-0.1316009880653398,0.1635205510589284,-0.2026216599600059
609,0,1,0.2303519206028594,0.1661800464978828,True,1,llm_adjudication,2,0.0311142820080218,-0.0685390249548345,0.1307675889708781,-0.1781520259679382
614,1,1,0.6467946600933504,0.454149402724382,True,1,llm_adjudication,2,-0.0936439856173781,-0.2017602120464293,0.014472240811673,0.1380098948543894
617,1,0,0.6802572666640975,0.691208308706228,True,1,llm_adjudication,2,-0.1147642842465748,-0.2527371176793438,0.0232085491861941,-0.3297796341794859
621,1,1,0.627291255719527,0.643934722388693,True,1,llm_adjudication,2,-0.1543803816501748,-0.2877205326957823,-0.0210402306045673,-0.103005344759102
626,1,0,0.474501537217078,0.164374600614252,True,1,llm_adjudication,2,-0.1226348367571298,-0.2989601210107795,0.0536904474965198,-0.1473410584362936
638,1,0,0.2748012559824055,0.1239220657092472,True,1,llm_adjudication,2,-0.1363095568580326,-0.2673431056068947,-0.0052760081091706,-0.0289677790752043
648,1,1,0.5446984576494674,0.4969151883647077,True,1,llm_adjudication,2,-0.0812917707815309,-0.2528624023532793,0.0902788607902174,0.2265779739142019
651,1,0,0.7414638822974168,0.2073560428214372,True,1,llm_adjudication,2,-0.1454048311605005,-0.2986810615655834,0.0078713992445821,0.1428509167227937
656,0,0,0.2820466246045192,0.4366149382471533,True,1,llm_adjudication,2,-0.0098788772266616,-0.2271429071715285,0.2073851527182052,0.0080717971819229
662,0,0,0.6929571721037661,0.5688028871898342,True,1,llm_adjudication,2,0.0271635945515256,-0.1346942681038655,0.1890214572069168,0.1209044238137532
663,1,1,0.6304851473044282,0.5835748670106308,True,1,llm_adjudication,2,0.0432088784466685,-0.1641199976310192,0.2505377545243564,-0.0006267839972746
676,1,0,0.4599439184764482,0.2987878211415748,True,1,llm_adjudication,2,-0.0436352013214199,-0.2124681412948982,0.1251977386520582,0.288078314021742
680,1,0,0.6829703748258147,0.1138559463673801,True,1,llm_adjudication,2,0.066727965007526,-0.079053489617037,0.2125094196320892,-0.2167613270433704
684,0,0,0.5697406984360188,0.1998318507039766,True,1,llm_adjudication,2,-0.0316177091712272,-0.2590704753252027,0.1958350569827482,-0.0936522813101408
689,1,1,0.8868225930045658,0.8706173422583725,True,1,llm_adjudication,2,-0.0416179410626243,-0.1666851517679178,0.0834492696426691,0.0284377361233592
707,1,0,0.3095601577041158,0.1657451748796045,True,1,llm_adjudication,2,-0.1448858802492928,-0.3037489283229271,0.0139771678243414,-0.1826127486382754
708,0,0,0.3894418068151838,0.3110983385469534,True,1,llm_adjudication,2,-0.0891470580166119,-0.2177129324863658,0.039418816453142,-0.3033594815556778
712,0,0,0.2267174372063047,0.3991605009537028,True,1,llm_adjudication,2,0.1249604988092162,-0.0009349261959909,0.2508559238144233,0.2026218293203847
713,0,1,0.4479973834356069,0.7899673126686212,True,1,llm_adjudication,2,0.0395545249552593,-0.1274209090857538,0.2065299589962725,0.1835114986066507
723,1,1,0.8791019779208326,0.6312407840166131,True,1,llm_adjudication,2,0.183620894089581,0.0462754350188284,0.3209663531603335,-0.0139812788191581
735,1,1,0.7869431386479372,0.5368141960979033,True,1,llm_adjudication,2,0.0308146024727498,-0.1252987637546745,0.1869279687001742,0.2892291597635016
739,0,1,0.1656792513126042,0.3625667250095327,True,1,llm_adjudication,2,0.053761132088149,-0.0756372123466316,0.1831594765229297,0.0465358406512868
743,1,0,0.6338297786120288,0.6070901283292623,True,1,llm_adjudication,2,-0.0575099405601472,-0.1969862281549848,0.0819663470346901,-0.3588049137290085
744,0,0,0.2696157041235064,0.1526445884995828,True,1,llm_adjudication,2,-0.0675575056524818,-0.2115613956574926,0.0764463843525289,0.000438274286518
752,1,0,0.6647472925894883,0.7208329462562315,True,1,llm_adjudication,2,0.0638047116158397,-0.1433225791433951,0.2709320023750745,-0.0486240298536814
760,1,1,0.7134555858731084,0.792566241366111,True,1,llm_adjudication,2,-0.0755763967269153,-0.2049581699530535,0.0538053764992229,-0.1049719012824385
773,1,1,0.8386940353384825,0.852870223315683,True,1,llm_adjudication,2,0.0034468764379969,-0.1253027509297045,0.1321965038056984,-0.0507876198371495
776,0,0,0.3345234242308092,0.2053377316606053,True,1,llm_adjudication,2,0.1060619575627808,-0.0600255294259476,0.2721494445515093,0.1121593665543734
779,0,0,0.3257453007133764,0.2275431343606286,True,1,llm_adjudication,2,-0.1480816009715173,-0.2924499259476992,-0.0037132759953353,0.2102850669914252
781,1,1,0.6832939038423603,0.63754694937672,True,1,llm_adjudication,2,-0.0870336789966752,-0.2737264592031767,0.0996591012098261,0.03127374458673
782,1,0,0.7648701537663227,0.4641424883295498,True,1,llm_adjudication,2,0.1189949752313215,-0.0513865364111024,0.2893764868737454,-0.2788197122576257
783,0,0,0.1217298937920421,0.3168675055683017,True,1,llm_adjudication,2,0.1073179127040148,-0.0073148437542902,0.22195066916232,0.1176809396097496
798,1,1,0.5742961575804171,0.7338549270059888,True,1,llm_adjudication,2,0.0347234980821919,-0.1306539688488238,0.2001009650132078,-0.0128295956561388
822,0,0,0.7417980053932205,0.6367950734915155,True,1,llm_adjudication,2,0.1714911964293651,0.0351728768057898,0.3078095160529403,0.1568786712897365
827,0,1,0.264977865904604,0.5063020143310597,True,1,llm_adjudication,2,-0.1062030197434489,-0.220888348565112,0.0084823090782141,-0.4717084066230759
839,0,0,0.4808888128545494,0.1562570180525887,True,1,llm_adjudication,2,-0.173701293409067,-0.3085383360499765,-0.0388642507681575,-0.082870305049013
845,1,1,0.7067711150558171,0.505484558588421,True,1,llm_adjudication,2,0.1660007836810524,-0.075019300512469,0.4070208678745738,-0.0549671221434375
848,0,0,0.1666158023279128,0.2015602546752192,True,1,llm_adjudication,2,0.0496214196889873,-0.0626753194089114,0.1619181587868861,0.0857810802170664
859,1,1,0.6849906428774399,0.6769103292049636,True,1,llm_adjudication,2,-0.0999306422874867,-0.1811520230253161,-0.0187092615496573,0.1009164325149726
868,1,0,0.3082583807209731,0.1535068027524439,True,1,llm_adjudication,2,-0.0618142150437056,-0.2012666654859941,0.0776382353985828,-0.0376875833533315
875,1,1,0.2533396338739371,0.2070879630898262,True,1,llm_adjudication,2,0.0595592559674725,-0.1623755240476647,0.2814940359826098,0.2750351541256375
892,0,0,0.6313698695873204,0.2338246306856515,True,1,llm_adjudication,2,-0.0032371787944405,-0.1726437984442551,0.166169440855374,-0.4218944972490402
893,0,1,0.4558925787626889,0.39302832109664,True,1,llm_adjudication,2,-0.0706144672752438,-0.2058304908022863,0.0646015562517986,-0.1389911912905728
898,1,1,0.49462645872228,0.3547315126470555,True,1,llm_adjudication,2,-0.0041121705294648,-0.1529776228384346,0.1447532817795048,0.1148901973385334
908,1,1,0.59795154629418,0.5465323047791424,True,1,llm_adjudication,2,0.0599129738814163,-0.0662720198524344,0.1860979676152672,0.2700079153490359
913,0,0,0.4590740424682504,0.153035619975251,True,1,llm_adjudication,2,0.0981895986604825,-0.084578939012325,0.2809581363332901,0.5763362625455206
915,1,1,0.8444617337210738,0.7902472579186703,True,1,llm_adjudication,2,0.1288482997920936,-0.0055948983623828,0.26329149794657,-0.1046070455361218
924,0,1,0.1106480738360361,0.3587549645748137,True,1,llm_adjudication,2,0.0063196135673473,-0.1461147885960656,0.1587540157307601,-0.0351858055805025
929,1,0,0.6634216252210545,0.5571596280328351,True,1,llm_adjudication,2,-0.0363726027880494,-0.1744843903696398,0.1017391847935408,-0.2246108655442407
934,0,0,0.1758882099010204,0.1479102128392838,True,1,llm_adjudication,2,-0.0813957501248211,-0.2354822977241374,0.0726907974744951,-0.1792356210016621
955,1,1,0.7279935351733413,0.7193079523925068,True,1,llm_adjudication,2,-0.0333888521210994,-0.1828350879289812,0.1160573836867823,-0.4074361291328243
960,1,1,0.516353381546526,0.4874489700889952,True,1,llm_adjudication,2,0.1079498300793828,-0.0654980126376782,0.2813976727964439,0.3030242858082472
961,0,1,0.5952214322323915,0.2839526673389449,True,1,llm_adjudication,2,0.1366778917115894,-0.0398619819920119,0.3132177654151908,-0.1738611085467418
967,0,0,0.7111062328377343,0.6026371727046967,True,1,llm_adjudication,2,0.0198717244030002,-0.0979720007648314,0.1377154495708318,0.1131542413041228
976,0,0,0.2229658090752913,0.085181008745948,True,1,llm_adjudication,2,-0.0772358560972691,-0.2050522185914178,0.0505805063968794,-0.1043543822418454
977,1,0,0.8795089744048036,0.5493546289655924,True,1,llm_adjudication,2,0.00804603894826,-0.218232887282322,0.234324965178842,0.2172265382051104
980,1,1,0.7845093011134376,0.5285083827381312,True,1,llm_adjudication,2,-0.01444990531195,-0.1816062518466266,0.1527064412227264,-0.1328309937568829
986,1,0,0.6842931095653495,0.4407593834478375,True,1,llm_adjudication,2,-0.0924525628823438,-0.2385256287639922,0.0536205029993045,-0.219306647304542
987,0,0,0.4937146818591577,0.4101161855589622,True,1,llm_adjudication,2,-0.0431513987971471,-0.1609950417044859,0.0746922441101917,0.1653784649940301
989,0,0,0.502114524477848,0.4557268144672463,True,1,llm_adjudication,2,-0.0359640153356034,-0.1496066794210963,0.0776786487498894,-0.225530915704844
5,1,1,0.6377114402121038,0.3425497475537619,True,1,permissive_union,1,0.0229532920792886,-0.1604053699385532,0.2063119540971305,0.2954412588131098
12,0,1,0.4086459470394197,0.3000268973878696,True,1,permissive_union,1,0.0310031854270397,-0.1029740612700712,0.1649804321241508,-0.1020346687031714
15,1,0,0.5202019068490832,0.1180738710655429,True,1,permissive_union,1,-0.083509264412396,-0.2622565723595176,0.0952380435347254,-0.0030802974221459
30,0,0,0.5746897562690604,0.2429590676371458,True,1,permissive_union,1,0.0037857780878316,-0.0831651377608869,0.0907366939365502,-0.1582462925714874
39,1,0,0.6048933776872666,0.3441516064005722,True,1,permissive_union,1,-0.0005151843358288,-0.1009352281406377,0.0999048594689801,-0.0787740414269622
40,0,0,0.3543801765148926,0.3505743206202041,True,1,permissive_union,1,0.0114467111785815,-0.1553060106370781,0.1781994329942412,0.0604749885138391
43,1,0,0.7309350546172592,0.3861893383005025,True,1,permissive_union,1,-0.0604856488798115,-0.2607472509975693,0.1397759532379461,-0.1970218052573134
45,0,0,0.2877857978025763,0.3689753372039217,True,1,permissive_union,1,-0.0044292515530363,-0.2005078809014378,0.191649377795365,0.1313990388549498
48,1,1,0.4640558918721573,0.5888245392655549,True,1,permissive_union,1,-0.0691896770010529,-0.1782086487103248,0.0398292947082188,-0.0235109324822139
63,1,0,0.493740643635318,0.2016435562654448,True,1,permissive_union,1,-0.0875526823085088,-0.2794851729563775,0.1043798083393599,-0.0806185068185773
67,1,1,0.4135078007326209,0.532633707078535,True,1,permissive_union,1,-0.1417493019598611,-0.2856089261689667,0.0021103222492445,-0.4040936263411786
69,0,0,0.4660033727386178,0.4863086898247561,True,1,permissive_union,1,-0.0386603080723987,-0.1846405309464968,0.1073199148016991,-0.2535047085663173
72,1,0,0.5908011295185976,0.3649110295452353,True,1,permissive_union,1,-0.0184839390937694,-0.0957430284806442,0.0587751502931053,0.0339396341644859
75,1,0,0.8971971121686327,0.590906090484836,True,1,permissive_union,1,-0.0057056004055083,-0.2020084521767501,0.1905972513657334,-0.2190504429096812
93,0,1,0.2343559307381617,0.3708737195266814,True,1,permissive_union,1,-0.0344138470782772,-0.1368249108845097,0.0679972167279552,-0.2476334015864339
115,0,0,0.417662784829503,0.3560754401295836,True,1,permissive_union,1,-0.0173076784446508,-0.1657376669309605,0.1311223100416587,-0.036066766855671
116,0,1,0.2300810466125331,0.2452458732935051,True,1,permissive_union,1,-0.118794018644952,-0.3126574477735184,0.0750694104836143,-0.0143420614464694
121,1,0,0.829551555662928,0.5644650903605791,True,1,permissive_union,1,-0.0126997370381355,-0.1141476669018938,0.0887481928256227,-0.578150415838105
122,1,0,0.6628130336914178,0.1675771919966962,True,1,permissive_union,1,-0.0595291066961741,-0.2587900121404403,0.1397317987480918,-0.1662835077113541
123,0,1,0.3974456212092374,0.392430831758484,True,1,permissive_union,1,-0.0101937918302635,-0.1881178011717632,0.1677302175112361,0.0324676550754574
126,0,0,0.2904388139791195,0.3909132072928165,True,1,permissive_union,1,-0.1415644204865914,-0.3184558309134611,0.0353269899402782,-0.3010231687743369
130,0,0,0.2686321613885298,0.2184946098827451,True,1,permissive_union,1,-0.0594755279163069,-0.1741075456790776,0.0551564898464637,0.0063097536564251
137,0,0,0.1910422905713986,0.136704195001431,True,1,permissive_union,1,-0.0261810093761796,-0.1108080093234111,0.0584459905710518,-0.0353946032330241
145,1,0,0.4660143956373304,0.4421213226322661,True,1,permissive_union,1,0.0448385988875128,-0.0538082154964108,0.1434854132714365,-0.3376914379771497
151,0,1,0.5191771574449675,0.4662585530143542,True,1,permissive_union,1,-0.0329814113811971,-0.1979288238630751,0.1319660011006808,-0.3148700805651545
162,0,0,0.5856731783723788,0.5989655969474362,True,1,permissive_union,1,-0.0261010312241897,-0.1631511666606349,0.1109491042122555,-0.1770906937214045
167,0,1,0.6272436550256896,0.707639467658466,True,1,permissive_union,1,-0.054550141926599,-0.1512596247832331,0.042159340930035,0.0604197624029748
169,1,1,0.718421807752594,0.8744463758885973,True,1,permissive_union,1,-0.1072545194415986,-0.2020410452543361,-0.0124679936288611,-0.059438745764093
180,1,1,0.8672668628184429,0.5657293381904667,True,1,permissive_union,1,-0.0282839798137337,-0.1352187764673742,0.0786508168399067,0.0721462057356445
186,1,0,0.5911390146431826,0.5179879989770028,True,1,permissive_union,1,-0.0635847621174952,-0.2468372070571469,0.1196676828221563,-0.3483873033729417
193,0,0,0.4002310604742047,0.1550758670471376,True,1,permissive_union,1,-0.0288364945091193,-0.173596007222595,0.1159230182043563,-0.0779057038072634
196,0,0,0.4779684453454312,0.4063942925546509,True,1,permissive_union,1,0.0217151118058822,-0.0805936518586381,0.1240238754704026,0.1850042231741754
198,0,0,0.1458736659034418,0.3168318250125152,True,1,permissive_union,1,-0.0228907895807905,-0.1422809478935047,0.0964993687319236,-0.0979604166806298
205,1,1,0.889667935890094,0.4157414662695457,True,1,permissive_union,1,-0.0623524613094018,-0.2019292832147793,0.0772243605959755,0.1003900034516338
208,1,1,0.3791739705430976,0.6227098092939151,True,1,permissive_union,1,-0.03028002601507,-0.193379914827337,0.1328198627971968,-0.3836418638216122
211,0,0,0.231401125726331,0.2290585740477945,True,1,permissive_union,1,0.0473082136509289,-0.0553552247419268,0.1499716520437847,0.0393623563224266
229,0,0,0.3549105310023648,0.1864281933239119,True,1,permissive_union,1,-0.0789529157132167,-0.1642418139240038,0.0063359824975702,-0.0181111175885878
237,0,1,0.3187585270756577,0.6861105920384603,True,1,permissive_union,1,0.0117527852510324,-0.0941571033851695,0.1176626738872343,0.0146772385370304
241,1,0,0.338802769940387,0.4470269612145222,True,1,permissive_union,1,-0.0791180373438149,-0.1709965188913597,0.0127604442037297,-0.2359562924134932
250,1,1,0.8428866494274864,0.703627059039757,True,1,permissive_union,1,-0.0509996376151224,-0.1541718786207467,0.0521726033905019,-0.1438166112073363
254,0,1,0.2083929285420307,0.2409944609227921,True,1,permissive_union,1,0.0157356707373256,-0.0780997928657274,0.1095711343403787,0.1102961278795356
261,0,0,0.25783316789758,0.1812073244799295,True,1,permissive_union,1,0.0547747772323442,-0.0585640539547931,0.1681136084194816,0.3128575438256605
264,1,1,0.5133701154893368,0.5783417591739412,True,1,permissive_union,1,-0.019965962900175,-0.1519156732256349,0.1119837474252849,0.101309854190715
265,0,0,0.4673440107611287,0.3563794093146026,True,1,permissive_union,1,-0.069294660873691,-0.2570158368949153,0.1184265151475332,-0.1996664940257019
270,0,0,0.3487407377572455,0.2017139770195508,True,1,permissive_union,1,-0.0011020116171013,-0.0963614640350164,0.0941574408008137,-0.0598113374777657
271,1,0,0.8208015211662028,0.8654343342544495,True,1,permissive_union,1,-0.028494322812695,-0.1211236881246466,0.0641350424992565,-0.027407061388611
277,1,1,0.8458274757149049,0.5796784555469318,True,1,permissive_union,1,0.0011882825490492,-0.1002210929421908,0.1025976580402894,0.1970732338029357
282,0,0,0.4968539889905682,0.4895010838663226,True,1,permissive_union,1,-0.0232886764077513,-0.2013797085522867,0.154802355736784,0.2904593735133494
284,0,1,0.2616966831448957,0.4804473555949514,True,1,permissive_union,1,-0.0113296489877341,-0.1123479473757862,0.0896886494003179,0.185186885436133
288,1,0,0.7511605014707504,0.5824804714021297,True,1,permissive_union,1,0.0062658264083132,-0.1108606629460935,0.12339231576272,0.0046401207468271
294,1,1,0.8164796270017057,0.4903126491335002,True,1,permissive_union,1,0.0013248510377338,-0.1396210134220809,0.1422707154975486,-0.349510263326905
318,0,0,0.6636540076542939,0.5705544669325786,True,1,permissive_union,1,-0.0326175464538101,-0.1939229626866841,0.1286878697790638,-0.2019998573470325
319,1,1,0.8930296774091446,0.7555478412559756,True,1,permissive_union,1,-0.0515839580478982,-0.192276373313793,0.0891084572179966,0.0427837395033252
328,0,1,0.3943292424817727,0.1894830318720366,True,1,permissive_union,1,0.0151360433201849,-0.0844318640876778,0.1147039507280478,0.1032724399685739
334,0,0,0.3200385380572376,0.2875355167491368,True,1,permissive_union,1,-0.0256178164207063,-0.185303623673443,0.1340679908320303,-0.1484375342195409
339,0,1,0.6907306329755005,0.5644583916735121,True,1,permissive_union,1,-0.0670490976931588,-0.167601646840032,0.0335034514537143,-0.0409641825439516
343,1,1,0.7122793784860058,0.5155210187085154,True,1,permissive_union,1,-0.0418305919120297,-0.1730864995472952,0.0894253157232356,-0.252500407706424
346,0,0,0.4668878241550569,0.3395176398810799,True,1,permissive_union,1,-0.0283720766207118,-0.2008504147276451,0.1441062614862213,0.0212575491772035
347,0,1,0.2026382687026036,0.2637419376444213,True,1,permissive_union,1,-0.0762612993273116,-0.2064949924003162,0.053972393745693,0.0718545920669893
349,0,1,0.7980010545149436,0.6771543356924604,True,1,permissive_union,1,-0.0347026082398046,-0.1593412698212924,0.0899360533416831,0.0326887855021832
354,1,0,0.532805219686784,0.2924577715670299,True,1,permissive_union,1,0.0049969759079025,-0.116415275317117,0.126409227132922,-0.1429713506752603
357,1,1,0.6408274001124588,0.2999253159315922,True,1,permissive_union,1,-0.057334942878279,-0.1772819773475248,0.0626120915909666,0.1013446835796018
360,1,0,0.3477877504865826,0.3387807653978252,True,1,permissive_union,1,-0.0700482181466284,-0.1664221065939422,0.0263256703006852,-0.2099547686179699
361,0,0,0.2966110817618265,0.2305933915777401,True,1,permissive_union,1,-0.0362369581107916,-0.1400663642999261,0.0675924480783427,-0.0406445885166562
365,1,0,0.6049751553904226,0.2863717839207137,True,1,permissive_union,1,-0.0762006187681819,-0.204561753970799,0.052160516434435,-0.3344524588585174
368,1,0,0.6849883638981021,0.3273397311753073,True,1,permissive_union,1,-0.0206385203922844,-0.1648579091275443,0.1235808683429753,-0.0542746685428054
370,1,0,0.1979034024075983,0.1080026000983676,True,1,permissive_union,1,-0.0574110107748282,-0.1605147131878696,0.0456926916382131,-0.112249188104001
380,0,1,0.7471666727680591,0.4674264398886901,True,1,permissive_union,1,-0.0588236401425567,-0.1924854587589512,0.0748381784738377,-0.4595323870462047
384,1,1,0.6900728481780237,0.5112597274821526,True,1,permissive_union,1,-0.0021318952574677,-0.1523007880379282,0.1480369975229927,0.0703099140074529
392,1,1,0.7956043945971023,0.7308406047876336,True,1,permissive_union,1,-0.0158932324267687,-0.0978189289052777,0.0660324640517401,0.0859568948245617
398,0,1,0.3206138626697417,0.4568522392771472,True,1,permissive_union,1,-0.0079033007689856,-0.1516229401980331,0.1358163386600619,-0.3498504475078327
409,0,0,0.1833779169179833,0.4439000770292082,True,1,permissive_union,1,-0.0417592324346529,-0.1737774326212075,0.0902589677519016,0.1455426515223805
422,1,1,0.4374280553015159,0.348712461995259,True,1,permissive_union,1,0.025904574769848,-0.13624569503776,0.188054844577456,0.0487539624800851
424,1,0,0.6770097302582416,0.7052642761137701,True,1,permissive_union,1,-0.0790383020279391,-0.1814845295182409,0.0234079254623625,-0.411950972386599
431,1,1,0.4372491262168222,0.6279412483546116,True,1,permissive_union,1,-0.0734797075008995,-0.2328780253003514,0.0859186102985524,-0.3266540670636856
433,0,0,0.1052517072609647,0.1042730496200623,True,1,permissive_union,1,-0.113017250741795,-0.2845206164145761,0.058486114930986,-0.0340215315582068
435,0,1,0.4409894527049854,0.6729711349557012,True,1,permissive_union,1,-0.0286150892098577,-0.1355154254724428,0.0782852470527273,-0.1074231289419768
446,1,0,0.2790381570542702,0.1637599933059333,True,1,permissive_union,1,-0.0273575637122721,-0.1104321449733771,0.0557170175488328,-0.0643252741052308
447,1,1,0.536835214889051,0.5503554221394807,True,1,permissive_union,1,-0.0103602743704782,-0.1029967199292989,0.0822761711883424,0.0341449947609453
451,1,1,0.7690955084071955,0.6112206494377056,True,1,permissive_union,1,-0.03286234853879,-0.131078201339818,0.0653535042622379,-0.1766356384611831
460,1,0,0.390947709654434,0.2799446997374306,True,1,permissive_union,1,-0.0361598902232805,-0.2140990480534128,0.1417792676068517,-0.1508996908138559
462,0,0,0.4757820881301206,0.3798226570352518,True,1,permissive_union,1,-0.01987785591434,-0.207610962289949,0.1678552504612688,-0.0287736934267696
465,0,1,0.4312755600906261,0.6491876730428766,True,1,permissive_union,1,-0.0233318207435197,-0.1335510419482353,0.0868874004611958,-0.0735231182259229
467,0,0,0.2562069965782711,0.2668403826074519,True,1,permissive_union,1,-0.0289151186320649,-0.1803964358633246,0.1225661985991947,0.1810953069201813
468,1,0,0.4488229378693237,0.4590625162462623,True,1,permissive_union,1,-0.0154908681587727,-0.155320629699675,0.1243388933821294,-0.3639434178511885
474,0,0,0.4334979519869535,0.382804016004297,True,1,permissive_union,1,-0.0109801669117568,-0.1262847078804858,0.1043243740569721,0.2702421419125612
478,1,0,0.5739982744039367,0.2947270948162633,True,1,permissive_union,1,-0.0477064561360887,-0.1805799050627349,0.0851669927905573,-0.1411313948828423
481,0,1,0.5087083360409932,0.4082550174102792,True,1,permissive_union,1,-0.0449061620426257,-0.1567464128857443,0.0669340888004928,0.2425677441982232
486,1,1,0.7441202307802978,0.6148549412893181,True,1,permissive_union,1,-0.0426712525940073,-0.2072484799800917,0.1219059747920769,-0.6892153014395378
487,1,1,0.8467975192157075,0.5866738910251524,True,1,permissive_union,1,0.0106539461199035,-0.1131426462692272,0.1344505385090343,-0.0281566916150681
498,0,0,0.3020648921646804,0.1979830251548477,True,1,permissive_union,1,-0.0962799059433299,-0.1844671431603825,-0.0080926687262773,-0.1062618189134249
503,0,0,0.3446948747805175,0.2658055219729751,True,1,permissive_union,1,-0.0236932464274289,-0.1189611437109726,0.0715746508561147,-0.1672850542834813
507,1,1,0.8311033999506614,0.7945564212316646,True,1,permissive_union,1,-0.0188461390533211,-0.1381345094270421,0.1004422313203997,-0.0308549288115069
508,0,0,0.5229332692489086,0.2601699446166555,True,1,permissive_union,1,-0.0541796823832634,-0.1870945405197623,0.0787351757532355,-0.0562097208968652
514,1,1,0.8270038617254091,0.6943390637417084,True,1,permissive_union,1,-0.0071509146483708,-0.0909975189625668,0.0766956896658251,-0.0614781201380465
526,0,0,0.1578259392999683,0.130444744119986,True,1,permissive_union,1,0.0158529297484423,-0.1233867274844581,0.1550925869813428,0.0202992312699243
528,1,1,0.6647472925894883,0.7352516088728809,True,1,permissive_union,1,-0.0249545962080542,-0.1285267174363193,0.0786175250202108,-0.3151680255715663
532,1,0,0.5659465902283147,0.4305883970188177,True,1,permissive_union,1,-0.1215337204749663,-0.2094850016906742,-0.0335824392592584,-0.5334643262344162
534,0,1,0.6356185713393279,0.4957060818429861,True,1,permissive_union,1,0.0640145451700567,-0.0427959077081914,0.1708249980483049,0.1354339849207388
535,0,0,0.6385549390569282,0.3491581541021244,True,1,permissive_union,1,0.0301221431385806,-0.0801628109196217,0.1404070971967831,0.0370406161049267
538,1,0,0.7165422603028302,0.5565385298635452,True,1,permissive_union,1,-0.0179854647070264,-0.1950686380434907,0.1590977086294377,-0.0621285127855897
539,0,1,0.3919352408994978,0.3980788389051554,True,1,permissive_union,1,-0.0398079373434349,-0.1283826191541422,0.0487667444672723,-0.1112600630826312
546,0,0,0.3024691154894626,0.1674140399970113,True,1,permissive_union,1,-0.0244062991668127,-0.1145565757273139,0.0657439773936883,-0.0662060867935373
549,1,0,0.737809295603759,0.4018100071172399,True,1,permissive_union,1,-0.044508647551538,-0.1532073583702523,0.0641900632671762,-0.2260567918036844
550,0,0,0.2296862036406513,0.125078688297396,True,1,permissive_union,1,-0.0824698611595629,-0.1836457531828907,0.0187060308637648,-0.0838160275346101
552,1,0,0.5131292585651384,0.1904453106666334,True,1,permissive_union,1,0.0151929025224201,-0.1648710253528609,0.1952568303977011,0.08753892270289
559,1,0,0.6085123450001269,0.405681505096466,True,1,permissive_union,1,-0.0553096278048201,-0.1510414803375783,0.0404222247279379,-0.3657608504843099
560,1,1,0.8655555287273489,0.6294406160354643,True,1,permissive_union,1,0.0175315519114846,-0.099723313734039,0.1347864175570083,-0.0646999077179867
561,1,0,0.6004522932294956,0.2519387481121832,True,1,permissive_union,1,-0.0312258201915476,-0.1426846477670821,0.0802330073839867,-0.1484763527289404
563,0,0,0.3497769690033058,0.3001244011940171,True,1,permissive_union,1,-0.0340715941422893,-0.1760971956062588,0.1079540073216801,0.0872341997213746
568,1,1,0.8420165704415828,0.7241993149028411,True,1,permissive_union,1,-0.1058799151216725,-0.2258667393928142,0.0141069091494692,-0.1100676864813856
569,0,1,0.6204165780663479,0.649966418468412,True,1,permissive_union,1,-0.0669213332833277,-0.1751984258385915,0.0413557592719359,-0.0350647288328105
578,0,0,0.528449166106585,0.541129455632692,True,1,permissive_union,1,-0.0665108348108558,-0.1736149575596536,0.040593287937942,-0.1661069213092291
584,1,0,0.4835230499831929,0.6086690571475216,True,1,permissive_union,1,0.0019090398199216,-0.1200210251735218,0.1238391048133651,-0.1862053968139435
588,1,1,0.6950874683394853,0.6067692377764136,True,1,permissive_union,1,-0.0010884109443966,-0.0928734241299199,0.0906966022411266,0.0515171259474075
594,0,1,0.3845124638174599,0.202048263708186,True,1,permissive_union,1,-0.0193550066222892,-0.1530749747096141,0.1143649614650355,-0.1845762402931477
599,0,1,0.5139276407168637,0.3069862927665871,True,1,permissive_union,1,-0.0219511972691979,-0.1311247714009625,0.0872223768625665,-0.0170208056131654
603,1,1,0.8760250372770755,0.7245136388321798,True,1,permissive_union,1,-0.0950779347445352,-0.1878447430904323,-0.0023111263986381,-0.4064471216929251
606,0,1,0.2192294077600339,0.3608687382193187,True,1,permissive_union,1,-0.0500026111605287,-0.1563075045495593,0.0563022822285017,-0.0810499975355446
607,0,0,0.2306889141131686,0.4134998057835559,True,1,permissive_union,1,-0.0016135957476049,-0.1359762347219004,0.1327490432266905,-0.2026216599600059
609,0,1,0.2303519206028594,0.1661800464978828,True,1,permissive_union,1,0.0016662847992053,-0.0775834022519585,0.0809159718503692,-0.1781520259679382
614,1,1,0.6467946600933504,0.454149402724382,True,1,permissive_union,1,-0.0673446661776763,-0.2265734704890885,0.0918841381337356,0.1380098948543894
617,1,0,0.6802572666640975,0.691208308706228,True,1,permissive_union,1,-0.0736225108810015,-0.2037619057169357,0.0565168839549326,-0.3297796341794859
621,1,1,0.627291255719527,0.643934722388693,True,1,permissive_union,1,-0.0946227003068136,-0.2033679074934049,0.0141225068797775,-0.103005344759102
626,1,0,0.474501537217078,0.164374600614252,True,1,permissive_union,1,0.0106927464782949,-0.0755280294453467,0.0969135224019366,-0.1473410584362936
638,1,0,0.2748012559824055,0.1239220657092472,True,1,permissive_union,1,-0.0002098395132509,-0.0920599968959056,0.0916403178694037,-0.0289677790752043
648,1,1,0.5446984576494674,0.4969151883647077,True,1,permissive_union,1,-0.0228525093038816,-0.1788196908230369,0.1331146722152736,0.2265779739142019
651,1,0,0.7414638822974168,0.2073560428214372,True,1,permissive_union,1,-0.0692921191019672,-0.1776527967962418,0.0390685585923073,0.1428509167227937
656,0,0,0.2820466246045192,0.4366149382471533,True,1,permissive_union,1,-0.0220264957038026,-0.1344610829426094,0.0904080915350041,0.0080717971819229
662,0,0,0.6929571721037661,0.5688028871898342,True,1,permissive_union,1,-0.0218402606527394,-0.2199904834291085,0.1763099621236294,0.1209044238137532
663,1,1,0.6304851473044282,0.5835748670106308,True,1,permissive_union,1,0.0221250701835139,-0.0893668085573977,0.1336169489244255,-0.0006267839972746
676,1,0,0.4599439184764482,0.2987878211415748,True,1,permissive_union,1,-0.0851382336918496,-0.2304517399575421,0.0601752725738428,0.288078314021742
680,1,0,0.6829703748258147,0.1138559463673801,True,1,permissive_union,1,-0.0194615519276756,-0.1440232106533862,0.1051001067980348,-0.2167613270433704
684,0,0,0.5697406984360188,0.1998318507039766,True,1,permissive_union,1,-0.0286917857962507,-0.1244394824697557,0.0670559108772542,-0.0936522813101408
689,1,1,0.8868225930045658,0.8706173422583725,True,1,permissive_union,1,-0.0656845089805185,-0.1687415625955887,0.0373725446345516,0.0284377361233592
707,1,0,0.3095601577041158,0.1657451748796045,True,1,permissive_union,1,-0.0726848507042481,-0.1580982122986008,0.0127285108901045,-0.1826127486382754
708,0,0,0.3894418068151838,0.3110983385469534,True,1,permissive_union,1,-0.1140838188396799,-0.2306780671004731,0.0025104294211132,-0.3033594815556778
712,0,0,0.2267174372063047,0.3991605009537028,True,1,permissive_union,1,-0.024923217091996,-0.1530997761067656,0.1032533419227734,0.2026218293203847
713,0,1,0.4479973834356069,0.7899673126686212,True,1,permissive_union,1,-0.0265678597331308,-0.1076892335637116,0.05455351409745,0.1835114986066507
723,1,1,0.8791019779208326,0.6312407840166131,True,1,permissive_union,1,0.0647653255874416,-0.0995837901568367,0.2291144413317199,-0.0139812788191581
735,1,1,0.7869431386479372,0.5368141960979033,True,1,permissive_union,1,-0.0212427361613682,-0.1246594658514108,0.0821739935286743,0.2892291597635016
739,0,1,0.1656792513126042,0.3625667250095327,True,1,permissive_union,1,-0.0254988473415764,-0.2275680137629752,0.1765703190798221,0.0465358406512868
743,1,0,0.6338297786120288,0.6070901283292623,True,1,permissive_union,1,-0.0244486014615404,-0.2701677182597898,0.2212705153367087,-0.3588049137290085
744,0,0,0.2696157041235064,0.1526445884995828,True,1,permissive_union,1,-0.0485830584405988,-0.1342095663111933,0.0370434494299956,0.000438274286518
752,1,0,0.6647472925894883,0.7208329462562315,True,1,permissive_union,1,-0.029328111171406,-0.1159406994262599,0.0572844770834477,-0.0486240298536814
760,1,1,0.7134555858731084,0.792566241366111,True,1,permissive_union,1,-0.0984180478389368,-0.2673253782901358,0.0704892826122621,-0.1049719012824385
773,1,1,0.8386940353384825,0.852870223315683,True,1,permissive_union,1,0.0707033821731342,-0.0546402240089148,0.1960469883551833,-0.0507876198371495
776,0,0,0.3345234242308092,0.2053377316606053,True,1,permissive_union,1,-0.0016613695102424,-0.1106032486343947,0.1072805096139097,0.1121593665543734
779,0,0,0.3257453007133764,0.2275431343606286,True,1,permissive_union,1,-0.0232267069883436,-0.1187037145225421,0.0722503005458547,0.2102850669914252
781,1,1,0.6832939038423603,0.63754694937672,True,1,permissive_union,1,0.0039491254095739,-0.1143122641644168,0.1222105149835647,0.03127374458673
782,1,0,0.7648701537663227,0.4641424883295498,True,1,permissive_union,1,0.0049785064286378,-0.1514688968928601,0.1614259097501358,-0.2788197122576257
783,0,0,0.1217298937920421,0.3168675055683017,True,1,permissive_union,1,-0.0579461582547575,-0.1717381455047455,0.0558458289952303,0.1176809396097496
798,1,1,0.5742961575804171,0.7338549270059888,True,1,permissive_union,1,-0.0205966259750798,-0.125790688143956,0.0845974361937962,-0.0128295956561388
822,0,0,0.7417980053932205,0.6367950734915155,True,1,permissive_union,1,0.0806438021072454,-0.0117895830642665,0.1730771872787573,0.1568786712897365
827,0,1,0.264977865904604,0.5063020143310597,True,1,permissive_union,1,-0.109395361790308,-0.2245814737780783,0.0057907501974622,-0.4717084066230759
839,0,0,0.4808888128545494,0.1562570180525887,True,1,permissive_union,1,-0.1168130322722124,-0.2327356589885715,-0.0008904055558533,-0.082870305049013
845,1,1,0.7067711150558171,0.505484558588421,True,1,permissive_union,1,0.0654119709392402,-0.1087074935954166,0.2395314354738972,-0.0549671221434375
848,0,0,0.1666158023279128,0.2015602546752192,True,1,permissive_union,1,-0.0349546663104454,-0.1510153529552786,0.0811060203343877,0.0857810802170664
859,1,1,0.6849906428774399,0.6769103292049636,True,1,permissive_union,1,-0.0316695076955622,-0.1242028074130401,0.0608637920219157,0.1009164325149726
868,1,0,0.3082583807209731,0.1535068027524439,True,1,permissive_union,1,-0.0497786163824117,-0.187067121881208,0.0875098891163843,-0.0376875833533315
875,1,1,0.2533396338739371,0.2070879630898262,True,1,permissive_union,1,0.0707835379363107,-0.0940300795882248,0.2355971554608463,0.2750351541256375
892,0,0,0.6313698695873204,0.2338246306856515,True,1,permissive_union,1,-0.0101053149411249,-0.2038208746278203,0.1836102447455704,-0.4218944972490402
893,0,1,0.4558925787626889,0.39302832109664,True,1,permissive_union,1,-0.0709920013596203,-0.2824790435727022,0.1404950408534615,-0.1389911912905728
898,1,1,0.49462645872228,0.3547315126470555,True,1,permissive_union,1,-0.0408009724510286,-0.1866197965894721,0.1050178516874148,0.1148901973385334
908,1,1,0.59795154629418,0.5465323047791424,True,1,permissive_union,1,-0.0343156655808271,-0.1813213980470567,0.1126900668854023,0.2700079153490359
913,0,0,0.4590740424682504,0.153035619975251,True,1,permissive_union,1,0.0177435572017194,-0.0722419856344617,0.1077291000379005,0.5763362625455206
915,1,1,0.8444617337210738,0.7902472579186703,True,1,permissive_union,1,0.0304524469604218,-0.0671846105985417,0.1280895045193855,-0.1046070455361218
924,0,1,0.1106480738360361,0.3587549645748137,True,1,permissive_union,1,-0.0447557649388409,-0.1600030285362523,0.0704914986585703,-0.0351858055805025
929,1,0,0.6634216252210545,0.5571596280328351,True,1,permissive_union,1,-0.039295585215927,-0.2545290106387032,0.1759378402068491,-0.2246108655442407
934,0,0,0.1758882099010204,0.1479102128392838,True,1,permissive_union,1,-0.0434653447568307,-0.1514966724056373,0.0645659828919757,-0.1792356210016621
955,1,1,0.7279935351733413,0.7193079523925068,True,1,permissive_union,1,-0.0766931214371621,-0.192365276303939,0.0389790334296147,-0.4074361291328243
960,1,1,0.516353381546526,0.4874489700889952,True,1,permissive_union,1,-0.0101070543040258,-0.2232233038861558,0.2030091952781039,0.3030242858082472
961,0,1,0.5952214322323915,0.2839526673389449,True,1,permissive_union,1,0.0032309623536562,-0.1154332979722771,0.1218952226795896,-0.1738611085467418
967,0,0,0.7111062328377343,0.6026371727046967,True,1,permissive_union,1,0.0171998920069369,-0.067663772362414,0.1020635563762879,0.1131542413041228
976,0,0,0.2229658090752913,0.085181008745948,True,1,permissive_union,1,-0.008732195039344,-0.107038924198336,0.0895745341196479,-0.1043543822418454
977,1,0,0.8795089744048036,0.5493546289655924,True,1,permissive_union,1,0.0011593197064779,-0.1342391737949759,0.1365578132079319,0.2172265382051104
980,1,1,0.7845093011134376,0.5285083827381312,True,1,permissive_union,1,0.0113273257608594,-0.089701158661903,0.1123558101836219,-0.1328309937568829
986,1,0,0.6842931095653495,0.4407593834478375,True,1,permissive_union,1,-0.0657560554570387,-0.1934394100180653,0.0619272991039877,-0.219306647304542
987,0,0,0.4937146818591577,0.4101161855589622,True,1,permissive_union,1,-0.0176849144080439,-0.1237982428233085,0.0884284140072205,0.1653784649940301
989,0,0,0.502114524477848,0.4557268144672463,True,1,permissive_union,1,-0.0931300892607077,-0.2126962136367136,0.0264360351152981,-0.225530915704844
5,1,1,0.6377114402121038,0.3425497475537619,True,1,permissive_union,0,0.0129378453244046,-0.1347954971441046,0.1606711877929139,0.2954412588131098
12,0,1,0.4086459470394197,0.3000268973878696,True,1,permissive_union,0,0.0165389122665226,-0.1470171705930289,0.1800949951260741,-0.1020346687031714
15,1,0,0.5202019068490832,0.1180738710655429,True,1,permissive_union,0,-0.0510638185520461,-0.2005044270927472,0.098376789988655,-0.0030802974221459
30,0,0,0.5746897562690604,0.2429590676371458,True,1,permissive_union,0,0.0219598280716297,-0.0603023009253495,0.104221957068609,-0.1582462925714874
39,1,0,0.6048933776872666,0.3441516064005722,True,1,permissive_union,0,-0.0285902091071818,-0.1551326367145586,0.0979522185001949,-0.0787740414269622
40,0,0,0.3543801765148926,0.3505743206202041,True,1,permissive_union,0,-0.0404232732895584,-0.1896661909839766,0.1088196444048597,0.0604749885138391
43,1,0,0.7309350546172592,0.3861893383005025,True,1,permissive_union,0,0.0066598024968093,-0.1495882826981307,0.1629078876917494,-0.1970218052573134
45,0,0,0.2877857978025763,0.3689753372039217,True,1,permissive_union,0,0.0003814784703136,-0.1349903402120698,0.1357532971526971,0.1313990388549498
48,1,1,0.4640558918721573,0.5888245392655549,True,1,permissive_union,0,-0.1097825293509102,-0.2101280021075784,-0.0094370565942421,-0.0235109324822139
63,1,0,0.493740643635318,0.2016435562654448,True,1,permissive_union,0,-0.0303753341011138,-0.2012190881728112,0.1404684199705834,-0.0806185068185773
67,1,1,0.4135078007326209,0.532633707078535,True,1,permissive_union,0,-0.1090338220214434,-0.2290442568513294,0.0109766128084425,-0.4040936263411786
69,0,0,0.4660033727386178,0.4863086898247561,True,1,permissive_union,0,-0.0971965789617774,-0.2233281661029436,0.0289350081793888,-0.2535047085663173
72,1,0,0.5908011295185976,0.3649110295452353,True,1,permissive_union,0,-0.0087950477969118,-0.1262060094869694,0.1086159138931456,0.0339396341644859
75,1,0,0.8971971121686327,0.590906090484836,True,1,permissive_union,0,-0.003348128127738,-0.2248764886061139,0.2181802323506377,-0.2190504429096812
93,0,1,0.2343559307381617,0.3708737195266814,True,1,permissive_union,0,-0.0534039960470488,-0.2133054222326258,0.106497430138528,-0.2476334015864339
115,0,0,0.417662784829503,0.3560754401295836,True,1,permissive_union,0,-0.0299833608168521,-0.1989607413799934,0.138994019746289,-0.036066766855671
116,0,1,0.2300810466125331,0.2452458732935051,True,1,permissive_union,0,-0.1705457666444402,-0.2896491531024227,-0.0514423801864577,-0.0143420614464694
121,1,0,0.829551555662928,0.5644650903605791,True,1,permissive_union,0,-0.0445906002667679,-0.144512046506101,0.055330845972565,-0.578150415838105
122,1,0,0.6628130336914178,0.1675771919966962,True,1,permissive_union,0,-0.0740831319066164,-0.1899138435488918,0.0417475797356588,-0.1662835077113541
123,0,1,0.3974456212092374,0.392430831758484,True,1,permissive_union,0,-0.005799584737164,-0.119378606807414,0.1077794373330859,0.0324676550754574
126,0,0,0.2904388139791195,0.3909132072928165,True,1,permissive_union,0,-0.1274878537033789,-0.2087400685908111,-0.0462356388159467,-0.3010231687743369
130,0,0,0.2686321613885298,0.2184946098827451,True,1,permissive_union,0,-0.0754467601588333,-0.1534202618719751,0.0025267415543083,0.0063097536564251
137,0,0,0.1910422905713986,0.136704195001431,True,1,permissive_union,0,-0.0744219049984874,-0.2337488090948101,0.0849049990978352,-0.0353946032330241
145,1,0,0.4660143956373304,0.4421213226322661,True,1,permissive_union,0,0.0412709846415819,-0.1174977032306928,0.2000396725138566,-0.3376914379771497
151,0,1,0.5191771574449675,0.4662585530143542,True,1,permissive_union,0,-0.0469492738137782,-0.1923932902770299,0.0984947426494733,-0.3148700805651545
162,0,0,0.5856731783723788,0.5989655969474362,True,1,permissive_union,0,-0.0724918091159735,-0.1696309298902791,0.0246473116583319,-0.1770906937214045
167,0,1,0.6272436550256896,0.707639467658466,True,1,permissive_union,0,-0.0233597805743125,-0.1751347034196083,0.1284151422709831,0.0604197624029748
169,1,1,0.718421807752594,0.8744463758885973,True,1,permissive_union,0,-0.1202711831591205,-0.2730559654517956,0.0325135991335545,-0.059438745764093
180,1,1,0.8672668628184429,0.5657293381904667,True,1,permissive_union,0,-0.0336178178256823,-0.1205556681990823,0.0533200325477176,0.0721462057356445
186,1,0,0.5911390146431826,0.5179879989770028,True,1,permissive_union,0,-0.0408839216525547,-0.1221075625189701,0.0403397192138606,-0.3483873033729417
193,0,0,0.4002310604742047,0.1550758670471376,True,1,permissive_union,0,-0.0628406952586055,-0.1846087508015365,0.0589273602843253,-0.0779057038072634
196,0,0,0.4779684453454312,0.4063942925546509,True,1,permissive_union,0,0.006514031674963,-0.1436530190991346,0.1566810824490606,0.1850042231741754
198,0,0,0.1458736659034418,0.3168318250125152,True,1,permissive_union,0,-0.0471349670881884,-0.1730086248704134,0.0787386906940365,-0.0979604166806298
205,1,1,0.889667935890094,0.4157414662695457,True,1,permissive_union,0,-0.0784544648644967,-0.1534846541705646,-0.0034242755584287,0.1003900034516338
208,1,1,0.3791739705430976,0.6227098092939151,True,1,permissive_union,0,-0.0202345167311388,-0.1864213687167806,0.1459523352545028,-0.3836418638216122
211,0,0,0.231401125726331,0.2290585740477945,True,1,permissive_union,0,-0.0203872742062567,-0.1174882133562959,0.0767136649437823,0.0393623563224266
229,0,0,0.3549105310023648,0.1864281933239119,True,1,permissive_union,0,-0.0748420337529588,-0.1646502757024699,0.0149662081965522,-0.0181111175885878
237,0,1,0.3187585270756577,0.6861105920384603,True,1,permissive_union,0,-0.0253077051933159,-0.1250820556518146,0.0744666452651827,0.0146772385370304
241,1,0,0.338802769940387,0.4470269612145222,True,1,permissive_union,0,-0.0251326661149127,-0.132787111846624,0.0825217796167984,-0.2359562924134932
250,1,1,0.8428866494274864,0.703627059039757,True,1,permissive_union,0,-0.0437750642288473,-0.1363667874352467,0.048816658977552,-0.1438166112073363
254,0,1,0.2083929285420307,0.2409944609227921,True,1,permissive_union,0,-0.0425759649553514,-0.2047645489715017,0.1196126190607988,0.1102961278795356
261,0,0,0.25783316789758,0.1812073244799295,True,1,permissive_union,0,0.0043973176966314,-0.1574193100513105,0.1662139454445733,0.3128575438256605
264,1,1,0.5133701154893368,0.5783417591739412,True,1,permissive_union,0,-0.0286892622232952,-0.1520585855933755,0.0946800611467848,0.101309854190715
265,0,0,0.4673440107611287,0.3563794093146026,True,1,permissive_union,0,-0.136167983193216,-0.3151443915046236,0.0428084251181914,-0.1996664940257019
270,0,0,0.3487407377572455,0.2017139770195508,True,1,permissive_union,0,-0.0274617713174469,-0.1883861631793357,0.1334626205444417,-0.0598113374777657
271,1,0,0.8208015211662028,0.8654343342544495,True,1,permissive_union,0,-0.0377092743148267,-0.1825127161503821,0.1070941675207286,-0.027407061388611
277,1,1,0.8458274757149049,0.5796784555469318,True,1,permissive_union,0,-0.0272602486120753,-0.1703696517857472,0.1158491545615965,0.1970732338029357
282,0,0,0.4968539889905682,0.4895010838663226,True,1,permissive_union,0,-0.0191133321137076,-0.1362426847443796,0.0980160205169643,0.2904593735133494
284,0,1,0.2616966831448957,0.4804473555949514,True,1,permissive_union,0,0.0031051634743823,-0.1134821199379508,0.1196924468867154,0.185186885436133
288,1,0,0.7511605014707504,0.5824804714021297,True,1,permissive_union,0,-0.0609008684892021,-0.2180025515291979,0.0962008145507935,0.0046401207468271
294,1,1,0.8164796270017057,0.4903126491335002,True,1,permissive_union,0,-0.0152880495170076,-0.1768792525686754,0.1463031535346601,-0.349510263326905
318,0,0,0.6636540076542939,0.5705544669325786,True,1,permissive_union,0,-0.0013943316188172,-0.1670954506613503,0.1643067874237157,-0.2019998573470325
319,1,1,0.8930296774091446,0.7555478412559756,True,1,permissive_union,0,-0.0207613731425737,-0.176036640361594,0.1345138940764464,0.0427837395033252
328,0,1,0.3943292424817727,0.1894830318720366,True,1,permissive_union,0,-0.0115638457625575,-0.1251184954123969,0.1019908038872818,0.1032724399685739
334,0,0,0.3200385380572376,0.2875355167491368,True,1,permissive_union,0,-0.0657821901616207,-0.2605036476241275,0.128939267300886,-0.1484375342195409
339,0,1,0.6907306329755005,0.5644583916735121,True,1,permissive_union,0,-0.0841670882738922,-0.2530582043936855,0.0847240278459009,-0.0409641825439516
343,1,1,0.7122793784860058,0.5155210187085154,True,1,permissive_union,0,-0.0492466641007327,-0.1688007594965225,0.070307431295057,-0.252500407706424
346,0,0,0.4668878241550569,0.3395176398810799,True,1,permissive_union,0,-0.0207449508479891,-0.1102760089877311,0.0687861072917527,0.0212575491772035
347,0,1,0.2026382687026036,0.2637419376444213,True,1,permissive_union,0,-0.0704811116926204,-0.221160371379697,0.0801981479944561,0.0718545920669893
349,0,1,0.7980010545149436,0.6771543356924604,True,1,permissive_union,0,-0.0548337219153252,-0.1770322045900762,0.0673647607594258,0.0326887855021832
354,1,0,0.532805219686784,0.2924577715670299,True,1,permissive_union,0,0.0133400022178439,-0.0823397886622403,0.1090197930979283,-0.1429713506752603
357,1,1,0.6408274001124588,0.2999253159315922,True,1,permissive_union,0,-0.0637784761262919,-0.1650294846198555,0.0374725323672716,0.1013446835796018
360,1,0,0.3477877504865826,0.3387807653978252,True,1,permissive_union,0,-0.0741469131801831,-0.1922130708766681,0.0439192445163017,-0.2099547686179699
361,0,0,0.2966110817618265,0.2305933915777401,True,1,permissive_union,0,-0.0426213944085307,-0.1972375335163958,0.1119947446993342,-0.0406445885166562
365,1,0,0.6049751553904226,0.2863717839207137,True,1,permissive_union,0,-0.0742694466337515,-0.1805277616560217,0.0319888683885185,-0.3344524588585174
368,1,0,0.6849883638981021,0.3273397311753073,True,1,permissive_union,0,-0.0624813639290382,-0.150366562943282,0.0254038350852054,-0.0542746685428054
370,1,0,0.1979034024075983,0.1080026000983676,True,1,permissive_union,0,-0.0477325427823105,-0.1857621553175508,0.0902970697529297,-0.112249188104001
380,0,1,0.7471666727680591,0.4674264398886901,True,1,permissive_union,0,-0.0639336865601694,-0.1828799684592887,0.0550125953389497,-0.4595323870462047
384,1,1,0.6900728481780237,0.5112597274821526,True,1,permissive_union,0,0.0063100395331961,-0.1143506777470762,0.1269707568134686,0.0703099140074529
392,1,1,0.7956043945971023,0.7308406047876336,True,1,permissive_union,0,-0.0597739347552032,-0.1937655627512973,0.0742176932408908,0.0859568948245617
398,0,1,0.3206138626697417,0.4568522392771472,True,1,permissive_union,0,-0.0253504924810357,-0.1319829076627051,0.0812819227006336,-0.3498504475078327
409,0,0,0.1833779169179833,0.4439000770292082,True,1,permissive_union,0,-0.0031864251335591,-0.2190937049347114,0.2127208546675931,0.1455426515223805
422,1,1,0.4374280553015159,0.348712461995259,True,1,permissive_union,0,0.0376291843480686,-0.0947163888796782,0.1699747575758155,0.0487539624800851
424,1,0,0.6770097302582416,0.7052642761137701,True,1,permissive_union,0,-0.0831723459391485,-0.234288276767027,0.0679435848887299,-0.411950972386599
431,1,1,0.4372491262168222,0.6279412483546116,True,1,permissive_union,0,-0.1154467697640992,-0.2680196373547014,0.0371260978265029,-0.3266540670636856
433,0,0,0.1052517072609647,0.1042730496200623,True,1,permissive_union,0,-0.1110242016192304,-0.2818176552569401,0.0597692520184791,-0.0340215315582068
435,0,1,0.4409894527049854,0.6729711349557012,True,1,permissive_union,0,-0.0726363649691293,-0.2008795821900131,0.0556068522517544,-0.1074231289419768
446,1,0,0.2790381570542702,0.1637599933059333,True,1,permissive_union,0,-0.1266112875339433,-0.3023109712340907,0.0490883961662041,-0.0643252741052308
447,1,1,0.536835214889051,0.5503554221394807,True,1,permissive_union,0,-0.0304087774146403,-0.114298681068333,0.0534811262390524,0.0341449947609453
451,1,1,0.7690955084071955,0.6112206494377056,True,1,permissive_union,0,-0.0324194862209467,-0.128662001922811,0.0638230294809175,-0.1766356384611831
460,1,0,0.390947709654434,0.2799446997374306,True,1,permissive_union,0,-0.0500607099566452,-0.1811850697147767,0.0810636498014861,-0.1508996908138559
462,0,0,0.4757820881301206,0.3798226570352518,True,1,permissive_union,0,0.0333470775741401,-0.1139091277764182,0.1806032829246985,-0.0287736934267696
465,0,1,0.4312755600906261,0.6491876730428766,True,1,permissive_union,0,-0.030266506655996,-0.1666660209538168,0.1061330076418246,-0.0735231182259229
467,0,0,0.2562069965782711,0.2668403826074519,True,1,permissive_union,0,-0.079066860959515,-0.228004675974514,0.0698709540554839,0.1810953069201813
468,1,0,0.4488229378693237,0.4590625162462623,True,1,permissive_union,0,-0.0348379481649503,-0.1271738440662434,0.0574979477363427,-0.3639434178511885
474,0,0,0.4334979519869535,0.382804016004297,True,1,permissive_union,0,-0.0258733054984049,-0.2130234512441345,0.1612768402473245,0.2702421419125612
478,1,0,0.5739982744039367,0.2947270948162633,True,1,permissive_union,0,-0.0706980846596659,-0.2011224546088674,0.0597262852895355,-0.1411313948828423
481,0,1,0.5087083360409932,0.4082550174102792,True,1,permissive_union,0,-0.0378699376014066,-0.1639722820298746,0.0882324068270613,0.2425677441982232
486,1,1,0.7441202307802978,0.6148549412893181,True,1,permissive_union,0,-0.0644177574455238,-0.1677852445247059,0.0389497296336582,-0.6892153014395378
487,1,1,0.8467975192157075,0.5866738910251524,True,1,permissive_union,0,0.0140042003871221,-0.092320984481163,0.1203293852554072,-0.0281566916150681
498,0,0,0.3020648921646804,0.1979830251548477,True,1,permissive_union,0,-0.1142399335368436,-0.299358121902834,0.0708782548291467,-0.1062618189134249
503,0,0,0.3446948747805175,0.2658055219729751,True,1,permissive_union,0,-0.0408073916125803,-0.1478384998705853,0.0662237166454245,-0.1672850542834813
507,1,1,0.8311033999506614,0.7945564212316646,True,1,permissive_union,0,-0.0561457309549089,-0.161911914203084,0.049620452293266,-0.0308549288115069
508,0,0,0.5229332692489086,0.2601699446166555,True,1,permissive_union,0,-0.0850257806624971,-0.2462470123639027,0.0761954510389084,-0.0562097208968652
514,1,1,0.8270038617254091,0.6943390637417084,True,1,permissive_union,0,-0.0312940451399823,-0.1468250369243303,0.0842369466443656,-0.0614781201380465
526,0,0,0.1578259392999683,0.130444744119986,True,1,permissive_union,0,-0.0323506122809342,-0.1869095582264142,0.1222083336645457,0.0202992312699243
528,1,1,0.6647472925894883,0.7352516088728809,True,1,permissive_union,0,-0.0031281738263008,-0.1521827236043093,0.1459263759517075,-0.3151680255715663
532,1,0,0.5659465902283147,0.4305883970188177,True,1,permissive_union,0,-0.0787603141412452,-0.1504902699004564,-0.007030358382034,-0.5334643262344162
534,0,1,0.6356185713393279,0.4957060818429861,True,1,permissive_union,0,0.0654376035697629,-0.0827516163878057,0.2136268235273316,0.1354339849207388
535,0,0,0.6385549390569282,0.3491581541021244,True,1,permissive_union,0,0.0266892992580128,-0.0674722976162445,0.1208508961322702,0.0370406161049267
538,1,0,0.7165422603028302,0.5565385298635452,True,1,permissive_union,0,-0.0181625777693424,-0.1968444556445782,0.1605193001058931,-0.0621285127855897
539,0,1,0.3919352408994978,0.3980788389051554,True,1,permissive_union,0,-0.1154775807994926,-0.2249197706411749,-0.0060353909578102,-0.1112600630826312
546,0,0,0.3024691154894626,0.1674140399970113,True,1,permissive_union,0,-0.0825867790984982,-0.1749011324713594,0.0097275742743628,-0.0662060867935373
549,1,0,0.737809295603759,0.4018100071172399,True,1,permissive_union,0,-0.0477126442530926,-0.160288261653245,0.0648629731470598,-0.2260567918036844
550,0,0,0.2296862036406513,0.125078688297396,True,1,permissive_union,0,-0.0924715587109484,-0.1682804136658711,-0.0166627037560257,-0.0838160275346101
552,1,0,0.5131292585651384,0.1904453106666334,True,1,permissive_union,0,-0.0374482603832464,-0.1321419475142305,0.0572454267477375,0.08753892270289
559,1,0,0.6085123450001269,0.405681505096466,True,1,permissive_union,0,-0.0826468711449325,-0.2177487934170886,0.0524550511272234,-0.3657608504843099
560,1,1,0.8655555287273489,0.6294406160354643,True,1,permissive_union,0,-0.0850651947723706,-0.2237411595563127,0.0536107700115713,-0.0646999077179867
561,1,0,0.6004522932294956,0.2519387481121832,True,1,permissive_union,0,-0.0287479759496375,-0.1514500895848187,0.0939541376855435,-0.1484763527289404
563,0,0,0.3497769690033058,0.3001244011940171,True,1,permissive_union,0,-0.0842273120551668,-0.1693217030623372,0.0008670789520034,0.0872341997213746
568,1,1,0.8420165704415828,0.7241993149028411,True,1,permissive_union,0,-0.1051351084623549,-0.2324132872622302,0.0221430703375203,-0.1100676864813856
569,0,1,0.6204165780663479,0.649966418468412,True,1,permissive_union,0,-0.0861561159122969,-0.2075216370527839,0.03520940522819,-0.0350647288328105
578,0,0,0.528449166106585,0.541129455632692,True,1,permissive_union,0,-0.0719968529158065,-0.2008468716538896,0.0568531658222765,-0.1661069213092291
584,1,0,0.4835230499831929,0.6086690571475216,True,1,permissive_union,0,0.0129792238762352,-0.1534208584143467,0.1793793061668172,-0.1862053968139435
588,1,1,0.6950874683394853,0.6067692377764136,True,1,permissive_union,0,0.0161259656229457,-0.1251862145245638,0.1574381457704553,0.0515171259474075
594,0,1,0.3845124638174599,0.202048263708186,True,1,permissive_union,0,-0.0759511262074024,-0.1679769617128718,0.0160747092980668,-0.1845762402931477
599,0,1,0.5139276407168637,0.3069862927665871,True,1,permissive_union,0,-0.0137762373720699,-0.0877945097732019,0.060242035029062,-0.0170208056131654
603,1,1,0.8760250372770755,0.7245136388321798,True,1,permissive_union,0,-0.0690837245144843,-0.1989477941081645,0.0607803450791958,-0.4064471216929251
606,0,1,0.2192294077600339,0.3608687382193187,True,1,permissive_union,0,-0.0784501265543581,-0.191533884162467,0.0346336310537507,-0.0810499975355446
607,0,0,0.2306889141131686,0.4134998057835559,True,1,permissive_union,0,-0.0485235324550448,-0.2058862860749855,0.1088392211648958,-0.2026216599600059
609,0,1,0.2303519206028594,0.1661800464978828,True,1,permissive_union,0,-0.0242634557262098,-0.1220079553638014,0.0734810439113817,-0.1781520259679382
614,1,1,0.6467946600933504,0.454149402724382,True,1,permissive_union,0,-0.1170391341001912,-0.2570077451346106,0.022929476934228,0.1380098948543894
617,1,0,0.6802572666640975,0.691208308706228,True,1,permissive_union,0,-0.1179046682339795,-0.2120036564483541,-0.023805680019605,-0.3297796341794859
621,1,1,0.627291255719527,0.643934722388693,True,1,permissive_union,0,-0.0803655985013531,-0.2231055708007835,0.0623743737980772,-0.103005344759102
626,1,0,0.474501537217078,0.164374600614252,True,1,permissive_union,0,-0.0688771149175108,-0.1901458344230304,0.0523916045880086,-0.1473410584362936
638,1,0,0.2748012559824055,0.1239220657092472,True,1,permissive_union,0,-0.0294679278557297,-0.1503316657179005,0.0913958100064409,-0.0289677790752043
648,1,1,0.5446984576494674,0.4969151883647077,True,1,permissive_union,0,-0.0492697903263199,-0.1643300287233415,0.0657904480707017,0.2265779739142019
651,1,0,0.7414638822974168,0.2073560428214372,True,1,permissive_union,0,-0.071561568182448,-0.1560805069489013,0.0129573705840051,0.1428509167227937
656,0,0,0.2820466246045192,0.4366149382471533,True,1,permissive_union,0,-0.0414886389850459,-0.1746364983372903,0.0916592203671984,0.0080717971819229
662,0,0,0.6929571721037661,0.5688028871898342,True,1,permissive_union,0,0.0063255235467875,-0.0905710890694758,0.1032221361630509,0.1209044238137532
663,1,1,0.6304851473044282,0.5835748670106308,True,1,permissive_union,0,0.0147409022527518,-0.0786351656583668,0.1081169701638705,-0.0006267839972746
676,1,0,0.4599439184764482,0.2987878211415748,True,1,permissive_union,0,-0.0893839409876762,-0.2381020287424134,0.0593341467670609,0.288078314021742
680,1,0,0.6829703748258147,0.1138559463673801,True,1,permissive_union,0,-0.0385786853196768,-0.1752379156192477,0.0980805449798939,-0.2167613270433704
684,0,0,0.5697406984360188,0.1998318507039766,True,1,permissive_union,0,-0.0387471685502255,-0.112352145695235,0.0348578085947838,-0.0936522813101408
689,1,1,0.8868225930045658,0.8706173422583725,True,1,permissive_union,0,-0.043009614497902,-0.1460589154499898,0.0600396864541858,0.0284377361233592
707,1,0,0.3095601577041158,0.1657451748796045,True,1,permissive_union,0,-0.0804617166512856,-0.2383270020361045,0.0774035687335333,-0.1826127486382754
708,0,0,0.3894418068151838,0.3110983385469534,True,1,permissive_union,0,-0.1002477772691713,-0.2223975631915077,0.0219020086531648,-0.3033594815556778
712,0,0,0.2267174372063047,0.3991605009537028,True,1,permissive_union,0,-0.0259586537667498,-0.1403185236681466,0.0884012161346468,0.2026218293203847
713,0,1,0.4479973834356069,0.7899673126686212,True,1,permissive_union,0,-0.0421214167576237,-0.1559408232436884,0.0716979897284409,0.1835114986066507
723,1,1,0.8791019779208326,0.6312407840166131,True,1,permissive_union,0,0.0373968752201836,-0.0546138699716363,0.1294076204120036,-0.0139812788191581
735,1,1,0.7869431386479372,0.5368141960979033,True,1,permissive_union,0,0.018997323644669,-0.0868142125170423,0.1248088598063804,0.2892291597635016
739,0,1,0.1656792513126042,0.3625667250095327,True,1,permissive_union,0,-0.0159413759046837,-0.2082307259803525,0.176347974170985,0.0465358406512868
743,1,0,0.6338297786120288,0.6070901283292623,True,1,permissive_union,0,-0.0778272606754877,-0.2295671813930928,0.0739126600421171,-0.3588049137290085
744,0,0,0.2696157041235064,0.1526445884995828,True,1,permissive_union,0,-0.0393010076988175,-0.1821977922920651,0.1035957768944299,0.000438274286518
752,1,0,0.6647472925894883,0.7208329462562315,True,1,permissive_union,0,0.0082734717113561,-0.1491551970878798,0.1657021405105921,-0.0486240298536814
760,1,1,0.7134555858731084,0.792566241366111,True,1,permissive_union,0,-0.1461112031266384,-0.3420795137369339,0.0498571074836569,-0.1049719012824385
773,1,1,0.8386940353384825,0.852870223315683,True,1,permissive_union,0,0.0237514546090297,-0.1976735143111502,0.2451764235292096,-0.0507876198371495
776,0,0,0.3345234242308092,0.2053377316606053,True,1,permissive_union,0,-0.0087305885816894,-0.1437698156462105,0.1263086384828316,0.1121593665543734
779,0,0,0.3257453007133764,0.2275431343606286,True,1,permissive_union,0,-0.0546579794740692,-0.1455574589300746,0.036241499981936,0.2102850669914252
781,1,1,0.6832939038423603,0.63754694937672,True,1,permissive_union,0,-0.0076318595113526,-0.0884530566367518,0.0731893376140466,0.03127374458673
782,1,0,0.7648701537663227,0.4641424883295498,True,1,permissive_union,0,-0.005689451491333,-0.1586571314521161,0.14727822846945,-0.2788197122576257
783,0,0,0.1217298937920421,0.3168675055683017,True,1,permissive_union,0,-0.0376981360348623,-0.1505422170270212,0.0751459449572964,0.1176809396097496
798,1,1,0.5742961575804171,0.7338549270059888,True,1,permissive_union,0,-0.0742091047505219,-0.2426001410836248,0.0941819315825808,-0.0128295956561388
822,0,0,0.7417980053932205,0.6367950734915155,True,1,permissive_union,0,0.057916348124068,-0.0961530475399443,0.2119857437880805,0.1568786712897365
827,0,1,0.264977865904604,0.5063020143310597,True,1,permissive_union,0,-0.1199082231681513,-0.2841955096937488,0.044379063357446,-0.4717084066230759
839,0,0,0.4808888128545494,0.1562570180525887,True,1,permissive_union,0,-0.0796275595541772,-0.2002988107897613,0.0410436916814067,-0.082870305049013
845,1,1,0.7067711150558171,0.505484558588421,True,1,permissive_union,0,0.0121574077934635,-0.1361580350446752,0.1604728506316021,-0.0549671221434375
848,0,0,0.1666158023279128,0.2015602546752192,True,1,permissive_union,0,-0.065440213618449,-0.1696917135270106,0.0388112862901124,0.0857810802170664
859,1,1,0.6849906428774399,0.6769103292049636,True,1,permissive_union,0,-0.0328246031802214,-0.1146847529061004,0.0490355465456575,0.1009164325149726
868,1,0,0.3082583807209731,0.1535068027524439,True,1,permissive_union,0,-0.0764584274778794,-0.2058620533149883,0.0529451983592293,-0.0376875833533315
875,1,1,0.2533396338739371,0.2070879630898262,True,1,permissive_union,0,0.0321741436083069,-0.0705194142736246,0.1348677014902385,0.2750351541256375
892,0,0,0.6313698695873204,0.2338246306856515,True,1,permissive_union,0,-0.0292629163717494,-0.1284741661321744,0.0699483333886754,-0.4218944972490402
893,0,1,0.4558925787626889,0.39302832109664,True,1,permissive_union,0,-0.0447131720909769,-0.1308492484484447,0.0414229042664909,-0.1389911912905728
898,1,1,0.49462645872228,0.3547315126470555,True,1,permissive_union,0,-0.035711895134536,-0.1912942275293452,0.1198704372602731,0.1148901973385334
908,1,1,0.59795154629418,0.5465323047791424,True,1,permissive_union,0,-0.0682958599212343,-0.2396624423934131,0.1030707225509443,0.2700079153490359
913,0,0,0.4590740424682504,0.153035619975251,True,1,permissive_union,0,-0.0015699410890656,-0.1118166518531375,0.1086767696750061,0.5763362625455206
915,1,1,0.8444617337210738,0.7902472579186703,True,1,permissive_union,0,0.0292977457964997,-0.1551481337694104,0.2137436253624099,-0.1046070455361218
924,0,1,0.1106480738360361,0.3587549645748137,True,1,permissive_union,0,-0.0893686289697292,-0.2361282160860937,0.0573909581466352,-0.0351858055805025
929,1,0,0.6634216252210545,0.5571596280328351,True,1,permissive_union,0,-0.0200662242001199,-0.1850399469191343,0.1449074985188943,-0.2246108655442407
934,0,0,0.1758882099010204,0.1479102128392838,True,1,permissive_union,0,-0.100645568787938,-0.2380059483933084,0.0367148108174322,-0.1792356210016621
955,1,1,0.7279935351733413,0.7193079523925068,True,1,permissive_union,0,-0.0849192116559326,-0.1626755496782207,-0.0071628736336445,-0.4074361291328243
960,1,1,0.516353381546526,0.4874489700889952,True,1,permissive_union,0,0.0250821258050148,-0.1531645767937132,0.2033288284037429,0.3030242858082472
961,0,1,0.5952214322323915,0.2839526673389449,True,1,permissive_union,0,-0.0022271215040065,-0.1555164408323357,0.1510621978243226,-0.1738611085467418
967,0,0,0.7111062328377343,0.6026371727046967,True,1,permissive_union,0,-0.0352616775181528,-0.1320401925461113,0.0615168375098056,0.1131542413041228
976,0,0,0.2229658090752913,0.085181008745948,True,1,permissive_union,0,-0.0883683326800976,-0.2218241518366482,0.0450874864764529,-0.1043543822418454
977,1,0,0.8795089744048036,0.5493546289655924,True,1,permissive_union,0,0.0093769508938809,-0.1164897858849338,0.1352436876726958,0.2172265382051104
980,1,1,0.7845093011134376,0.5285083827381312,True,1,permissive_union,0,-0.0447139400166848,-0.1849245014529651,0.0954966214195953,-0.1328309937568829
986,1,0,0.6842931095653495,0.4407593834478375,True,1,permissive_union,0,-0.0690109613709945,-0.1757423567454199,0.0377204340034307,-0.219306647304542
987,0,0,0.4937146818591577,0.4101161855589622,True,1,permissive_union,0,-0.0284291145239346,-0.1504803274466037,0.0936220983987345,0.1653784649940301
989,0,0,0.502114524477848,0.4557268144672463,True,1,permissive_union,0,-0.0538131940159725,-0.1825008040568912,0.074874416024946,-0.225530915704844
5,1,1,0.6377114402121038,0.3425497475537619,True,1,permissive_union,2,0.0096294218740848,-0.1567407322354661,0.1759995759836358,0.2954412588131098
12,0,1,0.4086459470394197,0.3000268973878696,True,1,permissive_union,2,0.0442362780817074,-0.0570565020543851,0.1455290582177999,-0.1020346687031714
15,1,0,0.5202019068490832,0.1180738710655429,True,1,permissive_union,2,-0.0463294520382759,-0.2312118618197291,0.138552957743177,-0.0030802974221459
30,0,0,0.5746897562690604,0.2429590676371458,True,1,permissive_union,2,-0.0065408412095654,-0.1621038067905523,0.1490221243714213,-0.1582462925714874
39,1,0,0.6048933776872666,0.3441516064005722,True,1,permissive_union,2,-0.033629176576482,-0.1750986185833825,0.1078402654304184,-0.0787740414269622
40,0,0,0.3543801765148926,0.3505743206202041,True,1,permissive_union,2,0.0036627219332997,-0.0964069316362466,0.103732375502846,0.0604749885138391
43,1,0,0.7309350546172592,0.3861893383005025,True,1,permissive_union,2,0.0166286363375387,-0.0930805746005781,0.1263378472756556,-0.1970218052573134
45,0,0,0.2877857978025763,0.3689753372039217,True,1,permissive_union,2,0.0145352616342459,-0.0796112358765791,0.1086817591450709,0.1313990388549498
48,1,1,0.4640558918721573,0.5888245392655549,True,1,permissive_union,2,-0.0554145483802842,-0.1521266021718533,0.0412975054112847,-0.0235109324822139
63,1,0,0.493740643635318,0.2016435562654448,True,1,permissive_union,2,-0.0584927564782832,-0.2799865654145068,0.1630010524579404,-0.0806185068185773
67,1,1,0.4135078007326209,0.532633707078535,True,1,permissive_union,2,-0.0895313838112585,-0.1891837830995595,0.0101210154770423,-0.4040936263411786
69,0,0,0.4660033727386178,0.4863086898247561,True,1,permissive_union,2,-0.0494611426838209,-0.1742629836130813,0.0753406982454394,-0.2535047085663173
72,1,0,0.5908011295185976,0.3649110295452353,True,1,permissive_union,2,-0.0262268925777449,-0.1914641645397111,0.1390103793842211,0.0339396341644859
75,1,0,0.8971971121686327,0.590906090484836,True,1,permissive_union,2,-0.0340595932037384,-0.1863929532895272,0.1182737668820503,-0.2190504429096812
93,0,1,0.2343559307381617,0.3708737195266814,True,1,permissive_union,2,-0.0201123783217086,-0.138249372311852,0.0980246156684346,-0.2476334015864339
115,0,0,0.417662784829503,0.3560754401295836,True,1,permissive_union,2,-0.0168188693011378,-0.1594554389255741,0.1258177003232984,-0.036066766855671
116,0,1,0.2300810466125331,0.2452458732935051,True,1,permissive_union,2,-0.140758486085264,-0.2203329509944466,-0.0611840211760814,-0.0143420614464694
121,1,0,0.829551555662928,0.5644650903605791,True,1,permissive_union,2,-0.0295782710761957,-0.1822736263889235,0.123117084236532,-0.578150415838105
122,1,0,0.6628130336914178,0.1675771919966962,True,1,permissive_union,2,-0.0573903266509432,-0.151224821283377,0.0364441679814904,-0.1662835077113541
123,0,1,0.3974456212092374,0.392430831758484,True,1,permissive_union,2,-0.0684050760149288,-0.1475696953928809,0.0107595433630231,0.0324676550754574
126,0,0,0.2904388139791195,0.3909132072928165,True,1,permissive_union,2,-0.0827905801569958,-0.1880166364539389,0.0224354761399472,-0.3010231687743369
130,0,0,0.2686321613885298,0.2184946098827451,True,1,permissive_union,2,-0.0192768369775466,-0.1807821319440997,0.1422284579890063,0.0063097536564251
137,0,0,0.1910422905713986,0.136704195001431,True,1,permissive_union,2,-0.047841079374945,-0.1579224119841927,0.0622402532343026,-0.0353946032330241
145,1,0,0.4660143956373304,0.4421213226322661,True,1,permissive_union,2,0.0081045313806363,-0.1384782328256531,0.1546872955869258,-0.3376914379771497
151,0,1,0.5191771574449675,0.4662585530143542,True,1,permissive_union,2,0.0028563190347723,-0.1550838261562513,0.160796464225796,-0.3148700805651545
162,0,0,0.5856731783723788,0.5989655969474362,True,1,permissive_union,2,-0.0389934616144491,-0.156188305665363,0.0782013824364648,-0.1770906937214045
167,0,1,0.6272436550256896,0.707639467658466,True,1,permissive_union,2,-0.009954567450464,-0.1455363010355943,0.1256271661346663,0.0604197624029748
169,1,1,0.718421807752594,0.8744463758885973,True,1,permissive_union,2,-0.0609129430696707,-0.1948161356850153,0.0729902495456738,-0.059438745764093
180,1,1,0.8672668628184429,0.5657293381904667,True,1,permissive_union,2,-0.032961339261575,-0.1320768866308808,0.0661542081077306,0.0721462057356445
186,1,0,0.5911390146431826,0.5179879989770028,True,1,permissive_union,2,-0.0087988063868759,-0.1538103402131871,0.1362127274394352,-0.3483873033729417
193,0,0,0.4002310604742047,0.1550758670471376,True,1,permissive_union,2,-0.0312422414634191,-0.1239741246111836,0.0614896416843452,-0.0779057038072634
196,0,0,0.4779684453454312,0.4063942925546509,True,1,permissive_union,2,0.0136197123298201,-0.1709690680678809,0.198208492727521,0.1850042231741754
198,0,0,0.1458736659034418,0.3168318250125152,True,1,permissive_union,2,-0.0638102931536868,-0.1490502417857959,0.0214296554784221,-0.0979604166806298
205,1,1,0.889667935890094,0.4157414662695457,True,1,permissive_union,2,-0.0534843964431865,-0.1658484303183649,0.0588796374319917,0.1003900034516338
208,1,1,0.3791739705430976,0.6227098092939151,True,1,permissive_union,2,-0.0485655549938956,-0.1613079970183283,0.0641768870305369,-0.3836418638216122
211,0,0,0.231401125726331,0.2290585740477945,True,1,permissive_union,2,0.0329359958980314,-0.0515973749045665,0.1174693667006294,0.0393623563224266
229,0,0,0.3549105310023648,0.1864281933239119,True,1,permissive_union,2,-0.0539957507768221,-0.1679337360721886,0.0599422345185442,-0.0181111175885878
237,0,1,0.3187585270756577,0.6861105920384603,True,1,permissive_union,2,0.0314191694928688,-0.156096272410451,0.2189346113961887,0.0146772385370304
241,1,0,0.338802769940387,0.4470269612145222,True,1,permissive_union,2,-0.0327129919985391,-0.1385313589152279,0.0731053749181496,-0.2359562924134932
250,1,1,0.8428866494274864,0.703627059039757,True,1,permissive_union,2,-0.0432765563450711,-0.1497733346063059,0.0632202219161636,-0.1438166112073363
254,0,1,0.2083929285420307,0.2409944609227921,True,1,permissive_union,2,-0.0047709139018193,-0.1030623733179582,0.0935205455143195,0.1102961278795356
261,0,0,0.25783316789758,0.1812073244799295,True,1,permissive_union,2,0.0615499769824524,-0.0535782432278987,0.1766781971928037,0.3128575438256605
264,1,1,0.5133701154893368,0.5783417591739412,True,1,permissive_union,2,-0.0271962759808179,-0.1875745985720056,0.1331820466103696,0.101309854190715
265,0,0,0.4673440107611287,0.3563794093146026,True,1,permissive_union,2,-0.0972713599023346,-0.2235893796075227,0.0290466598028534,-0.1996664940257019
270,0,0,0.3487407377572455,0.2017139770195508,True,1,permissive_union,2,-0.0006700547589584,-0.0829497085066922,0.0816095989887753,-0.0598113374777657
271,1,0,0.8208015211662028,0.8654343342544495,True,1,permissive_union,2,-0.0349515250678077,-0.1304191189815845,0.0605160688459691,-0.027407061388611
277,1,1,0.8458274757149049,0.5796784555469318,True,1,permissive_union,2,-0.020235969291919,-0.2095237117442021,0.1690517731603639,0.1970732338029357
282,0,0,0.4968539889905682,0.4895010838663226,True,1,permissive_union,2,-0.021070015498707,-0.1208654186624328,0.0787253876650186,0.2904593735133494
284,0,1,0.2616966831448957,0.4804473555949514,True,1,permissive_union,2,0.0159596664417347,-0.0904132364652335,0.1223325693487029,0.185186885436133
288,1,0,0.7511605014707504,0.5824804714021297,True,1,permissive_union,2,-0.0062990326037444,-0.101452497912363,0.0888544327048742,0.0046401207468271
294,1,1,0.8164796270017057,0.4903126491335002,True,1,permissive_union,2,-0.0408107423110122,-0.1334555005909032,0.0518340159688787,-0.349510263326905
318,0,0,0.6636540076542939,0.5705544669325786,True,1,permissive_union,2,-0.0448242406884137,-0.1454132970301063,0.0557648156532788,-0.2019998573470325
319,1,1,0.8930296774091446,0.7555478412559756,True,1,permissive_union,2,-0.0443237223463023,-0.2417461411839939,0.1530986964913891,0.0427837395033252
328,0,1,0.3943292424817727,0.1894830318720366,True,1,permissive_union,2,-0.0015381825931884,-0.1313481028194754,0.1282717376330985,0.1032724399685739
334,0,0,0.3200385380572376,0.2875355167491368,True,1,permissive_union,2,-0.0717468379139113,-0.1950970740807351,0.0516033982529124,-0.1484375342195409
339,0,1,0.6907306329755005,0.5644583916735121,True,1,permissive_union,2,-0.0606208344033115,-0.2390930226397459,0.1178513538331229,-0.0409641825439516
343,1,1,0.7122793784860058,0.5155210187085154,True,1,permissive_union,2,-0.0443597328275564,-0.1441751894828827,0.0554557238277699,-0.252500407706424
346,0,0,0.4668878241550569,0.3395176398810799,True,1,permissive_union,2,-0.0013102669574344,-0.1498614079576592,0.1472408740427903,0.0212575491772035
347,0,1,0.2026382687026036,0.2637419376444213,True,1,permissive_union,2,-0.0645668394415877,-0.2001941732246582,0.0710604943414827,0.0718545920669893
349,0,1,0.7980010545149436,0.6771543356924604,True,1,permissive_union,2,-0.0765876138786438,-0.1609576487671957,0.007782421009908,0.0326887855021832
354,1,0,0.532805219686784,0.2924577715670299,True,1,permissive_union,2,-0.0093863541309014,-0.1894427361493289,0.1706700278875259,-0.1429713506752603
357,1,1,0.6408274001124588,0.2999253159315922,True,1,permissive_union,2,-0.0806142836052245,-0.204384347442499,0.0431557802320499,0.1013446835796018
360,1,0,0.3477877504865826,0.3387807653978252,True,1,permissive_union,2,-0.0393529093839863,-0.1663082012729019,0.0876023825049292,-0.2099547686179699
361,0,0,0.2966110817618265,0.2305933915777401,True,1,permissive_union,2,-0.04780897364948,-0.2114294735040673,0.1158115262051072,-0.0406445885166562
365,1,0,0.6049751553904226,0.2863717839207137,True,1,permissive_union,2,-0.0730357056859633,-0.1692110163685518,0.023139604996625,-0.3344524588585174
368,1,0,0.6849883638981021,0.3273397311753073,True,1,permissive_union,2,-0.0317101454057747,-0.1898197304615947,0.1263994396500452,-0.0542746685428054
370,1,0,0.1979034024075983,0.1080026000983676,True,1,permissive_union,2,-0.0533646480782304,-0.222356848443325,0.115627552286864,-0.112249188104001
380,0,1,0.7471666727680591,0.4674264398886901,True,1,permissive_union,2,-0.0297569616243026,-0.2035753933542527,0.1440614701056473,-0.4595323870462047
384,1,1,0.6900728481780237,0.5112597274821526,True,1,permissive_union,2,0.0049600347289527,-0.1181026434962307,0.1280227129541361,0.0703099140074529
392,1,1,0.7956043945971023,0.7308406047876336,True,1,permissive_union,2,-0.0404344538444216,-0.1491499409924797,0.0682810333036364,0.0859568948245617
398,0,1,0.3206138626697417,0.4568522392771472,True,1,permissive_union,2,0.0148983746501817,-0.0733460691420147,0.1031428184423782,-0.3498504475078327
409,0,0,0.1833779169179833,0.4439000770292082,True,1,permissive_union,2,-0.0317151778322792,-0.1141912558147884,0.0507609001502299,0.1455426515223805
422,1,1,0.4374280553015159,0.348712461995259,True,1,permissive_union,2,0.0292822753452555,-0.0866487868155357,0.1452133375060467,0.0487539624800851
424,1,0,0.6770097302582416,0.7052642761137701,True,1,permissive_union,2,-0.0961877799990741,-0.2019559050014915,0.0095803450033432,-0.411950972386599
431,1,1,0.4372491262168222,0.6279412483546116,True,1,permissive_union,2,-0.0896392741291794,-0.2194009811163514,0.0401224328579923,-0.3266540670636856
433,0,0,0.1052517072609647,0.1042730496200623,True,1,permissive_union,2,-0.0867055686332041,-0.2081035130230815,0.0346923757566731,-0.0340215315582068
435,0,1,0.4409894527049854,0.6729711349557012,True,1,permissive_union,2,-0.0336164847584881,-0.1928733187395511,0.1256403492225748,-0.1074231289419768
446,1,0,0.2790381570542702,0.1637599933059333,True,1,permissive_union,2,-0.0518985882666426,-0.2243514102260139,0.1205542336927286,-0.0643252741052308
447,1,1,0.536835214889051,0.5503554221394807,True,1,permissive_union,2,-0.0487330947936656,-0.222860025245605,0.1253938356582737,0.0341449947609453
451,1,1,0.7690955084071955,0.6112206494377056,True,1,permissive_union,2,-0.001346183408978,-0.1021843708627131,0.099492004044757,-0.1766356384611831
460,1,0,0.390947709654434,0.2799446997374306,True,1,permissive_union,2,-0.0153135388718449,-0.185246581610825,0.154619503867135,-0.1508996908138559
462,0,0,0.4757820881301206,0.3798226570352518,True,1,permissive_union,2,0.0305308819506425,-0.0669828549422768,0.128044618843562,-0.0287736934267696
465,0,1,0.4312755600906261,0.6491876730428766,True,1,permissive_union,2,-0.0281484133802415,-0.1729890678436701,0.1166922410831869,-0.0735231182259229
467,0,0,0.2562069965782711,0.2668403826074519,True,1,permissive_union,2,-0.0289746641055773,-0.1089506605150387,0.0510013323038839,0.1810953069201813
468,1,0,0.4488229378693237,0.4590625162462623,True,1,permissive_union,2,-0.0458699535075717,-0.1970566478389983,0.1053167408238547,-0.3639434178511885
474,0,0,0.4334979519869535,0.382804016004297,True,1,permissive_union,2,0.0199403957916192,-0.1440477743724036,0.1839285659556421,0.2702421419125612
478,1,0,0.5739982744039367,0.2947270948162633,True,1,permissive_union,2,-0.0932068341144461,-0.2618663853345583,0.075452717105666,-0.1411313948828423
481,0,1,0.5087083360409932,0.4082550174102792,True,1,permissive_union,2,-0.0260614422467833,-0.1675643128883426,0.1154414283947759,0.2425677441982232
486,1,1,0.7441202307802978,0.6148549412893181,True,1,permissive_union,2,-0.0596263879588666,-0.2841554561750024,0.164902680257269,-0.6892153014395378
487,1,1,0.8467975192157075,0.5866738910251524,True,1,permissive_union,2,0.0091857622945818,-0.1949816587563748,0.2133531833455386,-0.0281566916150681
498,0,0,0.3020648921646804,0.1979830251548477,True,1,permissive_union,2,-0.1007746096020453,-0.2419709156851098,0.0404216964810192,-0.1062618189134249
503,0,0,0.3446948747805175,0.2658055219729751,True,1,permissive_union,2,-0.0094529689213495,-0.1078546981004081,0.0889487602577089,-0.1672850542834813
507,1,1,0.8311033999506614,0.7945564212316646,True,1,permissive_union,2,-0.049667462555403,-0.1435015395134545,0.0441666144026484,-0.0308549288115069
508,0,0,0.5229332692489086,0.2601699446166555,True,1,permissive_union,2,-0.068772318457997,-0.2028803466305082,0.065335709714514,-0.0562097208968652
514,1,1,0.8270038617254091,0.6943390637417084,True,1,permissive_union,2,-0.0558269310257345,-0.2050588632429718,0.0934050011915025,-0.0614781201380465
526,0,0,0.1578259392999683,0.130444744119986,True,1,permissive_union,2,0.006081377149055,-0.0903793749333511,0.1025421292314613,0.0202992312699243
528,1,1,0.6647472925894883,0.7352516088728809,True,1,permissive_union,2,-0.0193272087452328,-0.1278311759018316,0.0891767584113659,-0.3151680255715663
532,1,0,0.5659465902283147,0.4305883970188177,True,1,permissive_union,2,-0.0674966557408233,-0.2465998330096152,0.1116065215279685,-0.5334643262344162
534,0,1,0.6356185713393279,0.4957060818429861,True,1,permissive_union,2,0.0736489678442667,-0.13755968677853,0.2848576224670635,0.1354339849207388
535,0,0,0.6385549390569282,0.3491581541021244,True,1,permissive_union,2,0.0027430953434573,-0.2285052798364915,0.233991470523406,0.0370406161049267
538,1,0,0.7165422603028302,0.5565385298635452,True,1,permissive_union,2,-0.0322111677286208,-0.1278092405738583,0.0633869051166166,-0.0621285127855897
539,0,1,0.3919352408994978,0.3980788389051554,True,1,permissive_union,2,-0.0693837604617498,-0.2047748505649314,0.0660073296414316,-0.1112600630826312
546,0,0,0.3024691154894626,0.1674140399970113,True,1,permissive_union,2,-0.0840325710667732,-0.292168512817526,0.1241033706839794,-0.0662060867935373
549,1,0,0.737809295603759,0.4018100071172399,True,1,permissive_union,2,-0.0665070513928396,-0.2005585831123099,0.0675444803266305,-0.2260567918036844
550,0,0,0.2296862036406513,0.125078688297396,True,1,permissive_union,2,-0.096933204689846,-0.1889849488438628,-0.0048814605358292,-0.0838160275346101
552,1,0,0.5131292585651384,0.1904453106666334,True,1,permissive_union,2,-0.0400692170703962,-0.1660937502885198,0.0859553161477273,0.08753892270289
559,1,0,0.6085123450001269,0.405681505096466,True,1,permissive_union,2,-0.0769827116504555,-0.1841035404074311,0.0301381171065199,-0.3657608504843099
560,1,1,0.8655555287273489,0.6294406160354643,True,1,permissive_union,2,-0.0205506532274037,-0.1627028334411065,0.1216015269862989,-0.0646999077179867
561,1,0,0.6004522932294956,0.2519387481121832,True,1,permissive_union,2,-0.0555057960437094,-0.2188867098237811,0.1078751177363622,-0.1484763527289404
563,0,0,0.3497769690033058,0.3001244011940171,True,1,permissive_union,2,-0.0504641400125563,-0.2425485905109529,0.1416203104858402,0.0872341997213746
568,1,1,0.8420165704415828,0.7241993149028411,True,1,permissive_union,2,-0.100297896481722,-0.2135771601448751,0.012981367181431,-0.1100676864813856
569,0,1,0.6204165780663479,0.649966418468412,True,1,permissive_union,2,-0.0827055349538722,-0.2637796970552308,0.0983686271474863,-0.0350647288328105
578,0,0,0.528449166106585,0.541129455632692,True,1,permissive_union,2,-0.0515799939239428,-0.1821358402818498,0.0789758524339641,-0.1661069213092291
584,1,0,0.4835230499831929,0.6086690571475216,True,1,permissive_union,2,0.0135177374945848,-0.1404051655193874,0.1674406405085569,-0.1862053968139435
588,1,1,0.6950874683394853,0.6067692377764136,True,1,permissive_union,2,0.0210559509065924,-0.1438865240261473,0.1859984258393322,0.0515171259474075
594,0,1,0.3845124638174599,0.202048263708186,True,1,permissive_union,2,-0.0534590812684038,-0.1369569173921553,0.0300387548553476,-0.1845762402931477
599,0,1,0.5139276407168637,0.3069862927665871,True,1,permissive_union,2,-0.0180634333902139,-0.1420365337420017,0.1059096669615739,-0.0170208056131654
603,1,1,0.8760250372770755,0.7245136388321798,True,1,permissive_union,2,-0.0703975098746149,-0.1759605410358637,0.0351655212866338,-0.4064471216929251
606,0,1,0.2192294077600339,0.3608687382193187,True,1,permissive_union,2,-0.0300999381323678,-0.2508897498392278,0.190689873574492,-0.0810499975355446
607,0,0,0.2306889141131686,0.4134998057835559,True,1,permissive_union,2,0.0054602483169651,-0.1455308940634488,0.156451390697379,-0.2026216599600059
609,0,1,0.2303519206028594,0.1661800464978828,True,1,permissive_union,2,0.008961772430399,-0.1441569923011939,0.1620805371619919,-0.1781520259679382
614,1,1,0.6467946600933504,0.454149402724382,True,1,permissive_union,2,-0.065942888796335,-0.1756904595997219,0.0438046820070517,0.1380098948543894
617,1,0,0.6802572666640975,0.691208308706228,True,1,permissive_union,2,-0.0595731478596807,-0.1519382292517873,0.0327919335324256,-0.3297796341794859
621,1,1,0.627291255719527,0.643934722388693,True,1,permissive_union,2,-0.0520616363345257,-0.2485088251763649,0.1443855525073134,-0.103005344759102
626,1,0,0.474501537217078,0.164374600614252,True,1,permissive_union,2,-0.0251093563340086,-0.1281925866565683,0.0779738739885509,-0.1473410584362936
638,1,0,0.2748012559824055,0.1239220657092472,True,1,permissive_union,2,-0.0476079363915144,-0.1789829449178543,0.0837670721348254,-0.0289677790752043
648,1,1,0.5446984576494674,0.4969151883647077,True,1,permissive_union,2,-0.0243611899865003,-0.156877572608959,0.1081551926359583,0.2265779739142019
651,1,0,0.7414638822974168,0.2073560428214372,True,1,permissive_union,2,-0.0485444463405795,-0.1347574969838065,0.0376686043026474,0.1428509167227937
656,0,0,0.2820466246045192,0.4366149382471533,True,1,permissive_union,2,-0.0413632236967347,-0.1580045522771125,0.0752781048836429,0.0080717971819229
662,0,0,0.6929571721037661,0.5688028871898342,True,1,permissive_union,2,0.01069035815611,-0.0759767541582026,0.0973574704704228,0.1209044238137532
663,1,1,0.6304851473044282,0.5835748670106308,True,1,permissive_union,2,-0.0256507746376842,-0.1652968172392465,0.113995267963878,-0.0006267839972746
676,1,0,0.4599439184764482,0.2987878211415748,True,1,permissive_union,2,-0.0749267291857391,-0.2257671154920741,0.0759136571205959,0.288078314021742
680,1,0,0.6829703748258147,0.1138559463673801,True,1,permissive_union,2,-0.006036479687657,-0.0949857279339206,0.0829127685586064,-0.2167613270433704
684,0,0,0.5697406984360188,0.1998318507039766,True,1,permissive_union,2,-0.0271323713448055,-0.1417603873431115,0.0874956446535004,-0.0936522813101408
689,1,1,0.8868225930045658,0.8706173422583725,True,1,permissive_union,2,-0.0400530752369906,-0.1726371151520176,0.0925309646780363,0.0284377361233592
707,1,0,0.3095601577041158,0.1657451748796045,True,1,permissive_union,2,-0.063853723535989,-0.1563169596599478,0.0286095125879697,-0.1826127486382754
708,0,0,0.3894418068151838,0.3110983385469534,True,1,permissive_union,2,-0.0845571805312214,-0.2777156713037844,0.1086013102413415,-0.3033594815556778
712,0,0,0.2267174372063047,0.3991605009537028,True,1,permissive_union,2,-0.0027317164813901,-0.15611794394216,0.1506545109793796,0.2026218293203847
713,0,1,0.4479973834356069,0.7899673126686212,True,1,permissive_union,2,-0.0370912615274627,-0.139691579377881,0.0655090563229555,0.1835114986066507
723,1,1,0.8791019779208326,0.6312407840166131,True,1,permissive_union,2,0.0622238152391022,-0.0707021078297051,0.1951497383079095,-0.0139812788191581
735,1,1,0.7869431386479372,0.5368141960979033,True,1,permissive_union,2,0.0357866616185202,-0.0499366337424865,0.1215099569795269,0.2892291597635016
739,0,1,0.1656792513126042,0.3625667250095327,True,1,permissive_union,2,-0.0186831944865293,-0.1159361488308357,0.0785697598577769,0.0465358406512868
743,1,0,0.6338297786120288,0.6070901283292623,True,1,permissive_union,2,-0.0463220623732656,-0.1775784429901657,0.0849343182436344,-0.3588049137290085
744,0,0,0.2696157041235064,0.1526445884995828,True,1,permissive_union,2,-0.0242375692967069,-0.1591955270245866,0.1107203884311727,0.000438274286518
752,1,0,0.6647472925894883,0.7208329462562315,True,1,permissive_union,2,-0.0006806098355981,-0.125917677659771,0.1245564579885748,-0.0486240298536814
760,1,1,0.7134555858731084,0.792566241366111,True,1,permissive_union,2,-0.1063021615318134,-0.2211371200392674,0.0085327969756404,-0.1049719012824385
773,1,1,0.8386940353384825,0.852870223315683,True,1,permissive_union,2,0.043014474439682,-0.1049309815840978,0.1909599304634619,-0.0507876198371495
776,0,0,0.3345234242308092,0.2053377316606053,True,1,permissive_union,2,-0.0304707625590913,-0.146593339953083,0.0856518148349001,0.1121593665543734
779,0,0,0.3257453007133764,0.2275431343606286,True,1,permissive_union,2,-0.0139456451396602,-0.1035611455315035,0.0756698552521829,0.2102850669914252
781,1,1,0.6832939038423603,0.63754694937672,True,1,permissive_union,2,-0.0182559779380084,-0.1476216379993286,0.1111096821233117,0.03127374458673
782,1,0,0.7648701537663227,0.4641424883295498,True,1,permissive_union,2,-0.0154182978974962,-0.2099039369234893,0.1790673411284967,-0.2788197122576257
783,0,0,0.1217298937920421,0.3168675055683017,True,1,permissive_union,2,0.019708618974124,-0.1838285717061278,0.2232458096543759,0.1176809396097496
798,1,1,0.5742961575804171,0.7338549270059888,True,1,permissive_union,2,-0.0238269266712756,-0.1167791466562008,0.0691252933136494,-0.0128295956561388
822,0,0,0.7417980053932205,0.6367950734915155,True,1,permissive_union,2,0.1000195083379134,-0.018663967320773,0.2187029839966,0.1568786712897365
827,0,1,0.264977865904604,0.5063020143310597,True,1,permissive_union,2,-0.1091945477512809,-0.232872228592227,0.0144831330896651,-0.4717084066230759
839,0,0,0.4808888128545494,0.1562570180525887,True,1,permissive_union,2,-0.0535270494711788,-0.2442929981856379,0.1372388992432802,-0.082870305049013
845,1,1,0.7067711150558171,0.505484558588421,True,1,permissive_union,2,0.0180703254145516,-0.0986121273493816,0.1347527781784848,-0.0549671221434375
848,0,0,0.1666158023279128,0.2015602546752192,True,1,permissive_union,2,-0.0249574528778369,-0.1508192625234487,0.1009043567677748,0.0857810802170664
859,1,1,0.6849906428774399,0.6769103292049636,True,1,permissive_union,2,-0.0169901938938783,-0.10232208517882,0.0683416973910634,0.1009164325149726
868,1,0,0.3082583807209731,0.1535068027524439,True,1,permissive_union,2,-0.0806797914724464,-0.2206533164518649,0.0592937335069719,-0.0376875833533315
875,1,1,0.2533396338739371,0.2070879630898262,True,1,permissive_union,2,0.0783834339042907,-0.0774279183820393,0.2341947861906208,0.2750351541256375
892,0,0,0.6313698695873204,0.2338246306856515,True,1,permissive_union,2,-0.0267227998214531,-0.168473135371695,0.1150275357287887,-0.4218944972490402
893,0,1,0.4558925787626889,0.39302832109664,True,1,permissive_union,2,-0.0659194484945825,-0.1899775952128254,0.0581386982236602,-0.1389911912905728
898,1,1,0.49462645872228,0.3547315126470555,True,1,permissive_union,2,-0.0175093133727767,-0.1375943033576173,0.1025756766120637,0.1148901973385334
908,1,1,0.59795154629418,0.5465323047791424,True,1,permissive_union,2,-0.0571545428042623,-0.1755554028666023,0.0612463172580776,0.2700079153490359
913,0,0,0.4590740424682504,0.153035619975251,True,1,permissive_union,2,0.017606293573518,-0.196405939865366,0.2316185270124021,0.5763362625455206
915,1,1,0.8444617337210738,0.7902472579186703,True,1,permissive_union,2,0.0092997514146121,-0.125017296531762,0.1436167993609863,-0.1046070455361218
924,0,1,0.1106480738360361,0.3587549645748137,True,1,permissive_union,2,-0.0402877022574275,-0.1821691238670359,0.1015937193521808,-0.0351858055805025
929,1,0,0.6634216252210545,0.5571596280328351,True,1,permissive_union,2,-0.0151334595631565,-0.1008651404290296,0.0705982213027164,-0.2246108655442407
934,0,0,0.1758882099010204,0.1479102128392838,True,1,permissive_union,2,-0.0556409974533262,-0.2402509571249117,0.1289689622182592,-0.1792356210016621
955,1,1,0.7279935351733413,0.7193079523925068,True,1,permissive_union,2,-0.0596449922011717,-0.2344856014775775,0.1151956170752339,-0.4074361291328243
960,1,1,0.516353381546526,0.4874489700889952,True,1,permissive_union,2,0.0291542340294351,-0.1245280765397743,0.1828365445986446,0.3030242858082472
961,0,1,0.5952214322323915,0.2839526673389449,True,1,permissive_union,2,-0.0222274181332257,-0.1183483900243014,0.07389355375785,-0.1738611085467418
967,0,0,0.7111062328377343,0.6026371727046967,True,1,permissive_union,2,-0.0451708470049005,-0.1672509939772758,0.0769092999674748,0.1131542413041228
976,0,0,0.2229658090752913,0.085181008745948,True,1,permissive_union,2,-0.0596325877539697,-0.1480865640172439,0.0288213885093044,-0.1043543822418454
977,1,0,0.8795089744048036,0.5493546289655924,True,1,permissive_union,2,-0.0151122971882603,-0.1058229631390083,0.0755983687624875,0.2172265382051104
980,1,1,0.7845093011134376,0.5285083827381312,True,1,permissive_union,2,-0.0629704424500804,-0.174947571489627,0.0490066865894662,-0.1328309937568829
986,1,0,0.6842931095653495,0.4407593834478375,True,1,permissive_union,2,-0.013238192282037,-0.1533239512608365,0.1268475666967624,-0.219306647304542
987,0,0,0.4937146818591577,0.4101161855589622,True,1,permissive_union,2,-0.0299977145399319,-0.1803102334003923,0.1203148043205284,0.1653784649940301
989,0,0,0.502114524477848,0.4557268144672463,True,1,permissive_union,2,-0.0665859603893001,-0.1764641828618645,0.0432922620832641,-0.225530915704844
